{"type":"FeatureCollection","features":[{"id":"0","type":"Feature","properties":{"Name":"AP R1MS Km 1,086","descriptio":"Attributes\n ETIQ AP R1MS Km 1,086 \n NOM_ACCES PTLO-L01-053 \n AXE MS1 \n PK 0.685 \n LONGITUDE 0°38'47.7863E \n LATITUDE 47°14'58.161N \n LOT 01 \n SEI 51 \n LIBELLE APP MS1 0006-1 \n LONG_DD 0.646607 \n LAT_DD 47.249489","timestamp":null,"begin":null,"end":null,"altitudeMo":null,"tessellate":"-1","extrude":"0","visibility":"-1","drawOrder":null,"icon":null,"ETIQ":"AP R1MS Km 1,086","NOM_ACCES":"PTLO-L01-053","AXE":"MS1","PK":"0.685","LONGITUDE":"0°38'47.7863E","LATITUDE":"47°14'58.161N","LOT":"01","SEI":"51","LIBELLE":"APP MS1 0006-1","LONG_DD":"0.646607","LAT_DD":"47.249489","gx_media_l":null,"_sp_url":null},"geometry":{"type":"Point","coordinates":[0.6466070000000006,47.249489000000004,0.0]}},{"id":"1","type":"Feature","properties":{"Name":"AP R1MS Km 1,401","descriptio":"Attributes\n  ETIQ  AP R1MS Km 1,401 \n  NOM_ACCES  PTLO-L01-055 \n  AXE  MS1 \n  PK  1 \n  LONGITUDE  0°38'45.3759E \n  LATITUDE  47°14'47.6863N \n  LOT  01 \n  SEI  51 \n  LIBELLE  APP MS1 0010-1 \n  LONG_DD  0.645938 \n  LAT_DD  47.24658","timestamp":null,"begin":null,"end":null,"altitudeMo":null,"tessellate":"-1","extrude":"0","visibility":"-1","drawOrder":null,"icon":null,"ETIQ":"AP R1MS Km 1,401","NOM_ACCES":"PTLO-L01-055","AXE":"MS1","PK":"1","LONGITUDE":"0°38'45.3759E","LATITUDE":"47°14'47.6863N","LOT":"01","SEI":"51","LIBELLE":"APP MS1 0010-1","LONG_DD":"0.645938","LAT_DD":"47.24658","gx_media_l":null,"_sp_url":null},"geometry":{"type":"Point","coordinates":[0.6459380000000003,47.24658,0.0]}},{"id":"2","type":"Feature","properties":{"Name":"AP R1MS Km 2,281","descriptio":"Attributes\n  ETIQ  AP R1MS Km 2,281 \n  NOM_ACCES  PTLO-L01-029 \n  AXE  MS1 \n  PK  1.88 \n  LONGITUDE  0°38'51.2205E \n  LATITUDE  47°14'20.1214N \n  LOT  01 \n  SEI  51 \n  LIBELLE  APP MS1 0018-1 \n  LONG_DD  0.647561 \n  LAT_DD  47.238923","timestamp":null,"begin":null,"end":null,"altitudeMo":null,"tessellate":"-1","extrude":"0","visibility":"-1","drawOrder":null,"icon":null,"ETIQ":"AP R1MS Km 2,281","NOM_ACCES":"PTLO-L01-029","AXE":"MS1","PK":"1.88","LONGITUDE":"0°38'51.2205E","LATITUDE":"47°14'20.1214N","LOT":"01","SEI":"51","LIBELLE":"APP MS1 0018-1","LONG_DD":"0.647561","LAT_DD":"47.238923","gx_media_l":null,"_sp_url":null},"geometry":{"type":"Point","coordinates":[0.6475610000000005,47.238923,0.0]}},{"id":"3","type":"Feature","properties":{"Name":"AP R1MS Km 2,791","descriptio":"Attributes\n  ETIQ  AP R1MS Km 2,791 \n  NOM_ACCES  PTLO-L01-057 \n  AXE  MS1 \n  PK  2.39 \n  LONGITUDE  0°39'2.6447E \n  LATITUDE  47°14'6.4816N \n  LOT  01 \n  SEI  51 \n  LIBELLE  APP MS1 0023-1 \n  LONG_DD  0.650735 \n  LAT_DD  47.235134","timestamp":null,"begin":null,"end":null,"altitudeMo":null,"tessellate":"-1","extrude":"0","visibility":"-1","drawOrder":null,"icon":null,"ETIQ":"AP R1MS Km 2,791","NOM_ACCES":"PTLO-L01-057","AXE":"MS1","PK":"2.39","LONGITUDE":"0°39'2.6447E","LATITUDE":"47°14'6.4816N","LOT":"01","SEI":"51","LIBELLE":"APP MS1 0023-1","LONG_DD":"0.650735","LAT_DD":"47.235134","gx_media_l":null,"_sp_url":null},"geometry":{"type":"Point","coordinates":[0.6507350000000001,47.23513400000001,0.0]}},{"id":"4","type":"Feature","properties":{"Name":"AR R1MS Km 3,461","descriptio":"Attributes\n  ETIQ  AR R1MS Km 3,461 \n  NOM_ACCES  PTLA-L01-069 \n  AXE  MS1 \n  PK  3.06 \n  LONGITUDE  0°39'18.9252E \n  LATITUDE  47°13'48.6541N \n  LOT  01 \n  SEI  51 \n  LIBELLE  ARP MS1 0030-1 \n  LONG_DD  0.655257 \n  LAT_DD  47.230182","timestamp":null,"begin":null,"end":null,"altitudeMo":null,"tessellate":"-1","extrude":"0","visibility":"-1","drawOrder":null,"icon":null,"ETIQ":"AR R1MS Km 3,461","NOM_ACCES":"PTLA-L01-069","AXE":"MS1","PK":"3.06","LONGITUDE":"0°39'18.9252E","LATITUDE":"47°13'48.6541N","LOT":"01","SEI":"51","LIBELLE":"ARP MS1 0030-1","LONG_DD":"0.655257","LAT_DD":"47.230182","gx_media_l":null,"_sp_url":null},"geometry":{"type":"Point","coordinates":[0.6552570000000002,47.230182000000006,0.0]}},{"id":"5","type":"Feature","properties":{"Name":"AP R1MS Km 4,161","descriptio":"Attributes\n  ETIQ  AP R1MS Km 4,161 \n  NOM_ACCES  PTLA-L01-017 \n  AXE  MS1 \n  PK  3.76 \n  LONGITUDE  0°43'18.4898E \n  LATITUDE  47°18'36.856N \n  LOT  01 \n  SEI  51 \n  LIBELLE  APP MS1 0037-1 \n  LONG_DD  0.721803 \n  LAT_DD  47.310238","timestamp":null,"begin":null,"end":null,"altitudeMo":null,"tessellate":"-1","extrude":"0","visibility":"-1","drawOrder":null,"icon":null,"ETIQ":"AP R1MS Km 4,161","NOM_ACCES":"PTLA-L01-017","AXE":"MS1","PK":"3.76","LONGITUDE":"0°43'18.4898E","LATITUDE":"47°18'36.856N","LOT":"01","SEI":"51","LIBELLE":"APP MS1 0037-1","LONG_DD":"0.721803","LAT_DD":"47.310238","gx_media_l":null,"_sp_url":null},"geometry":{"type":"Point","coordinates":[0.658922000000001,47.225663,0.0]}},{"id":"6","type":"Feature","properties":{"Name":"AP R1MS Km 5,725","descriptio":"Attributes\n  ETIQ  AP R1MS Km 5,725 \n  NOM_ACCES  PTLA-L01-043 \n  AXE  MS1 \n  PK  5.324 \n  LONGITUDE  0°39'28.1273E \n  LATITUDE  47°12'25.3991N \n  LOT  01 \n  SEI  51 \n  LIBELLE  APP MS1 0053-1 \n  LONG_DD  0.657813 \n  LAT_DD  47.207055","timestamp":null,"begin":null,"end":null,"altitudeMo":null,"tessellate":"-1","extrude":"0","visibility":"-1","drawOrder":null,"icon":null,"ETIQ":"AP R1MS Km 5,725","NOM_ACCES":"PTLA-L01-043","AXE":"MS1","PK":"5.324","LONGITUDE":"0°39'28.1273E","LATITUDE":"47°12'25.3991N","LOT":"01","SEI":"51","LIBELLE":"APP MS1 0053-1","LONG_DD":"0.657813","LAT_DD":"47.207055","gx_media_l":null,"_sp_url":null},"geometry":{"type":"Point","coordinates":[0.6600610000000006,47.21736000000001,0.0]}},{"id":"7","type":"Feature","properties":{"Name":"AR R2MS Km 0,832","descriptio":"Attributes\n  ETIQ  AR R2MS Km 0,832 \n  NOM_ACCES  PTLA-L01-063b \n  AXE  MS2 \n  PK  0.832 \n  LONGITUDE  0°38'44.4678E \n  LATITUDE  47°15'3.1022N \n  LOT  01 \n  SEI  51 \n  LIBELLE  RRL MS2 0008-2 \n  LONG_DD  0.645686 \n  LAT_DD  47.250862","timestamp":null,"begin":null,"end":null,"altitudeMo":null,"tessellate":"-1","extrude":"0","visibility":"-1","drawOrder":null,"icon":null,"ETIQ":"AR R2MS Km 0,832","NOM_ACCES":"PTLA-L01-063b","AXE":"MS2","PK":"0.832","LONGITUDE":"0°38'44.4678E","LATITUDE":"47°15'3.1022N","LOT":"01","SEI":"51","LIBELLE":"RRL MS2 0008-2","LONG_DD":"0.645686","LAT_DD":"47.250862","gx_media_l":null,"_sp_url":null},"geometry":{"type":"Point","coordinates":[0.6456860000000006,47.250862,0.0]}},{"id":"8","type":"Feature","properties":{"Name":"AP R2MS Km 1,750","descriptio":"Attributes\n  ETIQ  AP R2MS Km 1,750 \n  NOM_ACCES  PTLO-L01-042 \n  AXE  MS2 \n  PK  1.75 \n  LONGITUDE  0°38'41.6706E \n  LATITUDE  47°14'33.9667N \n  LOT  01 \n  SEI  51 \n  LIBELLE  APP MS2 0017-2 \n  LONG_DD  0.644909 \n  LAT_DD  47.242769","timestamp":null,"begin":null,"end":null,"altitudeMo":null,"tessellate":"-1","extrude":"0","visibility":"-1","drawOrder":null,"icon":null,"ETIQ":"AP R2MS Km 1,750","NOM_ACCES":"PTLO-L01-042","AXE":"MS2","PK":"1.75","LONGITUDE":"0°38'41.6706E","LATITUDE":"47°14'33.9667N","LOT":"01","SEI":"51","LIBELLE":"APP MS2 0017-2","LONG_DD":"0.644909","LAT_DD":"47.242769","gx_media_l":null,"_sp_url":null},"geometry":{"type":"Point","coordinates":[0.6449090000000008,47.242768999999996,0.0]}},{"id":"9","type":"Feature","properties":{"Name":"AP R2MS Km 1,820","descriptio":"Attributes\n  ETIQ  AP R2MS Km 1,820 \n  NOM_ACCES  PTLO-L01-042 \n  AXE  MS2 \n  PK  1.82 \n  LONGITUDE  0°38'41.6706E \n  LATITUDE  47°14'33.9667N \n  LOT  01 \n  SEI  51 \n  LIBELLE  APP MS2 0018-2 \n  LONG_DD  0.644909 \n  LAT_DD  47.242769","timestamp":null,"begin":null,"end":null,"altitudeMo":null,"tessellate":"-1","extrude":"0","visibility":"-1","drawOrder":null,"icon":null,"ETIQ":"AP R2MS Km 1,820","NOM_ACCES":"PTLO-L01-042","AXE":"MS2","PK":"1.82","LONGITUDE":"0°38'41.6706E","LATITUDE":"47°14'33.9667N","LOT":"01","SEI":"51","LIBELLE":"APP MS2 0018-2","LONG_DD":"0.644909","LAT_DD":"47.242769","gx_media_l":null,"_sp_url":null},"geometry":{"type":"Point","coordinates":[0.6449090000000008,47.242768999999996,0.0]}},{"id":"10","type":"Feature","properties":{"Name":"AP R2MS Km 2,805","descriptio":"Attributes\n  ETIQ  AP R2MS Km 2,805 \n  NOM_ACCES  PTLO-L01-044 \n  AXE  MS2 \n  PK  2.805 \n  LONGITUDE  0°39'0.9808E \n  LATITUDE  47°14'3.4505N \n  LOT  01 \n  SEI  51 \n  LIBELLE  APP MS2 0028-2 \n  LONG_DD  0.650272 \n  LAT_DD  47.234292","timestamp":null,"begin":null,"end":null,"altitudeMo":null,"tessellate":"-1","extrude":"0","visibility":"-1","drawOrder":null,"icon":null,"ETIQ":"AP R2MS Km 2,805","NOM_ACCES":"PTLO-L01-044","AXE":"MS2","PK":"2.805","LONGITUDE":"0°39'0.9808E","LATITUDE":"47°14'3.4505N","LOT":"01","SEI":"51","LIBELLE":"APP MS2 0028-2","LONG_DD":"0.650272","LAT_DD":"47.234292","gx_media_l":null,"_sp_url":null},"geometry":{"type":"Point","coordinates":[0.6502719999999997,47.234292,0.0]}},{"id":"11","type":"Feature","properties":{"Name":"AR R2MS Km 3,460","descriptio":"Attributes\n  ETIQ  AR R2MS Km 3,460 \n  NOM_ACCES  PTLA-L01-050 \n  AXE  MS2 \n  PK  3.46 \n  LONGITUDE  0°39'15.1293E \n  LATITUDE  47°13'49.0869N \n  LOT  01 \n  SEI  51 \n  LIBELLE  ARP MS2 0034-2 \n  LONG_DD  0.654203 \n  LAT_DD  47.230302","timestamp":null,"begin":null,"end":null,"altitudeMo":null,"tessellate":"-1","extrude":"0","visibility":"-1","drawOrder":null,"icon":null,"ETIQ":"AR R2MS Km 3,460","NOM_ACCES":"PTLA-L01-050","AXE":"MS2","PK":"3.46","LONGITUDE":"0°39'15.1293E","LATITUDE":"47°13'49.0869N","LOT":"01","SEI":"51","LIBELLE":"ARP MS2 0034-2","LONG_DD":"0.654203","LAT_DD":"47.230302","gx_media_l":null,"_sp_url":null},"geometry":{"type":"Point","coordinates":[0.654203,47.230302,0.0]}},{"id":"12","type":"Feature","properties":{"Name":"AP R2MS Km 3,950","descriptio":"Attributes\n  ETIQ  AP R2MS Km 3,950 \n  NOM_ACCES  PTLA-L01-050 \n  AXE  MS2 \n  PK  3.95 \n  LONGITUDE  0°39'15.1293E \n  LATITUDE  47°13'49.0869N \n  LOT  01 \n  SEI  51 \n  LIBELLE  APP MS2 0039-2 \n  LONG_DD  0.654203 \n  LAT_DD  47.230302","timestamp":null,"begin":null,"end":null,"altitudeMo":null,"tessellate":"-1","extrude":"0","visibility":"-1","drawOrder":null,"icon":null,"ETIQ":"AP R2MS Km 3,950","NOM_ACCES":"PTLA-L01-050","AXE":"MS2","PK":"3.95","LONGITUDE":"0°39'15.1293E","LATITUDE":"47°13'49.0869N","LOT":"01","SEI":"51","LIBELLE":"APP MS2 0039-2","LONG_DD":"0.654203","LAT_DD":"47.230302","gx_media_l":null,"_sp_url":null},"geometry":{"type":"Point","coordinates":[0.654203,47.230302,0.0]}},{"id":"13","type":"Feature","properties":{"Name":"AP R2MS Km 4,820","descriptio":"Attributes\n  ETIQ  AP R2MS Km 4,820 \n  NOM_ACCES  PTLA-L01-026 \n  AXE  MS2 \n  PK  4.82 \n  LONGITUDE  0°39'30.7513E \n  LATITUDE  47°13'1.2543N \n  LOT  01 \n  SEI  51 \n  LIBELLE  APP MS2 0048-2 \n  LONG_DD  0.658542 \n  LAT_DD  47.217015","timestamp":null,"begin":null,"end":null,"altitudeMo":null,"tessellate":"-1","extrude":"0","visibility":"-1","drawOrder":null,"icon":null,"ETIQ":"AP R2MS Km 4,820","NOM_ACCES":"PTLA-L01-026","AXE":"MS2","PK":"4.82","LONGITUDE":"0°39'30.7513E","LATITUDE":"47°13'1.2543N","LOT":"01","SEI":"51","LIBELLE":"APP MS2 0048-2","LONG_DD":"0.658542","LAT_DD":"47.217015","gx_media_l":null,"_sp_url":null},"geometry":{"type":"Point","coordinates":[0.658542000000001,47.21701499999999,0.0]}},{"id":"14","type":"Feature","properties":{"Name":"AP R1CA Km 0,-65","descriptio":"Attributes\n ETIQ AP R1CA Km 0,-65 \n NOM_ACCES PTLA-L02-039 \n AXE CA1 \n PK -0.065 \n LONGITUDE 0°35'35.0514E \n LATITUDE 47°1'28.5866N \n LOT 02 \n SEI 53 \n LIBELLE APP CA0 0000-1 \n LONG_DD 0.59307 \n LAT_DD 47.024607","timestamp":null,"begin":null,"end":null,"altitudeMo":null,"tessellate":"-1","extrude":"0","visibility":"-1","drawOrder":null,"icon":null,"ETIQ":"AP R1CA Km 0,-65","NOM_ACCES":"PTLA-L02-039","AXE":"CA1","PK":"-0.065","LONGITUDE":"0°35'35.0514E","LATITUDE":"47°1'28.5866N","LOT":"02","SEI":"53","LIBELLE":"APP CA0 0000-1","LONG_DD":"0.59307","LAT_DD":"47.024607","gx_media_l":null,"_sp_url":null},"geometry":{"type":"Point","coordinates":[0.5930700000000004,47.024606999999996,0.0]}},{"id":"15","type":"Feature","properties":{"Name":"AR R1CA Km 0,363","descriptio":"Attributes\n  ETIQ  AR R1CA Km 0,363 \n  NOM_ACCES  PTLA-L02-035 \n  AXE  CA1 \n  PK  0.363 \n  LONGITUDE  0°35'24.5761E \n  LATITUDE  47°1'43.6114N \n  LOT  02 \n  SEI  53 \n  LIBELLE  ARP 0003-1 \n  LONG_DD  0.59016 \n  LAT_DD  47.028781","timestamp":null,"begin":null,"end":null,"altitudeMo":null,"tessellate":"-1","extrude":"0","visibility":"-1","drawOrder":null,"icon":null,"ETIQ":"AR R1CA Km 0,363","NOM_ACCES":"PTLA-L02-035","AXE":"CA1","PK":"0.363","LONGITUDE":"0°35'24.5761E","LATITUDE":"47°1'43.6114N","LOT":"02","SEI":"53","LIBELLE":"ARP 0003-1","LONG_DD":"0.59016","LAT_DD":"47.028781","gx_media_l":null,"_sp_url":null},"geometry":{"type":"Point","coordinates":[0.59016,47.028781,0.0]}},{"id":"16","type":"Feature","properties":{"Name":"AR R1CA Km 0,660","descriptio":"Attributes\n  ETIQ  AR R1CA Km 0,660 \n  NOM_ACCES  PTLA-L02-035 \n  AXE  CA1 \n  PK  0.66 \n  LONGITUDE  0°35'24.5761E \n  LATITUDE  47°1'43.6114N \n  LOT  02 \n  SEI  53 \n  LIBELLE  RRL CA 0006-1 \n  LONG_DD  0.59016 \n  LAT_DD  47.028781","timestamp":null,"begin":null,"end":null,"altitudeMo":null,"tessellate":"-1","extrude":"0","visibility":"-1","drawOrder":null,"icon":null,"ETIQ":"AR R1CA Km 0,660","NOM_ACCES":"PTLA-L02-035","AXE":"CA1","PK":"0.66","LONGITUDE":"0°35'24.5761E","LATITUDE":"47°1'43.6114N","LOT":"02","SEI":"53","LIBELLE":"RRL CA 0006-1","LONG_DD":"0.59016","LAT_DD":"47.028781","gx_media_l":null,"_sp_url":null},"geometry":{"type":"Point","coordinates":[0.59016,47.028781,0.0]}},{"id":"17","type":"Feature","properties":{"Name":"AP R1CA Km 0,752","descriptio":"Attributes\n  ETIQ  AP R1CA Km 0,752 \n  NOM_ACCES  PTLA-L02-035 \n  AXE  CA1 \n  PK  0.752 \n  LONGITUDE  0°35'24.5761E \n  LATITUDE  47°1'43.6114N \n  LOT  02 \n  SEI  53 \n  LIBELLE  APP CA1 0007-1 \n  LONG_DD  0.59016 \n  LAT_DD  47.028781","timestamp":null,"begin":null,"end":null,"altitudeMo":null,"tessellate":"-1","extrude":"0","visibility":"-1","drawOrder":null,"icon":null,"ETIQ":"AP R1CA Km 0,752","NOM_ACCES":"PTLA-L02-035","AXE":"CA1","PK":"0.752","LONGITUDE":"0°35'24.5761E","LATITUDE":"47°1'43.6114N","LOT":"02","SEI":"53","LIBELLE":"APP CA1 0007-1","LONG_DD":"0.59016","LAT_DD":"47.028781","gx_media_l":null,"_sp_url":null},"geometry":{"type":"Point","coordinates":[0.59016,47.028781,0.0]}},{"id":"18","type":"Feature","properties":{"Name":"AR R1CA Km 1,100","descriptio":"Attributes\n  ETIQ  AR R1CA Km 1,100 \n  NOM_ACCES  PTLA-L02-033 \n  AXE  CA1 \n  PK  1.1 \n  LONGITUDE  0°35'13.2612E \n  LATITUDE  47°2'3.2629N \n  LOT  02 \n  SEI  53 \n  LIBELLE  ARP CA1 0011-1 \n  LONG_DD  0.587017 \n  LAT_DD  47.03424","timestamp":null,"begin":null,"end":null,"altitudeMo":null,"tessellate":"-1","extrude":"0","visibility":"-1","drawOrder":null,"icon":null,"ETIQ":"AR R1CA Km 1,100","NOM_ACCES":"PTLA-L02-033","AXE":"CA1","PK":"1.1","LONGITUDE":"0°35'13.2612E","LATITUDE":"47°2'3.2629N","LOT":"02","SEI":"53","LIBELLE":"ARP CA1 0011-1","LONG_DD":"0.587017","LAT_DD":"47.03424","gx_media_l":null,"_sp_url":null},"geometry":{"type":"Point","coordinates":[0.5870170000000001,47.034240000000004,0.0]}},{"id":"19","type":"Feature","properties":{"Name":"AP R1CA Km 1,170","descriptio":"Attributes\n  ETIQ  AP R1CA Km 1,170 \n  NOM_ACCES  PTLA-L02-033 \n  AXE  CA1 \n  PK  1.17 \n  LONGITUDE  0°35'13.2612E \n  LATITUDE  47°2'3.2629N \n  LOT  02 \n  SEI  53 \n  LIBELLE  APP CA1 0011-1 \n  LONG_DD  0.587017 \n  LAT_DD  47.03424","timestamp":null,"begin":null,"end":null,"altitudeMo":null,"tessellate":"-1","extrude":"0","visibility":"-1","drawOrder":null,"icon":null,"ETIQ":"AP R1CA Km 1,170","NOM_ACCES":"PTLA-L02-033","AXE":"CA1","PK":"1.17","LONGITUDE":"0°35'13.2612E","LATITUDE":"47°2'3.2629N","LOT":"02","SEI":"53","LIBELLE":"APP CA1 0011-1","LONG_DD":"0.587017","LAT_DD":"47.03424","gx_media_l":null,"_sp_url":null},"geometry":{"type":"Point","coordinates":[0.5870170000000001,47.034240000000004,0.0]}},{"id":"20","type":"Feature","properties":{"Name":"AP R1CA Km 1,800","descriptio":"Attributes\n  ETIQ  AP R1CA Km 1,800 \n  NOM_ACCES  PTLA-L02-025 \n  AXE  CA1 \n  PK  1.8 \n  LONGITUDE  0°35'11.0699E \n  LATITUDE  47°2'25.6855N \n  LOT  02 \n  SEI  53 \n  LIBELLE  APP CA1 0018-1 \n  LONG_DD  0.586408 \n  LAT_DD  47.040468","timestamp":null,"begin":null,"end":null,"altitudeMo":null,"tessellate":"-1","extrude":"0","visibility":"-1","drawOrder":null,"icon":null,"ETIQ":"AP R1CA Km 1,800","NOM_ACCES":"PTLA-L02-025","AXE":"CA1","PK":"1.8","LONGITUDE":"0°35'11.0699E","LATITUDE":"47°2'25.6855N","LOT":"02","SEI":"53","LIBELLE":"APP CA1 0018-1","LONG_DD":"0.586408","LAT_DD":"47.040468","gx_media_l":null,"_sp_url":null},"geometry":{"type":"Point","coordinates":[0.5864080000000003,47.04046799999998,0.0]}},{"id":"21","type":"Feature","properties":{"Name":"AP R1CA Km 2,675","descriptio":"Attributes\n  ETIQ  AP R1CA Km 2,675 \n  NOM_ACCES  PTLO-L02-035a \n  AXE  CA1 \n  PK  2.675 \n  LONGITUDE  0°35'23.0277E \n  LATITUDE  47°2'49.3509N \n  LOT  02 \n  SEI  53 \n  LIBELLE  APP CA1 0026-1 \n  LONG_DD  0.58973 \n  LAT_DD  47.047042","timestamp":null,"begin":null,"end":null,"altitudeMo":null,"tessellate":"-1","extrude":"0","visibility":"-1","drawOrder":null,"icon":null,"ETIQ":"AP R1CA Km 2,675","NOM_ACCES":"PTLO-L02-035a","AXE":"CA1","PK":"2.675","LONGITUDE":"0°35'23.0277E","LATITUDE":"47°2'49.3509N","LOT":"02","SEI":"53","LIBELLE":"APP CA1 0026-1","LONG_DD":"0.58973","LAT_DD":"47.047042","gx_media_l":null,"_sp_url":null},"geometry":{"type":"Point","coordinates":[0.5897300000000002,47.047042,0.0]}},{"id":"22","type":"Feature","properties":{"Name":"AP R1CA Km 3,230","descriptio":"Attributes\n  ETIQ  AP R1CA Km 3,230 \n  NOM_ACCES  PTLO-L02-033 \n  AXE  CA1 \n  PK  3.23 \n  LONGITUDE  0°35'39.8387E \n  LATITUDE  47°3'3.3349N \n  LOT  02 \n  SEI  53 \n  LIBELLE  APP CA1 0032-1 \n  LONG_DD  0.5944 \n  LAT_DD  47.050926","timestamp":null,"begin":null,"end":null,"altitudeMo":null,"tessellate":"-1","extrude":"0","visibility":"-1","drawOrder":null,"icon":null,"ETIQ":"AP R1CA Km 3,230","NOM_ACCES":"PTLO-L02-033","AXE":"CA1","PK":"3.23","LONGITUDE":"0°35'39.8387E","LATITUDE":"47°3'3.3349N","LOT":"02","SEI":"53","LIBELLE":"APP CA1 0032-1","LONG_DD":"0.5944","LAT_DD":"47.050926","gx_media_l":null,"_sp_url":null},"geometry":{"type":"Point","coordinates":[0.5943999999999998,47.05092599999999,0.0]}},{"id":"23","type":"Feature","properties":{"Name":"AP R1CA Km 3,479","descriptio":"Attributes\n  ETIQ  AP R1CA Km 3,479 \n  NOM_ACCES  PTLA-L02-021 \n  AXE  CA1 \n  PK  3.479 \n  LONGITUDE  0°35'49.53E \n  LATITUDE  47°3'10.3034N \n  LOT  02 \n  SEI  53 \n  LIBELLE  APP CA1 0034-1 \n  LONG_DD  0.597092 \n  LAT_DD  47.052862","timestamp":null,"begin":null,"end":null,"altitudeMo":null,"tessellate":"-1","extrude":"0","visibility":"-1","drawOrder":null,"icon":null,"ETIQ":"AP R1CA Km 3,479","NOM_ACCES":"PTLA-L02-021","AXE":"CA1","PK":"3.479","LONGITUDE":"0°35'49.53E","LATITUDE":"47°3'10.3034N","LOT":"02","SEI":"53","LIBELLE":"APP CA1 0034-1","LONG_DD":"0.597092","LAT_DD":"47.052862","gx_media_l":null,"_sp_url":null},"geometry":{"type":"Point","coordinates":[0.597092,47.052862,0.0]}},{"id":"24","type":"Feature","properties":{"Name":"AP R1CA Km 3,769","descriptio":"Attributes\n  ETIQ  AP R1CA Km 3,769 \n  NOM_ACCES  PTLO-L02-031 \n  AXE  CA1 \n  PK  3.769 \n  LONGITUDE  0°35'57.3054E \n  LATITUDE  47°3'16.4126N \n  LOT  02 \n  SEI  53 \n  LIBELLE  APP CA1 0037-1 \n  LONG_DD  0.599251 \n  LAT_DD  47.054559","timestamp":null,"begin":null,"end":null,"altitudeMo":null,"tessellate":"-1","extrude":"0","visibility":"-1","drawOrder":null,"icon":null,"ETIQ":"AP R1CA Km 3,769","NOM_ACCES":"PTLO-L02-031","AXE":"CA1","PK":"3.769","LONGITUDE":"0°35'57.3054E","LATITUDE":"47°3'16.4126N","LOT":"02","SEI":"53","LIBELLE":"APP CA1 0037-1","LONG_DD":"0.599251","LAT_DD":"47.054559","gx_media_l":null,"_sp_url":null},"geometry":{"type":"Point","coordinates":[0.5992510000000004,47.054559000000005,0.0]}},{"id":"25","type":"Feature","properties":{"Name":"AP R2CA Km 0,-75","descriptio":"Attributes\n ETIQ AP R2CA Km 0,-75 \n NOM_ACCES PTLO-L02-045b \n AXE CA2 \n PK -0.075 \n LONGITUDE 0°35'33.846E \n LATITUDE 47°1'25.902N \n LOT 02 \n SEI 53 \n LIBELLE APP CA0 0000-2 \n LONG_DD 0.592735 \n LAT_DD 47.023862","timestamp":null,"begin":null,"end":null,"altitudeMo":null,"tessellate":"-1","extrude":"0","visibility":"-1","drawOrder":null,"icon":null,"ETIQ":"AP R2CA Km 0,-75","NOM_ACCES":"PTLO-L02-045b","AXE":"CA2","PK":"-0.075","LONGITUDE":"0°35'33.846E","LATITUDE":"47°1'25.902N","LOT":"02","SEI":"53","LIBELLE":"APP CA0 0000-2","LONG_DD":"0.592735","LAT_DD":"47.023862","gx_media_l":null,"_sp_url":null},"geometry":{"type":"Point","coordinates":[0.5927350000000002,47.02386200000001,0.0]}},{"id":"26","type":"Feature","properties":{"Name":"AP R2CA Km 0,750","descriptio":"Attributes\n  ETIQ  AP R2CA Km 0,750 \n  NOM_ACCES  PTLA-L02-033a \n  AXE  CA2 \n  PK  0.75 \n  LONGITUDE  0°35'17.4884E \n  LATITUDE  47°1'48.7822N \n  LOT  02 \n  SEI  53 \n  LIBELLE  APP CA2 0007-2 \n  LONG_DD  0.588191 \n  LAT_DD  47.030217","timestamp":null,"begin":null,"end":null,"altitudeMo":null,"tessellate":"-1","extrude":"0","visibility":"-1","drawOrder":null,"icon":null,"ETIQ":"AP R2CA Km 0,750","NOM_ACCES":"PTLA-L02-033a","AXE":"CA2","PK":"0.75","LONGITUDE":"0°35'17.4884E","LATITUDE":"47°1'48.7822N","LOT":"02","SEI":"53","LIBELLE":"APP CA2 0007-2","LONG_DD":"0.588191","LAT_DD":"47.030217","gx_media_l":null,"_sp_url":null},"geometry":{"type":"Point","coordinates":[0.5881910000000009,47.030217,0.0]}},{"id":"27","type":"Feature","properties":{"Name":"AP R2CA Km 1,170","descriptio":"Attributes\n  ETIQ  AP R2CA Km 1,170 \n  NOM_ACCES  PTLO-L02-041 \n  AXE  CA2 \n  PK  1.17 \n  LONGITUDE  0°35'8.8629E \n  LATITUDE  47°2'6.7452N \n  LOT  02 \n  SEI  53 \n  LIBELLE  APP CA2 0011-2 \n  LONG_DD  0.585795 \n  LAT_DD  47.035207","timestamp":null,"begin":null,"end":null,"altitudeMo":null,"tessellate":"-1","extrude":"0","visibility":"-1","drawOrder":null,"icon":null,"ETIQ":"AP R2CA Km 1,170","NOM_ACCES":"PTLO-L02-041","AXE":"CA2","PK":"1.17","LONGITUDE":"0°35'8.8629E","LATITUDE":"47°2'6.7452N","LOT":"02","SEI":"53","LIBELLE":"APP CA2 0011-2","LONG_DD":"0.585795","LAT_DD":"47.035207","gx_media_l":null,"_sp_url":null},"geometry":{"type":"Point","coordinates":[0.5857950000000008,47.035207,0.0]}},{"id":"28","type":"Feature","properties":{"Name":"AR R2CA Km 1,414","descriptio":"Attributes\n  ETIQ  AR R2CA Km 1,414 \n  NOM_ACCES  PTLA-L02-031 \n  AXE  CA2 \n  PK  1.414 \n  LONGITUDE  0°35'8.4255E \n  LATITUDE  47°2'8.3339N \n  LOT  02 \n  SEI  53 \n  LIBELLE  ARP CA2 0014-2 \n  LONG_DD  0.585674 \n  LAT_DD  47.035648","timestamp":null,"begin":null,"end":null,"altitudeMo":null,"tessellate":"-1","extrude":"0","visibility":"-1","drawOrder":null,"icon":null,"ETIQ":"AR R2CA Km 1,414","NOM_ACCES":"PTLA-L02-031","AXE":"CA2","PK":"1.414","LONGITUDE":"0°35'8.4255E","LATITUDE":"47°2'8.3339N","LOT":"02","SEI":"53","LIBELLE":"ARP CA2 0014-2","LONG_DD":"0.585674","LAT_DD":"47.035648","gx_media_l":null,"_sp_url":null},"geometry":{"type":"Point","coordinates":[0.5856740000000002,47.03564800000001,0.0]}},{"id":"29","type":"Feature","properties":{"Name":"AP R2CA Km 2,300","descriptio":"Attributes\n  ETIQ  AP R2CA Km 2,300 \n  NOM_ACCES  PTLO-L02-037 \n  AXE  CA2 \n  PK  2.3 \n  LONGITUDE  0°35'10.4531E \n  LATITUDE  47°2'39.519N \n  LOT  02 \n  SEI  53 \n  LIBELLE  APP CA2 0023-2 \n  LONG_DD  0.586237 \n  LAT_DD  47.044311","timestamp":null,"begin":null,"end":null,"altitudeMo":null,"tessellate":"-1","extrude":"0","visibility":"-1","drawOrder":null,"icon":null,"ETIQ":"AP R2CA Km 2,300","NOM_ACCES":"PTLO-L02-037","AXE":"CA2","PK":"2.3","LONGITUDE":"0°35'10.4531E","LATITUDE":"47°2'39.519N","LOT":"02","SEI":"53","LIBELLE":"APP CA2 0023-2","LONG_DD":"0.586237","LAT_DD":"47.044311","gx_media_l":null,"_sp_url":null},"geometry":{"type":"Point","coordinates":[0.586237,47.044311,0.0]}},{"id":"30","type":"Feature","properties":{"Name":"AP R2CA Km 2,810","descriptio":"Attributes\n  ETIQ  AP R2CA Km 2,810 \n  NOM_ACCES  PTLO-L02-034 \n  AXE  CA2 \n  PK  2.81 \n  LONGITUDE  0°35'20.5734E \n  LATITUDE  47°2'54.655N \n  LOT  02 \n  SEI  53 \n  LIBELLE  APP CA2 0028-2 \n  LONG_DD  0.589048 \n  LAT_DD  47.048515","timestamp":null,"begin":null,"end":null,"altitudeMo":null,"tessellate":"-1","extrude":"0","visibility":"-1","drawOrder":null,"icon":null,"ETIQ":"AP R2CA Km 2,810","NOM_ACCES":"PTLO-L02-034","AXE":"CA2","PK":"2.81","LONGITUDE":"0°35'20.5734E","LATITUDE":"47°2'54.655N","LOT":"02","SEI":"53","LIBELLE":"APP CA2 0028-2","LONG_DD":"0.589048","LAT_DD":"47.048515","gx_media_l":null,"_sp_url":null},"geometry":{"type":"Point","coordinates":[0.5890480000000002,47.04851500000001,0.0]}},{"id":"31","type":"Feature","properties":{"Name":"AP R2CA Km 3,230","descriptio":"Attributes\n  ETIQ  AP R2CA Km 3,230 \n  NOM_ACCES  PTLO-L02-030 \n  AXE  CA2 \n  PK  3.23 \n  LONGITUDE  0°35'34.6884E \n  LATITUDE  47°3'4.3237N \n  LOT  02 \n  SEI  53 \n  LIBELLE  APP CA2 0032-2 \n  LONG_DD  0.592969 \n  LAT_DD  47.051201","timestamp":null,"begin":null,"end":null,"altitudeMo":null,"tessellate":"-1","extrude":"0","visibility":"-1","drawOrder":null,"icon":null,"ETIQ":"AP R2CA Km 3,230","NOM_ACCES":"PTLO-L02-030","AXE":"CA2","PK":"3.23","LONGITUDE":"0°35'34.6884E","LATITUDE":"47°3'4.3237N","LOT":"02","SEI":"53","LIBELLE":"APP CA2 0032-2","LONG_DD":"0.592969","LAT_DD":"47.051201","gx_media_l":null,"_sp_url":null},"geometry":{"type":"Point","coordinates":[0.5929689999999991,47.051201000000006,0.0]}},{"id":"32","type":"Feature","properties":{"Name":"AP R2CA Km 3,576","descriptio":"Attributes\n  ETIQ  AP R2CA Km 3,576 \n  NOM_ACCES  PTLA-L02-014 \n  AXE  CA2 \n  PK  3.576 \n  LONGITUDE  0°35'41.8482E \n  LATITUDE  47°3'8.8783N \n  LOT  02 \n  SEI  53 \n  LIBELLE  APP CA2 0035-2 \n  LONG_DD  0.594958 \n  LAT_DD  47.052466","timestamp":null,"begin":null,"end":null,"altitudeMo":null,"tessellate":"-1","extrude":"0","visibility":"-1","drawOrder":null,"icon":null,"ETIQ":"AP R2CA Km 3,576","NOM_ACCES":"PTLA-L02-014","AXE":"CA2","PK":"3.576","LONGITUDE":"0°35'41.8482E","LATITUDE":"47°3'8.8783N","LOT":"02","SEI":"53","LIBELLE":"APP CA2 0035-2","LONG_DD":"0.594958","LAT_DD":"47.052466","gx_media_l":null,"_sp_url":null},"geometry":{"type":"Point","coordinates":[0.5949580000000001,47.05246600000001,0.0]}},{"id":"33","type":"Feature","properties":{"Name":"AP R2CA Km 3,699","descriptio":"Attributes\n  ETIQ  AP R2CA Km 3,699 \n  NOM_ACCES  PTLA-L02-014 \n  AXE  CA2 \n  PK  3.699 \n  LONGITUDE  0°35'41.8482E \n  LATITUDE  47°3'8.8783N \n  LOT  02 \n  SEI  53 \n  LIBELLE  APP CA2 0036-2 \n  LONG_DD  0.594958 \n  LAT_DD  47.052466","timestamp":null,"begin":null,"end":null,"altitudeMo":null,"tessellate":"-1","extrude":"0","visibility":"-1","drawOrder":null,"icon":null,"ETIQ":"AP R2CA Km 3,699","NOM_ACCES":"PTLA-L02-014","AXE":"CA2","PK":"3.699","LONGITUDE":"0°35'41.8482E","LATITUDE":"47°3'8.8783N","LOT":"02","SEI":"53","LIBELLE":"APP CA2 0036-2","LONG_DD":"0.594958","LAT_DD":"47.052466","gx_media_l":null,"_sp_url":null},"geometry":{"type":"Point","coordinates":[0.5949580000000001,47.05246600000001,0.0]}},{"id":"34","type":"Feature","properties":{"Name":"AP R1MA Km 0,710","descriptio":"Attributes\n  ETIQ  AP R1MA Km 0,710 \n  NOM_ACCES  PTLO-L04-045 \n  AXE  MA1 \n  PK  0.71 \n  LONGITUDE  0°21'9.0359E \n  LATITUDE  46°36'51.6068N \n  LOT  04 \n  SEI  57 \n  LIBELLE  APP MA1 0007-1 \n  LONG_DD  0.35251 \n  LAT_DD  46.614335","timestamp":null,"begin":null,"end":null,"altitudeMo":null,"tessellate":"-1","extrude":"0","visibility":"-1","drawOrder":null,"icon":null,"ETIQ":"AP R1MA Km 0,710","NOM_ACCES":"PTLO-L04-045","AXE":"MA1","PK":"0.71","LONGITUDE":"0°21'9.0359E","LATITUDE":"46°36'51.6068N","LOT":"04","SEI":"57","LIBELLE":"APP MA1 0007-1","LONG_DD":"0.35251","LAT_DD":"46.614335","gx_media_l":null,"_sp_url":null},"geometry":{"type":"Point","coordinates":[0.35251000000000055,46.614335000000004,0.0]}},{"id":"35","type":"Feature","properties":{"Name":"AR R1MA Km 1,832","descriptio":"Attributes\n  ETIQ  AR R1MA Km 1,832 \n  NOM_ACCES  PTLA-L04-035 \n  AXE  MA1 \n  PK  1.832 \n  LONGITUDE  0°21'6.1199E \n  LATITUDE  46°37'28.6646N \n  LOT  04 \n  SEI  57 \n  LIBELLE  ARP MA1 0018-1 \n  LONG_DD  0.3517 \n  LAT_DD  46.624629","timestamp":null,"begin":null,"end":null,"altitudeMo":null,"tessellate":"-1","extrude":"0","visibility":"-1","drawOrder":null,"icon":null,"ETIQ":"AR R1MA Km 1,832","NOM_ACCES":"PTLA-L04-035","AXE":"MA1","PK":"1.832","LONGITUDE":"0°21'6.1199E","LATITUDE":"46°37'28.6646N","LOT":"04","SEI":"57","LIBELLE":"ARP MA1 0018-1","LONG_DD":"0.3517","LAT_DD":"46.624629","gx_media_l":null,"_sp_url":null},"geometry":{"type":"Point","coordinates":[0.3517000000000002,46.624629000000006,0.0]}},{"id":"36","type":"Feature","properties":{"Name":"AP R1MA Km 3,050","descriptio":"Attributes\n  ETIQ  AP R1MA Km 3,050 \n  NOM_ACCES  PTLA-L04-029 \n  AXE  MA1 \n  PK  3.05 \n  LONGITUDE  0°21'0.4976E \n  LATITUDE  46°38'8.0034N \n  LOT  04 \n  SEI  57 \n  LIBELLE  APP MA1 0030-1 \n  LONG_DD  0.350138 \n  LAT_DD  46.635556","timestamp":null,"begin":null,"end":null,"altitudeMo":null,"tessellate":"-1","extrude":"0","visibility":"-1","drawOrder":null,"icon":null,"ETIQ":"AP R1MA Km 3,050","NOM_ACCES":"PTLA-L04-029","AXE":"MA1","PK":"3.05","LONGITUDE":"0°21'0.4976E","LATITUDE":"46°38'8.0034N","LOT":"04","SEI":"57","LIBELLE":"APP MA1 0030-1","LONG_DD":"0.350138","LAT_DD":"46.635556","gx_media_l":null,"_sp_url":null},"geometry":{"type":"Point","coordinates":[0.35013800000000067,46.635556,0.0]}},{"id":"37","type":"Feature","properties":{"Name":"AP R1MA Km 2,060","descriptio":"Attributes\n  ETIQ  AP R1MA Km 2,060 \n  NOM_ACCES  PTLO-L04-041 \n  AXE  MA1 \n  PK  2.06 \n  LONGITUDE  0°21'4.7919E \n  LATITUDE  46°37'36.0906N \n  LOT  04 \n  SEI  57 \n  LIBELLE  APP MA1 0021-1 \n  LONG_DD  0.351331 \n  LAT_DD  46.626692","timestamp":null,"begin":null,"end":null,"altitudeMo":null,"tessellate":"-1","extrude":"0","visibility":"-1","drawOrder":null,"icon":null,"ETIQ":"AP R1MA Km 2,060","NOM_ACCES":"PTLO-L04-041","AXE":"MA1","PK":"2.06","LONGITUDE":"0°21'4.7919E","LATITUDE":"46°37'36.0906N","LOT":"04","SEI":"57","LIBELLE":"APP MA1 0021-1","LONG_DD":"0.351331","LAT_DD":"46.626692","gx_media_l":null,"_sp_url":null},"geometry":{"type":"Point","coordinates":[0.35133099999999984,46.62669199999999,0.0]}},{"id":"38","type":"Feature","properties":{"Name":"AP R1MA Km 2,320","descriptio":"Attributes\n  ETIQ  AP R1MA Km 2,320 \n  NOM_ACCES  PTLA-L04-033 \n  AXE  MA1 \n  PK  2.32 \n  LONGITUDE  0°20'55.4209E \n  LATITUDE  46°37'56.4708N \n  LOT  04 \n  SEI  57 \n  LIBELLE  APP MA1 0022-1 \n  LONG_DD  0.348728 \n  LAT_DD  46.632353","timestamp":null,"begin":null,"end":null,"altitudeMo":null,"tessellate":"-1","extrude":"0","visibility":"-1","drawOrder":null,"icon":null,"ETIQ":"AP R1MA Km 2,320","NOM_ACCES":"PTLA-L04-033","AXE":"MA1","PK":"2.32","LONGITUDE":"0°20'55.4209E","LATITUDE":"46°37'56.4708N","LOT":"04","SEI":"57","LIBELLE":"APP MA1 0022-1","LONG_DD":"0.348728","LAT_DD":"46.632353","gx_media_l":null,"_sp_url":null},"geometry":{"type":"Point","coordinates":[0.34872799999999987,46.632353,0.0]}},{"id":"39","type":"Feature","properties":{"Name":"AP R1MA Km 2,805","descriptio":"Attributes\n  ETIQ  AP R1MA Km 2,805 \n  NOM_ACCES  PTLO-L04-039 \n  AXE  MA1 \n  PK  2.805 \n  LONGITUDE  0°20'58.3161E \n  LATITUDE  46°37'59.9362N \n  LOT  04 \n  SEI  57 \n  LIBELLE  APP MA1 0028-1 \n  LONG_DD  0.349532 \n  LAT_DD  46.633316","timestamp":null,"begin":null,"end":null,"altitudeMo":null,"tessellate":"-1","extrude":"0","visibility":"-1","drawOrder":null,"icon":null,"ETIQ":"AP R1MA Km 2,805","NOM_ACCES":"PTLO-L04-039","AXE":"MA1","PK":"2.805","LONGITUDE":"0°20'58.3161E","LATITUDE":"46°37'59.9362N","LOT":"04","SEI":"57","LIBELLE":"APP MA1 0028-1","LONG_DD":"0.349532","LAT_DD":"46.633316","gx_media_l":null,"_sp_url":null},"geometry":{"type":"Point","coordinates":[0.3495319999999995,46.63331600000001,0.0]}},{"id":"40","type":"Feature","properties":{"Name":"AP R1MA Km 2,950","descriptio":"Attributes\n  ETIQ  AP R1MA Km 2,950 \n  NOM_ACCES  PTLO-L04-037 \n  AXE  MA1 \n  PK  2.95 \n  LONGITUDE  0°20'55.1013E \n  LATITUDE  46°38'2.9834N \n  LOT  04 \n  SEI  57 \n  LIBELLE  APP MA1 0029-1 \n  LONG_DD  0.348639 \n  LAT_DD  46.634162","timestamp":null,"begin":null,"end":null,"altitudeMo":null,"tessellate":"-1","extrude":"0","visibility":"-1","drawOrder":null,"icon":null,"ETIQ":"AP R1MA Km 2,950","NOM_ACCES":"PTLO-L04-037","AXE":"MA1","PK":"2.95","LONGITUDE":"0°20'55.1013E","LATITUDE":"46°38'2.9834N","LOT":"04","SEI":"57","LIBELLE":"APP MA1 0029-1","LONG_DD":"0.348639","LAT_DD":"46.634162","gx_media_l":null,"_sp_url":null},"geometry":{"type":"Point","coordinates":[0.3486389999999998,46.63416200000002,0.0]}},{"id":"41","type":"Feature","properties":{"Name":"AR R1MA Km 3,280","descriptio":"Attributes\n  ETIQ  AR R1MA Km 3,280 \n  NOM_ACCES  PTLA-L04-029 \n  AXE  MA1 \n  PK  3.28 \n  LONGITUDE  0°21'0.4976E \n  LATITUDE  46°38'8.0034N \n  LOT  04 \n  SEI  57 \n  LIBELLE  ARP MA1 0032-1 \n  LONG_DD  0.350138 \n  LAT_DD  46.635556","timestamp":null,"begin":null,"end":null,"altitudeMo":null,"tessellate":"-1","extrude":"0","visibility":"-1","drawOrder":null,"icon":null,"ETIQ":"AR R1MA Km 3,280","NOM_ACCES":"PTLA-L04-029","AXE":"MA1","PK":"3.28","LONGITUDE":"0°21'0.4976E","LATITUDE":"46°38'8.0034N","LOT":"04","SEI":"57","LIBELLE":"ARP MA1 0032-1","LONG_DD":"0.350138","LAT_DD":"46.635556","gx_media_l":null,"_sp_url":null},"geometry":{"type":"Point","coordinates":[0.35013800000000067,46.635556,0.0]}},{"id":"42","type":"Feature","properties":{"Name":"AP R1MA Km 3,930","descriptio":"Attributes\n  ETIQ  AP R1MA Km 3,930 \n  NOM_ACCES  PTLO-L04-035 \n  AXE  MA1 \n  PK  3.93 \n  LONGITUDE  0°21'2.9515E \n  LATITUDE  46°38'34.8995N \n  LOT  04 \n  SEI  57 \n  LIBELLE  APP MA1 0039-1 \n  LONG_DD  0.35082 \n  LAT_DD  46.643028","timestamp":null,"begin":null,"end":null,"altitudeMo":null,"tessellate":"-1","extrude":"0","visibility":"-1","drawOrder":null,"icon":null,"ETIQ":"AP R1MA Km 3,930","NOM_ACCES":"PTLO-L04-035","AXE":"MA1","PK":"3.93","LONGITUDE":"0°21'2.9515E","LATITUDE":"46°38'34.8995N","LOT":"04","SEI":"57","LIBELLE":"APP MA1 0039-1","LONG_DD":"0.35082","LAT_DD":"46.643028","gx_media_l":null,"_sp_url":null},"geometry":{"type":"Point","coordinates":[0.3508200000000002,46.643028,0.0]}},{"id":"43","type":"Feature","properties":{"Name":"AR R1MA Km 4,417","descriptio":"Attributes\n  ETIQ  AR R1MA Km 4,417 \n  NOM_ACCES  PTLA-L04-051 \n  AXE  MA1 \n  PK  4.417 \n  LONGITUDE  0°21'8.8051E \n  LATITUDE  46°38'46.9734N \n  LOT  04 \n  SEI  57 \n  LIBELLE  ARP MA1 0044-1 \n  LONG_DD  0.352446 \n  LAT_DD  46.646381","timestamp":null,"begin":null,"end":null,"altitudeMo":null,"tessellate":"-1","extrude":"0","visibility":"-1","drawOrder":null,"icon":null,"ETIQ":"AR R1MA Km 4,417","NOM_ACCES":"PTLA-L04-051","AXE":"MA1","PK":"4.417","LONGITUDE":"0°21'8.8051E","LATITUDE":"46°38'46.9734N","LOT":"04","SEI":"57","LIBELLE":"ARP MA1 0044-1","LONG_DD":"0.352446","LAT_DD":"46.646381","gx_media_l":null,"_sp_url":null},"geometry":{"type":"Point","coordinates":[0.35244599999999954,46.646381000000005,0.0]}},{"id":"44","type":"Feature","properties":{"Name":"AP R1MA Km 4,445","descriptio":"Attributes\n  ETIQ  AP R1MA Km 4,445 \n  NOM_ACCES  PTLA-L04-027 \n  AXE  MA1 \n  PK  4.445 \n  LONGITUDE  0°21'10.1963E \n  LATITUDE  46°38'50.8575N \n  LOT  04 \n  SEI  57 \n  LIBELLE  APP MA1 0044-1 \n  LONG_DD  0.352832 \n  LAT_DD  46.64746","timestamp":null,"begin":null,"end":null,"altitudeMo":null,"tessellate":"-1","extrude":"0","visibility":"-1","drawOrder":null,"icon":null,"ETIQ":"AP R1MA Km 4,445","NOM_ACCES":"PTLA-L04-027","AXE":"MA1","PK":"4.445","LONGITUDE":"0°21'10.1963E","LATITUDE":"46°38'50.8575N","LOT":"04","SEI":"57","LIBELLE":"APP MA1 0044-1","LONG_DD":"0.352832","LAT_DD":"46.64746","gx_media_l":null,"_sp_url":null},"geometry":{"type":"Point","coordinates":[0.3528319999999991,46.64746000000002,0.0]}},{"id":"45","type":"Feature","properties":{"Name":"AP R1MA Km 4,900","descriptio":"Attributes\n  ETIQ  AP R1MA Km 4,900 \n  NOM_ACCES  PTLO-L04-035a \n  AXE  MA1 \n  PK  4.9 \n  LONGITUDE  0°21'14.2896E \n  LATITUDE  46°39'7.7777N \n  LOT  04 \n  SEI  57 \n  LIBELLE  APP MA1 0049-1 \n  LONG_DD  0.353969 \n  LAT_DD  46.65216","timestamp":null,"begin":null,"end":null,"altitudeMo":null,"tessellate":"-1","extrude":"0","visibility":"-1","drawOrder":null,"icon":null,"ETIQ":"AP R1MA Km 4,900","NOM_ACCES":"PTLO-L04-035a","AXE":"MA1","PK":"4.9","LONGITUDE":"0°21'14.2896E","LATITUDE":"46°39'7.7777N","LOT":"04","SEI":"57","LIBELLE":"APP MA1 0049-1","LONG_DD":"0.353969","LAT_DD":"46.65216","gx_media_l":null,"_sp_url":null},"geometry":{"type":"Point","coordinates":[0.3539690000000007,46.652159999999995,0.0]}},{"id":"46","type":"Feature","properties":{"Name":"AP R1MA Km 5,780","descriptio":"Attributes\n  ETIQ  AP R1MA Km 5,780 \n  NOM_ACCES  PTLA-L04-025 \n  AXE  MA1 \n  PK  5.78 \n  LONGITUDE  0°21'19.9195E \n  LATITUDE  46°39'49.1651N \n  LOT  04 \n  SEI  57 \n  LIBELLE  APP MA1 0057-1 \n  LONG_DD  0.355533 \n  LAT_DD  46.663657","timestamp":null,"begin":null,"end":null,"altitudeMo":null,"tessellate":"-1","extrude":"0","visibility":"-1","drawOrder":null,"icon":null,"ETIQ":"AP R1MA Km 5,780","NOM_ACCES":"PTLA-L04-025","AXE":"MA1","PK":"5.78","LONGITUDE":"0°21'19.9195E","LATITUDE":"46°39'49.1651N","LOT":"04","SEI":"57","LIBELLE":"APP MA1 0057-1","LONG_DD":"0.355533","LAT_DD":"46.663657","gx_media_l":null,"_sp_url":null},"geometry":{"type":"Point","coordinates":[0.35443900000000045,46.65715500000001,0.0]}},{"id":"47","type":"Feature","properties":{"Name":"AP R2MA Km 0,721","descriptio":"Attributes\n  ETIQ  AP R2MA Km 0,721 \n  NOM_ACCES  PTLO-L04-047 \n  AXE  MA2 \n  PK  0.515 \n  LONGITUDE  0°21'4.7076E \n  LATITUDE  46°36'52.5572N \n  LOT  04 \n  SEI  57 \n  LIBELLE  APP MA2 0005-2 \n  LONG_DD  0.351308 \n  LAT_DD  46.614599","timestamp":null,"begin":null,"end":null,"altitudeMo":null,"tessellate":"-1","extrude":"0","visibility":"-1","drawOrder":null,"icon":null,"ETIQ":"AP R2MA Km 0,721","NOM_ACCES":"PTLO-L04-047","AXE":"MA2","PK":"0.515","LONGITUDE":"0°21'4.7076E","LATITUDE":"46°36'52.5572N","LOT":"04","SEI":"57","LIBELLE":"APP MA2 0005-2","LONG_DD":"0.351308","LAT_DD":"46.614599","gx_media_l":null,"_sp_url":null},"geometry":{"type":"Point","coordinates":[0.3513080000000011,46.614599000000005,0.0]}},{"id":"48","type":"Feature","properties":{"Name":"AR R2MA Km 1,844","descriptio":"Attributes\n  ETIQ  AR R2MA Km 1,844 \n  NOM_ACCES  PTLA-L04-037 \n  AXE  MA2 \n  PK  1.638 \n  LONGITUDE  0°21'4.7073E \n  LATITUDE  46°37'25.7369N \n  LOT  04 \n  SEI  57 \n  LIBELLE  ARP MA2 0018-2 \n  LONG_DD  0.351308 \n  LAT_DD  46.623816","timestamp":null,"begin":null,"end":null,"altitudeMo":null,"tessellate":"-1","extrude":"0","visibility":"-1","drawOrder":null,"icon":null,"ETIQ":"AR R2MA Km 1,844","NOM_ACCES":"PTLA-L04-037","AXE":"MA2","PK":"1.638","LONGITUDE":"0°21'4.7073E","LATITUDE":"46°37'25.7369N","LOT":"04","SEI":"57","LIBELLE":"ARP MA2 0018-2","LONG_DD":"0.351308","LAT_DD":"46.623816","gx_media_l":null,"_sp_url":null},"geometry":{"type":"Point","coordinates":[0.35130799999999995,46.62381600000001,0.0]}},{"id":"49","type":"Feature","properties":{"Name":"AP R2MA Km 2,085","descriptio":"Attributes\n  ETIQ  AP R2MA Km 2,085 \n  NOM_ACCES  PTLO-L04-043 \n  AXE  MA2 \n  PK  1.879 \n  LONGITUDE  0°21'1.9497E \n  LATITUDE  46°37'34.8778N \n  LOT  04 \n  SEI  57 \n  LIBELLE  APP MA2 0021-2 \n  LONG_DD  0.350542 \n  LAT_DD  46.626355","timestamp":null,"begin":null,"end":null,"altitudeMo":null,"tessellate":"-1","extrude":"0","visibility":"-1","drawOrder":null,"icon":null,"ETIQ":"AP R2MA Km 2,085","NOM_ACCES":"PTLO-L04-043","AXE":"MA2","PK":"1.879","LONGITUDE":"0°21'1.9497E","LATITUDE":"46°37'34.8778N","LOT":"04","SEI":"57","LIBELLE":"APP MA2 0021-2","LONG_DD":"0.350542","LAT_DD":"46.626355","gx_media_l":null,"_sp_url":null},"geometry":{"type":"Point","coordinates":[0.35054199999999985,46.62635500000001,0.0]}},{"id":"50","type":"Feature","properties":{"Name":"AP R2MA Km 2,295","descriptio":"Attributes\n  ETIQ  AP R2MA Km 2,295 \n  NOM_ACCES  PTLA-L04-033 \n  AXE  MA2 \n  PK  2.089 \n  LONGITUDE  0°20'55.4209E \n  LATITUDE  46°37'56.4708N \n  LOT  04 \n  SEI  57 \n  LIBELLE  APP MA2 0022-2 \n  LONG_DD  0.348728 \n  LAT_DD  46.632353","timestamp":null,"begin":null,"end":null,"altitudeMo":null,"tessellate":"-1","extrude":"0","visibility":"-1","drawOrder":null,"icon":null,"ETIQ":"AP R2MA Km 2,295","NOM_ACCES":"PTLA-L04-033","AXE":"MA2","PK":"2.089","LONGITUDE":"0°20'55.4209E","LATITUDE":"46°37'56.4708N","LOT":"04","SEI":"57","LIBELLE":"APP MA2 0022-2","LONG_DD":"0.348728","LAT_DD":"46.632353","gx_media_l":null,"_sp_url":null},"geometry":{"type":"Point","coordinates":[0.34872799999999987,46.632353,0.0]}},{"id":"51","type":"Feature","properties":{"Name":"AP R2MA Km 2,950","descriptio":"Attributes\n  ETIQ  AP R2MA Km 2,950 \n  NOM_ACCES  PTLO-L04-037 \n  AXE  MA2 \n  PK  2.744 \n  LONGITUDE  0°20'55.1013E \n  LATITUDE  46°38'2.9834N \n  LOT  04 \n  SEI  57 \n  LIBELLE  APP MA2 0029-2 \n  LONG_DD  0.348639 \n  LAT_DD  46.634162","timestamp":null,"begin":null,"end":null,"altitudeMo":null,"tessellate":"-1","extrude":"0","visibility":"-1","drawOrder":null,"icon":null,"ETIQ":"AP R2MA Km 2,950","NOM_ACCES":"PTLO-L04-037","AXE":"MA2","PK":"2.744","LONGITUDE":"0°20'55.1013E","LATITUDE":"46°38'2.9834N","LOT":"04","SEI":"57","LIBELLE":"APP MA2 0029-2","LONG_DD":"0.348639","LAT_DD":"46.634162","gx_media_l":null,"_sp_url":null},"geometry":{"type":"Point","coordinates":[0.3486389999999998,46.63416200000002,0.0]}},{"id":"52","type":"Feature","properties":{"Name":"AP R2MA Km 3,050","descriptio":"Attributes\n  ETIQ  AP R2MA Km 3,050 \n  NOM_ACCES  PTLA-L05-001 \n  AXE  MA2 \n  PK  2.844 \n  LONGITUDE  0°20'50.5671E \n  LATITUDE  46°38'5.6828N \n  LOT  04 \n  SEI  57 \n  LIBELLE  APP MA2 0030-2 \n  LONG_DD  0.34738 \n  LAT_DD  46.634912","timestamp":null,"begin":null,"end":null,"altitudeMo":null,"tessellate":"-1","extrude":"0","visibility":"-1","drawOrder":null,"icon":null,"ETIQ":"AP R2MA Km 3,050","NOM_ACCES":"PTLA-L05-001","AXE":"MA2","PK":"2.844","LONGITUDE":"0°20'50.5671E","LATITUDE":"46°38'5.6828N","LOT":"04","SEI":"57","LIBELLE":"APP MA2 0030-2","LONG_DD":"0.34738","LAT_DD":"46.634912","gx_media_l":null,"_sp_url":null},"geometry":{"type":"Point","coordinates":[0.34738000000000047,46.634911999999986,0.0]}},{"id":"53","type":"Feature","properties":{"Name":"AR R2MA Km 3,280","descriptio":"Attributes\n  ETIQ  AR R2MA Km 3,280 \n  NOM_ACCES  PTLA-L05-001 \n  AXE  MA2 \n  PK  3.074 \n  LONGITUDE  0°20'50.5671E \n  LATITUDE  46°38'5.6828N \n  LOT  04 \n  SEI  57 \n  LIBELLE  ARP MA2 0032-2 \n  LONG_DD  0.34738 \n  LAT_DD  46.634912","timestamp":null,"begin":null,"end":null,"altitudeMo":null,"tessellate":"-1","extrude":"0","visibility":"-1","drawOrder":null,"icon":null,"ETIQ":"AR R2MA Km 3,280","NOM_ACCES":"PTLA-L05-001","AXE":"MA2","PK":"3.074","LONGITUDE":"0°20'50.5671E","LATITUDE":"46°38'5.6828N","LOT":"04","SEI":"57","LIBELLE":"ARP MA2 0032-2","LONG_DD":"0.34738","LAT_DD":"46.634912","gx_media_l":null,"_sp_url":null},"geometry":{"type":"Point","coordinates":[0.34738000000000047,46.634911999999986,0.0]}},{"id":"54","type":"Feature","properties":{"Name":"AP R2MA Km 3,820","descriptio":"Attributes\n  ETIQ  AP R2MA Km 3,820 \n  NOM_ACCES  PTLO-L04-042 \n  AXE  MA2 \n  PK  3.614 \n  LONGITUDE  0°20'57.8128E \n  LATITUDE  46°38'30.7311N \n  LOT  04 \n  SEI  57 \n  LIBELLE  APP MA2 0038-2 \n  LONG_DD  0.349392 \n  LAT_DD  46.64187","timestamp":null,"begin":null,"end":null,"altitudeMo":null,"tessellate":"-1","extrude":"0","visibility":"-1","drawOrder":null,"icon":null,"ETIQ":"AP R2MA Km 3,820","NOM_ACCES":"PTLO-L04-042","AXE":"MA2","PK":"3.614","LONGITUDE":"0°20'57.8128E","LATITUDE":"46°38'30.7311N","LOT":"04","SEI":"57","LIBELLE":"APP MA2 0038-2","LONG_DD":"0.349392","LAT_DD":"46.64187","gx_media_l":null,"_sp_url":null},"geometry":{"type":"Point","coordinates":[0.34939200000000015,46.64187000000001,0.0]}},{"id":"55","type":"Feature","properties":{"Name":"AR R2MA Km 5,259","descriptio":"Attributes\n  ETIQ  AR R2MA Km 5,259 \n  NOM_ACCES  PTLA-L04-026 \n  AXE  MA2 \n  PK  5.053 \n  LONGITUDE  0°21'10.4006E \n  LATITUDE  46°39'21.3555N \n  LOT  04 \n  SEI  57 \n  LIBELLE  ARP MA2 0050-2 \n  LONG_DD  0.352889 \n  LAT_DD  46.655932","timestamp":null,"begin":null,"end":null,"altitudeMo":null,"tessellate":"-1","extrude":"0","visibility":"-1","drawOrder":null,"icon":null,"ETIQ":"AR R2MA Km 5,259","NOM_ACCES":"PTLA-L04-026","AXE":"MA2","PK":"5.053","LONGITUDE":"0°21'10.4006E","LATITUDE":"46°39'21.3555N","LOT":"04","SEI":"57","LIBELLE":"ARP MA2 0050-2","LONG_DD":"0.352889","LAT_DD":"46.655932","gx_media_l":null,"_sp_url":null},"geometry":{"type":"Point","coordinates":[0.35288899999999945,46.655932000000014,0.0]}},{"id":"56","type":"Feature","properties":{"Name":"AP R2MA Km 5,706","descriptio":"Attributes\n  ETIQ  AP R2MA Km 5,706 \n  NOM_ACCES  PTLA-L04-024 \n  AXE  MA2 \n  PK  5.5 \n  LONGITUDE  0°21'8.4353E \n  LATITUDE  46°39'25.5801N \n  LOT  04 \n  SEI  57 \n  LIBELLE  APP MA2 0055-2 \n  LONG_DD  0.352343 \n  LAT_DD  46.657106","timestamp":null,"begin":null,"end":null,"altitudeMo":null,"tessellate":"-1","extrude":"0","visibility":"-1","drawOrder":null,"icon":null,"ETIQ":"AP R2MA Km 5,706","NOM_ACCES":"PTLA-L04-024","AXE":"MA2","PK":"5.5","LONGITUDE":"0°21'8.4353E","LATITUDE":"46°39'25.5801N","LOT":"04","SEI":"57","LIBELLE":"APP MA2 0055-2","LONG_DD":"0.352343","LAT_DD":"46.657106","gx_media_l":null,"_sp_url":null},"geometry":{"type":"Point","coordinates":[0.3523430000000006,46.657105999999985,0.0]}},{"id":"57","type":"Feature","properties":{"Name":"AP R2MA Km 6,266","descriptio":"Attributes\n  ETIQ  AP R2MA Km 6,266 \n  NOM_ACCES  PTLA-L04-022 \n  AXE  MA2 \n  PK  6.06 \n  LONGITUDE  0°21'16.1933E \n  LATITUDE  46°39'54.1909N \n  LOT  04 \n  SEI  57 \n  LIBELLE  APP MA2 0060-2 \n  LONG_DD  0.354498 \n  LAT_DD  46.665053","timestamp":null,"begin":null,"end":null,"altitudeMo":null,"tessellate":"-1","extrude":"0","visibility":"-1","drawOrder":null,"icon":null,"ETIQ":"AP R2MA Km 6,266","NOM_ACCES":"PTLA-L04-022","AXE":"MA2","PK":"6.06","LONGITUDE":"0°21'16.1933E","LATITUDE":"46°39'54.1909N","LOT":"04","SEI":"57","LIBELLE":"APP MA2 0060-2","LONG_DD":"0.354498","LAT_DD":"46.665053","gx_media_l":null,"_sp_url":null},"geometry":{"type":"Point","coordinates":[0.35449800000000076,46.66505300000001,0.0]}},{"id":"58","type":"Feature","properties":{"Name":"AP R2MA Km 6,476","descriptio":"Attributes\n  ETIQ  AP R2MA Km 6,476 \n  NOM_ACCES  PTLO-L04-038 \n  AXE  MA2 \n  PK  6.27 \n  LONGITUDE  0°21'16.4435E \n  LATITUDE  46°39'56.5059N \n  LOT  04 \n  SEI  57 \n  LIBELLE  APP MA2 0062-2 \n  LONG_DD  0.354568 \n  LAT_DD  46.665696","timestamp":null,"begin":null,"end":null,"altitudeMo":null,"tessellate":"-1","extrude":"0","visibility":"-1","drawOrder":null,"icon":null,"ETIQ":"AP R2MA Km 6,476","NOM_ACCES":"PTLO-L04-038","AXE":"MA2","PK":"6.27","LONGITUDE":"0°21'16.4435E","LATITUDE":"46°39'56.5059N","LOT":"04","SEI":"57","LIBELLE":"APP MA2 0062-2","LONG_DD":"0.354568","LAT_DD":"46.665696","gx_media_l":null,"_sp_url":null},"geometry":{"type":"Point","coordinates":[0.3545680000000008,46.66569599999999,0.0]}},{"id":"59","type":"Feature","properties":{"Name":"AP R1FN Km 1,000","descriptio":"Attributes\n  ETIQ  AP R1FN Km 1,000 \n  NOM_ACCES  PTLO-L05-052 \n  AXE  FN1 \n  PK  1 \n  LONGITUDE  0°13'23.3507E \n  LATITUDE  46°30'16.8213N \n  LOT  05 \n  SEI  58 \n  LIBELLE  APP FN1 0010-1 \n  LONG_DD  0.223153 \n  LAT_DD  46.504673","timestamp":null,"begin":null,"end":null,"altitudeMo":null,"tessellate":"-1","extrude":"0","visibility":"-1","drawOrder":null,"icon":null,"ETIQ":"AP R1FN Km 1,000","NOM_ACCES":"PTLO-L05-052","AXE":"FN1","PK":"1","LONGITUDE":"0°13'23.3507E","LATITUDE":"46°30'16.8213N","LOT":"05","SEI":"58","LIBELLE":"APP FN1 0010-1","LONG_DD":"0.223153","LAT_DD":"46.504673","gx_media_l":null,"_sp_url":null},"geometry":{"type":"Point","coordinates":[0.22315299999999982,46.504673,0.0]}},{"id":"60","type":"Feature","properties":{"Name":"AP R1FN Km 1,425","descriptio":"Attributes\n  ETIQ  AP R1FN Km 1,425 \n  NOM_ACCES  PTLO-L05-052 \n  AXE  FN1 \n  PK  1.425 \n  LONGITUDE  0°13'23.3507E \n  LATITUDE  46°30'16.8213N \n  LOT  05 \n  SEI  58 \n  LIBELLE  APP FN1 0014-1 \n  LONG_DD  0.223153 \n  LAT_DD  46.504673","timestamp":null,"begin":null,"end":null,"altitudeMo":null,"tessellate":"-1","extrude":"0","visibility":"-1","drawOrder":null,"icon":null,"ETIQ":"AP R1FN Km 1,425","NOM_ACCES":"PTLO-L05-052","AXE":"FN1","PK":"1.425","LONGITUDE":"0°13'23.3507E","LATITUDE":"46°30'16.8213N","LOT":"05","SEI":"58","LIBELLE":"APP FN1 0014-1","LONG_DD":"0.223153","LAT_DD":"46.504673","gx_media_l":null,"_sp_url":null},"geometry":{"type":"Point","coordinates":[0.22315299999999982,46.504673,0.0]}},{"id":"61","type":"Feature","properties":{"Name":"AP R1FN Km 1,900","descriptio":"Attributes\n  ETIQ  AP R1FN Km 1,900 \n  NOM_ACCES  PTLO-L05-043 \n  AXE  FN1 \n  PK  1.9 \n  LONGITUDE  0°13'54.0964E \n  LATITUDE  46°30'30.8512N \n  LOT  05 \n  SEI  58 \n  LIBELLE  APP FN1 0019-1 \n  LONG_DD  0.231693 \n  LAT_DD  46.50857","timestamp":null,"begin":null,"end":null,"altitudeMo":null,"tessellate":"-1","extrude":"0","visibility":"-1","drawOrder":null,"icon":null,"ETIQ":"AP R1FN Km 1,900","NOM_ACCES":"PTLO-L05-043","AXE":"FN1","PK":"1.9","LONGITUDE":"0°13'54.0964E","LATITUDE":"46°30'30.8512N","LOT":"05","SEI":"58","LIBELLE":"APP FN1 0019-1","LONG_DD":"0.231693","LAT_DD":"46.50857","gx_media_l":null,"_sp_url":null},"geometry":{"type":"Point","coordinates":[0.23169300000000026,46.508570000000006,0.0]}},{"id":"62","type":"Feature","properties":{"Name":"AP R2FN Km 0,270","descriptio":"Attributes\n  ETIQ  AP R2FN Km 0,270 \n  NOM_ACCES  PTLO-L05-056 \n  AXE  FN2 \n  PK  0.27 \n  LONGITUDE  0°13'2.0346E \n  LATITUDE  46°30'3.5664N \n  LOT  05 \n  SEI  58 \n  LIBELLE  APP FN2 0027-2 \n  LONG_DD  0.217232 \n  LAT_DD  46.500991","timestamp":null,"begin":null,"end":null,"altitudeMo":null,"tessellate":"-1","extrude":"0","visibility":"-1","drawOrder":null,"icon":null,"ETIQ":"AP R2FN Km 0,270","NOM_ACCES":"PTLO-L05-056","AXE":"FN2","PK":"0.27","LONGITUDE":"0°13'2.0346E","LATITUDE":"46°30'3.5664N","LOT":"05","SEI":"58","LIBELLE":"APP FN2 0027-2","LONG_DD":"0.217232","LAT_DD":"46.500991","gx_media_l":null,"_sp_url":null},"geometry":{"type":"Point","coordinates":[0.21723200000000023,46.500991,0.0]}},{"id":"63","type":"Feature","properties":{"Name":"AR R2FN Km 0,375","descriptio":"Attributes\n  ETIQ  AR R2FN Km 0,375 \n  NOM_ACCES  PTLA-L05-032a \n  AXE  FN2 \n  PK  0.375 \n  LONGITUDE  0°13'4.6362E \n  LATITUDE  46°30'5.5537N \n  LOT  05 \n  SEI  58 \n  LIBELLE  ARP FN0 0003-2 \n  LONG_DD  0.217954 \n  LAT_DD  46.501543","timestamp":null,"begin":null,"end":null,"altitudeMo":null,"tessellate":"-1","extrude":"0","visibility":"-1","drawOrder":null,"icon":null,"ETIQ":"AR R2FN Km 0,375","NOM_ACCES":"PTLA-L05-032a","AXE":"FN2","PK":"0.375","LONGITUDE":"0°13'4.6362E","LATITUDE":"46°30'5.5537N","LOT":"05","SEI":"58","LIBELLE":"ARP FN0 0003-2","LONG_DD":"0.217954","LAT_DD":"46.501543","gx_media_l":null,"_sp_url":null},"geometry":{"type":"Point","coordinates":[0.21795400000000048,46.50154300000001,0.0]}},{"id":"64","type":"Feature","properties":{"Name":"AP R2FN Km 1,195","descriptio":"Attributes\n  ETIQ  AP R2FN Km 1,195 \n  NOM_ACCES  PTLO-L05-044 \n  AXE  FN2 \n  PK  1.195 \n  LONGITUDE  0°13'33.4638E \n  LATITUDE  46°30'23.0758N \n  LOT  05 \n  SEI  58 \n  LIBELLE  APP FN2 0011-2 \n  LONG_DD  0.225962 \n  LAT_DD  46.50641","timestamp":null,"begin":null,"end":null,"altitudeMo":null,"tessellate":"-1","extrude":"0","visibility":"-1","drawOrder":null,"icon":null,"ETIQ":"AP R2FN Km 1,195","NOM_ACCES":"PTLO-L05-044","AXE":"FN2","PK":"1.195","LONGITUDE":"0°13'33.4638E","LATITUDE":"46°30'23.0758N","LOT":"05","SEI":"58","LIBELLE":"APP FN2 0011-2","LONG_DD":"0.225962","LAT_DD":"46.50641","gx_media_l":null,"_sp_url":null},"geometry":{"type":"Point","coordinates":[0.22596200000000013,46.50641,0.0]}},{"id":"65","type":"Feature","properties":{"Name":"AR R2FN Km 1,424","descriptio":"Attributes\n  ETIQ  AR R2FN Km 1,424 \n  NOM_ACCES  PTLA-L05-034 \n  AXE  FN2 \n  PK  1.424 \n  LONGITUDE  0°13'42.2829E \n  LATITUDE  46°30'27.452N \n  LOT  05 \n  SEI  58 \n  LIBELLE  ARP FN2 0014-2 \n  LONG_DD  0.228412 \n  LAT_DD  46.507626","timestamp":null,"begin":null,"end":null,"altitudeMo":null,"tessellate":"-1","extrude":"0","visibility":"-1","drawOrder":null,"icon":null,"ETIQ":"AR R2FN Km 1,424","NOM_ACCES":"PTLA-L05-034","AXE":"FN2","PK":"1.424","LONGITUDE":"0°13'42.2829E","LATITUDE":"46°30'27.452N","LOT":"05","SEI":"58","LIBELLE":"ARP FN2 0014-2","LONG_DD":"0.228412","LAT_DD":"46.507626","gx_media_l":null,"_sp_url":null},"geometry":{"type":"Point","coordinates":[0.22841200000000067,46.507626,0.0]}},{"id":"66","type":"Feature","properties":{"Name":"AP R1FN Km 2,440","descriptio":"Attributes\n  ETIQ  AP R1FN Km 2,440 \n  NOM_ACCES  PTLO-L05-035 \n  AXE  FN1 \n  PK  2.44 \n  LONGITUDE  0°14'9.0269E \n  LATITUDE  46°30'53.7385N \n  LOT  05 \n  SEI  58 \n  LIBELLE  APP FN1 0024-1 \n  LONG_DD  0.235841 \n  LAT_DD  46.514927","timestamp":null,"begin":null,"end":null,"altitudeMo":null,"tessellate":"-1","extrude":"0","visibility":"-1","drawOrder":null,"icon":null,"ETIQ":"AP R1FN Km 2,440","NOM_ACCES":"PTLO-L05-035","AXE":"FN1","PK":"2.44","LONGITUDE":"0°14'9.0269E","LATITUDE":"46°30'53.7385N","LOT":"05","SEI":"58","LIBELLE":"APP FN1 0024-1","LONG_DD":"0.235841","LAT_DD":"46.514927","gx_media_l":null,"_sp_url":null},"geometry":{"type":"Point","coordinates":[0.23584100000000055,46.514926999999986,0.0]}},{"id":"67","type":"Feature","properties":{"Name":"AR R1FN Km 2,831","descriptio":"Attributes\n  ETIQ  AR R1FN Km 2,831 \n  NOM_ACCES  PTLA-L05-017 \n  AXE  FN1 \n  PK  2.831 \n  LONGITUDE  0°14'14.266E \n  LATITUDE  46°31'4.794N \n  LOT  05 \n  SEI  58 \n  LIBELLE  ARP FN1 0028-1 \n  LONG_DD  0.237296 \n  LAT_DD  46.517998","timestamp":null,"begin":null,"end":null,"altitudeMo":null,"tessellate":"-1","extrude":"0","visibility":"-1","drawOrder":null,"icon":null,"ETIQ":"AR R1FN Km 2,831","NOM_ACCES":"PTLA-L05-017","AXE":"FN1","PK":"2.831","LONGITUDE":"0°14'14.266E","LATITUDE":"46°31'4.794N","LOT":"05","SEI":"58","LIBELLE":"ARP FN1 0028-1","LONG_DD":"0.237296","LAT_DD":"46.517998","gx_media_l":null,"_sp_url":null},"geometry":{"type":"Point","coordinates":[0.2372959999999992,46.51799800000001,0.0]}},{"id":"68","type":"Feature","properties":{"Name":"AP R1FN Km 3,185","descriptio":"Attributes\n  ETIQ  AP R1FN Km 3,185 \n  NOM_ACCES  PTLA-L05-019 \n  AXE  FN1 \n  PK  3.185 \n  LONGITUDE  0°14'15.2746E \n  LATITUDE  46°31'4.6264N \n  LOT  05 \n  SEI  58 \n  LIBELLE  APP FN1 0031-1 \n  LONG_DD  0.237576 \n  LAT_DD  46.517952","timestamp":null,"begin":null,"end":null,"altitudeMo":null,"tessellate":"-1","extrude":"0","visibility":"-1","drawOrder":null,"icon":null,"ETIQ":"AP R1FN Km 3,185","NOM_ACCES":"PTLA-L05-019","AXE":"FN1","PK":"3.185","LONGITUDE":"0°14'15.2746E","LATITUDE":"46°31'4.6264N","LOT":"05","SEI":"58","LIBELLE":"APP FN1 0031-1","LONG_DD":"0.237576","LAT_DD":"46.517952","gx_media_l":null,"_sp_url":null},"geometry":{"type":"Point","coordinates":[0.2375759999999991,46.517952,0.0]}},{"id":"69","type":"Feature","properties":{"Name":"AR R1FN Km 3,432","descriptio":"Attributes\n  ETIQ  AR R1FN Km 3,432 \n  NOM_ACCES  PTLA-L05-019 \n  AXE  FN1 \n  PK  3.432 \n  LONGITUDE  0°14'15.2746E \n  LATITUDE  46°31'4.6264N \n  LOT  05 \n  SEI  58 \n  LIBELLE  ARP FN1 0034-1 \n  LONG_DD  0.237576 \n  LAT_DD  46.517952","timestamp":null,"begin":null,"end":null,"altitudeMo":null,"tessellate":"-1","extrude":"0","visibility":"-1","drawOrder":null,"icon":null,"ETIQ":"AR R1FN Km 3,432","NOM_ACCES":"PTLA-L05-019","AXE":"FN1","PK":"3.432","LONGITUDE":"0°14'15.2746E","LATITUDE":"46°31'4.6264N","LOT":"05","SEI":"58","LIBELLE":"ARP FN1 0034-1","LONG_DD":"0.237576","LAT_DD":"46.517952","gx_media_l":null,"_sp_url":null},"geometry":{"type":"Point","coordinates":[0.2375759999999991,46.517952,0.0]}},{"id":"70","type":"Feature","properties":{"Name":"AP R2FN Km 1,770","descriptio":"Attributes\n  ETIQ  AP R2FN Km 1,770 \n  NOM_ACCES  PTLA-L05-032 \n  AXE  FN2 \n  PK  1.77 \n  LONGITUDE  0°13'52.4238E \n  LATITUDE  46°30'35.7292N \n  LOT  05 \n  SEI  58 \n  LIBELLE  APP FN2 0017-2 \n  LONG_DD  0.231229 \n  LAT_DD  46.509925","timestamp":null,"begin":null,"end":null,"altitudeMo":null,"tessellate":"-1","extrude":"0","visibility":"-1","drawOrder":null,"icon":null,"ETIQ":"AP R2FN Km 1,770","NOM_ACCES":"PTLA-L05-032","AXE":"FN2","PK":"1.77","LONGITUDE":"0°13'52.4238E","LATITUDE":"46°30'35.7292N","LOT":"05","SEI":"58","LIBELLE":"APP FN2 0017-2","LONG_DD":"0.231229","LAT_DD":"46.509925","gx_media_l":null,"_sp_url":null},"geometry":{"type":"Point","coordinates":[0.231229,46.509924999999996,0.0]}},{"id":"71","type":"Feature","properties":{"Name":"AR R2FN Km 2,158","descriptio":"Attributes\n  ETIQ  AR R2FN Km 2,158 \n  NOM_ACCES  PTLA-L05-032b \n  AXE  FN2 \n  PK  2.158 \n  LONGITUDE  0°13'58.1957E \n  LATITUDE  46°30'43.4332N \n  LOT  05 \n  SEI  58 \n  LIBELLE  ARP FN2 0021-2 \n  LONG_DD  0.232832 \n  LAT_DD  46.512065","timestamp":null,"begin":null,"end":null,"altitudeMo":null,"tessellate":"-1","extrude":"0","visibility":"-1","drawOrder":null,"icon":null,"ETIQ":"AR R2FN Km 2,158","NOM_ACCES":"PTLA-L05-032b","AXE":"FN2","PK":"2.158","LONGITUDE":"0°13'58.1957E","LATITUDE":"46°30'43.4332N","LOT":"05","SEI":"58","LIBELLE":"ARP FN2 0021-2","LONG_DD":"0.232832","LAT_DD":"46.512065","gx_media_l":null,"_sp_url":null},"geometry":{"type":"Point","coordinates":[0.2328320000000002,46.51206499999999,0.0]}},{"id":"72","type":"Feature","properties":{"Name":"AP R1FS Km 0,100","descriptio":"Attributes\n  ETIQ  AP R1FS Km 0,100 \n  NOM_ACCES  PTLO-L05-033 \n  AXE  FS1 \n  PK  0.1 \n  LONGITUDE  0°14'41.0478E \n  LATITUDE  46°30'49.4163N \n  LOT  05 \n  SEI  58 \n  LIBELLE  APP FS1 0001-1 \n  LONG_DD  0.244736 \n  LAT_DD  46.513727","timestamp":null,"begin":null,"end":null,"altitudeMo":null,"tessellate":"-1","extrude":"0","visibility":"-1","drawOrder":null,"icon":null,"ETIQ":"AP R1FS Km 0,100","NOM_ACCES":"PTLO-L05-033","AXE":"FS1","PK":"0.1","LONGITUDE":"0°14'41.0478E","LATITUDE":"46°30'49.4163N","LOT":"05","SEI":"58","LIBELLE":"APP FS1 0001-1","LONG_DD":"0.244736","LAT_DD":"46.513727","gx_media_l":null,"_sp_url":null},"geometry":{"type":"Point","coordinates":[0.24473600000000004,46.513727,0.0]}},{"id":"73","type":"Feature","properties":{"Name":"AP R1FS Km 0,438","descriptio":"Attributes\n  ETIQ  AP R1FS Km 0,438 \n  NOM_ACCES  PTLO-L05-039 \n  AXE  FS1 \n  PK  0.438 \n  LONGITUDE  0°14'31.656E \n  LATITUDE  46°30'44.3142N \n  LOT  05 \n  SEI  58 \n  LIBELLE  APP FS1 0004-1 \n  LONG_DD  0.242127 \n  LAT_DD  46.51231","timestamp":null,"begin":null,"end":null,"altitudeMo":null,"tessellate":"-1","extrude":"0","visibility":"-1","drawOrder":null,"icon":null,"ETIQ":"AP R1FS Km 0,438","NOM_ACCES":"PTLO-L05-039","AXE":"FS1","PK":"0.438","LONGITUDE":"0°14'31.656E","LATITUDE":"46°30'44.3142N","LOT":"05","SEI":"58","LIBELLE":"APP FS1 0004-1","LONG_DD":"0.242127","LAT_DD":"46.51231","gx_media_l":null,"_sp_url":null},"geometry":{"type":"Point","coordinates":[0.24212700000000056,46.512309999999985,0.0]}},{"id":"74","type":"Feature","properties":{"Name":"AR R1FS Km 0,976","descriptio":"Attributes\n  ETIQ  AR R1FS Km 0,976 \n  NOM_ACCES  PTLA-L05-029 \n  AXE  FS1 \n  PK  0.976 \n  LONGITUDE  0°14'12.5301E \n  LATITUDE  46°30'34.7206N \n  LOT  05 \n  SEI  58 \n  LIBELLE  RRG FS1 0009-1 \n  LONG_DD  0.236814 \n  LAT_DD  46.509645","timestamp":null,"begin":null,"end":null,"altitudeMo":null,"tessellate":"-1","extrude":"0","visibility":"-1","drawOrder":null,"icon":null,"ETIQ":"AR R1FS Km 0,976","NOM_ACCES":"PTLA-L05-029","AXE":"FS1","PK":"0.976","LONGITUDE":"0°14'12.5301E","LATITUDE":"46°30'34.7206N","LOT":"05","SEI":"58","LIBELLE":"RRG FS1 0009-1","LONG_DD":"0.236814","LAT_DD":"46.509645","gx_media_l":null,"_sp_url":null},"geometry":{"type":"Point","coordinates":[0.2368140000000005,46.50964499999999,0.0]}},{"id":"75","type":"Feature","properties":{"Name":"AR R1FS Km 1,845","descriptio":"Attributes\n  ETIQ  AR R1FS Km 1,845 \n  NOM_ACCES  PTLA-L05-033 \n  AXE  FS1 \n  PK  1.845 \n  LONGITUDE  0°13'44.6702E \n  LATITUDE  46°30'10.5568N \n  LOT  05 \n  SEI  58 \n  LIBELLE  ARP FS1 0018-1 \n  LONG_DD  0.229075 \n  LAT_DD  46.502932","timestamp":null,"begin":null,"end":null,"altitudeMo":null,"tessellate":"-1","extrude":"0","visibility":"-1","drawOrder":null,"icon":null,"ETIQ":"AR R1FS Km 1,845","NOM_ACCES":"PTLA-L05-033","AXE":"FS1","PK":"1.845","LONGITUDE":"0°13'44.6702E","LATITUDE":"46°30'10.5568N","LOT":"05","SEI":"58","LIBELLE":"ARP FS1 0018-1","LONG_DD":"0.229075","LAT_DD":"46.502932","gx_media_l":null,"_sp_url":null},"geometry":{"type":"Point","coordinates":[0.2290750000000002,46.50293200000001,0.0]}},{"id":"76","type":"Feature","properties":{"Name":"AR R1FS Km 2,225","descriptio":"Attributes\n  ETIQ  AR R1FS Km 2,225 \n  NOM_ACCES  PTLA-L05-033a \n  AXE  FS1 \n  PK  2.225 \n  LONGITUDE  0°13'39.4713E \n  LATITUDE  46°30'2.319N \n  LOT  05 \n  SEI  58 \n  LIBELLE  ARP FS1 0022-1 \n  LONG_DD  0.227631 \n  LAT_DD  46.500644","timestamp":null,"begin":null,"end":null,"altitudeMo":null,"tessellate":"-1","extrude":"0","visibility":"-1","drawOrder":null,"icon":null,"ETIQ":"AR R1FS Km 2,225","NOM_ACCES":"PTLA-L05-033a","AXE":"FS1","PK":"2.225","LONGITUDE":"0°13'39.4713E","LATITUDE":"46°30'2.319N","LOT":"05","SEI":"58","LIBELLE":"ARP FS1 0022-1","LONG_DD":"0.227631","LAT_DD":"46.500644","gx_media_l":null,"_sp_url":null},"geometry":{"type":"Point","coordinates":[0.2276309999999997,46.50064400000002,0.0]}},{"id":"77","type":"Feature","properties":{"Name":"AP R1FS Km 2,500","descriptio":"Attributes\n  ETIQ  AP R1FS Km 2,500 \n  NOM_ACCES  PTLA-L05-033b \n  AXE  FS1 \n  PK  2.5 \n  LONGITUDE  0°13'37.7118E \n  LATITUDE  46°29'58.9549N \n  LOT  05 \n  SEI  58 \n  LIBELLE  APP FS1 0025-1 \n  LONG_DD  0.227142 \n  LAT_DD  46.49971","timestamp":null,"begin":null,"end":null,"altitudeMo":null,"tessellate":"-1","extrude":"0","visibility":"-1","drawOrder":null,"icon":null,"ETIQ":"AP R1FS Km 2,500","NOM_ACCES":"PTLA-L05-033b","AXE":"FS1","PK":"2.5","LONGITUDE":"0°13'37.7118E","LATITUDE":"46°29'58.9549N","LOT":"05","SEI":"58","LIBELLE":"APP FS1 0025-1","LONG_DD":"0.227142","LAT_DD":"46.49971","gx_media_l":null,"_sp_url":null},"geometry":{"type":"Point","coordinates":[0.22714199999999957,46.49971,0.0]}},{"id":"78","type":"Feature","properties":{"Name":"AR R1FS Km 2,667","descriptio":"Attributes\n  ETIQ  AR R1FS Km 2,667 \n  NOM_ACCES  PTLA-L05-033b \n  AXE  FS1 \n  PK  2.667 \n  LONGITUDE  0°13'37.7118E \n  LATITUDE  46°29'58.9549N \n  LOT  05 \n  SEI  58 \n  LIBELLE  ARP FS1 0026-1 \n  LONG_DD  0.227142 \n  LAT_DD  46.49971","timestamp":null,"begin":null,"end":null,"altitudeMo":null,"tessellate":"-1","extrude":"0","visibility":"-1","drawOrder":null,"icon":null,"ETIQ":"AR R1FS Km 2,667","NOM_ACCES":"PTLA-L05-033b","AXE":"FS1","PK":"2.667","LONGITUDE":"0°13'37.7118E","LATITUDE":"46°29'58.9549N","LOT":"05","SEI":"58","LIBELLE":"ARP FS1 0026-1","LONG_DD":"0.227142","LAT_DD":"46.49971","gx_media_l":null,"_sp_url":null},"geometry":{"type":"Point","coordinates":[0.22714199999999957,46.49971,0.0]}},{"id":"79","type":"Feature","properties":{"Name":"AR R1FS Km 3,143","descriptio":"Attributes\n  ETIQ  AR R1FS Km 3,143 \n  NOM_ACCES  PTLA-L05-035 \n  AXE  FS1 \n  PK  3.143 \n  LONGITUDE  0°13'20.3576E \n  LATITUDE  46°29'31.5049N \n  LOT  05 \n  SEI  58 \n  LIBELLE  ARP FS1 0031-1 \n  LONG_DD  0.222322 \n  LAT_DD  46.492085","timestamp":null,"begin":null,"end":null,"altitudeMo":null,"tessellate":"-1","extrude":"0","visibility":"-1","drawOrder":null,"icon":null,"ETIQ":"AR R1FS Km 3,143","NOM_ACCES":"PTLA-L05-035","AXE":"FS1","PK":"3.143","LONGITUDE":"0°13'20.3576E","LATITUDE":"46°29'31.5049N","LOT":"05","SEI":"58","LIBELLE":"ARP FS1 0031-1","LONG_DD":"0.222322","LAT_DD":"46.492085","gx_media_l":null,"_sp_url":null},"geometry":{"type":"Point","coordinates":[0.22232199999999996,46.49208500000002,0.0]}},{"id":"80","type":"Feature","properties":{"Name":"AP R2FS Km 0,220","descriptio":"Attributes\n  ETIQ  AP R2FS Km 0,220 \n  NOM_ACCES  PTLA-L05-048 \n  AXE  FS2 \n  PK  0.22 \n  LONGITUDE  0°14'47.3518E \n  LATITUDE  46°30'54.139N \n  LOT  05 \n  SEI  58 \n  LIBELLE  APP FS2 0002-2 \n  LONG_DD  0.246487 \n  LAT_DD  46.515039","timestamp":null,"begin":null,"end":null,"altitudeMo":null,"tessellate":"-1","extrude":"0","visibility":"-1","drawOrder":null,"icon":null,"ETIQ":"AP R2FS Km 0,220","NOM_ACCES":"PTLA-L05-048","AXE":"FS2","PK":"0.22","LONGITUDE":"0°14'47.3518E","LATITUDE":"46°30'54.139N","LOT":"05","SEI":"58","LIBELLE":"APP FS2 0002-2","LONG_DD":"0.246487","LAT_DD":"46.515039","gx_media_l":null,"_sp_url":null},"geometry":{"type":"Point","coordinates":[0.2464870000000002,46.51503900000001,0.0]}},{"id":"81","type":"Feature","properties":{"Name":"AP R2FS Km 1,200","descriptio":"Attributes\n  ETIQ  AP R2FS Km 1,200 \n  NOM_ACCES  PTLO-L05-041 \n  AXE  FS2 \n  PK  1.2 \n  LONGITUDE  0°14'3.3481E \n  LATITUDE  46°30'35.0815N \n  LOT  05 \n  SEI  58 \n  LIBELLE  APP FS2 0012-2 \n  LONG_DD  0.234263 \n  LAT_DD  46.509745","timestamp":null,"begin":null,"end":null,"altitudeMo":null,"tessellate":"-1","extrude":"0","visibility":"-1","drawOrder":null,"icon":null,"ETIQ":"AP R2FS Km 1,200","NOM_ACCES":"PTLO-L05-041","AXE":"FS2","PK":"1.2","LONGITUDE":"0°14'3.3481E","LATITUDE":"46°30'35.0815N","LOT":"05","SEI":"58","LIBELLE":"APP FS2 0012-2","LONG_DD":"0.234263","LAT_DD":"46.509745","gx_media_l":null,"_sp_url":null},"geometry":{"type":"Point","coordinates":[0.23426300000000136,46.50974500000001,0.0]}},{"id":"82","type":"Feature","properties":{"Name":"AP R2FS Km 2,000","descriptio":"Attributes\n  ETIQ  AP R2FS Km 2,000 \n  NOM_ACCES  PTLO-L05-046 \n  AXE  FS2 \n  PK  2 \n  LONGITUDE  0°13'43.2371E \n  LATITUDE  46°30'16.1859N \n  LOT  05 \n  SEI  58 \n  LIBELLE  APP FS2 0020-2 \n  LONG_DD  0.228677 \n  LAT_DD  46.504496","timestamp":null,"begin":null,"end":null,"altitudeMo":null,"tessellate":"-1","extrude":"0","visibility":"-1","drawOrder":null,"icon":null,"ETIQ":"AP R2FS Km 2,000","NOM_ACCES":"PTLO-L05-046","AXE":"FS2","PK":"2","LONGITUDE":"0°13'43.2371E","LATITUDE":"46°30'16.1859N","LOT":"05","SEI":"58","LIBELLE":"APP FS2 0020-2","LONG_DD":"0.228677","LAT_DD":"46.504496","gx_media_l":null,"_sp_url":null},"geometry":{"type":"Point","coordinates":[0.22867700000000007,46.504496,0.0]}},{"id":"83","type":"Feature","properties":{"Name":"AR R2FS Km 2,508","descriptio":"Attributes\n  ETIQ  AR R2FS Km 2,508 \n  NOM_ACCES  PTLA-L05-036 \n  AXE  FS2 \n  PK  2.508 \n  LONGITUDE  0°13'31.6459E \n  LATITUDE  46°30'1.9552N \n  LOT  05 \n  SEI  58 \n  LIBELLE  ARP FS2 0021-2 \n  LONG_DD  0.225457 \n  LAT_DD  46.500543","timestamp":null,"begin":null,"end":null,"altitudeMo":null,"tessellate":"-1","extrude":"0","visibility":"-1","drawOrder":null,"icon":null,"ETIQ":"AR R2FS Km 2,508","NOM_ACCES":"PTLA-L05-036","AXE":"FS2","PK":"2.508","LONGITUDE":"0°13'31.6459E","LATITUDE":"46°30'1.9552N","LOT":"05","SEI":"58","LIBELLE":"ARP FS2 0021-2","LONG_DD":"0.225457","LAT_DD":"46.500543","gx_media_l":null,"_sp_url":null},"geometry":{"type":"Point","coordinates":[0.22545700000000074,46.500543,0.0]}},{"id":"84","type":"Feature","properties":{"Name":"AR R2FS Km 3,242","descriptio":"Attributes\n  ETIQ  AR R2FS Km 3,242 \n  NOM_ACCES  PTLA-L05-040 \n  AXE  FS2 \n  PK  3.242 \n  LONGITUDE  0°13'17.5642E \n  LATITUDE  46°29'32.7894N \n  LOT  05 \n  SEI  58 \n  LIBELLE  ARP FS2 0032-2 \n  LONG_DD  0.221546 \n  LAT_DD  46.492442","timestamp":null,"begin":null,"end":null,"altitudeMo":null,"tessellate":"-1","extrude":"0","visibility":"-1","drawOrder":null,"icon":null,"ETIQ":"AR R2FS Km 3,242","NOM_ACCES":"PTLA-L05-040","AXE":"FS2","PK":"3.242","LONGITUDE":"0°13'17.5642E","LATITUDE":"46°29'32.7894N","LOT":"05","SEI":"58","LIBELLE":"ARP FS2 0032-2","LONG_DD":"0.221546","LAT_DD":"46.492442","gx_media_l":null,"_sp_url":null},"geometry":{"type":"Point","coordinates":[0.2215460000000001,46.49244200000002,0.0]}},{"id":"85","type":"Feature","properties":{"Name":"AP R2FS Km 3,530","descriptio":"Attributes\n  ETIQ  AP R2FS Km 3,530 \n  NOM_ACCES  PTLO-L06-002 \n  AXE  FS2 \n  PK  3.53 \n  LONGITUDE  0°13'14.5233E \n  LATITUDE  46°29'27.6141N \n  LOT  06 \n  SEI  58 \n  LIBELLE  APP FS2 0035-2 \n  LONG_DD  0.220701 \n  LAT_DD  46.491004","timestamp":null,"begin":null,"end":null,"altitudeMo":null,"tessellate":"-1","extrude":"0","visibility":"-1","drawOrder":null,"icon":null,"ETIQ":"AP R2FS Km 3,530","NOM_ACCES":"PTLO-L06-002","AXE":"FS2","PK":"3.53","LONGITUDE":"0°13'14.5233E","LATITUDE":"46°29'27.6141N","LOT":"06","SEI":"58","LIBELLE":"APP FS2 0035-2","LONG_DD":"0.220701","LAT_DD":"46.491004","gx_media_l":null,"_sp_url":null},"geometry":{"type":"Point","coordinates":[0.22070100000000092,46.49100400000001,0.0]}},{"id":"86","type":"Feature","properties":{"Name":"AP RJ Km 0,589","descriptio":"Attributes\n  ETIQ  AP RJ Km 0,589 \n  NOM_ACCES  PTLA L09-020 \n  AXE  JU2 \n  PK  0.589 \n  LONGITUDE  0°7'24.8006E \n  LATITUDE  45°54'35.2853N \n  LOT  09 \n  SEI  61 \n  LIBELLE  APP JU2 0005-2 \n  LONG_DD  0.123556 \n  LAT_DD  45.909801","timestamp":null,"begin":null,"end":null,"altitudeMo":null,"tessellate":"-1","extrude":"0","visibility":"-1","drawOrder":null,"icon":null,"ETIQ":"AP RJ Km 0,589","NOM_ACCES":"PTLA L09-020","AXE":"JU2","PK":"0.589","LONGITUDE":"0°7'24.8006E","LATITUDE":"45°54'35.2853N","LOT":"09","SEI":"61","LIBELLE":"APP JU2 0005-2","LONG_DD":"0.123556","LAT_DD":"45.909801","gx_media_l":null,"_sp_url":null},"geometry":{"type":"Point","coordinates":[0.12355600000000008,45.909800999999995,0.0]}},{"id":"87","type":"Feature","properties":{"Name":"AR RJ Km 0,614","descriptio":"Attributes\n  ETIQ  AR RJ Km 0,614 \n  NOM_ACCES  PTLA L09-020 \n  AXE  JU2 \n  PK  0.614 \n  LONGITUDE  0°7'24.8006E \n  LATITUDE  45°54'35.2853N \n  LOT  09 \n  SEI  61 \n  LIBELLE  ARP JU2 0006-2 \n  LONG_DD  0.123556 \n  LAT_DD  45.909801","timestamp":null,"begin":null,"end":null,"altitudeMo":null,"tessellate":"-1","extrude":"0","visibility":"-1","drawOrder":null,"icon":null,"ETIQ":"AR RJ Km 0,614","NOM_ACCES":"PTLA L09-020","AXE":"JU2","PK":"0.614","LONGITUDE":"0°7'24.8006E","LATITUDE":"45°54'35.2853N","LOT":"09","SEI":"61","LIBELLE":"ARP JU2 0006-2","LONG_DD":"0.123556","LAT_DD":"45.909801","gx_media_l":null,"_sp_url":null},"geometry":{"type":"Point","coordinates":[0.12355600000000008,45.909800999999995,0.0]}},{"id":"88","type":"Feature","properties":{"Name":"AP RJ Km 1,100","descriptio":"Attributes\n  ETIQ  AP RJ Km 1,100 \n  NOM_ACCES  PTLO L09-022 \n  AXE  JU2 \n  PK  1.1 \n  LONGITUDE  0°7'30.1191E \n  LATITUDE  45°54'50.466N \n  LOT  09 \n  SEI  61 \n  LIBELLE  APP JU2 0011-2 \n  LONG_DD  0.125033 \n  LAT_DD  45.914018","timestamp":null,"begin":null,"end":null,"altitudeMo":null,"tessellate":"-1","extrude":"0","visibility":"-1","drawOrder":null,"icon":null,"ETIQ":"AP RJ Km 1,100","NOM_ACCES":"PTLO L09-022","AXE":"JU2","PK":"1.1","LONGITUDE":"0°7'30.1191E","LATITUDE":"45°54'50.466N","LOT":"09","SEI":"61","LIBELLE":"APP JU2 0011-2","LONG_DD":"0.125033","LAT_DD":"45.914018","gx_media_l":null,"_sp_url":null},"geometry":{"type":"Point","coordinates":[0.12503300000000064,45.914018000000006,0.0]}},{"id":"89","type":"Feature","properties":{"Name":"AP RJ Km 1,138","descriptio":"Attributes\n  ETIQ  AP RJ Km 1,138 \n  NOM_ACCES  PTLO L09-026 \n  AXE  JU2 \n  PK  1.138 \n  LONGITUDE  0°7'31.8955E \n  LATITUDE  45°54'51.5666N \n  LOT  09 \n  SEI  61 \n  LIBELLE  APP JU2 0011-1 \n  LONG_DD  0.125527 \n  LAT_DD  45.914324","timestamp":null,"begin":null,"end":null,"altitudeMo":null,"tessellate":"-1","extrude":"0","visibility":"-1","drawOrder":null,"icon":null,"ETIQ":"AP RJ Km 1,138","NOM_ACCES":"PTLO L09-026","AXE":"JU2","PK":"1.138","LONGITUDE":"0°7'31.8955E","LATITUDE":"45°54'51.5666N","LOT":"09","SEI":"61","LIBELLE":"APP JU2 0011-1","LONG_DD":"0.125527","LAT_DD":"45.914324","gx_media_l":null,"_sp_url":null},"geometry":{"type":"Point","coordinates":[0.1255269999999999,45.914324,0.0]}},{"id":"90","type":"Feature","properties":{"Name":"AR RJ Km 1,893","descriptio":"Attributes\n  ETIQ  AR RJ Km 1,893 \n  NOM_ACCES  PTLA L09-018 \n  AXE  JU2 \n  PK  1.893 \n  LONGITUDE  0°7'34.0296E \n  LATITUDE  45°55'13.6216N \n  LOT  09 \n  SEI  61 \n  LIBELLE  ARP JU2 0019-2 \n  LONG_DD  0.126119 \n  LAT_DD  45.92045","timestamp":null,"begin":null,"end":null,"altitudeMo":null,"tessellate":"-1","extrude":"0","visibility":"-1","drawOrder":null,"icon":null,"ETIQ":"AR RJ Km 1,893","NOM_ACCES":"PTLA L09-018","AXE":"JU2","PK":"1.893","LONGITUDE":"0°7'34.0296E","LATITUDE":"45°55'13.6216N","LOT":"09","SEI":"61","LIBELLE":"ARP JU2 0019-2","LONG_DD":"0.126119","LAT_DD":"45.92045","gx_media_l":null,"_sp_url":null},"geometry":{"type":"Point","coordinates":[0.12611900000000095,45.92044999999999,0.0]}},{"id":"91","type":"Feature","properties":{"Name":"AP RJ Km 2,278","descriptio":"Attributes\n  ETIQ  AP RJ Km 2,278 \n  NOM_ACCES  PTLO L09-020 \n  AXE  JU2 \n  PK  2.278 \n  LONGITUDE  0°7'34.1472E \n  LATITUDE  45°55'28.3432N \n  LOT  09 \n  SEI  61 \n  LIBELLE  APP JU2 0022-2 \n  LONG_DD  0.126152 \n  LAT_DD  45.92454","timestamp":null,"begin":null,"end":null,"altitudeMo":null,"tessellate":"-1","extrude":"0","visibility":"-1","drawOrder":null,"icon":null,"ETIQ":"AP RJ Km 2,278","NOM_ACCES":"PTLO L09-020","AXE":"JU2","PK":"2.278","LONGITUDE":"0°7'34.1472E","LATITUDE":"45°55'28.3432N","LOT":"09","SEI":"61","LIBELLE":"APP JU2 0022-2","LONG_DD":"0.126152","LAT_DD":"45.92454","gx_media_l":null,"_sp_url":null},"geometry":{"type":"Point","coordinates":[0.12615199999999985,45.92453999999998,0.0]}},{"id":"92","type":"Feature","properties":{"Name":"AP LV Km 0,010","descriptio":"Attributes\n  ETIQ  AP LV Km 0,010 \n  NOM_ACCES  PTLA 10-013 \n  AXE  VN2 \n  PK  0.01 \n  LONGITUDE  0°6'19.5734E \n  LATITUDE  45°52'46.3834N \n  LOT  10 \n  SEI  62 \n  LIBELLE  APP VN2 0000-1 \n  LONG_DD  0.105437 \n  LAT_DD  45.879551","timestamp":null,"begin":null,"end":null,"altitudeMo":null,"tessellate":"-1","extrude":"0","visibility":"-1","drawOrder":null,"icon":null,"ETIQ":"AP LV Km 0,010","NOM_ACCES":"PTLA 10-013","AXE":"VN2","PK":"0.01","LONGITUDE":"0°6'19.5734E","LATITUDE":"45°52'46.3834N","LOT":"10","SEI":"62","LIBELLE":"APP VN2 0000-1","LONG_DD":"0.105437","LAT_DD":"45.879551","gx_media_l":null,"_sp_url":null},"geometry":{"type":"Point","coordinates":[0.1054370000000003,45.87955100000001,0.0]}},{"id":"93","type":"Feature","properties":{"Name":"AR LV Km 0,895","descriptio":"Attributes\n  ETIQ  AR LV Km 0,895 \n  NOM_ACCES  PTLA 10-010 \n  AXE  VN2 \n  PK  0.895 \n  LONGITUDE  0°6'14.9308E \n  LATITUDE  45°52'12.7634N \n  LOT  10 \n  SEI  62 \n  LIBELLE  ARP VN2 0008-2 \n  LONG_DD  0.104147 \n  LAT_DD  45.870212","timestamp":null,"begin":null,"end":null,"altitudeMo":null,"tessellate":"-1","extrude":"0","visibility":"-1","drawOrder":null,"icon":null,"ETIQ":"AR LV Km 0,895","NOM_ACCES":"PTLA 10-010","AXE":"VN2","PK":"0.895","LONGITUDE":"0°6'14.9308E","LATITUDE":"45°52'12.7634N","LOT":"10","SEI":"62","LIBELLE":"ARP VN2 0008-2","LONG_DD":"0.104147","LAT_DD":"45.870212","gx_media_l":null,"_sp_url":null},"geometry":{"type":"Point","coordinates":[0.10414700000000084,45.870212,0.0]}},{"id":"94","type":"Feature","properties":{"Name":"AP R2CO Km 0,534","descriptio":"Attributes\n  ETIQ  AP R2CO Km 0,534 \n  NOM_ACCES  PTLA-L12-046 \n  AXE  CE2 \n  PK  0.235 \n  LONGITUDE  0°5'45.0506E \n  LATITUDE  45°35'42.3473N \n  LOT  12 \n  SEI  64 \n  LIBELLE  APP CE2 0002-2 \n  LONG_DD  0.095847 \n  LAT_DD  45.595096","timestamp":null,"begin":null,"end":null,"altitudeMo":null,"tessellate":"-1","extrude":"0","visibility":"-1","drawOrder":null,"icon":null,"ETIQ":"AP R2CO Km 0,534","NOM_ACCES":"PTLA-L12-046","AXE":"CE2","PK":"0.235","LONGITUDE":"0°5'45.0506E","LATITUDE":"45°35'42.3473N","LOT":"12","SEI":"64","LIBELLE":"APP CE2 0002-2","LONG_DD":"0.095847","LAT_DD":"45.595096","gx_media_l":null,"_sp_url":null},"geometry":{"type":"Point","coordinates":[0.09584699999999957,45.595096,0.0]}},{"id":"95","type":"Feature","properties":{"Name":"AR R2CO Km 0,744","descriptio":"Attributes\n  ETIQ  AR R2CO Km 0,744 \n  NOM_ACCES  PTLA-L12-046 \n  AXE  CE2 \n  PK  0.445 \n  LONGITUDE  0°5'45.0506E \n  LATITUDE  45°35'42.3473N \n  LOT  12 \n  SEI  64 \n  LIBELLE  ARP CE2 0004-2 \n  LONG_DD  0.095847 \n  LAT_DD  45.595096","timestamp":null,"begin":null,"end":null,"altitudeMo":null,"tessellate":"-1","extrude":"0","visibility":"-1","drawOrder":null,"icon":null,"ETIQ":"AR R2CO Km 0,744","NOM_ACCES":"PTLA-L12-046","AXE":"CE2","PK":"0.445","LONGITUDE":"0°5'45.0506E","LATITUDE":"45°35'42.3473N","LOT":"12","SEI":"64","LIBELLE":"ARP CE2 0004-2","LONG_DD":"0.095847","LAT_DD":"45.595096","gx_media_l":null,"_sp_url":null},"geometry":{"type":"Point","coordinates":[0.09584699999999957,45.595096,0.0]}},{"id":"96","type":"Feature","properties":{"Name":"AP R1CO Km 0,476","descriptio":"Attributes\n  ETIQ  AP R1CO Km 0,476 \n  NOM_ACCES  PTLA-L12-041 \n  AXE  CE1 \n  PK  0.476 \n  LONGITUDE  0°5'52.7874E \n  LATITUDE  45°35'46.4257N \n  LOT  12 \n  SEI  64 \n  LIBELLE  APP CE1 0004-1 \n  LONG_DD  0.097997 \n  LAT_DD  45.596229","timestamp":null,"begin":null,"end":null,"altitudeMo":null,"tessellate":"-1","extrude":"0","visibility":"-1","drawOrder":null,"icon":null,"ETIQ":"AP R1CO Km 0,476","NOM_ACCES":"PTLA-L12-041","AXE":"CE1","PK":"0.476","LONGITUDE":"0°5'52.7874E","LATITUDE":"45°35'46.4257N","LOT":"12","SEI":"64","LIBELLE":"APP CE1 0004-1","LONG_DD":"0.097997","LAT_DD":"45.596229","gx_media_l":null,"_sp_url":null},"geometry":{"type":"Point","coordinates":[0.09799700000000025,45.596229,0.0]}},{"id":"97","type":"Feature","properties":{"Name":"AR RV Km 0,480","descriptio":"Attributes\n  ETIQ  AR RV Km 0,480 \n  NOM_ACCES  PTLA 10-007 \n  AXE  VN1 \n  PK  0.48 \n  LONGITUDE  0°7'7.5418E \n  LATITUDE  45°49'53.0301N \n  LOT  10 \n  SEI  62 \n  LIBELLE  ARP VN1 0004-1 \n  LONG_DD  0.118762 \n  LAT_DD  45.831397","timestamp":null,"begin":null,"end":null,"altitudeMo":null,"tessellate":"-1","extrude":"0","visibility":"-1","drawOrder":null,"icon":null,"ETIQ":"AR RV Km 0,480","NOM_ACCES":"PTLA 10-007","AXE":"VN1","PK":"0.48","LONGITUDE":"0°7'7.5418E","LATITUDE":"45°49'53.0301N","LOT":"10","SEI":"62","LIBELLE":"ARP VN1 0004-1","LONG_DD":"0.118762","LAT_DD":"45.831397","gx_media_l":null,"_sp_url":null},"geometry":{"type":"Point","coordinates":[0.1187619999999995,45.83139699999999,0.0]}},{"id":"98","type":"Feature","properties":{"Name":"AP R2CO Km 1,012","descriptio":"Attributes\n  ETIQ  AP R2CO Km 1,012 \n  NOM_ACCES  PTLO-L12-046 \n  AXE  CE2 \n  PK  0.713 \n  LONGITUDE  0°5'40.8556E \n  LATITUDE  45°35'35.857N \n  LOT  12 \n  SEI  64 \n  LIBELLE  APP CE2 0007-2 \n  LONG_DD  0.094682 \n  LAT_DD  45.593294","timestamp":null,"begin":null,"end":null,"altitudeMo":null,"tessellate":"-1","extrude":"0","visibility":"-1","drawOrder":null,"icon":null,"ETIQ":"AP R2CO Km 1,012","NOM_ACCES":"PTLO-L12-046","AXE":"CE2","PK":"0.713","LONGITUDE":"0°5'40.8556E","LATITUDE":"45°35'35.857N","LOT":"12","SEI":"64","LIBELLE":"APP CE2 0007-2","LONG_DD":"0.094682","LAT_DD":"45.593294","gx_media_l":null,"_sp_url":null},"geometry":{"type":"Point","coordinates":[0.0946820000000002,45.59329400000001,0.0]}},{"id":"99","type":"Feature","properties":{"Name":"AP R1CO Km 0,720","descriptio":"Attributes\n  ETIQ  AP R1CO Km 0,720 \n  NOM_ACCES  PTLO-L12-059 \n  AXE  CE1 \n  PK  0.72 \n  LONGITUDE  0°5'50.6473E \n  LATITUDE  45°35'41.8044N \n  LOT  12 \n  SEI  64 \n  LIBELLE  APP CE1 0007-1 \n  LONG_DD  0.097402 \n  LAT_DD  45.594946","timestamp":null,"begin":null,"end":null,"altitudeMo":null,"tessellate":"-1","extrude":"0","visibility":"-1","drawOrder":null,"icon":null,"ETIQ":"AP R1CO Km 0,720","NOM_ACCES":"PTLO-L12-059","AXE":"CE1","PK":"0.72","LONGITUDE":"0°5'50.6473E","LATITUDE":"45°35'41.8044N","LOT":"12","SEI":"64","LIBELLE":"APP CE1 0007-1","LONG_DD":"0.097402","LAT_DD":"45.594946","gx_media_l":null,"_sp_url":null},"geometry":{"type":"Point","coordinates":[0.09740199999999885,45.594945999999986,0.0]}},{"id":"100","type":"Feature","properties":{"Name":"AP R2CO Km 1,199","descriptio":"Attributes\n  ETIQ  AP R2CO Km 1,199 \n  NOM_ACCES  PTLO-L12-048 \n  AXE  CE2 \n  PK  0.9 \n  LONGITUDE  0°5'35.091E \n  LATITUDE  45°35'31.1239N \n  LOT  12 \n  SEI  64 \n  LIBELLE  APP CE2 0009-2 \n  LONG_DD  0.093081 \n  LAT_DD  45.591979","timestamp":null,"begin":null,"end":null,"altitudeMo":null,"tessellate":"-1","extrude":"0","visibility":"-1","drawOrder":null,"icon":null,"ETIQ":"AP R2CO Km 1,199","NOM_ACCES":"PTLO-L12-048","AXE":"CE2","PK":"0.9","LONGITUDE":"0°5'35.091E","LATITUDE":"45°35'31.1239N","LOT":"12","SEI":"64","LIBELLE":"APP CE2 0009-2","LONG_DD":"0.093081","LAT_DD":"45.591979","gx_media_l":null,"_sp_url":null},"geometry":{"type":"Point","coordinates":[0.09308100000000073,45.591979000000016,0.0]}},{"id":"101","type":"Feature","properties":{"Name":"AP RV Km 1,070","descriptio":"Attributes\n  ETIQ  AP RV Km 1,070 \n  NOM_ACCES  PTLO L10-001 \n  AXE  VN1 \n  PK  1.07 \n  LONGITUDE  0°6'52.826E \n  LATITUDE  45°50'4.3313N \n  LOT  10 \n  SEI  62 \n  LIBELLE  APP VN1 0010-1 \n  LONG_DD  0.114674 \n  LAT_DD  45.834536","timestamp":null,"begin":null,"end":null,"altitudeMo":null,"tessellate":"-1","extrude":"0","visibility":"-1","drawOrder":null,"icon":null,"ETIQ":"AP RV Km 1,070","NOM_ACCES":"PTLO L10-001","AXE":"VN1","PK":"1.07","LONGITUDE":"0°6'52.826E","LATITUDE":"45°50'4.3313N","LOT":"10","SEI":"62","LIBELLE":"APP VN1 0010-1","LONG_DD":"0.114674","LAT_DD":"45.834536","gx_media_l":null,"_sp_url":null},"geometry":{"type":"Point","coordinates":[0.11467400000000032,45.83453600000001,0.0]}},{"id":"102","type":"Feature","properties":{"Name":"AP R1CO Km 1,250","descriptio":"Attributes\n  ETIQ  AP R1CO Km 1,250 \n  NOM_ACCES  PTLO-L12-061 \n  AXE  CE1 \n  PK  1.25 \n  LONGITUDE  0°5'35.1688E \n  LATITUDE  45°35'27.9376N \n  LOT  12 \n  SEI  64 \n  LIBELLE  APP CE1 0012-1 \n  LONG_DD  0.093102 \n  LAT_DD  45.591094","timestamp":null,"begin":null,"end":null,"altitudeMo":null,"tessellate":"-1","extrude":"0","visibility":"-1","drawOrder":null,"icon":null,"ETIQ":"AP R1CO Km 1,250","NOM_ACCES":"PTLO-L12-061","AXE":"CE1","PK":"1.25","LONGITUDE":"0°5'35.1688E","LATITUDE":"45°35'27.9376N","LOT":"12","SEI":"64","LIBELLE":"APP CE1 0012-1","LONG_DD":"0.093102","LAT_DD":"45.591094","gx_media_l":null,"_sp_url":null},"geometry":{"type":"Point","coordinates":[0.09310200000000067,45.591094000000005,0.0]}},{"id":"103","type":"Feature","properties":{"Name":"AP LV Km 1,320","descriptio":"Attributes\n  ETIQ  AP LV Km 1,320 \n  NOM_ACCES  PTLO 10-008 \n  AXE  VN2 \n  PK  1.32 \n  LONGITUDE  0°6'28.7616E \n  LATITUDE  45°52'2.2551N \n  LOT  10 \n  SEI  62 \n  LIBELLE  APP VN2 0013-2 \n  LONG_DD  0.107989 \n  LAT_DD  45.867293","timestamp":null,"begin":null,"end":null,"altitudeMo":null,"tessellate":"-1","extrude":"0","visibility":"-1","drawOrder":null,"icon":null,"ETIQ":"AP LV Km 1,320","NOM_ACCES":"PTLO 10-008","AXE":"VN2","PK":"1.32","LONGITUDE":"0°6'28.7616E","LATITUDE":"45°52'2.2551N","LOT":"10","SEI":"62","LIBELLE":"APP VN2 0013-2","LONG_DD":"0.107989","LAT_DD":"45.867293","gx_media_l":null,"_sp_url":null},"geometry":{"type":"Point","coordinates":[0.1079890000000002,45.867293,0.0]}},{"id":"104","type":"Feature","properties":{"Name":"AP LV Km 1,320","descriptio":"Attributes\n  ETIQ  AP LV Km 1,320 \n  NOM_ACCES  PTLO 10-011 \n  AXE  VN2 \n  PK  1.32 \n  LONGITUDE  0°6'31.173E \n  LATITUDE  45°52'4.0367N \n  LOT  10 \n  SEI  62 \n  LIBELLE  APP VN2 0013-1 \n  LONG_DD  0.108659 \n  LAT_DD  45.867788","timestamp":null,"begin":null,"end":null,"altitudeMo":null,"tessellate":"-1","extrude":"0","visibility":"-1","drawOrder":null,"icon":null,"ETIQ":"AP LV Km 1,320","NOM_ACCES":"PTLO 10-011","AXE":"VN2","PK":"1.32","LONGITUDE":"0°6'31.173E","LATITUDE":"45°52'4.0367N","LOT":"10","SEI":"62","LIBELLE":"APP VN2 0013-1","LONG_DD":"0.108659","LAT_DD":"45.867788","gx_media_l":null,"_sp_url":null},"geometry":{"type":"Point","coordinates":[0.10865900000000038,45.867788000000004,0.0]}},{"id":"105","type":"Feature","properties":{"Name":"AP RV Km 1,360","descriptio":"Attributes\n  ETIQ  AP RV Km 1,360 \n  NOM_ACCES  PTLO 10-006 \n  AXE  VN1 \n  PK  1.36 \n  LONGITUDE  0°6'43.9797E \n  LATITUDE  45°50'11.5108N \n  LOT  10 \n  SEI  62 \n  LIBELLE  APP VN1 0013-2 \n  LONG_DD  0.112217 \n  LAT_DD  45.836531","timestamp":null,"begin":null,"end":null,"altitudeMo":null,"tessellate":"-1","extrude":"0","visibility":"-1","drawOrder":null,"icon":null,"ETIQ":"AP RV Km 1,360","NOM_ACCES":"PTLO 10-006","AXE":"VN1","PK":"1.36","LONGITUDE":"0°6'43.9797E","LATITUDE":"45°50'11.5108N","LOT":"10","SEI":"62","LIBELLE":"APP VN1 0013-2","LONG_DD":"0.112217","LAT_DD":"45.836531","gx_media_l":null,"_sp_url":null},"geometry":{"type":"Point","coordinates":[0.11221699999999954,45.83653100000002,0.0]}},{"id":"106","type":"Feature","properties":{"Name":"AR RV Km 1,900","descriptio":"Attributes\n  ETIQ  AR RV Km 1,900 \n  NOM_ACCES  PTLA 10-006 \n  AXE  VN1 \n  PK  1.9 \n  LONGITUDE  0°6'34.9994E \n  LATITUDE  45°50'24.7288N \n  LOT  10 \n  SEI  62 \n  LIBELLE  ARP VN1 0019-2 \n  LONG_DD  0.109722 \n  LAT_DD  45.840202","timestamp":null,"begin":null,"end":null,"altitudeMo":null,"tessellate":"-1","extrude":"0","visibility":"-1","drawOrder":null,"icon":null,"ETIQ":"AR RV Km 1,900","NOM_ACCES":"PTLA 10-006","AXE":"VN1","PK":"1.9","LONGITUDE":"0°6'34.9994E","LATITUDE":"45°50'24.7288N","LOT":"10","SEI":"62","LIBELLE":"ARP VN1 0019-2","LONG_DD":"0.109722","LAT_DD":"45.840202","gx_media_l":null,"_sp_url":null},"geometry":{"type":"Point","coordinates":[0.10972200000000037,45.84020199999999,0.0]}},{"id":"107","type":"Feature","properties":{"Name":"AP RV Km 1,990","descriptio":"Attributes\n  ETIQ  AP RV Km 1,990 \n  NOM_ACCES  PTLO 10-003 \n  AXE  VN1 \n  PK  1.99 \n  LONGITUDE  0°6'34.8317E \n  LATITUDE  45°50'30.8582N \n  LOT  10 \n  SEI  62 \n  LIBELLE  APP VN1 0019 \n  LONG_DD  0.109675 \n  LAT_DD  45.841905","timestamp":null,"begin":null,"end":null,"altitudeMo":null,"tessellate":"-1","extrude":"0","visibility":"-1","drawOrder":null,"icon":null,"ETIQ":"AP RV Km 1,990","NOM_ACCES":"PTLO 10-003","AXE":"VN1","PK":"1.99","LONGITUDE":"0°6'34.8317E","LATITUDE":"45°50'30.8582N","LOT":"10","SEI":"62","LIBELLE":"APP VN1 0019","LONG_DD":"0.109675","LAT_DD":"45.841905","gx_media_l":null,"_sp_url":null},"geometry":{"type":"Point","coordinates":[0.10967499999999981,45.841905,0.0]}},{"id":"108","type":"Feature","properties":{"Name":"AP RV Km 2,305","descriptio":"Attributes\n  ETIQ  AP RV Km 2,305 \n  NOM_ACCES  PTLO 10-005 \n  AXE  VN1 \n  PK  2.305 \n  LONGITUDE  0°6'31.5583E \n  LATITUDE  45°50'40.7516N \n  LOT  10 \n  SEI  62 \n  LIBELLE  APP VN1 0023-1 \n  LONG_DD  0.108766 \n  LAT_DD  45.844653","timestamp":null,"begin":null,"end":null,"altitudeMo":null,"tessellate":"-1","extrude":"0","visibility":"-1","drawOrder":null,"icon":null,"ETIQ":"AP RV Km 2,305","NOM_ACCES":"PTLO 10-005","AXE":"VN1","PK":"2.305","LONGITUDE":"0°6'31.5583E","LATITUDE":"45°50'40.7516N","LOT":"10","SEI":"62","LIBELLE":"APP VN1 0023-1","LONG_DD":"0.108766","LAT_DD":"45.844653","gx_media_l":null,"_sp_url":null},"geometry":{"type":"Point","coordinates":[0.10876600000000045,45.844652999999994,0.0]}},{"id":"109","type":"Feature","properties":{"Name":"AR RV Km 2,825","descriptio":"Attributes\n  ETIQ  AR RV Km 2,825 \n  NOM_ACCES  PTLA 10-009 \n  AXE  VN1 \n  PK  2.825 \n  LONGITUDE  0°6'31.4808E \n  LATITUDE  45°50'53.1915N \n  LOT  10 \n  SEI  62 \n  LIBELLE  ARP VN1 0028-1 \n  LONG_DD  0.108745 \n  LAT_DD  45.848109","timestamp":null,"begin":null,"end":null,"altitudeMo":null,"tessellate":"-1","extrude":"0","visibility":"-1","drawOrder":null,"icon":null,"ETIQ":"AR RV Km 2,825","NOM_ACCES":"PTLA 10-009","AXE":"VN1","PK":"2.825","LONGITUDE":"0°6'31.4808E","LATITUDE":"45°50'53.1915N","LOT":"10","SEI":"62","LIBELLE":"ARP VN1 0028-1","LONG_DD":"0.108745","LAT_DD":"45.848109","gx_media_l":null,"_sp_url":null},"geometry":{"type":"Point","coordinates":[0.1087450000000005,45.84810899999999,0.0]}},{"id":"110","type":"Feature","properties":{"Name":"AP RV Km 3,220","descriptio":"Attributes\n  ETIQ  AP RV Km 3,220 \n  NOM_ACCES  PTLO 10-007 \n  AXE  VN1 \n  PK  3.22 \n  LONGITUDE  0°6'34.9938E \n  LATITUDE  45°51'9.8227N \n  LOT  10 \n  SEI  62 \n  LIBELLE  APP VN1 0032-1 \n  LONG_DD  0.10972 \n  LAT_DD  45.852729","timestamp":null,"begin":null,"end":null,"altitudeMo":null,"tessellate":"-1","extrude":"0","visibility":"-1","drawOrder":null,"icon":null,"ETIQ":"AP RV Km 3,220","NOM_ACCES":"PTLO 10-007","AXE":"VN1","PK":"3.22","LONGITUDE":"0°6'34.9938E","LATITUDE":"45°51'9.8227N","LOT":"10","SEI":"62","LIBELLE":"APP VN1 0032-1","LONG_DD":"0.10972","LAT_DD":"45.852729","gx_media_l":null,"_sp_url":null},"geometry":{"type":"Point","coordinates":[0.10972000000000003,45.852729000000004,0.0]}},{"id":"111","type":"Feature","properties":{"Name":"AR RV Km 3,720","descriptio":"Attributes\n  ETIQ  AR RV Km 3,720 \n  NOM_ACCES  PTLA 10-011 \n  AXE  VN1 \n  PK  3.72 \n  LONGITUDE  0°6'39.7976E \n  LATITUDE  45°51'23.4725N \n  LOT  10 \n  SEI  62 \n  LIBELLE  RRL VN1 0037-1 \n  LONG_DD  0.111055 \n  LAT_DD  45.85652","timestamp":null,"begin":null,"end":null,"altitudeMo":null,"tessellate":"-1","extrude":"0","visibility":"-1","drawOrder":null,"icon":null,"ETIQ":"AR RV Km 3,720","NOM_ACCES":"PTLA 10-011","AXE":"VN1","PK":"3.72","LONGITUDE":"0°6'39.7976E","LATITUDE":"45°51'23.4725N","LOT":"10","SEI":"62","LIBELLE":"RRL VN1 0037-1","LONG_DD":"0.111055","LAT_DD":"45.85652","gx_media_l":null,"_sp_url":null},"geometry":{"type":"Point","coordinates":[0.1110550000000001,45.85652,0.0]}},{"id":"112","type":"Feature","properties":{"Name":"AR R1CO Km 2,192","descriptio":"Attributes\n  ETIQ  AR R1CO Km 2,192 \n  NOM_ACCES  PTLA-L12-043 \n  AXE  CE1 \n  PK  2.192 \n  LONGITUDE  0°4'54.5479E \n  LATITUDE  45°35'13.9425N \n  LOT  12 \n  SEI  64 \n  LIBELLE  ARP CE1 0021-1 \n  LONG_DD  0.081819 \n  LAT_DD  45.587206","timestamp":null,"begin":null,"end":null,"altitudeMo":null,"tessellate":"-1","extrude":"0","visibility":"-1","drawOrder":null,"icon":null,"ETIQ":"AR R1CO Km 2,192","NOM_ACCES":"PTLA-L12-043","AXE":"CE1","PK":"2.192","LONGITUDE":"0°4'54.5479E","LATITUDE":"45°35'13.9425N","LOT":"12","SEI":"64","LIBELLE":"ARP CE1 0021-1","LONG_DD":"0.081819","LAT_DD":"45.587206","gx_media_l":null,"_sp_url":null},"geometry":{"type":"Point","coordinates":[0.08181900000000049,45.587206,0.0]}},{"id":"113","type":"Feature","properties":{"Name":"AP R1CO Km 2,770","descriptio":"Attributes\n  ETIQ  AP R1CO Km 2,770 \n  NOM_ACCES  PTLO-L12-063 \n  AXE  CE1 \n  PK  2.77 \n  LONGITUDE  0°4'33.1158E \n  LATITUDE  45°35'4.7326N \n  LOT  12 \n  SEI  64 \n  LIBELLE  APP CE1 0027-1 \n  LONG_DD  0.075865 \n  LAT_DD  45.584648","timestamp":null,"begin":null,"end":null,"altitudeMo":null,"tessellate":"-1","extrude":"0","visibility":"-1","drawOrder":null,"icon":null,"ETIQ":"AP R1CO Km 2,770","NOM_ACCES":"PTLO-L12-063","AXE":"CE1","PK":"2.77","LONGITUDE":"0°4'33.1158E","LATITUDE":"45°35'4.7326N","LOT":"12","SEI":"64","LIBELLE":"APP CE1 0027-1","LONG_DD":"0.075865","LAT_DD":"45.584648","gx_media_l":null,"_sp_url":null},"geometry":{"type":"Point","coordinates":[0.07586500000000003,45.58464799999999,0.0]}},{"id":"114","type":"Feature","properties":{"Name":"AR R1CO Km 3,190","descriptio":"Attributes\n  ETIQ  AR R1CO Km 3,190 \n  NOM_ACCES  PTLA-L12-045 \n  AXE  CE1 \n  PK  3.19 \n  LONGITUDE  0°4'21.3594E \n  LATITUDE  45°34'56.0006N \n  LOT  12 \n  SEI  64 \n  LIBELLE  ARP CE1 0031-1 \n  LONG_DD  0.0726 \n  LAT_DD  45.582222","timestamp":null,"begin":null,"end":null,"altitudeMo":null,"tessellate":"-1","extrude":"0","visibility":"-1","drawOrder":null,"icon":null,"ETIQ":"AR R1CO Km 3,190","NOM_ACCES":"PTLA-L12-045","AXE":"CE1","PK":"3.19","LONGITUDE":"0°4'21.3594E","LATITUDE":"45°34'56.0006N","LOT":"12","SEI":"64","LIBELLE":"ARP CE1 0031-1","LONG_DD":"0.0726","LAT_DD":"45.582222","gx_media_l":null,"_sp_url":null},"geometry":{"type":"Point","coordinates":[0.07259999999999929,45.582221999999994,0.0]}},{"id":"115","type":"Feature","properties":{"Name":"AP R1CO Km 3,830","descriptio":"Attributes\n  ETIQ  AP R1CO Km 3,830 \n  NOM_ACCES  PTLO-L12-065 \n  AXE  CE1 \n  PK  3.83 \n  LONGITUDE  0°4'2.9553E \n  LATITUDE  45°34'38.1387N \n  LOT  12 \n  SEI  64 \n  LIBELLE  APP CE1 0038-1 \n  LONG_DD  0.067488 \n  LAT_DD  45.577261","timestamp":null,"begin":null,"end":null,"altitudeMo":null,"tessellate":"-1","extrude":"0","visibility":"-1","drawOrder":null,"icon":null,"ETIQ":"AP R1CO Km 3,830","NOM_ACCES":"PTLO-L12-065","AXE":"CE1","PK":"3.83","LONGITUDE":"0°4'2.9553E","LATITUDE":"45°34'38.1387N","LOT":"12","SEI":"64","LIBELLE":"APP CE1 0038-1","LONG_DD":"0.067488","LAT_DD":"45.577261","gx_media_l":null,"_sp_url":null},"geometry":{"type":"Point","coordinates":[0.06748800000000003,45.577261,0.0]}},{"id":"116","type":"Feature","properties":{"Name":"AP R1CO Km 4,875","descriptio":"Attributes\n  ETIQ  AP R1CO Km 4,875 \n  NOM_ACCES  PTLO-L12-017 \n  AXE  CE1 \n  PK  4.875 \n  LONGITUDE  0°3'53.6824E \n  LATITUDE  45°34'4.327N \n  LOT  12 \n  SEI  64 \n  LIBELLE  APP CE1 0048-1 \n  LONG_DD  0.064912 \n  LAT_DD  45.567869","timestamp":null,"begin":null,"end":null,"altitudeMo":null,"tessellate":"-1","extrude":"0","visibility":"-1","drawOrder":null,"icon":null,"ETIQ":"AP R1CO Km 4,875","NOM_ACCES":"PTLO-L12-017","AXE":"CE1","PK":"4.875","LONGITUDE":"0°3'53.6824E","LATITUDE":"45°34'4.327N","LOT":"12","SEI":"64","LIBELLE":"APP CE1 0048-1","LONG_DD":"0.064912","LAT_DD":"45.567869","gx_media_l":null,"_sp_url":null},"geometry":{"type":"Point","coordinates":[0.06491200000000065,45.56786900000001,0.0]}},{"id":"117","type":"Feature","properties":{"Name":"AR R2CO Km 2,109","descriptio":"Attributes\n  ETIQ  AR R2CO Km 2,109 \n  NOM_ACCES  PTLA-L12-048 \n  AXE  CE2 \n  PK  1.81 \n  LONGITUDE  0°4'59.2899E \n  LATITUDE  45°35'16.9265N \n  LOT  12 \n  SEI  64 \n  LIBELLE  ARP CE2 0018-2 \n  LONG_DD  0.083136 \n  LAT_DD  45.588035","timestamp":null,"begin":null,"end":null,"altitudeMo":null,"tessellate":"-1","extrude":"0","visibility":"-1","drawOrder":null,"icon":null,"ETIQ":"AR R2CO Km 2,109","NOM_ACCES":"PTLA-L12-048","AXE":"CE2","PK":"1.81","LONGITUDE":"0°4'59.2899E","LATITUDE":"45°35'16.9265N","LOT":"12","SEI":"64","LIBELLE":"ARP CE2 0018-2","LONG_DD":"0.083136","LAT_DD":"45.588035","gx_media_l":null,"_sp_url":null},"geometry":{"type":"Point","coordinates":[0.08313600000000056,45.588035,0.0]}},{"id":"118","type":"Feature","properties":{"Name":"AP R2CO Km 2,209","descriptio":"Attributes\n  ETIQ  AP R2CO Km 2,209 \n  NOM_ACCES  PTLO-L12-050 \n  AXE  CE2 \n  PK  1.91 \n  LONGITUDE  0°4'45.1369E \n  LATITUDE  45°35'12.1018N \n  LOT  12 \n  SEI  64 \n  LIBELLE  APP CE2 0019-2 \n  LONG_DD  0.079205 \n  LAT_DD  45.586695","timestamp":null,"begin":null,"end":null,"altitudeMo":null,"tessellate":"-1","extrude":"0","visibility":"-1","drawOrder":null,"icon":null,"ETIQ":"AP R2CO Km 2,209","NOM_ACCES":"PTLO-L12-050","AXE":"CE2","PK":"1.91","LONGITUDE":"0°4'45.1369E","LATITUDE":"45°35'12.1018N","LOT":"12","SEI":"64","LIBELLE":"APP CE2 0019-2","LONG_DD":"0.079205","LAT_DD":"45.586695","gx_media_l":null,"_sp_url":null},"geometry":{"type":"Point","coordinates":[0.07920499999999994,45.586695,0.0]}},{"id":"119","type":"Feature","properties":{"Name":"AP R2CO Km 2,429","descriptio":"Attributes\n  ETIQ  AP R2CO Km 2,429 \n  NOM_ACCES  PTLO-L12-063c \n  AXE  CE2 \n  PK  2.13 \n  LONGITUDE  0°5'1.4157E \n  LATITUDE  45°35'17.4945N \n  LOT  12 \n  SEI  64 \n  LIBELLE  APP CE2 0021-2 \n  LONG_DD  0.083727 \n  LAT_DD  45.588193","timestamp":null,"begin":null,"end":null,"altitudeMo":null,"tessellate":"-1","extrude":"0","visibility":"-1","drawOrder":null,"icon":null,"ETIQ":"AP R2CO Km 2,429","NOM_ACCES":"PTLO-L12-063c","AXE":"CE2","PK":"2.13","LONGITUDE":"0°5'1.4157E","LATITUDE":"45°35'17.4945N","LOT":"12","SEI":"64","LIBELLE":"APP CE2 0021-2","LONG_DD":"0.083727","LAT_DD":"45.588193","gx_media_l":null,"_sp_url":null},"geometry":{"type":"Point","coordinates":[0.08372700000000086,45.588193,0.0]}},{"id":"120","type":"Feature","properties":{"Name":"AP R2CO Km 2,739","descriptio":"Attributes\n  ETIQ  AP R2CO Km 2,739 \n  NOM_ACCES  PTLO-L12-052 \n  AXE  CE2 \n  PK  2.44 \n  LONGITUDE  0°4'32.7654E \n  LATITUDE  45°35'6.927N \n  LOT  12 \n  SEI  64 \n  LIBELLE  APP CE2 0024-2 \n  LONG_DD  0.075768 \n  LAT_DD  45.585257","timestamp":null,"begin":null,"end":null,"altitudeMo":null,"tessellate":"-1","extrude":"0","visibility":"-1","drawOrder":null,"icon":null,"ETIQ":"AP R2CO Km 2,739","NOM_ACCES":"PTLO-L12-052","AXE":"CE2","PK":"2.44","LONGITUDE":"0°4'32.7654E","LATITUDE":"45°35'6.927N","LOT":"12","SEI":"64","LIBELLE":"APP CE2 0024-2","LONG_DD":"0.075768","LAT_DD":"45.585257","gx_media_l":null,"_sp_url":null},"geometry":{"type":"Point","coordinates":[0.07576799999999935,45.58525700000001,0.0]}},{"id":"121","type":"Feature","properties":{"Name":"AR R2CO Km 3,231","descriptio":"Attributes\n  ETIQ  AR R2CO Km 3,231 \n  NOM_ACCES  PTLA-L12-050 \n  AXE  CE2 \n  PK  2.932 \n  LONGITUDE  0°4'14.5902E \n  LATITUDE  45°34'57.5114N \n  LOT  12 \n  SEI  64 \n  LIBELLE  ARP CE2 0029-2 \n  LONG_DD  0.07072 \n  LAT_DD  45.582642","timestamp":null,"begin":null,"end":null,"altitudeMo":null,"tessellate":"-1","extrude":"0","visibility":"-1","drawOrder":null,"icon":null,"ETIQ":"AR R2CO Km 3,231","NOM_ACCES":"PTLA-L12-050","AXE":"CE2","PK":"2.932","LONGITUDE":"0°4'14.5902E","LATITUDE":"45°34'57.5114N","LOT":"12","SEI":"64","LIBELLE":"ARP CE2 0029-2","LONG_DD":"0.07072","LAT_DD":"45.582642","gx_media_l":null,"_sp_url":null},"geometry":{"type":"Point","coordinates":[0.07071999999999991,45.582642000000014,0.0]}},{"id":"122","type":"Feature","properties":{"Name":"AP R2CO Km 4,981","descriptio":"Attributes\n  ETIQ  AP R2CO Km 4,981 \n  NOM_ACCES  PTLA-L12-010 \n  AXE  CE2 \n  PK  4.682 \n  LONGITUDE  0°3'47.543E \n  LATITUDE  45°33'48.0756N \n  LOT  12 \n  SEI  64 \n  LIBELLE  APP CE2 0046-2 \n  LONG_DD  0.063206 \n  LAT_DD  45.563354","timestamp":null,"begin":null,"end":null,"altitudeMo":null,"tessellate":"-1","extrude":"0","visibility":"-1","drawOrder":null,"icon":null,"ETIQ":"AP R2CO Km 4,981","NOM_ACCES":"PTLA-L12-010","AXE":"CE2","PK":"4.682","LONGITUDE":"0°3'47.543E","LATITUDE":"45°33'48.0756N","LOT":"12","SEI":"64","LIBELLE":"APP CE2 0046-2","LONG_DD":"0.063206","LAT_DD":"45.563354","gx_media_l":null,"_sp_url":null},"geometry":{"type":"Point","coordinates":[0.06320599999999989,45.563354,0.0]}},{"id":"123","type":"Feature","properties":{"Name":"AP R2CO Km 3,949","descriptio":"Attributes\n  ETIQ  AP R2CO Km 3,949 \n  NOM_ACCES  PTLA-L12-009 \n  AXE  CE2 \n  PK  3.65 \n  LONGITUDE  0°3'56.18E \n  LATITUDE  45°34'41.1205N \n  LOT  12 \n  SEI  64 \n  LIBELLE  APP CE2 0037-2 \n  LONG_DD  0.065606 \n  LAT_DD  45.578089","timestamp":null,"begin":null,"end":null,"altitudeMo":null,"tessellate":"-1","extrude":"0","visibility":"-1","drawOrder":null,"icon":null,"ETIQ":"AP R2CO Km 3,949","NOM_ACCES":"PTLA-L12-009","AXE":"CE2","PK":"3.65","LONGITUDE":"0°3'56.18E","LATITUDE":"45°34'41.1205N","LOT":"12","SEI":"64","LIBELLE":"APP CE2 0037-2","LONG_DD":"0.065606","LAT_DD":"45.578089","gx_media_l":null,"_sp_url":null},"geometry":{"type":"Point","coordinates":[0.06560599999999911,45.578089,0.0]}},{"id":"124","type":"Feature","properties":{"Name":"AP V2 Km 1,370","descriptio":"Attributes\n  ETIQ  AP V2 Km 1,370 \n  NOM_ACCES  PTLO-L01-002 \n  AXE  LGV V2 \n  PK  1.37 \n  LONGITUDE  0°44'18.8612E \n  LATITUDE  47°19'39.977N \n  LOT  01 \n  SEI  51 \n  LIBELLE  APP 0013-2 \n  LONG_DD  0.738573 \n  LAT_DD  47.327771","timestamp":null,"begin":null,"end":null,"altitudeMo":null,"tessellate":"-1","extrude":"0","visibility":"-1","drawOrder":null,"icon":null,"ETIQ":"AP V2 Km 1,370","NOM_ACCES":"PTLO-L01-002","AXE":"LGV V2","PK":"1.37","LONGITUDE":"0°44'18.8612E","LATITUDE":"47°19'39.977N","LOT":"01","SEI":"51","LIBELLE":"APP 0013-2","LONG_DD":"0.738573","LAT_DD":"47.327771","gx_media_l":null,"_sp_url":null},"geometry":{"type":"Point","coordinates":[0.7385729999999996,47.327770999999984,0.0]}},{"id":"125","type":"Feature","properties":{"Name":"AP V2 Km 1,370","descriptio":"Attributes\n  ETIQ  AP V2 Km 1,370 \n  NOM_ACCES  PTLO-L01-002 \n  AXE  LGV V2 \n  PK  1.37 \n  LONGITUDE  0°44'21.5085E \n  LATITUDE  47°19'42.4189N \n  LOT  01 \n  SEI  51 \n  LIBELLE  APP 0013-2 \n  LONG_DD  0.739308 \n  LAT_DD  47.32845","timestamp":null,"begin":null,"end":null,"altitudeMo":null,"tessellate":"-1","extrude":"0","visibility":"-1","drawOrder":null,"icon":null,"ETIQ":"AP V2 Km 1,370","NOM_ACCES":"PTLO-L01-002","AXE":"LGV V2","PK":"1.37","LONGITUDE":"0°44'21.5085E","LATITUDE":"47°19'42.4189N","LOT":"01","SEI":"51","LIBELLE":"APP 0013-2","LONG_DD":"0.739308","LAT_DD":"47.32845","gx_media_l":null,"_sp_url":null},"geometry":{"type":"Point","coordinates":[0.739308,47.32844999999999,0.0]}},{"id":"126","type":"Feature","properties":{"Name":"AP V1 Km 1,380","descriptio":"Attributes\n  ETIQ  AP V1 Km 1,380 \n  NOM_ACCES  PTLO-L01-003 \n  AXE  LGV V1 \n  PK  1.38 \n  LONGITUDE  0°44'21.1596E \n  LATITUDE  47°19'38.3433N \n  LOT  01 \n  SEI  51 \n  LIBELLE  APP 0013-1 \n  LONG_DD  0.739211 \n  LAT_DD  47.327318","timestamp":null,"begin":null,"end":null,"altitudeMo":null,"tessellate":"-1","extrude":"0","visibility":"-1","drawOrder":null,"icon":null,"ETIQ":"AP V1 Km 1,380","NOM_ACCES":"PTLO-L01-003","AXE":"LGV V1","PK":"1.38","LONGITUDE":"0°44'21.1596E","LATITUDE":"47°19'38.3433N","LOT":"01","SEI":"51","LIBELLE":"APP 0013-1","LONG_DD":"0.739211","LAT_DD":"47.327318","gx_media_l":null,"_sp_url":null},"geometry":{"type":"Point","coordinates":[0.7392110000000005,47.327318,0.0]}},{"id":"127","type":"Feature","properties":{"Name":"AP V2 Km 1,895","descriptio":"Attributes\n  ETIQ  AP V2 Km 1,895 \n  NOM_ACCES  PTLO-L01-004 \n  AXE  LGV V2 \n  PK  1.895 \n  LONGITUDE  0°44'3.8318E \n  LATITUDE  47°19'25.8542N \n  LOT  01 \n  SEI  51 \n  LIBELLE  APP 0018-2 \n  LONG_DD  0.734398 \n  LAT_DD  47.323848","timestamp":null,"begin":null,"end":null,"altitudeMo":null,"tessellate":"-1","extrude":"0","visibility":"-1","drawOrder":null,"icon":null,"ETIQ":"AP V2 Km 1,895","NOM_ACCES":"PTLO-L01-004","AXE":"LGV V2","PK":"1.895","LONGITUDE":"0°44'3.8318E","LATITUDE":"47°19'25.8542N","LOT":"01","SEI":"51","LIBELLE":"APP 0018-2","LONG_DD":"0.734398","LAT_DD":"47.323848","gx_media_l":null,"_sp_url":null},"geometry":{"type":"Point","coordinates":[0.7343980000000008,47.32384799999999,0.0]}},{"id":"128","type":"Feature","properties":{"Name":"AP V1 Km 1,900","descriptio":"Attributes\n  ETIQ  AP V1 Km 1,900 \n  NOM_ACCES  PTLO-L01-005 \n  AXE  LGV V1 \n  PK  1.9 \n  LONGITUDE  0°44'8.5734E \n  LATITUDE  47°19'24.5079N \n  LOT  01 \n  SEI  51 \n  LIBELLE  APP 0019-1 \n  LONG_DD  0.735715 \n  LAT_DD  47.323474","timestamp":null,"begin":null,"end":null,"altitudeMo":null,"tessellate":"-1","extrude":"0","visibility":"-1","drawOrder":null,"icon":null,"ETIQ":"AP V1 Km 1,900","NOM_ACCES":"PTLO-L01-005","AXE":"LGV V1","PK":"1.9","LONGITUDE":"0°44'8.5734E","LATITUDE":"47°19'24.5079N","LOT":"01","SEI":"51","LIBELLE":"APP 0019-1","LONG_DD":"0.735715","LAT_DD":"47.323474","gx_media_l":null,"_sp_url":null},"geometry":{"type":"Point","coordinates":[0.735715,47.323474000000004,0.0]}},{"id":"129","type":"Feature","properties":{"Name":"AP V2 Km 3,030","descriptio":"Attributes\n  ETIQ  AP V2 Km 3,030 \n  NOM_ACCES  PTLA-L01-008 \n  AXE  LGV V2 \n  PK  3.03 \n  LONGITUDE  0°43'33.8156E \n  LATITUDE  47°18'53.2883N \n  LOT  01 \n  SEI  51 \n  LIBELLE  APP 0030-2 \n  LONG_DD  0.72606 \n  LAT_DD  47.314802","timestamp":null,"begin":null,"end":null,"altitudeMo":null,"tessellate":"-1","extrude":"0","visibility":"-1","drawOrder":null,"icon":null,"ETIQ":"AP V2 Km 3,030","NOM_ACCES":"PTLA-L01-008","AXE":"LGV V2","PK":"3.03","LONGITUDE":"0°43'33.8156E","LATITUDE":"47°18'53.2883N","LOT":"01","SEI":"51","LIBELLE":"APP 0030-2","LONG_DD":"0.72606","LAT_DD":"47.314802","gx_media_l":null,"_sp_url":null},"geometry":{"type":"Point","coordinates":[0.7260599999999999,47.31480199999999,0.0]}},{"id":"130","type":"Feature","properties":{"Name":"AR V2 Km 0,147","descriptio":"Attributes\n  ETIQ  AR V2 Km 0,147 \n  NOM_ACCES  PTLA-L01-002 \n  AXE  LGV V2 \n  PK  0.147 \n  LONGITUDE  0°44'59.9069E \n  LATITUDE  47°20'14.6009N \n  LOT  01 \n  SEI  51 \n  LIBELLE  ARP 0001-2 \n  LONG_DD  0.749974 \n  LAT_DD  47.337389","timestamp":null,"begin":null,"end":null,"altitudeMo":null,"tessellate":"-1","extrude":"0","visibility":"-1","drawOrder":null,"icon":null,"ETIQ":"AR V2 Km 0,147","NOM_ACCES":"PTLA-L01-002","AXE":"LGV V2","PK":"0.147","LONGITUDE":"0°44'59.9069E","LATITUDE":"47°20'14.6009N","LOT":"01","SEI":"51","LIBELLE":"ARP 0001-2","LONG_DD":"0.749974","LAT_DD":"47.337389","gx_media_l":null,"_sp_url":null},"geometry":{"type":"Point","coordinates":[0.7499740000000008,47.337388999999995,0.0]}},{"id":"131","type":"Feature","properties":{"Name":"AR V1 Km 1,671","descriptio":"Attributes\n  ETIQ  AR V1 Km 1,671 \n  NOM_ACCES  PTLA-L01-009 \n  AXE  LGV V1 \n  PK  1.671 \n  LONGITUDE  0°44'8.5913E \n  LATITUDE  47°19'25.9363N \n  LOT  01 \n  SEI  51 \n  LIBELLE  ARP 0016-1 \n  LONG_DD  0.73572 \n  LAT_DD  47.323871","timestamp":null,"begin":null,"end":null,"altitudeMo":null,"tessellate":"-1","extrude":"0","visibility":"-1","drawOrder":null,"icon":null,"ETIQ":"AR V1 Km 1,671","NOM_ACCES":"PTLA-L01-009","AXE":"LGV V1","PK":"1.671","LONGITUDE":"0°44'8.5913E","LATITUDE":"47°19'25.9363N","LOT":"01","SEI":"51","LIBELLE":"ARP 0016-1","LONG_DD":"0.73572","LAT_DD":"47.323871","gx_media_l":null,"_sp_url":null},"geometry":{"type":"Point","coordinates":[0.735719999999999,47.323871,0.0]}},{"id":"132","type":"Feature","properties":{"Name":"AR V1 Km 2,332","descriptio":"Attributes\n  ETIQ  AR V1 Km 2,332 \n  NOM_ACCES  PTLA-L01-015 \n  AXE  LGV V1 \n  PK  2.332 \n  LONGITUDE  0°43'54.2522E \n  LATITUDE  47°19'8.9468N \n  LOT  01 \n  SEI  51 \n  LIBELLE  ARP 0023-1 \n  LONG_DD  0.731737 \n  LAT_DD  47.319152","timestamp":null,"begin":null,"end":null,"altitudeMo":null,"tessellate":"-1","extrude":"0","visibility":"-1","drawOrder":null,"icon":null,"ETIQ":"AR V1 Km 2,332","NOM_ACCES":"PTLA-L01-015","AXE":"LGV V1","PK":"2.332","LONGITUDE":"0°43'54.2522E","LATITUDE":"47°19'8.9468N","LOT":"01","SEI":"51","LIBELLE":"ARP 0023-1","LONG_DD":"0.731737","LAT_DD":"47.319152","gx_media_l":null,"_sp_url":null},"geometry":{"type":"Point","coordinates":[0.7317370000000009,47.319152,0.0]}},{"id":"133","type":"Feature","properties":{"Name":"AR V2 Km 2,490","descriptio":"Attributes\n  ETIQ  AR V2 Km 2,490 \n  NOM_ACCES  PTLA-L01-006 \n  AXE  LGV V2 \n  PK  2.49 \n  LONGITUDE  0°43'53.9732E \n  LATITUDE  47°19'14.2659N \n  LOT  01 \n  SEI  51 \n  LIBELLE  RRL 0024-2 \n  LONG_DD  0.731659 \n  LAT_DD  47.320629","timestamp":null,"begin":null,"end":null,"altitudeMo":null,"tessellate":"-1","extrude":"0","visibility":"-1","drawOrder":null,"icon":null,"ETIQ":"AR V2 Km 2,490","NOM_ACCES":"PTLA-L01-006","AXE":"LGV V2","PK":"2.49","LONGITUDE":"0°43'53.9732E","LATITUDE":"47°19'14.2659N","LOT":"01","SEI":"51","LIBELLE":"RRL 0024-2","LONG_DD":"0.731659","LAT_DD":"47.320629","gx_media_l":null,"_sp_url":null},"geometry":{"type":"Point","coordinates":[0.731658999999999,47.320629,0.0]}},{"id":"134","type":"Feature","properties":{"Name":"AP V1 Km 3,050","descriptio":"Attributes\n  ETIQ  AP V1 Km 3,050 \n  NOM_ACCES  PTLO-L01-015 \n  AXE  LGV V1 \n  PK  3.05 \n  LONGITUDE  0°43'38.5919E \n  LATITUDE  47°18'52.5922N \n  LOT  01 \n  SEI  51 \n  LIBELLE  APP 0030-1 \n  LONG_DD  0.727387 \n  LAT_DD  47.314609","timestamp":null,"begin":null,"end":null,"altitudeMo":null,"tessellate":"-1","extrude":"0","visibility":"-1","drawOrder":null,"icon":null,"ETIQ":"AP V1 Km 3,050","NOM_ACCES":"PTLO-L01-015","AXE":"LGV V1","PK":"3.05","LONGITUDE":"0°43'38.5919E","LATITUDE":"47°18'52.5922N","LOT":"01","SEI":"51","LIBELLE":"APP 0030-1","LONG_DD":"0.727387","LAT_DD":"47.314609","gx_media_l":null,"_sp_url":null},"geometry":{"type":"Point","coordinates":[0.7273869999999998,47.314609000000004,0.0]}},{"id":"135","type":"Feature","properties":{"Name":"AR V2 Km 3,541","descriptio":"Attributes\n  ETIQ  AR V2 Km 3,541 \n  NOM_ACCES  PTLA-L01-008 \n  AXE  LGV V2 \n  PK  3.541 \n  LONGITUDE  0°43'33.8156E \n  LATITUDE  47°18'53.2883N \n  LOT  01 \n  SEI  51 \n  LIBELLE  ARP 0035-2 \n  LONG_DD  0.72606 \n  LAT_DD  47.314802","timestamp":null,"begin":null,"end":null,"altitudeMo":null,"tessellate":"-1","extrude":"0","visibility":"-1","drawOrder":null,"icon":null,"ETIQ":"AR V2 Km 3,541","NOM_ACCES":"PTLA-L01-008","AXE":"LGV V2","PK":"3.541","LONGITUDE":"0°43'33.8156E","LATITUDE":"47°18'53.2883N","LOT":"01","SEI":"51","LIBELLE":"ARP 0035-2","LONG_DD":"0.72606","LAT_DD":"47.314802","gx_media_l":null,"_sp_url":null},"geometry":{"type":"Point","coordinates":[0.7260599999999999,47.31480199999999,0.0]}},{"id":"136","type":"Feature","properties":{"Name":"AP V1 Km 3,541","descriptio":"Attributes\n  ETIQ  AP V1 Km 3,541 \n  NOM_ACCES  PTLO-L01-007 \n  AXE  LGV V1 \n  PK  3.541 \n  LONGITUDE  0°43'20.7371E \n  LATITUDE  47°18'39.5256N \n  LOT  01 \n  SEI  51 \n  LIBELLE  APP 0035-1 \n  LONG_DD  0.722427 \n  LAT_DD  47.310979","timestamp":null,"begin":null,"end":null,"altitudeMo":null,"tessellate":"-1","extrude":"0","visibility":"-1","drawOrder":null,"icon":null,"ETIQ":"AP V1 Km 3,541","NOM_ACCES":"PTLO-L01-007","AXE":"LGV V1","PK":"3.541","LONGITUDE":"0°43'20.7371E","LATITUDE":"47°18'39.5256N","LOT":"01","SEI":"51","LIBELLE":"APP 0035-1","LONG_DD":"0.722427","LAT_DD":"47.310979","gx_media_l":null,"_sp_url":null},"geometry":{"type":"Point","coordinates":[0.7224270000000004,47.310978999999996,0.0]}},{"id":"137","type":"Feature","properties":{"Name":"AP V1 Km 4,432","descriptio":"Attributes\n  ETIQ  AP V1 Km 4,432 \n  NOM_ACCES  PTLA-L01-021 \n  AXE  LGV V1 \n  PK  4.432 \n  LONGITUDE  0°42'43.1644E \n  LATITUDE  47°18'21.1671N \n  LOT  01 \n  SEI  51 \n  LIBELLE  APP 0044-1 \n  LONG_DD  0.71199 \n  LAT_DD  47.30588","timestamp":null,"begin":null,"end":null,"altitudeMo":null,"tessellate":"-1","extrude":"0","visibility":"-1","drawOrder":null,"icon":null,"ETIQ":"AP V1 Km 4,432","NOM_ACCES":"PTLA-L01-021","AXE":"LGV V1","PK":"4.432","LONGITUDE":"0°42'43.1644E","LATITUDE":"47°18'21.1671N","LOT":"01","SEI":"51","LIBELLE":"APP 0044-1","LONG_DD":"0.71199","LAT_DD":"47.30588","gx_media_l":null,"_sp_url":null},"geometry":{"type":"Point","coordinates":[0.7119900000000009,47.30588,0.0]}},{"id":"138","type":"Feature","properties":{"Name":"AR V1 Km 5,301","descriptio":"Attributes\n  ETIQ  AR V1 Km 5,301 \n  NOM_ACCES  PTLA-L01-025 \n  AXE  LGV V1 \n  PK  5.301 \n  LONGITUDE  0°41'57.1738E \n  LATITUDE  47°18'1.391N \n  LOT  01 \n  SEI  51 \n  LIBELLE  ARP 0053-1 \n  LONG_DD  0.699215 \n  LAT_DD  47.300386","timestamp":null,"begin":null,"end":null,"altitudeMo":null,"tessellate":"-1","extrude":"0","visibility":"-1","drawOrder":null,"icon":null,"ETIQ":"AR V1 Km 5,301","NOM_ACCES":"PTLA-L01-025","AXE":"LGV V1","PK":"5.301","LONGITUDE":"0°41'57.1738E","LATITUDE":"47°18'1.391N","LOT":"01","SEI":"51","LIBELLE":"ARP 0053-1","LONG_DD":"0.699215","LAT_DD":"47.300386","gx_media_l":null,"_sp_url":null},"geometry":{"type":"Point","coordinates":[0.6992150000000001,47.30038600000001,0.0]}},{"id":"139","type":"Feature","properties":{"Name":"AP V1 Km 5,730","descriptio":"Attributes\n  ETIQ  AP V1 Km 5,730 \n  NOM_ACCES  PTLA-L01-025 \n  AXE  LGV V1 \n  PK  5.73 \n  LONGITUDE  0°41'57.1738E \n  LATITUDE  47°18'1.391N \n  LOT  01 \n  SEI  51 \n  LIBELLE  APP 0057-1 \n  LONG_DD  0.699215 \n  LAT_DD  47.300386","timestamp":null,"begin":null,"end":null,"altitudeMo":null,"tessellate":"-1","extrude":"0","visibility":"-1","drawOrder":null,"icon":null,"ETIQ":"AP V1 Km 5,730","NOM_ACCES":"PTLA-L01-025","AXE":"LGV V1","PK":"5.73","LONGITUDE":"0°41'57.1738E","LATITUDE":"47°18'1.391N","LOT":"01","SEI":"51","LIBELLE":"APP 0057-1","LONG_DD":"0.699215","LAT_DD":"47.300386","gx_media_l":null,"_sp_url":null},"geometry":{"type":"Point","coordinates":[0.6992150000000001,47.30038600000001,0.0]}},{"id":"140","type":"Feature","properties":{"Name":"AP V2 Km 5,860","descriptio":"Attributes\n  ETIQ  AP V2 Km 5,860 \n  NOM_ACCES  PTLO-L01-008 \n  AXE  LGV V2 \n  PK  5.86 \n  LONGITUDE  0°41'49.102E \n  LATITUDE  47°18'0.5846N \n  LOT  01 \n  SEI  51 \n  LIBELLE  APP 0057-2 \n  LONG_DD  0.696973 \n  LAT_DD  47.300162","timestamp":null,"begin":null,"end":null,"altitudeMo":null,"tessellate":"-1","extrude":"0","visibility":"-1","drawOrder":null,"icon":null,"ETIQ":"AP V2 Km 5,860","NOM_ACCES":"PTLO-L01-008","AXE":"LGV V2","PK":"5.86","LONGITUDE":"0°41'49.102E","LATITUDE":"47°18'0.5846N","LOT":"01","SEI":"51","LIBELLE":"APP 0057-2","LONG_DD":"0.696973","LAT_DD":"47.300162","gx_media_l":null,"_sp_url":null},"geometry":{"type":"Point","coordinates":[0.6969730000000006,47.30016200000001,0.0]}},{"id":"141","type":"Feature","properties":{"Name":"AP V2 Km 6,070","descriptio":"Attributes\n  ETIQ  AP V2 Km 6,070 \n  NOM_ACCES  PTLO-L01-010 \n  AXE  LGV V2 \n  PK  6.07 \n  LONGITUDE  0°41'42.2975E \n  LATITUDE  47°17'55.5907N \n  LOT  01 \n  SEI  51 \n  LIBELLE  APP 0060-2 \n  LONG_DD  0.695083 \n  LAT_DD  47.298775","timestamp":null,"begin":null,"end":null,"altitudeMo":null,"tessellate":"-1","extrude":"0","visibility":"-1","drawOrder":null,"icon":null,"ETIQ":"AP V2 Km 6,070","NOM_ACCES":"PTLO-L01-010","AXE":"LGV V2","PK":"6.07","LONGITUDE":"0°41'42.2975E","LATITUDE":"47°17'55.5907N","LOT":"01","SEI":"51","LIBELLE":"APP 0060-2","LONG_DD":"0.695083","LAT_DD":"47.298775","gx_media_l":null,"_sp_url":null},"geometry":{"type":"Point","coordinates":[0.6950830000000007,47.298775000000006,0.0]}},{"id":"142","type":"Feature","properties":{"Name":"AP V2 Km 6,590","descriptio":"Attributes\n  ETIQ  AP V2 Km 6,590 \n  NOM_ACCES  PTLO-L01-010a \n  AXE  LGV V2 \n  PK  6.59 \n  LONGITUDE  0°41'26.18E \n  LATITUDE  47°17'42.7122N \n  LOT  01 \n  SEI  51 \n  LIBELLE  APP 0065-2 \n  LONG_DD  0.690606 \n  LAT_DD  47.295198","timestamp":null,"begin":null,"end":null,"altitudeMo":null,"tessellate":"-1","extrude":"0","visibility":"-1","drawOrder":null,"icon":null,"ETIQ":"AP V2 Km 6,590","NOM_ACCES":"PTLO-L01-010a","AXE":"LGV V2","PK":"6.59","LONGITUDE":"0°41'26.18E","LATITUDE":"47°17'42.7122N","LOT":"01","SEI":"51","LIBELLE":"APP 0065-2","LONG_DD":"0.690606","LAT_DD":"47.295198","gx_media_l":null,"_sp_url":null},"geometry":{"type":"Point","coordinates":[0.6906060000000004,47.29519799999997,0.0]}},{"id":"143","type":"Feature","properties":{"Name":"AP V1 Km 6,680","descriptio":"Attributes\n  ETIQ  AP V1 Km 6,680 \n  NOM_ACCES  PTLO-L01-011 \n  AXE  LGV V1 \n  PK  6.68 \n  LONGITUDE  0°41'25.2051E \n  LATITUDE  47°17'38.3529N \n  LOT  01 \n  SEI  51 \n  LIBELLE  APP 0066-1 \n  LONG_DD  0.690335 \n  LAT_DD  47.293987","timestamp":null,"begin":null,"end":null,"altitudeMo":null,"tessellate":"-1","extrude":"0","visibility":"-1","drawOrder":null,"icon":null,"ETIQ":"AP V1 Km 6,680","NOM_ACCES":"PTLO-L01-011","AXE":"LGV V1","PK":"6.68","LONGITUDE":"0°41'25.2051E","LATITUDE":"47°17'38.3529N","LOT":"01","SEI":"51","LIBELLE":"APP 0066-1","LONG_DD":"0.690335","LAT_DD":"47.293987","gx_media_l":null,"_sp_url":null},"geometry":{"type":"Point","coordinates":[0.6903350000000007,47.29398700000001,0.0]}},{"id":"144","type":"Feature","properties":{"Name":"AR V1 Km 6,985","descriptio":"Attributes\n  ETIQ  AR V1 Km 6,985 \n  NOM_ACCES  PTLA-L01-027 \n  AXE  LGV V1 \n  PK  6.985 \n  LONGITUDE  0°41'15.4141E \n  LATITUDE  47°17'27.1032N \n  LOT  01 \n  SEI  51 \n  LIBELLE  ARP 0069-1 \n  LONG_DD  0.687615 \n  LAT_DD  47.290862","timestamp":null,"begin":null,"end":null,"altitudeMo":null,"tessellate":"-1","extrude":"0","visibility":"-1","drawOrder":null,"icon":null,"ETIQ":"AR V1 Km 6,985","NOM_ACCES":"PTLA-L01-027","AXE":"LGV V1","PK":"6.985","LONGITUDE":"0°41'15.4141E","LATITUDE":"47°17'27.1032N","LOT":"01","SEI":"51","LIBELLE":"ARP 0069-1","LONG_DD":"0.687615","LAT_DD":"47.290862","gx_media_l":null,"_sp_url":null},"geometry":{"type":"Point","coordinates":[0.6876149999999996,47.29086200000001,0.0]}},{"id":"145","type":"Feature","properties":{"Name":"AR V2 Km 6,985","descriptio":"Attributes\n  ETIQ  AR V2 Km 6,985 \n  NOM_ACCES  PTLA-L01-010 \n  AXE  LGV V2 \n  PK  6.985 \n  LONGITUDE  0°41'20.4618E \n  LATITUDE  47°17'37.4653N \n  LOT  01 \n  SEI  51 \n  LIBELLE  ARP 0069-2 \n  LONG_DD  0.689017 \n  LAT_DD  47.29374","timestamp":null,"begin":null,"end":null,"altitudeMo":null,"tessellate":"-1","extrude":"0","visibility":"-1","drawOrder":null,"icon":null,"ETIQ":"AR V2 Km 6,985","NOM_ACCES":"PTLA-L01-010","AXE":"LGV V2","PK":"6.985","LONGITUDE":"0°41'20.4618E","LATITUDE":"47°17'37.4653N","LOT":"01","SEI":"51","LIBELLE":"ARP 0069-2","LONG_DD":"0.689017","LAT_DD":"47.29374","gx_media_l":null,"_sp_url":null},"geometry":{"type":"Point","coordinates":[0.6890170000000007,47.29373999999999,0.0]}},{"id":"146","type":"Feature","properties":{"Name":"AP V2 Km 7,680","descriptio":"Attributes\n  ETIQ  AP V2 Km 7,680 \n  NOM_ACCES  PTLA-L01-029 \n  AXE  LGV V2 \n  PK  7.68 \n  LONGITUDE  0°41'9.6109E \n  LATITUDE  47°17'18.7398N \n  LOT  01 \n  SEI  51 \n  LIBELLE  APP 0076-2 \n  LONG_DD  0.686003 \n  LAT_DD  47.288539","timestamp":null,"begin":null,"end":null,"altitudeMo":null,"tessellate":"-1","extrude":"0","visibility":"-1","drawOrder":null,"icon":null,"ETIQ":"AP V2 Km 7,680","NOM_ACCES":"PTLA-L01-029","AXE":"LGV V2","PK":"7.68","LONGITUDE":"0°41'9.6109E","LATITUDE":"47°17'18.7398N","LOT":"01","SEI":"51","LIBELLE":"APP 0076-2","LONG_DD":"0.686003","LAT_DD":"47.288539","gx_media_l":null,"_sp_url":null},"geometry":{"type":"Point","coordinates":[0.6860029999999997,47.28853900000001,0.0]}},{"id":"147","type":"Feature","properties":{"Name":"AP V1 Km 7,680","descriptio":"Attributes\n  ETIQ  AP V1 Km 7,680 \n  NOM_ACCES  PTLA-L01-029 \n  AXE  LGV V1 \n  PK  7.68 \n  LONGITUDE  0°41'9.6109E \n  LATITUDE  47°17'18.7398N \n  LOT  01 \n  SEI  51 \n  LIBELLE  APP 0076-1 \n  LONG_DD  0.686003 \n  LAT_DD  47.288539","timestamp":null,"begin":null,"end":null,"altitudeMo":null,"tessellate":"-1","extrude":"0","visibility":"-1","drawOrder":null,"icon":null,"ETIQ":"AP V1 Km 7,680","NOM_ACCES":"PTLA-L01-029","AXE":"LGV V1","PK":"7.68","LONGITUDE":"0°41'9.6109E","LATITUDE":"47°17'18.7398N","LOT":"01","SEI":"51","LIBELLE":"APP 0076-1","LONG_DD":"0.686003","LAT_DD":"47.288539","gx_media_l":null,"_sp_url":null},"geometry":{"type":"Point","coordinates":[0.6860029999999997,47.28853900000001,0.0]}},{"id":"148","type":"Feature","properties":{"Name":"AP V1 Km 8,150","descriptio":"Attributes\n  ETIQ  AP V1 Km 8,150 \n  NOM_ACCES  PTLA-L01-033 \n  AXE  LGV V1 \n  PK  8.15 \n  LONGITUDE  0°40'43.4321E \n  LATITUDE  47°16'32.6553N \n  LOT  01 \n  SEI  51 \n  LIBELLE  APP 0081-1 \n  LONG_DD  0.678731 \n  LAT_DD  47.275738","timestamp":null,"begin":null,"end":null,"altitudeMo":null,"tessellate":"-1","extrude":"0","visibility":"-1","drawOrder":null,"icon":null,"ETIQ":"AP V1 Km 8,150","NOM_ACCES":"PTLA-L01-033","AXE":"LGV V1","PK":"8.15","LONGITUDE":"0°40'43.4321E","LATITUDE":"47°16'32.6553N","LOT":"01","SEI":"51","LIBELLE":"APP 0081-1","LONG_DD":"0.678731","LAT_DD":"47.275738","gx_media_l":null,"_sp_url":null},"geometry":{"type":"Point","coordinates":[0.6787310000000008,47.275738000000004,0.0]}},{"id":"149","type":"Feature","properties":{"Name":"AP V2 Km 8,150","descriptio":"Attributes\n  ETIQ  AP V2 Km 8,150 \n  NOM_ACCES  PTLA-L01-012 \n  AXE  LGV V2 \n  PK  8.15 \n  LONGITUDE  0°40'52.1234E \n  LATITUDE  47°16'57.0288N \n  LOT  01 \n  SEI  51 \n  LIBELLE  APP 0081-2 \n  LONG_DD  0.681145 \n  LAT_DD  47.282508","timestamp":null,"begin":null,"end":null,"altitudeMo":null,"tessellate":"-1","extrude":"0","visibility":"-1","drawOrder":null,"icon":null,"ETIQ":"AP V2 Km 8,150","NOM_ACCES":"PTLA-L01-012","AXE":"LGV V2","PK":"8.15","LONGITUDE":"0°40'52.1234E","LATITUDE":"47°16'57.0288N","LOT":"01","SEI":"51","LIBELLE":"APP 0081-2","LONG_DD":"0.681145","LAT_DD":"47.282508","gx_media_l":null,"_sp_url":null},"geometry":{"type":"Point","coordinates":[0.6811450000000012,47.28250800000001,0.0]}},{"id":"150","type":"Feature","properties":{"Name":"AR V1 Km 8,228","descriptio":"Attributes\n  ETIQ  AR V1 Km 8,228 \n  NOM_ACCES  PTLA-L01-033 \n  AXE  LGV V1 \n  PK  8.228 \n  LONGITUDE  0°40'43.4321E \n  LATITUDE  47°16'32.6553N \n  LOT  01 \n  SEI  51 \n  LIBELLE  ARP 0082-1 \n  LONG_DD  0.678731 \n  LAT_DD  47.275738","timestamp":null,"begin":null,"end":null,"altitudeMo":null,"tessellate":"-1","extrude":"0","visibility":"-1","drawOrder":null,"icon":null,"ETIQ":"AR V1 Km 8,228","NOM_ACCES":"PTLA-L01-033","AXE":"LGV V1","PK":"8.228","LONGITUDE":"0°40'43.4321E","LATITUDE":"47°16'32.6553N","LOT":"01","SEI":"51","LIBELLE":"ARP 0082-1","LONG_DD":"0.678731","LAT_DD":"47.275738","gx_media_l":null,"_sp_url":null},"geometry":{"type":"Point","coordinates":[0.6787310000000008,47.275738000000004,0.0]}},{"id":"151","type":"Feature","properties":{"Name":"AR V2 Km 8,435","descriptio":"Attributes\n  ETIQ  AR V2 Km 8,435 \n  NOM_ACCES  PTLA-L01-012 \n  AXE  LGV V2 \n  PK  8.435 \n  LONGITUDE  0°40'52.1234E \n  LATITUDE  47°16'57.0288N \n  LOT  01 \n  SEI  51 \n  LIBELLE  ARP 0084-2 \n  LONG_DD  0.681145 \n  LAT_DD  47.282508","timestamp":null,"begin":null,"end":null,"altitudeMo":null,"tessellate":"-1","extrude":"0","visibility":"-1","drawOrder":null,"icon":null,"ETIQ":"AR V2 Km 8,435","NOM_ACCES":"PTLA-L01-012","AXE":"LGV V2","PK":"8.435","LONGITUDE":"0°40'52.1234E","LATITUDE":"47°16'57.0288N","LOT":"01","SEI":"51","LIBELLE":"ARP 0084-2","LONG_DD":"0.681145","LAT_DD":"47.282508","gx_media_l":null,"_sp_url":null},"geometry":{"type":"Point","coordinates":[0.6811450000000012,47.28250800000001,0.0]}},{"id":"152","type":"Feature","properties":{"Name":"AP V2 Km 8,980","descriptio":"Attributes\n  ETIQ  AP V2 Km 8,980 \n  NOM_ACCES  PTLO-L01-014 \n  AXE  LGV V2 \n  PK  8.98 \n  LONGITUDE  0°40'38.6564E \n  LATITUDE  47°16'32.8838N \n  LOT  01 \n  SEI  51 \n  LIBELLE  APP 0089-2 \n  LONG_DD  0.677405 \n  LAT_DD  47.275801","timestamp":null,"begin":null,"end":null,"altitudeMo":null,"tessellate":"-1","extrude":"0","visibility":"-1","drawOrder":null,"icon":null,"ETIQ":"AP V2 Km 8,980","NOM_ACCES":"PTLO-L01-014","AXE":"LGV V2","PK":"8.98","LONGITUDE":"0°40'38.6564E","LATITUDE":"47°16'32.8838N","LOT":"01","SEI":"51","LIBELLE":"APP 0089-2","LONG_DD":"0.677405","LAT_DD":"47.275801","gx_media_l":null,"_sp_url":null},"geometry":{"type":"Point","coordinates":[0.6774050000000005,47.275801,0.0]}},{"id":"153","type":"Feature","properties":{"Name":"AP V1 Km 9,030","descriptio":"Attributes\n  ETIQ  AP V1 Km 9,030 \n  NOM_ACCES  PTLA-L01-035 \n  AXE  LGV V1 \n  PK  9.03 \n  LONGITUDE  0°40'40.7921E \n  LATITUDE  47°16'29.6755N \n  LOT  01 \n  SEI  51 \n  LIBELLE  APP 0090-1 \n  LONG_DD  0.677998 \n  LAT_DD  47.27491","timestamp":null,"begin":null,"end":null,"altitudeMo":null,"tessellate":"-1","extrude":"0","visibility":"-1","drawOrder":null,"icon":null,"ETIQ":"AP V1 Km 9,030","NOM_ACCES":"PTLA-L01-035","AXE":"LGV V1","PK":"9.03","LONGITUDE":"0°40'40.7921E","LATITUDE":"47°16'29.6755N","LOT":"01","SEI":"51","LIBELLE":"APP 0090-1","LONG_DD":"0.677998","LAT_DD":"47.27491","gx_media_l":null,"_sp_url":null},"geometry":{"type":"Point","coordinates":[0.6779980000000008,47.27491,0.0]}},{"id":"154","type":"Feature","properties":{"Name":"AR V1 Km 9,195","descriptio":"Attributes\n  ETIQ  AR V1 Km 9,195 \n  NOM_ACCES  PTLA-L01-035 \n  AXE  LGV V1 \n  PK  9.195 \n  LONGITUDE  0°40'40.7913E \n  LATITUDE  47°16'29.6754N \n  LOT  01 \n  SEI  51 \n  LIBELLE  ARP 0091-1 \n  LONG_DD  0.677998 \n  LAT_DD  47.27491","timestamp":null,"begin":null,"end":null,"altitudeMo":null,"tessellate":"-1","extrude":"0","visibility":"-1","drawOrder":null,"icon":null,"ETIQ":"AR V1 Km 9,195","NOM_ACCES":"PTLA-L01-035","AXE":"LGV V1","PK":"9.195","LONGITUDE":"0°40'40.7913E","LATITUDE":"47°16'29.6754N","LOT":"01","SEI":"51","LIBELLE":"ARP 0091-1","LONG_DD":"0.677998","LAT_DD":"47.27491","gx_media_l":null,"_sp_url":null},"geometry":{"type":"Point","coordinates":[0.6779980000000008,47.27491,0.0]}},{"id":"155","type":"Feature","properties":{"Name":"AP V1 Km 9,720","descriptio":"Attributes\n  ETIQ  AP V1 Km 9,720 \n  NOM_ACCES  PTLA-L01-035 \n  AXE  LGV V1 \n  PK  9.72 \n  LONGITUDE  0°40'40.7921E \n  LATITUDE  47°16'29.6755N \n  LOT  01 \n  SEI  51 \n  LIBELLE  APP 0097-1 \n  LONG_DD  0.677998 \n  LAT_DD  47.27491","timestamp":null,"begin":null,"end":null,"altitudeMo":null,"tessellate":"-1","extrude":"0","visibility":"-1","drawOrder":null,"icon":null,"ETIQ":"AP V1 Km 9,720","NOM_ACCES":"PTLA-L01-035","AXE":"LGV V1","PK":"9.72","LONGITUDE":"0°40'40.7921E","LATITUDE":"47°16'29.6755N","LOT":"01","SEI":"51","LIBELLE":"APP 0097-1","LONG_DD":"0.677998","LAT_DD":"47.27491","gx_media_l":null,"_sp_url":null},"geometry":{"type":"Point","coordinates":[0.6779980000000008,47.27491,0.0]}},{"id":"156","type":"Feature","properties":{"Name":"AP V2 Km 10,100","descriptio":"Attributes\n  ETIQ  AP V2 Km 10,100 \n  NOM_ACCES  PTLA-L01-018 \n  AXE  LGV V2 \n  PK  10.1 \n  LONGITUDE  0°40'15.6925E \n  LATITUDE  47°15'59.5101N \n  LOT  01 \n  SEI  51 \n  LIBELLE  APP 0100-2 \n  LONG_DD  0.671026 \n  LAT_DD  47.266531","timestamp":null,"begin":null,"end":null,"altitudeMo":null,"tessellate":"-1","extrude":"0","visibility":"-1","drawOrder":null,"icon":null,"ETIQ":"AP V2 Km 10,100","NOM_ACCES":"PTLA-L01-018","AXE":"LGV V2","PK":"10.1","LONGITUDE":"0°40'15.6925E","LATITUDE":"47°15'59.5101N","LOT":"01","SEI":"51","LIBELLE":"APP 0100-2","LONG_DD":"0.671026","LAT_DD":"47.266531","gx_media_l":null,"_sp_url":null},"geometry":{"type":"Point","coordinates":[0.6710260000000001,47.266531,0.0]}},{"id":"157","type":"Feature","properties":{"Name":"AP V2 Km 10,100","descriptio":"Attributes\n  ETIQ  AP V2 Km 10,100 \n  NOM_ACCES  PTLA-L01-018 \n  AXE  LGV V2 \n  PK  10.1 \n  LONGITUDE  0°40'2.6088E \n  LATITUDE  47°15'34.4506N \n  LOT  01 \n  SEI  51 \n  LIBELLE  APP 0100-2 \n  LONG_DD  0.667391 \n  LAT_DD  47.25957","timestamp":null,"begin":null,"end":null,"altitudeMo":null,"tessellate":"-1","extrude":"0","visibility":"-1","drawOrder":null,"icon":null,"ETIQ":"AP V2 Km 10,100","NOM_ACCES":"PTLA-L01-018","AXE":"LGV V2","PK":"10.1","LONGITUDE":"0°40'2.6088E","LATITUDE":"47°15'34.4506N","LOT":"01","SEI":"51","LIBELLE":"APP 0100-2","LONG_DD":"0.667391","LAT_DD":"47.25957","gx_media_l":null,"_sp_url":null},"geometry":{"type":"Point","coordinates":[0.6673909999999998,47.25957000000001,0.0]}},{"id":"158","type":"Feature","properties":{"Name":"AR V2 Km 10,750","descriptio":"Attributes\n  ETIQ  AR V2 Km 10,750 \n  NOM_ACCES  PTLA-L01-016 \n  AXE  LGV V2 \n  PK  10.75 \n  LONGITUDE  0°40'5.27E \n  LATITUDE  47°15'38.6037N \n  LOT  01 \n  SEI  51 \n  LIBELLE  ARP 0107-2 \n  LONG_DD  0.668131 \n  LAT_DD  47.260723","timestamp":null,"begin":null,"end":null,"altitudeMo":null,"tessellate":"-1","extrude":"0","visibility":"-1","drawOrder":null,"icon":null,"ETIQ":"AR V2 Km 10,750","NOM_ACCES":"PTLA-L01-016","AXE":"LGV V2","PK":"10.75","LONGITUDE":"0°40'5.27E","LATITUDE":"47°15'38.6037N","LOT":"01","SEI":"51","LIBELLE":"ARP 0107-2","LONG_DD":"0.668131","LAT_DD":"47.260723","gx_media_l":null,"_sp_url":null},"geometry":{"type":"Point","coordinates":[0.6681310000000005,47.260723,0.0]}},{"id":"159","type":"Feature","properties":{"Name":"AR V1 Km 10,750","descriptio":"Attributes\n  ETIQ  AR V1 Km 10,750 \n  NOM_ACCES  PTLA-L01-037 \n  AXE  LGV V1 \n  PK  10.75 \n  LONGITUDE  0°40'5.9294E \n  LATITUDE  47°15'31.6182N \n  LOT  01 \n  SEI  51 \n  LIBELLE  ARP 0107-1 \n  LONG_DD  0.668314 \n  LAT_DD  47.258783","timestamp":null,"begin":null,"end":null,"altitudeMo":null,"tessellate":"-1","extrude":"0","visibility":"-1","drawOrder":null,"icon":null,"ETIQ":"AR V1 Km 10,750","NOM_ACCES":"PTLA-L01-037","AXE":"LGV V1","PK":"10.75","LONGITUDE":"0°40'5.9294E","LATITUDE":"47°15'31.6182N","LOT":"01","SEI":"51","LIBELLE":"ARP 0107-1","LONG_DD":"0.668314","LAT_DD":"47.258783","gx_media_l":null,"_sp_url":null},"geometry":{"type":"Point","coordinates":[0.6683140000000009,47.25878300000001,0.0]}},{"id":"160","type":"Feature","properties":{"Name":"AP V2 Km 10,970","descriptio":"Attributes\n  ETIQ  AP V2 Km 10,970 \n  NOM_ACCES  PTLO-L01-016 \n  AXE  LGV V2 \n  PK  10.97 \n  LONGITUDE  0°40'2.6936E \n  LATITUDE  47°15'32.7839N \n  LOT  01 \n  SEI  51 \n  LIBELLE  APP 0109-2 \n  LONG_DD  0.667415 \n  LAT_DD  47.259107","timestamp":null,"begin":null,"end":null,"altitudeMo":null,"tessellate":"-1","extrude":"0","visibility":"-1","drawOrder":null,"icon":null,"ETIQ":"AP V2 Km 10,970","NOM_ACCES":"PTLO-L01-016","AXE":"LGV V2","PK":"10.97","LONGITUDE":"0°40'2.6936E","LATITUDE":"47°15'32.7839N","LOT":"01","SEI":"51","LIBELLE":"APP 0109-2","LONG_DD":"0.667415","LAT_DD":"47.259107","gx_media_l":null,"_sp_url":null},"geometry":{"type":"Point","coordinates":[0.6674150000000001,47.259107000000014,0.0]}},{"id":"161","type":"Feature","properties":{"Name":"AP V1 Km 10,990","descriptio":"Attributes\n  ETIQ  AP V1 Km 10,990 \n  NOM_ACCES  PTLA-L01-037 \n  AXE  LGV V1 \n  PK  10.99 \n  LONGITUDE  0°40'5.9294E \n  LATITUDE  47°15'31.6182N \n  LOT  01 \n  SEI  51 \n  LIBELLE  APP 0109-1 \n  LONG_DD  0.668314 \n  LAT_DD  47.258783","timestamp":null,"begin":null,"end":null,"altitudeMo":null,"tessellate":"-1","extrude":"0","visibility":"-1","drawOrder":null,"icon":null,"ETIQ":"AP V1 Km 10,990","NOM_ACCES":"PTLA-L01-037","AXE":"LGV V1","PK":"10.99","LONGITUDE":"0°40'5.9294E","LATITUDE":"47°15'31.6182N","LOT":"01","SEI":"51","LIBELLE":"APP 0109-1","LONG_DD":"0.668314","LAT_DD":"47.258783","gx_media_l":null,"_sp_url":null},"geometry":{"type":"Point","coordinates":[0.6683140000000009,47.25878300000001,0.0]}},{"id":"162","type":"Feature","properties":{"Name":"AP V2 Km 11,160","descriptio":"Attributes\n  ETIQ  AP V2 Km 11,160 \n  NOM_ACCES  PTLA-L01-020 \n  AXE  LGV V2 \n  PK  11.16 \n  LONGITUDE  0°40'1.1063E \n  LATITUDE  47°15'29.722N \n  LOT  01 \n  SEI  51 \n  LIBELLE  APP 0111-2 \n  LONG_DD  0.666974 \n  LAT_DD  47.258256","timestamp":null,"begin":null,"end":null,"altitudeMo":null,"tessellate":"-1","extrude":"0","visibility":"-1","drawOrder":null,"icon":null,"ETIQ":"AP V2 Km 11,160","NOM_ACCES":"PTLA-L01-020","AXE":"LGV V2","PK":"11.16","LONGITUDE":"0°40'1.1063E","LATITUDE":"47°15'29.722N","LOT":"01","SEI":"51","LIBELLE":"APP 0111-2","LONG_DD":"0.666974","LAT_DD":"47.258256","gx_media_l":null,"_sp_url":null},"geometry":{"type":"Point","coordinates":[0.6669740000000005,47.258256,0.0]}},{"id":"163","type":"Feature","properties":{"Name":"AP V1 Km 11,600","descriptio":"Attributes\n  ETIQ  AP V1 Km 11,600 \n  NOM_ACCES  PTLO-L01-021a \n  AXE  LGV V1 \n  PK  11.6 \n  LONGITUDE  0°39'58.2953E \n  LATITUDE  47°15'11.6306N \n  LOT  01 \n  SEI  51 \n  LIBELLE  APP 0116-1 \n  LONG_DD  0.666193 \n  LAT_DD  47.253231","timestamp":null,"begin":null,"end":null,"altitudeMo":null,"tessellate":"-1","extrude":"0","visibility":"-1","drawOrder":null,"icon":null,"ETIQ":"AP V1 Km 11,600","NOM_ACCES":"PTLO-L01-021a","AXE":"LGV V1","PK":"11.6","LONGITUDE":"0°39'58.2953E","LATITUDE":"47°15'11.6306N","LOT":"01","SEI":"51","LIBELLE":"APP 0116-1","LONG_DD":"0.666193","LAT_DD":"47.253231","gx_media_l":null,"_sp_url":null},"geometry":{"type":"Point","coordinates":[0.6661929999999999,47.25323100000002,0.0]}},{"id":"164","type":"Feature","properties":{"Name":"AP V1 Km 11,930","descriptio":"Attributes\n  ETIQ  AP V1 Km 11,930 \n  NOM_ACCES  PTLO-L01-023 \n  AXE  LGV V1 \n  PK  11.93 \n  LONGITUDE  0°39'55.6397E \n  LATITUDE  47°15'1.8988N \n  LOT  01 \n  SEI  51 \n  LIBELLE  APP 0117-1 \n  LONG_DD  0.665455 \n  LAT_DD  47.250527","timestamp":null,"begin":null,"end":null,"altitudeMo":null,"tessellate":"-1","extrude":"0","visibility":"-1","drawOrder":null,"icon":null,"ETIQ":"AP V1 Km 11,930","NOM_ACCES":"PTLO-L01-023","AXE":"LGV V1","PK":"11.93","LONGITUDE":"0°39'55.6397E","LATITUDE":"47°15'1.8988N","LOT":"01","SEI":"51","LIBELLE":"APP 0117-1","LONG_DD":"0.665455","LAT_DD":"47.250527","gx_media_l":null,"_sp_url":null},"geometry":{"type":"Point","coordinates":[0.665455,47.250527,0.0]}},{"id":"165","type":"Feature","properties":{"Name":"AP V1 Km 11,930","descriptio":"Attributes\n  ETIQ  AP V1 Km 11,930 \n  NOM_ACCES  PTLO-L01-023 \n  AXE  LGV V1 \n  PK  11.93 \n  LONGITUDE  0°39'58.6756E \n  LATITUDE  47°15'1.2648N \n  LOT  01 \n  SEI  51 \n  LIBELLE  APP 0117-1 \n  LONG_DD  0.666299 \n  LAT_DD  47.250351","timestamp":null,"begin":null,"end":null,"altitudeMo":null,"tessellate":"-1","extrude":"0","visibility":"-1","drawOrder":null,"icon":null,"ETIQ":"AP V1 Km 11,930","NOM_ACCES":"PTLO-L01-023","AXE":"LGV V1","PK":"11.93","LONGITUDE":"0°39'58.6756E","LATITUDE":"47°15'1.2648N","LOT":"01","SEI":"51","LIBELLE":"APP 0117-1","LONG_DD":"0.666299","LAT_DD":"47.250351","gx_media_l":null,"_sp_url":null},"geometry":{"type":"Point","coordinates":[0.6662990000000001,47.250351,0.0]}},{"id":"166","type":"Feature","properties":{"Name":"AR V2 Km 12,939","descriptio":"Attributes\n  ETIQ  AR V2 Km 12,939 \n  NOM_ACCES  PTLA-L01-020a \n  AXE  LGV V2 \n  PK  12.939 \n  LONGITUDE  0°39'43.5101E \n  LATITUDE  47°14'27.4692N \n  LOT  01 \n  SEI  51 \n  LIBELLE  RRL 0129-2 \n  LONG_DD  0.662086 \n  LAT_DD  47.240964","timestamp":null,"begin":null,"end":null,"altitudeMo":null,"tessellate":"-1","extrude":"0","visibility":"-1","drawOrder":null,"icon":null,"ETIQ":"AR V2 Km 12,939","NOM_ACCES":"PTLA-L01-020a","AXE":"LGV V2","PK":"12.939","LONGITUDE":"0°39'43.5101E","LATITUDE":"47°14'27.4692N","LOT":"01","SEI":"51","LIBELLE":"RRL 0129-2","LONG_DD":"0.662086","LAT_DD":"47.240964","gx_media_l":null,"_sp_url":null},"geometry":{"type":"Point","coordinates":[0.6620859999999996,47.240964000000005,0.0]}},{"id":"167","type":"Feature","properties":{"Name":"AR V1 Km 12,939","descriptio":"Attributes\n  ETIQ  AR V1 Km 12,939 \n  NOM_ACCES  PTLA-L01-039 \n  AXE  LGV V1 \n  PK  12.939 \n  LONGITUDE  0°39'45.5664E \n  LATITUDE  47°14'24.3777N \n  LOT  01 \n  SEI  51 \n  LIBELLE  RRL 0129-1 \n  LONG_DD  0.662657 \n  LAT_DD  47.240105","timestamp":null,"begin":null,"end":null,"altitudeMo":null,"tessellate":"-1","extrude":"0","visibility":"-1","drawOrder":null,"icon":null,"ETIQ":"AR V1 Km 12,939","NOM_ACCES":"PTLA-L01-039","AXE":"LGV V1","PK":"12.939","LONGITUDE":"0°39'45.5664E","LATITUDE":"47°14'24.3777N","LOT":"01","SEI":"51","LIBELLE":"RRL 0129-1","LONG_DD":"0.662657","LAT_DD":"47.240105","gx_media_l":null,"_sp_url":null},"geometry":{"type":"Point","coordinates":[0.6626570000000003,47.240105000000014,0.0]}},{"id":"168","type":"Feature","properties":{"Name":"AP V2 Km 13,670","descriptio":"Attributes\n  ETIQ  AP V2 Km 13,670 \n  NOM_ACCES  PTLO-L01-018b \n  AXE  LGV V2 \n  PK  13.67 \n  LONGITUDE  0°39'39.0071E \n  LATITUDE  47°14'6.6902N \n  LOT  01 \n  SEI  51 \n  LIBELLE  APP 0136-2 \n  LONG_DD  0.660835 \n  LAT_DD  47.235192","timestamp":null,"begin":null,"end":null,"altitudeMo":null,"tessellate":"-1","extrude":"0","visibility":"-1","drawOrder":null,"icon":null,"ETIQ":"AP V2 Km 13,670","NOM_ACCES":"PTLO-L01-018b","AXE":"LGV V2","PK":"13.67","LONGITUDE":"0°39'39.0071E","LATITUDE":"47°14'6.6902N","LOT":"01","SEI":"51","LIBELLE":"APP 0136-2","LONG_DD":"0.660835","LAT_DD":"47.235192","gx_media_l":null,"_sp_url":null},"geometry":{"type":"Point","coordinates":[0.6608350000000001,47.235192000000005,0.0]}},{"id":"169","type":"Feature","properties":{"Name":"AP V1 Km 13,690","descriptio":"Attributes\n  ETIQ  AP V1 Km 13,690 \n  NOM_ACCES  PTLO-L01-025 \n  AXE  LGV V1 \n  PK  13.69 \n  LONGITUDE  0°39'40.2019E \n  LATITUDE  47°14'5.9512N \n  LOT  01 \n  SEI  51 \n  LIBELLE  APP 0136-1 \n  LONG_DD  0.661167 \n  LAT_DD  47.234986","timestamp":null,"begin":null,"end":null,"altitudeMo":null,"tessellate":"-1","extrude":"0","visibility":"-1","drawOrder":null,"icon":null,"ETIQ":"AP V1 Km 13,690","NOM_ACCES":"PTLO-L01-025","AXE":"LGV V1","PK":"13.69","LONGITUDE":"0°39'40.2019E","LATITUDE":"47°14'5.9512N","LOT":"01","SEI":"51","LIBELLE":"APP 0136-1","LONG_DD":"0.661167","LAT_DD":"47.234986","gx_media_l":null,"_sp_url":null},"geometry":{"type":"Point","coordinates":[0.6611670000000008,47.234986,0.0]}},{"id":"170","type":"Feature","properties":{"Name":"AP V2 Km 14,130","descriptio":"Attributes\n  ETIQ  AP V2 Km 14,130 \n  NOM_ACCES  PTLO-L01-018 \n  AXE  LGV V2 \n  PK  14.13 \n  LONGITUDE  0°39'36.8811E \n  LATITUDE  47°13'51.8615N \n  LOT  01 \n  SEI  51 \n  LIBELLE  APP 0141-2 \n  LONG_DD  0.660245 \n  LAT_DD  47.231073","timestamp":null,"begin":null,"end":null,"altitudeMo":null,"tessellate":"-1","extrude":"0","visibility":"-1","drawOrder":null,"icon":null,"ETIQ":"AP V2 Km 14,130","NOM_ACCES":"PTLO-L01-018","AXE":"LGV V2","PK":"14.13","LONGITUDE":"0°39'36.8811E","LATITUDE":"47°13'51.8615N","LOT":"01","SEI":"51","LIBELLE":"APP 0141-2","LONG_DD":"0.660245","LAT_DD":"47.231073","gx_media_l":null,"_sp_url":null},"geometry":{"type":"Point","coordinates":[0.6602449999999997,47.23107300000002,0.0]}},{"id":"171","type":"Feature","properties":{"Name":"AP V1 Km 14,205","descriptio":"Attributes\n  ETIQ  AP V1 Km 14,205 \n  NOM_ACCES  PTLO-L01-027 \n  AXE  LGV V1 \n  PK  14.205 \n  LONGITUDE  0°39'38.6999E \n  LATITUDE  47°13'49.306N \n  LOT  01 \n  SEI  51 \n  LIBELLE  APP 0142-1 \n  LONG_DD  0.66075 \n  LAT_DD  47.230363","timestamp":null,"begin":null,"end":null,"altitudeMo":null,"tessellate":"-1","extrude":"0","visibility":"-1","drawOrder":null,"icon":null,"ETIQ":"AP V1 Km 14,205","NOM_ACCES":"PTLO-L01-027","AXE":"LGV V1","PK":"14.205","LONGITUDE":"0°39'38.6999E","LATITUDE":"47°13'49.306N","LOT":"01","SEI":"51","LIBELLE":"APP 0142-1","LONG_DD":"0.66075","LAT_DD":"47.230363","gx_media_l":null,"_sp_url":null},"geometry":{"type":"Point","coordinates":[0.6607500000000003,47.23036299999999,0.0]}},{"id":"172","type":"Feature","properties":{"Name":"AP V2 Km 14,359","descriptio":"Attributes\n  ETIQ  AP V2 Km 14,359 \n  NOM_ACCES  PTLA-L01-024 \n  AXE  LGV V2 \n  PK  14.359 \n  LONGITUDE  0°39'36.0415E \n  LATITUDE  47°13'44.7941N \n  LOT  01 \n  SEI  51 \n  LIBELLE  APP 0143-2 \n  LONG_DD  0.660012 \n  LAT_DD  47.229109","timestamp":null,"begin":null,"end":null,"altitudeMo":null,"tessellate":"-1","extrude":"0","visibility":"-1","drawOrder":null,"icon":null,"ETIQ":"AP V2 Km 14,359","NOM_ACCES":"PTLA-L01-024","AXE":"LGV V2","PK":"14.359","LONGITUDE":"0°39'36.0415E","LATITUDE":"47°13'44.7941N","LOT":"01","SEI":"51","LIBELLE":"APP 0143-2","LONG_DD":"0.660012","LAT_DD":"47.229109","gx_media_l":null,"_sp_url":null},"geometry":{"type":"Point","coordinates":[0.6600120000000004,47.229108999999994,0.0]}},{"id":"173","type":"Feature","properties":{"Name":"AP V2 Km 14,417","descriptio":"Attributes\n  ETIQ  AP V2 Km 14,417 \n  NOM_ACCES  PTLA-L01-024 \n  AXE  LGV V2 \n  PK  14.417 \n  LONGITUDE  0°39'36.0415E \n  LATITUDE  47°13'44.7941N \n  LOT  01 \n  SEI  51 \n  LIBELLE  APP 0144-2 \n  LONG_DD  0.660012 \n  LAT_DD  47.229109","timestamp":null,"begin":null,"end":null,"altitudeMo":null,"tessellate":"-1","extrude":"0","visibility":"-1","drawOrder":null,"icon":null,"ETIQ":"AP V2 Km 14,417","NOM_ACCES":"PTLA-L01-024","AXE":"LGV V2","PK":"14.417","LONGITUDE":"0°39'36.0415E","LATITUDE":"47°13'44.7941N","LOT":"01","SEI":"51","LIBELLE":"APP 0144-2","LONG_DD":"0.660012","LAT_DD":"47.229109","gx_media_l":null,"_sp_url":null},"geometry":{"type":"Point","coordinates":[0.6600120000000004,47.229108999999994,0.0]}},{"id":"174","type":"Feature","properties":{"Name":"AR V2 Km 14,536","descriptio":"Attributes\n  ETIQ  AR V2 Km 14,536 \n  NOM_ACCES  PTLA-L01-024 \n  AXE  LGV V2 \n  PK  14.536 \n  LONGITUDE  0°39'36.0415E \n  LATITUDE  47°13'44.7941N \n  LOT  01 \n  SEI  51 \n  LIBELLE  ARP 0145-2 \n  LONG_DD  0.660012 \n  LAT_DD  47.229109","timestamp":null,"begin":null,"end":null,"altitudeMo":null,"tessellate":"-1","extrude":"0","visibility":"-1","drawOrder":null,"icon":null,"ETIQ":"AR V2 Km 14,536","NOM_ACCES":"PTLA-L01-024","AXE":"LGV V2","PK":"14.536","LONGITUDE":"0°39'36.0415E","LATITUDE":"47°13'44.7941N","LOT":"01","SEI":"51","LIBELLE":"ARP 0145-2","LONG_DD":"0.660012","LAT_DD":"47.229109","gx_media_l":null,"_sp_url":null},"geometry":{"type":"Point","coordinates":[0.6600120000000004,47.229108999999994,0.0]}},{"id":"175","type":"Feature","properties":{"Name":"AP V2 Km 15,000","descriptio":"Attributes\n  ETIQ  AP V2 Km 15,000 \n  NOM_ACCES  PTLA-L01-024 \n  AXE  LGV V2 \n  PK  15 \n  LONGITUDE  0°39'36.0415E \n  LATITUDE  47°13'44.7941N \n  LOT  01 \n  SEI  51 \n  LIBELLE  APP 0150-2 \n  LONG_DD  0.660012 \n  LAT_DD  47.229109","timestamp":null,"begin":null,"end":null,"altitudeMo":null,"tessellate":"-1","extrude":"0","visibility":"-1","drawOrder":null,"icon":null,"ETIQ":"AP V2 Km 15,000","NOM_ACCES":"PTLA-L01-024","AXE":"LGV V2","PK":"15","LONGITUDE":"0°39'36.0415E","LATITUDE":"47°13'44.7941N","LOT":"01","SEI":"51","LIBELLE":"APP 0150-2","LONG_DD":"0.660012","LAT_DD":"47.229109","gx_media_l":null,"_sp_url":null},"geometry":{"type":"Point","coordinates":[0.6600120000000004,47.229108999999994,0.0]}},{"id":"176","type":"Feature","properties":{"Name":"AR V1 Km 15,049","descriptio":"Attributes\n  ETIQ  AR V1 Km 15,049 \n  NOM_ACCES  PTLA-L01-041 \n  AXE  LGV V1 \n  PK  15.049 \n  LONGITUDE  0°39'36.1077E \n  LATITUDE  47°13'2.6436N \n  LOT  01 \n  SEI  51 \n  LIBELLE  ARP 0150-1 \n  LONG_DD  0.66003 \n  LAT_DD  47.217401","timestamp":null,"begin":null,"end":null,"altitudeMo":null,"tessellate":"-1","extrude":"0","visibility":"-1","drawOrder":null,"icon":null,"ETIQ":"AR V1 Km 15,049","NOM_ACCES":"PTLA-L01-041","AXE":"LGV V1","PK":"15.049","LONGITUDE":"0°39'36.1077E","LATITUDE":"47°13'2.6436N","LOT":"01","SEI":"51","LIBELLE":"ARP 0150-1","LONG_DD":"0.66003","LAT_DD":"47.217401","gx_media_l":null,"_sp_url":null},"geometry":{"type":"Point","coordinates":[0.6601750000000001,47.22272800000001,0.0]}},{"id":"177","type":"Feature","properties":{"Name":"AP V1 Km 15,480","descriptio":"Attributes\n  ETIQ  AP V1 Km 15,480 \n  NOM_ACCES  PTLA-L01-041 \n  AXE  LGV V1 \n  PK  15.48 \n  LONGITUDE  0°39'36.1077E \n  LATITUDE  47°13'2.6436N \n  LOT  01 \n  SEI  51 \n  LIBELLE  APP 0154-1 \n  LONG_DD  0.66003 \n  LAT_DD  47.217401","timestamp":null,"begin":null,"end":null,"altitudeMo":null,"tessellate":"-1","extrude":"0","visibility":"-1","drawOrder":null,"icon":null,"ETIQ":"AP V1 Km 15,480","NOM_ACCES":"PTLA-L01-041","AXE":"LGV V1","PK":"15.48","LONGITUDE":"0°39'36.1077E","LATITUDE":"47°13'2.6436N","LOT":"01","SEI":"51","LIBELLE":"APP 0154-1","LONG_DD":"0.66003","LAT_DD":"47.217401","gx_media_l":null,"_sp_url":null},"geometry":{"type":"Point","coordinates":[0.6578570000000002,47.20704800000001,0.0]}},{"id":"178","type":"Feature","properties":{"Name":"AR V2 Km 16,120","descriptio":"Attributes\n  ETIQ  AR V2 Km 16,120 \n  NOM_ACCES  PTLA-L01-028 \n  AXE  LGV V2 \n  PK  16.12 \n  LONGITUDE  0°39'28.745E \n  LATITUDE  47°12'47.0452N \n  LOT  01 \n  SEI  51 \n  LIBELLE  RRG 0161-2 \n  LONG_DD  0.657985 \n  LAT_DD  47.213068","timestamp":null,"begin":null,"end":null,"altitudeMo":null,"tessellate":"-1","extrude":"0","visibility":"-1","drawOrder":null,"icon":null,"ETIQ":"AR V2 Km 16,120","NOM_ACCES":"PTLA-L01-028","AXE":"LGV V2","PK":"16.12","LONGITUDE":"0°39'28.745E","LATITUDE":"47°12'47.0452N","LOT":"01","SEI":"51","LIBELLE":"RRG 0161-2","LONG_DD":"0.657985","LAT_DD":"47.213068","gx_media_l":null,"_sp_url":null},"geometry":{"type":"Point","coordinates":[0.6579850000000007,47.21306799999999,0.0]}},{"id":"179","type":"Feature","properties":{"Name":"AR V1 Km 16,812","descriptio":"Attributes\n  ETIQ  AR V1 Km 16,812 \n  NOM_ACCES  PTLA-L01-043b \n  AXE  LGV V1 \n  PK  16.812 \n  LONGITUDE  0°39'26.7911E \n  LATITUDE  47°12'25.4072N \n  LOT  01 \n  SEI  51 \n  LIBELLE  ARP 0168-1 \n  LONG_DD  0.657442 \n  LAT_DD  47.207058","timestamp":null,"begin":null,"end":null,"altitudeMo":null,"tessellate":"-1","extrude":"0","visibility":"-1","drawOrder":null,"icon":null,"ETIQ":"AR V1 Km 16,812","NOM_ACCES":"PTLA-L01-043b","AXE":"LGV V1","PK":"16.812","LONGITUDE":"0°39'26.7911E","LATITUDE":"47°12'25.4072N","LOT":"01","SEI":"51","LIBELLE":"ARP 0168-1","LONG_DD":"0.657442","LAT_DD":"47.207058","gx_media_l":null,"_sp_url":null},"geometry":{"type":"Point","coordinates":[0.6574420000000001,47.207057999999996,0.0]}},{"id":"180","type":"Feature","properties":{"Name":"AR V1 Km 16,932","descriptio":"Attributes\n  ETIQ  AR V1 Km 16,932 \n  NOM_ACCES  PTLA-L01-043a \n  AXE  LGV V1 \n  PK  16.932 \n  LONGITUDE  0°39'26.646E \n  LATITUDE  47°12'23.067N \n  LOT  01 \n  SEI  51 \n  LIBELLE  ARP 0169-1 \n  LONG_DD  0.657402 \n  LAT_DD  47.206407","timestamp":null,"begin":null,"end":null,"altitudeMo":null,"tessellate":"-1","extrude":"0","visibility":"-1","drawOrder":null,"icon":null,"ETIQ":"AR V1 Km 16,932","NOM_ACCES":"PTLA-L01-043a","AXE":"LGV V1","PK":"16.932","LONGITUDE":"0°39'26.646E","LATITUDE":"47°12'23.067N","LOT":"01","SEI":"51","LIBELLE":"ARP 0169-1","LONG_DD":"0.657402","LAT_DD":"47.206407","gx_media_l":null,"_sp_url":null},"geometry":{"type":"Point","coordinates":[0.6574020000000002,47.206407,0.0]}},{"id":"181","type":"Feature","properties":{"Name":"AP V2 Km 17,280","descriptio":"Attributes\n  ETIQ  AP V2 Km 17,280 \n  NOM_ACCES  PTLA-L01-030 \n  AXE  LGV V2 \n  PK  17.28 \n  LONGITUDE  0°39'19.6329E \n  LATITUDE  47°12'0.9095N \n  LOT  01 \n  SEI  51 \n  LIBELLE  APP 0172-2 \n  LONG_DD  0.655454 \n  LAT_DD  47.200253","timestamp":null,"begin":null,"end":null,"altitudeMo":null,"tessellate":"-1","extrude":"0","visibility":"-1","drawOrder":null,"icon":null,"ETIQ":"AP V2 Km 17,280","NOM_ACCES":"PTLA-L01-030","AXE":"LGV V2","PK":"17.28","LONGITUDE":"0°39'19.6329E","LATITUDE":"47°12'0.9095N","LOT":"01","SEI":"51","LIBELLE":"APP 0172-2","LONG_DD":"0.655454","LAT_DD":"47.200253","gx_media_l":null,"_sp_url":null},"geometry":{"type":"Point","coordinates":[0.6554540000000006,47.200253000000004,0.0]}},{"id":"182","type":"Feature","properties":{"Name":"AP V2 Km 17,680","descriptio":"Attributes\n  ETIQ  AP V2 Km 17,680 \n  NOM_ACCES  PTLO-L01-020 \n  AXE  LGV V2 \n  PK  17.68 \n  LONGITUDE  0°39'20.6795E \n  LATITUDE  47°11'57.6861N \n  LOT  01 \n  SEI  51 \n  LIBELLE  APP 0176-2 \n  LONG_DD  0.655744 \n  LAT_DD  47.199357","timestamp":null,"begin":null,"end":null,"altitudeMo":null,"tessellate":"-1","extrude":"0","visibility":"-1","drawOrder":null,"icon":null,"ETIQ":"AP V2 Km 17,680","NOM_ACCES":"PTLO-L01-020","AXE":"LGV V2","PK":"17.68","LONGITUDE":"0°39'20.6795E","LATITUDE":"47°11'57.6861N","LOT":"01","SEI":"51","LIBELLE":"APP 0176-2","LONG_DD":"0.655744","LAT_DD":"47.199357","gx_media_l":null,"_sp_url":null},"geometry":{"type":"Point","coordinates":[0.6557440000000003,47.19935700000001,0.0]}},{"id":"183","type":"Feature","properties":{"Name":"AP V1 Km 17,690","descriptio":"Attributes\n  ETIQ  AP V1 Km 17,690 \n  NOM_ACCES  PTLO-L01-031 \n  AXE  LGV V1 \n  PK  17.69 \n  LONGITUDE  0°39'22.4495E \n  LATITUDE  47°11'57.7292N \n  LOT  01 \n  SEI  51 \n  LIBELLE  APP 0176-1 \n  LONG_DD  0.656236 \n  LAT_DD  47.199369","timestamp":null,"begin":null,"end":null,"altitudeMo":null,"tessellate":"-1","extrude":"0","visibility":"-1","drawOrder":null,"icon":null,"ETIQ":"AP V1 Km 17,690","NOM_ACCES":"PTLO-L01-031","AXE":"LGV V1","PK":"17.69","LONGITUDE":"0°39'22.4495E","LATITUDE":"47°11'57.7292N","LOT":"01","SEI":"51","LIBELLE":"APP 0176-1","LONG_DD":"0.656236","LAT_DD":"47.199369","gx_media_l":null,"_sp_url":null},"geometry":{"type":"Point","coordinates":[0.656236,47.199369,0.0]}},{"id":"184","type":"Feature","properties":{"Name":"AR V1 Km 17,945","descriptio":"Attributes\n  ETIQ  AR V1 Km 17,945 \n  NOM_ACCES  PTLA-L01-045 \n  AXE  LGV V1 \n  PK  17.945 \n  LONGITUDE  0°39'22.6785E \n  LATITUDE  47°11'49.4288N \n  LOT  01 \n  SEI  51 \n  LIBELLE  ARP 0179-1 \n  LONG_DD  0.6563 \n  LAT_DD  47.197064","timestamp":null,"begin":null,"end":null,"altitudeMo":null,"tessellate":"-1","extrude":"0","visibility":"-1","drawOrder":null,"icon":null,"ETIQ":"AR V1 Km 17,945","NOM_ACCES":"PTLA-L01-045","AXE":"LGV V1","PK":"17.945","LONGITUDE":"0°39'22.6785E","LATITUDE":"47°11'49.4288N","LOT":"01","SEI":"51","LIBELLE":"ARP 0179-1","LONG_DD":"0.6563","LAT_DD":"47.197064","gx_media_l":null,"_sp_url":null},"geometry":{"type":"Point","coordinates":[0.6562999999999999,47.197064000000005,0.0]}},{"id":"185","type":"Feature","properties":{"Name":"AR V2 Km 18,050","descriptio":"Attributes\n  ETIQ  AR V2 Km 18,050 \n  NOM_ACCES  PTLA-L01-032 \n  AXE  LGV V2 \n  PK  18.05 \n  LONGITUDE  0°39'20.1375E \n  LATITUDE  47°11'46.9605N \n  LOT  01 \n  SEI  51 \n  LIBELLE  ARP 0180-2 \n  LONG_DD  0.655594 \n  LAT_DD  47.196378","timestamp":null,"begin":null,"end":null,"altitudeMo":null,"tessellate":"-1","extrude":"0","visibility":"-1","drawOrder":null,"icon":null,"ETIQ":"AR V2 Km 18,050","NOM_ACCES":"PTLA-L01-032","AXE":"LGV V2","PK":"18.05","LONGITUDE":"0°39'20.1375E","LATITUDE":"47°11'46.9605N","LOT":"01","SEI":"51","LIBELLE":"ARP 0180-2","LONG_DD":"0.655594","LAT_DD":"47.196378","gx_media_l":null,"_sp_url":null},"geometry":{"type":"Point","coordinates":[0.6555939999999997,47.19637800000001,0.0]}},{"id":"186","type":"Feature","properties":{"Name":"AP V1 Km 18,345","descriptio":"Attributes\n  ETIQ  AP V1 Km 18,345 \n  NOM_ACCES  PTLO-L01-033a \n  AXE  LGV V1 \n  PK  18.345 \n  LONGITUDE  0°39'22.093E \n  LATITUDE  47°11'37.9135N \n  LOT  01 \n  SEI  51 \n  LIBELLE  APP 0183-1 \n  LONG_DD  0.656137 \n  LAT_DD  47.193865","timestamp":null,"begin":null,"end":null,"altitudeMo":null,"tessellate":"-1","extrude":"0","visibility":"-1","drawOrder":null,"icon":null,"ETIQ":"AP V1 Km 18,345","NOM_ACCES":"PTLO-L01-033a","AXE":"LGV V1","PK":"18.345","LONGITUDE":"0°39'22.093E","LATITUDE":"47°11'37.9135N","LOT":"01","SEI":"51","LIBELLE":"APP 0183-1","LONG_DD":"0.656137","LAT_DD":"47.193865","gx_media_l":null,"_sp_url":null},"geometry":{"type":"Point","coordinates":[0.6561370000000002,47.193865,0.0]}},{"id":"187","type":"Feature","properties":{"Name":"AP V1 Km 18,480","descriptio":"Attributes\n  ETIQ  AP V1 Km 18,480 \n  NOM_ACCES  PTLO-L01-033 \n  AXE  LGV V1 \n  PK  18.48 \n  LONGITUDE  0°39'22.8756E \n  LATITUDE  47°11'30.4817N \n  LOT  01 \n  SEI  51 \n  LIBELLE  APP 0185-1 \n  LONG_DD  0.656354 \n  LAT_DD  47.1918","timestamp":null,"begin":null,"end":null,"altitudeMo":null,"tessellate":"-1","extrude":"0","visibility":"-1","drawOrder":null,"icon":null,"ETIQ":"AP V1 Km 18,480","NOM_ACCES":"PTLO-L01-033","AXE":"LGV V1","PK":"18.48","LONGITUDE":"0°39'22.8756E","LATITUDE":"47°11'30.4817N","LOT":"01","SEI":"51","LIBELLE":"APP 0185-1","LONG_DD":"0.656354","LAT_DD":"47.1918","gx_media_l":null,"_sp_url":null},"geometry":{"type":"Point","coordinates":[0.6563539999999999,47.19180000000001,0.0]}},{"id":"188","type":"Feature","properties":{"Name":"AP V2 Km 18,570","descriptio":"Attributes\n  ETIQ  AP V2 Km 18,570 \n  NOM_ACCES  PTLO-L01-024 \n  AXE  LGV V2 \n  PK  18.57 \n  LONGITUDE  0°39'21.4923E \n  LATITUDE  47°11'28.4515N \n  LOT  01 \n  SEI  51 \n  LIBELLE  APP 0185-2 \n  LONG_DD  0.65597 \n  LAT_DD  47.191237","timestamp":null,"begin":null,"end":null,"altitudeMo":null,"tessellate":"-1","extrude":"0","visibility":"-1","drawOrder":null,"icon":null,"ETIQ":"AP V2 Km 18,570","NOM_ACCES":"PTLO-L01-024","AXE":"LGV V2","PK":"18.57","LONGITUDE":"0°39'21.4923E","LATITUDE":"47°11'28.4515N","LOT":"01","SEI":"51","LIBELLE":"APP 0185-2","LONG_DD":"0.65597","LAT_DD":"47.191237","gx_media_l":null,"_sp_url":null},"geometry":{"type":"Point","coordinates":[0.6559700000000006,47.191237,0.0]}},{"id":"189","type":"Feature","properties":{"Name":"AR V2 Km 19,634","descriptio":"Attributes\n  ETIQ  AR V2 Km 19,634 \n  NOM_ACCES  PTLA-L01-034 \n  AXE  LGV V2 \n  PK  19.634 \n  LONGITUDE  0°39'30.8382E \n  LATITUDE  47°10'50.1905N \n  LOT  01 \n  SEI  51 \n  LIBELLE  ARP 0196-2 \n  LONG_DD  0.658566 \n  LAT_DD  47.180608","timestamp":null,"begin":null,"end":null,"altitudeMo":null,"tessellate":"-1","extrude":"0","visibility":"-1","drawOrder":null,"icon":null,"ETIQ":"AR V2 Km 19,634","NOM_ACCES":"PTLA-L01-034","AXE":"LGV V2","PK":"19.634","LONGITUDE":"0°39'30.8382E","LATITUDE":"47°10'50.1905N","LOT":"01","SEI":"51","LIBELLE":"ARP 0196-2","LONG_DD":"0.658566","LAT_DD":"47.180608","gx_media_l":null,"_sp_url":null},"geometry":{"type":"Point","coordinates":[0.6585660000000008,47.18060799999999,0.0]}},{"id":"190","type":"Feature","properties":{"Name":"AR V1 Km 19,949","descriptio":"Attributes\n  ETIQ  AR V1 Km 19,949 \n  NOM_ACCES  PTLA-L01-049 \n  AXE  LGV V1 \n  PK  19.949 \n  LONGITUDE  0°39'34.6858E \n  LATITUDE  47°10'49.1483N \n  LOT  01 \n  SEI  51 \n  LIBELLE  ARP 0199-1 \n  LONG_DD  0.659635 \n  LAT_DD  47.180319","timestamp":null,"begin":null,"end":null,"altitudeMo":null,"tessellate":"-1","extrude":"0","visibility":"-1","drawOrder":null,"icon":null,"ETIQ":"AR V1 Km 19,949","NOM_ACCES":"PTLA-L01-049","AXE":"LGV V1","PK":"19.949","LONGITUDE":"0°39'34.6858E","LATITUDE":"47°10'49.1483N","LOT":"01","SEI":"51","LIBELLE":"ARP 0199-1","LONG_DD":"0.659635","LAT_DD":"47.180319","gx_media_l":null,"_sp_url":null},"geometry":{"type":"Point","coordinates":[0.6596350000000006,47.18031899999999,0.0]}},{"id":"191","type":"Feature","properties":{"Name":"AP V2 Km 20,305","descriptio":"Attributes\n  ETIQ  AP V2 Km 20,305 \n  NOM_ACCES  PTLO-L01-028 \n  AXE  LGV V2 \n  PK  20.305 \n  LONGITUDE  0°39'39.0598E \n  LATITUDE  47°10'33.6139N \n  LOT  01 \n  SEI  51 \n  LIBELLE  APP 0203-2 \n  LONG_DD  0.66085 \n  LAT_DD  47.176004","timestamp":null,"begin":null,"end":null,"altitudeMo":null,"tessellate":"-1","extrude":"0","visibility":"-1","drawOrder":null,"icon":null,"ETIQ":"AP V2 Km 20,305","NOM_ACCES":"PTLO-L01-028","AXE":"LGV V2","PK":"20.305","LONGITUDE":"0°39'39.0598E","LATITUDE":"47°10'33.6139N","LOT":"01","SEI":"51","LIBELLE":"APP 0203-2","LONG_DD":"0.66085","LAT_DD":"47.176004","gx_media_l":null,"_sp_url":null},"geometry":{"type":"Point","coordinates":[0.6608500000000014,47.17600400000001,0.0]}},{"id":"192","type":"Feature","properties":{"Name":"AP V1 Km 20,695","descriptio":"Attributes\n  ETIQ  AP V1 Km 20,695 \n  NOM_ACCES  PTLO-L01-041 \n  AXE  LGV V1 \n  PK  20.695 \n  LONGITUDE  0°39'47.0985E \n  LATITUDE  47°10'22.5968N \n  LOT  01 \n  SEI  52 \n  LIBELLE  APP 0207-1 \n  LONG_DD  0.663083 \n  LAT_DD  47.172944","timestamp":null,"begin":null,"end":null,"altitudeMo":null,"tessellate":"-1","extrude":"0","visibility":"-1","drawOrder":null,"icon":null,"ETIQ":"AP V1 Km 20,695","NOM_ACCES":"PTLO-L01-041","AXE":"LGV V1","PK":"20.695","LONGITUDE":"0°39'47.0985E","LATITUDE":"47°10'22.5968N","LOT":"01","SEI":"52","LIBELLE":"APP 0207-1","LONG_DD":"0.663083","LAT_DD":"47.172944","gx_media_l":null,"_sp_url":null},"geometry":{"type":"Point","coordinates":[0.6630830000000006,47.172944,0.0]}},{"id":"193","type":"Feature","properties":{"Name":"AR V1 Km 21,172","descriptio":"Attributes\n  ETIQ  AR V1 Km 21,172 \n  NOM_ACCES  PTLA-L01-051 \n  AXE  LGV V1 \n  PK  21.172 \n  LONGITUDE  0°39'54.5942E \n  LATITUDE  47°10'11.8804N \n  LOT  01 \n  SEI  52 \n  LIBELLE  ARP 0211-1 \n  LONG_DD  0.665165 \n  LAT_DD  47.169967","timestamp":null,"begin":null,"end":null,"altitudeMo":null,"tessellate":"-1","extrude":"0","visibility":"-1","drawOrder":null,"icon":null,"ETIQ":"AR V1 Km 21,172","NOM_ACCES":"PTLA-L01-051","AXE":"LGV V1","PK":"21.172","LONGITUDE":"0°39'54.5942E","LATITUDE":"47°10'11.8804N","LOT":"01","SEI":"52","LIBELLE":"ARP 0211-1","LONG_DD":"0.665165","LAT_DD":"47.169967","gx_media_l":null,"_sp_url":null},"geometry":{"type":"Point","coordinates":[0.665165,47.16996699999999,0.0]}},{"id":"194","type":"Feature","properties":{"Name":"AP V1 Km 21,289","descriptio":"Attributes\n  ETIQ  AP V1 Km 21,289 \n  NOM_ACCES  PTLA-L01-051 \n  AXE  LGV V1 \n  PK  21.289 \n  LONGITUDE  0°39'59.3465E \n  LATITUDE  47°10'5.193N \n  LOT  01 \n  SEI  52 \n  LIBELLE  APP 0212-1 \n  LONG_DD  0.666485 \n  LAT_DD  47.168109","timestamp":null,"begin":null,"end":null,"altitudeMo":null,"tessellate":"-1","extrude":"0","visibility":"-1","drawOrder":null,"icon":null,"ETIQ":"AP V1 Km 21,289","NOM_ACCES":"PTLA-L01-051","AXE":"LGV V1","PK":"21.289","LONGITUDE":"0°39'59.3465E","LATITUDE":"47°10'5.193N","LOT":"01","SEI":"52","LIBELLE":"APP 0212-1","LONG_DD":"0.666485","LAT_DD":"47.168109","gx_media_l":null,"_sp_url":null},"geometry":{"type":"Point","coordinates":[0.6664850000000003,47.16810899999999,0.0]}},{"id":"195","type":"Feature","properties":{"Name":"AP V1 Km 21,289","descriptio":"Attributes\n  ETIQ  AP V1 Km 21,289 \n  NOM_ACCES  PTLA-L01-051 \n  AXE  LGV V1 \n  PK  21.289 \n  LONGITUDE  0°39'57.7788E \n  LATITUDE  47°10'6.7263N \n  LOT  01 \n  SEI  52 \n  LIBELLE  APP 0212-1 \n  LONG_DD  0.66605 \n  LAT_DD  47.168535","timestamp":null,"begin":null,"end":null,"altitudeMo":null,"tessellate":"-1","extrude":"0","visibility":"-1","drawOrder":null,"icon":null,"ETIQ":"AP V1 Km 21,289","NOM_ACCES":"PTLA-L01-051","AXE":"LGV V1","PK":"21.289","LONGITUDE":"0°39'57.7788E","LATITUDE":"47°10'6.7263N","LOT":"01","SEI":"52","LIBELLE":"APP 0212-1","LONG_DD":"0.66605","LAT_DD":"47.168535","gx_media_l":null,"_sp_url":null},"geometry":{"type":"Point","coordinates":[0.6660500000000003,47.16853500000001,0.0]}},{"id":"196","type":"Feature","properties":{"Name":"AR V2 Km 21,370","descriptio":"Attributes\n  ETIQ  AR V2 Km 21,370 \n  NOM_ACCES  PTLA-L01-036 \n  AXE  LGV V2 \n  PK  21.37 \n  LONGITUDE  0°39'58.9882E \n  LATITUDE  47°10'1.7523N \n  LOT  01 \n  SEI  52 \n  LIBELLE  ARP 0213-2 \n  LONG_DD  0.666386 \n  LAT_DD  47.167153","timestamp":null,"begin":null,"end":null,"altitudeMo":null,"tessellate":"-1","extrude":"0","visibility":"-1","drawOrder":null,"icon":null,"ETIQ":"AR V2 Km 21,370","NOM_ACCES":"PTLA-L01-036","AXE":"LGV V2","PK":"21.37","LONGITUDE":"0°39'58.9882E","LATITUDE":"47°10'1.7523N","LOT":"01","SEI":"52","LIBELLE":"ARP 0213-2","LONG_DD":"0.666386","LAT_DD":"47.167153","gx_media_l":null,"_sp_url":null},"geometry":{"type":"Point","coordinates":[0.6663859999999997,47.167153000000006,0.0]}},{"id":"197","type":"Feature","properties":{"Name":"AR V1 Km 21,560","descriptio":"Attributes\n  ETIQ  AR V1 Km 21,560 \n  NOM_ACCES  PTLA-L01-051 \n  AXE  LGV V1 \n  PK  21.56 \n  LONGITUDE  0°39'59.3465E \n  LATITUDE  47°10'5.193N \n  LOT  01 \n  SEI  52 \n  LIBELLE  ARP 0215-1 \n  LONG_DD  0.666485 \n  LAT_DD  47.168109","timestamp":null,"begin":null,"end":null,"altitudeMo":null,"tessellate":"-1","extrude":"0","visibility":"-1","drawOrder":null,"icon":null,"ETIQ":"AR V1 Km 21,560","NOM_ACCES":"PTLA-L01-051","AXE":"LGV V1","PK":"21.56","LONGITUDE":"0°39'59.3465E","LATITUDE":"47°10'5.193N","LOT":"01","SEI":"52","LIBELLE":"ARP 0215-1","LONG_DD":"0.666485","LAT_DD":"47.168109","gx_media_l":null,"_sp_url":null},"geometry":{"type":"Point","coordinates":[0.6664850000000003,47.16810899999999,0.0]}},{"id":"198","type":"Feature","properties":{"Name":"AR V1 Km 21,560","descriptio":"Attributes\n  ETIQ  AR V1 Km 21,560 \n  NOM_ACCES  PTLA-L01-051 \n  AXE  LGV V1 \n  PK  21.56 \n  LONGITUDE  0°39'57.7788E \n  LATITUDE  47°10'6.7263N \n  LOT  01 \n  SEI  52 \n  LIBELLE  ARP 0215-1 \n  LONG_DD  0.66605 \n  LAT_DD  47.168535","timestamp":null,"begin":null,"end":null,"altitudeMo":null,"tessellate":"-1","extrude":"0","visibility":"-1","drawOrder":null,"icon":null,"ETIQ":"AR V1 Km 21,560","NOM_ACCES":"PTLA-L01-051","AXE":"LGV V1","PK":"21.56","LONGITUDE":"0°39'57.7788E","LATITUDE":"47°10'6.7263N","LOT":"01","SEI":"52","LIBELLE":"ARP 0215-1","LONG_DD":"0.66605","LAT_DD":"47.168535","gx_media_l":null,"_sp_url":null},"geometry":{"type":"Point","coordinates":[0.6660500000000003,47.16853500000001,0.0]}},{"id":"199","type":"Feature","properties":{"Name":"AP V2 Km 21,663","descriptio":"Attributes\n  ETIQ  AP V2 Km 21,663 \n  NOM_ACCES  PTLA-L01-038 \n  AXE  LGV V2 \n  PK  21.663 \n  LONGITUDE  0°40'4.619E \n  LATITUDE  47°9'53.0741N \n  LOT  01 \n  SEI  52 \n  LIBELLE  APP 0216-2 \n  LONG_DD  0.66795 \n  LAT_DD  47.164743","timestamp":null,"begin":null,"end":null,"altitudeMo":null,"tessellate":"-1","extrude":"0","visibility":"-1","drawOrder":null,"icon":null,"ETIQ":"AP V2 Km 21,663","NOM_ACCES":"PTLA-L01-038","AXE":"LGV V2","PK":"21.663","LONGITUDE":"0°40'4.619E","LATITUDE":"47°9'53.0741N","LOT":"01","SEI":"52","LIBELLE":"APP 0216-2","LONG_DD":"0.66795","LAT_DD":"47.164743","gx_media_l":null,"_sp_url":null},"geometry":{"type":"Point","coordinates":[0.66795,47.16474300000001,0.0]}},{"id":"200","type":"Feature","properties":{"Name":"AR V2 Km 21,794","descriptio":"Attributes\n  ETIQ  AR V2 Km 21,794 \n  NOM_ACCES  PTLA-L01-040 \n  AXE  LGV V2 \n  PK  21.794 \n  LONGITUDE  0°40'13.8579E \n  LATITUDE  47°9'39.1695N \n  LOT  01 \n  SEI  52 \n  LIBELLE  ARP 0217-2 \n  LONG_DD  0.670516 \n  LAT_DD  47.16088","timestamp":null,"begin":null,"end":null,"altitudeMo":null,"tessellate":"-1","extrude":"0","visibility":"-1","drawOrder":null,"icon":null,"ETIQ":"AR V2 Km 21,794","NOM_ACCES":"PTLA-L01-040","AXE":"LGV V2","PK":"21.794","LONGITUDE":"0°40'13.8579E","LATITUDE":"47°9'39.1695N","LOT":"01","SEI":"52","LIBELLE":"ARP 0217-2","LONG_DD":"0.670516","LAT_DD":"47.16088","gx_media_l":null,"_sp_url":null},"geometry":{"type":"Point","coordinates":[0.6705160000000004,47.16088000000001,0.0]}},{"id":"201","type":"Feature","properties":{"Name":"AR V1 Km 22,059","descriptio":"Attributes\n  ETIQ  AR V1 Km 22,059 \n  NOM_ACCES  PTLO-L01-057b \n  AXE  LGV V1 \n  PK  22.059 \n  LONGITUDE  0°40'14.266E \n  LATITUDE  47°9'41.9651N \n  LOT  01 \n  SEI  52 \n  LIBELLE  ARP 0220-1 \n  LONG_DD  0.670629 \n  LAT_DD  47.161657","timestamp":null,"begin":null,"end":null,"altitudeMo":null,"tessellate":"-1","extrude":"0","visibility":"-1","drawOrder":null,"icon":null,"ETIQ":"AR V1 Km 22,059","NOM_ACCES":"PTLO-L01-057b","AXE":"LGV V1","PK":"22.059","LONGITUDE":"0°40'14.266E","LATITUDE":"47°9'41.9651N","LOT":"01","SEI":"52","LIBELLE":"ARP 0220-1","LONG_DD":"0.670629","LAT_DD":"47.161657","gx_media_l":null,"_sp_url":null},"geometry":{"type":"Point","coordinates":[0.6706290000000004,47.161657,0.0]}},{"id":"202","type":"Feature","properties":{"Name":"AP V1 Km 22,137","descriptio":"Attributes\n  ETIQ  AP V1 Km 22,137 \n  NOM_ACCES  PTLO-L01-045 \n  AXE  LGV V1 \n  PK  22.137 \n  LONGITUDE  0°40'16.3447E \n  LATITUDE  47°9'40.0469N \n  LOT  01 \n  SEI  52 \n  LIBELLE  APP 0221-1 \n  LONG_DD  0.671207 \n  LAT_DD  47.161124","timestamp":null,"begin":null,"end":null,"altitudeMo":null,"tessellate":"-1","extrude":"0","visibility":"-1","drawOrder":null,"icon":null,"ETIQ":"AP V1 Km 22,137","NOM_ACCES":"PTLO-L01-045","AXE":"LGV V1","PK":"22.137","LONGITUDE":"0°40'16.3447E","LATITUDE":"47°9'40.0469N","LOT":"01","SEI":"52","LIBELLE":"APP 0221-1","LONG_DD":"0.671207","LAT_DD":"47.161124","gx_media_l":null,"_sp_url":null},"geometry":{"type":"Point","coordinates":[0.6712070000000009,47.161123999999994,0.0]}},{"id":"203","type":"Feature","properties":{"Name":"AR V2 Km 22,200","descriptio":"Attributes\n  ETIQ  AR V2 Km 22,200 \n  NOM_ACCES  PTLA-L01-040 \n  AXE  LGV V2 \n  PK  22.2 \n  LONGITUDE  0°40'13.8579E \n  LATITUDE  47°9'39.1695N \n  LOT  01 \n  SEI  52 \n  LIBELLE  ARP 0222-2 \n  LONG_DD  0.670516 \n  LAT_DD  47.16088","timestamp":null,"begin":null,"end":null,"altitudeMo":null,"tessellate":"-1","extrude":"0","visibility":"-1","drawOrder":null,"icon":null,"ETIQ":"AR V2 Km 22,200","NOM_ACCES":"PTLA-L01-040","AXE":"LGV V2","PK":"22.2","LONGITUDE":"0°40'13.8579E","LATITUDE":"47°9'39.1695N","LOT":"01","SEI":"52","LIBELLE":"ARP 0222-2","LONG_DD":"0.670516","LAT_DD":"47.16088","gx_media_l":null,"_sp_url":null},"geometry":{"type":"Point","coordinates":[0.6705160000000004,47.16088000000001,0.0]}},{"id":"204","type":"Feature","properties":{"Name":"AP V1 Km 22,400","descriptio":"Attributes\n  ETIQ  AP V1 Km 22,400 \n  NOM_ACCES  PTLO-L01-049 \n  AXE  LGV V1 \n  PK  22.4 \n  LONGITUDE  0°40'21.9874E \n  LATITUDE  47°9'32.0366N \n  LOT  01 \n  SEI  52 \n  LIBELLE  APP 0224-1 \n  LONG_DD  0.672774 \n  LAT_DD  47.158899","timestamp":null,"begin":null,"end":null,"altitudeMo":null,"tessellate":"-1","extrude":"0","visibility":"-1","drawOrder":null,"icon":null,"ETIQ":"AP V1 Km 22,400","NOM_ACCES":"PTLO-L01-049","AXE":"LGV V1","PK":"22.4","LONGITUDE":"0°40'21.9874E","LATITUDE":"47°9'32.0366N","LOT":"01","SEI":"52","LIBELLE":"APP 0224-1","LONG_DD":"0.672774","LAT_DD":"47.158899","gx_media_l":null,"_sp_url":null},"geometry":{"type":"Point","coordinates":[0.672774,47.158899,0.0]}},{"id":"205","type":"Feature","properties":{"Name":"AP V2 Km 22,510","descriptio":"Attributes\n  ETIQ  AP V2 Km 22,510 \n  NOM_ACCES  PTLO-L01-032 \n  AXE  LGV V2 \n  PK  22.51 \n  LONGITUDE  0°40'22.169E \n  LATITUDE  47°9'28.4071N \n  LOT  01 \n  SEI  52 \n  LIBELLE  APP 0225-2 \n  LONG_DD  0.672825 \n  LAT_DD  47.157891","timestamp":null,"begin":null,"end":null,"altitudeMo":null,"tessellate":"-1","extrude":"0","visibility":"-1","drawOrder":null,"icon":null,"ETIQ":"AP V2 Km 22,510","NOM_ACCES":"PTLO-L01-032","AXE":"LGV V2","PK":"22.51","LONGITUDE":"0°40'22.169E","LATITUDE":"47°9'28.4071N","LOT":"01","SEI":"52","LIBELLE":"APP 0225-2","LONG_DD":"0.672825","LAT_DD":"47.157891","gx_media_l":null,"_sp_url":null},"geometry":{"type":"Point","coordinates":[0.6728249999999997,47.157891,0.0]}},{"id":"206","type":"Feature","properties":{"Name":"AP V1 Km 22,805","descriptio":"Attributes\n  ETIQ  AP V1 Km 22,805 \n  NOM_ACCES  PTLO-L01-051 \n  AXE  LGV V1 \n  PK  22.805 \n  LONGITUDE  0°40'29.0969E \n  LATITUDE  47°9'20.2017N \n  LOT  01 \n  SEI  52 \n  LIBELLE  APP 0228-1 \n  LONG_DD  0.674749 \n  LAT_DD  47.155612","timestamp":null,"begin":null,"end":null,"altitudeMo":null,"tessellate":"-1","extrude":"0","visibility":"-1","drawOrder":null,"icon":null,"ETIQ":"AP V1 Km 22,805","NOM_ACCES":"PTLO-L01-051","AXE":"LGV V1","PK":"22.805","LONGITUDE":"0°40'29.0969E","LATITUDE":"47°9'20.2017N","LOT":"01","SEI":"52","LIBELLE":"APP 0228-1","LONG_DD":"0.674749","LAT_DD":"47.155612","gx_media_l":null,"_sp_url":null},"geometry":{"type":"Point","coordinates":[0.674749,47.155612,0.0]}},{"id":"207","type":"Feature","properties":{"Name":"AP V2 Km 22,900","descriptio":"Attributes\n  ETIQ  AP V2 Km 22,900 \n  NOM_ACCES  PTLO-L01-034 \n  AXE  LGV V2 \n  PK  22.9 \n  LONGITUDE  0°40'28.9838E \n  LATITUDE  47°9'18.2125N \n  LOT  01 \n  SEI  52 \n  LIBELLE  APP 0229-2 \n  LONG_DD  0.674718 \n  LAT_DD  47.155059","timestamp":null,"begin":null,"end":null,"altitudeMo":null,"tessellate":"-1","extrude":"0","visibility":"-1","drawOrder":null,"icon":null,"ETIQ":"AP V2 Km 22,900","NOM_ACCES":"PTLO-L01-034","AXE":"LGV V2","PK":"22.9","LONGITUDE":"0°40'28.9838E","LATITUDE":"47°9'18.2125N","LOT":"01","SEI":"52","LIBELLE":"APP 0229-2","LONG_DD":"0.674718","LAT_DD":"47.155059","gx_media_l":null,"_sp_url":null},"geometry":{"type":"Point","coordinates":[0.6747180000000003,47.15505900000001,0.0]}},{"id":"208","type":"Feature","properties":{"Name":"AP V1 Km 23,740","descriptio":"Attributes\n  ETIQ  AP V1 Km 23,740 \n  NOM_ACCES  PTLO-L02-001 \n  AXE  LGV V1 \n  PK  23.74 \n  LONGITUDE  0°40'43.4562E \n  LATITUDE  47°8'51.4027N \n  LOT  02 \n  SEI  52 \n  LIBELLE  APP 0237-1 \n  LONG_DD  0.678738 \n  LAT_DD  47.147612","timestamp":null,"begin":null,"end":null,"altitudeMo":null,"tessellate":"-1","extrude":"0","visibility":"-1","drawOrder":null,"icon":null,"ETIQ":"AP V1 Km 23,740","NOM_ACCES":"PTLO-L02-001","AXE":"LGV V1","PK":"23.74","LONGITUDE":"0°40'43.4562E","LATITUDE":"47°8'51.4027N","LOT":"02","SEI":"52","LIBELLE":"APP 0237-1","LONG_DD":"0.678738","LAT_DD":"47.147612","gx_media_l":null,"_sp_url":null},"geometry":{"type":"Point","coordinates":[0.6787380000000002,47.147612,0.0]}},{"id":"209","type":"Feature","properties":{"Name":"AP V2 Km 23,740","descriptio":"Attributes\n  ETIQ  AP V2 Km 23,740 \n  NOM_ACCES  PTLO-L02-002 \n  AXE  LGV V2 \n  PK  23.74 \n  LONGITUDE  0°40'42.5414E \n  LATITUDE  47°8'51.1762N \n  LOT  02 \n  SEI  52 \n  LIBELLE  APP 0237-2 \n  LONG_DD  0.678484 \n  LAT_DD  47.147549","timestamp":null,"begin":null,"end":null,"altitudeMo":null,"tessellate":"-1","extrude":"0","visibility":"-1","drawOrder":null,"icon":null,"ETIQ":"AP V2 Km 23,740","NOM_ACCES":"PTLO-L02-002","AXE":"LGV V2","PK":"23.74","LONGITUDE":"0°40'42.5414E","LATITUDE":"47°8'51.1762N","LOT":"02","SEI":"52","LIBELLE":"APP 0237-2","LONG_DD":"0.678484","LAT_DD":"47.147549","gx_media_l":null,"_sp_url":null},"geometry":{"type":"Point","coordinates":[0.6784840000000001,47.14754900000001,0.0]}},{"id":"210","type":"Feature","properties":{"Name":"AP V1 Km 24,650","descriptio":"Attributes\n  ETIQ  AP V1 Km 24,650 \n  NOM_ACCES  PTLO-L02-003 \n  AXE  LGV V1 \n  PK  24.65 \n  LONGITUDE  0°40'51.8724E \n  LATITUDE  47°8'22.259N \n  LOT  02 \n  SEI  52 \n  LIBELLE  APP 0246-1 \n  LONG_DD  0.681076 \n  LAT_DD  47.139516","timestamp":null,"begin":null,"end":null,"altitudeMo":null,"tessellate":"-1","extrude":"0","visibility":"-1","drawOrder":null,"icon":null,"ETIQ":"AP V1 Km 24,650","NOM_ACCES":"PTLO-L02-003","AXE":"LGV V1","PK":"24.65","LONGITUDE":"0°40'51.8724E","LATITUDE":"47°8'22.259N","LOT":"02","SEI":"52","LIBELLE":"APP 0246-1","LONG_DD":"0.681076","LAT_DD":"47.139516","gx_media_l":null,"_sp_url":null},"geometry":{"type":"Point","coordinates":[0.6810760000000003,47.13951599999999,0.0]}},{"id":"211","type":"Feature","properties":{"Name":"AP V2 Km 24,660","descriptio":"Attributes\n  ETIQ  AP V2 Km 24,660 \n  NOM_ACCES  PTLO-L02-004 \n  AXE  LGV V2 \n  PK  24.66 \n  LONGITUDE  0°40'50.9066E \n  LATITUDE  47°8'21.8221N \n  LOT  02 \n  SEI  52 \n  LIBELLE  APP 0246-2 \n  LONG_DD  0.680807 \n  LAT_DD  47.139395","timestamp":null,"begin":null,"end":null,"altitudeMo":null,"tessellate":"-1","extrude":"0","visibility":"-1","drawOrder":null,"icon":null,"ETIQ":"AP V2 Km 24,660","NOM_ACCES":"PTLO-L02-004","AXE":"LGV V2","PK":"24.66","LONGITUDE":"0°40'50.9066E","LATITUDE":"47°8'21.8221N","LOT":"02","SEI":"52","LIBELLE":"APP 0246-2","LONG_DD":"0.680807","LAT_DD":"47.139395","gx_media_l":null,"_sp_url":null},"geometry":{"type":"Point","coordinates":[0.680806999999999,47.13939500000003,0.0]}},{"id":"212","type":"Feature","properties":{"Name":"AP V2 Km 25,010","descriptio":"Attributes\n  ETIQ  AP V2 Km 25,010 \n  NOM_ACCES  PTLO-L02-006 \n  AXE  LGV V2 \n  PK  25.01 \n  LONGITUDE  0°40'51.9181E \n  LATITUDE  47°8'10.439N \n  LOT  02 \n  SEI  52 \n  LIBELLE  APP 0250-2 \n  LONG_DD  0.681088 \n  LAT_DD  47.136233","timestamp":null,"begin":null,"end":null,"altitudeMo":null,"tessellate":"-1","extrude":"0","visibility":"-1","drawOrder":null,"icon":null,"ETIQ":"AP V2 Km 25,010","NOM_ACCES":"PTLO-L02-006","AXE":"LGV V2","PK":"25.01","LONGITUDE":"0°40'51.9181E","LATITUDE":"47°8'10.439N","LOT":"02","SEI":"52","LIBELLE":"APP 0250-2","LONG_DD":"0.681088","LAT_DD":"47.136233","gx_media_l":null,"_sp_url":null},"geometry":{"type":"Point","coordinates":[0.6810880000000001,47.13623300000001,0.0]}},{"id":"213","type":"Feature","properties":{"Name":"AP V1 Km 25,220","descriptio":"Attributes\n  ETIQ  AP V1 Km 25,220 \n  NOM_ACCES  PTLO-L02-005 \n  AXE  LGV V1 \n  PK  25.22 \n  LONGITUDE  0°40'54.7567E \n  LATITUDE  47°8'3.6055N \n  LOT  02 \n  SEI  52 \n  LIBELLE  APP 0252-1 \n  LONG_DD  0.681877 \n  LAT_DD  47.134335","timestamp":null,"begin":null,"end":null,"altitudeMo":null,"tessellate":"-1","extrude":"0","visibility":"-1","drawOrder":null,"icon":null,"ETIQ":"AP V1 Km 25,220","NOM_ACCES":"PTLO-L02-005","AXE":"LGV V1","PK":"25.22","LONGITUDE":"0°40'54.7567E","LATITUDE":"47°8'3.6055N","LOT":"02","SEI":"52","LIBELLE":"APP 0252-1","LONG_DD":"0.681877","LAT_DD":"47.134335","gx_media_l":null,"_sp_url":null},"geometry":{"type":"Point","coordinates":[0.6818770000000005,47.134335000000014,0.0]}},{"id":"214","type":"Feature","properties":{"Name":"AR V1 Km 25,720","descriptio":"Attributes\n  ETIQ  AR V1 Km 25,720 \n  NOM_ACCES  PTLA-L02-003 \n  AXE  LGV V1 \n  PK  25.72 \n  LONGITUDE  0°40'55.1556E \n  LATITUDE  47°7'49.0589N \n  LOT  02 \n  SEI  52 \n  LIBELLE  ARP 0257-1 \n  LONG_DD  0.681988 \n  LAT_DD  47.130294","timestamp":null,"begin":null,"end":null,"altitudeMo":null,"tessellate":"-1","extrude":"0","visibility":"-1","drawOrder":null,"icon":null,"ETIQ":"AR V1 Km 25,720","NOM_ACCES":"PTLA-L02-003","AXE":"LGV V1","PK":"25.72","LONGITUDE":"0°40'55.1556E","LATITUDE":"47°7'49.0589N","LOT":"02","SEI":"52","LIBELLE":"ARP 0257-1","LONG_DD":"0.681988","LAT_DD":"47.130294","gx_media_l":null,"_sp_url":null},"geometry":{"type":"Point","coordinates":[0.6819879999999997,47.13029399999999,0.0]}},{"id":"215","type":"Feature","properties":{"Name":"AR V2 Km 25,735","descriptio":"Attributes\n  ETIQ  AR V2 Km 25,735 \n  NOM_ACCES  PTLA-L02-002 \n  AXE  LGV V2 \n  PK  25.735 \n  LONGITUDE  0°40'52.2504E \n  LATITUDE  47°7'49.2697N \n  LOT  02 \n  SEI  52 \n  LIBELLE  ARP 0257-2 \n  LONG_DD  0.681181 \n  LAT_DD  47.130353","timestamp":null,"begin":null,"end":null,"altitudeMo":null,"tessellate":"-1","extrude":"0","visibility":"-1","drawOrder":null,"icon":null,"ETIQ":"AR V2 Km 25,735","NOM_ACCES":"PTLA-L02-002","AXE":"LGV V2","PK":"25.735","LONGITUDE":"0°40'52.2504E","LATITUDE":"47°7'49.2697N","LOT":"02","SEI":"52","LIBELLE":"ARP 0257-2","LONG_DD":"0.681181","LAT_DD":"47.130353","gx_media_l":null,"_sp_url":null},"geometry":{"type":"Point","coordinates":[0.6811810000000005,47.13035300000001,0.0]}},{"id":"216","type":"Feature","properties":{"Name":"AP V1 Km 26,510","descriptio":"Attributes\n  ETIQ  AP V1 Km 26,510 \n  NOM_ACCES  PTLO-L02-007 \n  AXE  LGV V1 \n  PK  26.51 \n  LONGITUDE  0°40'51.2362E \n  LATITUDE  47°7'20.453N \n  LOT  02 \n  SEI  52 \n  LIBELLE  APP 0265-1 \n  LONG_DD  0.680899 \n  LAT_DD  47.122348","timestamp":null,"begin":null,"end":null,"altitudeMo":null,"tessellate":"-1","extrude":"0","visibility":"-1","drawOrder":null,"icon":null,"ETIQ":"AP V1 Km 26,510","NOM_ACCES":"PTLO-L02-007","AXE":"LGV V1","PK":"26.51","LONGITUDE":"0°40'51.2362E","LATITUDE":"47°7'20.453N","LOT":"02","SEI":"52","LIBELLE":"APP 0265-1","LONG_DD":"0.680899","LAT_DD":"47.122348","gx_media_l":null,"_sp_url":null},"geometry":{"type":"Point","coordinates":[0.6808990000000006,47.12234800000002,0.0]}},{"id":"217","type":"Feature","properties":{"Name":"AP V2 Km 26,520","descriptio":"Attributes\n  ETIQ  AP V2 Km 26,520 \n  NOM_ACCES  PTLO-L02-008 \n  AXE  LGV V2 \n  PK  26.52 \n  LONGITUDE  0°40'49.3945E \n  LATITUDE  47°7'22.463N \n  LOT  02 \n  SEI  52 \n  LIBELLE  APP 0265-2 \n  LONG_DD  0.680387 \n  LAT_DD  47.122906","timestamp":null,"begin":null,"end":null,"altitudeMo":null,"tessellate":"-1","extrude":"0","visibility":"-1","drawOrder":null,"icon":null,"ETIQ":"AP V2 Km 26,520","NOM_ACCES":"PTLO-L02-008","AXE":"LGV V2","PK":"26.52","LONGITUDE":"0°40'49.3945E","LATITUDE":"47°7'22.463N","LOT":"02","SEI":"52","LIBELLE":"APP 0265-2","LONG_DD":"0.680387","LAT_DD":"47.122906","gx_media_l":null,"_sp_url":null},"geometry":{"type":"Point","coordinates":[0.6803870000000002,47.122906000000015,0.0]}},{"id":"218","type":"Feature","properties":{"Name":"AR V1 Km 26,830","descriptio":"Attributes\n  ETIQ  AR V1 Km 26,830 \n  NOM_ACCES  PTLA-L02-005 \n  AXE  LGV V1 \n  PK  26.83 \n  LONGITUDE  0°40'50.5447E \n  LATITUDE  47°7'13.9835N \n  LOT  02 \n  SEI  52 \n  LIBELLE  ARP 0268-1 \n  LONG_DD  0.680707 \n  LAT_DD  47.120551","timestamp":null,"begin":null,"end":null,"altitudeMo":null,"tessellate":"-1","extrude":"0","visibility":"-1","drawOrder":null,"icon":null,"ETIQ":"AR V1 Km 26,830","NOM_ACCES":"PTLA-L02-005","AXE":"LGV V1","PK":"26.83","LONGITUDE":"0°40'50.5447E","LATITUDE":"47°7'13.9835N","LOT":"02","SEI":"52","LIBELLE":"ARP 0268-1","LONG_DD":"0.680707","LAT_DD":"47.120551","gx_media_l":null,"_sp_url":null},"geometry":{"type":"Point","coordinates":[0.6807070000000001,47.120551,0.0]}},{"id":"219","type":"Feature","properties":{"Name":"V1 Km 26,958","descriptio":"Attributes\n  ETIQ  V1 Km 26,958 \n  NOM_ACCES  PTLA-L02-005 \n  AXE  LGV V1 \n  PK  26.958 \n  LONGITUDE  0°40'50.5447E \n  LATITUDE  47°7'13.9835N \n  LOT  02 \n  SEI  52 \n  LIBELLE  Poste J+SP STE MAURE DE TOURRAINE \n  LONG_DD  0.680707 \n  LAT_DD  47.120551","timestamp":null,"begin":null,"end":null,"altitudeMo":null,"tessellate":"-1","extrude":"0","visibility":"-1","drawOrder":null,"icon":null,"ETIQ":"V1 Km 26,958","NOM_ACCES":"PTLA-L02-005","AXE":"LGV V1","PK":"26.958","LONGITUDE":"0°40'50.5447E","LATITUDE":"47°7'13.9835N","LOT":"02","SEI":"52","LIBELLE":"Poste J+SP STE MAURE DE TOURRAINE","LONG_DD":"0.680707","LAT_DD":"47.120551","gx_media_l":null,"_sp_url":null},"geometry":{"type":"Point","coordinates":[0.6807070000000001,47.120551,0.0]}},{"id":"220","type":"Feature","properties":{"Name":"AP V1 Km 27,320","descriptio":"Attributes\n  ETIQ  AP V1 Km 27,320 \n  NOM_ACCES  PTLO-L02-009 \n  AXE  LGV V1 \n  PK  27.32 \n  LONGITUDE  0°40'42.8097E \n  LATITUDE  47°6'54.6036N \n  LOT  02 \n  SEI  52 \n  LIBELLE  APP 0273-1 \n  LONG_DD  0.678558 \n  LAT_DD  47.115168","timestamp":null,"begin":null,"end":null,"altitudeMo":null,"tessellate":"-1","extrude":"0","visibility":"-1","drawOrder":null,"icon":null,"ETIQ":"AP V1 Km 27,320","NOM_ACCES":"PTLO-L02-009","AXE":"LGV V1","PK":"27.32","LONGITUDE":"0°40'42.8097E","LATITUDE":"47°6'54.6036N","LOT":"02","SEI":"52","LIBELLE":"APP 0273-1","LONG_DD":"0.678558","LAT_DD":"47.115168","gx_media_l":null,"_sp_url":null},"geometry":{"type":"Point","coordinates":[0.6785580000000001,47.115168000000004,0.0]}},{"id":"221","type":"Feature","properties":{"Name":"AP V2 Km 27,340","descriptio":"Attributes\n  ETIQ  AP V2 Km 27,340 \n  NOM_ACCES  PTLO-L02-010 \n  AXE  LGV V2 \n  PK  27.34 \n  LONGITUDE  0°40'41.599E \n  LATITUDE  47°6'55.8955N \n  LOT  02 \n  SEI  52 \n  LIBELLE  APP 0273-2 \n  LONG_DD  0.678222 \n  LAT_DD  47.115527","timestamp":null,"begin":null,"end":null,"altitudeMo":null,"tessellate":"-1","extrude":"0","visibility":"-1","drawOrder":null,"icon":null,"ETIQ":"AP V2 Km 27,340","NOM_ACCES":"PTLO-L02-010","AXE":"LGV V2","PK":"27.34","LONGITUDE":"0°40'41.599E","LATITUDE":"47°6'55.8955N","LOT":"02","SEI":"52","LIBELLE":"APP 0273-2","LONG_DD":"0.678222","LAT_DD":"47.115527","gx_media_l":null,"_sp_url":null},"geometry":{"type":"Point","coordinates":[0.6782220000000014,47.115527,0.0]}},{"id":"222","type":"Feature","properties":{"Name":"AP V2 Km 27,930","descriptio":"Attributes\n  ETIQ  AP V2 Km 27,930 \n  NOM_ACCES  PTLO-L02-012 \n  AXE  LGV V2 \n  PK  27.93 \n  LONGITUDE  0°40'33.7193E \n  LATITUDE  47°6'37.9549N \n  LOT  02 \n  SEI  52 \n  LIBELLE  APP 0279-2 \n  LONG_DD  0.676033 \n  LAT_DD  47.110543","timestamp":null,"begin":null,"end":null,"altitudeMo":null,"tessellate":"-1","extrude":"0","visibility":"-1","drawOrder":null,"icon":null,"ETIQ":"AP V2 Km 27,930","NOM_ACCES":"PTLO-L02-012","AXE":"LGV V2","PK":"27.93","LONGITUDE":"0°40'33.7193E","LATITUDE":"47°6'37.9549N","LOT":"02","SEI":"52","LIBELLE":"APP 0279-2","LONG_DD":"0.676033","LAT_DD":"47.110543","gx_media_l":null,"_sp_url":null},"geometry":{"type":"Point","coordinates":[0.6760330000000004,47.11054300000002,0.0]}},{"id":"223","type":"Feature","properties":{"Name":"AP V1 Km 27,935","descriptio":"Attributes\n  ETIQ  AP V1 Km 27,935 \n  NOM_ACCES  PTLO-L02-011 \n  AXE  LGV V1 \n  PK  27.935 \n  LONGITUDE  0°40'34.3585E \n  LATITUDE  47°6'37.3572N \n  LOT  02 \n  SEI  52 \n  LIBELLE  APP 0279-1 \n  LONG_DD  0.676211 \n  LAT_DD  47.110377","timestamp":null,"begin":null,"end":null,"altitudeMo":null,"tessellate":"-1","extrude":"0","visibility":"-1","drawOrder":null,"icon":null,"ETIQ":"AP V1 Km 27,935","NOM_ACCES":"PTLO-L02-011","AXE":"LGV V1","PK":"27.935","LONGITUDE":"0°40'34.3585E","LATITUDE":"47°6'37.3572N","LOT":"02","SEI":"52","LIBELLE":"APP 0279-1","LONG_DD":"0.676211","LAT_DD":"47.110377","gx_media_l":null,"_sp_url":null},"geometry":{"type":"Point","coordinates":[0.6762110000000001,47.110377000000014,0.0]}},{"id":"224","type":"Feature","properties":{"Name":"AR V2 Km 29,028","descriptio":"Attributes\n  ETIQ  AR V2 Km 29,028 \n  NOM_ACCES  PTLA-L02-009 \n  AXE  LGV V2 \n  PK  29.028 \n  LONGITUDE  0°40'7.3247E \n  LATITUDE  47°6'2.6654N \n  LOT  02 \n  SEI  52 \n  LIBELLE  RRG 0290-2 \n  LONG_DD  0.668701 \n  LAT_DD  47.10074","timestamp":null,"begin":null,"end":null,"altitudeMo":null,"tessellate":"-1","extrude":"0","visibility":"-1","drawOrder":null,"icon":null,"ETIQ":"AR V2 Km 29,028","NOM_ACCES":"PTLA-L02-009","AXE":"LGV V2","PK":"29.028","LONGITUDE":"0°40'7.3247E","LATITUDE":"47°6'2.6654N","LOT":"02","SEI":"52","LIBELLE":"RRG 0290-2","LONG_DD":"0.668701","LAT_DD":"47.10074","gx_media_l":null,"_sp_url":null},"geometry":{"type":"Point","coordinates":[0.6687010000000008,47.10074,0.0]}},{"id":"225","type":"Feature","properties":{"Name":"AR V1 Km 29,117","descriptio":"Attributes\n  ETIQ  AR V1 Km 29,117 \n  NOM_ACCES  PTLO-L02-013b \n  AXE  LGV V1 \n  PK  29.117 \n  LONGITUDE  0°40'10.4111E \n  LATITUDE  47°6'2.5725N \n  LOT  02 \n  SEI  52 \n  LIBELLE  ARP 0291-1 \n  LONG_DD  0.669559 \n  LAT_DD  47.100715","timestamp":null,"begin":null,"end":null,"altitudeMo":null,"tessellate":"-1","extrude":"0","visibility":"-1","drawOrder":null,"icon":null,"ETIQ":"AR V1 Km 29,117","NOM_ACCES":"PTLO-L02-013b","AXE":"LGV V1","PK":"29.117","LONGITUDE":"0°40'10.4111E","LATITUDE":"47°6'2.5725N","LOT":"02","SEI":"52","LIBELLE":"ARP 0291-1","LONG_DD":"0.669559","LAT_DD":"47.100715","gx_media_l":null,"_sp_url":null},"geometry":{"type":"Point","coordinates":[0.6695590000000005,47.100715,0.0]}},{"id":"226","type":"Feature","properties":{"Name":"AP V2 Km 29,700","descriptio":"Attributes\n  ETIQ  AP V2 Km 29,700 \n  NOM_ACCES  PTLO-L02-014 \n  AXE  LGV V2 \n  PK  29.7 \n  LONGITUDE  0°39'53.3307E \n  LATITUDE  47°5'47.8827N \n  LOT  02 \n  SEI  52 \n  LIBELLE  APP 0297-2 \n  LONG_DD  0.664814 \n  LAT_DD  47.096634","timestamp":null,"begin":null,"end":null,"altitudeMo":null,"tessellate":"-1","extrude":"0","visibility":"-1","drawOrder":null,"icon":null,"ETIQ":"AP V2 Km 29,700","NOM_ACCES":"PTLO-L02-014","AXE":"LGV V2","PK":"29.7","LONGITUDE":"0°39'53.3307E","LATITUDE":"47°5'47.8827N","LOT":"02","SEI":"52","LIBELLE":"APP 0297-2","LONG_DD":"0.664814","LAT_DD":"47.096634","gx_media_l":null,"_sp_url":null},"geometry":{"type":"Point","coordinates":[0.6648140000000005,47.096634000000016,0.0]}},{"id":"227","type":"Feature","properties":{"Name":"AP V1 Km 29,700","descriptio":"Attributes\n  ETIQ  AP V1 Km 29,700 \n  NOM_ACCES  PTLO-L02-015 \n  AXE  LGV V1 \n  PK  29.7 \n  LONGITUDE  0°39'56.8585E \n  LATITUDE  47°5'46.186N \n  LOT  02 \n  SEI  52 \n  LIBELLE  APP 0297-1 \n  LONG_DD  0.665794 \n  LAT_DD  47.096163","timestamp":null,"begin":null,"end":null,"altitudeMo":null,"tessellate":"-1","extrude":"0","visibility":"-1","drawOrder":null,"icon":null,"ETIQ":"AP V1 Km 29,700","NOM_ACCES":"PTLO-L02-015","AXE":"LGV V1","PK":"29.7","LONGITUDE":"0°39'56.8585E","LATITUDE":"47°5'46.186N","LOT":"02","SEI":"52","LIBELLE":"APP 0297-1","LONG_DD":"0.665794","LAT_DD":"47.096163","gx_media_l":null,"_sp_url":null},"geometry":{"type":"Point","coordinates":[0.6657940000000002,47.096163,0.0]}},{"id":"228","type":"Feature","properties":{"Name":"AR V2 Km 30,425","descriptio":"Attributes\n  ETIQ  AR V2 Km 30,425 \n  NOM_ACCES  PTLA-L02-004 \n  AXE  LGV V2 \n  PK  30.425 \n  LONGITUDE  0°39'41.21E \n  LATITUDE  47°5'37.2401N \n  LOT  02 \n  SEI  52 \n  LIBELLE  ARP 0304-2 \n  LONG_DD  0.661447 \n  LAT_DD  47.093678","timestamp":null,"begin":null,"end":null,"altitudeMo":null,"tessellate":"-1","extrude":"0","visibility":"-1","drawOrder":null,"icon":null,"ETIQ":"AR V2 Km 30,425","NOM_ACCES":"PTLA-L02-004","AXE":"LGV V2","PK":"30.425","LONGITUDE":"0°39'41.21E","LATITUDE":"47°5'37.2401N","LOT":"02","SEI":"52","LIBELLE":"ARP 0304-2","LONG_DD":"0.661447","LAT_DD":"47.093678","gx_media_l":null,"_sp_url":null},"geometry":{"type":"Point","coordinates":[0.6614470000000003,47.093678,0.0]}},{"id":"229","type":"Feature","properties":{"Name":"AR V1 Km 30,425","descriptio":"Attributes\n  ETIQ  AR V1 Km 30,425 \n  NOM_ACCES  PTLA-L02-011 \n  AXE  LGV V1 \n  PK  30.425 \n  LONGITUDE  0°39'37.9426E \n  LATITUDE  47°5'28.8788N \n  LOT  02 \n  SEI  52 \n  LIBELLE  ARP 0304-1 \n  LONG_DD  0.66054 \n  LAT_DD  47.091355","timestamp":null,"begin":null,"end":null,"altitudeMo":null,"tessellate":"-1","extrude":"0","visibility":"-1","drawOrder":null,"icon":null,"ETIQ":"AR V1 Km 30,425","NOM_ACCES":"PTLA-L02-011","AXE":"LGV V1","PK":"30.425","LONGITUDE":"0°39'37.9426E","LATITUDE":"47°5'28.8788N","LOT":"02","SEI":"52","LIBELLE":"ARP 0304-1","LONG_DD":"0.66054","LAT_DD":"47.091355","gx_media_l":null,"_sp_url":null},"geometry":{"type":"Point","coordinates":[0.6605400000000001,47.091355,0.0]}},{"id":"230","type":"Feature","properties":{"Name":"AP V1 Km 31,540","descriptio":"Attributes\n  ETIQ  AP V1 Km 31,540 \n  NOM_ACCES  PTLO-L02-017 \n  AXE  LGV V1 \n  PK  31.54 \n  LONGITUDE  0°38'58.1204E \n  LATITUDE  47°5'2.4731N \n  LOT  02 \n  SEI  52 \n  LIBELLE  APP 0315-1 \n  LONG_DD  0.649478 \n  LAT_DD  47.08402","timestamp":null,"begin":null,"end":null,"altitudeMo":null,"tessellate":"-1","extrude":"0","visibility":"-1","drawOrder":null,"icon":null,"ETIQ":"AP V1 Km 31,540","NOM_ACCES":"PTLO-L02-017","AXE":"LGV V1","PK":"31.54","LONGITUDE":"0°38'58.1204E","LATITUDE":"47°5'2.4731N","LOT":"02","SEI":"52","LIBELLE":"APP 0315-1","LONG_DD":"0.649478","LAT_DD":"47.08402","gx_media_l":null,"_sp_url":null},"geometry":{"type":"Point","coordinates":[0.6494779999999996,47.08401999999999,0.0]}},{"id":"231","type":"Feature","properties":{"Name":"AP V2 Km 31,550","descriptio":"Attributes\n  ETIQ  AP V2 Km 31,550 \n  NOM_ACCES  PTLO-L02-020 \n  AXE  LGV V2 \n  PK  31.55 \n  LONGITUDE  0°38'56.0893E \n  LATITUDE  47°5'4.1704N \n  LOT  02 \n  SEI  52 \n  LIBELLE  APP 0315-2 \n  LONG_DD  0.648914 \n  LAT_DD  47.084492","timestamp":null,"begin":null,"end":null,"altitudeMo":null,"tessellate":"-1","extrude":"0","visibility":"-1","drawOrder":null,"icon":null,"ETIQ":"AP V2 Km 31,550","NOM_ACCES":"PTLO-L02-020","AXE":"LGV V2","PK":"31.55","LONGITUDE":"0°38'56.0893E","LATITUDE":"47°5'4.1704N","LOT":"02","SEI":"52","LIBELLE":"APP 0315-2","LONG_DD":"0.648914","LAT_DD":"47.084492","gx_media_l":null,"_sp_url":null},"geometry":{"type":"Point","coordinates":[0.6489139999999994,47.084492,0.0]}},{"id":"232","type":"Feature","properties":{"Name":"AP V2 Km 32,380","descriptio":"Attributes\n  ETIQ  AP V2 Km 32,380 \n  NOM_ACCES  PTLO-L02-022 \n  AXE  LGV V2 \n  PK  32.38 \n  LONGITUDE  0°38'23.3851E \n  LATITUDE  47°4'47.7024N \n  LOT  02 \n  SEI  52 \n  LIBELLE  APP 0323-2 \n  LONG_DD  0.639829 \n  LAT_DD  47.079917","timestamp":null,"begin":null,"end":null,"altitudeMo":null,"tessellate":"-1","extrude":"0","visibility":"-1","drawOrder":null,"icon":null,"ETIQ":"AP V2 Km 32,380","NOM_ACCES":"PTLO-L02-022","AXE":"LGV V2","PK":"32.38","LONGITUDE":"0°38'23.3851E","LATITUDE":"47°4'47.7024N","LOT":"02","SEI":"52","LIBELLE":"APP 0323-2","LONG_DD":"0.639829","LAT_DD":"47.079917","gx_media_l":null,"_sp_url":null},"geometry":{"type":"Point","coordinates":[0.6398290000000001,47.079917000000016,0.0]}},{"id":"233","type":"Feature","properties":{"Name":"AP V1 Km 32,390","descriptio":"Attributes\n  ETIQ  AP V1 Km 32,390 \n  NOM_ACCES  PTLO-L02-019 \n  AXE  LGV V1 \n  PK  32.39 \n  LONGITUDE  0°38'27.1183E \n  LATITUDE  47°4'46.5225N \n  LOT  02 \n  SEI  52 \n  LIBELLE  APP 0323-1 \n  LONG_DD  0.640866 \n  LAT_DD  47.07959","timestamp":null,"begin":null,"end":null,"altitudeMo":null,"tessellate":"-1","extrude":"0","visibility":"-1","drawOrder":null,"icon":null,"ETIQ":"AP V1 Km 32,390","NOM_ACCES":"PTLO-L02-019","AXE":"LGV V1","PK":"32.39","LONGITUDE":"0°38'27.1183E","LATITUDE":"47°4'46.5225N","LOT":"02","SEI":"52","LIBELLE":"APP 0323-1","LONG_DD":"0.640866","LAT_DD":"47.07959","gx_media_l":null,"_sp_url":null},"geometry":{"type":"Point","coordinates":[0.6408660000000003,47.07959000000001,0.0]}},{"id":"234","type":"Feature","properties":{"Name":"AR V1 Km 32,811","descriptio":"Attributes\n  ETIQ  AR V1 Km 32,811 \n  NOM_ACCES  PTLA-L02-015 \n  AXE  LGV V1 \n  PK  32.811 \n  LONGITUDE  0°38'6.8036E \n  LATITUDE  47°4'36.5143N \n  LOT  02 \n  SEI  52 \n  LIBELLE  ARP 0328-1 \n  LONG_DD  0.635223 \n  LAT_DD  47.07681","timestamp":null,"begin":null,"end":null,"altitudeMo":null,"tessellate":"-1","extrude":"0","visibility":"-1","drawOrder":null,"icon":null,"ETIQ":"AR V1 Km 32,811","NOM_ACCES":"PTLA-L02-015","AXE":"LGV V1","PK":"32.811","LONGITUDE":"0°38'6.8036E","LATITUDE":"47°4'36.5143N","LOT":"02","SEI":"52","LIBELLE":"ARP 0328-1","LONG_DD":"0.635223","LAT_DD":"47.07681","gx_media_l":null,"_sp_url":null},"geometry":{"type":"Point","coordinates":[0.6352230000000005,47.07681000000001,0.0]}},{"id":"235","type":"Feature","properties":{"Name":"AR V2 Km 33,056","descriptio":"Attributes\n  ETIQ  AR V2 Km 33,056 \n  NOM_ACCES  PTLA-L02-006 \n  AXE  LGV V2 \n  PK  33.056 \n  LONGITUDE  0°37'58.8364E \n  LATITUDE  47°4'35.493N \n  LOT  02 \n  SEI  53 \n  LIBELLE  ARP 0330-2 \n  LONG_DD  0.63301 \n  LAT_DD  47.076526","timestamp":null,"begin":null,"end":null,"altitudeMo":null,"tessellate":"-1","extrude":"0","visibility":"-1","drawOrder":null,"icon":null,"ETIQ":"AR V2 Km 33,056","NOM_ACCES":"PTLA-L02-006","AXE":"LGV V2","PK":"33.056","LONGITUDE":"0°37'58.8364E","LATITUDE":"47°4'35.493N","LOT":"02","SEI":"53","LIBELLE":"ARP 0330-2","LONG_DD":"0.63301","LAT_DD":"47.076526","gx_media_l":null,"_sp_url":null},"geometry":{"type":"Point","coordinates":[0.6330100000000001,47.07652599999999,0.0]}},{"id":"236","type":"Feature","properties":{"Name":"AP V2 Km 33,250","descriptio":"Attributes\n  ETIQ  AP V2 Km 33,250 \n  NOM_ACCES  PTLO-L02-006 \n  AXE  LGV V2 \n  PK  33.25 \n  LONGITUDE  0°37'49.9581E \n  LATITUDE  47°4'30.9517N \n  LOT  02 \n  SEI  53 \n  LIBELLE  APP 0332-2 \n  LONG_DD  0.630544 \n  LAT_DD  47.075264","timestamp":null,"begin":null,"end":null,"altitudeMo":null,"tessellate":"-1","extrude":"0","visibility":"-1","drawOrder":null,"icon":null,"ETIQ":"AP V2 Km 33,250","NOM_ACCES":"PTLO-L02-006","AXE":"LGV V2","PK":"33.25","LONGITUDE":"0°37'49.9581E","LATITUDE":"47°4'30.9517N","LOT":"02","SEI":"53","LIBELLE":"APP 0332-2","LONG_DD":"0.630544","LAT_DD":"47.075264","gx_media_l":null,"_sp_url":null},"geometry":{"type":"Point","coordinates":[0.6305439999999999,47.07526399999999,0.0]}},{"id":"237","type":"Feature","properties":{"Name":"AP V1 Km 33,290","descriptio":"Attributes\n  ETIQ  AP V1 Km 33,290 \n  NOM_ACCES  PTLO-L02-021 \n  AXE  LGV V1 \n  PK  33.29 \n  LONGITUDE  0°37'52.2645E \n  LATITUDE  47°4'29.7999N \n  LOT  02 \n  SEI  53 \n  LIBELLE  APP 0332-1 \n  LONG_DD  0.631185 \n  LAT_DD  47.074944","timestamp":null,"begin":null,"end":null,"altitudeMo":null,"tessellate":"-1","extrude":"0","visibility":"-1","drawOrder":null,"icon":null,"ETIQ":"AP V1 Km 33,290","NOM_ACCES":"PTLO-L02-021","AXE":"LGV V1","PK":"33.29","LONGITUDE":"0°37'52.2645E","LATITUDE":"47°4'29.7999N","LOT":"02","SEI":"53","LIBELLE":"APP 0332-1","LONG_DD":"0.631185","LAT_DD":"47.074944","gx_media_l":null,"_sp_url":null},"geometry":{"type":"Point","coordinates":[0.6311849999999996,47.074944,0.0]}},{"id":"238","type":"Feature","properties":{"Name":"AP V1 Km 34,130","descriptio":"Attributes\n  ETIQ  AP V1 Km 34,130 \n  NOM_ACCES  PTLO-L02-023 \n  AXE  LGV V1 \n  PK  34.13 \n  LONGITUDE  0°37'23.1415E \n  LATITUDE  47°4'14.2494N \n  LOT  02 \n  SEI  53 \n  LIBELLE  APP 0341-1 \n  LONG_DD  0.623095 \n  LAT_DD  47.070625","timestamp":null,"begin":null,"end":null,"altitudeMo":null,"tessellate":"-1","extrude":"0","visibility":"-1","drawOrder":null,"icon":null,"ETIQ":"AP V1 Km 34,130","NOM_ACCES":"PTLO-L02-023","AXE":"LGV V1","PK":"34.13","LONGITUDE":"0°37'23.1415E","LATITUDE":"47°4'14.2494N","LOT":"02","SEI":"53","LIBELLE":"APP 0341-1","LONG_DD":"0.623095","LAT_DD":"47.070625","gx_media_l":null,"_sp_url":null},"geometry":{"type":"Point","coordinates":[0.6230950000000005,47.07062499999999,0.0]}},{"id":"239","type":"Feature","properties":{"Name":"AP V2 Km 34,140","descriptio":"Attributes\n  ETIQ  AP V2 Km 34,140 \n  NOM_ACCES  PTLO-L02-026 \n  AXE  LGV V2 \n  PK  34.14 \n  LONGITUDE  0°37'18.0832E \n  LATITUDE  47°4'13.9415N \n  LOT  02 \n  SEI  53 \n  LIBELLE  APP 0341-2 \n  LONG_DD  0.62169 \n  LAT_DD  47.070539","timestamp":null,"begin":null,"end":null,"altitudeMo":null,"tessellate":"-1","extrude":"0","visibility":"-1","drawOrder":null,"icon":null,"ETIQ":"AP V2 Km 34,140","NOM_ACCES":"PTLO-L02-026","AXE":"LGV V2","PK":"34.14","LONGITUDE":"0°37'18.0832E","LATITUDE":"47°4'13.9415N","LOT":"02","SEI":"53","LIBELLE":"APP 0341-2","LONG_DD":"0.62169","LAT_DD":"47.070539","gx_media_l":null,"_sp_url":null},"geometry":{"type":"Point","coordinates":[0.6216900000000003,47.070539,0.0]}},{"id":"240","type":"Feature","properties":{"Name":"AP V2 Km 34,870","descriptio":"Attributes\n  ETIQ  AP V2 Km 34,870 \n  NOM_ACCES  PTLO-L02-028 \n  AXE  LGV V2 \n  PK  34.87 \n  LONGITUDE  0°36'50.2446E \n  LATITUDE  47°3'57.1175N \n  LOT  02 \n  SEI  53 \n  LIBELLE  APP 0348-2 \n  LONG_DD  0.613957 \n  LAT_DD  47.065866","timestamp":null,"begin":null,"end":null,"altitudeMo":null,"tessellate":"-1","extrude":"0","visibility":"-1","drawOrder":null,"icon":null,"ETIQ":"AP V2 Km 34,870","NOM_ACCES":"PTLO-L02-028","AXE":"LGV V2","PK":"34.87","LONGITUDE":"0°36'50.2446E","LATITUDE":"47°3'57.1175N","LOT":"02","SEI":"53","LIBELLE":"APP 0348-2","LONG_DD":"0.613957","LAT_DD":"47.065866","gx_media_l":null,"_sp_url":null},"geometry":{"type":"Point","coordinates":[0.6139569999999999,47.06586600000001,0.0]}},{"id":"241","type":"Feature","properties":{"Name":"AP V1 Km 34,880","descriptio":"Attributes\n  ETIQ  AP V1 Km 34,880 \n  NOM_ACCES  PTLO-L02-025 \n  AXE  LGV V1 \n  PK  34.88 \n  LONGITUDE  0°36'52.6878E \n  LATITUDE  47°3'55.0616N \n  LOT  02 \n  SEI  53 \n  LIBELLE  APP 0348-1 \n  LONG_DD  0.614636 \n  LAT_DD  47.065295","timestamp":null,"begin":null,"end":null,"altitudeMo":null,"tessellate":"-1","extrude":"0","visibility":"-1","drawOrder":null,"icon":null,"ETIQ":"AP V1 Km 34,880","NOM_ACCES":"PTLO-L02-025","AXE":"LGV V1","PK":"34.88","LONGITUDE":"0°36'52.6878E","LATITUDE":"47°3'55.0616N","LOT":"02","SEI":"53","LIBELLE":"APP 0348-1","LONG_DD":"0.614636","LAT_DD":"47.065295","gx_media_l":null,"_sp_url":null},"geometry":{"type":"Point","coordinates":[0.6146359999999998,47.065295,0.0]}},{"id":"242","type":"Feature","properties":{"Name":"AP V1 Km 35,050","descriptio":"Attributes\n  ETIQ  AP V1 Km 35,050 \n  NOM_ACCES  PTLO-L02-025 \n  AXE  LGV V1 \n  PK  35.05 \n  LONGITUDE  0°36'48.4418E \n  LATITUDE  47°3'52.4593N \n  LOT  02 \n  SEI  53 \n  LIBELLE  APP 0350-1 \n  LONG_DD  0.613456 \n  LAT_DD  47.064572","timestamp":null,"begin":null,"end":null,"altitudeMo":null,"tessellate":"-1","extrude":"0","visibility":"-1","drawOrder":null,"icon":null,"ETIQ":"AP V1 Km 35,050","NOM_ACCES":"PTLO-L02-025","AXE":"LGV V1","PK":"35.05","LONGITUDE":"0°36'48.4418E","LATITUDE":"47°3'52.4593N","LOT":"02","SEI":"53","LIBELLE":"APP 0350-1","LONG_DD":"0.613456","LAT_DD":"47.064572","gx_media_l":null,"_sp_url":null},"geometry":{"type":"Point","coordinates":[0.6134560000000008,47.064571999999984,0.0]}},{"id":"243","type":"Feature","properties":{"Name":"AP V2 Km 35,230","descriptio":"Attributes\n  ETIQ  AP V2 Km 35,230 \n  NOM_ACCES  PTLO-L02-030 \n  AXE  LGV V2 \n  PK  35.23 \n  LONGITUDE  0°36'34.764E \n  LATITUDE  47°3'46.8389N \n  LOT  02 \n  SEI  53 \n  LIBELLE  APP 0353-2 \n  LONG_DD  0.609657 \n  LAT_DD  47.063011","timestamp":null,"begin":null,"end":null,"altitudeMo":null,"tessellate":"-1","extrude":"0","visibility":"-1","drawOrder":null,"icon":null,"ETIQ":"AP V2 Km 35,230","NOM_ACCES":"PTLO-L02-030","AXE":"LGV V2","PK":"35.23","LONGITUDE":"0°36'34.764E","LATITUDE":"47°3'46.8389N","LOT":"02","SEI":"53","LIBELLE":"APP 0353-2","LONG_DD":"0.609657","LAT_DD":"47.063011","gx_media_l":null,"_sp_url":null},"geometry":{"type":"Point","coordinates":[0.6096570000000009,47.063011,0.0]}},{"id":"244","type":"Feature","properties":{"Name":"AP V1 Km 35,940","descriptio":"Attributes\n  ETIQ  AP V1 Km 35,940 \n  NOM_ACCES  PTLO-L02-027 \n  AXE  LGV V1 \n  PK  35.94 \n  LONGITUDE  0°36'15.2697E \n  LATITUDE  47°3'30.3775N \n  LOT  02 \n  SEI  53 \n  LIBELLE  APP 0359-1 \n  LONG_DD  0.604242 \n  LAT_DD  47.058438","timestamp":null,"begin":null,"end":null,"altitudeMo":null,"tessellate":"-1","extrude":"0","visibility":"-1","drawOrder":null,"icon":null,"ETIQ":"AP V1 Km 35,940","NOM_ACCES":"PTLO-L02-027","AXE":"LGV V1","PK":"35.94","LONGITUDE":"0°36'15.2697E","LATITUDE":"47°3'30.3775N","LOT":"02","SEI":"53","LIBELLE":"APP 0359-1","LONG_DD":"0.604242","LAT_DD":"47.058438","gx_media_l":null,"_sp_url":null},"geometry":{"type":"Point","coordinates":[0.6042420000000003,47.05843800000001,0.0]}},{"id":"245","type":"Feature","properties":{"Name":"AP V2 Km 35,940","descriptio":"Attributes\n  ETIQ  AP V2 Km 35,940 \n  NOM_ACCES  PTLO-L02-027 \n  AXE  LGV V2 \n  PK  35.94 \n  LONGITUDE  0°36'15.2697E \n  LATITUDE  47°3'30.3775N \n  LOT  02 \n  SEI  53 \n  LIBELLE  APP 0359-2 \n  LONG_DD  0.604242 \n  LAT_DD  47.058438","timestamp":null,"begin":null,"end":null,"altitudeMo":null,"tessellate":"-1","extrude":"0","visibility":"-1","drawOrder":null,"icon":null,"ETIQ":"AP V2 Km 35,940","NOM_ACCES":"PTLO-L02-027","AXE":"LGV V2","PK":"35.94","LONGITUDE":"0°36'15.2697E","LATITUDE":"47°3'30.3775N","LOT":"02","SEI":"53","LIBELLE":"APP 0359-2","LONG_DD":"0.604242","LAT_DD":"47.058438","gx_media_l":null,"_sp_url":null},"geometry":{"type":"Point","coordinates":[0.6042420000000003,47.05843800000001,0.0]}},{"id":"246","type":"Feature","properties":{"Name":"AR V1 Km 36,197","descriptio":"Attributes\n  ETIQ  AR V1 Km 36,197 \n  NOM_ACCES  PTLA-L02-019 \n  AXE  LGV V1 \n  PK  36.197 \n  LONGITUDE  0°36'6.2516E \n  LATITUDE  47°3'22.1864N \n  LOT  02 \n  SEI  53 \n  LIBELLE  ARP 0361-1 \n  LONG_DD  0.601737 \n  LAT_DD  47.056163","timestamp":null,"begin":null,"end":null,"altitudeMo":null,"tessellate":"-1","extrude":"0","visibility":"-1","drawOrder":null,"icon":null,"ETIQ":"AR V1 Km 36,197","NOM_ACCES":"PTLA-L02-019","AXE":"LGV V1","PK":"36.197","LONGITUDE":"0°36'6.2516E","LATITUDE":"47°3'22.1864N","LOT":"02","SEI":"53","LIBELLE":"ARP 0361-1","LONG_DD":"0.601737","LAT_DD":"47.056163","gx_media_l":null,"_sp_url":null},"geometry":{"type":"Point","coordinates":[0.6017369999999993,47.056163,0.0]}},{"id":"247","type":"Feature","properties":{"Name":"AR V1 Km 36,246","descriptio":"Attributes\n  ETIQ  AR V1 Km 36,246 \n  NOM_ACCES  PTLA-L02-019 \n  AXE  LGV V1 \n  PK  36.246 \n  LONGITUDE  0°36'6.2516E \n  LATITUDE  47°3'22.1864N \n  LOT  02 \n  SEI  53 \n  LIBELLE  ARP 0362-1 \n  LONG_DD  0.601737 \n  LAT_DD  47.056163","timestamp":null,"begin":null,"end":null,"altitudeMo":null,"tessellate":"-1","extrude":"0","visibility":"-1","drawOrder":null,"icon":null,"ETIQ":"AR V1 Km 36,246","NOM_ACCES":"PTLA-L02-019","AXE":"LGV V1","PK":"36.246","LONGITUDE":"0°36'6.2516E","LATITUDE":"47°3'22.1864N","LOT":"02","SEI":"53","LIBELLE":"ARP 0362-1","LONG_DD":"0.601737","LAT_DD":"47.056163","gx_media_l":null,"_sp_url":null},"geometry":{"type":"Point","coordinates":[0.6017369999999993,47.056163,0.0]}},{"id":"248","type":"Feature","properties":{"Name":"AR V2 Km 36,314","descriptio":"Attributes\n  ETIQ  AR V2 Km 36,314 \n  NOM_ACCES  PTLA-L02-012 \n  AXE  LGV V2 \n  PK  36.314 \n  LONGITUDE  0°35'58.4183E \n  LATITUDE  47°3'20.0433N \n  LOT  02 \n  SEI  53 \n  LIBELLE  ARP 0363-2 \n  LONG_DD  0.599561 \n  LAT_DD  47.055568","timestamp":null,"begin":null,"end":null,"altitudeMo":null,"tessellate":"-1","extrude":"0","visibility":"-1","drawOrder":null,"icon":null,"ETIQ":"AR V2 Km 36,314","NOM_ACCES":"PTLA-L02-012","AXE":"LGV V2","PK":"36.314","LONGITUDE":"0°35'58.4183E","LATITUDE":"47°3'20.0433N","LOT":"02","SEI":"53","LIBELLE":"ARP 0363-2","LONG_DD":"0.599561","LAT_DD":"47.055568","gx_media_l":null,"_sp_url":null},"geometry":{"type":"Point","coordinates":[0.599561,47.055568,0.0]}},{"id":"249","type":"Feature","properties":{"Name":"AP V1 Km 38,000","descriptio":"Attributes\n  ETIQ  AP V1 Km 38,000 \n  NOM_ACCES  PTLO-L02-035 \n  AXE  LGV V1 \n  PK  38 \n  LONGITUDE  0°35'10.6757E \n  LATITUDE  47°2'41.9387N \n  LOT  02 \n  SEI  53 \n  LIBELLE  APP 0380-1 \n  LONG_DD  0.586299 \n  LAT_DD  47.044983","timestamp":null,"begin":null,"end":null,"altitudeMo":null,"tessellate":"-1","extrude":"0","visibility":"-1","drawOrder":null,"icon":null,"ETIQ":"AP V1 Km 38,000","NOM_ACCES":"PTLO-L02-035","AXE":"LGV V1","PK":"38","LONGITUDE":"0°35'10.6757E","LATITUDE":"47°2'41.9387N","LOT":"02","SEI":"53","LIBELLE":"APP 0380-1","LONG_DD":"0.586299","LAT_DD":"47.044983","gx_media_l":null,"_sp_url":null},"geometry":{"type":"Point","coordinates":[0.5862989999999998,47.044983,0.0]}},{"id":"250","type":"Feature","properties":{"Name":"AP V2 Km 38,100","descriptio":"Attributes\n  ETIQ  AP V2 Km 38,100 \n  NOM_ACCES  PTLA-L02-018 \n  AXE  LGV V2 \n  PK  38.1 \n  LONGITUDE  0°35'6.0274E \n  LATITUDE  47°2'42.3507N \n  LOT  02 \n  SEI  53 \n  LIBELLE  APP 0381-2 \n  LONG_DD  0.585008 \n  LAT_DD  47.045097","timestamp":null,"begin":null,"end":null,"altitudeMo":null,"tessellate":"-1","extrude":"0","visibility":"-1","drawOrder":null,"icon":null,"ETIQ":"AP V2 Km 38,100","NOM_ACCES":"PTLA-L02-018","AXE":"LGV V2","PK":"38.1","LONGITUDE":"0°35'6.0274E","LATITUDE":"47°2'42.3507N","LOT":"02","SEI":"53","LIBELLE":"APP 0381-2","LONG_DD":"0.585008","LAT_DD":"47.045097","gx_media_l":null,"_sp_url":null},"geometry":{"type":"Point","coordinates":[0.585008,47.045097,0.0]}},{"id":"251","type":"Feature","properties":{"Name":"AR V1 Km 38,847","descriptio":"Attributes\n  ETIQ  AR V1 Km 38,847 \n  NOM_ACCES  PTLO-L02-039 \n  AXE  LGV V1 \n  PK  38.847 \n  LONGITUDE  0°34'45.5239E \n  LATITUDE  47°2'21.4199N \n  LOT  02 \n  SEI  53 \n  LIBELLE  ARP 0388-1 \n  LONG_DD  0.579312 \n  LAT_DD  47.039283","timestamp":null,"begin":null,"end":null,"altitudeMo":null,"tessellate":"-1","extrude":"0","visibility":"-1","drawOrder":null,"icon":null,"ETIQ":"AR V1 Km 38,847","NOM_ACCES":"PTLO-L02-039","AXE":"LGV V1","PK":"38.847","LONGITUDE":"0°34'45.5239E","LATITUDE":"47°2'21.4199N","LOT":"02","SEI":"53","LIBELLE":"ARP 0388-1","LONG_DD":"0.579312","LAT_DD":"47.039283","gx_media_l":null,"_sp_url":null},"geometry":{"type":"Point","coordinates":[0.5793119999999999,47.039283000000005,0.0]}},{"id":"252","type":"Feature","properties":{"Name":"AR V2 Km 38,965","descriptio":"Attributes\n  ETIQ  AR V2 Km 38,965 \n  NOM_ACCES  PTLA-L02-020 \n  AXE  LGV V2 \n  PK  38.965 \n  LONGITUDE  0°34'36.9552E \n  LATITUDE  47°2'15.0155N \n  LOT  02 \n  SEI  53 \n  LIBELLE  ARP 0389-2 \n  LONG_DD  0.576932 \n  LAT_DD  47.037504","timestamp":null,"begin":null,"end":null,"altitudeMo":null,"tessellate":"-1","extrude":"0","visibility":"-1","drawOrder":null,"icon":null,"ETIQ":"AR V2 Km 38,965","NOM_ACCES":"PTLA-L02-020","AXE":"LGV V2","PK":"38.965","LONGITUDE":"0°34'36.9552E","LATITUDE":"47°2'15.0155N","LOT":"02","SEI":"53","LIBELLE":"ARP 0389-2","LONG_DD":"0.576932","LAT_DD":"47.037504","gx_media_l":null,"_sp_url":null},"geometry":{"type":"Point","coordinates":[0.5769319999999994,47.037504,0.0]}},{"id":"253","type":"Feature","properties":{"Name":"AP V2 Km 39,130","descriptio":"Attributes\n  ETIQ  AP V2 Km 39,130 \n  NOM_ACCES  PTLO-L02-036 \n  AXE  LGV V2 \n  PK  39.13 \n  LONGITUDE  0°34'37.4327E \n  LATITUDE  47°2'14.6072N \n  LOT  02 \n  SEI  53 \n  LIBELLE  APP 0391-2 \n  LONG_DD  0.577065 \n  LAT_DD  47.037391","timestamp":null,"begin":null,"end":null,"altitudeMo":null,"tessellate":"-1","extrude":"0","visibility":"-1","drawOrder":null,"icon":null,"ETIQ":"AP V2 Km 39,130","NOM_ACCES":"PTLO-L02-036","AXE":"LGV V2","PK":"39.13","LONGITUDE":"0°34'37.4327E","LATITUDE":"47°2'14.6072N","LOT":"02","SEI":"53","LIBELLE":"APP 0391-2","LONG_DD":"0.577065","LAT_DD":"47.037391","gx_media_l":null,"_sp_url":null},"geometry":{"type":"Point","coordinates":[0.5770650000000002,47.037391,0.0]}},{"id":"254","type":"Feature","properties":{"Name":"AP V1 Km 39,685","descriptio":"Attributes\n  ETIQ  AP V1 Km 39,685 \n  NOM_ACCES  PTLO-L02-043 \n  AXE  LGV V1 \n  PK  39.685 \n  LONGITUDE  0°34'25.9007E \n  LATITUDE  47°1'57.9056N \n  LOT  02 \n  SEI  53 \n  LIBELLE  APP 0396-1 \n  LONG_DD  0.573861 \n  LAT_DD  47.032752","timestamp":null,"begin":null,"end":null,"altitudeMo":null,"tessellate":"-1","extrude":"0","visibility":"-1","drawOrder":null,"icon":null,"ETIQ":"AP V1 Km 39,685","NOM_ACCES":"PTLO-L02-043","AXE":"LGV V1","PK":"39.685","LONGITUDE":"0°34'25.9007E","LATITUDE":"47°1'57.9056N","LOT":"02","SEI":"53","LIBELLE":"APP 0396-1","LONG_DD":"0.573861","LAT_DD":"47.032752","gx_media_l":null,"_sp_url":null},"geometry":{"type":"Point","coordinates":[0.5738609999999996,47.032752000000016,0.0]}},{"id":"255","type":"Feature","properties":{"Name":"AP V2 Km 39,700","descriptio":"Attributes\n  ETIQ  AP V2 Km 39,700 \n  NOM_ACCES  PTLO-L02-038 \n  AXE  LGV V2 \n  PK  39.7 \n  LONGITUDE  0°34'24.1401E \n  LATITUDE  47°1'58.6362N \n  LOT  02 \n  SEI  53 \n  LIBELLE  APP 0397-2 \n  LONG_DD  0.573372 \n  LAT_DD  47.032955","timestamp":null,"begin":null,"end":null,"altitudeMo":null,"tessellate":"-1","extrude":"0","visibility":"-1","drawOrder":null,"icon":null,"ETIQ":"AP V2 Km 39,700","NOM_ACCES":"PTLO-L02-038","AXE":"LGV V2","PK":"39.7","LONGITUDE":"0°34'24.1401E","LATITUDE":"47°1'58.6362N","LOT":"02","SEI":"53","LIBELLE":"APP 0397-2","LONG_DD":"0.573372","LAT_DD":"47.032955","gx_media_l":null,"_sp_url":null},"geometry":{"type":"Point","coordinates":[0.5733720000000003,47.03295500000001,0.0]}},{"id":"256","type":"Feature","properties":{"Name":"AP V1 Km 39,843","descriptio":"Attributes\n  ETIQ  AP V1 Km 39,843 \n  NOM_ACCES  PTLA-L02-043a \n  AXE  LGV V1 \n  PK  39.843 \n  LONGITUDE  0°34'28.4856E \n  LATITUDE  47°1'51.3976N \n  LOT  02 \n  SEI  53 \n  LIBELLE  APP 0399-1 \n  LONG_DD  0.574579 \n  LAT_DD  47.030944","timestamp":null,"begin":null,"end":null,"altitudeMo":null,"tessellate":"-1","extrude":"0","visibility":"-1","drawOrder":null,"icon":null,"ETIQ":"AP V1 Km 39,843","NOM_ACCES":"PTLA-L02-043a","AXE":"LGV V1","PK":"39.843","LONGITUDE":"0°34'28.4856E","LATITUDE":"47°1'51.3976N","LOT":"02","SEI":"53","LIBELLE":"APP 0399-1","LONG_DD":"0.574579","LAT_DD":"47.030944","gx_media_l":null,"_sp_url":null},"geometry":{"type":"Point","coordinates":[0.574579,47.030944000000005,0.0]}},{"id":"257","type":"Feature","properties":{"Name":"AR V1 Km 40,370","descriptio":"Attributes\n  ETIQ  AR V1 Km 40,370 \n  NOM_ACCES  PTLA-L02-043a \n  AXE  LGV V1 \n  PK  40.37 \n  LONGITUDE  0°34'28.4856E \n  LATITUDE  47°1'51.3976N \n  LOT  02 \n  SEI  53 \n  LIBELLE  ARP 0403-1 \n  LONG_DD  0.574579 \n  LAT_DD  47.030944","timestamp":null,"begin":null,"end":null,"altitudeMo":null,"tessellate":"-1","extrude":"0","visibility":"-1","drawOrder":null,"icon":null,"ETIQ":"AR V1 Km 40,370","NOM_ACCES":"PTLA-L02-043a","AXE":"LGV V1","PK":"40.37","LONGITUDE":"0°34'28.4856E","LATITUDE":"47°1'51.3976N","LOT":"02","SEI":"53","LIBELLE":"ARP 0403-1","LONG_DD":"0.574579","LAT_DD":"47.030944","gx_media_l":null,"_sp_url":null},"geometry":{"type":"Point","coordinates":[0.574579,47.030944000000005,0.0]}},{"id":"258","type":"Feature","properties":{"Name":"AP V2 Km 40,500","descriptio":"Attributes\n  ETIQ  AP V2 Km 40,500 \n  NOM_ACCES  PTLA-L02-024 \n  AXE  LGV V2 \n  PK  40.5 \n  LONGITUDE  0°33'50.8533E \n  LATITUDE  47°1'6.7437N \n  LOT  02 \n  SEI  53 \n  LIBELLE  APP 0404-2 \n  LONG_DD  0.564126 \n  LAT_DD  47.01854","timestamp":null,"begin":null,"end":null,"altitudeMo":null,"tessellate":"-1","extrude":"0","visibility":"-1","drawOrder":null,"icon":null,"ETIQ":"AP V2 Km 40,500","NOM_ACCES":"PTLA-L02-024","AXE":"LGV V2","PK":"40.5","LONGITUDE":"0°33'50.8533E","LATITUDE":"47°1'6.7437N","LOT":"02","SEI":"53","LIBELLE":"APP 0404-2","LONG_DD":"0.564126","LAT_DD":"47.01854","gx_media_l":null,"_sp_url":null},"geometry":{"type":"Point","coordinates":[0.5641260000000009,47.01854000000001,0.0]}},{"id":"259","type":"Feature","properties":{"Name":"AP V2 Km 40,921","descriptio":"Attributes\n  ETIQ  AP V2 Km 40,921 \n  NOM_ACCES  PTLA-L02-024 \n  AXE  LGV V2 \n  PK  40.921 \n  LONGITUDE  0°33'50.8533E \n  LATITUDE  47°1'6.7437N \n  LOT  02 \n  SEI  53 \n  LIBELLE  APP 0409-2 \n  LONG_DD  0.564126 \n  LAT_DD  47.01854","timestamp":null,"begin":null,"end":null,"altitudeMo":null,"tessellate":"-1","extrude":"0","visibility":"-1","drawOrder":null,"icon":null,"ETIQ":"AP V2 Km 40,921","NOM_ACCES":"PTLA-L02-024","AXE":"LGV V2","PK":"40.921","LONGITUDE":"0°33'50.8533E","LATITUDE":"47°1'6.7437N","LOT":"02","SEI":"53","LIBELLE":"APP 0409-2","LONG_DD":"0.564126","LAT_DD":"47.01854","gx_media_l":null,"_sp_url":null},"geometry":{"type":"Point","coordinates":[0.5641260000000009,47.01854000000001,0.0]}},{"id":"260","type":"Feature","properties":{"Name":"AP V1 Km 40,960","descriptio":"Attributes\n  ETIQ  AP V1 Km 40,960 \n  NOM_ACCES  PTLA-L02-043a \n  AXE  LGV V1 \n  PK  40.96 \n  LONGITUDE  0°34'28.4856E \n  LATITUDE  47°1'51.3976N \n  LOT  02 \n  SEI  53 \n  LIBELLE  APP 0409-1 \n  LONG_DD  0.574579 \n  LAT_DD  47.030944","timestamp":null,"begin":null,"end":null,"altitudeMo":null,"tessellate":"-1","extrude":"0","visibility":"-1","drawOrder":null,"icon":null,"ETIQ":"AP V1 Km 40,960","NOM_ACCES":"PTLA-L02-043a","AXE":"LGV V1","PK":"40.96","LONGITUDE":"0°34'28.4856E","LATITUDE":"47°1'51.3976N","LOT":"02","SEI":"53","LIBELLE":"APP 0409-1","LONG_DD":"0.574579","LAT_DD":"47.030944","gx_media_l":null,"_sp_url":null},"geometry":{"type":"Point","coordinates":[0.574579,47.030944000000005,0.0]}},{"id":"261","type":"Feature","properties":{"Name":"AR V2 Km 41,205","descriptio":"Attributes\n  ETIQ  AR V2 Km 41,205 \n  NOM_ACCES  PTLA-L02-024 \n  AXE  LGV V2 \n  PK  41.205 \n  LONGITUDE  0°33'50.8533E \n  LATITUDE  47°1'6.7437N \n  LOT  02 \n  SEI  53 \n  LIBELLE  ARP 0412-2 \n  LONG_DD  0.564126 \n  LAT_DD  47.01854","timestamp":null,"begin":null,"end":null,"altitudeMo":null,"tessellate":"-1","extrude":"0","visibility":"-1","drawOrder":null,"icon":null,"ETIQ":"AR V2 Km 41,205","NOM_ACCES":"PTLA-L02-024","AXE":"LGV V2","PK":"41.205","LONGITUDE":"0°33'50.8533E","LATITUDE":"47°1'6.7437N","LOT":"02","SEI":"53","LIBELLE":"ARP 0412-2","LONG_DD":"0.564126","LAT_DD":"47.01854","gx_media_l":null,"_sp_url":null},"geometry":{"type":"Point","coordinates":[0.5641260000000009,47.01854000000001,0.0]}},{"id":"262","type":"Feature","properties":{"Name":"AP V1 Km 41,371","descriptio":"Attributes\n  ETIQ  AP V1 Km 41,371 \n  NOM_ACCES  PTLA-L02-043a \n  AXE  LGV V1 \n  PK  41.371 \n  LONGITUDE  0°34'28.4856E \n  LATITUDE  47°1'51.3976N \n  LOT  02 \n  SEI  53 \n  LIBELLE  APP 0413-1 \n  LONG_DD  0.574579 \n  LAT_DD  47.030944","timestamp":null,"begin":null,"end":null,"altitudeMo":null,"tessellate":"-1","extrude":"0","visibility":"-1","drawOrder":null,"icon":null,"ETIQ":"AP V1 Km 41,371","NOM_ACCES":"PTLA-L02-043a","AXE":"LGV V1","PK":"41.371","LONGITUDE":"0°34'28.4856E","LATITUDE":"47°1'51.3976N","LOT":"02","SEI":"53","LIBELLE":"APP 0413-1","LONG_DD":"0.574579","LAT_DD":"47.030944","gx_media_l":null,"_sp_url":null},"geometry":{"type":"Point","coordinates":[0.574579,47.030944000000005,0.0]}},{"id":"263","type":"Feature","properties":{"Name":"AR V2 Km 41,560","descriptio":"Attributes\n  ETIQ  AR V2 Km 41,560 \n  NOM_ACCES  PTLA-L02-026 \n  AXE  LGV V2 \n  PK  41.56 \n  LONGITUDE  0°33'49.277E \n  LATITUDE  47°1'5.9886N \n  LOT  02 \n  SEI  53 \n  LIBELLE  ARP 0415-2 \n  LONG_DD  0.563688 \n  LAT_DD  47.01833","timestamp":null,"begin":null,"end":null,"altitudeMo":null,"tessellate":"-1","extrude":"0","visibility":"-1","drawOrder":null,"icon":null,"ETIQ":"AR V2 Km 41,560","NOM_ACCES":"PTLA-L02-026","AXE":"LGV V2","PK":"41.56","LONGITUDE":"0°33'49.277E","LATITUDE":"47°1'5.9886N","LOT":"02","SEI":"53","LIBELLE":"ARP 0415-2","LONG_DD":"0.563688","LAT_DD":"47.01833","gx_media_l":null,"_sp_url":null},"geometry":{"type":"Point","coordinates":[0.5636880000000005,47.01833000000001,0.0]}},{"id":"264","type":"Feature","properties":{"Name":"AR V1 Km 41,560","descriptio":"Attributes\n  ETIQ  AR V1 Km 41,560 \n  NOM_ACCES  PTLA-L02-043 \n  AXE  LGV V1 \n  PK  41.56 \n  LONGITUDE  0°33'52.7392E \n  LATITUDE  47°1'1.5197N \n  LOT  02 \n  SEI  53 \n  LIBELLE  ARP 0415-1 \n  LONG_DD  0.56465 \n  LAT_DD  47.017089","timestamp":null,"begin":null,"end":null,"altitudeMo":null,"tessellate":"-1","extrude":"0","visibility":"-1","drawOrder":null,"icon":null,"ETIQ":"AR V1 Km 41,560","NOM_ACCES":"PTLA-L02-043","AXE":"LGV V1","PK":"41.56","LONGITUDE":"0°33'52.7392E","LATITUDE":"47°1'1.5197N","LOT":"02","SEI":"53","LIBELLE":"ARP 0415-1","LONG_DD":"0.56465","LAT_DD":"47.017089","gx_media_l":null,"_sp_url":null},"geometry":{"type":"Point","coordinates":[0.5646499999999999,47.01708900000001,0.0]}},{"id":"265","type":"Feature","properties":{"Name":"AP V1 Km 41,950","descriptio":"Attributes\n  ETIQ  AP V1 Km 41,950 \n  NOM_ACCES  PTLO-L02-043a \n  AXE  LGV V1 \n  PK  41.95 \n  LONGITUDE  0°33'43.6204E \n  LATITUDE  47°0'50.1876N \n  LOT  02 \n  SEI  53 \n  LIBELLE  APP 0419-1 \n  LONG_DD  0.562117 \n  LAT_DD  47.013941","timestamp":null,"begin":null,"end":null,"altitudeMo":null,"tessellate":"-1","extrude":"0","visibility":"-1","drawOrder":null,"icon":null,"ETIQ":"AP V1 Km 41,950","NOM_ACCES":"PTLO-L02-043a","AXE":"LGV V1","PK":"41.95","LONGITUDE":"0°33'43.6204E","LATITUDE":"47°0'50.1876N","LOT":"02","SEI":"53","LIBELLE":"APP 0419-1","LONG_DD":"0.562117","LAT_DD":"47.013941","gx_media_l":null,"_sp_url":null},"geometry":{"type":"Point","coordinates":[0.562117,47.01394100000001,0.0]}},{"id":"266","type":"Feature","properties":{"Name":"AP V2 Km 41,950","descriptio":"Attributes\n  ETIQ  AP V2 Km 41,950 \n  NOM_ACCES  PTLO-L02-040 \n  AXE  LGV V2 \n  PK  41.95 \n  LONGITUDE  0°33'40.9824E \n  LATITUDE  47°0'51.3829N \n  LOT  02 \n  SEI  53 \n  LIBELLE  APP 0419-2 \n  LONG_DD  0.561384 \n  LAT_DD  47.014273","timestamp":null,"begin":null,"end":null,"altitudeMo":null,"tessellate":"-1","extrude":"0","visibility":"-1","drawOrder":null,"icon":null,"ETIQ":"AP V2 Km 41,950","NOM_ACCES":"PTLO-L02-040","AXE":"LGV V2","PK":"41.95","LONGITUDE":"0°33'40.9824E","LATITUDE":"47°0'51.3829N","LOT":"02","SEI":"53","LIBELLE":"APP 0419-2","LONG_DD":"0.561384","LAT_DD":"47.014273","gx_media_l":null,"_sp_url":null},"geometry":{"type":"Point","coordinates":[0.5613840000000008,47.014272999999996,0.0]}},{"id":"267","type":"Feature","properties":{"Name":"AP V2 Km 42,360","descriptio":"Attributes\n  ETIQ  AP V2 Km 42,360 \n  NOM_ACCES  PTLO-L03-002 \n  AXE  LGV V2 \n  PK  42.36 \n  LONGITUDE  0°33'33.7539E \n  LATITUDE  47°0'39.0807N \n  LOT  03 \n  SEI  53 \n  LIBELLE  APP 0423-2 \n  LONG_DD  0.559376 \n  LAT_DD  47.010856","timestamp":null,"begin":null,"end":null,"altitudeMo":null,"tessellate":"-1","extrude":"0","visibility":"-1","drawOrder":null,"icon":null,"ETIQ":"AP V2 Km 42,360","NOM_ACCES":"PTLO-L03-002","AXE":"LGV V2","PK":"42.36","LONGITUDE":"0°33'33.7539E","LATITUDE":"47°0'39.0807N","LOT":"03","SEI":"53","LIBELLE":"APP 0423-2","LONG_DD":"0.559376","LAT_DD":"47.010856","gx_media_l":null,"_sp_url":null},"geometry":{"type":"Point","coordinates":[0.5593760000000002,47.01085599999999,0.0]}},{"id":"268","type":"Feature","properties":{"Name":"AP V1 Km 42,380","descriptio":"Attributes\n  ETIQ  AP V1 Km 42,380 \n  NOM_ACCES  PTLO-L03-001 \n  AXE  LGV V1 \n  PK  42.38 \n  LONGITUDE  0°33'36.1328E \n  LATITUDE  47°0'37.6499N \n  LOT  03 \n  SEI  53 \n  LIBELLE  APP 0423-1 \n  LONG_DD  0.560037 \n  LAT_DD  47.010458","timestamp":null,"begin":null,"end":null,"altitudeMo":null,"tessellate":"-1","extrude":"0","visibility":"-1","drawOrder":null,"icon":null,"ETIQ":"AP V1 Km 42,380","NOM_ACCES":"PTLO-L03-001","AXE":"LGV V1","PK":"42.38","LONGITUDE":"0°33'36.1328E","LATITUDE":"47°0'37.6499N","LOT":"03","SEI":"53","LIBELLE":"APP 0423-1","LONG_DD":"0.560037","LAT_DD":"47.010458","gx_media_l":null,"_sp_url":null},"geometry":{"type":"Point","coordinates":[0.5600370000000006,47.010458,0.0]}},{"id":"269","type":"Feature","properties":{"Name":"AP V2 Km 43,260","descriptio":"Attributes\n  ETIQ  AP V2 Km 43,260 \n  NOM_ACCES  PTLO-L03-004 \n  AXE  LGV V2 \n  PK  43.26 \n  LONGITUDE  0°33'13.6102E \n  LATITUDE  47°0'12.9044N \n  LOT  03 \n  SEI  53 \n  LIBELLE  APP 0432-2 \n  LONG_DD  0.553781 \n  LAT_DD  47.003585","timestamp":null,"begin":null,"end":null,"altitudeMo":null,"tessellate":"-1","extrude":"0","visibility":"-1","drawOrder":null,"icon":null,"ETIQ":"AP V2 Km 43,260","NOM_ACCES":"PTLO-L03-004","AXE":"LGV V2","PK":"43.26","LONGITUDE":"0°33'13.6102E","LATITUDE":"47°0'12.9044N","LOT":"03","SEI":"53","LIBELLE":"APP 0432-2","LONG_DD":"0.553781","LAT_DD":"47.003585","gx_media_l":null,"_sp_url":null},"geometry":{"type":"Point","coordinates":[0.5537810000000006,47.00358499999999,0.0]}},{"id":"270","type":"Feature","properties":{"Name":"AP V1 Km 43,530","descriptio":"Attributes\n  ETIQ  AP V1 Km 43,530 \n  NOM_ACCES  PTLO-L03-003 \n  AXE  LGV V1 \n  PK  43.53 \n  LONGITUDE  0°33'10.5553E \n  LATITUDE  47°0'6.7772N \n  LOT  03 \n  SEI  53 \n  LIBELLE  APP 0435-1 \n  LONG_DD  0.552932 \n  LAT_DD  47.001883","timestamp":null,"begin":null,"end":null,"altitudeMo":null,"tessellate":"-1","extrude":"0","visibility":"-1","drawOrder":null,"icon":null,"ETIQ":"AP V1 Km 43,530","NOM_ACCES":"PTLO-L03-003","AXE":"LGV V1","PK":"43.53","LONGITUDE":"0°33'10.5553E","LATITUDE":"47°0'6.7772N","LOT":"03","SEI":"53","LIBELLE":"APP 0435-1","LONG_DD":"0.552932","LAT_DD":"47.001883","gx_media_l":null,"_sp_url":null},"geometry":{"type":"Point","coordinates":[0.552932,47.00188300000001,0.0]}},{"id":"271","type":"Feature","properties":{"Name":"AP V1 Km 43,880","descriptio":"Attributes\n  ETIQ  AP V1 Km 43,880 \n  NOM_ACCES  PTLO-L03-005 \n  AXE  LGV V1 \n  PK  43.88 \n  LONGITUDE  0°32'58.588E \n  LATITUDE  46°59'55.7388N \n  LOT  03 \n  SEI  53 \n  LIBELLE  APP 0438-1 \n  LONG_DD  0.549608 \n  LAT_DD  46.998816","timestamp":null,"begin":null,"end":null,"altitudeMo":null,"tessellate":"-1","extrude":"0","visibility":"-1","drawOrder":null,"icon":null,"ETIQ":"AP V1 Km 43,880","NOM_ACCES":"PTLO-L03-005","AXE":"LGV V1","PK":"43.88","LONGITUDE":"0°32'58.588E","LATITUDE":"46°59'55.7388N","LOT":"03","SEI":"53","LIBELLE":"APP 0438-1","LONG_DD":"0.549608","LAT_DD":"46.998816","gx_media_l":null,"_sp_url":null},"geometry":{"type":"Point","coordinates":[0.5496080000000009,46.998816,0.0]}},{"id":"272","type":"Feature","properties":{"Name":"AP V2 Km 43,945","descriptio":"Attributes\n  ETIQ  AP V2 Km 43,945 \n  NOM_ACCES  PTLO-L03-006 \n  AXE  LGV V2 \n  PK  43.945 \n  LONGITUDE  0°32'54.9872E \n  LATITUDE  46°59'55.393N \n  LOT  03 \n  SEI  53 \n  LIBELLE  APP 0439-2 \n  LONG_DD  0.548608 \n  LAT_DD  46.99872","timestamp":null,"begin":null,"end":null,"altitudeMo":null,"tessellate":"-1","extrude":"0","visibility":"-1","drawOrder":null,"icon":null,"ETIQ":"AP V2 Km 43,945","NOM_ACCES":"PTLO-L03-006","AXE":"LGV V2","PK":"43.945","LONGITUDE":"0°32'54.9872E","LATITUDE":"46°59'55.393N","LOT":"03","SEI":"53","LIBELLE":"APP 0439-2","LONG_DD":"0.548608","LAT_DD":"46.99872","gx_media_l":null,"_sp_url":null},"geometry":{"type":"Point","coordinates":[0.548608,46.99871999999999,0.0]}},{"id":"273","type":"Feature","properties":{"Name":"AR V1 Km 44,037","descriptio":"Attributes\n  ETIQ  AR V1 Km 44,037 \n  NOM_ACCES  PTLO-L03-007 \n  AXE  LGV V1 \n  PK  44.037 \n  LONGITUDE  0°32'53.6012E \n  LATITUDE  46°59'52.3302N \n  LOT  03 \n  SEI  53 \n  LIBELLE  ARP 0440-1 \n  LONG_DD  0.548223 \n  LAT_DD  46.99787","timestamp":null,"begin":null,"end":null,"altitudeMo":null,"tessellate":"-1","extrude":"0","visibility":"-1","drawOrder":null,"icon":null,"ETIQ":"AR V1 Km 44,037","NOM_ACCES":"PTLO-L03-007","AXE":"LGV V1","PK":"44.037","LONGITUDE":"0°32'53.6012E","LATITUDE":"46°59'52.3302N","LOT":"03","SEI":"53","LIBELLE":"ARP 0440-1","LONG_DD":"0.548223","LAT_DD":"46.99787","gx_media_l":null,"_sp_url":null},"geometry":{"type":"Point","coordinates":[0.5482230000000008,46.99786999999999,0.0]}},{"id":"274","type":"Feature","properties":{"Name":"AR V2 Km 44,180","descriptio":"Attributes\n  ETIQ  AR V2 Km 44,180 \n  NOM_ACCES  PTLA-L03-002 \n  AXE  LGV V2 \n  PK  44.18 \n  LONGITUDE  0°32'47.0752E \n  LATITUDE  46°59'48.7407N \n  LOT  03 \n  SEI  53 \n  LIBELLE  ARP 0441-2 \n  LONG_DD  0.54641 \n  LAT_DD  46.996872","timestamp":null,"begin":null,"end":null,"altitudeMo":null,"tessellate":"-1","extrude":"0","visibility":"-1","drawOrder":null,"icon":null,"ETIQ":"AR V2 Km 44,180","NOM_ACCES":"PTLA-L03-002","AXE":"LGV V2","PK":"44.18","LONGITUDE":"0°32'47.0752E","LATITUDE":"46°59'48.7407N","LOT":"03","SEI":"53","LIBELLE":"ARP 0441-2","LONG_DD":"0.54641","LAT_DD":"46.996872","gx_media_l":null,"_sp_url":null},"geometry":{"type":"Point","coordinates":[0.54641,46.99687200000001,0.0]}},{"id":"275","type":"Feature","properties":{"Name":"AP V1 Km 44,500","descriptio":"Attributes\n  ETIQ  AP V1 Km 44,500 \n  NOM_ACCES  PTLO-L03-009 \n  AXE  LGV V1 \n  PK  44.5 \n  LONGITUDE  0°32'40.4927E \n  LATITUDE  46°59'40.2207N \n  LOT  03 \n  SEI  53 \n  LIBELLE  APP 0445-1 \n  LONG_DD  0.544581 \n  LAT_DD  46.994506","timestamp":null,"begin":null,"end":null,"altitudeMo":null,"tessellate":"-1","extrude":"0","visibility":"-1","drawOrder":null,"icon":null,"ETIQ":"AP V1 Km 44,500","NOM_ACCES":"PTLO-L03-009","AXE":"LGV V1","PK":"44.5","LONGITUDE":"0°32'40.4927E","LATITUDE":"46°59'40.2207N","LOT":"03","SEI":"53","LIBELLE":"APP 0445-1","LONG_DD":"0.544581","LAT_DD":"46.994506","gx_media_l":null,"_sp_url":null},"geometry":{"type":"Point","coordinates":[0.5445809999999999,46.994506,0.0]}},{"id":"276","type":"Feature","properties":{"Name":"AP V2 Km 44,580","descriptio":"Attributes\n  ETIQ  AP V2 Km 44,580 \n  NOM_ACCES  PTLO-L03-008 \n  AXE  LGV V2 \n  PK  44.58 \n  LONGITUDE  0°32'35.4036E \n  LATITUDE  46°59'39.8233N \n  LOT  03 \n  SEI  53 \n  LIBELLE  APP 0445-2 \n  LONG_DD  0.543168 \n  LAT_DD  46.994395","timestamp":null,"begin":null,"end":null,"altitudeMo":null,"tessellate":"-1","extrude":"0","visibility":"-1","drawOrder":null,"icon":null,"ETIQ":"AP V2 Km 44,580","NOM_ACCES":"PTLO-L03-008","AXE":"LGV V2","PK":"44.58","LONGITUDE":"0°32'35.4036E","LATITUDE":"46°59'39.8233N","LOT":"03","SEI":"53","LIBELLE":"APP 0445-2","LONG_DD":"0.543168","LAT_DD":"46.994395","gx_media_l":null,"_sp_url":null},"geometry":{"type":"Point","coordinates":[0.5431680000000003,46.994395000000004,0.0]}},{"id":"277","type":"Feature","properties":{"Name":"AP V1 Km 44,930","descriptio":"Attributes\n  ETIQ  AP V1 Km 44,930 \n  NOM_ACCES  PTLA-L03-005 \n  AXE  LGV V1 \n  PK  44.93 \n  LONGITUDE  0°32'25.7157E \n  LATITUDE  46°59'30.2467N \n  LOT  03 \n  SEI  53 \n  LIBELLE  APP 0449-1 \n  LONG_DD  0.540477 \n  LAT_DD  46.991735","timestamp":null,"begin":null,"end":null,"altitudeMo":null,"tessellate":"-1","extrude":"0","visibility":"-1","drawOrder":null,"icon":null,"ETIQ":"AP V1 Km 44,930","NOM_ACCES":"PTLA-L03-005","AXE":"LGV V1","PK":"44.93","LONGITUDE":"0°32'25.7157E","LATITUDE":"46°59'30.2467N","LOT":"03","SEI":"53","LIBELLE":"APP 0449-1","LONG_DD":"0.540477","LAT_DD":"46.991735","gx_media_l":null,"_sp_url":null},"geometry":{"type":"Point","coordinates":[0.5404770000000005,46.99173499999999,0.0]}},{"id":"278","type":"Feature","properties":{"Name":"AP V2 Km 45,020","descriptio":"Attributes\n  ETIQ  AP V2 Km 45,020 \n  NOM_ACCES  PTLO-L03-010 \n  AXE  LGV V2 \n  PK  45.02 \n  LONGITUDE  0°32'20.9059E \n  LATITUDE  46°59'29.5387N \n  LOT  03 \n  SEI  53 \n  LIBELLE  APP 0450-2 \n  LONG_DD  0.539141 \n  LAT_DD  46.991539","timestamp":null,"begin":null,"end":null,"altitudeMo":null,"tessellate":"-1","extrude":"0","visibility":"-1","drawOrder":null,"icon":null,"ETIQ":"AP V2 Km 45,020","NOM_ACCES":"PTLO-L03-010","AXE":"LGV V2","PK":"45.02","LONGITUDE":"0°32'20.9059E","LATITUDE":"46°59'29.5387N","LOT":"03","SEI":"53","LIBELLE":"APP 0450-2","LONG_DD":"0.539141","LAT_DD":"46.991539","gx_media_l":null,"_sp_url":null},"geometry":{"type":"Point","coordinates":[0.539141000000001,46.991539,0.0]}},{"id":"279","type":"Feature","properties":{"Name":"AR V2 Km 46,055","descriptio":"Attributes\n  ETIQ  AR V2 Km 46,055 \n  NOM_ACCES  PTLA-L03-006 \n  AXE  LGV V2 \n  PK  46.055 \n  LONGITUDE  0°31'42.9899E \n  LATITUDE  46°59'4.7402N \n  LOT  03 \n  SEI  53 \n  LIBELLE  ARP 0460-2 \n  LONG_DD  0.528608 \n  LAT_DD  46.98465","timestamp":null,"begin":null,"end":null,"altitudeMo":null,"tessellate":"-1","extrude":"0","visibility":"-1","drawOrder":null,"icon":null,"ETIQ":"AR V2 Km 46,055","NOM_ACCES":"PTLA-L03-006","AXE":"LGV V2","PK":"46.055","LONGITUDE":"0°31'42.9899E","LATITUDE":"46°59'4.7402N","LOT":"03","SEI":"53","LIBELLE":"ARP 0460-2","LONG_DD":"0.528608","LAT_DD":"46.98465","gx_media_l":null,"_sp_url":null},"geometry":{"type":"Point","coordinates":[0.5286080000000009,46.98465,0.0]}},{"id":"280","type":"Feature","properties":{"Name":"AP V2 Km 46,260","descriptio":"Attributes\n  ETIQ  AP V2 Km 46,260 \n  NOM_ACCES  PTLO-L03-013 \n  AXE  LGV V2 \n  PK  46.26 \n  LONGITUDE  0°31'38.9939E \n  LATITUDE  46°59'1.5345N \n  LOT  03 \n  SEI  53 \n  LIBELLE  APP 0462-2 \n  LONG_DD  0.527498 \n  LAT_DD  46.98376","timestamp":null,"begin":null,"end":null,"altitudeMo":null,"tessellate":"-1","extrude":"0","visibility":"-1","drawOrder":null,"icon":null,"ETIQ":"AP V2 Km 46,260","NOM_ACCES":"PTLO-L03-013","AXE":"LGV V2","PK":"46.26","LONGITUDE":"0°31'38.9939E","LATITUDE":"46°59'1.5345N","LOT":"03","SEI":"53","LIBELLE":"APP 0462-2","LONG_DD":"0.527498","LAT_DD":"46.98376","gx_media_l":null,"_sp_url":null},"geometry":{"type":"Point","coordinates":[0.5274980000000006,46.983760000000004,0.0]}},{"id":"281","type":"Feature","properties":{"Name":"AP V1 Km 46,260","descriptio":"Attributes\n  ETIQ  AP V1 Km 46,260 \n  NOM_ACCES  PTLO-L03-012 \n  AXE  LGV V1 \n  PK  46.26 \n  LONGITUDE  0°31'39.7839E \n  LATITUDE  46°59'0.9085N \n  LOT  03 \n  SEI  53 \n  LIBELLE  APP 0462-1 \n  LONG_DD  0.527718 \n  LAT_DD  46.983586","timestamp":null,"begin":null,"end":null,"altitudeMo":null,"tessellate":"-1","extrude":"0","visibility":"-1","drawOrder":null,"icon":null,"ETIQ":"AP V1 Km 46,260","NOM_ACCES":"PTLO-L03-012","AXE":"LGV V1","PK":"46.26","LONGITUDE":"0°31'39.7839E","LATITUDE":"46°59'0.9085N","LOT":"03","SEI":"53","LIBELLE":"APP 0462-1","LONG_DD":"0.527718","LAT_DD":"46.983586","gx_media_l":null,"_sp_url":null},"geometry":{"type":"Point","coordinates":[0.5277179999999998,46.983586,0.0]}},{"id":"282","type":"Feature","properties":{"Name":"AR V1 Km 46,400","descriptio":"Attributes\n  ETIQ  AR V1 Km 46,400 \n  NOM_ACCES  PTLA-L03-007 \n  AXE  LGV V1 \n  PK  46.4 \n  LONGITUDE  0°31'37.8674E \n  LATITUDE  46°58'59.1892N \n  LOT  03 \n  SEI  53 \n  LIBELLE  ARP 0464-1 \n  LONG_DD  0.527185 \n  LAT_DD  46.983108","timestamp":null,"begin":null,"end":null,"altitudeMo":null,"tessellate":"-1","extrude":"0","visibility":"-1","drawOrder":null,"icon":null,"ETIQ":"AR V1 Km 46,400","NOM_ACCES":"PTLA-L03-007","AXE":"LGV V1","PK":"46.4","LONGITUDE":"0°31'37.8674E","LATITUDE":"46°58'59.1892N","LOT":"03","SEI":"53","LIBELLE":"ARP 0464-1","LONG_DD":"0.527185","LAT_DD":"46.983108","gx_media_l":null,"_sp_url":null},"geometry":{"type":"Point","coordinates":[0.5271850000000007,46.983107999999994,0.0]}},{"id":"283","type":"Feature","properties":{"Name":"AP V2 Km 46,810","descriptio":"Attributes\n  ETIQ  AP V2 Km 46,810 \n  NOM_ACCES  PTLO-L03-014 \n  AXE  LGV V2 \n  PK  46.81 \n  LONGITUDE  0°31'17.3049E \n  LATITUDE  46°58'51.7477N \n  LOT  03 \n  SEI  53 \n  LIBELLE  APP 0468-2 \n  LONG_DD  0.521474 \n  LAT_DD  46.981041","timestamp":null,"begin":null,"end":null,"altitudeMo":null,"tessellate":"-1","extrude":"0","visibility":"-1","drawOrder":null,"icon":null,"ETIQ":"AP V2 Km 46,810","NOM_ACCES":"PTLO-L03-014","AXE":"LGV V2","PK":"46.81","LONGITUDE":"0°31'17.3049E","LATITUDE":"46°58'51.7477N","LOT":"03","SEI":"53","LIBELLE":"APP 0468-2","LONG_DD":"0.521474","LAT_DD":"46.981041","gx_media_l":null,"_sp_url":null},"geometry":{"type":"Point","coordinates":[0.5214740000000004,46.98104100000002,0.0]}},{"id":"284","type":"Feature","properties":{"Name":"AP V1 Km 46,950","descriptio":"Attributes\n  ETIQ  AP V1 Km 46,950 \n  NOM_ACCES  PTLO-L03-015 \n  AXE  LGV V1 \n  PK  46.95 \n  LONGITUDE  0°31'11.9841E \n  LATITUDE  46°58'45.4417N \n  LOT  03 \n  SEI  53 \n  LIBELLE  APP 0469-1 \n  LONG_DD  0.519996 \n  LAT_DD  46.979289","timestamp":null,"begin":null,"end":null,"altitudeMo":null,"tessellate":"-1","extrude":"0","visibility":"-1","drawOrder":null,"icon":null,"ETIQ":"AP V1 Km 46,950","NOM_ACCES":"PTLO-L03-015","AXE":"LGV V1","PK":"46.95","LONGITUDE":"0°31'11.9841E","LATITUDE":"46°58'45.4417N","LOT":"03","SEI":"53","LIBELLE":"APP 0469-1","LONG_DD":"0.519996","LAT_DD":"46.979289","gx_media_l":null,"_sp_url":null},"geometry":{"type":"Point","coordinates":[0.5199960000000008,46.979288999999994,0.0]}},{"id":"285","type":"Feature","properties":{"Name":"AP V2 Km 47,140","descriptio":"Attributes\n  ETIQ  AP V2 Km 47,140 \n  NOM_ACCES  PTLO-L03-016 \n  AXE  LGV V2 \n  PK  47.14 \n  LONGITUDE  0°31'5.1326E \n  LATITUDE  46°58'45.1201N \n  LOT  03 \n  SEI  53 \n  LIBELLE  APP 0471-2 \n  LONG_DD  0.518092 \n  LAT_DD  46.9792","timestamp":null,"begin":null,"end":null,"altitudeMo":null,"tessellate":"-1","extrude":"0","visibility":"-1","drawOrder":null,"icon":null,"ETIQ":"AP V2 Km 47,140","NOM_ACCES":"PTLO-L03-016","AXE":"LGV V2","PK":"47.14","LONGITUDE":"0°31'5.1326E","LATITUDE":"46°58'45.1201N","LOT":"03","SEI":"53","LIBELLE":"APP 0471-2","LONG_DD":"0.518092","LAT_DD":"46.9792","gx_media_l":null,"_sp_url":null},"geometry":{"type":"Point","coordinates":[0.5180919999999999,46.97920000000001,0.0]}},{"id":"286","type":"Feature","properties":{"Name":"AR V1 Km 48,035","descriptio":"Attributes\n  ETIQ  AR V1 Km 48,035 \n  NOM_ACCES  PTLA-L03-009 \n  AXE  LGV V1 \n  PK  48.035 \n  LONGITUDE  0°30'32.6263E \n  LATITUDE  46°58'28.3114N \n  LOT  03 \n  SEI  53 \n  LIBELLE  ARP 0480-1 \n  LONG_DD  0.509063 \n  LAT_DD  46.974531","timestamp":null,"begin":null,"end":null,"altitudeMo":null,"tessellate":"-1","extrude":"0","visibility":"-1","drawOrder":null,"icon":null,"ETIQ":"AR V1 Km 48,035","NOM_ACCES":"PTLA-L03-009","AXE":"LGV V1","PK":"48.035","LONGITUDE":"0°30'32.6263E","LATITUDE":"46°58'28.3114N","LOT":"03","SEI":"53","LIBELLE":"ARP 0480-1","LONG_DD":"0.509063","LAT_DD":"46.974531","gx_media_l":null,"_sp_url":null},"geometry":{"type":"Point","coordinates":[0.5090630000000005,46.974531,0.0]}},{"id":"287","type":"Feature","properties":{"Name":"AR V2 Km 48,035","descriptio":"Attributes\n  ETIQ  AR V2 Km 48,035 \n  NOM_ACCES  PTLA-L03-008 \n  AXE  LGV V2 \n  PK  48.035 \n  LONGITUDE  0°30'25.8934E \n  LATITUDE  46°58'28.8481N \n  LOT  03 \n  SEI  53 \n  LIBELLE  ARP 0480-2 \n  LONG_DD  0.507193 \n  LAT_DD  46.97468","timestamp":null,"begin":null,"end":null,"altitudeMo":null,"tessellate":"-1","extrude":"0","visibility":"-1","drawOrder":null,"icon":null,"ETIQ":"AR V2 Km 48,035","NOM_ACCES":"PTLA-L03-008","AXE":"LGV V2","PK":"48.035","LONGITUDE":"0°30'25.8934E","LATITUDE":"46°58'28.8481N","LOT":"03","SEI":"53","LIBELLE":"ARP 0480-2","LONG_DD":"0.507193","LAT_DD":"46.97468","gx_media_l":null,"_sp_url":null},"geometry":{"type":"Point","coordinates":[0.5071930000000001,46.97467999999999,0.0]}},{"id":"288","type":"Feature","properties":{"Name":"AP V1 Km 48,490","descriptio":"Attributes\n  ETIQ  AP V1 Km 48,490 \n  NOM_ACCES  PTLO-L03-017 \n  AXE  LGV V1 \n  PK  48.49 \n  LONGITUDE  0°30'13.0536E \n  LATITUDE  46°58'19.0677N \n  LOT  03 \n  SEI  53 \n  LIBELLE  APP 0484-1 \n  LONG_DD  0.503626 \n  LAT_DD  46.971963","timestamp":null,"begin":null,"end":null,"altitudeMo":null,"tessellate":"-1","extrude":"0","visibility":"-1","drawOrder":null,"icon":null,"ETIQ":"AP V1 Km 48,490","NOM_ACCES":"PTLO-L03-017","AXE":"LGV V1","PK":"48.49","LONGITUDE":"0°30'13.0536E","LATITUDE":"46°58'19.0677N","LOT":"03","SEI":"53","LIBELLE":"APP 0484-1","LONG_DD":"0.503626","LAT_DD":"46.971963","gx_media_l":null,"_sp_url":null},"geometry":{"type":"Point","coordinates":[0.503626,46.97196300000002,0.0]}},{"id":"289","type":"Feature","properties":{"Name":"AP V2 Km 48,580","descriptio":"Attributes\n  ETIQ  AP V2 Km 48,580 \n  NOM_ACCES  PTLO-L03-018 \n  AXE  LGV V2 \n  PK  48.58 \n  LONGITUDE  0°30'6.6152E \n  LATITUDE  46°58'18.9812N \n  LOT  03 \n  SEI  53 \n  LIBELLE  APP 0485-2 \n  LONG_DD  0.501838 \n  LAT_DD  46.971939","timestamp":null,"begin":null,"end":null,"altitudeMo":null,"tessellate":"-1","extrude":"0","visibility":"-1","drawOrder":null,"icon":null,"ETIQ":"AP V2 Km 48,580","NOM_ACCES":"PTLO-L03-018","AXE":"LGV V2","PK":"48.58","LONGITUDE":"0°30'6.6152E","LATITUDE":"46°58'18.9812N","LOT":"03","SEI":"53","LIBELLE":"APP 0485-2","LONG_DD":"0.501838","LAT_DD":"46.971939","gx_media_l":null,"_sp_url":null},"geometry":{"type":"Point","coordinates":[0.5018380000000002,46.97193899999999,0.0]}},{"id":"290","type":"Feature","properties":{"Name":"AP V1 Km 49,405","descriptio":"Attributes\n  ETIQ  AP V1 Km 49,405 \n  NOM_ACCES  PTLO-L03-019 \n  AXE  LGV V1 \n  PK  49.405 \n  LONGITUDE  0°29'37.3323E \n  LATITUDE  46°58'2.9574N \n  LOT  03 \n  SEI  53 \n  LIBELLE  APP 0494-1 \n  LONG_DD  0.493703 \n  LAT_DD  46.967488","timestamp":null,"begin":null,"end":null,"altitudeMo":null,"tessellate":"-1","extrude":"0","visibility":"-1","drawOrder":null,"icon":null,"ETIQ":"AP V1 Km 49,405","NOM_ACCES":"PTLO-L03-019","AXE":"LGV V1","PK":"49.405","LONGITUDE":"0°29'37.3323E","LATITUDE":"46°58'2.9574N","LOT":"03","SEI":"53","LIBELLE":"APP 0494-1","LONG_DD":"0.493703","LAT_DD":"46.967488","gx_media_l":null,"_sp_url":null},"geometry":{"type":"Point","coordinates":[0.4937030000000001,46.967488,0.0]}},{"id":"291","type":"Feature","properties":{"Name":"AP V2 Km 49,530","descriptio":"Attributes\n  ETIQ  AP V2 Km 49,530 \n  NOM_ACCES  PTLO-L03-020 \n  AXE  LGV V2 \n  PK  49.53 \n  LONGITUDE  0°29'31.2131E \n  LATITUDE  46°58'2.2295N \n  LOT  03 \n  SEI  53 \n  LIBELLE  APP 0495-2 \n  LONG_DD  0.492004 \n  LAT_DD  46.967286","timestamp":null,"begin":null,"end":null,"altitudeMo":null,"tessellate":"-1","extrude":"0","visibility":"-1","drawOrder":null,"icon":null,"ETIQ":"AP V2 Km 49,530","NOM_ACCES":"PTLO-L03-020","AXE":"LGV V2","PK":"49.53","LONGITUDE":"0°29'31.2131E","LATITUDE":"46°58'2.2295N","LOT":"03","SEI":"53","LIBELLE":"APP 0495-2","LONG_DD":"0.492004","LAT_DD":"46.967286","gx_media_l":null,"_sp_url":null},"geometry":{"type":"Point","coordinates":[0.4920040000000004,46.967286,0.0]}},{"id":"292","type":"Feature","properties":{"Name":"AR V2 Km 50,200","descriptio":"Attributes\n  ETIQ  AR V2 Km 50,200 \n  NOM_ACCES  PTLA-L03-012 \n  AXE  LGV V2 \n  PK  50.2 \n  LONGITUDE  0°29'9.2792E \n  LATITUDE  46°57'50.2871N \n  LOT  03 \n  SEI  53 \n  LIBELLE  ARP 0502-2 \n  LONG_DD  0.485911 \n  LAT_DD  46.963969","timestamp":null,"begin":null,"end":null,"altitudeMo":null,"tessellate":"-1","extrude":"0","visibility":"-1","drawOrder":null,"icon":null,"ETIQ":"AR V2 Km 50,200","NOM_ACCES":"PTLA-L03-012","AXE":"LGV V2","PK":"50.2","LONGITUDE":"0°29'9.2792E","LATITUDE":"46°57'50.2871N","LOT":"03","SEI":"53","LIBELLE":"ARP 0502-2","LONG_DD":"0.485911","LAT_DD":"46.963969","gx_media_l":null,"_sp_url":null},"geometry":{"type":"Point","coordinates":[0.485911000000001,46.963969,0.0]}},{"id":"293","type":"Feature","properties":{"Name":"AR V1 Km 50,200","descriptio":"Attributes\n  ETIQ  AR V1 Km 50,200 \n  NOM_ACCES  PTLA-L03-011 \n  AXE  LGV V1 \n  PK  50.2 \n  LONGITUDE  0°29'6.108E \n  LATITUDE  46°57'45.339N \n  LOT  03 \n  SEI  53 \n  LIBELLE  ARP 0502-1 \n  LONG_DD  0.48503 \n  LAT_DD  46.962594","timestamp":null,"begin":null,"end":null,"altitudeMo":null,"tessellate":"-1","extrude":"0","visibility":"-1","drawOrder":null,"icon":null,"ETIQ":"AR V1 Km 50,200","NOM_ACCES":"PTLA-L03-011","AXE":"LGV V1","PK":"50.2","LONGITUDE":"0°29'6.108E","LATITUDE":"46°57'45.339N","LOT":"03","SEI":"53","LIBELLE":"ARP 0502-1","LONG_DD":"0.48503","LAT_DD":"46.962594","gx_media_l":null,"_sp_url":null},"geometry":{"type":"Point","coordinates":[0.4850299999999998,46.962593999999996,0.0]}},{"id":"294","type":"Feature","properties":{"Name":"AP V2 Km 50,905","descriptio":"Attributes\n  ETIQ  AP V2 Km 50,905 \n  NOM_ACCES  PTLO-L03-022 \n  AXE  LGV V2 \n  PK  50.905 \n  LONGITUDE  0°28'42.0038E \n  LATITUDE  46°57'33.0005N \n  LOT  03 \n  SEI  53 \n  LIBELLE  APP 0509-2 \n  LONG_DD  0.478334 \n  LAT_DD  46.959167","timestamp":null,"begin":null,"end":null,"altitudeMo":null,"tessellate":"-1","extrude":"0","visibility":"-1","drawOrder":null,"icon":null,"ETIQ":"AP V2 Km 50,905","NOM_ACCES":"PTLO-L03-022","AXE":"LGV V2","PK":"50.905","LONGITUDE":"0°28'42.0038E","LATITUDE":"46°57'33.0005N","LOT":"03","SEI":"53","LIBELLE":"APP 0509-2","LONG_DD":"0.478334","LAT_DD":"46.959167","gx_media_l":null,"_sp_url":null},"geometry":{"type":"Point","coordinates":[0.4783340000000003,46.95916700000001,0.0]}},{"id":"295","type":"Feature","properties":{"Name":"AP V1 Km 50,920","descriptio":"Attributes\n  ETIQ  AP V1 Km 50,920 \n  NOM_ACCES  PTLO-L03-021 \n  AXE  LGV V1 \n  PK  50.92 \n  LONGITUDE  0°28'44.7097E \n  LATITUDE  46°57'29.7038N \n  LOT  03 \n  SEI  53 \n  LIBELLE  APP 0509-1 \n  LONG_DD  0.479086 \n  LAT_DD  46.958251","timestamp":null,"begin":null,"end":null,"altitudeMo":null,"tessellate":"-1","extrude":"0","visibility":"-1","drawOrder":null,"icon":null,"ETIQ":"AP V1 Km 50,920","NOM_ACCES":"PTLO-L03-021","AXE":"LGV V1","PK":"50.92","LONGITUDE":"0°28'44.7097E","LATITUDE":"46°57'29.7038N","LOT":"03","SEI":"53","LIBELLE":"APP 0509-1","LONG_DD":"0.479086","LAT_DD":"46.958251","gx_media_l":null,"_sp_url":null},"geometry":{"type":"Point","coordinates":[0.4790859999999999,46.95825100000002,0.0]}},{"id":"296","type":"Feature","properties":{"Name":"AR V1 Km 51,175","descriptio":"Attributes\n  ETIQ  AR V1 Km 51,175 \n  NOM_ACCES  PTLA-L03-013 \n  AXE  LGV V1 \n  PK  51.175 \n  LONGITUDE  0°28'42.0226E \n  LATITUDE  46°57'27.3157N \n  LOT  03 \n  SEI  53 \n  LIBELLE  ARP 0511-1 \n  LONG_DD  0.47834 \n  LAT_DD  46.957588","timestamp":null,"begin":null,"end":null,"altitudeMo":null,"tessellate":"-1","extrude":"0","visibility":"-1","drawOrder":null,"icon":null,"ETIQ":"AR V1 Km 51,175","NOM_ACCES":"PTLA-L03-013","AXE":"LGV V1","PK":"51.175","LONGITUDE":"0°28'42.0226E","LATITUDE":"46°57'27.3157N","LOT":"03","SEI":"53","LIBELLE":"ARP 0511-1","LONG_DD":"0.47834","LAT_DD":"46.957588","gx_media_l":null,"_sp_url":null},"geometry":{"type":"Point","coordinates":[0.47833999999999977,46.957588,0.0]}},{"id":"297","type":"Feature","properties":{"Name":"AR V2 Km 51,195","descriptio":"Attributes\n  ETIQ  AR V2 Km 51,195 \n  NOM_ACCES  PTLA-L03-014 \n  AXE  LGV V2 \n  PK  51.195 \n  LONGITUDE  0°28'37.6269E \n  LATITUDE  46°57'28.1584N \n  LOT  03 \n  SEI  53 \n  LIBELLE  RRL 0511-2 \n  LONG_DD  0.477119 \n  LAT_DD  46.957822","timestamp":null,"begin":null,"end":null,"altitudeMo":null,"tessellate":"-1","extrude":"0","visibility":"-1","drawOrder":null,"icon":null,"ETIQ":"AR V2 Km 51,195","NOM_ACCES":"PTLA-L03-014","AXE":"LGV V2","PK":"51.195","LONGITUDE":"0°28'37.6269E","LATITUDE":"46°57'28.1584N","LOT":"03","SEI":"53","LIBELLE":"RRL 0511-2","LONG_DD":"0.477119","LAT_DD":"46.957822","gx_media_l":null,"_sp_url":null},"geometry":{"type":"Point","coordinates":[0.47711900000000085,46.957822000000014,0.0]}},{"id":"298","type":"Feature","properties":{"Name":"AP V2 Km 51,950","descriptio":"Attributes\n  ETIQ  AP V2 Km 51,950 \n  NOM_ACCES  PTLO-L03-024 \n  AXE  LGV V2 \n  PK  51.95 \n  LONGITUDE  0°28'10.4686E \n  LATITUDE  46°57'6.2615N \n  LOT  03 \n  SEI  53 \n  LIBELLE  APP 0519-2 \n  LONG_DD  0.469575 \n  LAT_DD  46.951739","timestamp":null,"begin":null,"end":null,"altitudeMo":null,"tessellate":"-1","extrude":"0","visibility":"-1","drawOrder":null,"icon":null,"ETIQ":"AP V2 Km 51,950","NOM_ACCES":"PTLO-L03-024","AXE":"LGV V2","PK":"51.95","LONGITUDE":"0°28'10.4686E","LATITUDE":"46°57'6.2615N","LOT":"03","SEI":"53","LIBELLE":"APP 0519-2","LONG_DD":"0.469575","LAT_DD":"46.951739","gx_media_l":null,"_sp_url":null},"geometry":{"type":"Point","coordinates":[0.46957500000000024,46.95173900000001,0.0]}},{"id":"299","type":"Feature","properties":{"Name":"AP V1 Km 51,970","descriptio":"Attributes\n  ETIQ  AP V1 Km 51,970 \n  NOM_ACCES  PTLO-L03-023 \n  AXE  LGV V1 \n  PK  51.97 \n  LONGITUDE  0°28'13.1238E \n  LATITUDE  46°57'3.8047N \n  LOT  03 \n  SEI  53 \n  LIBELLE  APP 0519-1 \n  LONG_DD  0.470312 \n  LAT_DD  46.951057","timestamp":null,"begin":null,"end":null,"altitudeMo":null,"tessellate":"-1","extrude":"0","visibility":"-1","drawOrder":null,"icon":null,"ETIQ":"AP V1 Km 51,970","NOM_ACCES":"PTLO-L03-023","AXE":"LGV V1","PK":"51.97","LONGITUDE":"0°28'13.1238E","LATITUDE":"46°57'3.8047N","LOT":"03","SEI":"53","LIBELLE":"APP 0519-1","LONG_DD":"0.470312","LAT_DD":"46.951057","gx_media_l":null,"_sp_url":null},"geometry":{"type":"Point","coordinates":[0.4703119999999998,46.951057,0.0]}},{"id":"300","type":"Feature","properties":{"Name":"AP V2 Km 52,750","descriptio":"Attributes\n  ETIQ  AP V2 Km 52,750 \n  NOM_ACCES  PTLO-L03-026 \n  AXE  LGV V2 \n  PK  52.75 \n  LONGITUDE  0°27'51.6359E \n  LATITUDE  46°56'49.1756N \n  LOT  03 \n  SEI  53 \n  LIBELLE  APP 0527-2 \n  LONG_DD  0.464343 \n  LAT_DD  46.946993","timestamp":null,"begin":null,"end":null,"altitudeMo":null,"tessellate":"-1","extrude":"0","visibility":"-1","drawOrder":null,"icon":null,"ETIQ":"AP V2 Km 52,750","NOM_ACCES":"PTLO-L03-026","AXE":"LGV V2","PK":"52.75","LONGITUDE":"0°27'51.6359E","LATITUDE":"46°56'49.1756N","LOT":"03","SEI":"53","LIBELLE":"APP 0527-2","LONG_DD":"0.464343","LAT_DD":"46.946993","gx_media_l":null,"_sp_url":null},"geometry":{"type":"Point","coordinates":[0.4643429999999996,46.946993,0.0]}},{"id":"301","type":"Feature","properties":{"Name":"AP V1 Km 52,760","descriptio":"Attributes\n  ETIQ  AP V1 Km 52,760 \n  NOM_ACCES  PTLO-L03-025 \n  AXE  LGV V1 \n  PK  52.76 \n  LONGITUDE  0°27'53.2769E \n  LATITUDE  46°56'46.5947N \n  LOT  03 \n  SEI  53 \n  LIBELLE  APP 0527-1 \n  LONG_DD  0.464799 \n  LAT_DD  46.946276","timestamp":null,"begin":null,"end":null,"altitudeMo":null,"tessellate":"-1","extrude":"0","visibility":"-1","drawOrder":null,"icon":null,"ETIQ":"AP V1 Km 52,760","NOM_ACCES":"PTLO-L03-025","AXE":"LGV V1","PK":"52.76","LONGITUDE":"0°27'53.2769E","LATITUDE":"46°56'46.5947N","LOT":"03","SEI":"53","LIBELLE":"APP 0527-1","LONG_DD":"0.464799","LAT_DD":"46.946276","gx_media_l":null,"_sp_url":null},"geometry":{"type":"Point","coordinates":[0.4647989999999993,46.946276,0.0]}},{"id":"302","type":"Feature","properties":{"Name":"AR V2 Km 53,410","descriptio":"Attributes\n  ETIQ  AR V2 Km 53,410 \n  NOM_ACCES  PTLA-L03-016 \n  AXE  LGV V2 \n  PK  53.41 \n  LONGITUDE  0°27'31.6346E \n  LATITUDE  46°56'28.2538N \n  LOT  03 \n  SEI  53 \n  LIBELLE  ARP 0534-2 \n  LONG_DD  0.458787 \n  LAT_DD  46.941182","timestamp":null,"begin":null,"end":null,"altitudeMo":null,"tessellate":"-1","extrude":"0","visibility":"-1","drawOrder":null,"icon":null,"ETIQ":"AR V2 Km 53,410","NOM_ACCES":"PTLA-L03-016","AXE":"LGV V2","PK":"53.41","LONGITUDE":"0°27'31.6346E","LATITUDE":"46°56'28.2538N","LOT":"03","SEI":"53","LIBELLE":"ARP 0534-2","LONG_DD":"0.458787","LAT_DD":"46.941182","gx_media_l":null,"_sp_url":null},"geometry":{"type":"Point","coordinates":[0.4587870000000005,46.941182,0.0]}},{"id":"303","type":"Feature","properties":{"Name":"AR V1 Km 53,410","descriptio":"Attributes\n  ETIQ  AR V1 Km 53,410 \n  NOM_ACCES  PTLA-L03-015 \n  AXE  LGV V1 \n  PK  53.41 \n  LONGITUDE  0°27'37.0283E \n  LATITUDE  46°56'27.7397N \n  LOT  03 \n  SEI  53 \n  LIBELLE  ARP 0534-1 \n  LONG_DD  0.460286 \n  LAT_DD  46.941039","timestamp":null,"begin":null,"end":null,"altitudeMo":null,"tessellate":"-1","extrude":"0","visibility":"-1","drawOrder":null,"icon":null,"ETIQ":"AR V1 Km 53,410","NOM_ACCES":"PTLA-L03-015","AXE":"LGV V1","PK":"53.41","LONGITUDE":"0°27'37.0283E","LATITUDE":"46°56'27.7397N","LOT":"03","SEI":"53","LIBELLE":"ARP 0534-1","LONG_DD":"0.460286","LAT_DD":"46.941039","gx_media_l":null,"_sp_url":null},"geometry":{"type":"Point","coordinates":[0.46028600000000097,46.941038999999996,0.0]}},{"id":"304","type":"Feature","properties":{"Name":"AP V2 Km 54,160","descriptio":"Attributes\n  ETIQ  AP V2 Km 54,160 \n  NOM_ACCES  PTLO-L03-028 \n  AXE  LGV V2 \n  PK  54.16 \n  LONGITUDE  0°27'17.7195E \n  LATITUDE  46°56'4.33N \n  LOT  03 \n  SEI  53 \n  LIBELLE  APP 0541-2 \n  LONG_DD  0.454922 \n  LAT_DD  46.934536","timestamp":null,"begin":null,"end":null,"altitudeMo":null,"tessellate":"-1","extrude":"0","visibility":"-1","drawOrder":null,"icon":null,"ETIQ":"AP V2 Km 54,160","NOM_ACCES":"PTLO-L03-028","AXE":"LGV V2","PK":"54.16","LONGITUDE":"0°27'17.7195E","LATITUDE":"46°56'4.33N","LOT":"03","SEI":"53","LIBELLE":"APP 0541-2","LONG_DD":"0.454922","LAT_DD":"46.934536","gx_media_l":null,"_sp_url":null},"geometry":{"type":"Point","coordinates":[0.45492200000000044,46.934536,0.0]}},{"id":"305","type":"Feature","properties":{"Name":"AP V1 Km 54,160","descriptio":"Attributes\n  ETIQ  AP V1 Km 54,160 \n  NOM_ACCES  PTLO-L03-027 \n  AXE  LGV V1 \n  PK  54.16 \n  LONGITUDE  0°27'20.271E \n  LATITUDE  46°56'3.7976N \n  LOT  03 \n  SEI  53 \n  LIBELLE  APP 0541-1 \n  LONG_DD  0.455631 \n  LAT_DD  46.934388","timestamp":null,"begin":null,"end":null,"altitudeMo":null,"tessellate":"-1","extrude":"0","visibility":"-1","drawOrder":null,"icon":null,"ETIQ":"AP V1 Km 54,160","NOM_ACCES":"PTLO-L03-027","AXE":"LGV V1","PK":"54.16","LONGITUDE":"0°27'20.271E","LATITUDE":"46°56'3.7976N","LOT":"03","SEI":"53","LIBELLE":"APP 0541-1","LONG_DD":"0.455631","LAT_DD":"46.934388","gx_media_l":null,"_sp_url":null},"geometry":{"type":"Point","coordinates":[0.45563100000000095,46.93438799999999,0.0]}},{"id":"306","type":"Feature","properties":{"Name":"V1 Km 54,960","descriptio":"Attributes\n  ETIQ  V1 Km 54,960 \n  NOM_ACCES  PTLA-L03-019 \n  AXE  LGV V1 \n  PK  54.96 \n  LONGITUDE  0°27'5.6176E \n  LATITUDE  46°55'36.6538N \n  LOT  03 \n  SEI  53 \n  LIBELLE  SST 225kV MONDION \n  LONG_DD  0.45156 \n  LAT_DD  46.926848","timestamp":null,"begin":null,"end":null,"altitudeMo":null,"tessellate":"-1","extrude":"0","visibility":"-1","drawOrder":null,"icon":null,"ETIQ":"V1 Km 54,960","NOM_ACCES":"PTLA-L03-019","AXE":"LGV V1","PK":"54.96","LONGITUDE":"0°27'5.6176E","LATITUDE":"46°55'36.6538N","LOT":"03","SEI":"53","LIBELLE":"SST 225kV MONDION","LONG_DD":"0.45156","LAT_DD":"46.926848","gx_media_l":null,"_sp_url":null},"geometry":{"type":"Point","coordinates":[0.4515600000000002,46.926848000000014,0.0]}},{"id":"307","type":"Feature","properties":{"Name":"AR V2 Km 55,050","descriptio":"Attributes\n  ETIQ  AR V2 Km 55,050 \n  NOM_ACCES  PTLA-L03-018 \n  AXE  LGV V2 \n  PK  55.05 \n  LONGITUDE  0°27'1.0481E \n  LATITUDE  46°55'35.1078N \n  LOT  03 \n  SEI  53 \n  LIBELLE  ARP 0550-2 \n  LONG_DD  0.450291 \n  LAT_DD  46.926419","timestamp":null,"begin":null,"end":null,"altitudeMo":null,"tessellate":"-1","extrude":"0","visibility":"-1","drawOrder":null,"icon":null,"ETIQ":"AR V2 Km 55,050","NOM_ACCES":"PTLA-L03-018","AXE":"LGV V2","PK":"55.05","LONGITUDE":"0°27'1.0481E","LATITUDE":"46°55'35.1078N","LOT":"03","SEI":"53","LIBELLE":"ARP 0550-2","LONG_DD":"0.450291","LAT_DD":"46.926419","gx_media_l":null,"_sp_url":null},"geometry":{"type":"Point","coordinates":[0.4502910000000003,46.92641900000001,0.0]}},{"id":"308","type":"Feature","properties":{"Name":"AR V1 Km 55,187","descriptio":"Attributes\n  ETIQ  AR V1 Km 55,187 \n  NOM_ACCES  PTLO-L03-029 \n  AXE  LGV V1 \n  PK  55.187 \n  LONGITUDE  0°27'1.1713E \n  LATITUDE  46°55'32.9208N \n  LOT  03 \n  SEI  53 \n  LIBELLE  ARP 0551-1 \n  LONG_DD  0.450325 \n  LAT_DD  46.925811","timestamp":null,"begin":null,"end":null,"altitudeMo":null,"tessellate":"-1","extrude":"0","visibility":"-1","drawOrder":null,"icon":null,"ETIQ":"AR V1 Km 55,187","NOM_ACCES":"PTLO-L03-029","AXE":"LGV V1","PK":"55.187","LONGITUDE":"0°27'1.1713E","LATITUDE":"46°55'32.9208N","LOT":"03","SEI":"53","LIBELLE":"ARP 0551-1","LONG_DD":"0.450325","LAT_DD":"46.925811","gx_media_l":null,"_sp_url":null},"geometry":{"type":"Point","coordinates":[0.45032500000000036,46.925811,0.0]}},{"id":"309","type":"Feature","properties":{"Name":"AP V2 Km 55,880","descriptio":"Attributes\n  ETIQ  AP V2 Km 55,880 \n  NOM_ACCES  PTLO-L03-030 \n  AXE  LGV V2 \n  PK  55.88 \n  LONGITUDE  0°26'44.7574E \n  LATITUDE  46°55'13.9697N \n  LOT  03 \n  SEI  53 \n  LIBELLE  APP 0560-2 \n  LONG_DD  0.445766 \n  LAT_DD  46.920547","timestamp":null,"begin":null,"end":null,"altitudeMo":null,"tessellate":"-1","extrude":"0","visibility":"-1","drawOrder":null,"icon":null,"ETIQ":"AP V2 Km 55,880","NOM_ACCES":"PTLO-L03-030","AXE":"LGV V2","PK":"55.88","LONGITUDE":"0°26'44.7574E","LATITUDE":"46°55'13.9697N","LOT":"03","SEI":"53","LIBELLE":"APP 0560-2","LONG_DD":"0.445766","LAT_DD":"46.920547","gx_media_l":null,"_sp_url":null},"geometry":{"type":"Point","coordinates":[0.44576599999999944,46.92054700000003,0.0]}},{"id":"310","type":"Feature","properties":{"Name":"AP V1 Km 55,920","descriptio":"Attributes\n  ETIQ  AP V1 Km 55,920 \n  NOM_ACCES  PTLO-L03-031 \n  AXE  LGV V1 \n  PK  55.92 \n  LONGITUDE  0°26'46.4228E \n  LATITUDE  46°55'12.7055N \n  LOT  03 \n  SEI  53 \n  LIBELLE  APP 0559-1 \n  LONG_DD  0.446229 \n  LAT_DD  46.920196","timestamp":null,"begin":null,"end":null,"altitudeMo":null,"tessellate":"-1","extrude":"0","visibility":"-1","drawOrder":null,"icon":null,"ETIQ":"AP V1 Km 55,920","NOM_ACCES":"PTLO-L03-031","AXE":"LGV V1","PK":"55.92","LONGITUDE":"0°26'46.4228E","LATITUDE":"46°55'12.7055N","LOT":"03","SEI":"53","LIBELLE":"APP 0559-1","LONG_DD":"0.446229","LAT_DD":"46.920196","gx_media_l":null,"_sp_url":null},"geometry":{"type":"Point","coordinates":[0.44622900000000015,46.92019600000001,0.0]}},{"id":"311","type":"Feature","properties":{"Name":"AR V2 Km 56,565","descriptio":"Attributes\n  ETIQ  AR V2 Km 56,565 \n  NOM_ACCES  PTLA-L03-020 \n  AXE  LGV V2 \n  PK  56.565 \n  LONGITUDE  0°26'30.0741E \n  LATITUDE  46°55'0.3959N \n  LOT  03 \n  SEI  54 \n  LIBELLE  RRG 0565-2 \n  LONG_DD  0.441687 \n  LAT_DD  46.916777","timestamp":null,"begin":null,"end":null,"altitudeMo":null,"tessellate":"-1","extrude":"0","visibility":"-1","drawOrder":null,"icon":null,"ETIQ":"AR V2 Km 56,565","NOM_ACCES":"PTLA-L03-020","AXE":"LGV V2","PK":"56.565","LONGITUDE":"0°26'30.0741E","LATITUDE":"46°55'0.3959N","LOT":"03","SEI":"54","LIBELLE":"RRG 0565-2","LONG_DD":"0.441687","LAT_DD":"46.916777","gx_media_l":null,"_sp_url":null},"geometry":{"type":"Point","coordinates":[0.44168700000000005,46.916776999999996,0.0]}},{"id":"312","type":"Feature","properties":{"Name":"AR V1 Km 56,565","descriptio":"Attributes\n  ETIQ  AR V1 Km 56,565 \n  NOM_ACCES  PTLA-L03-021 \n  AXE  LGV V1 \n  PK  56.565 \n  LONGITUDE  0°26'33.367E \n  LATITUDE  46°54'55.8254N \n  LOT  03 \n  SEI  54 \n  LIBELLE  RRG 0565-1 \n  LONG_DD  0.442602 \n  LAT_DD  46.915507","timestamp":null,"begin":null,"end":null,"altitudeMo":null,"tessellate":"-1","extrude":"0","visibility":"-1","drawOrder":null,"icon":null,"ETIQ":"AR V1 Km 56,565","NOM_ACCES":"PTLA-L03-021","AXE":"LGV V1","PK":"56.565","LONGITUDE":"0°26'33.367E","LATITUDE":"46°54'55.8254N","LOT":"03","SEI":"54","LIBELLE":"RRG 0565-1","LONG_DD":"0.442602","LAT_DD":"46.915507","gx_media_l":null,"_sp_url":null},"geometry":{"type":"Point","coordinates":[0.4426020000000005,46.91550700000001,0.0]}},{"id":"313","type":"Feature","properties":{"Name":"AP V1 Km 57,575","descriptio":"Attributes\n  ETIQ  AP V1 Km 57,575 \n  NOM_ACCES  PTLO-L03-033 \n  AXE  LGV V1 \n  PK  57.575 \n  LONGITUDE  0°26'6.7048E \n  LATITUDE  46°54'25.4457N \n  LOT  03 \n  SEI  54 \n  LIBELLE  APP 0575-1 \n  LONG_DD  0.435196 \n  LAT_DD  46.907068","timestamp":null,"begin":null,"end":null,"altitudeMo":null,"tessellate":"-1","extrude":"0","visibility":"-1","drawOrder":null,"icon":null,"ETIQ":"AP V1 Km 57,575","NOM_ACCES":"PTLO-L03-033","AXE":"LGV V1","PK":"57.575","LONGITUDE":"0°26'6.7048E","LATITUDE":"46°54'25.4457N","LOT":"03","SEI":"54","LIBELLE":"APP 0575-1","LONG_DD":"0.435196","LAT_DD":"46.907068","gx_media_l":null,"_sp_url":null},"geometry":{"type":"Point","coordinates":[0.4351960000000009,46.907067999999995,0.0]}},{"id":"314","type":"Feature","properties":{"Name":"AP V2 Km 57,670","descriptio":"Attributes\n  ETIQ  AP V2 Km 57,670 \n  NOM_ACCES  PTLO-L03-032 \n  AXE  LGV V2 \n  PK  57.67 \n  LONGITUDE  0°26'0.9254E \n  LATITUDE  46°54'24.194N \n  LOT  03 \n  SEI  54 \n  LIBELLE  APP 0576-2 \n  LONG_DD  0.43359 \n  LAT_DD  46.906721","timestamp":null,"begin":null,"end":null,"altitudeMo":null,"tessellate":"-1","extrude":"0","visibility":"-1","drawOrder":null,"icon":null,"ETIQ":"AP V2 Km 57,670","NOM_ACCES":"PTLO-L03-032","AXE":"LGV V2","PK":"57.67","LONGITUDE":"0°26'0.9254E","LATITUDE":"46°54'24.194N","LOT":"03","SEI":"54","LIBELLE":"APP 0576-2","LONG_DD":"0.43359","LAT_DD":"46.906721","gx_media_l":null,"_sp_url":null},"geometry":{"type":"Point","coordinates":[0.43359000000000075,46.906721,0.0]}},{"id":"315","type":"Feature","properties":{"Name":"AR V1 Km 58,800","descriptio":"Attributes\n  ETIQ  AR V1 Km 58,800 \n  NOM_ACCES  PTLA-L03-023 \n  AXE  LGV V1 \n  PK  58.8 \n  LONGITUDE  0°25'38.4257E \n  LATITUDE  46°53'44.707N \n  LOT  03 \n  SEI  54 \n  LIBELLE  RRG 0588-1 \n  LONG_DD  0.42734 \n  LAT_DD  46.895752","timestamp":null,"begin":null,"end":null,"altitudeMo":null,"tessellate":"-1","extrude":"0","visibility":"-1","drawOrder":null,"icon":null,"ETIQ":"AR V1 Km 58,800","NOM_ACCES":"PTLA-L03-023","AXE":"LGV V1","PK":"58.8","LONGITUDE":"0°25'38.4257E","LATITUDE":"46°53'44.707N","LOT":"03","SEI":"54","LIBELLE":"RRG 0588-1","LONG_DD":"0.42734","LAT_DD":"46.895752","gx_media_l":null,"_sp_url":null},"geometry":{"type":"Point","coordinates":[0.42733999999999916,46.89575200000001,0.0]}},{"id":"316","type":"Feature","properties":{"Name":"AR V2 Km 58,800","descriptio":"Attributes\n  ETIQ  AR V2 Km 58,800 \n  NOM_ACCES  PTLA-L03-022 \n  AXE  LGV V2 \n  PK  58.8 \n  LONGITUDE  0°25'34.3556E \n  LATITUDE  46°53'43.7206N \n  LOT  03 \n  SEI  54 \n  LIBELLE  RRG 0588-2 \n  LONG_DD  0.42621 \n  LAT_DD  46.895478","timestamp":null,"begin":null,"end":null,"altitudeMo":null,"tessellate":"-1","extrude":"0","visibility":"-1","drawOrder":null,"icon":null,"ETIQ":"AR V2 Km 58,800","NOM_ACCES":"PTLA-L03-022","AXE":"LGV V2","PK":"58.8","LONGITUDE":"0°25'34.3556E","LATITUDE":"46°53'43.7206N","LOT":"03","SEI":"54","LIBELLE":"RRG 0588-2","LONG_DD":"0.42621","LAT_DD":"46.895478","gx_media_l":null,"_sp_url":null},"geometry":{"type":"Point","coordinates":[0.4262100000000006,46.895478,0.0]}},{"id":"317","type":"Feature","properties":{"Name":"AP V1 Km 58,950","descriptio":"Attributes\n  ETIQ  AP V1 Km 58,950 \n  NOM_ACCES  PTLA-L03-023 \n  AXE  LGV V1 \n  PK  58.95 \n  LONGITUDE  0°25'38.4257E \n  LATITUDE  46°53'44.707N \n  LOT  03 \n  SEI  54 \n  LIBELLE  APP 0589-1 \n  LONG_DD  0.42734 \n  LAT_DD  46.895752","timestamp":null,"begin":null,"end":null,"altitudeMo":null,"tessellate":"-1","extrude":"0","visibility":"-1","drawOrder":null,"icon":null,"ETIQ":"AP V1 Km 58,950","NOM_ACCES":"PTLA-L03-023","AXE":"LGV V1","PK":"58.95","LONGITUDE":"0°25'38.4257E","LATITUDE":"46°53'44.707N","LOT":"03","SEI":"54","LIBELLE":"APP 0589-1","LONG_DD":"0.42734","LAT_DD":"46.895752","gx_media_l":null,"_sp_url":null},"geometry":{"type":"Point","coordinates":[0.42733999999999916,46.89575200000001,0.0]}},{"id":"318","type":"Feature","properties":{"Name":"AP V2 Km 58,950","descriptio":"Attributes\n  ETIQ  AP V2 Km 58,950 \n  NOM_ACCES  PTLA-L03-022 \n  AXE  LGV V2 \n  PK  58.95 \n  LONGITUDE  0°25'34.3556E \n  LATITUDE  46°53'43.7206N \n  LOT  03 \n  SEI  54 \n  LIBELLE  APP 0589-2 \n  LONG_DD  0.42621 \n  LAT_DD  46.895478","timestamp":null,"begin":null,"end":null,"altitudeMo":null,"tessellate":"-1","extrude":"0","visibility":"-1","drawOrder":null,"icon":null,"ETIQ":"AP V2 Km 58,950","NOM_ACCES":"PTLA-L03-022","AXE":"LGV V2","PK":"58.95","LONGITUDE":"0°25'34.3556E","LATITUDE":"46°53'43.7206N","LOT":"03","SEI":"54","LIBELLE":"APP 0589-2","LONG_DD":"0.42621","LAT_DD":"46.895478","gx_media_l":null,"_sp_url":null},"geometry":{"type":"Point","coordinates":[0.4262100000000006,46.895478,0.0]}},{"id":"319","type":"Feature","properties":{"Name":"AP V1 Km 59,661","descriptio":"Attributes\n  ETIQ  AP V1 Km 59,661 \n  NOM_ACCES  PTLO-L03-035 \n  AXE  LGV V1 \n  PK  59.661 \n  LONGITUDE  0°25'24.5403E \n  LATITUDE  46°53'24.4954N \n  LOT  03 \n  SEI  54 \n  LIBELLE  APP 0596-1 \n  LONG_DD  0.423483 \n  LAT_DD  46.890138","timestamp":null,"begin":null,"end":null,"altitudeMo":null,"tessellate":"-1","extrude":"0","visibility":"-1","drawOrder":null,"icon":null,"ETIQ":"AP V1 Km 59,661","NOM_ACCES":"PTLO-L03-035","AXE":"LGV V1","PK":"59.661","LONGITUDE":"0°25'24.5403E","LATITUDE":"46°53'24.4954N","LOT":"03","SEI":"54","LIBELLE":"APP 0596-1","LONG_DD":"0.423483","LAT_DD":"46.890138","gx_media_l":null,"_sp_url":null},"geometry":{"type":"Point","coordinates":[0.4234830000000009,46.89013800000001,0.0]}},{"id":"320","type":"Feature","properties":{"Name":"AP V2 Km 59,680","descriptio":"Attributes\n  ETIQ  AP V2 Km 59,680 \n  NOM_ACCES  PTLO-L03-034 \n  AXE  LGV V2 \n  PK  59.68 \n  LONGITUDE  0°25'22.4419E \n  LATITUDE  46°53'24.2917N \n  LOT  03 \n  SEI  54 \n  LIBELLE  APP 0596-2 \n  LONG_DD  0.422901 \n  LAT_DD  46.890081","timestamp":null,"begin":null,"end":null,"altitudeMo":null,"tessellate":"-1","extrude":"0","visibility":"-1","drawOrder":null,"icon":null,"ETIQ":"AP V2 Km 59,680","NOM_ACCES":"PTLO-L03-034","AXE":"LGV V2","PK":"59.68","LONGITUDE":"0°25'22.4419E","LATITUDE":"46°53'24.2917N","LOT":"03","SEI":"54","LIBELLE":"APP 0596-2","LONG_DD":"0.422901","LAT_DD":"46.890081","gx_media_l":null,"_sp_url":null},"geometry":{"type":"Point","coordinates":[0.4229010000000004,46.890081,0.0]}},{"id":"321","type":"Feature","properties":{"Name":"AP V1 Km 60,109","descriptio":"Attributes\n  ETIQ  AP V1 Km 60,109 \n  NOM_ACCES  PTLA-L03-025 \n  AXE  LGV V1 \n  PK  60.109 \n  LONGITUDE  0°25'15.8007E \n  LATITUDE  46°53'10.103N \n  LOT  03 \n  SEI  54 \n  LIBELLE  APP 0601-1 \n  LONG_DD  0.421056 \n  LAT_DD  46.88614","timestamp":null,"begin":null,"end":null,"altitudeMo":null,"tessellate":"-1","extrude":"0","visibility":"-1","drawOrder":null,"icon":null,"ETIQ":"AP V1 Km 60,109","NOM_ACCES":"PTLA-L03-025","AXE":"LGV V1","PK":"60.109","LONGITUDE":"0°25'15.8007E","LATITUDE":"46°53'10.103N","LOT":"03","SEI":"54","LIBELLE":"APP 0601-1","LONG_DD":"0.421056","LAT_DD":"46.88614","gx_media_l":null,"_sp_url":null},"geometry":{"type":"Point","coordinates":[0.4210559999999995,46.88614,0.0]}},{"id":"322","type":"Feature","properties":{"Name":"AR V2 Km 60,458","descriptio":"Attributes\n  ETIQ  AR V2 Km 60,458 \n  NOM_ACCES  PTLA-L03-024 \n  AXE  LGV V2 \n  PK  60.458 \n  LONGITUDE  0°25'10.2222E \n  LATITUDE  46°53'7.4827N \n  LOT  03 \n  SEI  54 \n  LIBELLE  ARP 0604-2 \n  LONG_DD  0.419506 \n  LAT_DD  46.885412","timestamp":null,"begin":null,"end":null,"altitudeMo":null,"tessellate":"-1","extrude":"0","visibility":"-1","drawOrder":null,"icon":null,"ETIQ":"AR V2 Km 60,458","NOM_ACCES":"PTLA-L03-024","AXE":"LGV V2","PK":"60.458","LONGITUDE":"0°25'10.2222E","LATITUDE":"46°53'7.4827N","LOT":"03","SEI":"54","LIBELLE":"ARP 0604-2","LONG_DD":"0.419506","LAT_DD":"46.885412","gx_media_l":null,"_sp_url":null},"geometry":{"type":"Point","coordinates":[0.4195060000000005,46.88541199999999,0.0]}},{"id":"323","type":"Feature","properties":{"Name":"AP V2 Km 60,780","descriptio":"Attributes\n  ETIQ  AP V2 Km 60,780 \n  NOM_ACCES  PTLA-L03-024 \n  AXE  LGV V2 \n  PK  60.78 \n  LONGITUDE  0°25'10.2222E \n  LATITUDE  46°53'7.4827N \n  LOT  03 \n  SEI  54 \n  LIBELLE  APP 0607-2 \n  LONG_DD  0.419506 \n  LAT_DD  46.885412","timestamp":null,"begin":null,"end":null,"altitudeMo":null,"tessellate":"-1","extrude":"0","visibility":"-1","drawOrder":null,"icon":null,"ETIQ":"AP V2 Km 60,780","NOM_ACCES":"PTLA-L03-024","AXE":"LGV V2","PK":"60.78","LONGITUDE":"0°25'10.2222E","LATITUDE":"46°53'7.4827N","LOT":"03","SEI":"54","LIBELLE":"APP 0607-2","LONG_DD":"0.419506","LAT_DD":"46.885412","gx_media_l":null,"_sp_url":null},"geometry":{"type":"Point","coordinates":[0.4195060000000005,46.88541199999999,0.0]}},{"id":"324","type":"Feature","properties":{"Name":"AP V1 Km 60,850","descriptio":"Attributes\n  ETIQ  AP V1 Km 60,850 \n  NOM_ACCES  PTLA-L03-027 \n  AXE  LGV V1 \n  PK  60.85 \n  LONGITUDE  0°24'59.1297E \n  LATITUDE  46°52'43.1215N \n  LOT  03 \n  SEI  54 \n  LIBELLE  APP 0608-3 \n  LONG_DD  0.416425 \n  LAT_DD  46.878645","timestamp":null,"begin":null,"end":null,"altitudeMo":null,"tessellate":"-1","extrude":"0","visibility":"-1","drawOrder":null,"icon":null,"ETIQ":"AP V1 Km 60,850","NOM_ACCES":"PTLA-L03-027","AXE":"LGV V1","PK":"60.85","LONGITUDE":"0°24'59.1297E","LATITUDE":"46°52'43.1215N","LOT":"03","SEI":"54","LIBELLE":"APP 0608-3","LONG_DD":"0.416425","LAT_DD":"46.878645","gx_media_l":null,"_sp_url":null},"geometry":{"type":"Point","coordinates":[0.41642500000000016,46.878645,0.0]}},{"id":"325","type":"Feature","properties":{"Name":"AR V2 Km 61,284","descriptio":"Attributes\n  ETIQ  AR V2 Km 61,284 \n  NOM_ACCES  PTLA-L03-026 \n  AXE  LGV V2 \n  PK  61.284 \n  LONGITUDE  0°24'50.6442E \n  LATITUDE  46°52'39.2475N \n  LOT  03 \n  SEI  54 \n  LIBELLE  RRL 0612-2 \n  LONG_DD  0.414068 \n  LAT_DD  46.877569","timestamp":null,"begin":null,"end":null,"altitudeMo":null,"tessellate":"-1","extrude":"0","visibility":"-1","drawOrder":null,"icon":null,"ETIQ":"AR V2 Km 61,284","NOM_ACCES":"PTLA-L03-026","AXE":"LGV V2","PK":"61.284","LONGITUDE":"0°24'50.6442E","LATITUDE":"46°52'39.2475N","LOT":"03","SEI":"54","LIBELLE":"RRL 0612-2","LONG_DD":"0.414068","LAT_DD":"46.877569","gx_media_l":null,"_sp_url":null},"geometry":{"type":"Point","coordinates":[0.4140680000000004,46.87756899999999,0.0]}},{"id":"326","type":"Feature","properties":{"Name":"AR V1 Km 61,339","descriptio":"Attributes\n  ETIQ  AR V1 Km 61,339 \n  NOM_ACCES  PTLO-L03-037 \n  AXE  LGV V1 \n  PK  61.339 \n  LONGITUDE  0°24'51.8647E \n  LATITUDE  46°52'34.781N \n  LOT  03 \n  SEI  54 \n  LIBELLE  ARP 0613-1 \n  LONG_DD  0.414407 \n  LAT_DD  46.876328","timestamp":null,"begin":null,"end":null,"altitudeMo":null,"tessellate":"-1","extrude":"0","visibility":"-1","drawOrder":null,"icon":null,"ETIQ":"AR V1 Km 61,339","NOM_ACCES":"PTLO-L03-037","AXE":"LGV V1","PK":"61.339","LONGITUDE":"0°24'51.8647E","LATITUDE":"46°52'34.781N","LOT":"03","SEI":"54","LIBELLE":"ARP 0613-1","LONG_DD":"0.414407","LAT_DD":"46.876328","gx_media_l":null,"_sp_url":null},"geometry":{"type":"Point","coordinates":[0.4144070000000002,46.87632799999999,0.0]}},{"id":"327","type":"Feature","properties":{"Name":"AP V2 Km 61,565","descriptio":"Attributes\n  ETIQ  AP V2 Km 61,565 \n  NOM_ACCES  PTLO-L03-036 \n  AXE  LGV V2 \n  PK  61.565 \n  LONGITUDE  0°24'46.1696E \n  LATITUDE  46°52'30.2636N \n  LOT  03 \n  SEI  54 \n  LIBELLE  APP 0615-2 \n  LONG_DD  0.412825 \n  LAT_DD  46.875073","timestamp":null,"begin":null,"end":null,"altitudeMo":null,"tessellate":"-1","extrude":"0","visibility":"-1","drawOrder":null,"icon":null,"ETIQ":"AP V2 Km 61,565","NOM_ACCES":"PTLO-L03-036","AXE":"LGV V2","PK":"61.565","LONGITUDE":"0°24'46.1696E","LATITUDE":"46°52'30.2636N","LOT":"03","SEI":"54","LIBELLE":"APP 0615-2","LONG_DD":"0.412825","LAT_DD":"46.875073","gx_media_l":null,"_sp_url":null},"geometry":{"type":"Point","coordinates":[0.4128250000000003,46.87507300000002,0.0]}},{"id":"328","type":"Feature","properties":{"Name":"AP V1 Km 61,600","descriptio":"Attributes\n  ETIQ  AP V1 Km 61,600 \n  NOM_ACCES  PTLO-L03-039 \n  AXE  LGV V1 \n  PK  61.6 \n  LONGITUDE  0°24'47.8035E \n  LATITUDE  46°52'26.735N \n  LOT  03 \n  SEI  54 \n  LIBELLE  APP 0616-1 \n  LONG_DD  0.413279 \n  LAT_DD  46.874093","timestamp":null,"begin":null,"end":null,"altitudeMo":null,"tessellate":"-1","extrude":"0","visibility":"-1","drawOrder":null,"icon":null,"ETIQ":"AP V1 Km 61,600","NOM_ACCES":"PTLO-L03-039","AXE":"LGV V1","PK":"61.6","LONGITUDE":"0°24'47.8035E","LATITUDE":"46°52'26.735N","LOT":"03","SEI":"54","LIBELLE":"APP 0616-1","LONG_DD":"0.413279","LAT_DD":"46.874093","gx_media_l":null,"_sp_url":null},"geometry":{"type":"Point","coordinates":[0.41327899999999956,46.874093,0.0]}},{"id":"329","type":"Feature","properties":{"Name":"AR V1 Km 61,740","descriptio":"Attributes\n  ETIQ  AR V1 Km 61,740 \n  NOM_ACCES  PTLA-L03-031 \n  AXE  LGV V1 \n  PK  61.74 \n  LONGITUDE  0°24'47.1498E \n  LATITUDE  46°52'25.6519N \n  LOT  03 \n  SEI  54 \n  LIBELLE  ARP 0617-1 \n  LONG_DD  0.413097 \n  LAT_DD  46.873792","timestamp":null,"begin":null,"end":null,"altitudeMo":null,"tessellate":"-1","extrude":"0","visibility":"-1","drawOrder":null,"icon":null,"ETIQ":"AR V1 Km 61,740","NOM_ACCES":"PTLA-L03-031","AXE":"LGV V1","PK":"61.74","LONGITUDE":"0°24'47.1498E","LATITUDE":"46°52'25.6519N","LOT":"03","SEI":"54","LIBELLE":"ARP 0617-1","LONG_DD":"0.413097","LAT_DD":"46.873792","gx_media_l":null,"_sp_url":null},"geometry":{"type":"Point","coordinates":[0.4130970000000004,46.873791999999995,0.0]}},{"id":"330","type":"Feature","properties":{"Name":"AR V1 Km 62,121","descriptio":"Attributes\n  ETIQ  AR V1 Km 62,121 \n  NOM_ACCES  PTLA-L03-031 \n  AXE  LGV V1 \n  PK  62.121 \n  LONGITUDE  0°24'47.1498E \n  LATITUDE  46°52'25.6519N \n  LOT  03 \n  SEI  54 \n  LIBELLE  ARP 0621-1 \n  LONG_DD  0.413097 \n  LAT_DD  46.873792","timestamp":null,"begin":null,"end":null,"altitudeMo":null,"tessellate":"-1","extrude":"0","visibility":"-1","drawOrder":null,"icon":null,"ETIQ":"AR V1 Km 62,121","NOM_ACCES":"PTLA-L03-031","AXE":"LGV V1","PK":"62.121","LONGITUDE":"0°24'47.1498E","LATITUDE":"46°52'25.6519N","LOT":"03","SEI":"54","LIBELLE":"ARP 0621-1","LONG_DD":"0.413097","LAT_DD":"46.873792","gx_media_l":null,"_sp_url":null},"geometry":{"type":"Point","coordinates":[0.4130970000000004,46.873791999999995,0.0]}},{"id":"331","type":"Feature","properties":{"Name":"AP V1 Km 62,463","descriptio":"Attributes\n  ETIQ  AP V1 Km 62,463 \n  NOM_ACCES  PTLA-L03-033 \n  AXE  LGV V1 \n  PK  62.463 \n  LONGITUDE  0°24'29.5659E \n  LATITUDE  46°52'0.5992N \n  LOT  03 \n  SEI  54 \n  LIBELLE  APP 0624-1 \n  LONG_DD  0.408213 \n  LAT_DD  46.866833","timestamp":null,"begin":null,"end":null,"altitudeMo":null,"tessellate":"-1","extrude":"0","visibility":"-1","drawOrder":null,"icon":null,"ETIQ":"AP V1 Km 62,463","NOM_ACCES":"PTLA-L03-033","AXE":"LGV V1","PK":"62.463","LONGITUDE":"0°24'29.5659E","LATITUDE":"46°52'0.5992N","LOT":"03","SEI":"54","LIBELLE":"APP 0624-1","LONG_DD":"0.408213","LAT_DD":"46.866833","gx_media_l":null,"_sp_url":null},"geometry":{"type":"Point","coordinates":[0.40821300000000094,46.86683299999998,0.0]}},{"id":"332","type":"Feature","properties":{"Name":"AR V2 Km 62,558","descriptio":"Attributes\n  ETIQ  AR V2 Km 62,558 \n  NOM_ACCES  PTLA-L03-028 \n  AXE  LGV V2 \n  PK  62.558 \n  LONGITUDE  0°24'16.2255E \n  LATITUDE  46°51'48.6192N \n  LOT  03 \n  SEI  54 \n  LIBELLE  ARP 0625-2 \n  LONG_DD  0.404507 \n  LAT_DD  46.863505","timestamp":null,"begin":null,"end":null,"altitudeMo":null,"tessellate":"-1","extrude":"0","visibility":"-1","drawOrder":null,"icon":null,"ETIQ":"AR V2 Km 62,558","NOM_ACCES":"PTLA-L03-028","AXE":"LGV V2","PK":"62.558","LONGITUDE":"0°24'16.2255E","LATITUDE":"46°51'48.6192N","LOT":"03","SEI":"54","LIBELLE":"ARP 0625-2","LONG_DD":"0.404507","LAT_DD":"46.863505","gx_media_l":null,"_sp_url":null},"geometry":{"type":"Point","coordinates":[0.4045070000000002,46.86350500000001,0.0]}},{"id":"333","type":"Feature","properties":{"Name":"AR V1 Km 62,650","descriptio":"Attributes\n  ETIQ  AR V1 Km 62,650 \n  NOM_ACCES  PTLA-L03-033a \n  AXE  LGV V1 \n  PK  62.65 \n  LONGITUDE  0°24'26.9745E \n  LATITUDE  46°51'56.6111N \n  LOT  03 \n  SEI  54 \n  LIBELLE  ARP 0626-1 \n  LONG_DD  0.407493 \n  LAT_DD  46.865725","timestamp":null,"begin":null,"end":null,"altitudeMo":null,"tessellate":"-1","extrude":"0","visibility":"-1","drawOrder":null,"icon":null,"ETIQ":"AR V1 Km 62,650","NOM_ACCES":"PTLA-L03-033a","AXE":"LGV V1","PK":"62.65","LONGITUDE":"0°24'26.9745E","LATITUDE":"46°51'56.6111N","LOT":"03","SEI":"54","LIBELLE":"ARP 0626-1","LONG_DD":"0.407493","LAT_DD":"46.865725","gx_media_l":null,"_sp_url":null},"geometry":{"type":"Point","coordinates":[0.40749299999999944,46.86572499999999,0.0]}},{"id":"334","type":"Feature","properties":{"Name":"AR V2 Km 62,829","descriptio":"Attributes\n  ETIQ  AR V2 Km 62,829 \n  NOM_ACCES  PTLA-L03-028 \n  AXE  LGV V2 \n  PK  62.829 \n  LONGITUDE  0°24'16.2255E \n  LATITUDE  46°51'48.6192N \n  LOT  03 \n  SEI  54 \n  LIBELLE  ARP 0628-2 \n  LONG_DD  0.404507 \n  LAT_DD  46.863505","timestamp":null,"begin":null,"end":null,"altitudeMo":null,"tessellate":"-1","extrude":"0","visibility":"-1","drawOrder":null,"icon":null,"ETIQ":"AR V2 Km 62,829","NOM_ACCES":"PTLA-L03-028","AXE":"LGV V2","PK":"62.829","LONGITUDE":"0°24'16.2255E","LATITUDE":"46°51'48.6192N","LOT":"03","SEI":"54","LIBELLE":"ARP 0628-2","LONG_DD":"0.404507","LAT_DD":"46.863505","gx_media_l":null,"_sp_url":null},"geometry":{"type":"Point","coordinates":[0.4045070000000002,46.86350500000001,0.0]}},{"id":"335","type":"Feature","properties":{"Name":"AP V2 Km 62,965","descriptio":"Attributes\n  ETIQ  AP V2 Km 62,965 \n  NOM_ACCES  PTLA-L03-028 \n  AXE  LGV V2 \n  PK  62.965 \n  LONGITUDE  0°24'16.2255E \n  LATITUDE  46°51'48.6192N \n  LOT  03 \n  SEI  54 \n  LIBELLE  APP 0629-2 \n  LONG_DD  0.404507 \n  LAT_DD  46.863505","timestamp":null,"begin":null,"end":null,"altitudeMo":null,"tessellate":"-1","extrude":"0","visibility":"-1","drawOrder":null,"icon":null,"ETIQ":"AP V2 Km 62,965","NOM_ACCES":"PTLA-L03-028","AXE":"LGV V2","PK":"62.965","LONGITUDE":"0°24'16.2255E","LATITUDE":"46°51'48.6192N","LOT":"03","SEI":"54","LIBELLE":"APP 0629-2","LONG_DD":"0.404507","LAT_DD":"46.863505","gx_media_l":null,"_sp_url":null},"geometry":{"type":"Point","coordinates":[0.4045070000000002,46.86350500000001,0.0]}},{"id":"336","type":"Feature","properties":{"Name":"AP V1 Km 62,970","descriptio":"Attributes\n  ETIQ  AP V1 Km 62,970 \n  NOM_ACCES  PTLO-L03-039a \n  AXE  LGV V1 \n  PK  62.97 \n  LONGITUDE  0°24'20.9335E \n  LATITUDE  46°51'46.4543N \n  LOT  03 \n  SEI  54 \n  LIBELLE  APP 0629-1 \n  LONG_DD  0.405815 \n  LAT_DD  46.862904","timestamp":null,"begin":null,"end":null,"altitudeMo":null,"tessellate":"-1","extrude":"0","visibility":"-1","drawOrder":null,"icon":null,"ETIQ":"AP V1 Km 62,970","NOM_ACCES":"PTLO-L03-039a","AXE":"LGV V1","PK":"62.97","LONGITUDE":"0°24'20.9335E","LATITUDE":"46°51'46.4543N","LOT":"03","SEI":"54","LIBELLE":"APP 0629-1","LONG_DD":"0.405815","LAT_DD":"46.862904","gx_media_l":null,"_sp_url":null},"geometry":{"type":"Point","coordinates":[0.40581500000000087,46.86290399999999,0.0]}},{"id":"337","type":"Feature","properties":{"Name":"AP V2 Km 63,815","descriptio":"Attributes\n  ETIQ  AP V2 Km 63,815 \n  NOM_ACCES  PTLO-L03-040 \n  AXE  LGV V2 \n  PK  63.815 \n  LONGITUDE  0°24'0.7887E \n  LATITUDE  46°51'22.4723N \n  LOT  03 \n  SEI  54 \n  LIBELLE  APP 0638-2 \n  LONG_DD  0.400219 \n  LAT_DD  46.856242","timestamp":null,"begin":null,"end":null,"altitudeMo":null,"tessellate":"-1","extrude":"0","visibility":"-1","drawOrder":null,"icon":null,"ETIQ":"AP V2 Km 63,815","NOM_ACCES":"PTLO-L03-040","AXE":"LGV V2","PK":"63.815","LONGITUDE":"0°24'0.7887E","LATITUDE":"46°51'22.4723N","LOT":"03","SEI":"54","LIBELLE":"APP 0638-2","LONG_DD":"0.400219","LAT_DD":"46.856242","gx_media_l":null,"_sp_url":null},"geometry":{"type":"Point","coordinates":[0.40021899999999977,46.85624200000001,0.0]}},{"id":"338","type":"Feature","properties":{"Name":"AP V1 Km 63,840","descriptio":"Attributes\n  ETIQ  AP V1 Km 63,840 \n  NOM_ACCES  PTLO-L03-041 \n  AXE  LGV V1 \n  PK  63.84 \n  LONGITUDE  0°24'3.089E \n  LATITUDE  46°51'21.63N \n  LOT  03 \n  SEI  54 \n  LIBELLE  APP 0638-1 \n  LONG_DD  0.400858 \n  LAT_DD  46.856008","timestamp":null,"begin":null,"end":null,"altitudeMo":null,"tessellate":"-1","extrude":"0","visibility":"-1","drawOrder":null,"icon":null,"ETIQ":"AP V1 Km 63,840","NOM_ACCES":"PTLO-L03-041","AXE":"LGV V1","PK":"63.84","LONGITUDE":"0°24'3.089E","LATITUDE":"46°51'21.63N","LOT":"03","SEI":"54","LIBELLE":"APP 0638-1","LONG_DD":"0.400858","LAT_DD":"46.856008","gx_media_l":null,"_sp_url":null},"geometry":{"type":"Point","coordinates":[0.40085800000000027,46.85600800000001,0.0]}},{"id":"339","type":"Feature","properties":{"Name":"AR V1 Km 64,050","descriptio":"Attributes\n  ETIQ  AR V1 Km 64,050 \n  NOM_ACCES  PTLA-L03-035 \n  AXE  LGV V1 \n  PK  64.05 \n  LONGITUDE  0°24'0.2683E \n  LATITUDE  46°51'17.6751N \n  LOT  03 \n  SEI  54 \n  LIBELLE  RRG 0640-1 \n  LONG_DD  0.400075 \n  LAT_DD  46.85491","timestamp":null,"begin":null,"end":null,"altitudeMo":null,"tessellate":"-1","extrude":"0","visibility":"-1","drawOrder":null,"icon":null,"ETIQ":"AR V1 Km 64,050","NOM_ACCES":"PTLA-L03-035","AXE":"LGV V1","PK":"64.05","LONGITUDE":"0°24'0.2683E","LATITUDE":"46°51'17.6751N","LOT":"03","SEI":"54","LIBELLE":"RRG 0640-1","LONG_DD":"0.400075","LAT_DD":"46.85491","gx_media_l":null,"_sp_url":null},"geometry":{"type":"Point","coordinates":[0.4000750000000001,46.85491000000001,0.0]}},{"id":"340","type":"Feature","properties":{"Name":"AR V2 Km 64,120","descriptio":"Attributes\n  ETIQ  AR V2 Km 64,120 \n  NOM_ACCES  PTLA-L03-030 \n  AXE  LGV V2 \n  PK  64.12 \n  LONGITUDE  0°23'51.5305E \n  LATITUDE  46°51'10.5371N \n  LOT  03 \n  SEI  54 \n  LIBELLE  RRG 0641-2 \n  LONG_DD  0.397647 \n  LAT_DD  46.852927","timestamp":null,"begin":null,"end":null,"altitudeMo":null,"tessellate":"-1","extrude":"0","visibility":"-1","drawOrder":null,"icon":null,"ETIQ":"AR V2 Km 64,120","NOM_ACCES":"PTLA-L03-030","AXE":"LGV V2","PK":"64.12","LONGITUDE":"0°23'51.5305E","LATITUDE":"46°51'10.5371N","LOT":"03","SEI":"54","LIBELLE":"RRG 0641-2","LONG_DD":"0.397647","LAT_DD":"46.852927","gx_media_l":null,"_sp_url":null},"geometry":{"type":"Point","coordinates":[0.3976469999999999,46.852927000000015,0.0]}},{"id":"341","type":"Feature","properties":{"Name":"AR V1 Km 64,675","descriptio":"Attributes\n  ETIQ  AR V1 Km 64,675 \n  NOM_ACCES  PTLA-L03-039 \n  AXE  LGV V1 \n  PK  64.675 \n  LONGITUDE  0°23'44.9121E \n  LATITUDE  46°50'55.7203N \n  LOT  03 \n  SEI  54 \n  LIBELLE  ARP 0646-1 \n  LONG_DD  0.395809 \n  LAT_DD  46.848811","timestamp":null,"begin":null,"end":null,"altitudeMo":null,"tessellate":"-1","extrude":"0","visibility":"-1","drawOrder":null,"icon":null,"ETIQ":"AR V1 Km 64,675","NOM_ACCES":"PTLA-L03-039","AXE":"LGV V1","PK":"64.675","LONGITUDE":"0°23'44.9121E","LATITUDE":"46°50'55.7203N","LOT":"03","SEI":"54","LIBELLE":"ARP 0646-1","LONG_DD":"0.395809","LAT_DD":"46.848811","gx_media_l":null,"_sp_url":null},"geometry":{"type":"Point","coordinates":[0.39580899999999924,46.84881100000002,0.0]}},{"id":"342","type":"Feature","properties":{"Name":"AP V2 Km 65,195","descriptio":"Attributes\n  ETIQ  AP V2 Km 65,195 \n  NOM_ACCES  PTLO-L03-042 \n  AXE  LGV V2 \n  PK  65.195 \n  LONGITUDE  0°23'33.9091E \n  LATITUDE  46°50'41.7597N \n  LOT  03 \n  SEI  54 \n  LIBELLE  APP 0651-2 \n  LONG_DD  0.392753 \n  LAT_DD  46.844933","timestamp":null,"begin":null,"end":null,"altitudeMo":null,"tessellate":"-1","extrude":"0","visibility":"-1","drawOrder":null,"icon":null,"ETIQ":"AP V2 Km 65,195","NOM_ACCES":"PTLO-L03-042","AXE":"LGV V2","PK":"65.195","LONGITUDE":"0°23'33.9091E","LATITUDE":"46°50'41.7597N","LOT":"03","SEI":"54","LIBELLE":"APP 0651-2","LONG_DD":"0.392753","LAT_DD":"46.844933","gx_media_l":null,"_sp_url":null},"geometry":{"type":"Point","coordinates":[0.3927530000000003,46.84493299999999,0.0]}},{"id":"343","type":"Feature","properties":{"Name":"AP V1 Km 65,200","descriptio":"Attributes\n  ETIQ  AP V1 Km 65,200 \n  NOM_ACCES  PTLO-L03-043 \n  AXE  LGV V1 \n  PK  65.2 \n  LONGITUDE  0°23'36.1535E \n  LATITUDE  46°50'42.3746N \n  LOT  03 \n  SEI  54 \n  LIBELLE  APP 0652-1 \n  LONG_DD  0.393376 \n  LAT_DD  46.845104","timestamp":null,"begin":null,"end":null,"altitudeMo":null,"tessellate":"-1","extrude":"0","visibility":"-1","drawOrder":null,"icon":null,"ETIQ":"AP V1 Km 65,200","NOM_ACCES":"PTLO-L03-043","AXE":"LGV V1","PK":"65.2","LONGITUDE":"0°23'36.1535E","LATITUDE":"46°50'42.3746N","LOT":"03","SEI":"54","LIBELLE":"APP 0652-1","LONG_DD":"0.393376","LAT_DD":"46.845104","gx_media_l":null,"_sp_url":null},"geometry":{"type":"Point","coordinates":[0.3933759999999995,46.845103999999985,0.0]}},{"id":"344","type":"Feature","properties":{"Name":"AR V1 Km 66,050","descriptio":"Attributes\n  ETIQ  AR V1 Km 66,050 \n  NOM_ACCES  PTLA-L03-041 \n  AXE  LGV V1 \n  PK  66.05 \n  LONGITUDE  0°23'23.2857E \n  LATITUDE  46°50'10.7047N \n  LOT  03 \n  SEI  54 \n  LIBELLE  ARP 0660-1 \n  LONG_DD  0.389802 \n  LAT_DD  46.836307","timestamp":null,"begin":null,"end":null,"altitudeMo":null,"tessellate":"-1","extrude":"0","visibility":"-1","drawOrder":null,"icon":null,"ETIQ":"AR V1 Km 66,050","NOM_ACCES":"PTLA-L03-041","AXE":"LGV V1","PK":"66.05","LONGITUDE":"0°23'23.2857E","LATITUDE":"46°50'10.7047N","LOT":"03","SEI":"54","LIBELLE":"ARP 0660-1","LONG_DD":"0.389802","LAT_DD":"46.836307","gx_media_l":null,"_sp_url":null},"geometry":{"type":"Point","coordinates":[0.3898020000000003,46.836307000000005,0.0]}},{"id":"345","type":"Feature","properties":{"Name":"AR V2 Km 66,050","descriptio":"Attributes\n  ETIQ  AR V2 Km 66,050 \n  NOM_ACCES  PTLA-L03-032 \n  AXE  LGV V2 \n  PK  66.05 \n  LONGITUDE  0°23'19.3252E \n  LATITUDE  46°50'10.2629N \n  LOT  03 \n  SEI  54 \n  LIBELLE  ARP 0660-2 \n  LONG_DD  0.388701 \n  LAT_DD  46.836184","timestamp":null,"begin":null,"end":null,"altitudeMo":null,"tessellate":"-1","extrude":"0","visibility":"-1","drawOrder":null,"icon":null,"ETIQ":"AR V2 Km 66,050","NOM_ACCES":"PTLA-L03-032","AXE":"LGV V2","PK":"66.05","LONGITUDE":"0°23'19.3252E","LATITUDE":"46°50'10.2629N","LOT":"03","SEI":"54","LIBELLE":"ARP 0660-2","LONG_DD":"0.388701","LAT_DD":"46.836184","gx_media_l":null,"_sp_url":null},"geometry":{"type":"Point","coordinates":[0.38870100000000074,46.836184,0.0]}},{"id":"346","type":"Feature","properties":{"Name":"AP V1 Km 66,895","descriptio":"Attributes\n  ETIQ  AP V1 Km 66,895 \n  NOM_ACCES  PTLO-L03-045 \n  AXE  LGV V1 \n  PK  66.895 \n  LONGITUDE  0°23'17.3831E \n  LATITUDE  46°49'47.8304N \n  LOT  03 \n  SEI  54 \n  LIBELLE  APP 0668-1 \n  LONG_DD  0.388162 \n  LAT_DD  46.829953","timestamp":null,"begin":null,"end":null,"altitudeMo":null,"tessellate":"-1","extrude":"0","visibility":"-1","drawOrder":null,"icon":null,"ETIQ":"AP V1 Km 66,895","NOM_ACCES":"PTLO-L03-045","AXE":"LGV V1","PK":"66.895","LONGITUDE":"0°23'17.3831E","LATITUDE":"46°49'47.8304N","LOT":"03","SEI":"54","LIBELLE":"APP 0668-1","LONG_DD":"0.388162","LAT_DD":"46.829953","gx_media_l":null,"_sp_url":null},"geometry":{"type":"Point","coordinates":[0.3881620000000005,46.82995300000002,0.0]}},{"id":"347","type":"Feature","properties":{"Name":"AP V2 Km 66,895","descriptio":"Attributes\n  ETIQ  AP V2 Km 66,895 \n  NOM_ACCES  PTLO-L03-044 \n  AXE  LGV V2 \n  PK  66.895 \n  LONGITUDE  0°23'15.4108E \n  LATITUDE  46°49'47.8605N \n  LOT  03 \n  SEI  54 \n  LIBELLE  APP 0668-2 \n  LONG_DD  0.387614 \n  LAT_DD  46.829961","timestamp":null,"begin":null,"end":null,"altitudeMo":null,"tessellate":"-1","extrude":"0","visibility":"-1","drawOrder":null,"icon":null,"ETIQ":"AP V2 Km 66,895","NOM_ACCES":"PTLO-L03-044","AXE":"LGV V2","PK":"66.895","LONGITUDE":"0°23'15.4108E","LATITUDE":"46°49'47.8605N","LOT":"03","SEI":"54","LIBELLE":"APP 0668-2","LONG_DD":"0.387614","LAT_DD":"46.829961","gx_media_l":null,"_sp_url":null},"geometry":{"type":"Point","coordinates":[0.38761400000000085,46.829961,0.0]}},{"id":"348","type":"Feature","properties":{"Name":"AR V1 Km 67,566","descriptio":"Attributes\n  ETIQ  AR V1 Km 67,566 \n  NOM_ACCES  PTLA-L03-043 \n  AXE  LGV V1 \n  PK  67.566 \n  LONGITUDE  0°23'16.3304E \n  LATITUDE  46°49'25.1948N \n  LOT  03 \n  SEI  54 \n  LIBELLE  ARP 0675-1 \n  LONG_DD  0.38787 \n  LAT_DD  46.823665","timestamp":null,"begin":null,"end":null,"altitudeMo":null,"tessellate":"-1","extrude":"0","visibility":"-1","drawOrder":null,"icon":null,"ETIQ":"AR V1 Km 67,566","NOM_ACCES":"PTLA-L03-043","AXE":"LGV V1","PK":"67.566","LONGITUDE":"0°23'16.3304E","LATITUDE":"46°49'25.1948N","LOT":"03","SEI":"54","LIBELLE":"ARP 0675-1","LONG_DD":"0.38787","LAT_DD":"46.823665","gx_media_l":null,"_sp_url":null},"geometry":{"type":"Point","coordinates":[0.3878700000000005,46.823665000000005,0.0]}},{"id":"349","type":"Feature","properties":{"Name":"AR V2 Km 67,600","descriptio":"Attributes\n  ETIQ  AR V2 Km 67,600 \n  NOM_ACCES  PTLA-L03-034 \n  AXE  LGV V2 \n  PK  67.6 \n  LONGITUDE  0°23'12.6639E \n  LATITUDE  46°49'24.0381N \n  LOT  03 \n  SEI  54 \n  LIBELLE  ARP 0676-2 \n  LONG_DD  0.386851 \n  LAT_DD  46.823344","timestamp":null,"begin":null,"end":null,"altitudeMo":null,"tessellate":"-1","extrude":"0","visibility":"-1","drawOrder":null,"icon":null,"ETIQ":"AR V2 Km 67,600","NOM_ACCES":"PTLA-L03-034","AXE":"LGV V2","PK":"67.6","LONGITUDE":"0°23'12.6639E","LATITUDE":"46°49'24.0381N","LOT":"03","SEI":"54","LIBELLE":"ARP 0676-2","LONG_DD":"0.386851","LAT_DD":"46.823344","gx_media_l":null,"_sp_url":null},"geometry":{"type":"Point","coordinates":[0.3868510000000007,46.82334400000001,0.0]}},{"id":"350","type":"Feature","properties":{"Name":"AP V2 Km 68,170","descriptio":"Attributes\n  ETIQ  AP V2 Km 68,170 \n  NOM_ACCES  PTLO-L03-044a \n  AXE  LGV V2 \n  PK  68.17 \n  LONGITUDE  0°23'13.3508E \n  LATITUDE  46°49'6.8549N \n  LOT  03 \n  SEI  54 \n  LIBELLE  APP 0681-2 \n  LONG_DD  0.387042 \n  LAT_DD  46.818571","timestamp":null,"begin":null,"end":null,"altitudeMo":null,"tessellate":"-1","extrude":"0","visibility":"-1","drawOrder":null,"icon":null,"ETIQ":"AP V2 Km 68,170","NOM_ACCES":"PTLO-L03-044a","AXE":"LGV V2","PK":"68.17","LONGITUDE":"0°23'13.3508E","LATITUDE":"46°49'6.8549N","LOT":"03","SEI":"54","LIBELLE":"APP 0681-2","LONG_DD":"0.387042","LAT_DD":"46.818571","gx_media_l":null,"_sp_url":null},"geometry":{"type":"Point","coordinates":[0.38704200000000055,46.818571000000006,0.0]}},{"id":"351","type":"Feature","properties":{"Name":"AP V2 Km 68,605","descriptio":"Attributes\n  ETIQ  AP V2 Km 68,605 \n  NOM_ACCES  PTLO-L03-046 \n  AXE  LGV V2 \n  PK  68.605 \n  LONGITUDE  0°23'14.4028E \n  LATITUDE  46°48'51.6481N \n  LOT  03 \n  SEI  54 \n  LIBELLE  APP 0686-2 \n  LONG_DD  0.387334 \n  LAT_DD  46.814347","timestamp":null,"begin":null,"end":null,"altitudeMo":null,"tessellate":"-1","extrude":"0","visibility":"-1","drawOrder":null,"icon":null,"ETIQ":"AP V2 Km 68,605","NOM_ACCES":"PTLO-L03-046","AXE":"LGV V2","PK":"68.605","LONGITUDE":"0°23'14.4028E","LATITUDE":"46°48'51.6481N","LOT":"03","SEI":"54","LIBELLE":"APP 0686-2","LONG_DD":"0.387334","LAT_DD":"46.814347","gx_media_l":null,"_sp_url":null},"geometry":{"type":"Point","coordinates":[0.3873340000000002,46.814347000000005,0.0]}},{"id":"352","type":"Feature","properties":{"Name":"AP V1 Km 68,620","descriptio":"Attributes\n  ETIQ  AP V1 Km 68,620 \n  NOM_ACCES  PTLO-L03-047 \n  AXE  LGV V1 \n  PK  68.62 \n  LONGITUDE  0°23'17.0656E \n  LATITUDE  46°48'51.5997N \n  LOT  03 \n  SEI  54 \n  LIBELLE  APP 0686-1 \n  LONG_DD  0.388074 \n  LAT_DD  46.814333","timestamp":null,"begin":null,"end":null,"altitudeMo":null,"tessellate":"-1","extrude":"0","visibility":"-1","drawOrder":null,"icon":null,"ETIQ":"AP V1 Km 68,620","NOM_ACCES":"PTLO-L03-047","AXE":"LGV V1","PK":"68.62","LONGITUDE":"0°23'17.0656E","LATITUDE":"46°48'51.5997N","LOT":"03","SEI":"54","LIBELLE":"APP 0686-1","LONG_DD":"0.388074","LAT_DD":"46.814333","gx_media_l":null,"_sp_url":null},"geometry":{"type":"Point","coordinates":[0.38807400000000003,46.81433299999999,0.0]}},{"id":"353","type":"Feature","properties":{"Name":"AR V2 Km 69,121","descriptio":"Attributes\n  ETIQ  AR V2 Km 69,121 \n  NOM_ACCES  PTLA-L04-036 \n  AXE  LGV V2 \n  PK  69.121 \n  LONGITUDE  0°23'15.0293E \n  LATITUDE  46°48'37.5941N \n  LOT  04 \n  SEI  54 \n  LIBELLE  RRL 0691-2 \n  LONG_DD  0.387508 \n  LAT_DD  46.810443","timestamp":null,"begin":null,"end":null,"altitudeMo":null,"tessellate":"-1","extrude":"0","visibility":"-1","drawOrder":null,"icon":null,"ETIQ":"AR V2 Km 69,121","NOM_ACCES":"PTLA-L04-036","AXE":"LGV V2","PK":"69.121","LONGITUDE":"0°23'15.0293E","LATITUDE":"46°48'37.5941N","LOT":"04","SEI":"54","LIBELLE":"RRL 0691-2","LONG_DD":"0.387508","LAT_DD":"46.810443","gx_media_l":null,"_sp_url":null},"geometry":{"type":"Point","coordinates":[0.3875080000000008,46.810443,0.0]}},{"id":"354","type":"Feature","properties":{"Name":"AP V1 Km 69,152","descriptio":"Attributes\n  ETIQ  AP V1 Km 69,152 \n  NOM_ACCES  PTLA-L04-001 \n  AXE  LGV V1 \n  PK  69.152 \n  LONGITUDE  0°23'19.1434E \n  LATITUDE  46°48'36.6284N \n  LOT  04 \n  SEI  54 \n  LIBELLE  APP 0691-1 \n  LONG_DD  0.388651 \n  LAT_DD  46.810175","timestamp":null,"begin":null,"end":null,"altitudeMo":null,"tessellate":"-1","extrude":"0","visibility":"-1","drawOrder":null,"icon":null,"ETIQ":"AP V1 Km 69,152","NOM_ACCES":"PTLA-L04-001","AXE":"LGV V1","PK":"69.152","LONGITUDE":"0°23'19.1434E","LATITUDE":"46°48'36.6284N","LOT":"04","SEI":"54","LIBELLE":"APP 0691-1","LONG_DD":"0.388651","LAT_DD":"46.810175","gx_media_l":null,"_sp_url":null},"geometry":{"type":"Point","coordinates":[0.3886510000000014,46.810175,0.0]}},{"id":"355","type":"Feature","properties":{"Name":"AP V2 Km 69,870","descriptio":"Attributes\n  ETIQ  AP V2 Km 69,870 \n  NOM_ACCES  PTLO-L04-002 \n  AXE  LGV V2 \n  PK  69.87 \n  LONGITUDE  0°23'15.501E \n  LATITUDE  46°48'11.6553N \n  LOT  04 \n  SEI  54 \n  LIBELLE  APP 0698-2 \n  LONG_DD  0.387639 \n  LAT_DD  46.803238","timestamp":null,"begin":null,"end":null,"altitudeMo":null,"tessellate":"-1","extrude":"0","visibility":"-1","drawOrder":null,"icon":null,"ETIQ":"AP V2 Km 69,870","NOM_ACCES":"PTLO-L04-002","AXE":"LGV V2","PK":"69.87","LONGITUDE":"0°23'15.501E","LATITUDE":"46°48'11.6553N","LOT":"04","SEI":"54","LIBELLE":"APP 0698-2","LONG_DD":"0.387639","LAT_DD":"46.803238","gx_media_l":null,"_sp_url":null},"geometry":{"type":"Point","coordinates":[0.3876390000000003,46.80323800000001,0.0]}},{"id":"356","type":"Feature","properties":{"Name":"AP V1 Km 69,895","descriptio":"Attributes\n  ETIQ  AP V1 Km 69,895 \n  NOM_ACCES  PTLO-L04-001 \n  AXE  LGV V1 \n  PK  69.895 \n  LONGITUDE  0°23'18.3331E \n  LATITUDE  46°48'10.9246N \n  LOT  04 \n  SEI  54 \n  LIBELLE  APP 0698-1 \n  LONG_DD  0.388426 \n  LAT_DD  46.803035","timestamp":null,"begin":null,"end":null,"altitudeMo":null,"tessellate":"-1","extrude":"0","visibility":"-1","drawOrder":null,"icon":null,"ETIQ":"AP V1 Km 69,895","NOM_ACCES":"PTLO-L04-001","AXE":"LGV V1","PK":"69.895","LONGITUDE":"0°23'18.3331E","LATITUDE":"46°48'10.9246N","LOT":"04","SEI":"54","LIBELLE":"APP 0698-1","LONG_DD":"0.388426","LAT_DD":"46.803035","gx_media_l":null,"_sp_url":null},"geometry":{"type":"Point","coordinates":[0.38842599999999994,46.803034999999994,0.0]}},{"id":"357","type":"Feature","properties":{"Name":"AP V2 Km 71,020","descriptio":"Attributes\n  ETIQ  AP V2 Km 71,020 \n  NOM_ACCES  PTLO-L04-004 \n  AXE  LGV V2 \n  PK  71.02 \n  LONGITUDE  0°23'17.6288E \n  LATITUDE  46°47'34.7286N \n  LOT  04 \n  SEI  54 \n  LIBELLE  APP 0710-2 \n  LONG_DD  0.38823 \n  LAT_DD  46.79298","timestamp":null,"begin":null,"end":null,"altitudeMo":null,"tessellate":"-1","extrude":"0","visibility":"-1","drawOrder":null,"icon":null,"ETIQ":"AP V2 Km 71,020","NOM_ACCES":"PTLO-L04-004","AXE":"LGV V2","PK":"71.02","LONGITUDE":"0°23'17.6288E","LATITUDE":"46°47'34.7286N","LOT":"04","SEI":"54","LIBELLE":"APP 0710-2","LONG_DD":"0.38823","LAT_DD":"46.79298","gx_media_l":null,"_sp_url":null},"geometry":{"type":"Point","coordinates":[0.3882299999999998,46.79297999999999,0.0]}},{"id":"358","type":"Feature","properties":{"Name":"AP V1 Km 71,030","descriptio":"Attributes\n  ETIQ  AP V1 Km 71,030 \n  NOM_ACCES  PTLO-L04-003 \n  AXE  LGV V1 \n  PK  71.03 \n  LONGITUDE  0°23'19.2584E \n  LATITUDE  46°47'34.1496N \n  LOT  04 \n  SEI  54 \n  LIBELLE  APP 0710-1 \n  LONG_DD  0.388683 \n  LAT_DD  46.792819","timestamp":null,"begin":null,"end":null,"altitudeMo":null,"tessellate":"-1","extrude":"0","visibility":"-1","drawOrder":null,"icon":null,"ETIQ":"AP V1 Km 71,030","NOM_ACCES":"PTLO-L04-003","AXE":"LGV V1","PK":"71.03","LONGITUDE":"0°23'19.2584E","LATITUDE":"46°47'34.1496N","LOT":"04","SEI":"54","LIBELLE":"APP 0710-1","LONG_DD":"0.388683","LAT_DD":"46.792819","gx_media_l":null,"_sp_url":null},"geometry":{"type":"Point","coordinates":[0.38868299999999956,46.792819,0.0]}},{"id":"359","type":"Feature","properties":{"Name":"AR V1 Km 71,500","descriptio":"Attributes\n  ETIQ  AR V1 Km 71,500 \n  NOM_ACCES  PTLA-L04-003 \n  AXE  LGV V1 \n  PK  71.5 \n  LONGITUDE  0°23'20.8501E \n  LATITUDE  46°47'20.3592N \n  LOT  04 \n  SEI  54 \n  LIBELLE  ARP 0715-1 \n  LONG_DD  0.389125 \n  LAT_DD  46.788989","timestamp":null,"begin":null,"end":null,"altitudeMo":null,"tessellate":"-1","extrude":"0","visibility":"-1","drawOrder":null,"icon":null,"ETIQ":"AR V1 Km 71,500","NOM_ACCES":"PTLA-L04-003","AXE":"LGV V1","PK":"71.5","LONGITUDE":"0°23'20.8501E","LATITUDE":"46°47'20.3592N","LOT":"04","SEI":"54","LIBELLE":"ARP 0715-1","LONG_DD":"0.389125","LAT_DD":"46.788989","gx_media_l":null,"_sp_url":null},"geometry":{"type":"Point","coordinates":[0.3891250000000003,46.788988999999994,0.0]}},{"id":"360","type":"Feature","properties":{"Name":"AR V2 Km 71,500","descriptio":"Attributes\n  ETIQ  AR V2 Km 71,500 \n  NOM_ACCES  PTLA-L04-002 \n  AXE  LGV V2 \n  PK  71.5 \n  LONGITUDE  0°23'17.1309E \n  LATITUDE  46°47'21.1351N \n  LOT  04 \n  SEI  54 \n  LIBELLE  ARP 0715-2 \n  LONG_DD  0.388092 \n  LAT_DD  46.789204","timestamp":null,"begin":null,"end":null,"altitudeMo":null,"tessellate":"-1","extrude":"0","visibility":"-1","drawOrder":null,"icon":null,"ETIQ":"AR V2 Km 71,500","NOM_ACCES":"PTLA-L04-002","AXE":"LGV V2","PK":"71.5","LONGITUDE":"0°23'17.1309E","LATITUDE":"46°47'21.1351N","LOT":"04","SEI":"54","LIBELLE":"ARP 0715-2","LONG_DD":"0.388092","LAT_DD":"46.789204","gx_media_l":null,"_sp_url":null},"geometry":{"type":"Point","coordinates":[0.38809200000000044,46.78920399999999,0.0]}},{"id":"361","type":"Feature","properties":{"Name":"AP V2 Km 71,860","descriptio":"Attributes\n  ETIQ  AP V2 Km 71,860 \n  NOM_ACCES  PTLO-L04-004a \n  AXE  LGV V2 \n  PK  71.86 \n  LONGITUDE  0°23'21.128E \n  LATITUDE  46°47'7.3183N \n  LOT  04 \n  SEI  54 \n  LIBELLE  APP 0718-2 \n  LONG_DD  0.389202 \n  LAT_DD  46.785366","timestamp":null,"begin":null,"end":null,"altitudeMo":null,"tessellate":"-1","extrude":"0","visibility":"-1","drawOrder":null,"icon":null,"ETIQ":"AP V2 Km 71,860","NOM_ACCES":"PTLO-L04-004a","AXE":"LGV V2","PK":"71.86","LONGITUDE":"0°23'21.128E","LATITUDE":"46°47'7.3183N","LOT":"04","SEI":"54","LIBELLE":"APP 0718-2","LONG_DD":"0.389202","LAT_DD":"46.785366","gx_media_l":null,"_sp_url":null},"geometry":{"type":"Point","coordinates":[0.389202000000001,46.785365999999996,0.0]}},{"id":"362","type":"Feature","properties":{"Name":"AP V1 Km 72,420","descriptio":"Attributes\n  ETIQ  AP V1 Km 72,420 \n  NOM_ACCES  PTLO-L04-005 \n  AXE  LGV V1 \n  PK  72.42 \n  LONGITUDE  0°23'26.9339E \n  LATITUDE  46°46'49.4947N \n  LOT  04 \n  SEI  54 \n  LIBELLE  APP 0724-1 \n  LONG_DD  0.390815 \n  LAT_DD  46.780415","timestamp":null,"begin":null,"end":null,"altitudeMo":null,"tessellate":"-1","extrude":"0","visibility":"-1","drawOrder":null,"icon":null,"ETIQ":"AP V1 Km 72,420","NOM_ACCES":"PTLO-L04-005","AXE":"LGV V1","PK":"72.42","LONGITUDE":"0°23'26.9339E","LATITUDE":"46°46'49.4947N","LOT":"04","SEI":"54","LIBELLE":"APP 0724-1","LONG_DD":"0.390815","LAT_DD":"46.780415","gx_media_l":null,"_sp_url":null},"geometry":{"type":"Point","coordinates":[0.3908150000000006,46.78041499999999,0.0]}},{"id":"363","type":"Feature","properties":{"Name":"AP V2 Km 72,460","descriptio":"Attributes\n  ETIQ  AP V2 Km 72,460 \n  NOM_ACCES  PTLO-L04-006 \n  AXE  LGV V2 \n  PK  72.46 \n  LONGITUDE  0°23'25.3517E \n  LATITUDE  46°46'48.0017N \n  LOT  04 \n  SEI  54 \n  LIBELLE  APP 0724-2 \n  LONG_DD  0.390375 \n  LAT_DD  46.78","timestamp":null,"begin":null,"end":null,"altitudeMo":null,"tessellate":"-1","extrude":"0","visibility":"-1","drawOrder":null,"icon":null,"ETIQ":"AP V2 Km 72,460","NOM_ACCES":"PTLO-L04-006","AXE":"LGV V2","PK":"72.46","LONGITUDE":"0°23'25.3517E","LATITUDE":"46°46'48.0017N","LOT":"04","SEI":"54","LIBELLE":"APP 0724-2","LONG_DD":"0.390375","LAT_DD":"46.78","gx_media_l":null,"_sp_url":null},"geometry":{"type":"Point","coordinates":[0.390375000000001,46.779999999999994,0.0]}},{"id":"364","type":"Feature","properties":{"Name":"AR V2 Km 73,450","descriptio":"Attributes\n  ETIQ  AR V2 Km 73,450 \n  NOM_ACCES  PTLA-L04-004 \n  AXE  LGV V2 \n  PK  73.45 \n  LONGITUDE  0°23'31.4289E \n  LATITUDE  46°46'14.2456N \n  LOT  04 \n  SEI  54 \n  LIBELLE  ARP 0734-2 \n  LONG_DD  0.392064 \n  LAT_DD  46.770624","timestamp":null,"begin":null,"end":null,"altitudeMo":null,"tessellate":"-1","extrude":"0","visibility":"-1","drawOrder":null,"icon":null,"ETIQ":"AR V2 Km 73,450","NOM_ACCES":"PTLA-L04-004","AXE":"LGV V2","PK":"73.45","LONGITUDE":"0°23'31.4289E","LATITUDE":"46°46'14.2456N","LOT":"04","SEI":"54","LIBELLE":"ARP 0734-2","LONG_DD":"0.392064","LAT_DD":"46.770624","gx_media_l":null,"_sp_url":null},"geometry":{"type":"Point","coordinates":[0.39206400000000097,46.770624000000005,0.0]}},{"id":"365","type":"Feature","properties":{"Name":"AR V1 Km 73,580","descriptio":"Attributes\n  ETIQ  AR V1 Km 73,580 \n  NOM_ACCES  PTLA-L04-005 \n  AXE  LGV V1 \n  PK  73.58 \n  LONGITUDE  0°23'36.2851E \n  LATITUDE  46°46'11.2997N \n  LOT  04 \n  SEI  55 \n  LIBELLE  ARP 0735-1 \n  LONG_DD  0.393413 \n  LAT_DD  46.769805","timestamp":null,"begin":null,"end":null,"altitudeMo":null,"tessellate":"-1","extrude":"0","visibility":"-1","drawOrder":null,"icon":null,"ETIQ":"AR V1 Km 73,580","NOM_ACCES":"PTLA-L04-005","AXE":"LGV V1","PK":"73.58","LONGITUDE":"0°23'36.2851E","LATITUDE":"46°46'11.2997N","LOT":"04","SEI":"55","LIBELLE":"ARP 0735-1","LONG_DD":"0.393413","LAT_DD":"46.769805","gx_media_l":null,"_sp_url":null},"geometry":{"type":"Point","coordinates":[0.3934129999999999,46.769805,0.0]}},{"id":"366","type":"Feature","properties":{"Name":"AP V2 Km 74,060","descriptio":"Attributes\n  ETIQ  AP V2 Km 74,060 \n  NOM_ACCES  PTLO-L04-008 \n  AXE  LGV V2 \n  PK  74.06 \n  LONGITUDE  0°23'37.0013E \n  LATITUDE  46°45'56.7952N \n  LOT  04 \n  SEI  55 \n  LIBELLE  APP 0740-2 \n  LONG_DD  0.393611 \n  LAT_DD  46.765776","timestamp":null,"begin":null,"end":null,"altitudeMo":null,"tessellate":"-1","extrude":"0","visibility":"-1","drawOrder":null,"icon":null,"ETIQ":"AP V2 Km 74,060","NOM_ACCES":"PTLO-L04-008","AXE":"LGV V2","PK":"74.06","LONGITUDE":"0°23'37.0013E","LATITUDE":"46°45'56.7952N","LOT":"04","SEI":"55","LIBELLE":"APP 0740-2","LONG_DD":"0.393611","LAT_DD":"46.765776","gx_media_l":null,"_sp_url":null},"geometry":{"type":"Point","coordinates":[0.3936110000000004,46.765775999999995,0.0]}},{"id":"367","type":"Feature","properties":{"Name":"AR V1 Km 74,842","descriptio":"Attributes\n  ETIQ  AR V1 Km 74,842 \n  NOM_ACCES  PTLA-L04-007 \n  AXE  LGV V1 \n  PK  74.842 \n  LONGITUDE  0°23'40.7982E \n  LATITUDE  46°45'30.5873N \n  LOT  04 \n  SEI  55 \n  LIBELLE  RRG 0748-1 \n  LONG_DD  0.394666 \n  LAT_DD  46.758496","timestamp":null,"begin":null,"end":null,"altitudeMo":null,"tessellate":"-1","extrude":"0","visibility":"-1","drawOrder":null,"icon":null,"ETIQ":"AR V1 Km 74,842","NOM_ACCES":"PTLA-L04-007","AXE":"LGV V1","PK":"74.842","LONGITUDE":"0°23'40.7982E","LATITUDE":"46°45'30.5873N","LOT":"04","SEI":"55","LIBELLE":"RRG 0748-1","LONG_DD":"0.394666","LAT_DD":"46.758496","gx_media_l":null,"_sp_url":null},"geometry":{"type":"Point","coordinates":[0.39466600000000057,46.75849600000001,0.0]}},{"id":"368","type":"Feature","properties":{"Name":"AR V2 Km 74,870","descriptio":"Attributes\n  ETIQ  AR V2 Km 74,870 \n  NOM_ACCES  PTLA-L04-006 \n  AXE  LGV V2 \n  PK  74.87 \n  LONGITUDE  0°23'37.0235E \n  LATITUDE  46°45'34.1062N \n  LOT  04 \n  SEI  55 \n  LIBELLE  RRG 0748-2 \n  LONG_DD  0.393618 \n  LAT_DD  46.759474","timestamp":null,"begin":null,"end":null,"altitudeMo":null,"tessellate":"-1","extrude":"0","visibility":"-1","drawOrder":null,"icon":null,"ETIQ":"AR V2 Km 74,870","NOM_ACCES":"PTLA-L04-006","AXE":"LGV V2","PK":"74.87","LONGITUDE":"0°23'37.0235E","LATITUDE":"46°45'34.1062N","LOT":"04","SEI":"55","LIBELLE":"RRG 0748-2","LONG_DD":"0.393618","LAT_DD":"46.759474","gx_media_l":null,"_sp_url":null},"geometry":{"type":"Point","coordinates":[0.39361800000000025,46.75947400000001,0.0]}},{"id":"369","type":"Feature","properties":{"Name":"AR V1 Km 75,028","descriptio":"Attributes\n  ETIQ  AR V1 Km 75,028 \n  NOM_ACCES  PTLA-L04-007 \n  AXE  LGV V1 \n  PK  75.028 \n  LONGITUDE  0°23'40.7982E \n  LATITUDE  46°45'30.5873N \n  LOT  04 \n  SEI  55 \n  LIBELLE  ARP 0750-1 \n  LONG_DD  0.394666 \n  LAT_DD  46.758496","timestamp":null,"begin":null,"end":null,"altitudeMo":null,"tessellate":"-1","extrude":"0","visibility":"-1","drawOrder":null,"icon":null,"ETIQ":"AR V1 Km 75,028","NOM_ACCES":"PTLA-L04-007","AXE":"LGV V1","PK":"75.028","LONGITUDE":"0°23'40.7982E","LATITUDE":"46°45'30.5873N","LOT":"04","SEI":"55","LIBELLE":"ARP 0750-1","LONG_DD":"0.394666","LAT_DD":"46.758496","gx_media_l":null,"_sp_url":null},"geometry":{"type":"Point","coordinates":[0.39466600000000057,46.75849600000001,0.0]}},{"id":"370","type":"Feature","properties":{"Name":"AP V2 Km 75,030","descriptio":"Attributes\n  ETIQ  AP V2 Km 75,030 \n  NOM_ACCES  PTLA-L04-006 \n  AXE  LGV V2 \n  PK  75.03 \n  LONGITUDE  0°23'37.0235E \n  LATITUDE  46°45'34.1062N \n  LOT  04 \n  SEI  55 \n  LIBELLE  APP 0750-2 \n  LONG_DD  0.393618 \n  LAT_DD  46.759474","timestamp":null,"begin":null,"end":null,"altitudeMo":null,"tessellate":"-1","extrude":"0","visibility":"-1","drawOrder":null,"icon":null,"ETIQ":"AP V2 Km 75,030","NOM_ACCES":"PTLA-L04-006","AXE":"LGV V2","PK":"75.03","LONGITUDE":"0°23'37.0235E","LATITUDE":"46°45'34.1062N","LOT":"04","SEI":"55","LIBELLE":"APP 0750-2","LONG_DD":"0.393618","LAT_DD":"46.759474","gx_media_l":null,"_sp_url":null},"geometry":{"type":"Point","coordinates":[0.39361800000000025,46.75947400000001,0.0]}},{"id":"371","type":"Feature","properties":{"Name":"AR V2 Km 75,235","descriptio":"Attributes\n  ETIQ  AR V2 Km 75,235 \n  NOM_ACCES  PTLA-L04-008 \n  AXE  LGV V2 \n  PK  75.235 \n  LONGITUDE  0°23'35.7738E \n  LATITUDE  46°45'12.6083N \n  LOT  04 \n  SEI  55 \n  LIBELLE  ARP 0752-2 \n  LONG_DD  0.393271 \n  LAT_DD  46.753502","timestamp":null,"begin":null,"end":null,"altitudeMo":null,"tessellate":"-1","extrude":"0","visibility":"-1","drawOrder":null,"icon":null,"ETIQ":"AR V2 Km 75,235","NOM_ACCES":"PTLA-L04-008","AXE":"LGV V2","PK":"75.235","LONGITUDE":"0°23'35.7738E","LATITUDE":"46°45'12.6083N","LOT":"04","SEI":"55","LIBELLE":"ARP 0752-2","LONG_DD":"0.393271","LAT_DD":"46.753502","gx_media_l":null,"_sp_url":null},"geometry":{"type":"Point","coordinates":[0.3932710000000002,46.75350199999999,0.0]}},{"id":"372","type":"Feature","properties":{"Name":"AP V1 Km 75,250","descriptio":"Attributes\n  ETIQ  AP V1 Km 75,250 \n  NOM_ACCES  PTLA-L04-008 \n  AXE  LGV V1 \n  PK  75.25 \n  LONGITUDE  0°23'35.7738E \n  LATITUDE  46°45'12.6083N \n  LOT  04 \n  SEI  55 \n  LIBELLE  APP 0752-1 \n  LONG_DD  0.393271 \n  LAT_DD  46.753502","timestamp":null,"begin":null,"end":null,"altitudeMo":null,"tessellate":"-1","extrude":"0","visibility":"-1","drawOrder":null,"icon":null,"ETIQ":"AP V1 Km 75,250","NOM_ACCES":"PTLA-L04-008","AXE":"LGV V1","PK":"75.25","LONGITUDE":"0°23'35.7738E","LATITUDE":"46°45'12.6083N","LOT":"04","SEI":"55","LIBELLE":"APP 0752-1","LONG_DD":"0.393271","LAT_DD":"46.753502","gx_media_l":null,"_sp_url":null},"geometry":{"type":"Point","coordinates":[0.3932710000000002,46.75350199999999,0.0]}},{"id":"373","type":"Feature","properties":{"Name":"AR V2 Km 75,770","descriptio":"Attributes\n  ETIQ  AR V2 Km 75,770 \n  NOM_ACCES  PTLA-L04-008 \n  AXE  LGV V2 \n  PK  75.77 \n  LONGITUDE  0°23'35.7738E \n  LATITUDE  46°45'12.6083N \n  LOT  04 \n  SEI  55 \n  LIBELLE  ARP 0757-2 \n  LONG_DD  0.393271 \n  LAT_DD  46.753502","timestamp":null,"begin":null,"end":null,"altitudeMo":null,"tessellate":"-1","extrude":"0","visibility":"-1","drawOrder":null,"icon":null,"ETIQ":"AR V2 Km 75,770","NOM_ACCES":"PTLA-L04-008","AXE":"LGV V2","PK":"75.77","LONGITUDE":"0°23'35.7738E","LATITUDE":"46°45'12.6083N","LOT":"04","SEI":"55","LIBELLE":"ARP 0757-2","LONG_DD":"0.393271","LAT_DD":"46.753502","gx_media_l":null,"_sp_url":null},"geometry":{"type":"Point","coordinates":[0.3932710000000002,46.75350199999999,0.0]}},{"id":"374","type":"Feature","properties":{"Name":"AP V1 Km 76,135","descriptio":"Attributes\n  ETIQ  AP V1 Km 76,135 \n  NOM_ACCES  PTLO-L04-007 \n  AXE  LGV V1 \n  PK  76.135 \n  LONGITUDE  0°23'39.1572E \n  LATITUDE  46°44'51.0841N \n  LOT  04 \n  SEI  55 \n  LIBELLE  APP 0761-1 \n  LONG_DD  0.39421 \n  LAT_DD  46.747523","timestamp":null,"begin":null,"end":null,"altitudeMo":null,"tessellate":"-1","extrude":"0","visibility":"-1","drawOrder":null,"icon":null,"ETIQ":"AP V1 Km 76,135","NOM_ACCES":"PTLO-L04-007","AXE":"LGV V1","PK":"76.135","LONGITUDE":"0°23'39.1572E","LATITUDE":"46°44'51.0841N","LOT":"04","SEI":"55","LIBELLE":"APP 0761-1","LONG_DD":"0.39421","LAT_DD":"46.747523","gx_media_l":null,"_sp_url":null},"geometry":{"type":"Point","coordinates":[0.39420999999999934,46.747523,0.0]}},{"id":"375","type":"Feature","properties":{"Name":"AP V1 Km 76,650","descriptio":"Attributes\n  ETIQ  AP V1 Km 76,650 \n  NOM_ACCES  PTLO-L04-009 \n  AXE  LGV V1 \n  PK  76.65 \n  LONGITUDE  0°23'35.5451E \n  LATITUDE  46°44'32.8179N \n  LOT  04 \n  SEI  55 \n  LIBELLE  APP 0766-1 \n  LONG_DD  0.393207 \n  LAT_DD  46.742449","timestamp":null,"begin":null,"end":null,"altitudeMo":null,"tessellate":"-1","extrude":"0","visibility":"-1","drawOrder":null,"icon":null,"ETIQ":"AP V1 Km 76,650","NOM_ACCES":"PTLO-L04-009","AXE":"LGV V1","PK":"76.65","LONGITUDE":"0°23'35.5451E","LATITUDE":"46°44'32.8179N","LOT":"04","SEI":"55","LIBELLE":"APP 0766-1","LONG_DD":"0.393207","LAT_DD":"46.742449","gx_media_l":null,"_sp_url":null},"geometry":{"type":"Point","coordinates":[0.3932069999999996,46.74244899999999,0.0]}},{"id":"376","type":"Feature","properties":{"Name":"AR V2 Km 76,660","descriptio":"Attributes\n  ETIQ  AR V2 Km 76,660 \n  NOM_ACCES  PTLA-L04-010 \n  AXE  LGV V2 \n  PK  76.66 \n  LONGITUDE  0°23'32.0036E \n  LATITUDE  46°44'32.4359N \n  LOT  04 \n  SEI  55 \n  LIBELLE  ARP 0766-2 \n  LONG_DD  0.392223 \n  LAT_DD  46.742343","timestamp":null,"begin":null,"end":null,"altitudeMo":null,"tessellate":"-1","extrude":"0","visibility":"-1","drawOrder":null,"icon":null,"ETIQ":"AR V2 Km 76,660","NOM_ACCES":"PTLA-L04-010","AXE":"LGV V2","PK":"76.66","LONGITUDE":"0°23'32.0036E","LATITUDE":"46°44'32.4359N","LOT":"04","SEI":"55","LIBELLE":"ARP 0766-2","LONG_DD":"0.392223","LAT_DD":"46.742343","gx_media_l":null,"_sp_url":null},"geometry":{"type":"Point","coordinates":[0.39222300000000027,46.74234299999999,0.0]}},{"id":"377","type":"Feature","properties":{"Name":"AR V1 Km 76,824","descriptio":"Attributes\n  ETIQ  AR V1 Km 76,824 \n  NOM_ACCES  PTLA-L04-009 \n  AXE  LGV V1 \n  PK  76.824 \n  LONGITUDE  0°23'33.9868E \n  LATITUDE  46°44'27.8613N \n  LOT  04 \n  SEI  55 \n  LIBELLE  ARP 0768-1 \n  LONG_DD  0.392774 \n  LAT_DD  46.741073","timestamp":null,"begin":null,"end":null,"altitudeMo":null,"tessellate":"-1","extrude":"0","visibility":"-1","drawOrder":null,"icon":null,"ETIQ":"AR V1 Km 76,824","NOM_ACCES":"PTLA-L04-009","AXE":"LGV V1","PK":"76.824","LONGITUDE":"0°23'33.9868E","LATITUDE":"46°44'27.8613N","LOT":"04","SEI":"55","LIBELLE":"ARP 0768-1","LONG_DD":"0.392774","LAT_DD":"46.741073","gx_media_l":null,"_sp_url":null},"geometry":{"type":"Point","coordinates":[0.39277400000000023,46.741073,0.0]}},{"id":"378","type":"Feature","properties":{"Name":"AP V2 Km 77,270","descriptio":"Attributes\n  ETIQ  AP V2 Km 77,270 \n  NOM_ACCES  PTLO-L04-010 \n  AXE  LGV V2 \n  PK  77.27 \n  LONGITUDE  0°23'27.083E \n  LATITUDE  46°44'14.6301N \n  LOT  04 \n  SEI  55 \n  LIBELLE  APP 0772-2 \n  LONG_DD  0.390856 \n  LAT_DD  46.737397","timestamp":null,"begin":null,"end":null,"altitudeMo":null,"tessellate":"-1","extrude":"0","visibility":"-1","drawOrder":null,"icon":null,"ETIQ":"AP V2 Km 77,270","NOM_ACCES":"PTLO-L04-010","AXE":"LGV V2","PK":"77.27","LONGITUDE":"0°23'27.083E","LATITUDE":"46°44'14.6301N","LOT":"04","SEI":"55","LIBELLE":"APP 0772-2","LONG_DD":"0.390856","LAT_DD":"46.737397","gx_media_l":null,"_sp_url":null},"geometry":{"type":"Point","coordinates":[0.39085600000000054,46.73739699999998,0.0]}},{"id":"379","type":"Feature","properties":{"Name":"AP V1 Km 77,273","descriptio":"Attributes\n  ETIQ  AP V1 Km 77,273 \n  NOM_ACCES  PTLA-L04-013 \n  AXE  LGV V1 \n  PK  77.273 \n  LONGITUDE  0°23'29.1806E \n  LATITUDE  46°44'13.6775N \n  LOT  04 \n  SEI  55 \n  LIBELLE  APP 0772-1 \n  LONG_DD  0.391439 \n  LAT_DD  46.737133","timestamp":null,"begin":null,"end":null,"altitudeMo":null,"tessellate":"-1","extrude":"0","visibility":"-1","drawOrder":null,"icon":null,"ETIQ":"AP V1 Km 77,273","NOM_ACCES":"PTLA-L04-013","AXE":"LGV V1","PK":"77.273","LONGITUDE":"0°23'29.1806E","LATITUDE":"46°44'13.6775N","LOT":"04","SEI":"55","LIBELLE":"APP 0772-1","LONG_DD":"0.391439","LAT_DD":"46.737133","gx_media_l":null,"_sp_url":null},"geometry":{"type":"Point","coordinates":[0.3914390000000006,46.737133,0.0]}},{"id":"380","type":"Feature","properties":{"Name":"AP V2 Km 78,100","descriptio":"Attributes\n  ETIQ  AP V2 Km 78,100 \n  NOM_ACCES  PTLO-L04-012 \n  AXE  LGV V2 \n  PK  78.1 \n  LONGITUDE  0°23'13.1074E \n  LATITUDE  46°43'48.7806N \n  LOT  04 \n  SEI  55 \n  LIBELLE  APP 0781-2 \n  LONG_DD  0.386974 \n  LAT_DD  46.730217","timestamp":null,"begin":null,"end":null,"altitudeMo":null,"tessellate":"-1","extrude":"0","visibility":"-1","drawOrder":null,"icon":null,"ETIQ":"AP V2 Km 78,100","NOM_ACCES":"PTLO-L04-012","AXE":"LGV V2","PK":"78.1","LONGITUDE":"0°23'13.1074E","LATITUDE":"46°43'48.7806N","LOT":"04","SEI":"55","LIBELLE":"APP 0781-2","LONG_DD":"0.386974","LAT_DD":"46.730217","gx_media_l":null,"_sp_url":null},"geometry":{"type":"Point","coordinates":[0.38697400000000043,46.730217,0.0]}},{"id":"381","type":"Feature","properties":{"Name":"AP V1 Km 78,120","descriptio":"Attributes\n  ETIQ  AP V1 Km 78,120 \n  NOM_ACCES  PTLO-L04-011 \n  AXE  LGV V1 \n  PK  78.12 \n  LONGITUDE  0°23'15.2619E \n  LATITUDE  46°43'47.3672N \n  LOT  04 \n  SEI  55 \n  LIBELLE  APP 0781-1 \n  LONG_DD  0.387573 \n  LAT_DD  46.729824","timestamp":null,"begin":null,"end":null,"altitudeMo":null,"tessellate":"-1","extrude":"0","visibility":"-1","drawOrder":null,"icon":null,"ETIQ":"AP V1 Km 78,120","NOM_ACCES":"PTLO-L04-011","AXE":"LGV V1","PK":"78.12","LONGITUDE":"0°23'15.2619E","LATITUDE":"46°43'47.3672N","LOT":"04","SEI":"55","LIBELLE":"APP 0781-1","LONG_DD":"0.387573","LAT_DD":"46.729824","gx_media_l":null,"_sp_url":null},"geometry":{"type":"Point","coordinates":[0.38757300000000094,46.729824,0.0]}},{"id":"382","type":"Feature","properties":{"Name":"AP V2 Km 78,390","descriptio":"Attributes\n  ETIQ  AP V2 Km 78,390 \n  NOM_ACCES  PTLO-L04-014 \n  AXE  LGV V2 \n  PK  78.39 \n  LONGITUDE  0°23'7.2281E \n  LATITUDE  46°43'40.2748N \n  LOT  04 \n  SEI  55 \n  LIBELLE  APP 0783-2 \n  LONG_DD  0.385341 \n  LAT_DD  46.727854","timestamp":null,"begin":null,"end":null,"altitudeMo":null,"tessellate":"-1","extrude":"0","visibility":"-1","drawOrder":null,"icon":null,"ETIQ":"AP V2 Km 78,390","NOM_ACCES":"PTLO-L04-014","AXE":"LGV V2","PK":"78.39","LONGITUDE":"0°23'7.2281E","LATITUDE":"46°43'40.2748N","LOT":"04","SEI":"55","LIBELLE":"APP 0783-2","LONG_DD":"0.385341","LAT_DD":"46.727854","gx_media_l":null,"_sp_url":null},"geometry":{"type":"Point","coordinates":[0.38534100000000004,46.727853999999994,0.0]}},{"id":"383","type":"Feature","properties":{"Name":"AP V1 Km 78,620","descriptio":"Attributes\n  ETIQ  AP V1 Km 78,620 \n  NOM_ACCES  PTLO-L04-013 \n  AXE  LGV V1 \n  PK  78.62 \n  LONGITUDE  0°23'5.4949E \n  LATITUDE  46°43'32.5876N \n  LOT  04 \n  SEI  55 \n  LIBELLE  APP 0786-1 \n  LONG_DD  0.38486 \n  LAT_DD  46.725719","timestamp":null,"begin":null,"end":null,"altitudeMo":null,"tessellate":"-1","extrude":"0","visibility":"-1","drawOrder":null,"icon":null,"ETIQ":"AP V1 Km 78,620","NOM_ACCES":"PTLO-L04-013","AXE":"LGV V1","PK":"78.62","LONGITUDE":"0°23'5.4949E","LATITUDE":"46°43'32.5876N","LOT":"04","SEI":"55","LIBELLE":"APP 0786-1","LONG_DD":"0.38486","LAT_DD":"46.725719","gx_media_l":null,"_sp_url":null},"geometry":{"type":"Point","coordinates":[0.38486000000000015,46.725719,0.0]}},{"id":"384","type":"Feature","properties":{"Name":"AP V2 Km 78,660","descriptio":"Attributes\n  ETIQ  AP V2 Km 78,660 \n  NOM_ACCES  PTLO-L04-016 \n  AXE  LGV V2 \n  PK  78.66 \n  LONGITUDE  0°23'2.1202E \n  LATITUDE  46°43'32.296N \n  LOT  04 \n  SEI  55 \n  LIBELLE  APP 0786-2 \n  LONG_DD  0.383922 \n  LAT_DD  46.725638","timestamp":null,"begin":null,"end":null,"altitudeMo":null,"tessellate":"-1","extrude":"0","visibility":"-1","drawOrder":null,"icon":null,"ETIQ":"AP V2 Km 78,660","NOM_ACCES":"PTLO-L04-016","AXE":"LGV V2","PK":"78.66","LONGITUDE":"0°23'2.1202E","LATITUDE":"46°43'32.296N","LOT":"04","SEI":"55","LIBELLE":"APP 0786-2","LONG_DD":"0.383922","LAT_DD":"46.725638","gx_media_l":null,"_sp_url":null},"geometry":{"type":"Point","coordinates":[0.3839220000000002,46.72563800000002,0.0]}},{"id":"385","type":"Feature","properties":{"Name":"AR V2 Km 78,840","descriptio":"Attributes\n  ETIQ  AR V2 Km 78,840 \n  NOM_ACCES  PTLA-L04-012 \n  AXE  LGV V2 \n  PK  78.84 \n  LONGITUDE  0°22'58.6758E \n  LATITUDE  46°43'27.0489N \n  LOT  04 \n  SEI  55 \n  LIBELLE  ARP 0788-2 \n  LONG_DD  0.382966 \n  LAT_DD  46.72418","timestamp":null,"begin":null,"end":null,"altitudeMo":null,"tessellate":"-1","extrude":"0","visibility":"-1","drawOrder":null,"icon":null,"ETIQ":"AR V2 Km 78,840","NOM_ACCES":"PTLA-L04-012","AXE":"LGV V2","PK":"78.84","LONGITUDE":"0°22'58.6758E","LATITUDE":"46°43'27.0489N","LOT":"04","SEI":"55","LIBELLE":"ARP 0788-2","LONG_DD":"0.382966","LAT_DD":"46.72418","gx_media_l":null,"_sp_url":null},"geometry":{"type":"Point","coordinates":[0.3829660000000003,46.72418000000001,0.0]}},{"id":"386","type":"Feature","properties":{"Name":"AP V1 Km 79,180","descriptio":"Attributes\n  ETIQ  AP V1 Km 79,180 \n  NOM_ACCES  PTLO-L04-015 \n  AXE  LGV V1 \n  PK  79.18 \n  LONGITUDE  0°22'53.018E \n  LATITUDE  46°43'16.0662N \n  LOT  04 \n  SEI  55 \n  LIBELLE  APP 0791-1 \n  LONG_DD  0.381394 \n  LAT_DD  46.72113","timestamp":null,"begin":null,"end":null,"altitudeMo":null,"tessellate":"-1","extrude":"0","visibility":"-1","drawOrder":null,"icon":null,"ETIQ":"AP V1 Km 79,180","NOM_ACCES":"PTLO-L04-015","AXE":"LGV V1","PK":"79.18","LONGITUDE":"0°22'53.018E","LATITUDE":"46°43'16.0662N","LOT":"04","SEI":"55","LIBELLE":"APP 0791-1","LONG_DD":"0.381394","LAT_DD":"46.72113","gx_media_l":null,"_sp_url":null},"geometry":{"type":"Point","coordinates":[0.3813940000000006,46.72113000000002,0.0]}},{"id":"387","type":"Feature","properties":{"Name":"AR V2 Km 79,187","descriptio":"Attributes\n  ETIQ  AR V2 Km 79,187 \n  NOM_ACCES  PTLA-L04-014 \n  AXE  LGV V2 \n  PK  79.187 \n  LONGITUDE  0°22'51.5249E \n  LATITUDE  46°43'16.4368N \n  LOT  04 \n  SEI  55 \n  LIBELLE  ARP 0791-2 \n  LONG_DD  0.380979 \n  LAT_DD  46.721232","timestamp":null,"begin":null,"end":null,"altitudeMo":null,"tessellate":"-1","extrude":"0","visibility":"-1","drawOrder":null,"icon":null,"ETIQ":"AR V2 Km 79,187","NOM_ACCES":"PTLA-L04-014","AXE":"LGV V2","PK":"79.187","LONGITUDE":"0°22'51.5249E","LATITUDE":"46°43'16.4368N","LOT":"04","SEI":"55","LIBELLE":"ARP 0791-2","LONG_DD":"0.380979","LAT_DD":"46.721232","gx_media_l":null,"_sp_url":null},"geometry":{"type":"Point","coordinates":[0.38097900000000084,46.721232,0.0]}},{"id":"388","type":"Feature","properties":{"Name":"AR V1 Km 79,295","descriptio":"Attributes\n  ETIQ  AR V1 Km 79,295 \n  NOM_ACCES  PTLA-L04-017 \n  AXE  LGV V1 \n  PK  79.295 \n  LONGITUDE  0°22'52.084E \n  LATITUDE  46°43'14.2989N \n  LOT  04 \n  SEI  55 \n  LIBELLE  ARP 0792-1 \n  LONG_DD  0.381134 \n  LAT_DD  46.720639","timestamp":null,"begin":null,"end":null,"altitudeMo":null,"tessellate":"-1","extrude":"0","visibility":"-1","drawOrder":null,"icon":null,"ETIQ":"AR V1 Km 79,295","NOM_ACCES":"PTLA-L04-017","AXE":"LGV V1","PK":"79.295","LONGITUDE":"0°22'52.084E","LATITUDE":"46°43'14.2989N","LOT":"04","SEI":"55","LIBELLE":"ARP 0792-1","LONG_DD":"0.381134","LAT_DD":"46.720639","gx_media_l":null,"_sp_url":null},"geometry":{"type":"Point","coordinates":[0.3811340000000007,46.720639000000006,0.0]}},{"id":"389","type":"Feature","properties":{"Name":"AP V2 Km 79,335","descriptio":"Attributes\n  ETIQ  AP V2 Km 79,335 \n  NOM_ACCES  PTLA-L04-016 \n  AXE  LGV V2 \n  PK  79.335 \n  LONGITUDE  0°22'47.9537E \n  LATITUDE  46°43'12.4686N \n  LOT  04 \n  SEI  55 \n  LIBELLE  APP 0793-2 \n  LONG_DD  0.379987 \n  LAT_DD  46.72013","timestamp":null,"begin":null,"end":null,"altitudeMo":null,"tessellate":"-1","extrude":"0","visibility":"-1","drawOrder":null,"icon":null,"ETIQ":"AP V2 Km 79,335","NOM_ACCES":"PTLA-L04-016","AXE":"LGV V2","PK":"79.335","LONGITUDE":"0°22'47.9537E","LATITUDE":"46°43'12.4686N","LOT":"04","SEI":"55","LIBELLE":"APP 0793-2","LONG_DD":"0.379987","LAT_DD":"46.72013","gx_media_l":null,"_sp_url":null},"geometry":{"type":"Point","coordinates":[0.3799870000000001,46.72013,0.0]}},{"id":"390","type":"Feature","properties":{"Name":"AP V2 Km 79,558","descriptio":"Attributes\n  ETIQ  AP V2 Km 79,558 \n  NOM_ACCES  PTLO-L04-018 \n  AXE  LGV V2 \n  PK  79.558 \n  LONGITUDE  0°22'42.2299E \n  LATITUDE  46°43'4.8714N \n  LOT  04 \n  SEI  55 \n  LIBELLE  APP 0795-2 \n  LONG_DD  0.378397 \n  LAT_DD  46.71802","timestamp":null,"begin":null,"end":null,"altitudeMo":null,"tessellate":"-1","extrude":"0","visibility":"-1","drawOrder":null,"icon":null,"ETIQ":"AP V2 Km 79,558","NOM_ACCES":"PTLO-L04-018","AXE":"LGV V2","PK":"79.558","LONGITUDE":"0°22'42.2299E","LATITUDE":"46°43'4.8714N","LOT":"04","SEI":"55","LIBELLE":"APP 0795-2","LONG_DD":"0.378397","LAT_DD":"46.71802","gx_media_l":null,"_sp_url":null},"geometry":{"type":"Point","coordinates":[0.378397,46.71802000000001,0.0]}},{"id":"391","type":"Feature","properties":{"Name":"AR V1 Km 80,045","descriptio":"Attributes\n  ETIQ  AR V1 Km 80,045 \n  NOM_ACCES  PTLA-L04-019 \n  AXE  LGV V1 \n  PK  80.045 \n  LONGITUDE  0°22'34.5996E \n  LATITUDE  46°42'49.5452N \n  LOT  04 \n  SEI  55 \n  LIBELLE  ARP 0800-1 \n  LONG_DD  0.376278 \n  LAT_DD  46.713763","timestamp":null,"begin":null,"end":null,"altitudeMo":null,"tessellate":"-1","extrude":"0","visibility":"-1","drawOrder":null,"icon":null,"ETIQ":"AR V1 Km 80,045","NOM_ACCES":"PTLA-L04-019","AXE":"LGV V1","PK":"80.045","LONGITUDE":"0°22'34.5996E","LATITUDE":"46°42'49.5452N","LOT":"04","SEI":"55","LIBELLE":"ARP 0800-1","LONG_DD":"0.376278","LAT_DD":"46.713763","gx_media_l":null,"_sp_url":null},"geometry":{"type":"Point","coordinates":[0.37627799999999945,46.713763,0.0]}},{"id":"392","type":"Feature","properties":{"Name":"AP V1 Km 80,310","descriptio":"Attributes\n  ETIQ  AP V1 Km 80,310 \n  NOM_ACCES  PTLO-L04-017 \n  AXE  LGV V1 \n  PK  80.31 \n  LONGITUDE  0°22'30.8057E \n  LATITUDE  46°42'43.3401N \n  LOT  04 \n  SEI  55 \n  LIBELLE  APP 0803-1 \n  LONG_DD  0.375224 \n  LAT_DD  46.712039","timestamp":null,"begin":null,"end":null,"altitudeMo":null,"tessellate":"-1","extrude":"0","visibility":"-1","drawOrder":null,"icon":null,"ETIQ":"AP V1 Km 80,310","NOM_ACCES":"PTLO-L04-017","AXE":"LGV V1","PK":"80.31","LONGITUDE":"0°22'30.8057E","LATITUDE":"46°42'43.3401N","LOT":"04","SEI":"55","LIBELLE":"APP 0803-1","LONG_DD":"0.375224","LAT_DD":"46.712039","gx_media_l":null,"_sp_url":null},"geometry":{"type":"Point","coordinates":[0.37522400000000045,46.712039,0.0]}},{"id":"393","type":"Feature","properties":{"Name":"AP V2 Km 80,420","descriptio":"Attributes\n  ETIQ  AP V2 Km 80,420 \n  NOM_ACCES  PTLO-L04-020 \n  AXE  LGV V2 \n  PK  80.42 \n  LONGITUDE  0°22'24.3151E \n  LATITUDE  46°42'39.26N \n  LOT  04 \n  SEI  55 \n  LIBELLE  APP 0804-2 \n  LONG_DD  0.373421 \n  LAT_DD  46.710906","timestamp":null,"begin":null,"end":null,"altitudeMo":null,"tessellate":"-1","extrude":"0","visibility":"-1","drawOrder":null,"icon":null,"ETIQ":"AP V2 Km 80,420","NOM_ACCES":"PTLO-L04-020","AXE":"LGV V2","PK":"80.42","LONGITUDE":"0°22'24.3151E","LATITUDE":"46°42'39.26N","LOT":"04","SEI":"55","LIBELLE":"APP 0804-2","LONG_DD":"0.373421","LAT_DD":"46.710906","gx_media_l":null,"_sp_url":null},"geometry":{"type":"Point","coordinates":[0.3734209999999994,46.710906000000016,0.0]}},{"id":"394","type":"Feature","properties":{"Name":"AP V1 Km 80,695","descriptio":"Attributes\n  ETIQ  AP V1 Km 80,695 \n  NOM_ACCES  PTLO-L04-019 \n  AXE  LGV V1 \n  PK  80.695 \n  LONGITUDE  0°22'23.8157E \n  LATITUDE  46°42'32.1396N \n  LOT  04 \n  SEI  55 \n  LIBELLE  APP 0806-1 \n  LONG_DD  0.373282 \n  LAT_DD  46.708928","timestamp":null,"begin":null,"end":null,"altitudeMo":null,"tessellate":"-1","extrude":"0","visibility":"-1","drawOrder":null,"icon":null,"ETIQ":"AP V1 Km 80,695","NOM_ACCES":"PTLO-L04-019","AXE":"LGV V1","PK":"80.695","LONGITUDE":"0°22'23.8157E","LATITUDE":"46°42'32.1396N","LOT":"04","SEI":"55","LIBELLE":"APP 0806-1","LONG_DD":"0.373282","LAT_DD":"46.708928","gx_media_l":null,"_sp_url":null},"geometry":{"type":"Point","coordinates":[0.373282,46.708928,0.0]}},{"id":"395","type":"Feature","properties":{"Name":"AP V2 Km 80,710","descriptio":"Attributes\n  ETIQ  AP V2 Km 80,710 \n  NOM_ACCES  PTLO-L04-022 \n  AXE  LGV V2 \n  PK  80.71 \n  LONGITUDE  0°22'20.0639E \n  LATITUDE  46°42'31.6774N \n  LOT  04 \n  SEI  55 \n  LIBELLE  APP 0807-2 \n  LONG_DD  0.37224 \n  LAT_DD  46.708799","timestamp":null,"begin":null,"end":null,"altitudeMo":null,"tessellate":"-1","extrude":"0","visibility":"-1","drawOrder":null,"icon":null,"ETIQ":"AP V2 Km 80,710","NOM_ACCES":"PTLO-L04-022","AXE":"LGV V2","PK":"80.71","LONGITUDE":"0°22'20.0639E","LATITUDE":"46°42'31.6774N","LOT":"04","SEI":"55","LIBELLE":"APP 0807-2","LONG_DD":"0.37224","LAT_DD":"46.708799","gx_media_l":null,"_sp_url":null},"geometry":{"type":"Point","coordinates":[0.37224000000000035,46.708799,0.0]}},{"id":"396","type":"Feature","properties":{"Name":"AP V2 Km 81,495","descriptio":"Attributes\n  ETIQ  AP V2 Km 81,495 \n  NOM_ACCES  PTLO-L04-024 \n  AXE  LGV V2 \n  PK  81.495 \n  LONGITUDE  0°22'7.8826E \n  LATITUDE  46°42'8.3835N \n  LOT  04 \n  SEI  55 \n  LIBELLE  APP 0815-2 \n  LONG_DD  0.368856 \n  LAT_DD  46.702329","timestamp":null,"begin":null,"end":null,"altitudeMo":null,"tessellate":"-1","extrude":"0","visibility":"-1","drawOrder":null,"icon":null,"ETIQ":"AP V2 Km 81,495","NOM_ACCES":"PTLO-L04-024","AXE":"LGV V2","PK":"81.495","LONGITUDE":"0°22'7.8826E","LATITUDE":"46°42'8.3835N","LOT":"04","SEI":"55","LIBELLE":"APP 0815-2","LONG_DD":"0.368856","LAT_DD":"46.702329","gx_media_l":null,"_sp_url":null},"geometry":{"type":"Point","coordinates":[0.36885600000000063,46.702329000000006,0.0]}},{"id":"397","type":"Feature","properties":{"Name":"AP V1 Km 81,560","descriptio":"Attributes\n  ETIQ  AP V1 Km 81,560 \n  NOM_ACCES  PTLA-L04-019a \n  AXE  LGV V1 \n  PK  81.56 \n  LONGITUDE  0°22'2.6307E \n  LATITUDE  46°41'51.3581N \n  LOT  04 \n  SEI  55 \n  LIBELLE  APP 0815-1 \n  LONG_DD  0.367397 \n  LAT_DD  46.697599","timestamp":null,"begin":null,"end":null,"altitudeMo":null,"tessellate":"-1","extrude":"0","visibility":"-1","drawOrder":null,"icon":null,"ETIQ":"AP V1 Km 81,560","NOM_ACCES":"PTLA-L04-019a","AXE":"LGV V1","PK":"81.56","LONGITUDE":"0°22'2.6307E","LATITUDE":"46°41'51.3581N","LOT":"04","SEI":"55","LIBELLE":"APP 0815-1","LONG_DD":"0.367397","LAT_DD":"46.697599","gx_media_l":null,"_sp_url":null},"geometry":{"type":"Point","coordinates":[0.36739700000000003,46.69759900000001,0.0]}},{"id":"398","type":"Feature","properties":{"Name":"AP V2 Km 82,150","descriptio":"Attributes\n  ETIQ  AP V2 Km 82,150 \n  NOM_ACCES  PTLO-L04-026 \n  AXE  LGV V2 \n  PK  82.15 \n  LONGITUDE  0°21'55.7028E \n  LATITUDE  46°41'49.3432N \n  LOT  04 \n  SEI  55 \n  LIBELLE  APP 0821-2 \n  LONG_DD  0.365473 \n  LAT_DD  46.69704","timestamp":null,"begin":null,"end":null,"altitudeMo":null,"tessellate":"-1","extrude":"0","visibility":"-1","drawOrder":null,"icon":null,"ETIQ":"AP V2 Km 82,150","NOM_ACCES":"PTLO-L04-026","AXE":"LGV V2","PK":"82.15","LONGITUDE":"0°21'55.7028E","LATITUDE":"46°41'49.3432N","LOT":"04","SEI":"55","LIBELLE":"APP 0821-2","LONG_DD":"0.365473","LAT_DD":"46.69704","gx_media_l":null,"_sp_url":null},"geometry":{"type":"Point","coordinates":[0.36547300000000005,46.69704,0.0]}},{"id":"399","type":"Feature","properties":{"Name":"AP V1 Km 82,330","descriptio":"Attributes\n  ETIQ  AP V1 Km 82,330 \n  NOM_ACCES  PTLO-L04-023 \n  AXE  LGV V1 \n  PK  82.33 \n  LONGITUDE  0°21'54.9741E \n  LATITUDE  46°41'41.0745N \n  LOT  04 \n  SEI  55 \n  LIBELLE  APP 0823-1 \n  LONG_DD  0.365271 \n  LAT_DD  46.694743","timestamp":null,"begin":null,"end":null,"altitudeMo":null,"tessellate":"-1","extrude":"0","visibility":"-1","drawOrder":null,"icon":null,"ETIQ":"AP V1 Km 82,330","NOM_ACCES":"PTLO-L04-023","AXE":"LGV V1","PK":"82.33","LONGITUDE":"0°21'54.9741E","LATITUDE":"46°41'41.0745N","LOT":"04","SEI":"55","LIBELLE":"APP 0823-1","LONG_DD":"0.365271","LAT_DD":"46.694743","gx_media_l":null,"_sp_url":null},"geometry":{"type":"Point","coordinates":[0.36527100000000007,46.69474299999999,0.0]}},{"id":"400","type":"Feature","properties":{"Name":"AP V2 Km 82,440","descriptio":"Attributes\n  ETIQ  AP V2 Km 82,440 \n  NOM_ACCES  PTLO-L04-028 \n  AXE  LGV V2 \n  PK  82.44 \n  LONGITUDE  0°21'51.2027E \n  LATITUDE  46°41'39.8874N \n  LOT  04 \n  SEI  55 \n  LIBELLE  APP 0824-2 \n  LONG_DD  0.364223 \n  LAT_DD  46.694413","timestamp":null,"begin":null,"end":null,"altitudeMo":null,"tessellate":"-1","extrude":"0","visibility":"-1","drawOrder":null,"icon":null,"ETIQ":"AP V2 Km 82,440","NOM_ACCES":"PTLO-L04-028","AXE":"LGV V2","PK":"82.44","LONGITUDE":"0°21'51.2027E","LATITUDE":"46°41'39.8874N","LOT":"04","SEI":"55","LIBELLE":"APP 0824-2","LONG_DD":"0.364223","LAT_DD":"46.694413","gx_media_l":null,"_sp_url":null},"geometry":{"type":"Point","coordinates":[0.3642230000000013,46.69441299999999,0.0]}},{"id":"401","type":"Feature","properties":{"Name":"AR V1 Km 82,613","descriptio":"Attributes\n  ETIQ  AR V1 Km 82,613 \n  NOM_ACCES  PTLA-L04-021 \n  AXE  LGV V1 \n  PK  82.613 \n  LONGITUDE  0°21'52.8798E \n  LATITUDE  46°41'36.87N \n  LOT  04 \n  SEI  70 \n  LIBELLE  ARP 0826-1 \n  LONG_DD  0.364689 \n  LAT_DD  46.693575","timestamp":null,"begin":null,"end":null,"altitudeMo":null,"tessellate":"-1","extrude":"0","visibility":"-1","drawOrder":null,"icon":null,"ETIQ":"AR V1 Km 82,613","NOM_ACCES":"PTLA-L04-021","AXE":"LGV V1","PK":"82.613","LONGITUDE":"0°21'52.8798E","LATITUDE":"46°41'36.87N","LOT":"04","SEI":"70","LIBELLE":"ARP 0826-1","LONG_DD":"0.364689","LAT_DD":"46.693575","gx_media_l":null,"_sp_url":null},"geometry":{"type":"Point","coordinates":[0.36468899999999954,46.693575,0.0]}},{"id":"402","type":"Feature","properties":{"Name":"AR V2 Km 82,613","descriptio":"Attributes\n  ETIQ  AR V2 Km 82,613 \n  NOM_ACCES  PTLA-L04-018 \n  AXE  LGV V2 \n  PK  82.613 \n  LONGITUDE  0°21'49.9687E \n  LATITUDE  46°41'38.7282N \n  LOT  04 \n  SEI  70 \n  LIBELLE  ARP 0826-2 \n  LONG_DD  0.36388 \n  LAT_DD  46.694091","timestamp":null,"begin":null,"end":null,"altitudeMo":null,"tessellate":"-1","extrude":"0","visibility":"-1","drawOrder":null,"icon":null,"ETIQ":"AR V2 Km 82,613","NOM_ACCES":"PTLA-L04-018","AXE":"LGV V2","PK":"82.613","LONGITUDE":"0°21'49.9687E","LATITUDE":"46°41'38.7282N","LOT":"04","SEI":"70","LIBELLE":"ARP 0826-2","LONG_DD":"0.36388","LAT_DD":"46.694091","gx_media_l":null,"_sp_url":null},"geometry":{"type":"Point","coordinates":[0.36388000000000037,46.694091000000014,0.0]}},{"id":"403","type":"Feature","properties":{"Name":"AP V1 Km 83,310","descriptio":"Attributes\n  ETIQ  AP V1 Km 83,310 \n  NOM_ACCES  PTLO-L04-025 \n  AXE  LGV V1 \n  PK  83.31 \n  LONGITUDE  0°21'40.7888E \n  LATITUDE  46°41'12.7573N \n  LOT  04 \n  SEI  70 \n  LIBELLE  APP 0831-1 \n  LONG_DD  0.36133 \n  LAT_DD  46.686877","timestamp":null,"begin":null,"end":null,"altitudeMo":null,"tessellate":"-1","extrude":"0","visibility":"-1","drawOrder":null,"icon":null,"ETIQ":"AP V1 Km 83,310","NOM_ACCES":"PTLO-L04-025","AXE":"LGV V1","PK":"83.31","LONGITUDE":"0°21'40.7888E","LATITUDE":"46°41'12.7573N","LOT":"04","SEI":"70","LIBELLE":"APP 0831-1","LONG_DD":"0.36133","LAT_DD":"46.686877","gx_media_l":null,"_sp_url":null},"geometry":{"type":"Point","coordinates":[0.36133000000000004,46.686877,0.0]}},{"id":"404","type":"Feature","properties":{"Name":"AP V2 Km 83,350","descriptio":"Attributes\n  ETIQ  AP V2 Km 83,350 \n  NOM_ACCES  PTLO-L04-030 \n  AXE  LGV V2 \n  PK  83.35 \n  LONGITUDE  0°21'34.9503E \n  LATITUDE  46°41'12.2274N \n  LOT  04 \n  SEI  70 \n  LIBELLE  APP 0835-2 \n  LONG_DD  0.359708 \n  LAT_DD  46.68673","timestamp":null,"begin":null,"end":null,"altitudeMo":null,"tessellate":"-1","extrude":"0","visibility":"-1","drawOrder":null,"icon":null,"ETIQ":"AP V2 Km 83,350","NOM_ACCES":"PTLO-L04-030","AXE":"LGV V2","PK":"83.35","LONGITUDE":"0°21'34.9503E","LATITUDE":"46°41'12.2274N","LOT":"04","SEI":"70","LIBELLE":"APP 0835-2","LONG_DD":"0.359708","LAT_DD":"46.68673","gx_media_l":null,"_sp_url":null},"geometry":{"type":"Point","coordinates":[0.35970799999999903,46.68673000000001,0.0]}},{"id":"405","type":"Feature","properties":{"Name":"AP V1 Km 83,660","descriptio":"Attributes\n  ETIQ  AP V1 Km 83,660 \n  NOM_ACCES  PTLO-L04-027 \n  AXE  LGV V1 \n  PK  83.66 \n  LONGITUDE  0°21'34.7244E \n  LATITUDE  46°41'2.7958N \n  LOT  04 \n  SEI  70 \n  LIBELLE  APP 0836-1 \n  LONG_DD  0.359646 \n  LAT_DD  46.68411","timestamp":null,"begin":null,"end":null,"altitudeMo":null,"tessellate":"-1","extrude":"0","visibility":"-1","drawOrder":null,"icon":null,"ETIQ":"AP V1 Km 83,660","NOM_ACCES":"PTLO-L04-027","AXE":"LGV V1","PK":"83.66","LONGITUDE":"0°21'34.7244E","LATITUDE":"46°41'2.7958N","LOT":"04","SEI":"70","LIBELLE":"APP 0836-1","LONG_DD":"0.359646","LAT_DD":"46.68411","gx_media_l":null,"_sp_url":null},"geometry":{"type":"Point","coordinates":[0.3596460000000008,46.68410999999998,0.0]}},{"id":"406","type":"Feature","properties":{"Name":"AP V2 Km 83,705","descriptio":"Attributes\n  ETIQ  AP V2 Km 83,705 \n  NOM_ACCES  PTLO-L04-032 \n  AXE  LGV V2 \n  PK  83.705 \n  LONGITUDE  0°21'30.9035E \n  LATITUDE  46°41'0.8272N \n  LOT  04 \n  SEI  70 \n  LIBELLE  APP 0837-2 \n  LONG_DD  0.358584 \n  LAT_DD  46.683563","timestamp":null,"begin":null,"end":null,"altitudeMo":null,"tessellate":"-1","extrude":"0","visibility":"-1","drawOrder":null,"icon":null,"ETIQ":"AP V2 Km 83,705","NOM_ACCES":"PTLO-L04-032","AXE":"LGV V2","PK":"83.705","LONGITUDE":"0°21'30.9035E","LATITUDE":"46°41'0.8272N","LOT":"04","SEI":"70","LIBELLE":"APP 0837-2","LONG_DD":"0.358584","LAT_DD":"46.683563","gx_media_l":null,"_sp_url":null},"geometry":{"type":"Point","coordinates":[0.35858399999999957,46.683563,0.0]}},{"id":"407","type":"Feature","properties":{"Name":"AP V2 Km 84,275","descriptio":"Attributes\n  ETIQ  AP V2 Km 84,275 \n  NOM_ACCES  PTLO-L04-034 \n  AXE  LGV V2 \n  PK  84.275 \n  LONGITUDE  0°21'24.7594E \n  LATITUDE  46°40'43.435N \n  LOT  04 \n  SEI  70 \n  LIBELLE  APP 0842-2 \n  LONG_DD  0.356878 \n  LAT_DD  46.678732","timestamp":null,"begin":null,"end":null,"altitudeMo":null,"tessellate":"-1","extrude":"0","visibility":"-1","drawOrder":null,"icon":null,"ETIQ":"AP V2 Km 84,275","NOM_ACCES":"PTLO-L04-034","AXE":"LGV V2","PK":"84.275","LONGITUDE":"0°21'24.7594E","LATITUDE":"46°40'43.435N","LOT":"04","SEI":"70","LIBELLE":"APP 0842-2","LONG_DD":"0.356878","LAT_DD":"46.678732","gx_media_l":null,"_sp_url":null},"geometry":{"type":"Point","coordinates":[0.356878,46.67873199999999,0.0]}},{"id":"408","type":"Feature","properties":{"Name":"AP V1 Km 84,300","descriptio":"Attributes\n  ETIQ  AP V1 Km 84,300 \n  NOM_ACCES  PTLO-L04-029 \n  AXE  LGV V1 \n  PK  84.3 \n  LONGITUDE  0°21'26.9003E \n  LATITUDE  46°40'43.1421N \n  LOT  04 \n  SEI  70 \n  LIBELLE  APP 0843-1 \n  LONG_DD  0.357472 \n  LAT_DD  46.678651","timestamp":null,"begin":null,"end":null,"altitudeMo":null,"tessellate":"-1","extrude":"0","visibility":"-1","drawOrder":null,"icon":null,"ETIQ":"AP V1 Km 84,300","NOM_ACCES":"PTLO-L04-029","AXE":"LGV V1","PK":"84.3","LONGITUDE":"0°21'26.9003E","LATITUDE":"46°40'43.1421N","LOT":"04","SEI":"70","LIBELLE":"APP 0843-1","LONG_DD":"0.357472","LAT_DD":"46.678651","gx_media_l":null,"_sp_url":null},"geometry":{"type":"Point","coordinates":[0.35747199999999985,46.67865100000001,0.0]}},{"id":"409","type":"Feature","properties":{"Name":"AP V2 Km 84,750","descriptio":"Attributes\n  ETIQ  AP V2 Km 84,750 \n  NOM_ACCES  PTLO-L04-036 \n  AXE  LGV V2 \n  PK  84.75 \n  LONGITUDE  0°21'20.7501E \n  LATITUDE  46°40'28.4987N \n  LOT  04 \n  SEI  70 \n  LIBELLE  APP 0847-2 \n  LONG_DD  0.355764 \n  LAT_DD  46.674583","timestamp":null,"begin":null,"end":null,"altitudeMo":null,"tessellate":"-1","extrude":"0","visibility":"-1","drawOrder":null,"icon":null,"ETIQ":"AP V2 Km 84,750","NOM_ACCES":"PTLO-L04-036","AXE":"LGV V2","PK":"84.75","LONGITUDE":"0°21'20.7501E","LATITUDE":"46°40'28.4987N","LOT":"04","SEI":"70","LIBELLE":"APP 0847-2","LONG_DD":"0.355764","LAT_DD":"46.674583","gx_media_l":null,"_sp_url":null},"geometry":{"type":"Point","coordinates":[0.3557639999999995,46.674583,0.0]}},{"id":"410","type":"Feature","properties":{"Name":"AP V1 Km 84,950","descriptio":"Attributes\n  ETIQ  AP V1 Km 84,950 \n  NOM_ACCES  PTLO-L04-031 \n  AXE  LGV V1 \n  PK  84.95 \n  LONGITUDE  0°21'21.6722E \n  LATITUDE  46°40'17.4952N \n  LOT  04 \n  SEI  70 \n  LIBELLE  APP 0849-1 \n  LONG_DD  0.35602 \n  LAT_DD  46.671526","timestamp":null,"begin":null,"end":null,"altitudeMo":null,"tessellate":"-1","extrude":"0","visibility":"-1","drawOrder":null,"icon":null,"ETIQ":"AP V1 Km 84,950","NOM_ACCES":"PTLO-L04-031","AXE":"LGV V1","PK":"84.95","LONGITUDE":"0°21'21.6722E","LATITUDE":"46°40'17.4952N","LOT":"04","SEI":"70","LIBELLE":"APP 0849-1","LONG_DD":"0.35602","LAT_DD":"46.671526","gx_media_l":null,"_sp_url":null},"geometry":{"type":"Point","coordinates":[0.35601999999999995,46.671525999999986,0.0]}},{"id":"411","type":"Feature","properties":{"Name":"AR V2 Km 85,207","descriptio":"Attributes\n  ETIQ  AR V2 Km 85,207 \n  NOM_ACCES  PTLA-L04-020 \n  AXE  LGV V2 \n  PK  85.207 \n  LONGITUDE  0°21'16.5176E \n  LATITUDE  46°39'57.3199N \n  LOT  04 \n  SEI  70 \n  LIBELLE  ARP 0852-2 \n  LONG_DD  0.354588 \n  LAT_DD  46.665922","timestamp":null,"begin":null,"end":null,"altitudeMo":null,"tessellate":"-1","extrude":"0","visibility":"-1","drawOrder":null,"icon":null,"ETIQ":"AR V2 Km 85,207","NOM_ACCES":"PTLA-L04-020","AXE":"LGV V2","PK":"85.207","LONGITUDE":"0°21'16.5176E","LATITUDE":"46°39'57.3199N","LOT":"04","SEI":"70","LIBELLE":"ARP 0852-2","LONG_DD":"0.354588","LAT_DD":"46.665922","gx_media_l":null,"_sp_url":null},"geometry":{"type":"Point","coordinates":[0.3545880000000008,46.665922,0.0]}},{"id":"412","type":"Feature","properties":{"Name":"AR V2 Km 85,425","descriptio":"Attributes\n  ETIQ  AR V2 Km 85,425 \n  NOM_ACCES  PTLA-L04-020 \n  AXE  LGV V2 \n  PK  85.425 \n  LONGITUDE  0°21'16.5181E \n  LATITUDE  46°39'57.3182N \n  LOT  04 \n  SEI  70 \n  LIBELLE  ARP 0854-2 \n  LONG_DD  0.354588 \n  LAT_DD  46.665922","timestamp":null,"begin":null,"end":null,"altitudeMo":null,"tessellate":"-1","extrude":"0","visibility":"-1","drawOrder":null,"icon":null,"ETIQ":"AR V2 Km 85,425","NOM_ACCES":"PTLA-L04-020","AXE":"LGV V2","PK":"85.425","LONGITUDE":"0°21'16.5181E","LATITUDE":"46°39'57.3182N","LOT":"04","SEI":"70","LIBELLE":"ARP 0854-2","LONG_DD":"0.354588","LAT_DD":"46.665922","gx_media_l":null,"_sp_url":null},"geometry":{"type":"Point","coordinates":[0.3545880000000008,46.665922,0.0]}},{"id":"413","type":"Feature","properties":{"Name":"AR V1 Km 85,459","descriptio":"Attributes\n  ETIQ  AR V1 Km 85,459 \n  NOM_ACCES  PTLA-L04-023 \n  AXE  LGV V1 \n  PK  85.459 \n  LONGITUDE  0°21'19.6506E \n  LATITUDE  46°40'1.2872N \n  LOT  04 \n  SEI  70 \n  LIBELLE  ARP 0854-1 \n  LONG_DD  0.355458 \n  LAT_DD  46.667024","timestamp":null,"begin":null,"end":null,"altitudeMo":null,"tessellate":"-1","extrude":"0","visibility":"-1","drawOrder":null,"icon":null,"ETIQ":"AR V1 Km 85,459","NOM_ACCES":"PTLA-L04-023","AXE":"LGV V1","PK":"85.459","LONGITUDE":"0°21'19.6506E","LATITUDE":"46°40'1.2872N","LOT":"04","SEI":"70","LIBELLE":"ARP 0854-1","LONG_DD":"0.355458","LAT_DD":"46.667024","gx_media_l":null,"_sp_url":null},"geometry":{"type":"Point","coordinates":[0.3554579999999998,46.667023999999984,0.0]}},{"id":"414","type":"Feature","properties":{"Name":"AP V1 Km 85,695","descriptio":"Attributes\n  ETIQ  AP V1 Km 85,695 \n  NOM_ACCES  PTLO-L04-033 \n  AXE  LGV V1 \n  PK  85.695 \n  LONGITUDE  0°21'20.1377E \n  LATITUDE  46°39'58.0051N \n  LOT  04 \n  SEI  70 \n  LIBELLE  APP 0856-1 \n  LONG_DD  0.355594 \n  LAT_DD  46.666113","timestamp":null,"begin":null,"end":null,"altitudeMo":null,"tessellate":"-1","extrude":"0","visibility":"-1","drawOrder":null,"icon":null,"ETIQ":"AP V1 Km 85,695","NOM_ACCES":"PTLO-L04-033","AXE":"LGV V1","PK":"85.695","LONGITUDE":"0°21'20.1377E","LATITUDE":"46°39'58.0051N","LOT":"04","SEI":"70","LIBELLE":"APP 0856-1","LONG_DD":"0.355594","LAT_DD":"46.666113","gx_media_l":null,"_sp_url":null},"geometry":{"type":"Point","coordinates":[0.355594,46.66611299999999,0.0]}},{"id":"415","type":"Feature","properties":{"Name":"AR V1 Km 86,042","descriptio":"Attributes\n  ETIQ  AR V1 Km 86,042 \n  NOM_ACCES  PTLA-L04-025 \n  AXE  LGV V1 \n  PK  86.042 \n  LONGITUDE  0°21'19.9195E \n  LATITUDE  46°39'49.1651N \n  LOT  04 \n  SEI  70 \n  LIBELLE  ARP 0860-1 \n  LONG_DD  0.355533 \n  LAT_DD  46.663657","timestamp":null,"begin":null,"end":null,"altitudeMo":null,"tessellate":"-1","extrude":"0","visibility":"-1","drawOrder":null,"icon":null,"ETIQ":"AR V1 Km 86,042","NOM_ACCES":"PTLA-L04-025","AXE":"LGV V1","PK":"86.042","LONGITUDE":"0°21'19.9195E","LATITUDE":"46°39'49.1651N","LOT":"04","SEI":"70","LIBELLE":"ARP 0860-1","LONG_DD":"0.355533","LAT_DD":"46.663657","gx_media_l":null,"_sp_url":null},"geometry":{"type":"Point","coordinates":[0.3553289999999998,46.66355399999999,0.0]}},{"id":"416","type":"Feature","properties":{"Name":"AP V2 Km 86,880","descriptio":"Attributes\n  ETIQ  AP V2 Km 86,880 \n  NOM_ACCES  PTLA-L04-028 \n  AXE  LGV V2 \n  PK  86.88 \n  LONGITUDE  0°20'57.9271E \n  LATITUDE  46°38'37.5543N \n  LOT  04 \n  SEI  70 \n  LIBELLE  APP 0868-2 \n  LONG_DD  0.349424 \n  LAT_DD  46.643765","timestamp":null,"begin":null,"end":null,"altitudeMo":null,"tessellate":"-1","extrude":"0","visibility":"-1","drawOrder":null,"icon":null,"ETIQ":"AP V2 Km 86,880","NOM_ACCES":"PTLA-L04-028","AXE":"LGV V2","PK":"86.88","LONGITUDE":"0°20'57.9271E","LATITUDE":"46°38'37.5543N","LOT":"04","SEI":"70","LIBELLE":"APP 0868-2","LONG_DD":"0.349424","LAT_DD":"46.643765","gx_media_l":null,"_sp_url":null},"geometry":{"type":"Point","coordinates":[0.34942399999999985,46.643764999999995,0.0]}},{"id":"417","type":"Feature","properties":{"Name":"AR V2 Km 88,024","descriptio":"Attributes\n  ETIQ  AR V2 Km 88,024 \n  NOM_ACCES  PTLA-L04-028 \n  AXE  LGV V2 \n  PK  88.024 \n  LONGITUDE  0°20'57.9275E \n  LATITUDE  46°38'37.5548N \n  LOT  04 \n  SEI  70 \n  LIBELLE  ARP 0880-2 \n  LONG_DD  0.349424 \n  LAT_DD  46.643765","timestamp":null,"begin":null,"end":null,"altitudeMo":null,"tessellate":"-1","extrude":"0","visibility":"-1","drawOrder":null,"icon":null,"ETIQ":"AR V2 Km 88,024","NOM_ACCES":"PTLA-L04-028","AXE":"LGV V2","PK":"88.024","LONGITUDE":"0°20'57.9275E","LATITUDE":"46°38'37.5548N","LOT":"04","SEI":"70","LIBELLE":"ARP 0880-2","LONG_DD":"0.349424","LAT_DD":"46.643765","gx_media_l":null,"_sp_url":null},"geometry":{"type":"Point","coordinates":[0.34942399999999985,46.643764999999995,0.0]}},{"id":"418","type":"Feature","properties":{"Name":"AP V2 Km 88,290","descriptio":"Attributes\n  ETIQ  AP V2 Km 88,290 \n  NOM_ACCES  PTLO-L04-040 \n  AXE  LGV V2 \n  PK  88.29 \n  LONGITUDE  0°20'58.7988E \n  LATITUDE  46°38'34.3604N \n  LOT  04 \n  SEI  70 \n  LIBELLE  APP 0882-2 \n  LONG_DD  0.349666 \n  LAT_DD  46.642878","timestamp":null,"begin":null,"end":null,"altitudeMo":null,"tessellate":"-1","extrude":"0","visibility":"-1","drawOrder":null,"icon":null,"ETIQ":"AP V2 Km 88,290","NOM_ACCES":"PTLO-L04-040","AXE":"LGV V2","PK":"88.29","LONGITUDE":"0°20'58.7988E","LATITUDE":"46°38'34.3604N","LOT":"04","SEI":"70","LIBELLE":"APP 0882-2","LONG_DD":"0.349666","LAT_DD":"46.642878","gx_media_l":null,"_sp_url":null},"geometry":{"type":"Point","coordinates":[0.3496659999999986,46.64287800000002,0.0]}},{"id":"419","type":"Feature","properties":{"Name":"AP V1 Km 88,380","descriptio":"Attributes\n  ETIQ  AP V1 Km 88,380 \n  NOM_ACCES  PTLO-L04-042 \n  AXE  LGV V1 \n  PK  88.38 \n  LONGITUDE  0°20'57.8128E \n  LATITUDE  46°38'30.7311N \n  LOT  04 \n  SEI  70 \n  LIBELLE  APP 0883-1 \n  LONG_DD  0.349392 \n  LAT_DD  46.64187","timestamp":null,"begin":null,"end":null,"altitudeMo":null,"tessellate":"-1","extrude":"0","visibility":"-1","drawOrder":null,"icon":null,"ETIQ":"AP V1 Km 88,380","NOM_ACCES":"PTLO-L04-042","AXE":"LGV V1","PK":"88.38","LONGITUDE":"0°20'57.8128E","LATITUDE":"46°38'30.7311N","LOT":"04","SEI":"70","LIBELLE":"APP 0883-1","LONG_DD":"0.349392","LAT_DD":"46.64187","gx_media_l":null,"_sp_url":null},"geometry":{"type":"Point","coordinates":[0.34939200000000015,46.64187000000001,0.0]}},{"id":"420","type":"Feature","properties":{"Name":"AR V1 Km 88,890","descriptio":"Attributes\n  ETIQ  AR V1 Km 88,890 \n  NOM_ACCES  PTLA-L05-001 \n  AXE  LGV V1 \n  PK  88.89 \n  LONGITUDE  0°20'50.5671E \n  LATITUDE  46°38'5.6828N \n  LOT  04 \n  SEI  70 \n  LIBELLE  ARP 0889-1 \n  LONG_DD  0.34738 \n  LAT_DD  46.634912","timestamp":null,"begin":null,"end":null,"altitudeMo":null,"tessellate":"-1","extrude":"0","visibility":"-1","drawOrder":null,"icon":null,"ETIQ":"AR V1 Km 88,890","NOM_ACCES":"PTLA-L05-001","AXE":"LGV V1","PK":"88.89","LONGITUDE":"0°20'50.5671E","LATITUDE":"46°38'5.6828N","LOT":"04","SEI":"70","LIBELLE":"ARP 0889-1","LONG_DD":"0.34738","LAT_DD":"46.634912","gx_media_l":null,"_sp_url":null},"geometry":{"type":"Point","coordinates":[0.34738000000000047,46.634911999999986,0.0]}},{"id":"421","type":"Feature","properties":{"Name":"AR V2 Km 88,890","descriptio":"Attributes\n  ETIQ  AR V2 Km 88,890 \n  NOM_ACCES  PTLA-L05-002 \n  AXE  LGV V2 \n  PK  88.89 \n  LONGITUDE  0°20'47.0855E \n  LATITUDE  46°38'8.6605N \n  LOT  04 \n  SEI  70 \n  LIBELLE  ARP 0889-2 \n  LONG_DD  0.346413 \n  LAT_DD  46.635739","timestamp":null,"begin":null,"end":null,"altitudeMo":null,"tessellate":"-1","extrude":"0","visibility":"-1","drawOrder":null,"icon":null,"ETIQ":"AR V2 Km 88,890","NOM_ACCES":"PTLA-L05-002","AXE":"LGV V2","PK":"88.89","LONGITUDE":"0°20'47.0855E","LATITUDE":"46°38'8.6605N","LOT":"04","SEI":"70","LIBELLE":"ARP 0889-2","LONG_DD":"0.346413","LAT_DD":"46.635739","gx_media_l":null,"_sp_url":null},"geometry":{"type":"Point","coordinates":[0.34641300000000036,46.63573899999999,0.0]}},{"id":"422","type":"Feature","properties":{"Name":"AP V2 Km 89,160","descriptio":"Attributes\n  ETIQ  AP V2 Km 89,160 \n  NOM_ACCES  PTLA-L05-002 \n  AXE  LGV V2 \n  PK  89.16 \n  LONGITUDE  0°20'47.0855E \n  LATITUDE  46°38'8.6605N \n  LOT  05 \n  SEI  57 \n  LIBELLE  APP 0891-2 \n  LONG_DD  0.346413 \n  LAT_DD  46.635739","timestamp":null,"begin":null,"end":null,"altitudeMo":null,"tessellate":"-1","extrude":"0","visibility":"-1","drawOrder":null,"icon":null,"ETIQ":"AP V2 Km 89,160","NOM_ACCES":"PTLA-L05-002","AXE":"LGV V2","PK":"89.16","LONGITUDE":"0°20'47.0855E","LATITUDE":"46°38'8.6605N","LOT":"05","SEI":"57","LIBELLE":"APP 0891-2","LONG_DD":"0.346413","LAT_DD":"46.635739","gx_media_l":null,"_sp_url":null},"geometry":{"type":"Point","coordinates":[0.34641300000000036,46.63573899999999,0.0]}},{"id":"423","type":"Feature","properties":{"Name":"AP V1 Km 89,160","descriptio":"Attributes\n  ETIQ  AP V1 Km 89,160 \n  NOM_ACCES  PTLA-L05-001 \n  AXE  LGV V1 \n  PK  89.16 \n  LONGITUDE  0°20'50.5563E \n  LATITUDE  46°38'5.6805N \n  LOT  05 \n  SEI  57 \n  LIBELLE  APP 0891-1 \n  LONG_DD  0.347377 \n  LAT_DD  46.634911","timestamp":null,"begin":null,"end":null,"altitudeMo":null,"tessellate":"-1","extrude":"0","visibility":"-1","drawOrder":null,"icon":null,"ETIQ":"AP V1 Km 89,160","NOM_ACCES":"PTLA-L05-001","AXE":"LGV V1","PK":"89.16","LONGITUDE":"0°20'50.5563E","LATITUDE":"46°38'5.6805N","LOT":"05","SEI":"57","LIBELLE":"APP 0891-1","LONG_DD":"0.347377","LAT_DD":"46.634911","gx_media_l":null,"_sp_url":null},"geometry":{"type":"Point","coordinates":[0.34737700000000094,46.634910999999995,0.0]}},{"id":"424","type":"Feature","properties":{"Name":"AP V1 Km 89,420","descriptio":"Attributes\n  ETIQ  AP V1 Km 89,420 \n  NOM_ACCES  PTLO-L05-001 \n  AXE  LGV V1 \n  PK  89.42 \n  LONGITUDE  0°20'45.4976E \n  LATITUDE  46°37'58.9889N \n  LOT  05 \n  SEI  57 \n  LIBELLE  APP 0894-1 \n  LONG_DD  0.345972 \n  LAT_DD  46.633052","timestamp":null,"begin":null,"end":null,"altitudeMo":null,"tessellate":"-1","extrude":"0","visibility":"-1","drawOrder":null,"icon":null,"ETIQ":"AP V1 Km 89,420","NOM_ACCES":"PTLO-L05-001","AXE":"LGV V1","PK":"89.42","LONGITUDE":"0°20'45.4976E","LATITUDE":"46°37'58.9889N","LOT":"05","SEI":"57","LIBELLE":"APP 0894-1","LONG_DD":"0.345972","LAT_DD":"46.633052","gx_media_l":null,"_sp_url":null},"geometry":{"type":"Point","coordinates":[0.3459720000000004,46.633052000000006,0.0]}},{"id":"425","type":"Feature","properties":{"Name":"AP V2 Km 89,670","descriptio":"Attributes\n  ETIQ  AP V2 Km 89,670 \n  NOM_ACCES  PTLO-L05-004 \n  AXE  LGV V2 \n  PK  89.67 \n  LONGITUDE  0°20'38.0237E \n  LATITUDE  46°37'52.5248N \n  LOT  05 \n  SEI  57 \n  LIBELLE  APP 0896-2 \n  LONG_DD  0.343895 \n  LAT_DD  46.631257","timestamp":null,"begin":null,"end":null,"altitudeMo":null,"tessellate":"-1","extrude":"0","visibility":"-1","drawOrder":null,"icon":null,"ETIQ":"AP V2 Km 89,670","NOM_ACCES":"PTLO-L05-004","AXE":"LGV V2","PK":"89.67","LONGITUDE":"0°20'38.0237E","LATITUDE":"46°37'52.5248N","LOT":"05","SEI":"57","LIBELLE":"APP 0896-2","LONG_DD":"0.343895","LAT_DD":"46.631257","gx_media_l":null,"_sp_url":null},"geometry":{"type":"Point","coordinates":[0.34389499999999973,46.631257,0.0]}},{"id":"426","type":"Feature","properties":{"Name":"AP V2 Km 90,280","descriptio":"Attributes\n  ETIQ  AP V2 Km 90,280 \n  NOM_ACCES  PTLO-L05-004a \n  AXE  LGV V2 \n  PK  90.28 \n  LONGITUDE  0°20'25.8536E \n  LATITUDE  46°37'34.8854N \n  LOT  05 \n  SEI  57 \n  LIBELLE  APP 0902-2 \n  LONG_DD  0.340515 \n  LAT_DD  46.626357","timestamp":null,"begin":null,"end":null,"altitudeMo":null,"tessellate":"-1","extrude":"0","visibility":"-1","drawOrder":null,"icon":null,"ETIQ":"AP V2 Km 90,280","NOM_ACCES":"PTLO-L05-004a","AXE":"LGV V2","PK":"90.28","LONGITUDE":"0°20'25.8536E","LATITUDE":"46°37'34.8854N","LOT":"05","SEI":"57","LIBELLE":"APP 0902-2","LONG_DD":"0.340515","LAT_DD":"46.626357","gx_media_l":null,"_sp_url":null},"geometry":{"type":"Point","coordinates":[0.3405150000000003,46.626357,0.0]}},{"id":"427","type":"Feature","properties":{"Name":"AP V1 Km 90,280","descriptio":"Attributes\n  ETIQ  AP V1 Km 90,280 \n  NOM_ACCES  PTLO-L05-003 \n  AXE  LGV V1 \n  PK  90.28 \n  LONGITUDE  0°20'28.6341E \n  LATITUDE  46°37'33.7974N \n  LOT  05 \n  SEI  57 \n  LIBELLE  APP 0902-1 \n  LONG_DD  0.341287 \n  LAT_DD  46.626055","timestamp":null,"begin":null,"end":null,"altitudeMo":null,"tessellate":"-1","extrude":"0","visibility":"-1","drawOrder":null,"icon":null,"ETIQ":"AP V1 Km 90,280","NOM_ACCES":"PTLO-L05-003","AXE":"LGV V1","PK":"90.28","LONGITUDE":"0°20'28.6341E","LATITUDE":"46°37'33.7974N","LOT":"05","SEI":"57","LIBELLE":"APP 0902-1","LONG_DD":"0.341287","LAT_DD":"46.626055","gx_media_l":null,"_sp_url":null},"geometry":{"type":"Point","coordinates":[0.3412870000000006,46.626055,0.0]}},{"id":"428","type":"Feature","properties":{"Name":"AP V2 Km 90,560","descriptio":"Attributes\n  ETIQ  AP V2 Km 90,560 \n  NOM_ACCES  PTLO-L05-006 \n  AXE  LGV V2 \n  PK  90.56 \n  LONGITUDE  0°20'18.92E \n  LATITUDE  46°37'26.955N \n  LOT  05 \n  SEI  57 \n  LIBELLE  APP 0905-2 \n  LONG_DD  0.338589 \n  LAT_DD  46.624154","timestamp":null,"begin":null,"end":null,"altitudeMo":null,"tessellate":"-1","extrude":"0","visibility":"-1","drawOrder":null,"icon":null,"ETIQ":"AP V2 Km 90,560","NOM_ACCES":"PTLO-L05-006","AXE":"LGV V2","PK":"90.56","LONGITUDE":"0°20'18.92E","LATITUDE":"46°37'26.955N","LOT":"05","SEI":"57","LIBELLE":"APP 0905-2","LONG_DD":"0.338589","LAT_DD":"46.624154","gx_media_l":null,"_sp_url":null},"geometry":{"type":"Point","coordinates":[0.3385890000000003,46.624154,0.0]}},{"id":"429","type":"Feature","properties":{"Name":"AP V1 Km 90,580","descriptio":"Attributes\n  ETIQ  AP V1 Km 90,580 \n  NOM_ACCES  PTLO-L05-005 \n  AXE  LGV V1 \n  PK  90.58 \n  LONGITUDE  0°20'21.7993E \n  LATITUDE  46°37'24.7747N \n  LOT  05 \n  SEI  57 \n  LIBELLE  APP 0905-1 \n  LONG_DD  0.339389 \n  LAT_DD  46.623549","timestamp":null,"begin":null,"end":null,"altitudeMo":null,"tessellate":"-1","extrude":"0","visibility":"-1","drawOrder":null,"icon":null,"ETIQ":"AP V1 Km 90,580","NOM_ACCES":"PTLO-L05-005","AXE":"LGV V1","PK":"90.58","LONGITUDE":"0°20'21.7993E","LATITUDE":"46°37'24.7747N","LOT":"05","SEI":"57","LIBELLE":"APP 0905-1","LONG_DD":"0.339389","LAT_DD":"46.623549","gx_media_l":null,"_sp_url":null},"geometry":{"type":"Point","coordinates":[0.33938900000000005,46.62354899999999,0.0]}},{"id":"430","type":"Feature","properties":{"Name":"AP V1 Km 91,025","descriptio":"Attributes\n  ETIQ  AP V1 Km 91,025 \n  NOM_ACCES  PTLO-L05-007 \n  AXE  LGV V1 \n  PK  91.025 \n  LONGITUDE  0°20'9.4349E \n  LATITUDE  46°37'13.3029N \n  LOT  05 \n  SEI  57 \n  LIBELLE  APP 0910-1 \n  LONG_DD  0.335954 \n  LAT_DD  46.620362","timestamp":null,"begin":null,"end":null,"altitudeMo":null,"tessellate":"-1","extrude":"0","visibility":"-1","drawOrder":null,"icon":null,"ETIQ":"AP V1 Km 91,025","NOM_ACCES":"PTLO-L05-007","AXE":"LGV V1","PK":"91.025","LONGITUDE":"0°20'9.4349E","LATITUDE":"46°37'13.3029N","LOT":"05","SEI":"57","LIBELLE":"APP 0910-1","LONG_DD":"0.335954","LAT_DD":"46.620362","gx_media_l":null,"_sp_url":null},"geometry":{"type":"Point","coordinates":[0.33595399999999903,46.620362,0.0]}},{"id":"431","type":"Feature","properties":{"Name":"AP V2 Km 91,270","descriptio":"Attributes\n  ETIQ  AP V2 Km 91,270 \n  NOM_ACCES  PTLO-L05-008 \n  AXE  LGV V2 \n  PK  91.27 \n  LONGITUDE  0°20'1.5773E \n  LATITUDE  46°37'8.2067N \n  LOT  05 \n  SEI  57 \n  LIBELLE  APP 0912-2 \n  LONG_DD  0.333771 \n  LAT_DD  46.618946","timestamp":null,"begin":null,"end":null,"altitudeMo":null,"tessellate":"-1","extrude":"0","visibility":"-1","drawOrder":null,"icon":null,"ETIQ":"AP V2 Km 91,270","NOM_ACCES":"PTLO-L05-008","AXE":"LGV V2","PK":"91.27","LONGITUDE":"0°20'1.5773E","LATITUDE":"46°37'8.2067N","LOT":"05","SEI":"57","LIBELLE":"APP 0912-2","LONG_DD":"0.333771","LAT_DD":"46.618946","gx_media_l":null,"_sp_url":null},"geometry":{"type":"Point","coordinates":[0.33377100000000026,46.61894600000001,0.0]}},{"id":"432","type":"Feature","properties":{"Name":"AP V1 Km 91,820","descriptio":"Attributes\n  ETIQ  AP V1 Km 91,820 \n  NOM_ACCES  PTLO-L05-009 \n  AXE  LGV V1 \n  PK  91.82 \n  LONGITUDE  0°19'47.1228E \n  LATITUDE  46°36'52.9758N \n  LOT  05 \n  SEI  57 \n  LIBELLE  APP 0918-1 \n  LONG_DD  0.329756 \n  LAT_DD  46.614716","timestamp":null,"begin":null,"end":null,"altitudeMo":null,"tessellate":"-1","extrude":"0","visibility":"-1","drawOrder":null,"icon":null,"ETIQ":"AP V1 Km 91,820","NOM_ACCES":"PTLO-L05-009","AXE":"LGV V1","PK":"91.82","LONGITUDE":"0°19'47.1228E","LATITUDE":"46°36'52.9758N","LOT":"05","SEI":"57","LIBELLE":"APP 0918-1","LONG_DD":"0.329756","LAT_DD":"46.614716","gx_media_l":null,"_sp_url":null},"geometry":{"type":"Point","coordinates":[0.32975600000000105,46.614715999999994,0.0]}},{"id":"433","type":"Feature","properties":{"Name":"AR V2 Km 91,935","descriptio":"Attributes\n  ETIQ  AR V2 Km 91,935 \n  NOM_ACCES  PTLA-L05-006 \n  AXE  LGV V2 \n  PK  91.935 \n  LONGITUDE  0°19'36.928E \n  LATITUDE  46°36'48.9127N \n  LOT  05 \n  SEI  57 \n  LIBELLE  RRL 0919-2 \n  LONG_DD  0.326924 \n  LAT_DD  46.613587","timestamp":null,"begin":null,"end":null,"altitudeMo":null,"tessellate":"-1","extrude":"0","visibility":"-1","drawOrder":null,"icon":null,"ETIQ":"AR V2 Km 91,935","NOM_ACCES":"PTLA-L05-006","AXE":"LGV V2","PK":"91.935","LONGITUDE":"0°19'36.928E","LATITUDE":"46°36'48.9127N","LOT":"05","SEI":"57","LIBELLE":"RRL 0919-2","LONG_DD":"0.326924","LAT_DD":"46.613587","gx_media_l":null,"_sp_url":null},"geometry":{"type":"Point","coordinates":[0.32692400000000127,46.613587,0.0]}},{"id":"434","type":"Feature","properties":{"Name":"AR V2 Km 91,947","descriptio":"Attributes\n  ETIQ  AR V2 Km 91,947 \n  NOM_ACCES  PTLA-L05-006 \n  AXE  LGV V2 \n  PK  91.947 \n  LONGITUDE  0°19'36.928E \n  LATITUDE  46°36'48.9127N \n  LOT  05 \n  SEI  57 \n  LIBELLE  ARP 0919-2 \n  LONG_DD  0.326924 \n  LAT_DD  46.613587","timestamp":null,"begin":null,"end":null,"altitudeMo":null,"tessellate":"-1","extrude":"0","visibility":"-1","drawOrder":null,"icon":null,"ETIQ":"AR V2 Km 91,947","NOM_ACCES":"PTLA-L05-006","AXE":"LGV V2","PK":"91.947","LONGITUDE":"0°19'36.928E","LATITUDE":"46°36'48.9127N","LOT":"05","SEI":"57","LIBELLE":"ARP 0919-2","LONG_DD":"0.326924","LAT_DD":"46.613587","gx_media_l":null,"_sp_url":null},"geometry":{"type":"Point","coordinates":[0.32692400000000127,46.613587,0.0]}},{"id":"435","type":"Feature","properties":{"Name":"AP V2 Km 92,080","descriptio":"Attributes\n  ETIQ  AP V2 Km 92,080 \n  NOM_ACCES  PTLA-L05-006 \n  AXE  LGV V2 \n  PK  92.08 \n  LONGITUDE  0°19'36.928E \n  LATITUDE  46°36'48.9127N \n  LOT  05 \n  SEI  57 \n  LIBELLE  APP 0920-2 \n  LONG_DD  0.326924 \n  LAT_DD  46.613587","timestamp":null,"begin":null,"end":null,"altitudeMo":null,"tessellate":"-1","extrude":"0","visibility":"-1","drawOrder":null,"icon":null,"ETIQ":"AP V2 Km 92,080","NOM_ACCES":"PTLA-L05-006","AXE":"LGV V2","PK":"92.08","LONGITUDE":"0°19'36.928E","LATITUDE":"46°36'48.9127N","LOT":"05","SEI":"57","LIBELLE":"APP 0920-2","LONG_DD":"0.326924","LAT_DD":"46.613587","gx_media_l":null,"_sp_url":null},"geometry":{"type":"Point","coordinates":[0.32692400000000127,46.613587,0.0]}},{"id":"436","type":"Feature","properties":{"Name":"AR V1 Km 92,600","descriptio":"Attributes\n  ETIQ  AR V1 Km 92,600 \n  NOM_ACCES  PTLA-L05-003 \n  AXE  LGV V1 \n  PK  92.6 \n  LONGITUDE  0°19'15.6228E \n  LATITUDE  46°36'26.8883N \n  LOT  05 \n  SEI  57 \n  LIBELLE  ARP 0926-1 \n  LONG_DD  0.321006 \n  LAT_DD  46.607469","timestamp":null,"begin":null,"end":null,"altitudeMo":null,"tessellate":"-1","extrude":"0","visibility":"-1","drawOrder":null,"icon":null,"ETIQ":"AR V1 Km 92,600","NOM_ACCES":"PTLA-L05-003","AXE":"LGV V1","PK":"92.6","LONGITUDE":"0°19'15.6228E","LATITUDE":"46°36'26.8883N","LOT":"05","SEI":"57","LIBELLE":"ARP 0926-1","LONG_DD":"0.321006","LAT_DD":"46.607469","gx_media_l":null,"_sp_url":null},"geometry":{"type":"Point","coordinates":[0.321006,46.607469,0.0]}},{"id":"437","type":"Feature","properties":{"Name":"AP V2 Km 92,890","descriptio":"Attributes\n  ETIQ  AP V2 Km 92,890 \n  NOM_ACCES  PTLO-L05-014 \n  AXE  LGV V2 \n  PK  92.89 \n  LONGITUDE  0°19'11.8766E \n  LATITUDE  46°36'28.6305N \n  LOT  05 \n  SEI  57 \n  LIBELLE  APP 0928-2 \n  LONG_DD  0.319966 \n  LAT_DD  46.607953","timestamp":null,"begin":null,"end":null,"altitudeMo":null,"tessellate":"-1","extrude":"0","visibility":"-1","drawOrder":null,"icon":null,"ETIQ":"AP V2 Km 92,890","NOM_ACCES":"PTLO-L05-014","AXE":"LGV V2","PK":"92.89","LONGITUDE":"0°19'11.8766E","LATITUDE":"46°36'28.6305N","LOT":"05","SEI":"57","LIBELLE":"APP 0928-2","LONG_DD":"0.319966","LAT_DD":"46.607953","gx_media_l":null,"_sp_url":null},"geometry":{"type":"Point","coordinates":[0.3199659999999999,46.60795299999999,0.0]}},{"id":"438","type":"Feature","properties":{"Name":"AP V1 Km 92,980","descriptio":"Attributes\n  ETIQ  AP V1 Km 92,980 \n  NOM_ACCES  PTLA-L05-001c \n  AXE  LGV V1 \n  PK  92.98 \n  LONGITUDE  0°19'13.4645E \n  LATITUDE  46°36'23.8941N \n  LOT  05 \n  SEI  57 \n  LIBELLE  APP 0929-1 \n  LONG_DD  0.320407 \n  LAT_DD  46.606637","timestamp":null,"begin":null,"end":null,"altitudeMo":null,"tessellate":"-1","extrude":"0","visibility":"-1","drawOrder":null,"icon":null,"ETIQ":"AP V1 Km 92,980","NOM_ACCES":"PTLA-L05-001c","AXE":"LGV V1","PK":"92.98","LONGITUDE":"0°19'13.4645E","LATITUDE":"46°36'23.8941N","LOT":"05","SEI":"57","LIBELLE":"APP 0929-1","LONG_DD":"0.320407","LAT_DD":"46.606637","gx_media_l":null,"_sp_url":null},"geometry":{"type":"Point","coordinates":[0.3204069999999995,46.606637,0.0]}},{"id":"439","type":"Feature","properties":{"Name":"AP V1 Km 93,244","descriptio":"Attributes\n  ETIQ  AP V1 Km 93,244 \n  NOM_ACCES  PTLA-L05-001c \n  AXE  LGV V1 \n  PK  93.244 \n  LONGITUDE  0°19'13.4645E \n  LATITUDE  46°36'23.8941N \n  LOT  05 \n  SEI  57 \n  LIBELLE  APP 0933-1 \n  LONG_DD  0.320407 \n  LAT_DD  46.606637","timestamp":null,"begin":null,"end":null,"altitudeMo":null,"tessellate":"-1","extrude":"0","visibility":"-1","drawOrder":null,"icon":null,"ETIQ":"AP V1 Km 93,244","NOM_ACCES":"PTLA-L05-001c","AXE":"LGV V1","PK":"93.244","LONGITUDE":"0°19'13.4645E","LATITUDE":"46°36'23.8941N","LOT":"05","SEI":"57","LIBELLE":"APP 0933-1","LONG_DD":"0.320407","LAT_DD":"46.606637","gx_media_l":null,"_sp_url":null},"geometry":{"type":"Point","coordinates":[0.3204069999999995,46.606637,0.0]}},{"id":"440","type":"Feature","properties":{"Name":"AP V2 Km 93,447","descriptio":"Attributes\n  ETIQ  AP V2 Km 93,447 \n  NOM_ACCES  PTLA-L05-008 \n  AXE  LGV V2 \n  PK  93.447 \n  LONGITUDE  0°18'54.3626E \n  LATITUDE  46°36'14.8573N \n  LOT  05 \n  SEI  57 \n  LIBELLE  APP 0934-2 \n  LONG_DD  0.315101 \n  LAT_DD  46.604127","timestamp":null,"begin":null,"end":null,"altitudeMo":null,"tessellate":"-1","extrude":"0","visibility":"-1","drawOrder":null,"icon":null,"ETIQ":"AP V2 Km 93,447","NOM_ACCES":"PTLA-L05-008","AXE":"LGV V2","PK":"93.447","LONGITUDE":"0°18'54.3626E","LATITUDE":"46°36'14.8573N","LOT":"05","SEI":"57","LIBELLE":"APP 0934-2","LONG_DD":"0.315101","LAT_DD":"46.604127","gx_media_l":null,"_sp_url":null},"geometry":{"type":"Point","coordinates":[0.31510100000000085,46.60412699999999,0.0]}},{"id":"441","type":"Feature","properties":{"Name":"AP V1 Km 93,610","descriptio":"Attributes\n  ETIQ  AP V1 Km 93,610 \n  NOM_ACCES  PTLA-L05-001c \n  AXE  LGV V1 \n  PK  93.61 \n  LONGITUDE  0°19'13.4645E \n  LATITUDE  46°36'23.8941N \n  LOT  05 \n  SEI  57 \n  LIBELLE  APP 0936-1 \n  LONG_DD  0.320407 \n  LAT_DD  46.606637","timestamp":null,"begin":null,"end":null,"altitudeMo":null,"tessellate":"-1","extrude":"0","visibility":"-1","drawOrder":null,"icon":null,"ETIQ":"AP V1 Km 93,610","NOM_ACCES":"PTLA-L05-001c","AXE":"LGV V1","PK":"93.61","LONGITUDE":"0°19'13.4645E","LATITUDE":"46°36'23.8941N","LOT":"05","SEI":"57","LIBELLE":"APP 0936-1","LONG_DD":"0.320407","LAT_DD":"46.606637","gx_media_l":null,"_sp_url":null},"geometry":{"type":"Point","coordinates":[0.3204069999999995,46.606637,0.0]}},{"id":"442","type":"Feature","properties":{"Name":"AP V2 Km 93,620","descriptio":"Attributes\n  ETIQ  AP V2 Km 93,620 \n  NOM_ACCES  PTLO-L05-016 \n  AXE  LGV V2 \n  PK  93.62 \n  LONGITUDE  0°18'49.0861E \n  LATITUDE  46°36'10.0418N \n  LOT  05 \n  SEI  57 \n  LIBELLE  APP 0936-2 \n  LONG_DD  0.313635 \n  LAT_DD  46.602789","timestamp":null,"begin":null,"end":null,"altitudeMo":null,"tessellate":"-1","extrude":"0","visibility":"-1","drawOrder":null,"icon":null,"ETIQ":"AP V2 Km 93,620","NOM_ACCES":"PTLO-L05-016","AXE":"LGV V2","PK":"93.62","LONGITUDE":"0°18'49.0861E","LATITUDE":"46°36'10.0418N","LOT":"05","SEI":"57","LIBELLE":"APP 0936-2","LONG_DD":"0.313635","LAT_DD":"46.602789","gx_media_l":null,"_sp_url":null},"geometry":{"type":"Point","coordinates":[0.3136350000000009,46.602788999999994,0.0]}},{"id":"443","type":"Feature","properties":{"Name":"AR V1 Km 94,900","descriptio":"Attributes\n ETIQ AR V1 Km 93,900 \n NOM_ACCES PTLA-L05-005 \n AXE LGV V1 \n PK 93.9 \n LONGITUDE 0°18'5.8479E \n LATITUDE 46°35'31.5437N \n LOT 05 \n SEI 57 \n LIBELLE ARP 0939-1 \n LONG_DD 0.301624 \n LAT_DD 46.592095","timestamp":null,"begin":null,"end":null,"altitudeMo":null,"tessellate":"-1","extrude":"0","visibility":"-1","drawOrder":null,"icon":null,"ETIQ":"AR V1 Km 93,900","NOM_ACCES":"PTLA-L05-005","AXE":"LGV V1","PK":"93.9","LONGITUDE":"0°18'5.8479E","LATITUDE":"46°35'31.5437N","LOT":"05","SEI":"57","LIBELLE":"ARP 0939-1","LONG_DD":"0.301624","LAT_DD":"46.592095","gx_media_l":null,"_sp_url":null},"geometry":{"type":"Point","coordinates":[0.301624000000001,46.59209500000001,0.0]}},{"id":"444","type":"Feature","properties":{"Name":"AR V2 Km 93,918","descriptio":"Attributes\n  ETIQ  AR V2 Km 93,918 \n  NOM_ACCES  PTLA-L05-010 \n  AXE  LGV V2 \n  PK  93.918 \n  LONGITUDE  0°18'28.3341E \n  LATITUDE  46°35'52.9785N \n  LOT  05 \n  SEI  57 \n  LIBELLE  ARP 0939-2 \n  LONG_DD  0.307871 \n  LAT_DD  46.59805","timestamp":null,"begin":null,"end":null,"altitudeMo":null,"tessellate":"-1","extrude":"0","visibility":"-1","drawOrder":null,"icon":null,"ETIQ":"AR V2 Km 93,918","NOM_ACCES":"PTLA-L05-010","AXE":"LGV V2","PK":"93.918","LONGITUDE":"0°18'28.3341E","LATITUDE":"46°35'52.9785N","LOT":"05","SEI":"57","LIBELLE":"ARP 0939-2","LONG_DD":"0.307871","LAT_DD":"46.59805","gx_media_l":null,"_sp_url":null},"geometry":{"type":"Point","coordinates":[0.3078710000000003,46.598050000000015,0.0]}},{"id":"445","type":"Feature","properties":{"Name":"AR V2 Km 94,365","descriptio":"Attributes\n  ETIQ  AR V2 Km 94,365 \n  NOM_ACCES  PTLA-L05-010 \n  AXE  LGV V2 \n  PK  94.365 \n  LONGITUDE  0°18'28.3314E \n  LATITUDE  46°35'52.9816N \n  LOT  05 \n  SEI  57 \n  LIBELLE  ARP 0943-2 \n  LONG_DD  0.30787 \n  LAT_DD  46.59805","timestamp":null,"begin":null,"end":null,"altitudeMo":null,"tessellate":"-1","extrude":"0","visibility":"-1","drawOrder":null,"icon":null,"ETIQ":"AR V2 Km 94,365","NOM_ACCES":"PTLA-L05-010","AXE":"LGV V2","PK":"94.365","LONGITUDE":"0°18'28.3314E","LATITUDE":"46°35'52.9816N","LOT":"05","SEI":"57","LIBELLE":"ARP 0943-2","LONG_DD":"0.30787","LAT_DD":"46.59805","gx_media_l":null,"_sp_url":null},"geometry":{"type":"Point","coordinates":[0.30786999999999987,46.59805,0.0]}},{"id":"446","type":"Feature","properties":{"Name":"AR V1 Km 94,770","descriptio":"Attributes\n  ETIQ  AR V1 Km 94,770 \n  NOM_ACCES  PTLA-L05-005 \n  AXE  LGV V1 \n  PK  94.77 \n  LONGITUDE  0°18'5.8479E \n  LATITUDE  46°35'31.5437N \n  LOT  05 \n  SEI  57 \n  LIBELLE  ARP 0947-1 \n  LONG_DD  0.301624 \n  LAT_DD  46.592095","timestamp":null,"begin":null,"end":null,"altitudeMo":null,"tessellate":"-1","extrude":"0","visibility":"-1","drawOrder":null,"icon":null,"ETIQ":"AR V1 Km 94,770","NOM_ACCES":"PTLA-L05-005","AXE":"LGV V1","PK":"94.77","LONGITUDE":"0°18'5.8479E","LATITUDE":"46°35'31.5437N","LOT":"05","SEI":"57","LIBELLE":"ARP 0947-1","LONG_DD":"0.301624","LAT_DD":"46.592095","gx_media_l":null,"_sp_url":null},"geometry":{"type":"Point","coordinates":[0.30201000000000056,46.59241399999999,0.0]}},{"id":"447","type":"Feature","properties":{"Name":"AP V2 Km 95,010","descriptio":"Attributes\n  ETIQ  AP V2 Km 95,010 \n  NOM_ACCES  PTLO-L05-018 \n  AXE  LGV V2 \n  PK  95.01 \n  LONGITUDE  0°18'7.1735E \n  LATITUDE  46°35'35.364N \n  LOT  05 \n  SEI  57 \n  LIBELLE  APP 0948-2 \n  LONG_DD  0.301993 \n  LAT_DD  46.593157","timestamp":null,"begin":null,"end":null,"altitudeMo":null,"tessellate":"-1","extrude":"0","visibility":"-1","drawOrder":null,"icon":null,"ETIQ":"AP V2 Km 95,010","NOM_ACCES":"PTLO-L05-018","AXE":"LGV V2","PK":"95.01","LONGITUDE":"0°18'7.1735E","LATITUDE":"46°35'35.364N","LOT":"05","SEI":"57","LIBELLE":"APP 0948-2","LONG_DD":"0.301993","LAT_DD":"46.593157","gx_media_l":null,"_sp_url":null},"geometry":{"type":"Point","coordinates":[0.3019930000000001,46.593157000000026,0.0]}},{"id":"448","type":"Feature","properties":{"Name":"AP V1 Km 95,240","descriptio":"Attributes\n  ETIQ  AP V1 Km 95,240 \n  NOM_ACCES  PTLO-L05-015 \n  AXE  LGV V1 \n  PK  95.24 \n  LONGITUDE  0°18'1.3791E \n  LATITUDE  46°35'27.6772N \n  LOT  05 \n  SEI  57 \n  LIBELLE  APP 0952-1 \n  LONG_DD  0.300383 \n  LAT_DD  46.591021","timestamp":null,"begin":null,"end":null,"altitudeMo":null,"tessellate":"-1","extrude":"0","visibility":"-1","drawOrder":null,"icon":null,"ETIQ":"AP V1 Km 95,240","NOM_ACCES":"PTLO-L05-015","AXE":"LGV V1","PK":"95.24","LONGITUDE":"0°18'1.3791E","LATITUDE":"46°35'27.6772N","LOT":"05","SEI":"57","LIBELLE":"APP 0952-1","LONG_DD":"0.300383","LAT_DD":"46.591021","gx_media_l":null,"_sp_url":null},"geometry":{"type":"Point","coordinates":[0.30038300000000046,46.591021000000005,0.0]}},{"id":"449","type":"Feature","properties":{"Name":"AP V2 Km 95,370","descriptio":"Attributes\n  ETIQ  AP V2 Km 95,370 \n  NOM_ACCES  PTLO-L05-020 \n  AXE  LGV V2 \n  PK  95.37 \n  LONGITUDE  0°17'56.493E \n  LATITUDE  46°35'26.2183N \n  LOT  05 \n  SEI  57 \n  LIBELLE  APP 0953-2 \n  LONG_DD  0.299026 \n  LAT_DD  46.590616","timestamp":null,"begin":null,"end":null,"altitudeMo":null,"tessellate":"-1","extrude":"0","visibility":"-1","drawOrder":null,"icon":null,"ETIQ":"AP V2 Km 95,370","NOM_ACCES":"PTLO-L05-020","AXE":"LGV V2","PK":"95.37","LONGITUDE":"0°17'56.493E","LATITUDE":"46°35'26.2183N","LOT":"05","SEI":"57","LIBELLE":"APP 0953-2","LONG_DD":"0.299026","LAT_DD":"46.590616","gx_media_l":null,"_sp_url":null},"geometry":{"type":"Point","coordinates":[0.29902600000000046,46.590616000000004,0.0]}},{"id":"450","type":"Feature","properties":{"Name":"AP V1 Km 96,610","descriptio":"Attributes\n  ETIQ  AP V1 Km 96,610 \n  NOM_ACCES  PTLO-L05-017 \n  AXE  LGV V1 \n  PK  96.61 \n  LONGITUDE  0°17'28.6131E \n  LATITUDE  46°34'50.2556N \n  LOT  05 \n  SEI  57 \n  LIBELLE  APP 0966-1 \n  LONG_DD  0.291281 \n  LAT_DD  46.580627","timestamp":null,"begin":null,"end":null,"altitudeMo":null,"tessellate":"-1","extrude":"0","visibility":"-1","drawOrder":null,"icon":null,"ETIQ":"AP V1 Km 96,610","NOM_ACCES":"PTLO-L05-017","AXE":"LGV V1","PK":"96.61","LONGITUDE":"0°17'28.6131E","LATITUDE":"46°34'50.2556N","LOT":"05","SEI":"57","LIBELLE":"APP 0966-1","LONG_DD":"0.291281","LAT_DD":"46.580627","gx_media_l":null,"_sp_url":null},"geometry":{"type":"Point","coordinates":[0.2912809999999999,46.58062700000001,0.0]}},{"id":"451","type":"Feature","properties":{"Name":"AP V2 Km 96,610","descriptio":"Attributes\n  ETIQ  AP V2 Km 96,610 \n  NOM_ACCES  PTLO-L05-022 \n  AXE  LGV V2 \n  PK  96.61 \n  LONGITUDE  0°17'23.886E \n  LATITUDE  46°34'51.7388N \n  LOT  05 \n  SEI  57 \n  LIBELLE  APP 0966-2 \n  LONG_DD  0.289968 \n  LAT_DD  46.581039","timestamp":null,"begin":null,"end":null,"altitudeMo":null,"tessellate":"-1","extrude":"0","visibility":"-1","drawOrder":null,"icon":null,"ETIQ":"AP V2 Km 96,610","NOM_ACCES":"PTLO-L05-022","AXE":"LGV V2","PK":"96.61","LONGITUDE":"0°17'23.886E","LATITUDE":"46°34'51.7388N","LOT":"05","SEI":"57","LIBELLE":"APP 0966-2","LONG_DD":"0.289968","LAT_DD":"46.581039","gx_media_l":null,"_sp_url":null},"geometry":{"type":"Point","coordinates":[0.28996800000000017,46.58103899999999,0.0]}},{"id":"452","type":"Feature","properties":{"Name":"AP V2 Km 96,840","descriptio":"Attributes\n  ETIQ  AP V2 Km 96,840 \n  NOM_ACCES  PTLA-L05-012 \n  AXE  LGV V2 \n  PK  96.84 \n  LONGITUDE  0°17'18.9577E \n  LATITUDE  46°34'46.7118N \n  LOT  05 \n  SEI  57 \n  LIBELLE  APP 0968-2 \n  LONG_DD  0.288599 \n  LAT_DD  46.579642","timestamp":null,"begin":null,"end":null,"altitudeMo":null,"tessellate":"-1","extrude":"0","visibility":"-1","drawOrder":null,"icon":null,"ETIQ":"AP V2 Km 96,840","NOM_ACCES":"PTLA-L05-012","AXE":"LGV V2","PK":"96.84","LONGITUDE":"0°17'18.9577E","LATITUDE":"46°34'46.7118N","LOT":"05","SEI":"57","LIBELLE":"APP 0968-2","LONG_DD":"0.288599","LAT_DD":"46.579642","gx_media_l":null,"_sp_url":null},"geometry":{"type":"Point","coordinates":[0.28859900000000005,46.579642,0.0]}},{"id":"453","type":"Feature","properties":{"Name":"AP V1 Km 96,880","descriptio":"Attributes\n  ETIQ  AP V1 Km 96,880 \n  NOM_ACCES  PTLA-L05-012 \n  AXE  LGV V1 \n  PK  96.88 \n  LONGITUDE  0°17'18.9577E \n  LATITUDE  46°34'46.7118N \n  LOT  05 \n  SEI  57 \n  LIBELLE  APP 0968-1 \n  LONG_DD  0.288599 \n  LAT_DD  46.579642","timestamp":null,"begin":null,"end":null,"altitudeMo":null,"tessellate":"-1","extrude":"0","visibility":"-1","drawOrder":null,"icon":null,"ETIQ":"AP V1 Km 96,880","NOM_ACCES":"PTLA-L05-012","AXE":"LGV V1","PK":"96.88","LONGITUDE":"0°17'18.9577E","LATITUDE":"46°34'46.7118N","LOT":"05","SEI":"57","LIBELLE":"APP 0968-1","LONG_DD":"0.288599","LAT_DD":"46.579642","gx_media_l":null,"_sp_url":null},"geometry":{"type":"Point","coordinates":[0.28859900000000005,46.579642,0.0]}},{"id":"454","type":"Feature","properties":{"Name":"AP V2 Km 97,060","descriptio":"Attributes\n  ETIQ  AP V2 Km 97,060 \n  NOM_ACCES  PTLA-L05-009 \n  AXE  LGV V2 \n  PK  97.06 \n  LONGITUDE  0°17'11.0979E \n  LATITUDE  46°34'31.6917N \n  LOT  05 \n  SEI  57 \n  LIBELLE  APP 0970-2 \n  LONG_DD  0.286416 \n  LAT_DD  46.57547","timestamp":null,"begin":null,"end":null,"altitudeMo":null,"tessellate":"-1","extrude":"0","visibility":"-1","drawOrder":null,"icon":null,"ETIQ":"AP V2 Km 97,060","NOM_ACCES":"PTLA-L05-009","AXE":"LGV V2","PK":"97.06","LONGITUDE":"0°17'11.0979E","LATITUDE":"46°34'31.6917N","LOT":"05","SEI":"57","LIBELLE":"APP 0970-2","LONG_DD":"0.286416","LAT_DD":"46.57547","gx_media_l":null,"_sp_url":null},"geometry":{"type":"Point","coordinates":[0.28641600000000045,46.575470000000024,0.0]}},{"id":"455","type":"Feature","properties":{"Name":"AR V1 Km 97,100","descriptio":"Attributes\n  ETIQ  AR V1 Km 97,100 \n  NOM_ACCES  PTLA-L05-009 \n  AXE  LGV V1 \n  PK  97.1 \n  LONGITUDE  0°17'11.0979E \n  LATITUDE  46°34'31.6917N \n  LOT  05 \n  SEI  57 \n  LIBELLE  ARP 0971-1 \n  LONG_DD  0.286416 \n  LAT_DD  46.57547","timestamp":null,"begin":null,"end":null,"altitudeMo":null,"tessellate":"-1","extrude":"0","visibility":"-1","drawOrder":null,"icon":null,"ETIQ":"AR V1 Km 97,100","NOM_ACCES":"PTLA-L05-009","AXE":"LGV V1","PK":"97.1","LONGITUDE":"0°17'11.0979E","LATITUDE":"46°34'31.6917N","LOT":"05","SEI":"57","LIBELLE":"ARP 0971-1","LONG_DD":"0.286416","LAT_DD":"46.57547","gx_media_l":null,"_sp_url":null},"geometry":{"type":"Point","coordinates":[0.28641600000000045,46.575470000000024,0.0]}},{"id":"456","type":"Feature","properties":{"Name":"AP V1 Km 97,940","descriptio":"Attributes\n  ETIQ  AP V1 Km 97,940 \n  NOM_ACCES  PTLO-L05-019a \n  AXE  LGV V1 \n  PK  97.94 \n  LONGITUDE  0°16'54.7384E \n  LATITUDE  46°34'14.6198N \n  LOT  05 \n  SEI  57 \n  LIBELLE  APP 0979-1 \n  LONG_DD  0.281872 \n  LAT_DD  46.570728","timestamp":null,"begin":null,"end":null,"altitudeMo":null,"tessellate":"-1","extrude":"0","visibility":"-1","drawOrder":null,"icon":null,"ETIQ":"AP V1 Km 97,940","NOM_ACCES":"PTLO-L05-019a","AXE":"LGV V1","PK":"97.94","LONGITUDE":"0°16'54.7384E","LATITUDE":"46°34'14.6198N","LOT":"05","SEI":"57","LIBELLE":"APP 0979-1","LONG_DD":"0.281872","LAT_DD":"46.570728","gx_media_l":null,"_sp_url":null},"geometry":{"type":"Point","coordinates":[0.28187200000000123,46.570727999999995,0.0]}},{"id":"457","type":"Feature","properties":{"Name":"AP V2 Km 97,950","descriptio":"Attributes\n  ETIQ  AP V2 Km 97,950 \n  NOM_ACCES  PTLO-L05-019a \n  AXE  LGV V2 \n  PK  97.95 \n  LONGITUDE  0°16'54.7384E \n  LATITUDE  46°34'14.6198N \n  LOT  05 \n  SEI  57 \n  LIBELLE  APP 0979-2 \n  LONG_DD  0.281872 \n  LAT_DD  46.570728","timestamp":null,"begin":null,"end":null,"altitudeMo":null,"tessellate":"-1","extrude":"0","visibility":"-1","drawOrder":null,"icon":null,"ETIQ":"AP V2 Km 97,950","NOM_ACCES":"PTLO-L05-019a","AXE":"LGV V2","PK":"97.95","LONGITUDE":"0°16'54.7384E","LATITUDE":"46°34'14.6198N","LOT":"05","SEI":"57","LIBELLE":"APP 0979-2","LONG_DD":"0.281872","LAT_DD":"46.570728","gx_media_l":null,"_sp_url":null},"geometry":{"type":"Point","coordinates":[0.28187200000000123,46.570727999999995,0.0]}},{"id":"458","type":"Feature","properties":{"Name":"AR V1 Km 98,260","descriptio":"Attributes\n  ETIQ  AR V1 Km 98,260 \n  NOM_ACCES  PTLA-L05-011 \n  AXE  LGV V1 \n  PK  98.26 \n  LONGITUDE  0°16'37.2442E \n  LATITUDE  46°33'58.5305N \n  LOT  05 \n  SEI  57 \n  LIBELLE  RRL 0982-1 \n  LONG_DD  0.277012 \n  LAT_DD  46.566258","timestamp":null,"begin":null,"end":null,"altitudeMo":null,"tessellate":"-1","extrude":"0","visibility":"-1","drawOrder":null,"icon":null,"ETIQ":"AR V1 Km 98,260","NOM_ACCES":"PTLA-L05-011","AXE":"LGV V1","PK":"98.26","LONGITUDE":"0°16'37.2442E","LATITUDE":"46°33'58.5305N","LOT":"05","SEI":"57","LIBELLE":"RRL 0982-1","LONG_DD":"0.277012","LAT_DD":"46.566258","gx_media_l":null,"_sp_url":null},"geometry":{"type":"Point","coordinates":[0.2770120000000001,46.566258,0.0]}},{"id":"459","type":"Feature","properties":{"Name":"AR V2 Km 98,309","descriptio":"Attributes\n  ETIQ  AR V2 Km 98,309 \n  NOM_ACCES  PTLA-L05-016 \n  AXE  LGV V2 \n  PK  98.309 \n  LONGITUDE  0°16'32.3456E \n  LATITUDE  46°33'58.8337N \n  LOT  05 \n  SEI  57 \n  LIBELLE  ARP 0983-2 \n  LONG_DD  0.275652 \n  LAT_DD  46.566343","timestamp":null,"begin":null,"end":null,"altitudeMo":null,"tessellate":"-1","extrude":"0","visibility":"-1","drawOrder":null,"icon":null,"ETIQ":"AR V2 Km 98,309","NOM_ACCES":"PTLA-L05-016","AXE":"LGV V2","PK":"98.309","LONGITUDE":"0°16'32.3456E","LATITUDE":"46°33'58.8337N","LOT":"05","SEI":"57","LIBELLE":"ARP 0983-2","LONG_DD":"0.275652","LAT_DD":"46.566343","gx_media_l":null,"_sp_url":null},"geometry":{"type":"Point","coordinates":[0.2756519999999998,46.56634300000001,0.0]}},{"id":"460","type":"Feature","properties":{"Name":"AP V1 Km 98,660","descriptio":"Attributes\n  ETIQ  AP V1 Km 98,660 \n  NOM_ACCES  PTLO-L05-021 \n  AXE  LGV V1 \n  PK  98.66 \n  LONGITUDE  0°16'35.8876E \n  LATITUDE  46°33'57.5294N \n  LOT  05 \n  SEI  57 \n  LIBELLE  APP 0986-1 \n  LONG_DD  0.276635 \n  LAT_DD  46.56598","timestamp":null,"begin":null,"end":null,"altitudeMo":null,"tessellate":"-1","extrude":"0","visibility":"-1","drawOrder":null,"icon":null,"ETIQ":"AP V1 Km 98,660","NOM_ACCES":"PTLO-L05-021","AXE":"LGV V1","PK":"98.66","LONGITUDE":"0°16'35.8876E","LATITUDE":"46°33'57.5294N","LOT":"05","SEI":"57","LIBELLE":"APP 0986-1","LONG_DD":"0.276635","LAT_DD":"46.56598","gx_media_l":null,"_sp_url":null},"geometry":{"type":"Point","coordinates":[0.2766350000000003,46.565979999999996,0.0]}},{"id":"461","type":"Feature","properties":{"Name":"AP V2 Km 98,705","descriptio":"Attributes\n  ETIQ  AP V2 Km 98,705 \n  NOM_ACCES  PTLO-L05-026 \n  AXE  LGV V2 \n  PK  98.705 \n  LONGITUDE  0°16'30.2905E \n  LATITUDE  46°33'56.4627N \n  LOT  05 \n  SEI  57 \n  LIBELLE  APP 0987-2 \n  LONG_DD  0.275081 \n  LAT_DD  46.565684","timestamp":null,"begin":null,"end":null,"altitudeMo":null,"tessellate":"-1","extrude":"0","visibility":"-1","drawOrder":null,"icon":null,"ETIQ":"AP V2 Km 98,705","NOM_ACCES":"PTLO-L05-026","AXE":"LGV V2","PK":"98.705","LONGITUDE":"0°16'30.2905E","LATITUDE":"46°33'56.4627N","LOT":"05","SEI":"57","LIBELLE":"APP 0987-2","LONG_DD":"0.275081","LAT_DD":"46.565684","gx_media_l":null,"_sp_url":null},"geometry":{"type":"Point","coordinates":[0.27508100000000063,46.565684,0.0]}},{"id":"462","type":"Feature","properties":{"Name":"AP V1 Km 99,105","descriptio":"Attributes\n  ETIQ  AP V1 Km 99,105 \n  NOM_ACCES  PTLO-L05-023 \n  AXE  LGV V1 \n  PK  99.105 \n  LONGITUDE  0°16'22.3402E \n  LATITUDE  46°33'43.7692N \n  LOT  05 \n  SEI  57 \n  LIBELLE  APP 0991-1 \n  LONG_DD  0.272872 \n  LAT_DD  46.562158","timestamp":null,"begin":null,"end":null,"altitudeMo":null,"tessellate":"-1","extrude":"0","visibility":"-1","drawOrder":null,"icon":null,"ETIQ":"AP V1 Km 99,105","NOM_ACCES":"PTLO-L05-023","AXE":"LGV V1","PK":"99.105","LONGITUDE":"0°16'22.3402E","LATITUDE":"46°33'43.7692N","LOT":"05","SEI":"57","LIBELLE":"APP 0991-1","LONG_DD":"0.272872","LAT_DD":"46.562158","gx_media_l":null,"_sp_url":null},"geometry":{"type":"Point","coordinates":[0.272872,46.562158000000004,0.0]}},{"id":"463","type":"Feature","properties":{"Name":"AP V2 Km 99,260","descriptio":"Attributes\n  ETIQ  AP V2 Km 99,260 \n  NOM_ACCES  PTLO-L05-028 \n  AXE  LGV V2 \n  PK  99.26 \n  LONGITUDE  0°16'14.6925E \n  LATITUDE  46°33'41.5972N \n  LOT  05 \n  SEI  57 \n  LIBELLE  APP 0992-2 \n  LONG_DD  0.270748 \n  LAT_DD  46.561555","timestamp":null,"begin":null,"end":null,"altitudeMo":null,"tessellate":"-1","extrude":"0","visibility":"-1","drawOrder":null,"icon":null,"ETIQ":"AP V2 Km 99,260","NOM_ACCES":"PTLO-L05-028","AXE":"LGV V2","PK":"99.26","LONGITUDE":"0°16'14.6925E","LATITUDE":"46°33'41.5972N","LOT":"05","SEI":"57","LIBELLE":"APP 0992-2","LONG_DD":"0.270748","LAT_DD":"46.561555","gx_media_l":null,"_sp_url":null},"geometry":{"type":"Point","coordinates":[0.270748,46.561555,0.0]}},{"id":"464","type":"Feature","properties":{"Name":"AP V2 Km 99,690","descriptio":"Attributes\n  ETIQ  AP V2 Km 99,690 \n  NOM_ACCES  PTLO-L05-030 \n  AXE  LGV V2 \n  PK  99.69 \n  LONGITUDE  0°16'3.0682E \n  LATITUDE  46°33'30.3973N \n  LOT  05 \n  SEI  57 \n  LIBELLE  APP 0996-2 \n  LONG_DD  0.267519 \n  LAT_DD  46.558444","timestamp":null,"begin":null,"end":null,"altitudeMo":null,"tessellate":"-1","extrude":"0","visibility":"-1","drawOrder":null,"icon":null,"ETIQ":"AP V2 Km 99,690","NOM_ACCES":"PTLO-L05-030","AXE":"LGV V2","PK":"99.69","LONGITUDE":"0°16'3.0682E","LATITUDE":"46°33'30.3973N","LOT":"05","SEI":"57","LIBELLE":"APP 0996-2","LONG_DD":"0.267519","LAT_DD":"46.558444","gx_media_l":null,"_sp_url":null},"geometry":{"type":"Point","coordinates":[0.26751900000000123,46.558443999999994,0.0]}},{"id":"465","type":"Feature","properties":{"Name":"AP V1 Km 99,700","descriptio":"Attributes\n  ETIQ  AP V1 Km 99,700 \n  NOM_ACCES  PTLO-L05-025 \n  AXE  LGV V1 \n  PK  99.7 \n  LONGITUDE  0°16'6.4445E \n  LATITUDE  46°33'28.3026N \n  LOT  05 \n  SEI  57 \n  LIBELLE  APP 0997-1 \n  LONG_DD  0.268457 \n  LAT_DD  46.557862","timestamp":null,"begin":null,"end":null,"altitudeMo":null,"tessellate":"-1","extrude":"0","visibility":"-1","drawOrder":null,"icon":null,"ETIQ":"AP V1 Km 99,700","NOM_ACCES":"PTLO-L05-025","AXE":"LGV V1","PK":"99.7","LONGITUDE":"0°16'6.4445E","LATITUDE":"46°33'28.3026N","LOT":"05","SEI":"57","LIBELLE":"APP 0997-1","LONG_DD":"0.268457","LAT_DD":"46.557862","gx_media_l":null,"_sp_url":null},"geometry":{"type":"Point","coordinates":[0.268457,46.557862,0.0]}},{"id":"466","type":"Feature","properties":{"Name":"AR V1 Km 100,085","descriptio":"Attributes\n  ETIQ  AR V1 Km 100,085 \n  NOM_ACCES  PTLA-L05-013 \n  AXE  LGV V1 \n  PK  100.085 \n  LONGITUDE  0°15'51.0936E \n  LATITUDE  46°33'12.1135N \n  LOT  05 \n  SEI  57 \n  LIBELLE  ARP 1000-1 \n  LONG_DD  0.264193 \n  LAT_DD  46.553365","timestamp":null,"begin":null,"end":null,"altitudeMo":null,"tessellate":"-1","extrude":"0","visibility":"-1","drawOrder":null,"icon":null,"ETIQ":"AR V1 Km 100,085","NOM_ACCES":"PTLA-L05-013","AXE":"LGV V1","PK":"100.085","LONGITUDE":"0°15'51.0936E","LATITUDE":"46°33'12.1135N","LOT":"05","SEI":"57","LIBELLE":"ARP 1000-1","LONG_DD":"0.264193","LAT_DD":"46.553365","gx_media_l":null,"_sp_url":null},"geometry":{"type":"Point","coordinates":[0.26419299999999984,46.553365,0.0]}},{"id":"467","type":"Feature","properties":{"Name":"AR V2 Km 100,085","descriptio":"Attributes\n  ETIQ  AR V2 Km 100,085 \n  NOM_ACCES  PTLA-L05-018 \n  AXE  LGV V2 \n  PK  100.085 \n  LONGITUDE  0°15'45.408E \n  LATITUDE  46°33'13.4718N \n  LOT  05 \n  SEI  57 \n  LIBELLE  ARP 1000-2 \n  LONG_DD  0.262613 \n  LAT_DD  46.553742","timestamp":null,"begin":null,"end":null,"altitudeMo":null,"tessellate":"-1","extrude":"0","visibility":"-1","drawOrder":null,"icon":null,"ETIQ":"AR V2 Km 100,085","NOM_ACCES":"PTLA-L05-018","AXE":"LGV V2","PK":"100.085","LONGITUDE":"0°15'45.408E","LATITUDE":"46°33'13.4718N","LOT":"05","SEI":"57","LIBELLE":"ARP 1000-2","LONG_DD":"0.262613","LAT_DD":"46.553742","gx_media_l":null,"_sp_url":null},"geometry":{"type":"Point","coordinates":[0.2626130000000011,46.553742,0.0]}},{"id":"468","type":"Feature","properties":{"Name":"AP V2 Km 100,960","descriptio":"Attributes\n  ETIQ  AP V2 Km 100,960 \n  NOM_ACCES  PTLO-L05-032 \n  AXE  LGV V2 \n  PK  100.96 \n  LONGITUDE  0°15'28.5085E \n  LATITUDE  46°32'58.0412N \n  LOT  05 \n  SEI  58 \n  LIBELLE  APP 1009-2 \n  LONG_DD  0.257919 \n  LAT_DD  46.549456","timestamp":null,"begin":null,"end":null,"altitudeMo":null,"tessellate":"-1","extrude":"0","visibility":"-1","drawOrder":null,"icon":null,"ETIQ":"AP V2 Km 100,960","NOM_ACCES":"PTLO-L05-032","AXE":"LGV V2","PK":"100.96","LONGITUDE":"0°15'28.5085E","LATITUDE":"46°32'58.0412N","LOT":"05","SEI":"58","LIBELLE":"APP 1009-2","LONG_DD":"0.257919","LAT_DD":"46.549456","gx_media_l":null,"_sp_url":null},"geometry":{"type":"Point","coordinates":[0.25791899999999995,46.54945600000001,0.0]}},{"id":"469","type":"Feature","properties":{"Name":"AP V1 Km 100,990","descriptio":"Attributes\n  ETIQ  AP V1 Km 100,990 \n  NOM_ACCES  PTLO-L05-027 \n  AXE  LGV V1 \n  PK  100.99 \n  LONGITUDE  0°15'31.2224E \n  LATITUDE  46°32'54.3815N \n  LOT  05 \n  SEI  58 \n  LIBELLE  APP 1009-1 \n  LONG_DD  0.258673 \n  LAT_DD  46.548439","timestamp":null,"begin":null,"end":null,"altitudeMo":null,"tessellate":"-1","extrude":"0","visibility":"-1","drawOrder":null,"icon":null,"ETIQ":"AP V1 Km 100,990","NOM_ACCES":"PTLO-L05-027","AXE":"LGV V1","PK":"100.99","LONGITUDE":"0°15'31.2224E","LATITUDE":"46°32'54.3815N","LOT":"05","SEI":"58","LIBELLE":"APP 1009-1","LONG_DD":"0.258673","LAT_DD":"46.548439","gx_media_l":null,"_sp_url":null},"geometry":{"type":"Point","coordinates":[0.2586729999999999,46.548438999999995,0.0]}},{"id":"470","type":"Feature","properties":{"Name":"AP V2 Km 101,410","descriptio":"Attributes\n  ETIQ  AP V2 Km 101,410 \n  NOM_ACCES  PTLO-L05-034 \n  AXE  LGV V2 \n  PK  101.41 \n  LONGITUDE  0°15'15.8346E \n  LATITUDE  46°32'44.9636N \n  LOT  05 \n  SEI  58 \n  LIBELLE  APP 1014-2 \n  LONG_DD  0.254398 \n  LAT_DD  46.545823","timestamp":null,"begin":null,"end":null,"altitudeMo":null,"tessellate":"-1","extrude":"0","visibility":"-1","drawOrder":null,"icon":null,"ETIQ":"AP V2 Km 101,410","NOM_ACCES":"PTLO-L05-034","AXE":"LGV V2","PK":"101.41","LONGITUDE":"0°15'15.8346E","LATITUDE":"46°32'44.9636N","LOT":"05","SEI":"58","LIBELLE":"APP 1014-2","LONG_DD":"0.254398","LAT_DD":"46.545823","gx_media_l":null,"_sp_url":null},"geometry":{"type":"Point","coordinates":[0.2543979999999992,46.545823,0.0]}},{"id":"471","type":"Feature","properties":{"Name":"AP V1 Km 101,780","descriptio":"Attributes\n  ETIQ  AP V1 Km 101,780 \n  NOM_ACCES  PTLO-L05-033a \n  AXE  LGV V1 \n  PK  101.78 \n  LONGITUDE  0°15'18.0582E \n  LATITUDE  46°32'40.3013N \n  LOT  05 \n  SEI  58 \n  LIBELLE  APP 1017-1 \n  LONG_DD  0.255016 \n  LAT_DD  46.544528","timestamp":null,"begin":null,"end":null,"altitudeMo":null,"tessellate":"-1","extrude":"0","visibility":"-1","drawOrder":null,"icon":null,"ETIQ":"AP V1 Km 101,780","NOM_ACCES":"PTLO-L05-033a","AXE":"LGV V1","PK":"101.78","LONGITUDE":"0°15'18.0582E","LATITUDE":"46°32'40.3013N","LOT":"05","SEI":"58","LIBELLE":"APP 1017-1","LONG_DD":"0.255016","LAT_DD":"46.544528","gx_media_l":null,"_sp_url":null},"geometry":{"type":"Point","coordinates":[0.2550160000000009,46.544528,0.0]}},{"id":"472","type":"Feature","properties":{"Name":"AP V2 Km 101,810","descriptio":"Attributes\n  ETIQ  AP V2 Km 101,810 \n  NOM_ACCES  PTLO-L05-036 \n  AXE  LGV V2 \n  PK  101.81 \n  LONGITUDE  0°15'4.597E \n  LATITUDE  46°32'32.9165N \n  LOT  05 \n  SEI  58 \n  LIBELLE  APP 1018-2 \n  LONG_DD  0.251277 \n  LAT_DD  46.542477","timestamp":null,"begin":null,"end":null,"altitudeMo":null,"tessellate":"-1","extrude":"0","visibility":"-1","drawOrder":null,"icon":null,"ETIQ":"AP V2 Km 101,810","NOM_ACCES":"PTLO-L05-036","AXE":"LGV V2","PK":"101.81","LONGITUDE":"0°15'4.597E","LATITUDE":"46°32'32.9165N","LOT":"05","SEI":"58","LIBELLE":"APP 1018-2","LONG_DD":"0.251277","LAT_DD":"46.542477","gx_media_l":null,"_sp_url":null},"geometry":{"type":"Point","coordinates":[0.25127700000000086,46.542477000000005,0.0]}},{"id":"473","type":"Feature","properties":{"Name":"AR V1 Km 102,205","descriptio":"Attributes\n  ETIQ  AR V1 Km 102,205 \n  NOM_ACCES  PTLO-L05-029a \n  AXE  LGV V1 \n  PK  102.205 \n  LONGITUDE  0°14'58.8742E \n  LATITUDE  46°32'21.7031N \n  LOT  05 \n  SEI  58 \n  LIBELLE  ARP 1022-1 \n  LONG_DD  0.249687 \n  LAT_DD  46.539362","timestamp":null,"begin":null,"end":null,"altitudeMo":null,"tessellate":"-1","extrude":"0","visibility":"-1","drawOrder":null,"icon":null,"ETIQ":"AR V1 Km 102,205","NOM_ACCES":"PTLO-L05-029a","AXE":"LGV V1","PK":"102.205","LONGITUDE":"0°14'58.8742E","LATITUDE":"46°32'21.7031N","LOT":"05","SEI":"58","LIBELLE":"ARP 1022-1","LONG_DD":"0.249687","LAT_DD":"46.539362","gx_media_l":null,"_sp_url":null},"geometry":{"type":"Point","coordinates":[0.249687,46.53936199999998,0.0]}},{"id":"474","type":"Feature","properties":{"Name":"AR V2 Km 102,335","descriptio":"Attributes\n  ETIQ  AR V2 Km 102,335 \n  NOM_ACCES  PTLA-L05-020 \n  AXE  LGV V2 \n  PK  102.335 \n  LONGITUDE  0°14'54.1747E \n  LATITUDE  46°32'17.4158N \n  LOT  05 \n  SEI  58 \n  LIBELLE  ARP 1023-2 \n  LONG_DD  0.248382 \n  LAT_DD  46.538171","timestamp":null,"begin":null,"end":null,"altitudeMo":null,"tessellate":"-1","extrude":"0","visibility":"-1","drawOrder":null,"icon":null,"ETIQ":"AR V2 Km 102,335","NOM_ACCES":"PTLA-L05-020","AXE":"LGV V2","PK":"102.335","LONGITUDE":"0°14'54.1747E","LATITUDE":"46°32'17.4158N","LOT":"05","SEI":"58","LIBELLE":"ARP 1023-2","LONG_DD":"0.248382","LAT_DD":"46.538171","gx_media_l":null,"_sp_url":null},"geometry":{"type":"Point","coordinates":[0.24838199999999966,46.538170999999984,0.0]}},{"id":"475","type":"Feature","properties":{"Name":"AR V1 Km 103,413","descriptio":"Attributes\n  ETIQ  AR V1 Km 103,413 \n  NOM_ACCES  PTLA-L05-015 \n  AXE  LGV V1 \n  PK  103.413 \n  LONGITUDE  0°14'38.0841E \n  LATITUDE  46°31'47.8075N \n  LOT  05 \n  SEI  58 \n  LIBELLE  ARP 1034-1 \n  LONG_DD  0.243912 \n  LAT_DD  46.529947","timestamp":null,"begin":null,"end":null,"altitudeMo":null,"tessellate":"-1","extrude":"0","visibility":"-1","drawOrder":null,"icon":null,"ETIQ":"AR V1 Km 103,413","NOM_ACCES":"PTLA-L05-015","AXE":"LGV V1","PK":"103.413","LONGITUDE":"0°14'38.0841E","LATITUDE":"46°31'47.8075N","LOT":"05","SEI":"58","LIBELLE":"ARP 1034-1","LONG_DD":"0.243912","LAT_DD":"46.529947","gx_media_l":null,"_sp_url":null},"geometry":{"type":"Point","coordinates":[0.2439120000000004,46.529946999999986,0.0]}},{"id":"476","type":"Feature","properties":{"Name":"AR V2 Km 103,420","descriptio":"Attributes\n  ETIQ  AR V2 Km 103,420 \n  NOM_ACCES  PTLA-L05-022 \n  AXE  LGV V2 \n  PK  103.42 \n  LONGITUDE  0°14'34.1384E \n  LATITUDE  46°31'46.9439N \n  LOT  05 \n  SEI  58 \n  LIBELLE  ARP 1034-2 \n  LONG_DD  0.242816 \n  LAT_DD  46.529707","timestamp":null,"begin":null,"end":null,"altitudeMo":null,"tessellate":"-1","extrude":"0","visibility":"-1","drawOrder":null,"icon":null,"ETIQ":"AR V2 Km 103,420","NOM_ACCES":"PTLA-L05-022","AXE":"LGV V2","PK":"103.42","LONGITUDE":"0°14'34.1384E","LATITUDE":"46°31'46.9439N","LOT":"05","SEI":"58","LIBELLE":"ARP 1034-2","LONG_DD":"0.242816","LAT_DD":"46.529707","gx_media_l":null,"_sp_url":null},"geometry":{"type":"Point","coordinates":[0.24281599999999992,46.52970700000001,0.0]}},{"id":"477","type":"Feature","properties":{"Name":"AP V2 Km 103,700","descriptio":"Attributes\n  ETIQ  AP V2 Km 103,700 \n  NOM_ACCES  PTLO-L05-038 \n  AXE  LGV V2 \n  PK  103.7 \n  LONGITUDE  0°14'29.811E \n  LATITUDE  46°31'37.635N \n  LOT  05 \n  SEI  58 \n  LIBELLE  APP 1037-2 \n  LONG_DD  0.241614 \n  LAT_DD  46.527121","timestamp":null,"begin":null,"end":null,"altitudeMo":null,"tessellate":"-1","extrude":"0","visibility":"-1","drawOrder":null,"icon":null,"ETIQ":"AP V2 Km 103,700","NOM_ACCES":"PTLO-L05-038","AXE":"LGV V2","PK":"103.7","LONGITUDE":"0°14'29.811E","LATITUDE":"46°31'37.635N","LOT":"05","SEI":"58","LIBELLE":"APP 1037-2","LONG_DD":"0.241614","LAT_DD":"46.527121","gx_media_l":null,"_sp_url":null},"geometry":{"type":"Point","coordinates":[0.24161400000000016,46.527121,0.0]}},{"id":"478","type":"Feature","properties":{"Name":"AP V2 Km 104,186","descriptio":"Attributes\n  ETIQ  AP V2 Km 104,186 \n  NOM_ACCES  PTLA-L05-024 \n  AXE  LGV V2 \n  PK  104.186 \n  LONGITUDE  0°14'20.4008E \n  LATITUDE  46°31'22.6374N \n  LOT  05 \n  SEI  58 \n  LIBELLE  APP 1041-2 \n  LONG_DD  0.239 \n  LAT_DD  46.522955","timestamp":null,"begin":null,"end":null,"altitudeMo":null,"tessellate":"-1","extrude":"0","visibility":"-1","drawOrder":null,"icon":null,"ETIQ":"AP V2 Km 104,186","NOM_ACCES":"PTLA-L05-024","AXE":"LGV V2","PK":"104.186","LONGITUDE":"0°14'20.4008E","LATITUDE":"46°31'22.6374N","LOT":"05","SEI":"58","LIBELLE":"APP 1041-2","LONG_DD":"0.239","LAT_DD":"46.522955","gx_media_l":null,"_sp_url":null},"geometry":{"type":"Point","coordinates":[0.2390000000000008,46.522955,0.0]}},{"id":"479","type":"Feature","properties":{"Name":"AP V2 Km 104,700","descriptio":"Attributes\n  ETIQ  AP V2 Km 104,700 \n  NOM_ACCES  PTLA-L05-026 \n  AXE  LGV V2 \n  PK  104.7 \n  LONGITUDE  0°14'11.7664E \n  LATITUDE  46°31'6.6246N \n  LOT  05 \n  SEI  58 \n  LIBELLE  RRL 1047-2 \n  LONG_DD  0.236602 \n  LAT_DD  46.518507","timestamp":null,"begin":null,"end":null,"altitudeMo":null,"tessellate":"-1","extrude":"0","visibility":"-1","drawOrder":null,"icon":null,"ETIQ":"AP V2 Km 104,700","NOM_ACCES":"PTLA-L05-026","AXE":"LGV V2","PK":"104.7","LONGITUDE":"0°14'11.7664E","LATITUDE":"46°31'6.6246N","LOT":"05","SEI":"58","LIBELLE":"RRL 1047-2","LONG_DD":"0.236602","LAT_DD":"46.518507","gx_media_l":null,"_sp_url":null},"geometry":{"type":"Point","coordinates":[0.23660199999999953,46.51850700000002,0.0]}},{"id":"480","type":"Feature","properties":{"Name":"AR V2 Km 105,097","descriptio":"Attributes\n  ETIQ  AR V2 Km 105,097 \n  NOM_ACCES  PTLA-L05-030 \n  AXE  LGV V2 \n  PK  105.097 \n  LONGITUDE  0°14'3.632E \n  LATITUDE  46°30'54.0014N \n  LOT  05 \n  SEI  58 \n  LIBELLE  ARP 1050-2 \n  LONG_DD  0.234342 \n  LAT_DD  46.515","timestamp":null,"begin":null,"end":null,"altitudeMo":null,"tessellate":"-1","extrude":"0","visibility":"-1","drawOrder":null,"icon":null,"ETIQ":"AR V2 Km 105,097","NOM_ACCES":"PTLA-L05-030","AXE":"LGV V2","PK":"105.097","LONGITUDE":"0°14'3.632E","LATITUDE":"46°30'54.0014N","LOT":"05","SEI":"58","LIBELLE":"ARP 1050-2","LONG_DD":"0.234342","LAT_DD":"46.515","gx_media_l":null,"_sp_url":null},"geometry":{"type":"Point","coordinates":[0.23434200000000124,46.51499999999997,0.0]}},{"id":"481","type":"Feature","properties":{"Name":"AP V1 Km 105,900","descriptio":"Attributes\n  ETIQ  AP V1 Km 105,900 \n  NOM_ACCES  PTLO-L05-043 \n  AXE  LGV V1 \n  PK  105.9 \n  LONGITUDE  0°13'54.0964E \n  LATITUDE  46°30'30.8512N \n  LOT  05 \n  SEI  58 \n  LIBELLE  APP 1059-1 \n  LONG_DD  0.231693 \n  LAT_DD  46.50857","timestamp":null,"begin":null,"end":null,"altitudeMo":null,"tessellate":"-1","extrude":"0","visibility":"-1","drawOrder":null,"icon":null,"ETIQ":"AP V1 Km 105,900","NOM_ACCES":"PTLO-L05-043","AXE":"LGV V1","PK":"105.9","LONGITUDE":"0°13'54.0964E","LATITUDE":"46°30'30.8512N","LOT":"05","SEI":"58","LIBELLE":"APP 1059-1","LONG_DD":"0.231693","LAT_DD":"46.50857","gx_media_l":null,"_sp_url":null},"geometry":{"type":"Point","coordinates":[0.23169300000000026,46.508570000000006,0.0]}},{"id":"482","type":"Feature","properties":{"Name":"AP V2 Km 106,150","descriptio":"Attributes\n  ETIQ  AP V2 Km 106,150 \n  NOM_ACCES  PTLO-L05-042 \n  AXE  LGV V2 \n  PK  106.15 \n  LONGITUDE  0°13'47.3387E \n  LATITUDE  46°30'23.8483N \n  LOT  05 \n  SEI  58 \n  LIBELLE  APP 1061-2 \n  LONG_DD  0.229816 \n  LAT_DD  46.506625","timestamp":null,"begin":null,"end":null,"altitudeMo":null,"tessellate":"-1","extrude":"0","visibility":"-1","drawOrder":null,"icon":null,"ETIQ":"AP V2 Km 106,150","NOM_ACCES":"PTLO-L05-042","AXE":"LGV V2","PK":"106.15","LONGITUDE":"0°13'47.3387E","LATITUDE":"46°30'23.8483N","LOT":"05","SEI":"58","LIBELLE":"APP 1061-2","LONG_DD":"0.229816","LAT_DD":"46.506625","gx_media_l":null,"_sp_url":null},"geometry":{"type":"Point","coordinates":[0.22981599999999922,46.50662500000002,0.0]}},{"id":"483","type":"Feature","properties":{"Name":"AP V2 Km 106,390","descriptio":"Attributes\n  ETIQ  AP V2 Km 106,390 \n  NOM_ACCES  PTLO-L05-046 \n  AXE  LGV V2 \n  PK  106.39 \n  LONGITUDE  0°13'43.2371E \n  LATITUDE  46°30'16.1859N \n  LOT  05 \n  SEI  58 \n  LIBELLE  APP 1063-2 \n  LONG_DD  0.228677 \n  LAT_DD  46.504496","timestamp":null,"begin":null,"end":null,"altitudeMo":null,"tessellate":"-1","extrude":"0","visibility":"-1","drawOrder":null,"icon":null,"ETIQ":"AP V2 Km 106,390","NOM_ACCES":"PTLO-L05-046","AXE":"LGV V2","PK":"106.39","LONGITUDE":"0°13'43.2371E","LATITUDE":"46°30'16.1859N","LOT":"05","SEI":"58","LIBELLE":"APP 1063-2","LONG_DD":"0.228677","LAT_DD":"46.504496","gx_media_l":null,"_sp_url":null},"geometry":{"type":"Point","coordinates":[0.22867700000000007,46.504496,0.0]}},{"id":"484","type":"Feature","properties":{"Name":"AR V1 Km 108,081","descriptio":"Attributes\n  ETIQ  AR V1 Km 108,081 \n  NOM_ACCES  PTLA-L06-001 \n  AXE  LGV V1 \n  PK  108.081 \n  LONGITUDE  0°13'16.6786E \n  LATITUDE  46°29'24.1033N \n  LOT  06 \n  SEI  58 \n  LIBELLE  ARP 1080-1 \n  LONG_DD  0.2213 \n  LAT_DD  46.490029","timestamp":null,"begin":null,"end":null,"altitudeMo":null,"tessellate":"-1","extrude":"0","visibility":"-1","drawOrder":null,"icon":null,"ETIQ":"AR V1 Km 108,081","NOM_ACCES":"PTLA-L06-001","AXE":"LGV V1","PK":"108.081","LONGITUDE":"0°13'16.6786E","LATITUDE":"46°29'24.1033N","LOT":"06","SEI":"58","LIBELLE":"ARP 1080-1","LONG_DD":"0.2213","LAT_DD":"46.490029","gx_media_l":null,"_sp_url":null},"geometry":{"type":"Point","coordinates":[0.22129999999999986,46.490029,0.0]}},{"id":"485","type":"Feature","properties":{"Name":"AR V1 Km 108,209","descriptio":"Attributes\n  ETIQ  AR V1 Km 108,209 \n  NOM_ACCES  PTLA-L06-001 \n  AXE  LGV V1 \n  PK  108.209 \n  LONGITUDE  0°13'16.6786E \n  LATITUDE  46°29'24.1033N \n  LOT  06 \n  SEI  58 \n  LIBELLE  ARP 1082-1 \n  LONG_DD  0.2213 \n  LAT_DD  46.490029","timestamp":null,"begin":null,"end":null,"altitudeMo":null,"tessellate":"-1","extrude":"0","visibility":"-1","drawOrder":null,"icon":null,"ETIQ":"AR V1 Km 108,209","NOM_ACCES":"PTLA-L06-001","AXE":"LGV V1","PK":"108.209","LONGITUDE":"0°13'16.6786E","LATITUDE":"46°29'24.1033N","LOT":"06","SEI":"58","LIBELLE":"ARP 1082-1","LONG_DD":"0.2213","LAT_DD":"46.490029","gx_media_l":null,"_sp_url":null},"geometry":{"type":"Point","coordinates":[0.22129999999999986,46.490029,0.0]}},{"id":"486","type":"Feature","properties":{"Name":"AP V1 Km 108,420","descriptio":"Attributes\n  ETIQ  AP V1 Km 108,420 \n  NOM_ACCES  PTLO-L06-001 \n  AXE  LGV V1 \n  PK  108.42 \n  LONGITUDE  0°13'10.6885E \n  LATITUDE  46°29'13.1462N \n  LOT  06 \n  SEI  58 \n  LIBELLE  APP 1084-1 \n  LONG_DD  0.219636 \n  LAT_DD  46.486985","timestamp":null,"begin":null,"end":null,"altitudeMo":null,"tessellate":"-1","extrude":"0","visibility":"-1","drawOrder":null,"icon":null,"ETIQ":"AP V1 Km 108,420","NOM_ACCES":"PTLO-L06-001","AXE":"LGV V1","PK":"108.42","LONGITUDE":"0°13'10.6885E","LATITUDE":"46°29'13.1462N","LOT":"06","SEI":"58","LIBELLE":"APP 1084-1","LONG_DD":"0.219636","LAT_DD":"46.486985","gx_media_l":null,"_sp_url":null},"geometry":{"type":"Point","coordinates":[0.21963600000000097,46.48698499999999,0.0]}},{"id":"487","type":"Feature","properties":{"Name":"AR V2 Km 108,450","descriptio":"Attributes\n  ETIQ  AR V2 Km 108,450 \n  NOM_ACCES  PTLA-L06-002 \n  AXE  LGV V2 \n  PK  108.45 \n  LONGITUDE  0°13'6.035E \n  LATITUDE  46°29'13.7835N \n  LOT  06 \n  SEI  58 \n  LIBELLE  ARP 1084-2 \n  LONG_DD  0.218343 \n  LAT_DD  46.487162","timestamp":null,"begin":null,"end":null,"altitudeMo":null,"tessellate":"-1","extrude":"0","visibility":"-1","drawOrder":null,"icon":null,"ETIQ":"AR V2 Km 108,450","NOM_ACCES":"PTLA-L06-002","AXE":"LGV V2","PK":"108.45","LONGITUDE":"0°13'6.035E","LATITUDE":"46°29'13.7835N","LOT":"06","SEI":"58","LIBELLE":"ARP 1084-2","LONG_DD":"0.218343","LAT_DD":"46.487162","gx_media_l":null,"_sp_url":null},"geometry":{"type":"Point","coordinates":[0.2183429999999996,46.487162000000005,0.0]}},{"id":"488","type":"Feature","properties":{"Name":"AR V2 Km 108,670","descriptio":"Attributes\n  ETIQ  AR V2 Km 108,670 \n  NOM_ACCES  PTLA-L06-002 \n  AXE  LGV V2 \n  PK  108.67 \n  LONGITUDE  0°13'6.035E \n  LATITUDE  46°29'13.7835N \n  LOT  06 \n  SEI  58 \n  LIBELLE  ARP 1086-2 \n  LONG_DD  0.218343 \n  LAT_DD  46.487162","timestamp":null,"begin":null,"end":null,"altitudeMo":null,"tessellate":"-1","extrude":"0","visibility":"-1","drawOrder":null,"icon":null,"ETIQ":"AR V2 Km 108,670","NOM_ACCES":"PTLA-L06-002","AXE":"LGV V2","PK":"108.67","LONGITUDE":"0°13'6.035E","LATITUDE":"46°29'13.7835N","LOT":"06","SEI":"58","LIBELLE":"ARP 1086-2","LONG_DD":"0.218343","LAT_DD":"46.487162","gx_media_l":null,"_sp_url":null},"geometry":{"type":"Point","coordinates":[0.2183429999999996,46.487162000000005,0.0]}},{"id":"489","type":"Feature","properties":{"Name":"AR V1 Km 108,748","descriptio":"Attributes\n  ETIQ  AR V1 Km 108,748 \n  NOM_ACCES  PTLA-L06-003 \n  AXE  LGV V1 \n  PK  108.748 \n  LONGITUDE  0°13'9.9066E \n  LATITUDE  46°29'11.0515N \n  LOT  06 \n  SEI  58 \n  LIBELLE  ARP 1087-1 \n  LONG_DD  0.219418 \n  LAT_DD  46.486403","timestamp":null,"begin":null,"end":null,"altitudeMo":null,"tessellate":"-1","extrude":"0","visibility":"-1","drawOrder":null,"icon":null,"ETIQ":"AR V1 Km 108,748","NOM_ACCES":"PTLA-L06-003","AXE":"LGV V1","PK":"108.748","LONGITUDE":"0°13'9.9066E","LATITUDE":"46°29'11.0515N","LOT":"06","SEI":"58","LIBELLE":"ARP 1087-1","LONG_DD":"0.219418","LAT_DD":"46.486403","gx_media_l":null,"_sp_url":null},"geometry":{"type":"Point","coordinates":[0.21941800000000014,46.48640300000002,0.0]}},{"id":"490","type":"Feature","properties":{"Name":"AP V1 Km 109,405","descriptio":"Attributes\n  ETIQ  AP V1 Km 109,405 \n  NOM_ACCES  PTLO-L06-001a \n  AXE  LGV V1 \n  PK  109.405 \n  LONGITUDE  0°12'54.2443E \n  LATITUDE  46°28'45.0182N \n  LOT  06 \n  SEI  59 \n  LIBELLE  APP 1094-1 \n  LONG_DD  0.215068 \n  LAT_DD  46.479172","timestamp":null,"begin":null,"end":null,"altitudeMo":null,"tessellate":"-1","extrude":"0","visibility":"-1","drawOrder":null,"icon":null,"ETIQ":"AP V1 Km 109,405","NOM_ACCES":"PTLO-L06-001a","AXE":"LGV V1","PK":"109.405","LONGITUDE":"0°12'54.2443E","LATITUDE":"46°28'45.0182N","LOT":"06","SEI":"59","LIBELLE":"APP 1094-1","LONG_DD":"0.215068","LAT_DD":"46.479172","gx_media_l":null,"_sp_url":null},"geometry":{"type":"Point","coordinates":[0.21506800000000065,46.479172000000005,0.0]}},{"id":"491","type":"Feature","properties":{"Name":"AR V2 Km 109,540","descriptio":"Attributes\n  ETIQ  AR V2 Km 109,540 \n  NOM_ACCES  PTLA-L06-004 \n  AXE  LGV V2 \n  PK  109.54 \n  LONGITUDE  0°12'44.1259E \n  LATITUDE  46°28'26.4173N \n  LOT  06 \n  SEI  59 \n  LIBELLE  ARP 1095-2 \n  LONG_DD  0.212257 \n  LAT_DD  46.474005","timestamp":null,"begin":null,"end":null,"altitudeMo":null,"tessellate":"-1","extrude":"0","visibility":"-1","drawOrder":null,"icon":null,"ETIQ":"AR V2 Km 109,540","NOM_ACCES":"PTLA-L06-004","AXE":"LGV V2","PK":"109.54","LONGITUDE":"0°12'44.1259E","LATITUDE":"46°28'26.4173N","LOT":"06","SEI":"59","LIBELLE":"ARP 1095-2","LONG_DD":"0.212257","LAT_DD":"46.474005","gx_media_l":null,"_sp_url":null},"geometry":{"type":"Point","coordinates":[0.212257,46.474005,0.0]}},{"id":"492","type":"Feature","properties":{"Name":"AR V2 Km 109,915","descriptio":"Attributes\n  ETIQ  AR V2 Km 109,915 \n  NOM_ACCES  PTLA-L06-004 \n  AXE  LGV V2 \n  PK  109.915 \n  LONGITUDE  0°12'44.1259E \n  LATITUDE  46°28'26.4173N \n  LOT  06 \n  SEI  59 \n  LIBELLE  ARP 1099-2 \n  LONG_DD  0.212257 \n  LAT_DD  46.474005","timestamp":null,"begin":null,"end":null,"altitudeMo":null,"tessellate":"-1","extrude":"0","visibility":"-1","drawOrder":null,"icon":null,"ETIQ":"AR V2 Km 109,915","NOM_ACCES":"PTLA-L06-004","AXE":"LGV V2","PK":"109.915","LONGITUDE":"0°12'44.1259E","LATITUDE":"46°28'26.4173N","LOT":"06","SEI":"59","LIBELLE":"ARP 1099-2","LONG_DD":"0.212257","LAT_DD":"46.474005","gx_media_l":null,"_sp_url":null},"geometry":{"type":"Point","coordinates":[0.212257,46.474005,0.0]}},{"id":"493","type":"Feature","properties":{"Name":"AP V1 Km 110,084","descriptio":"Attributes\n  ETIQ  AP V1 Km 110,084 \n  NOM_ACCES  PTLA-L06-005 \n  AXE  LGV V1 \n  PK  110.084 \n  LONGITUDE  0°12'45.2632E \n  LATITUDE  46°28'21.4126N \n  LOT  06 \n  SEI  59 \n  LIBELLE  RRG 1100-1 \n  LONG_DD  0.212573 \n  LAT_DD  46.472615","timestamp":null,"begin":null,"end":null,"altitudeMo":null,"tessellate":"-1","extrude":"0","visibility":"-1","drawOrder":null,"icon":null,"ETIQ":"AP V1 Km 110,084","NOM_ACCES":"PTLA-L06-005","AXE":"LGV V1","PK":"110.084","LONGITUDE":"0°12'45.2632E","LATITUDE":"46°28'21.4126N","LOT":"06","SEI":"59","LIBELLE":"RRG 1100-1","LONG_DD":"0.212573","LAT_DD":"46.472615","gx_media_l":null,"_sp_url":null},"geometry":{"type":"Point","coordinates":[0.21257300000000032,46.472615000000005,0.0]}},{"id":"494","type":"Feature","properties":{"Name":"AP V2 Km 110,210","descriptio":"Attributes\n  ETIQ  AP V2 Km 110,210 \n  NOM_ACCES  PTLO-L06-004 \n  AXE  LGV V2 \n  PK  110.21 \n  LONGITUDE  0°12'41.6341E \n  LATITUDE  46°28'20.1841N \n  LOT  06 \n  SEI  59 \n  LIBELLE  APP 1102-2 \n  LONG_DD  0.211565 \n  LAT_DD  46.472273","timestamp":null,"begin":null,"end":null,"altitudeMo":null,"tessellate":"-1","extrude":"0","visibility":"-1","drawOrder":null,"icon":null,"ETIQ":"AP V2 Km 110,210","NOM_ACCES":"PTLO-L06-004","AXE":"LGV V2","PK":"110.21","LONGITUDE":"0°12'41.6341E","LATITUDE":"46°28'20.1841N","LOT":"06","SEI":"59","LIBELLE":"APP 1102-2","LONG_DD":"0.211565","LAT_DD":"46.472273","gx_media_l":null,"_sp_url":null},"geometry":{"type":"Point","coordinates":[0.21156499999999992,46.47227300000001,0.0]}},{"id":"495","type":"Feature","properties":{"Name":"AR V2 Km 111,145","descriptio":"Attributes\n  ETIQ  AR V2 Km 111,145 \n  NOM_ACCES  PTLA-L06-006 \n  AXE  LGV V2 \n  PK  111.145 \n  LONGITUDE  0°12'34.8627E \n  LATITUDE  46°27'57.7124N \n  LOT  06 \n  SEI  59 \n  LIBELLE  ARP 1111-2 \n  LONG_DD  0.209684 \n  LAT_DD  46.466031","timestamp":null,"begin":null,"end":null,"altitudeMo":null,"tessellate":"-1","extrude":"0","visibility":"-1","drawOrder":null,"icon":null,"ETIQ":"AR V2 Km 111,145","NOM_ACCES":"PTLA-L06-006","AXE":"LGV V2","PK":"111.145","LONGITUDE":"0°12'34.8627E","LATITUDE":"46°27'57.7124N","LOT":"06","SEI":"59","LIBELLE":"ARP 1111-2","LONG_DD":"0.209684","LAT_DD":"46.466031","gx_media_l":null,"_sp_url":null},"geometry":{"type":"Point","coordinates":[0.20968399999999976,46.46603100000001,0.0]}},{"id":"496","type":"Feature","properties":{"Name":"AR V1 Km 111,145","descriptio":"Attributes\n  ETIQ  AR V1 Km 111,145 \n  NOM_ACCES  PTLA-L06-007 \n  AXE  LGV V1 \n  PK  111.145 \n  LONGITUDE  0°12'36.0311E \n  LATITUDE  46°27'48.7869N \n  LOT  06 \n  SEI  59 \n  LIBELLE  ARP 1111-1 \n  LONG_DD  0.210009 \n  LAT_DD  46.463552","timestamp":null,"begin":null,"end":null,"altitudeMo":null,"tessellate":"-1","extrude":"0","visibility":"-1","drawOrder":null,"icon":null,"ETIQ":"AR V1 Km 111,145","NOM_ACCES":"PTLA-L06-007","AXE":"LGV V1","PK":"111.145","LONGITUDE":"0°12'36.0311E","LATITUDE":"46°27'48.7869N","LOT":"06","SEI":"59","LIBELLE":"ARP 1111-1","LONG_DD":"0.210009","LAT_DD":"46.463552","gx_media_l":null,"_sp_url":null},"geometry":{"type":"Point","coordinates":[0.21000900000000025,46.463552,0.0]}},{"id":"497","type":"Feature","properties":{"Name":"AP V2 Km 111,950","descriptio":"Attributes\n  ETIQ  AP V2 Km 111,950 \n  NOM_ACCES  PTLA-L06-008 \n  AXE  LGV V2 \n  PK  111.95 \n  LONGITUDE  0°12'29.1304E \n  LATITUDE  46°27'22.64N \n  LOT  06 \n  SEI  59 \n  LIBELLE  APP 1119-2 \n  LONG_DD  0.208092 \n  LAT_DD  46.456289","timestamp":null,"begin":null,"end":null,"altitudeMo":null,"tessellate":"-1","extrude":"0","visibility":"-1","drawOrder":null,"icon":null,"ETIQ":"AP V2 Km 111,950","NOM_ACCES":"PTLA-L06-008","AXE":"LGV V2","PK":"111.95","LONGITUDE":"0°12'29.1304E","LATITUDE":"46°27'22.64N","LOT":"06","SEI":"59","LIBELLE":"APP 1119-2","LONG_DD":"0.208092","LAT_DD":"46.456289","gx_media_l":null,"_sp_url":null},"geometry":{"type":"Point","coordinates":[0.2080920000000005,46.45628900000001,0.0]}},{"id":"498","type":"Feature","properties":{"Name":"AP V1 Km 111,950","descriptio":"Attributes\n  ETIQ  AP V1 Km 111,950 \n  NOM_ACCES  PTLA-L06-008 \n  AXE  LGV V1 \n  PK  111.95 \n  LONGITUDE  0°12'29.1304E \n  LATITUDE  46°27'22.6348N \n  LOT  06 \n  SEI  59 \n  LIBELLE  APP 1119-1 \n  LONG_DD  0.208092 \n  LAT_DD  46.456287","timestamp":null,"begin":null,"end":null,"altitudeMo":null,"tessellate":"-1","extrude":"0","visibility":"-1","drawOrder":null,"icon":null,"ETIQ":"AP V1 Km 111,950","NOM_ACCES":"PTLA-L06-008","AXE":"LGV V1","PK":"111.95","LONGITUDE":"0°12'29.1304E","LATITUDE":"46°27'22.6348N","LOT":"06","SEI":"59","LIBELLE":"APP 1119-1","LONG_DD":"0.208092","LAT_DD":"46.456287","gx_media_l":null,"_sp_url":null},"geometry":{"type":"Point","coordinates":[0.20809200000000008,46.456286999999996,0.0]}},{"id":"499","type":"Feature","properties":{"Name":"AP V1 Km 112,210","descriptio":"Attributes\n  ETIQ  AP V1 Km 112,210 \n  NOM_ACCES  PTLO-L06-003 \n  AXE  LGV V1 \n  PK  112.21 \n  LONGITUDE  0°12'31.8337E \n  LATITUDE  46°27'15.8873N \n  LOT  06 \n  SEI  59 \n  LIBELLE  APP 1122-1 \n  LONG_DD  0.208843 \n  LAT_DD  46.454413","timestamp":null,"begin":null,"end":null,"altitudeMo":null,"tessellate":"-1","extrude":"0","visibility":"-1","drawOrder":null,"icon":null,"ETIQ":"AP V1 Km 112,210","NOM_ACCES":"PTLO-L06-003","AXE":"LGV V1","PK":"112.21","LONGITUDE":"0°12'31.8337E","LATITUDE":"46°27'15.8873N","LOT":"06","SEI":"59","LIBELLE":"APP 1122-1","LONG_DD":"0.208843","LAT_DD":"46.454413","gx_media_l":null,"_sp_url":null},"geometry":{"type":"Point","coordinates":[0.2088430000000005,46.45441299999999,0.0]}},{"id":"500","type":"Feature","properties":{"Name":"AP V2 Km 112,280","descriptio":"Attributes\n  ETIQ  AP V2 Km 112,280 \n  NOM_ACCES  PTLO-L06-006 \n  AXE  LGV V2 \n  PK  112.28 \n  LONGITUDE  0°12'29.4334E \n  LATITUDE  46°27'14.6338N \n  LOT  06 \n  SEI  59 \n  LIBELLE  APP 1122-2 \n  LONG_DD  0.208176 \n  LAT_DD  46.454065","timestamp":null,"begin":null,"end":null,"altitudeMo":null,"tessellate":"-1","extrude":"0","visibility":"-1","drawOrder":null,"icon":null,"ETIQ":"AP V2 Km 112,280","NOM_ACCES":"PTLO-L06-006","AXE":"LGV V2","PK":"112.28","LONGITUDE":"0°12'29.4334E","LATITUDE":"46°27'14.6338N","LOT":"06","SEI":"59","LIBELLE":"APP 1122-2","LONG_DD":"0.208176","LAT_DD":"46.454065","gx_media_l":null,"_sp_url":null},"geometry":{"type":"Point","coordinates":[0.20817599999999947,46.454065,0.0]}},{"id":"501","type":"Feature","properties":{"Name":"AR V1 Km 112,540","descriptio":"Attributes\n  ETIQ  AR V1 Km 112,540 \n  NOM_ACCES  PTLA-L06-009 \n  AXE  LGV V1 \n  PK  112.54 \n  LONGITUDE  0°12'32.096E \n  LATITUDE  46°26'58.183N \n  LOT  06 \n  SEI  59 \n  LIBELLE  ARP 1125-1 \n  LONG_DD  0.208916 \n  LAT_DD  46.449495","timestamp":null,"begin":null,"end":null,"altitudeMo":null,"tessellate":"-1","extrude":"0","visibility":"-1","drawOrder":null,"icon":null,"ETIQ":"AR V1 Km 112,540","NOM_ACCES":"PTLA-L06-009","AXE":"LGV V1","PK":"112.54","LONGITUDE":"0°12'32.096E","LATITUDE":"46°26'58.183N","LOT":"06","SEI":"59","LIBELLE":"ARP 1125-1","LONG_DD":"0.208916","LAT_DD":"46.449495","gx_media_l":null,"_sp_url":null},"geometry":{"type":"Point","coordinates":[0.20891600000000052,46.449495000000006,0.0]}},{"id":"502","type":"Feature","properties":{"Name":"AP V2 Km 112,645","descriptio":"Attributes\n  ETIQ  AP V2 Km 112,645 \n  NOM_ACCES  PTLA-L06-010a \n  AXE  LGV V2 \n  PK  112.645 \n  LONGITUDE  0°12'28.0086E \n  LATITUDE  46°27'1.2118N \n  LOT  06 \n  SEI  59 \n  LIBELLE  APP 1126-2 \n  LONG_DD  0.20778 \n  LAT_DD  46.450337","timestamp":null,"begin":null,"end":null,"altitudeMo":null,"tessellate":"-1","extrude":"0","visibility":"-1","drawOrder":null,"icon":null,"ETIQ":"AP V2 Km 112,645","NOM_ACCES":"PTLA-L06-010a","AXE":"LGV V2","PK":"112.645","LONGITUDE":"0°12'28.0086E","LATITUDE":"46°27'1.2118N","LOT":"06","SEI":"59","LIBELLE":"APP 1126-2","LONG_DD":"0.20778","LAT_DD":"46.450337","gx_media_l":null,"_sp_url":null},"geometry":{"type":"Point","coordinates":[0.2077800000000009,46.45033699999998,0.0]}},{"id":"503","type":"Feature","properties":{"Name":"AR V2 Km 112,953","descriptio":"Attributes\n  ETIQ  AR V2 Km 112,953 \n  NOM_ACCES  PTLA-L06-010 \n  AXE  LGV V2 \n  PK  112.953 \n  LONGITUDE  0°12'28.0075E \n  LATITUDE  46°26'56.3144N \n  LOT  06 \n  SEI  59 \n  LIBELLE  ARP 1129-2 \n  LONG_DD  0.20778 \n  LAT_DD  46.448976","timestamp":null,"begin":null,"end":null,"altitudeMo":null,"tessellate":"-1","extrude":"0","visibility":"-1","drawOrder":null,"icon":null,"ETIQ":"AR V2 Km 112,953","NOM_ACCES":"PTLA-L06-010","AXE":"LGV V2","PK":"112.953","LONGITUDE":"0°12'28.0075E","LATITUDE":"46°26'56.3144N","LOT":"06","SEI":"59","LIBELLE":"ARP 1129-2","LONG_DD":"0.20778","LAT_DD":"46.448976","gx_media_l":null,"_sp_url":null},"geometry":{"type":"Point","coordinates":[0.2077800000000001,46.448975999999995,0.0]}},{"id":"504","type":"Feature","properties":{"Name":"AP V1 Km 112,990","descriptio":"Attributes\n  ETIQ  AP V1 Km 112,990 \n  NOM_ACCES  PTLO-L06-005 \n  AXE  LGV V1 \n  PK  112.99 \n  LONGITUDE  0°12'32.6931E \n  LATITUDE  46°26'50.1695N \n  LOT  06 \n  SEI  59 \n  LIBELLE  APP 1129-1 \n  LONG_DD  0.209081 \n  LAT_DD  46.447269","timestamp":null,"begin":null,"end":null,"altitudeMo":null,"tessellate":"-1","extrude":"0","visibility":"-1","drawOrder":null,"icon":null,"ETIQ":"AP V1 Km 112,990","NOM_ACCES":"PTLO-L06-005","AXE":"LGV V1","PK":"112.99","LONGITUDE":"0°12'32.6931E","LATITUDE":"46°26'50.1695N","LOT":"06","SEI":"59","LIBELLE":"APP 1129-1","LONG_DD":"0.209081","LAT_DD":"46.447269","gx_media_l":null,"_sp_url":null},"geometry":{"type":"Point","coordinates":[0.2090810000000001,46.44726899999999,0.0]}},{"id":"505","type":"Feature","properties":{"Name":"AP V1 Km 113,122","descriptio":"Attributes\n  ETIQ  AP V1 Km 113,122 \n  NOM_ACCES  PTLA-L06-011 \n  AXE  LGV V1 \n  PK  113.122 \n  LONGITUDE  0°12'33.1008E \n  LATITUDE  46°26'41.7399N \n  LOT  06 \n  SEI  59 \n  LIBELLE  APP 1131-1 \n  LONG_DD  0.209195 \n  LAT_DD  46.444928","timestamp":null,"begin":null,"end":null,"altitudeMo":null,"tessellate":"-1","extrude":"0","visibility":"-1","drawOrder":null,"icon":null,"ETIQ":"AP V1 Km 113,122","NOM_ACCES":"PTLA-L06-011","AXE":"LGV V1","PK":"113.122","LONGITUDE":"0°12'33.1008E","LATITUDE":"46°26'41.7399N","LOT":"06","SEI":"59","LIBELLE":"APP 1131-1","LONG_DD":"0.209195","LAT_DD":"46.444928","gx_media_l":null,"_sp_url":null},"geometry":{"type":"Point","coordinates":[0.20919500000000082,46.444928,0.0]}},{"id":"506","type":"Feature","properties":{"Name":"AR V1 Km 113,360","descriptio":"Attributes\n  ETIQ  AR V1 Km 113,360 \n  NOM_ACCES  PTLA-L06-013 \n  AXE  LGV V1 \n  PK  113.36 \n  LONGITUDE  0°12'31.7691E \n  LATITUDE  46°26'34.3142N \n  LOT  06 \n  SEI  59 \n  LIBELLE  ARP 1133-1 \n  LONG_DD  0.208825 \n  LAT_DD  46.442865","timestamp":null,"begin":null,"end":null,"altitudeMo":null,"tessellate":"-1","extrude":"0","visibility":"-1","drawOrder":null,"icon":null,"ETIQ":"AR V1 Km 113,360","NOM_ACCES":"PTLA-L06-013","AXE":"LGV V1","PK":"113.36","LONGITUDE":"0°12'31.7691E","LATITUDE":"46°26'34.3142N","LOT":"06","SEI":"59","LIBELLE":"ARP 1133-1","LONG_DD":"0.208825","LAT_DD":"46.442865","gx_media_l":null,"_sp_url":null},"geometry":{"type":"Point","coordinates":[0.2088249999999997,46.442865000000005,0.0]}},{"id":"507","type":"Feature","properties":{"Name":"AR V2 Km 113,405","descriptio":"Attributes\n  ETIQ  AR V2 Km 113,405 \n  NOM_ACCES  PTLA-L06-012 \n  AXE  LGV V2 \n  PK  113.405 \n  LONGITUDE  0°12'27.8049E \n  LATITUDE  46°26'48.9338N \n  LOT  06 \n  SEI  59 \n  LIBELLE  ARP 1134-2 \n  LONG_DD  0.207724 \n  LAT_DD  46.446926","timestamp":null,"begin":null,"end":null,"altitudeMo":null,"tessellate":"-1","extrude":"0","visibility":"-1","drawOrder":null,"icon":null,"ETIQ":"AR V2 Km 113,405","NOM_ACCES":"PTLA-L06-012","AXE":"LGV V2","PK":"113.405","LONGITUDE":"0°12'27.8049E","LATITUDE":"46°26'48.9338N","LOT":"06","SEI":"59","LIBELLE":"ARP 1134-2","LONG_DD":"0.207724","LAT_DD":"46.446926","gx_media_l":null,"_sp_url":null},"geometry":{"type":"Point","coordinates":[0.20772400000000052,46.44692599999999,0.0]}},{"id":"508","type":"Feature","properties":{"Name":"AP V1 Km 113,675","descriptio":"Attributes\n  ETIQ  AP V1 Km 113,675 \n  NOM_ACCES  PTLO-L06-007 \n  AXE  LGV V1 \n  PK  113.675 \n  LONGITUDE  0°12'31.6378E \n  LATITUDE  46°26'28.5298N \n  LOT  06 \n  SEI  59 \n  LIBELLE  APP 1136-1 \n  LONG_DD  0.208788 \n  LAT_DD  46.441258","timestamp":null,"begin":null,"end":null,"altitudeMo":null,"tessellate":"-1","extrude":"0","visibility":"-1","drawOrder":null,"icon":null,"ETIQ":"AP V1 Km 113,675","NOM_ACCES":"PTLO-L06-007","AXE":"LGV V1","PK":"113.675","LONGITUDE":"0°12'31.6378E","LATITUDE":"46°26'28.5298N","LOT":"06","SEI":"59","LIBELLE":"APP 1136-1","LONG_DD":"0.208788","LAT_DD":"46.441258","gx_media_l":null,"_sp_url":null},"geometry":{"type":"Point","coordinates":[0.2087880000000001,46.441258,0.0]}},{"id":"509","type":"Feature","properties":{"Name":"AP V2 Km 113,800","descriptio":"Attributes\n  ETIQ  AP V2 Km 113,800 \n  NOM_ACCES  PTLA-L06-014 \n  AXE  LGV V2 \n  PK  113.8 \n  LONGITUDE  0°12'27.4685E \n  LATITUDE  46°26'25.868N \n  LOT  06 \n  SEI  59 \n  LIBELLE  APP 1138-2 \n  LONG_DD  0.20763 \n  LAT_DD  46.440519","timestamp":null,"begin":null,"end":null,"altitudeMo":null,"tessellate":"-1","extrude":"0","visibility":"-1","drawOrder":null,"icon":null,"ETIQ":"AP V2 Km 113,800","NOM_ACCES":"PTLA-L06-014","AXE":"LGV V2","PK":"113.8","LONGITUDE":"0°12'27.4685E","LATITUDE":"46°26'25.868N","LOT":"06","SEI":"59","LIBELLE":"APP 1138-2","LONG_DD":"0.20763","LAT_DD":"46.440519","gx_media_l":null,"_sp_url":null},"geometry":{"type":"Point","coordinates":[0.20763000000000018,46.44051900000002,0.0]}},{"id":"510","type":"Feature","properties":{"Name":"AP V2 Km 113,895","descriptio":"Attributes\n  ETIQ  AP V2 Km 113,895 \n  NOM_ACCES  PTLA-L06-014 \n  AXE  LGV V2 \n  PK  113.895 \n  LONGITUDE  0°12'27.4685E \n  LATITUDE  46°26'25.868N \n  LOT  06 \n  SEI  59 \n  LIBELLE  APP 1138-4 \n  LONG_DD  0.20763 \n  LAT_DD  46.440519","timestamp":null,"begin":null,"end":null,"altitudeMo":null,"tessellate":"-1","extrude":"0","visibility":"-1","drawOrder":null,"icon":null,"ETIQ":"AP V2 Km 113,895","NOM_ACCES":"PTLA-L06-014","AXE":"LGV V2","PK":"113.895","LONGITUDE":"0°12'27.4685E","LATITUDE":"46°26'25.868N","LOT":"06","SEI":"59","LIBELLE":"APP 1138-4","LONG_DD":"0.20763","LAT_DD":"46.440519","gx_media_l":null,"_sp_url":null},"geometry":{"type":"Point","coordinates":[0.20763000000000018,46.44051900000002,0.0]}},{"id":"511","type":"Feature","properties":{"Name":"AR V1 Km 113,966","descriptio":"Attributes\n  ETIQ  AR V1 Km 113,966 \n  NOM_ACCES  PTLA-L06-015 \n  AXE  LGV V1 \n  PK  113.966 \n  LONGITUDE  0°12'31.6293E \n  LATITUDE  46°26'21.2639N \n  LOT  06 \n  SEI  59 \n  LIBELLE  ARP 1139-1 \n  LONG_DD  0.208786 \n  LAT_DD  46.43924","timestamp":null,"begin":null,"end":null,"altitudeMo":null,"tessellate":"-1","extrude":"0","visibility":"-1","drawOrder":null,"icon":null,"ETIQ":"AR V1 Km 113,966","NOM_ACCES":"PTLA-L06-015","AXE":"LGV V1","PK":"113.966","LONGITUDE":"0°12'31.6293E","LATITUDE":"46°26'21.2639N","LOT":"06","SEI":"59","LIBELLE":"ARP 1139-1","LONG_DD":"0.208786","LAT_DD":"46.43924","gx_media_l":null,"_sp_url":null},"geometry":{"type":"Point","coordinates":[0.20878599999999975,46.43924000000001,0.0]}},{"id":"512","type":"Feature","properties":{"Name":"AR V2 Km 113,966","descriptio":"Attributes\n  ETIQ  AR V2 Km 113,966 \n  NOM_ACCES  PTLA-L06-014 \n  AXE  LGV V2 \n  PK  113.966 \n  LONGITUDE  0°12'27.4685E \n  LATITUDE  46°26'25.868N \n  LOT  06 \n  SEI  59 \n  LIBELLE  ARP 1139-2 \n  LONG_DD  0.20763 \n  LAT_DD  46.440519","timestamp":null,"begin":null,"end":null,"altitudeMo":null,"tessellate":"-1","extrude":"0","visibility":"-1","drawOrder":null,"icon":null,"ETIQ":"AR V2 Km 113,966","NOM_ACCES":"PTLA-L06-014","AXE":"LGV V2","PK":"113.966","LONGITUDE":"0°12'27.4685E","LATITUDE":"46°26'25.868N","LOT":"06","SEI":"59","LIBELLE":"ARP 1139-2","LONG_DD":"0.20763","LAT_DD":"46.440519","gx_media_l":null,"_sp_url":null},"geometry":{"type":"Point","coordinates":[0.20763000000000018,46.44051900000002,0.0]}},{"id":"513","type":"Feature","properties":{"Name":"AP V1 Km 114,340","descriptio":"Attributes\n  ETIQ  AP V1 Km 114,340 \n  NOM_ACCES  PTLO-L06-009 \n  AXE  LGV V1 \n  PK  114.34 \n  LONGITUDE  0°12'30.1483E \n  LATITUDE  46°26'6.8052N \n  LOT  06 \n  SEI  59 \n  LIBELLE  APP 1143-1 \n  LONG_DD  0.208375 \n  LAT_DD  46.435224","timestamp":null,"begin":null,"end":null,"altitudeMo":null,"tessellate":"-1","extrude":"0","visibility":"-1","drawOrder":null,"icon":null,"ETIQ":"AP V1 Km 114,340","NOM_ACCES":"PTLO-L06-009","AXE":"LGV V1","PK":"114.34","LONGITUDE":"0°12'30.1483E","LATITUDE":"46°26'6.8052N","LOT":"06","SEI":"59","LIBELLE":"APP 1143-1","LONG_DD":"0.208375","LAT_DD":"46.435224","gx_media_l":null,"_sp_url":null},"geometry":{"type":"Point","coordinates":[0.20837499999999953,46.435224,0.0]}},{"id":"514","type":"Feature","properties":{"Name":"AP V2 Km 114,360","descriptio":"Attributes\n  ETIQ  AP V2 Km 114,360 \n  NOM_ACCES  PTLO-L06-008 \n  AXE  LGV V2 \n  PK  114.36 \n  LONGITUDE  0°12'28.5141E \n  LATITUDE  46°26'6.1801N \n  LOT  06 \n  SEI  59 \n  LIBELLE  APP 1143-2 \n  LONG_DD  0.207921 \n  LAT_DD  46.43505","timestamp":null,"begin":null,"end":null,"altitudeMo":null,"tessellate":"-1","extrude":"0","visibility":"-1","drawOrder":null,"icon":null,"ETIQ":"AP V2 Km 114,360","NOM_ACCES":"PTLO-L06-008","AXE":"LGV V2","PK":"114.36","LONGITUDE":"0°12'28.5141E","LATITUDE":"46°26'6.1801N","LOT":"06","SEI":"59","LIBELLE":"APP 1143-2","LONG_DD":"0.207921","LAT_DD":"46.43505","gx_media_l":null,"_sp_url":null},"geometry":{"type":"Point","coordinates":[0.20792100000000022,46.435050000000004,0.0]}},{"id":"515","type":"Feature","properties":{"Name":"AP V2 Km 115,220","descriptio":"Attributes\n  ETIQ  AP V2 Km 115,220 \n  NOM_ACCES  PTLO-L06-010 \n  AXE  LGV V2 \n  PK  115.22 \n  LONGITUDE  0°12'24.1461E \n  LATITUDE  46°25'38.515N \n  LOT  06 \n  SEI  59 \n  LIBELLE  APP 1152-2 \n  LONG_DD  0.206707 \n  LAT_DD  46.427365","timestamp":null,"begin":null,"end":null,"altitudeMo":null,"tessellate":"-1","extrude":"0","visibility":"-1","drawOrder":null,"icon":null,"ETIQ":"AP V2 Km 115,220","NOM_ACCES":"PTLO-L06-010","AXE":"LGV V2","PK":"115.22","LONGITUDE":"0°12'24.1461E","LATITUDE":"46°25'38.515N","LOT":"06","SEI":"59","LIBELLE":"APP 1152-2","LONG_DD":"0.206707","LAT_DD":"46.427365","gx_media_l":null,"_sp_url":null},"geometry":{"type":"Point","coordinates":[0.20670699999999953,46.42736500000001,0.0]}},{"id":"516","type":"Feature","properties":{"Name":"AP V1 Km 115,290","descriptio":"Attributes\n  ETIQ  AP V1 Km 115,290 \n  NOM_ACCES  PTLA-L06-019 \n  AXE  LGV V1 \n  PK  115.29 \n  LONGITUDE  0°12'27.4565E \n  LATITUDE  46°25'35.5212N \n  LOT  06 \n  SEI  59 \n  LIBELLE  APP 1152-1 \n  LONG_DD  0.207627 \n  LAT_DD  46.426534","timestamp":null,"begin":null,"end":null,"altitudeMo":null,"tessellate":"-1","extrude":"0","visibility":"-1","drawOrder":null,"icon":null,"ETIQ":"AP V1 Km 115,290","NOM_ACCES":"PTLA-L06-019","AXE":"LGV V1","PK":"115.29","LONGITUDE":"0°12'27.4565E","LATITUDE":"46°25'35.5212N","LOT":"06","SEI":"59","LIBELLE":"APP 1152-1","LONG_DD":"0.207627","LAT_DD":"46.426534","gx_media_l":null,"_sp_url":null},"geometry":{"type":"Point","coordinates":[0.20762700000000023,46.42653399999999,0.0]}},{"id":"517","type":"Feature","properties":{"Name":"AR V2 Km 115,410","descriptio":"Attributes\n  ETIQ  AR V2 Km 115,410 \n  NOM_ACCES  PTLA-L06-018 \n  AXE  LGV V2 \n  PK  115.41 \n  LONGITUDE  0°12'24.0306E \n  LATITUDE  46°25'32.383N \n  LOT  06 \n  SEI  59 \n  LIBELLE  ARP 1154-2 \n  LONG_DD  0.206675 \n  LAT_DD  46.425662","timestamp":null,"begin":null,"end":null,"altitudeMo":null,"tessellate":"-1","extrude":"0","visibility":"-1","drawOrder":null,"icon":null,"ETIQ":"AR V2 Km 115,410","NOM_ACCES":"PTLA-L06-018","AXE":"LGV V2","PK":"115.41","LONGITUDE":"0°12'24.0306E","LATITUDE":"46°25'32.383N","LOT":"06","SEI":"59","LIBELLE":"ARP 1154-2","LONG_DD":"0.206675","LAT_DD":"46.425662","gx_media_l":null,"_sp_url":null},"geometry":{"type":"Point","coordinates":[0.20667499999999941,46.425662,0.0]}},{"id":"518","type":"Feature","properties":{"Name":"AR V1 Km 115,410","descriptio":"Attributes\n  ETIQ  AR V1 Km 115,410 \n  NOM_ACCES  PTLA-L06-019 \n  AXE  LGV V1 \n  PK  115.41 \n  LONGITUDE  0°12'27.4541E \n  LATITUDE  46°25'35.5201N \n  LOT  06 \n  SEI  59 \n  LIBELLE  ARP 1154-1 \n  LONG_DD  0.207626 \n  LAT_DD  46.426533","timestamp":null,"begin":null,"end":null,"altitudeMo":null,"tessellate":"-1","extrude":"0","visibility":"-1","drawOrder":null,"icon":null,"ETIQ":"AR V1 Km 115,410","NOM_ACCES":"PTLA-L06-019","AXE":"LGV V1","PK":"115.41","LONGITUDE":"0°12'27.4541E","LATITUDE":"46°25'35.5201N","LOT":"06","SEI":"59","LIBELLE":"ARP 1154-1","LONG_DD":"0.207626","LAT_DD":"46.426533","gx_media_l":null,"_sp_url":null},"geometry":{"type":"Point","coordinates":[0.20762600000000025,46.42653299999999,0.0]}},{"id":"519","type":"Feature","properties":{"Name":"AP V1 Km 115,665","descriptio":"Attributes\n  ETIQ  AP V1 Km 115,665 \n  NOM_ACCES  PTLO-L06-012 \n  AXE  LGV V1 \n  PK  115.665 \n  LONGITUDE  0°12'22.7324E \n  LATITUDE  46°25'22.9851N \n  LOT  06 \n  SEI  59 \n  LIBELLE  APP 1156-1 \n  LONG_DD  0.206315 \n  LAT_DD  46.423051","timestamp":null,"begin":null,"end":null,"altitudeMo":null,"tessellate":"-1","extrude":"0","visibility":"-1","drawOrder":null,"icon":null,"ETIQ":"AP V1 Km 115,665","NOM_ACCES":"PTLO-L06-012","AXE":"LGV V1","PK":"115.665","LONGITUDE":"0°12'22.7324E","LATITUDE":"46°25'22.9851N","LOT":"06","SEI":"59","LIBELLE":"APP 1156-1","LONG_DD":"0.206315","LAT_DD":"46.423051","gx_media_l":null,"_sp_url":null},"geometry":{"type":"Point","coordinates":[0.20631500000000008,46.423050999999994,0.0]}},{"id":"520","type":"Feature","properties":{"Name":"AP V2 Km 115,665","descriptio":"Attributes\n  ETIQ  AP V2 Km 115,665 \n  NOM_ACCES  PTLO-L06-012 \n  AXE  LGV V2 \n  PK  115.665 \n  LONGITUDE  0°12'22.7324E \n  LATITUDE  46°25'22.9851N \n  LOT  06 \n  SEI  59 \n  LIBELLE  APP 1156-2 \n  LONG_DD  0.206315 \n  LAT_DD  46.423051","timestamp":null,"begin":null,"end":null,"altitudeMo":null,"tessellate":"-1","extrude":"0","visibility":"-1","drawOrder":null,"icon":null,"ETIQ":"AP V2 Km 115,665","NOM_ACCES":"PTLO-L06-012","AXE":"LGV V2","PK":"115.665","LONGITUDE":"0°12'22.7324E","LATITUDE":"46°25'22.9851N","LOT":"06","SEI":"59","LIBELLE":"APP 1156-2","LONG_DD":"0.206315","LAT_DD":"46.423051","gx_media_l":null,"_sp_url":null},"geometry":{"type":"Point","coordinates":[0.20631500000000008,46.423050999999994,0.0]}},{"id":"521","type":"Feature","properties":{"Name":"AP V1 Km 115,905","descriptio":"Attributes\n  ETIQ  AP V1 Km 115,905 \n  NOM_ACCES  PTLO-L06-013 \n  AXE  LGV V1 \n  PK  115.905 \n  LONGITUDE  0°12'23.6614E \n  LATITUDE  46°25'16.6157N \n  LOT  06 \n  SEI  59 \n  LIBELLE  APP 1158-1 \n  LONG_DD  0.206573 \n  LAT_DD  46.421282","timestamp":null,"begin":null,"end":null,"altitudeMo":null,"tessellate":"-1","extrude":"0","visibility":"-1","drawOrder":null,"icon":null,"ETIQ":"AP V1 Km 115,905","NOM_ACCES":"PTLO-L06-013","AXE":"LGV V1","PK":"115.905","LONGITUDE":"0°12'23.6614E","LATITUDE":"46°25'16.6157N","LOT":"06","SEI":"59","LIBELLE":"APP 1158-1","LONG_DD":"0.206573","LAT_DD":"46.421282","gx_media_l":null,"_sp_url":null},"geometry":{"type":"Point","coordinates":[0.20657300000000003,46.421282000000005,0.0]}},{"id":"522","type":"Feature","properties":{"Name":"AP V2 Km 115,905","descriptio":"Attributes\n  ETIQ  AP V2 Km 115,905 \n  NOM_ACCES  PTLO-L06-014 \n  AXE  LGV V2 \n  PK  115.905 \n  LONGITUDE  0°12'21.3312E \n  LATITUDE  46°25'17.9117N \n  LOT  06 \n  SEI  59 \n  LIBELLE  APP 1158-2 \n  LONG_DD  0.205925 \n  LAT_DD  46.421642","timestamp":null,"begin":null,"end":null,"altitudeMo":null,"tessellate":"-1","extrude":"0","visibility":"-1","drawOrder":null,"icon":null,"ETIQ":"AP V2 Km 115,905","NOM_ACCES":"PTLO-L06-014","AXE":"LGV V2","PK":"115.905","LONGITUDE":"0°12'21.3312E","LATITUDE":"46°25'17.9117N","LOT":"06","SEI":"59","LIBELLE":"APP 1158-2","LONG_DD":"0.205925","LAT_DD":"46.421642","gx_media_l":null,"_sp_url":null},"geometry":{"type":"Point","coordinates":[0.20592500000000058,46.421641999999984,0.0]}},{"id":"523","type":"Feature","properties":{"Name":"AP V2 Km 116,280","descriptio":"Attributes\n  ETIQ  AP V2 Km 116,280 \n  NOM_ACCES  PTLO-L06-016 \n  AXE  LGV V2 \n  PK  116.28 \n  LONGITUDE  0°12'14.3886E \n  LATITUDE  46°25'5.4034N \n  LOT  06 \n  SEI  59 \n  LIBELLE  APP 1162-2 \n  LONG_DD  0.203997 \n  LAT_DD  46.418168","timestamp":null,"begin":null,"end":null,"altitudeMo":null,"tessellate":"-1","extrude":"0","visibility":"-1","drawOrder":null,"icon":null,"ETIQ":"AP V2 Km 116,280","NOM_ACCES":"PTLO-L06-016","AXE":"LGV V2","PK":"116.28","LONGITUDE":"0°12'14.3886E","LATITUDE":"46°25'5.4034N","LOT":"06","SEI":"59","LIBELLE":"APP 1162-2","LONG_DD":"0.203997","LAT_DD":"46.418168","gx_media_l":null,"_sp_url":null},"geometry":{"type":"Point","coordinates":[0.20399699999999946,46.418168000000016,0.0]}},{"id":"524","type":"Feature","properties":{"Name":"AP V1 Km 116,280","descriptio":"Attributes\n  ETIQ  AP V1 Km 116,280 \n  NOM_ACCES  PTLO-L06-015 \n  AXE  LGV V1 \n  PK  116.28 \n  LONGITUDE  0°12'21.115E \n  LATITUDE  46°25'5.3516N \n  LOT  06 \n  SEI  59 \n  LIBELLE  APP 1162-1 \n  LONG_DD  0.205865 \n  LAT_DD  46.418153","timestamp":null,"begin":null,"end":null,"altitudeMo":null,"tessellate":"-1","extrude":"0","visibility":"-1","drawOrder":null,"icon":null,"ETIQ":"AP V1 Km 116,280","NOM_ACCES":"PTLO-L06-015","AXE":"LGV V1","PK":"116.28","LONGITUDE":"0°12'21.115E","LATITUDE":"46°25'5.3516N","LOT":"06","SEI":"59","LIBELLE":"APP 1162-1","LONG_DD":"0.205865","LAT_DD":"46.418153","gx_media_l":null,"_sp_url":null},"geometry":{"type":"Point","coordinates":[0.20586499999999988,46.418153,0.0]}},{"id":"525","type":"Feature","properties":{"Name":"AR V1 Km 116,940","descriptio":"Attributes\n  ETIQ  AR V1 Km 116,940 \n  NOM_ACCES  PTLA-L06-021 \n  AXE  LGV V1 \n  PK  116.94 \n  LONGITUDE  0°12'12.4832E \n  LATITUDE  46°24'46.2721N \n  LOT  06 \n  SEI  59 \n  LIBELLE  ARP 1169-1 \n  LONG_DD  0.203468 \n  LAT_DD  46.412853","timestamp":null,"begin":null,"end":null,"altitudeMo":null,"tessellate":"-1","extrude":"0","visibility":"-1","drawOrder":null,"icon":null,"ETIQ":"AR V1 Km 116,940","NOM_ACCES":"PTLA-L06-021","AXE":"LGV V1","PK":"116.94","LONGITUDE":"0°12'12.4832E","LATITUDE":"46°24'46.2721N","LOT":"06","SEI":"59","LIBELLE":"ARP 1169-1","LONG_DD":"0.203468","LAT_DD":"46.412853","gx_media_l":null,"_sp_url":null},"geometry":{"type":"Point","coordinates":[0.2034679999999994,46.412853,0.0]}},{"id":"526","type":"Feature","properties":{"Name":"AR V2 Km 116,940","descriptio":"Attributes\n  ETIQ  AR V2 Km 116,940 \n  NOM_ACCES  PTLA-L06-020 \n  AXE  LGV V2 \n  PK  116.94 \n  LONGITUDE  0°12'7.8508E \n  LATITUDE  46°24'45.1613N \n  LOT  06 \n  SEI  59 \n  LIBELLE  ARP 1169-2 \n  LONG_DD  0.202181 \n  LAT_DD  46.412545","timestamp":null,"begin":null,"end":null,"altitudeMo":null,"tessellate":"-1","extrude":"0","visibility":"-1","drawOrder":null,"icon":null,"ETIQ":"AR V2 Km 116,940","NOM_ACCES":"PTLA-L06-020","AXE":"LGV V2","PK":"116.94","LONGITUDE":"0°12'7.8508E","LATITUDE":"46°24'45.1613N","LOT":"06","SEI":"59","LIBELLE":"ARP 1169-2","LONG_DD":"0.202181","LAT_DD":"46.412545","gx_media_l":null,"_sp_url":null},"geometry":{"type":"Point","coordinates":[0.2021810000000007,46.412544999999994,0.0]}},{"id":"527","type":"Feature","properties":{"Name":"AP V2 Km 117,345","descriptio":"Attributes\n  ETIQ  AP V2 Km 117,345 \n  NOM_ACCES  PTLO-L06-018 \n  AXE  LGV V2 \n  PK  117.345 \n  LONGITUDE  0°12'1.6532E \n  LATITUDE  46°24'32.2495N \n  LOT  06 \n  SEI  59 \n  LIBELLE  APP 1173-2 \n  LONG_DD  0.200459 \n  LAT_DD  46.408958","timestamp":null,"begin":null,"end":null,"altitudeMo":null,"tessellate":"-1","extrude":"0","visibility":"-1","drawOrder":null,"icon":null,"ETIQ":"AP V2 Km 117,345","NOM_ACCES":"PTLO-L06-018","AXE":"LGV V2","PK":"117.345","LONGITUDE":"0°12'1.6532E","LATITUDE":"46°24'32.2495N","LOT":"06","SEI":"59","LIBELLE":"APP 1173-2","LONG_DD":"0.200459","LAT_DD":"46.408958","gx_media_l":null,"_sp_url":null},"geometry":{"type":"Point","coordinates":[0.20045899999999908,46.408958,0.0]}},{"id":"528","type":"Feature","properties":{"Name":"AP V1 Km 117,395","descriptio":"Attributes\n  ETIQ  AP V1 Km 117,395 \n  NOM_ACCES  PTLO-L06-017 \n  AXE  LGV V1 \n  PK  117.395 \n  LONGITUDE  0°12'5.4505E \n  LATITUDE  46°24'29.6863N \n  LOT  06 \n  SEI  59 \n  LIBELLE  APP 1173-1 \n  LONG_DD  0.201514 \n  LAT_DD  46.408246","timestamp":null,"begin":null,"end":null,"altitudeMo":null,"tessellate":"-1","extrude":"0","visibility":"-1","drawOrder":null,"icon":null,"ETIQ":"AP V1 Km 117,395","NOM_ACCES":"PTLO-L06-017","AXE":"LGV V1","PK":"117.395","LONGITUDE":"0°12'5.4505E","LATITUDE":"46°24'29.6863N","LOT":"06","SEI":"59","LIBELLE":"APP 1173-1","LONG_DD":"0.201514","LAT_DD":"46.408246","gx_media_l":null,"_sp_url":null},"geometry":{"type":"Point","coordinates":[0.20151400000000083,46.408245999999984,0.0]}},{"id":"529","type":"Feature","properties":{"Name":"AP V1 Km 117,720","descriptio":"Attributes\n  ETIQ  AP V1 Km 117,720 \n  NOM_ACCES  PTLO-L06-017 \n  AXE  LGV V1 \n  PK  117.72 \n  LONGITUDE  0°12'5.4512E \n  LATITUDE  46°24'29.6862N \n  LOT  06 \n  SEI  59 \n  LIBELLE  APP 1177-1 \n  LONG_DD  0.201514 \n  LAT_DD  46.408246","timestamp":null,"begin":null,"end":null,"altitudeMo":null,"tessellate":"-1","extrude":"0","visibility":"-1","drawOrder":null,"icon":null,"ETIQ":"AP V1 Km 117,720","NOM_ACCES":"PTLO-L06-017","AXE":"LGV V1","PK":"117.72","LONGITUDE":"0°12'5.4512E","LATITUDE":"46°24'29.6862N","LOT":"06","SEI":"59","LIBELLE":"APP 1177-1","LONG_DD":"0.201514","LAT_DD":"46.408246","gx_media_l":null,"_sp_url":null},"geometry":{"type":"Point","coordinates":[0.20151400000000083,46.408245999999984,0.0]}},{"id":"530","type":"Feature","properties":{"Name":"AP V2 Km 117,840","descriptio":"Attributes\n  ETIQ  AP V2 Km 117,840 \n  NOM_ACCES  PTLO-L06-017c \n  AXE  LGV V2 \n  PK  117.84 \n  LONGITUDE  0°11'57.3093E \n  LATITUDE  46°24'15.0546N \n  LOT  06 \n  SEI  59 \n  LIBELLE  APP 1178-2 \n  LONG_DD  0.199253 \n  LAT_DD  46.404182","timestamp":null,"begin":null,"end":null,"altitudeMo":null,"tessellate":"-1","extrude":"0","visibility":"-1","drawOrder":null,"icon":null,"ETIQ":"AP V2 Km 117,840","NOM_ACCES":"PTLO-L06-017c","AXE":"LGV V2","PK":"117.84","LONGITUDE":"0°11'57.3093E","LATITUDE":"46°24'15.0546N","LOT":"06","SEI":"59","LIBELLE":"APP 1178-2","LONG_DD":"0.199253","LAT_DD":"46.404182","gx_media_l":null,"_sp_url":null},"geometry":{"type":"Point","coordinates":[0.19925299999999938,46.404182000000006,0.0]}},{"id":"531","type":"Feature","properties":{"Name":"AP V1 Km 117,840","descriptio":"Attributes\n  ETIQ  AP V1 Km 117,840 \n  NOM_ACCES  PTLO-L06-017c \n  AXE  LGV V1 \n  PK  117.84 \n  LONGITUDE  0°11'57.3093E \n  LATITUDE  46°24'15.0546N \n  LOT  06 \n  SEI  59 \n  LIBELLE  APP 1178-1 \n  LONG_DD  0.199253 \n  LAT_DD  46.404182","timestamp":null,"begin":null,"end":null,"altitudeMo":null,"tessellate":"-1","extrude":"0","visibility":"-1","drawOrder":null,"icon":null,"ETIQ":"AP V1 Km 117,840","NOM_ACCES":"PTLO-L06-017c","AXE":"LGV V1","PK":"117.84","LONGITUDE":"0°11'57.3093E","LATITUDE":"46°24'15.0546N","LOT":"06","SEI":"59","LIBELLE":"APP 1178-1","LONG_DD":"0.199253","LAT_DD":"46.404182","gx_media_l":null,"_sp_url":null},"geometry":{"type":"Point","coordinates":[0.19925299999999938,46.404182000000006,0.0]}},{"id":"532","type":"Feature","properties":{"Name":"AP V1 Km 118,280","descriptio":"Attributes\n  ETIQ  AP V1 Km 118,280 \n  NOM_ACCES  PTLO-L06-019 \n  AXE  LGV V1 \n  PK  118.28 \n  LONGITUDE  0°11'51.7926E \n  LATITUDE  46°24'2.1976N \n  LOT  06 \n  SEI  59 \n  LIBELLE  APP 1182-1 \n  LONG_DD  0.19772 \n  LAT_DD  46.40061","timestamp":null,"begin":null,"end":null,"altitudeMo":null,"tessellate":"-1","extrude":"0","visibility":"-1","drawOrder":null,"icon":null,"ETIQ":"AP V1 Km 118,280","NOM_ACCES":"PTLO-L06-019","AXE":"LGV V1","PK":"118.28","LONGITUDE":"0°11'51.7926E","LATITUDE":"46°24'2.1976N","LOT":"06","SEI":"59","LIBELLE":"APP 1182-1","LONG_DD":"0.19772","LAT_DD":"46.40061","gx_media_l":null,"_sp_url":null},"geometry":{"type":"Point","coordinates":[0.19772000000000003,46.40061000000002,0.0]}},{"id":"533","type":"Feature","properties":{"Name":"AP V2 Km 118,300","descriptio":"Attributes\n  ETIQ  AP V2 Km 118,300 \n  NOM_ACCES  PTLO-L06-020 \n  AXE  LGV V2 \n  PK  118.3 \n  LONGITUDE  0°11'48.201E \n  LATITUDE  46°24'2.2495N \n  LOT  06 \n  SEI  59 \n  LIBELLE  APP 1183-2 \n  LONG_DD  0.196722 \n  LAT_DD  46.400625","timestamp":null,"begin":null,"end":null,"altitudeMo":null,"tessellate":"-1","extrude":"0","visibility":"-1","drawOrder":null,"icon":null,"ETIQ":"AP V2 Km 118,300","NOM_ACCES":"PTLO-L06-020","AXE":"LGV V2","PK":"118.3","LONGITUDE":"0°11'48.201E","LATITUDE":"46°24'2.2495N","LOT":"06","SEI":"59","LIBELLE":"APP 1183-2","LONG_DD":"0.196722","LAT_DD":"46.400625","gx_media_l":null,"_sp_url":null},"geometry":{"type":"Point","coordinates":[0.1967219999999998,46.400625,0.0]}},{"id":"534","type":"Feature","properties":{"Name":"AR V2 Km 118,487","descriptio":"Attributes\n  ETIQ  AR V2 Km 118,487 \n  NOM_ACCES  PTLA-L06-022 \n  AXE  LGV V2 \n  PK  118.487 \n  LONGITUDE  0°11'47.1008E \n  LATITUDE  46°24'1.4341N \n  LOT  06 \n  SEI  59 \n  LIBELLE  ARP 1184-2 \n  LONG_DD  0.196417 \n  LAT_DD  46.400398","timestamp":null,"begin":null,"end":null,"altitudeMo":null,"tessellate":"-1","extrude":"0","visibility":"-1","drawOrder":null,"icon":null,"ETIQ":"AR V2 Km 118,487","NOM_ACCES":"PTLA-L06-022","AXE":"LGV V2","PK":"118.487","LONGITUDE":"0°11'47.1008E","LATITUDE":"46°24'1.4341N","LOT":"06","SEI":"59","LIBELLE":"ARP 1184-2","LONG_DD":"0.196417","LAT_DD":"46.400398","gx_media_l":null,"_sp_url":null},"geometry":{"type":"Point","coordinates":[0.19641699999999968,46.400398000000024,0.0]}},{"id":"535","type":"Feature","properties":{"Name":"AR V1 Km 118,607","descriptio":"Attributes\n  ETIQ  AR V1 Km 118,607 \n  NOM_ACCES  PTLA-L06-023 \n  AXE  LGV V1 \n  PK  118.607 \n  LONGITUDE  0°11'50.4256E \n  LATITUDE  46°23'58.8684N \n  LOT  06 \n  SEI  59 \n  LIBELLE  ARP 1186-1 \n  LONG_DD  0.19734 \n  LAT_DD  46.399686","timestamp":null,"begin":null,"end":null,"altitudeMo":null,"tessellate":"-1","extrude":"0","visibility":"-1","drawOrder":null,"icon":null,"ETIQ":"AR V1 Km 118,607","NOM_ACCES":"PTLA-L06-023","AXE":"LGV V1","PK":"118.607","LONGITUDE":"0°11'50.4256E","LATITUDE":"46°23'58.8684N","LOT":"06","SEI":"59","LIBELLE":"ARP 1186-1","LONG_DD":"0.19734","LAT_DD":"46.399686","gx_media_l":null,"_sp_url":null},"geometry":{"type":"Point","coordinates":[0.19734000000000074,46.399686,0.0]}},{"id":"536","type":"Feature","properties":{"Name":"AP V2 Km 118,690","descriptio":"Attributes\n  ETIQ  AP V2 Km 118,690 \n  NOM_ACCES  PTLO-L06-022 \n  AXE  LGV V2 \n  PK  118.69 \n  LONGITUDE  0°11'42.4374E \n  LATITUDE  46°23'50.5684N \n  LOT  06 \n  SEI  59 \n  LIBELLE  APP 1186-2 \n  LONG_DD  0.195122 \n  LAT_DD  46.39738","timestamp":null,"begin":null,"end":null,"altitudeMo":null,"tessellate":"-1","extrude":"0","visibility":"-1","drawOrder":null,"icon":null,"ETIQ":"AP V2 Km 118,690","NOM_ACCES":"PTLO-L06-022","AXE":"LGV V2","PK":"118.69","LONGITUDE":"0°11'42.4374E","LATITUDE":"46°23'50.5684N","LOT":"06","SEI":"59","LIBELLE":"APP 1186-2","LONG_DD":"0.195122","LAT_DD":"46.39738","gx_media_l":null,"_sp_url":null},"geometry":{"type":"Point","coordinates":[0.19512200000000074,46.397379999999984,0.0]}},{"id":"537","type":"Feature","properties":{"Name":"AP V1 Km 118,700","descriptio":"Attributes\n  ETIQ  AP V1 Km 118,700 \n  NOM_ACCES  PTLO-L06-021 \n  AXE  LGV V1 \n  PK  118.7 \n  LONGITUDE  0°11'45.2994E \n  LATITUDE  46°23'49.4151N \n  LOT  06 \n  SEI  59 \n  LIBELLE  APP 1187-1 \n  LONG_DD  0.195916 \n  LAT_DD  46.39706","timestamp":null,"begin":null,"end":null,"altitudeMo":null,"tessellate":"-1","extrude":"0","visibility":"-1","drawOrder":null,"icon":null,"ETIQ":"AP V1 Km 118,700","NOM_ACCES":"PTLO-L06-021","AXE":"LGV V1","PK":"118.7","LONGITUDE":"0°11'45.2994E","LATITUDE":"46°23'49.4151N","LOT":"06","SEI":"59","LIBELLE":"APP 1187-1","LONG_DD":"0.195916","LAT_DD":"46.39706","gx_media_l":null,"_sp_url":null},"geometry":{"type":"Point","coordinates":[0.1959159999999998,46.397059999999996,0.0]}},{"id":"538","type":"Feature","properties":{"Name":"AP V1 Km 119,220","descriptio":"Attributes\n  ETIQ  AP V1 Km 119,220 \n  NOM_ACCES  PTLA-L06-023a \n  AXE  LGV V1 \n  PK  119.22 \n  LONGITUDE  0°11'39.315E \n  LATITUDE  46°23'38.7914N \n  LOT  06 \n  SEI  59 \n  LIBELLE  APP 1192-1 \n  LONG_DD  0.194254 \n  LAT_DD  46.394109","timestamp":null,"begin":null,"end":null,"altitudeMo":null,"tessellate":"-1","extrude":"0","visibility":"-1","drawOrder":null,"icon":null,"ETIQ":"AP V1 Km 119,220","NOM_ACCES":"PTLA-L06-023a","AXE":"LGV V1","PK":"119.22","LONGITUDE":"0°11'39.315E","LATITUDE":"46°23'38.7914N","LOT":"06","SEI":"59","LIBELLE":"APP 1192-1","LONG_DD":"0.194254","LAT_DD":"46.394109","gx_media_l":null,"_sp_url":null},"geometry":{"type":"Point","coordinates":[0.19425400000000007,46.394109,0.0]}},{"id":"539","type":"Feature","properties":{"Name":"AP V2 Km 119,575","descriptio":"Attributes\n  ETIQ  AP V2 Km 119,575 \n  NOM_ACCES  PTLO-L06-024 \n  AXE  LGV V2 \n  PK  119.575 \n  LONGITUDE  0°11'29.1566E \n  LATITUDE  46°23'23.1619N \n  LOT  06 \n  SEI  59 \n  LIBELLE  APP 1195-2 \n  LONG_DD  0.191432 \n  LAT_DD  46.389767","timestamp":null,"begin":null,"end":null,"altitudeMo":null,"tessellate":"-1","extrude":"0","visibility":"-1","drawOrder":null,"icon":null,"ETIQ":"AP V2 Km 119,575","NOM_ACCES":"PTLO-L06-024","AXE":"LGV V2","PK":"119.575","LONGITUDE":"0°11'29.1566E","LATITUDE":"46°23'23.1619N","LOT":"06","SEI":"59","LIBELLE":"APP 1195-2","LONG_DD":"0.191432","LAT_DD":"46.389767","gx_media_l":null,"_sp_url":null},"geometry":{"type":"Point","coordinates":[0.19143200000000085,46.38976699999998,0.0]}},{"id":"540","type":"Feature","properties":{"Name":"AR V1 Km 120,075","descriptio":"Attributes\n  ETIQ  AR V1 Km 120,075 \n  NOM_ACCES  PTLA-L06-029 \n  AXE  LGV V1 \n  PK  120.075 \n  LONGITUDE  0°11'20.0762E \n  LATITUDE  46°23'7.4935N \n  LOT  06 \n  SEI  59 \n  LIBELLE  ARP 1200-1 \n  LONG_DD  0.18891 \n  LAT_DD  46.385415","timestamp":null,"begin":null,"end":null,"altitudeMo":null,"tessellate":"-1","extrude":"0","visibility":"-1","drawOrder":null,"icon":null,"ETIQ":"AR V1 Km 120,075","NOM_ACCES":"PTLA-L06-029","AXE":"LGV V1","PK":"120.075","LONGITUDE":"0°11'20.0762E","LATITUDE":"46°23'7.4935N","LOT":"06","SEI":"59","LIBELLE":"ARP 1200-1","LONG_DD":"0.18891","LAT_DD":"46.385415","gx_media_l":null,"_sp_url":null},"geometry":{"type":"Point","coordinates":[0.1889100000000003,46.385415,0.0]}},{"id":"541","type":"Feature","properties":{"Name":"AP V1 Km 120,582","descriptio":"Attributes\n  ETIQ  AP V1 Km 120,582 \n  NOM_ACCES  PTLO-L06-025 \n  AXE  LGV V1 \n  PK  120.582 \n  LONGITUDE  0°11'6.8587E \n  LATITUDE  46°22'51.0021N \n  LOT  06 \n  SEI  59 \n  LIBELLE  APP 1206-1 \n  LONG_DD  0.185239 \n  LAT_DD  46.380834","timestamp":null,"begin":null,"end":null,"altitudeMo":null,"tessellate":"-1","extrude":"0","visibility":"-1","drawOrder":null,"icon":null,"ETIQ":"AP V1 Km 120,582","NOM_ACCES":"PTLO-L06-025","AXE":"LGV V1","PK":"120.582","LONGITUDE":"0°11'6.8587E","LATITUDE":"46°22'51.0021N","LOT":"06","SEI":"59","LIBELLE":"APP 1206-1","LONG_DD":"0.185239","LAT_DD":"46.380834","gx_media_l":null,"_sp_url":null},"geometry":{"type":"Point","coordinates":[0.18523900000000001,46.380834000000014,0.0]}},{"id":"542","type":"Feature","properties":{"Name":"AR V2 Km 120,590","descriptio":"Attributes\n  ETIQ  AR V2 Km 120,590 \n  NOM_ACCES  PTLA-L06-026 \n  AXE  LGV V2 \n  PK  120.59 \n  LONGITUDE  0°11'1.6159E \n  LATITUDE  46°22'49.1941N \n  LOT  06 \n  SEI  59 \n  LIBELLE  ARP 1205-2 \n  LONG_DD  0.183782 \n  LAT_DD  46.380332","timestamp":null,"begin":null,"end":null,"altitudeMo":null,"tessellate":"-1","extrude":"0","visibility":"-1","drawOrder":null,"icon":null,"ETIQ":"AR V2 Km 120,590","NOM_ACCES":"PTLA-L06-026","AXE":"LGV V2","PK":"120.59","LONGITUDE":"0°11'1.6159E","LATITUDE":"46°22'49.1941N","LOT":"06","SEI":"59","LIBELLE":"ARP 1205-2","LONG_DD":"0.183782","LAT_DD":"46.380332","gx_media_l":null,"_sp_url":null},"geometry":{"type":"Point","coordinates":[0.1837819999999998,46.38033200000002,0.0]}},{"id":"543","type":"Feature","properties":{"Name":"AP V2 Km 120,840","descriptio":"Attributes\n  ETIQ  AP V2 Km 120,840 \n  NOM_ACCES  PTLO-L06-026 \n  AXE  LGV V2 \n  PK  120.84 \n  LONGITUDE  0°11'0.9984E \n  LATITUDE  46°22'47.5027N \n  LOT  06 \n  SEI  59 \n  LIBELLE  APP 1208-2 \n  LONG_DD  0.183611 \n  LAT_DD  46.379862","timestamp":null,"begin":null,"end":null,"altitudeMo":null,"tessellate":"-1","extrude":"0","visibility":"-1","drawOrder":null,"icon":null,"ETIQ":"AP V2 Km 120,840","NOM_ACCES":"PTLO-L06-026","AXE":"LGV V2","PK":"120.84","LONGITUDE":"0°11'0.9984E","LATITUDE":"46°22'47.5027N","LOT":"06","SEI":"59","LIBELLE":"APP 1208-2","LONG_DD":"0.183611","LAT_DD":"46.379862","gx_media_l":null,"_sp_url":null},"geometry":{"type":"Point","coordinates":[0.18361100000000072,46.37986200000001,0.0]}},{"id":"544","type":"Feature","properties":{"Name":"AR V1 Km 121,417","descriptio":"Attributes\n  ETIQ  AR V1 Km 121,417 \n  NOM_ACCES  PTLA-L06-031 \n  AXE  LGV V1 \n  PK  121.417 \n  LONGITUDE  0°10'44.0283E \n  LATITUDE  46°22'25.8316N \n  LOT  06 \n  SEI  59 \n  LIBELLE  RRG 1214-1 \n  LONG_DD  0.178897 \n  LAT_DD  46.373842","timestamp":null,"begin":null,"end":null,"altitudeMo":null,"tessellate":"-1","extrude":"0","visibility":"-1","drawOrder":null,"icon":null,"ETIQ":"AR V1 Km 121,417","NOM_ACCES":"PTLA-L06-031","AXE":"LGV V1","PK":"121.417","LONGITUDE":"0°10'44.0283E","LATITUDE":"46°22'25.8316N","LOT":"06","SEI":"59","LIBELLE":"RRG 1214-1","LONG_DD":"0.178897","LAT_DD":"46.373842","gx_media_l":null,"_sp_url":null},"geometry":{"type":"Point","coordinates":[0.17889700000000042,46.37384200000001,0.0]}},{"id":"545","type":"Feature","properties":{"Name":"AP V1 Km 121,870","descriptio":"Attributes\n  ETIQ  AP V1 Km 121,870 \n  NOM_ACCES  PTLO-L06-027 \n  AXE  LGV V1 \n  PK  121.87 \n  LONGITUDE  0°10'36.4373E \n  LATITUDE  46°22'18.5504N \n  LOT  06 \n  SEI  59 \n  LIBELLE  APP 1218-1 \n  LONG_DD  0.176788 \n  LAT_DD  46.37182","timestamp":null,"begin":null,"end":null,"altitudeMo":null,"tessellate":"-1","extrude":"0","visibility":"-1","drawOrder":null,"icon":null,"ETIQ":"AP V1 Km 121,870","NOM_ACCES":"PTLO-L06-027","AXE":"LGV V1","PK":"121.87","LONGITUDE":"0°10'36.4373E","LATITUDE":"46°22'18.5504N","LOT":"06","SEI":"59","LIBELLE":"APP 1218-1","LONG_DD":"0.176788","LAT_DD":"46.37182","gx_media_l":null,"_sp_url":null},"geometry":{"type":"Point","coordinates":[0.17678800000000003,46.37182000000001,0.0]}},{"id":"546","type":"Feature","properties":{"Name":"AR V2 Km 121,950","descriptio":"Attributes\n  ETIQ  AR V2 Km 121,950 \n  NOM_ACCES  PTLA-L06-028 \n  AXE  LGV V2 \n  PK  121.95 \n  LONGITUDE  0°10'30.0318E \n  LATITUDE  46°22'15.9186N \n  LOT  06 \n  SEI  59 \n  LIBELLE  RRG 1219-2 \n  LONG_DD  0.175009 \n  LAT_DD  46.371089","timestamp":null,"begin":null,"end":null,"altitudeMo":null,"tessellate":"-1","extrude":"0","visibility":"-1","drawOrder":null,"icon":null,"ETIQ":"AR V2 Km 121,950","NOM_ACCES":"PTLA-L06-028","AXE":"LGV V2","PK":"121.95","LONGITUDE":"0°10'30.0318E","LATITUDE":"46°22'15.9186N","LOT":"06","SEI":"59","LIBELLE":"RRG 1219-2","LONG_DD":"0.175009","LAT_DD":"46.371089","gx_media_l":null,"_sp_url":null},"geometry":{"type":"Point","coordinates":[0.17500900000000086,46.371089000000005,0.0]}},{"id":"547","type":"Feature","properties":{"Name":"AP V2 Km 122,700","descriptio":"Attributes\n  ETIQ  AP V2 Km 122,700 \n  NOM_ACCES  PTLA_L07-002 \n  AXE  LGV V2 \n  PK  122.7 \n  LONGITUDE  0°10'23.6738E \n  LATITUDE  46°22'13.3399N \n  LOT  07 \n  SEI  59 \n  LIBELLE  APP 1227-2 \n  LONG_DD  0.173243 \n  LAT_DD  46.370372","timestamp":null,"begin":null,"end":null,"altitudeMo":null,"tessellate":"-1","extrude":"0","visibility":"-1","drawOrder":null,"icon":null,"ETIQ":"AP V2 Km 122,700","NOM_ACCES":"PTLA_L07-002","AXE":"LGV V2","PK":"122.7","LONGITUDE":"0°10'23.6738E","LATITUDE":"46°22'13.3399N","LOT":"07","SEI":"59","LIBELLE":"APP 1227-2","LONG_DD":"0.173243","LAT_DD":"46.370372","gx_media_l":null,"_sp_url":null},"geometry":{"type":"Point","coordinates":[0.1732430000000006,46.370372,0.0]}},{"id":"548","type":"Feature","properties":{"Name":"AP V1 Km 123,135","descriptio":"Attributes\n  ETIQ  AP V1 Km 123,135 \n  NOM_ACCES  PTLO_L07-001 \n  AXE  LGV V1 \n  PK  123.135 \n  LONGITUDE  0°10'4.0428E \n  LATITUDE  46°21'44.2863N \n  LOT  07 \n  SEI  59 \n  LIBELLE  APP 1231-1 \n  LONG_DD  0.16779 \n  LAT_DD  46.362302","timestamp":null,"begin":null,"end":null,"altitudeMo":null,"tessellate":"-1","extrude":"0","visibility":"-1","drawOrder":null,"icon":null,"ETIQ":"AP V1 Km 123,135","NOM_ACCES":"PTLO_L07-001","AXE":"LGV V1","PK":"123.135","LONGITUDE":"0°10'4.0428E","LATITUDE":"46°21'44.2863N","LOT":"07","SEI":"59","LIBELLE":"APP 1231-1","LONG_DD":"0.16779","LAT_DD":"46.362302","gx_media_l":null,"_sp_url":null},"geometry":{"type":"Point","coordinates":[0.16779000000000077,46.362302000000014,0.0]}},{"id":"549","type":"Feature","properties":{"Name":"AP V2 Km 123,190","descriptio":"Attributes\n  ETIQ  AP V2 Km 123,190 \n  NOM_ACCES  PTLO_L07-002 \n  AXE  LGV V2 \n  PK  123.19 \n  LONGITUDE  0°9'59.8767E \n  LATITUDE  46°21'43.8358N \n  LOT  07 \n  SEI  59 \n  LIBELLE  APP 1231-2 \n  LONG_DD  0.166632 \n  LAT_DD  46.362177","timestamp":null,"begin":null,"end":null,"altitudeMo":null,"tessellate":"-1","extrude":"0","visibility":"-1","drawOrder":null,"icon":null,"ETIQ":"AP V2 Km 123,190","NOM_ACCES":"PTLO_L07-002","AXE":"LGV V2","PK":"123.19","LONGITUDE":"0°9'59.8767E","LATITUDE":"46°21'43.8358N","LOT":"07","SEI":"59","LIBELLE":"APP 1231-2","LONG_DD":"0.166632","LAT_DD":"46.362177","gx_media_l":null,"_sp_url":null},"geometry":{"type":"Point","coordinates":[0.16663199999999967,46.36217700000002,0.0]}},{"id":"550","type":"Feature","properties":{"Name":"AP V2 Km 123,820","descriptio":"Attributes\n  ETIQ  AP V2 Km 123,820 \n  NOM_ACCES  PTLO_L07-004 \n  AXE  LGV V2 \n  PK  123.82 \n  LONGITUDE  0°9'45.4451E \n  LATITUDE  46°21'26.148N \n  LOT  07 \n  SEI  59 \n  LIBELLE  APP 1238-2 \n  LONG_DD  0.162624 \n  LAT_DD  46.357263","timestamp":null,"begin":null,"end":null,"altitudeMo":null,"tessellate":"-1","extrude":"0","visibility":"-1","drawOrder":null,"icon":null,"ETIQ":"AP V2 Km 123,820","NOM_ACCES":"PTLO_L07-004","AXE":"LGV V2","PK":"123.82","LONGITUDE":"0°9'45.4451E","LATITUDE":"46°21'26.148N","LOT":"07","SEI":"59","LIBELLE":"APP 1238-2","LONG_DD":"0.162624","LAT_DD":"46.357263","gx_media_l":null,"_sp_url":null},"geometry":{"type":"Point","coordinates":[0.16262399999999952,46.357263000000025,0.0]}},{"id":"551","type":"Feature","properties":{"Name":"AP V1 Km 123,840","descriptio":"Attributes\n  ETIQ  AP V1 Km 123,840 \n  NOM_ACCES  PTLO_L07-003 \n  AXE  LGV V1 \n  PK  123.84 \n  LONGITUDE  0°9'46.3127E \n  LATITUDE  46°21'24.0376N \n  LOT  07 \n  SEI  59 \n  LIBELLE  APP 1238-1 \n  LONG_DD  0.162865 \n  LAT_DD  46.356677","timestamp":null,"begin":null,"end":null,"altitudeMo":null,"tessellate":"-1","extrude":"0","visibility":"-1","drawOrder":null,"icon":null,"ETIQ":"AP V1 Km 123,840","NOM_ACCES":"PTLO_L07-003","AXE":"LGV V1","PK":"123.84","LONGITUDE":"0°9'46.3127E","LATITUDE":"46°21'24.0376N","LOT":"07","SEI":"59","LIBELLE":"APP 1238-1","LONG_DD":"0.162865","LAT_DD":"46.356677","gx_media_l":null,"_sp_url":null},"geometry":{"type":"Point","coordinates":[0.16286500000000065,46.356677,0.0]}},{"id":"552","type":"Feature","properties":{"Name":"AR V2 Km 124,058","descriptio":"Attributes\n  ETIQ  AR V2 Km 124,058 \n  NOM_ACCES  PTLA_L07-004 \n  AXE  LGV V2 \n  PK  124.058 \n  LONGITUDE  0°9'40.8595E \n  LATITUDE  46°21'21.5084N \n  LOT  07 \n  SEI  59 \n  LIBELLE  ARP 1240-2 \n  LONG_DD  0.16135 \n  LAT_DD  46.355975","timestamp":null,"begin":null,"end":null,"altitudeMo":null,"tessellate":"-1","extrude":"0","visibility":"-1","drawOrder":null,"icon":null,"ETIQ":"AR V2 Km 124,058","NOM_ACCES":"PTLA_L07-004","AXE":"LGV V2","PK":"124.058","LONGITUDE":"0°9'40.8595E","LATITUDE":"46°21'21.5084N","LOT":"07","SEI":"59","LIBELLE":"ARP 1240-2","LONG_DD":"0.16135","LAT_DD":"46.355975","gx_media_l":null,"_sp_url":null},"geometry":{"type":"Point","coordinates":[0.16134999999999933,46.35597500000001,0.0]}},{"id":"553","type":"Feature","properties":{"Name":"AR V1 Km 124,058","descriptio":"Attributes\n  ETIQ  AR V1 Km 124,058 \n  NOM_ACCES  PTLA_L07-001 \n  AXE  LGV V1 \n  PK  124.058 \n  LONGITUDE  0°9'43.5606E \n  LATITUDE  46°21'20.6581N \n  LOT  07 \n  SEI  59 \n  LIBELLE  ARP 1240-1 \n  LONG_DD  0.1621 \n  LAT_DD  46.355738","timestamp":null,"begin":null,"end":null,"altitudeMo":null,"tessellate":"-1","extrude":"0","visibility":"-1","drawOrder":null,"icon":null,"ETIQ":"AR V1 Km 124,058","NOM_ACCES":"PTLA_L07-001","AXE":"LGV V1","PK":"124.058","LONGITUDE":"0°9'43.5606E","LATITUDE":"46°21'20.6581N","LOT":"07","SEI":"59","LIBELLE":"ARP 1240-1","LONG_DD":"0.1621","LAT_DD":"46.355738","gx_media_l":null,"_sp_url":null},"geometry":{"type":"Point","coordinates":[0.16209999999999977,46.355737999999995,0.0]}},{"id":"554","type":"Feature","properties":{"Name":"AP V2 Km 124,910","descriptio":"Attributes\n  ETIQ  AP V2 Km 124,910 \n  NOM_ACCES  PTLO_L07-006 \n  AXE  LGV V2 \n  PK  124.91 \n  LONGITUDE  0°9'22.0478E \n  LATITUDE  46°20'54.9354N \n  LOT  07 \n  SEI  59 \n  LIBELLE  APP 1249-2 \n  LONG_DD  0.156124 \n  LAT_DD  46.348593","timestamp":null,"begin":null,"end":null,"altitudeMo":null,"tessellate":"-1","extrude":"0","visibility":"-1","drawOrder":null,"icon":null,"ETIQ":"AP V2 Km 124,910","NOM_ACCES":"PTLO_L07-006","AXE":"LGV V2","PK":"124.91","LONGITUDE":"0°9'22.0478E","LATITUDE":"46°20'54.9354N","LOT":"07","SEI":"59","LIBELLE":"APP 1249-2","LONG_DD":"0.156124","LAT_DD":"46.348593","gx_media_l":null,"_sp_url":null},"geometry":{"type":"Point","coordinates":[0.15612400000000096,46.348593,0.0]}},{"id":"555","type":"Feature","properties":{"Name":"AP V1 Km 125,250","descriptio":"Attributes\n  ETIQ  AP V1 Km 125,250 \n  NOM_ACCES  PTLO_L07-005 \n  AXE  LGV V1 \n  PK  125.25 \n  LONGITUDE  0°9'17.3146E \n  LATITUDE  46°20'44.0965N \n  LOT  07 \n  SEI  59 \n  LIBELLE  APP 1252-1 \n  LONG_DD  0.15481 \n  LAT_DD  46.345582","timestamp":null,"begin":null,"end":null,"altitudeMo":null,"tessellate":"-1","extrude":"0","visibility":"-1","drawOrder":null,"icon":null,"ETIQ":"AP V1 Km 125,250","NOM_ACCES":"PTLO_L07-005","AXE":"LGV V1","PK":"125.25","LONGITUDE":"0°9'17.3146E","LATITUDE":"46°20'44.0965N","LOT":"07","SEI":"59","LIBELLE":"APP 1252-1","LONG_DD":"0.15481","LAT_DD":"46.345582","gx_media_l":null,"_sp_url":null},"geometry":{"type":"Point","coordinates":[0.15481000000000084,46.345582,0.0]}},{"id":"556","type":"Feature","properties":{"Name":"AP V2 Km 125,250","descriptio":"Attributes\n  ETIQ  AP V2 Km 125,250 \n  NOM_ACCES  PTLO_L07-008 \n  AXE  LGV V2 \n  PK  125.25 \n  LONGITUDE  0°9'15.7033E \n  LATITUDE  46°20'44.5811N \n  LOT  07 \n  SEI  59 \n  LIBELLE  APP 1252-2 \n  LONG_DD  0.154362 \n  LAT_DD  46.345717","timestamp":null,"begin":null,"end":null,"altitudeMo":null,"tessellate":"-1","extrude":"0","visibility":"-1","drawOrder":null,"icon":null,"ETIQ":"AP V2 Km 125,250","NOM_ACCES":"PTLO_L07-008","AXE":"LGV V2","PK":"125.25","LONGITUDE":"0°9'15.7033E","LATITUDE":"46°20'44.5811N","LOT":"07","SEI":"59","LIBELLE":"APP 1252-2","LONG_DD":"0.154362","LAT_DD":"46.345717","gx_media_l":null,"_sp_url":null},"geometry":{"type":"Point","coordinates":[0.15436199999999942,46.34571700000001,0.0]}},{"id":"557","type":"Feature","properties":{"Name":"AP V1 Km 126,290","descriptio":"Attributes\n  ETIQ  AP V1 Km 126,290 \n  NOM_ACCES  PTLO_L07-007 \n  AXE  LGV V1 \n  PK  126.29 \n  LONGITUDE  0°8'59.6445E \n  LATITUDE  46°20'12.6998N \n  LOT  07 \n  SEI  59 \n  LIBELLE  APP 1262-1 \n  LONG_DD  0.149901 \n  LAT_DD  46.336861","timestamp":null,"begin":null,"end":null,"altitudeMo":null,"tessellate":"-1","extrude":"0","visibility":"-1","drawOrder":null,"icon":null,"ETIQ":"AP V1 Km 126,290","NOM_ACCES":"PTLO_L07-007","AXE":"LGV V1","PK":"126.29","LONGITUDE":"0°8'59.6445E","LATITUDE":"46°20'12.6998N","LOT":"07","SEI":"59","LIBELLE":"APP 1262-1","LONG_DD":"0.149901","LAT_DD":"46.336861","gx_media_l":null,"_sp_url":null},"geometry":{"type":"Point","coordinates":[0.14990099999999998,46.336860999999985,0.0]}},{"id":"558","type":"Feature","properties":{"Name":"AP V2 Km 126,310","descriptio":"Attributes\n  ETIQ  AP V2 Km 126,310 \n  NOM_ACCES  PTLO_L07-010 \n  AXE  LGV V2 \n  PK  126.31 \n  LONGITUDE  0°8'57.0337E \n  LATITUDE  46°20'12.6693N \n  LOT  07 \n  SEI  59 \n  LIBELLE  APP 1263-2 \n  LONG_DD  0.149176 \n  LAT_DD  46.336853","timestamp":null,"begin":null,"end":null,"altitudeMo":null,"tessellate":"-1","extrude":"0","visibility":"-1","drawOrder":null,"icon":null,"ETIQ":"AP V2 Km 126,310","NOM_ACCES":"PTLO_L07-010","AXE":"LGV V2","PK":"126.31","LONGITUDE":"0°8'57.0337E","LATITUDE":"46°20'12.6693N","LOT":"07","SEI":"59","LIBELLE":"APP 1263-2","LONG_DD":"0.149176","LAT_DD":"46.336853","gx_media_l":null,"_sp_url":null},"geometry":{"type":"Point","coordinates":[0.149175999999999,46.336853,0.0]}},{"id":"559","type":"Feature","properties":{"Name":"AR V2 Km 126,530","descriptio":"Attributes\n  ETIQ  AR V2 Km 126,530 \n  NOM_ACCES  PTLA_L07-006 \n  AXE  LGV V2 \n  PK  126.53 \n  LONGITUDE  0°8'54.7909E \n  LATITUDE  46°20'8.8438N \n  LOT  07 \n  SEI  59 \n  LIBELLE  ARP 1265-2 \n  LONG_DD  0.148553 \n  LAT_DD  46.33579","timestamp":null,"begin":null,"end":null,"altitudeMo":null,"tessellate":"-1","extrude":"0","visibility":"-1","drawOrder":null,"icon":null,"ETIQ":"AR V2 Km 126,530","NOM_ACCES":"PTLA_L07-006","AXE":"LGV V2","PK":"126.53","LONGITUDE":"0°8'54.7909E","LATITUDE":"46°20'8.8438N","LOT":"07","SEI":"59","LIBELLE":"ARP 1265-2","LONG_DD":"0.148553","LAT_DD":"46.33579","gx_media_l":null,"_sp_url":null},"geometry":{"type":"Point","coordinates":[0.148552999999999,46.33579,0.0]}},{"id":"560","type":"Feature","properties":{"Name":"AR V1 Km 126,530","descriptio":"Attributes\n  ETIQ  AR V1 Km 126,530 \n  NOM_ACCES  PTLA_L07-003 \n  AXE  LGV V1 \n  PK  126.53 \n  LONGITUDE  0°8'55.8929E \n  LATITUDE  46°20'5.9643N \n  LOT  07 \n  SEI  59 \n  LIBELLE  ARP 1265-1 \n  LONG_DD  0.148859 \n  LAT_DD  46.33499","timestamp":null,"begin":null,"end":null,"altitudeMo":null,"tessellate":"-1","extrude":"0","visibility":"-1","drawOrder":null,"icon":null,"ETIQ":"AR V1 Km 126,530","NOM_ACCES":"PTLA_L07-003","AXE":"LGV V1","PK":"126.53","LONGITUDE":"0°8'55.8929E","LATITUDE":"46°20'5.9643N","LOT":"07","SEI":"59","LIBELLE":"ARP 1265-1","LONG_DD":"0.148859","LAT_DD":"46.33499","gx_media_l":null,"_sp_url":null},"geometry":{"type":"Point","coordinates":[0.1488590000000015,46.33498999999998,0.0]}},{"id":"561","type":"Feature","properties":{"Name":"AP V1 Km 126,900","descriptio":"Attributes\n  ETIQ  AP V1 Km 126,900 \n  NOM_ACCES  PTLO_L07-005 \n  AXE  LGV V1 \n  PK  126.9 \n  LONGITUDE  0°8'50.1186E \n  LATITUDE  46°19'54.7083N \n  LOT  07 \n  SEI  59 \n  LIBELLE  APP 1269-1 \n  LONG_DD  0.147255 \n  LAT_DD  46.331863","timestamp":null,"begin":null,"end":null,"altitudeMo":null,"tessellate":"-1","extrude":"0","visibility":"-1","drawOrder":null,"icon":null,"ETIQ":"AP V1 Km 126,900","NOM_ACCES":"PTLO_L07-005","AXE":"LGV V1","PK":"126.9","LONGITUDE":"0°8'50.1186E","LATITUDE":"46°19'54.7083N","LOT":"07","SEI":"59","LIBELLE":"APP 1269-1","LONG_DD":"0.147255","LAT_DD":"46.331863","gx_media_l":null,"_sp_url":null},"geometry":{"type":"Point","coordinates":[0.14725500000000052,46.331863,0.0]}},{"id":"562","type":"Feature","properties":{"Name":"AP V2 Km 127,000","descriptio":"Attributes\n  ETIQ  AP V2 Km 127,000 \n  NOM_ACCES  PTLA_L07-006 \n  AXE  LGV V2 \n  PK  127 \n  LONGITUDE  0°8'54.7902E \n  LATITUDE  46°20'8.844N \n  LOT  07 \n  SEI  59 \n  LIBELLE  APP 1270-2 \n  LONG_DD  0.148553 \n  LAT_DD  46.33579","timestamp":null,"begin":null,"end":null,"altitudeMo":null,"tessellate":"-1","extrude":"0","visibility":"-1","drawOrder":null,"icon":null,"ETIQ":"AP V2 Km 127,000","NOM_ACCES":"PTLA_L07-006","AXE":"LGV V2","PK":"127","LONGITUDE":"0°8'54.7902E","LATITUDE":"46°20'8.844N","LOT":"07","SEI":"59","LIBELLE":"APP 1270-2","LONG_DD":"0.148553","LAT_DD":"46.33579","gx_media_l":null,"_sp_url":null},"geometry":{"type":"Point","coordinates":[0.148552999999999,46.33579,0.0]}},{"id":"563","type":"Feature","properties":{"Name":"AP V2 Km 127,630","descriptio":"Attributes\n  ETIQ  AP V2 Km 127,630 \n  NOM_ACCES  PTLO_L07-012 \n  AXE  LGV V2 \n  PK  127.63 \n  LONGITUDE  0°8'38.144E \n  LATITUDE  46°19'31.7407N \n  LOT  07 \n  SEI  59 \n  LIBELLE  APP 1276-2 \n  LONG_DD  0.143929 \n  LAT_DD  46.325484","timestamp":null,"begin":null,"end":null,"altitudeMo":null,"tessellate":"-1","extrude":"0","visibility":"-1","drawOrder":null,"icon":null,"ETIQ":"AP V2 Km 127,630","NOM_ACCES":"PTLO_L07-012","AXE":"LGV V2","PK":"127.63","LONGITUDE":"0°8'38.144E","LATITUDE":"46°19'31.7407N","LOT":"07","SEI":"59","LIBELLE":"APP 1276-2","LONG_DD":"0.143929","LAT_DD":"46.325484","gx_media_l":null,"_sp_url":null},"geometry":{"type":"Point","coordinates":[0.1439289999999999,46.325483999999996,0.0]}},{"id":"564","type":"Feature","properties":{"Name":"AP V1 Km 127,630","descriptio":"Attributes\n  ETIQ  AP V1 Km 127,630 \n  NOM_ACCES  PTLA_L07-007 \n  AXE  LGV V1 \n  PK  127.63 \n  LONGITUDE  0°8'41.1243E \n  LATITUDE  46°19'31.394N \n  LOT  07 \n  SEI  59 \n  LIBELLE  APP 1276-1 \n  LONG_DD  0.144757 \n  LAT_DD  46.325387","timestamp":null,"begin":null,"end":null,"altitudeMo":null,"tessellate":"-1","extrude":"0","visibility":"-1","drawOrder":null,"icon":null,"ETIQ":"AP V1 Km 127,630","NOM_ACCES":"PTLA_L07-007","AXE":"LGV V1","PK":"127.63","LONGITUDE":"0°8'41.1243E","LATITUDE":"46°19'31.394N","LOT":"07","SEI":"59","LIBELLE":"APP 1276-1","LONG_DD":"0.144757","LAT_DD":"46.325387","gx_media_l":null,"_sp_url":null},"geometry":{"type":"Point","coordinates":[0.14475699999999983,46.32538700000001,0.0]}},{"id":"565","type":"Feature","properties":{"Name":"V1 Km 127,750","descriptio":"Attributes\n  ETIQ  V1 Km 127,750 \n  NOM_ACCES  PTLA-L07-009 \n  AXE  LGV V1 \n  PK  127.75 \n  LONGITUDE  0°8'41.1243E \n  LATITUDE  46°19'31.394N \n  LOT  07 \n  SEI  59 \n  LIBELLE  SST 400kV ROM \n  LONG_DD  0.144757 \n  LAT_DD  46.325387","timestamp":null,"begin":null,"end":null,"altitudeMo":null,"tessellate":"-1","extrude":"0","visibility":"-1","drawOrder":null,"icon":null,"ETIQ":"V1 Km 127,750","NOM_ACCES":"PTLA-L07-009","AXE":"LGV V1","PK":"127.75","LONGITUDE":"0°8'41.1243E","LATITUDE":"46°19'31.394N","LOT":"07","SEI":"59","LIBELLE":"SST 400kV ROM","LONG_DD":"0.144757","LAT_DD":"46.325387","gx_media_l":null,"_sp_url":null},"geometry":{"type":"Point","coordinates":[0.14475699999999983,46.32538700000001,0.0]}},{"id":"566","type":"Feature","properties":{"Name":"AR V2 Km 128,280","descriptio":"Attributes\n  ETIQ  AR V2 Km 128,280 \n  NOM_ACCES  PTLA_L07-008 \n  AXE  LGV V2 \n  PK  128.28 \n  LONGITUDE  0°8'29.3161E \n  LATITUDE  46°19'9.5352N \n  LOT  07 \n  SEI  59 \n  LIBELLE  RRL 1283-2 \n  LONG_DD  0.141477 \n  LAT_DD  46.319315","timestamp":null,"begin":null,"end":null,"altitudeMo":null,"tessellate":"-1","extrude":"0","visibility":"-1","drawOrder":null,"icon":null,"ETIQ":"AR V2 Km 128,280","NOM_ACCES":"PTLA_L07-008","AXE":"LGV V2","PK":"128.28","LONGITUDE":"0°8'29.3161E","LATITUDE":"46°19'9.5352N","LOT":"07","SEI":"59","LIBELLE":"RRL 1283-2","LONG_DD":"0.141477","LAT_DD":"46.319315","gx_media_l":null,"_sp_url":null},"geometry":{"type":"Point","coordinates":[0.1414769999999998,46.319315,0.0]}},{"id":"567","type":"Feature","properties":{"Name":"AR V1 Km 128,280","descriptio":"Attributes\n  ETIQ  AR V1 Km 128,280 \n  NOM_ACCES  PTLA_L07-011 \n  AXE  LGV V1 \n  PK  128.28 \n  LONGITUDE  0°8'31.9991E \n  LATITUDE  46°19'8.5363N \n  LOT  07 \n  SEI  59 \n  LIBELLE  RRL 1283-1 \n  LONG_DD  0.142222 \n  LAT_DD  46.319038","timestamp":null,"begin":null,"end":null,"altitudeMo":null,"tessellate":"-1","extrude":"0","visibility":"-1","drawOrder":null,"icon":null,"ETIQ":"AR V1 Km 128,280","NOM_ACCES":"PTLA_L07-011","AXE":"LGV V1","PK":"128.28","LONGITUDE":"0°8'31.9991E","LATITUDE":"46°19'8.5363N","LOT":"07","SEI":"59","LIBELLE":"RRL 1283-1","LONG_DD":"0.142222","LAT_DD":"46.319038","gx_media_l":null,"_sp_url":null},"geometry":{"type":"Point","coordinates":[0.14222200000000074,46.31903799999998,0.0]}},{"id":"568","type":"Feature","properties":{"Name":"AP V1 Km 128,940","descriptio":"Attributes\n  ETIQ  AP V1 Km 128,940 \n  NOM_ACCES  PTLO_L07-009 \n  AXE  LGV V1 \n  PK  128.94 \n  LONGITUDE  0°8'23.8384E \n  LATITUDE  46°18'50.3526N \n  LOT  07 \n  SEI  59 \n  LIBELLE  APP 1289-1 \n  LONG_DD  0.139955 \n  LAT_DD  46.313987","timestamp":null,"begin":null,"end":null,"altitudeMo":null,"tessellate":"-1","extrude":"0","visibility":"-1","drawOrder":null,"icon":null,"ETIQ":"AP V1 Km 128,940","NOM_ACCES":"PTLO_L07-009","AXE":"LGV V1","PK":"128.94","LONGITUDE":"0°8'23.8384E","LATITUDE":"46°18'50.3526N","LOT":"07","SEI":"59","LIBELLE":"APP 1289-1","LONG_DD":"0.139955","LAT_DD":"46.313987","gx_media_l":null,"_sp_url":null},"geometry":{"type":"Point","coordinates":[0.1399549999999994,46.31398699999999,0.0]}},{"id":"569","type":"Feature","properties":{"Name":"AP V2 Km 128,995","descriptio":"Attributes\n  ETIQ  AP V2 Km 128,995 \n  NOM_ACCES  PTLO_L07-014 \n  AXE  LGV V2 \n  PK  128.995 \n  LONGITUDE  0°8'21.8801E \n  LATITUDE  46°18'48.7967N \n  LOT  07 \n  SEI  59 \n  LIBELLE  APP 1289-2 \n  LONG_DD  0.139411 \n  LAT_DD  46.313555","timestamp":null,"begin":null,"end":null,"altitudeMo":null,"tessellate":"-1","extrude":"0","visibility":"-1","drawOrder":null,"icon":null,"ETIQ":"AP V2 Km 128,995","NOM_ACCES":"PTLO_L07-014","AXE":"LGV V2","PK":"128.995","LONGITUDE":"0°8'21.8801E","LATITUDE":"46°18'48.7967N","LOT":"07","SEI":"59","LIBELLE":"APP 1289-2","LONG_DD":"0.139411","LAT_DD":"46.313555","gx_media_l":null,"_sp_url":null},"geometry":{"type":"Point","coordinates":[0.1394110000000001,46.31355500000001,0.0]}},{"id":"570","type":"Feature","properties":{"Name":"AP V1 Km 129,910","descriptio":"Attributes\n  ETIQ  AP V1 Km 129,910 \n  NOM_ACCES  PTLO_L07-011 \n  AXE  LGV V1 \n  PK  129.91 \n  LONGITUDE  0°8'13.3128E \n  LATITUDE  46°18'20.0351N \n  LOT  07 \n  SEI  59 \n  LIBELLE  APP 1299-1 \n  LONG_DD  0.137031 \n  LAT_DD  46.305565","timestamp":null,"begin":null,"end":null,"altitudeMo":null,"tessellate":"-1","extrude":"0","visibility":"-1","drawOrder":null,"icon":null,"ETIQ":"AP V1 Km 129,910","NOM_ACCES":"PTLO_L07-011","AXE":"LGV V1","PK":"129.91","LONGITUDE":"0°8'13.3128E","LATITUDE":"46°18'20.0351N","LOT":"07","SEI":"59","LIBELLE":"APP 1299-1","LONG_DD":"0.137031","LAT_DD":"46.305565","gx_media_l":null,"_sp_url":null},"geometry":{"type":"Point","coordinates":[0.13703100000000082,46.30556500000001,0.0]}},{"id":"571","type":"Feature","properties":{"Name":"AP V2 Km 129,950","descriptio":"Attributes\n  ETIQ  AP V2 Km 129,950 \n  NOM_ACCES  PTLO_L07-016 \n  AXE  LGV V2 \n  PK  129.95 \n  LONGITUDE  0°8'11.4931E \n  LATITUDE  46°18'19.2476N \n  LOT  07 \n  SEI  59 \n  LIBELLE  APP 1299-2 \n  LONG_DD  0.136526 \n  LAT_DD  46.305347","timestamp":null,"begin":null,"end":null,"altitudeMo":null,"tessellate":"-1","extrude":"0","visibility":"-1","drawOrder":null,"icon":null,"ETIQ":"AP V2 Km 129,950","NOM_ACCES":"PTLO_L07-016","AXE":"LGV V2","PK":"129.95","LONGITUDE":"0°8'11.4931E","LATITUDE":"46°18'19.2476N","LOT":"07","SEI":"59","LIBELLE":"APP 1299-2","LONG_DD":"0.136526","LAT_DD":"46.305347","gx_media_l":null,"_sp_url":null},"geometry":{"type":"Point","coordinates":[0.13652600000000104,46.30534699999998,0.0]}},{"id":"572","type":"Feature","properties":{"Name":"AR V2 Km 130,405","descriptio":"Attributes\n  ETIQ  AR V2 Km 130,405 \n  NOM_ACCES  PTLA_L07-010 \n  AXE  LGV V2 \n  PK  130.405 \n  LONGITUDE  0°8'7.1369E \n  LATITUDE  46°18'3.5285N \n  LOT  07 \n  SEI  59 \n  LIBELLE  ARP 1304-2 \n  LONG_DD  0.135316 \n  LAT_DD  46.30098","timestamp":null,"begin":null,"end":null,"altitudeMo":null,"tessellate":"-1","extrude":"0","visibility":"-1","drawOrder":null,"icon":null,"ETIQ":"AR V2 Km 130,405","NOM_ACCES":"PTLA_L07-010","AXE":"LGV V2","PK":"130.405","LONGITUDE":"0°8'7.1369E","LATITUDE":"46°18'3.5285N","LOT":"07","SEI":"59","LIBELLE":"ARP 1304-2","LONG_DD":"0.135316","LAT_DD":"46.30098","gx_media_l":null,"_sp_url":null},"geometry":{"type":"Point","coordinates":[0.13531599999999985,46.30098,0.0]}},{"id":"573","type":"Feature","properties":{"Name":"AR V1 Km 130,405","descriptio":"Attributes\n  ETIQ  AR V1 Km 130,405 \n  NOM_ACCES  PTLA_L07-013 \n  AXE  LGV V1 \n  PK  130.405 \n  LONGITUDE  0°8'9.3719E \n  LATITUDE  46°18'3.4934N \n  LOT  07 \n  SEI  59 \n  LIBELLE  ARP 1304-1 \n  LONG_DD  0.135937 \n  LAT_DD  46.30097","timestamp":null,"begin":null,"end":null,"altitudeMo":null,"tessellate":"-1","extrude":"0","visibility":"-1","drawOrder":null,"icon":null,"ETIQ":"AR V1 Km 130,405","NOM_ACCES":"PTLA_L07-013","AXE":"LGV V1","PK":"130.405","LONGITUDE":"0°8'9.3719E","LATITUDE":"46°18'3.4934N","LOT":"07","SEI":"59","LIBELLE":"ARP 1304-1","LONG_DD":"0.135937","LAT_DD":"46.30097","gx_media_l":null,"_sp_url":null},"geometry":{"type":"Point","coordinates":[0.1359369999999999,46.30097,0.0]}},{"id":"574","type":"Feature","properties":{"Name":"AP V1 Km 131,300","descriptio":"Attributes\n  ETIQ  AP V1 Km 131,300 \n  NOM_ACCES  PTLO_L07-013 \n  AXE  LGV V1 \n  PK  131.3 \n  LONGITUDE  0°8'5.5841E \n  LATITUDE  46°17'35.4114N \n  LOT  07 \n  SEI  59 \n  LIBELLE  APP 1313-1 \n  LONG_DD  0.134884 \n  LAT_DD  46.29317","timestamp":null,"begin":null,"end":null,"altitudeMo":null,"tessellate":"-1","extrude":"0","visibility":"-1","drawOrder":null,"icon":null,"ETIQ":"AP V1 Km 131,300","NOM_ACCES":"PTLO_L07-013","AXE":"LGV V1","PK":"131.3","LONGITUDE":"0°8'5.5841E","LATITUDE":"46°17'35.4114N","LOT":"07","SEI":"59","LIBELLE":"APP 1313-1","LONG_DD":"0.134884","LAT_DD":"46.29317","gx_media_l":null,"_sp_url":null},"geometry":{"type":"Point","coordinates":[0.1348840000000001,46.293170000000025,0.0]}},{"id":"575","type":"Feature","properties":{"Name":"AP V2 Km 131,360","descriptio":"Attributes\n  ETIQ  AP V2 Km 131,360 \n  NOM_ACCES  PTLO_L07-018 \n  AXE  LGV V2 \n  PK  131.36 \n  LONGITUDE  0°8'3.1062E \n  LATITUDE  46°17'33.8747N \n  LOT  07 \n  SEI  59 \n  LIBELLE  APP 1313-2 \n  LONG_DD  0.134196 \n  LAT_DD  46.292743","timestamp":null,"begin":null,"end":null,"altitudeMo":null,"tessellate":"-1","extrude":"0","visibility":"-1","drawOrder":null,"icon":null,"ETIQ":"AP V2 Km 131,360","NOM_ACCES":"PTLO_L07-018","AXE":"LGV V2","PK":"131.36","LONGITUDE":"0°8'3.1062E","LATITUDE":"46°17'33.8747N","LOT":"07","SEI":"59","LIBELLE":"APP 1313-2","LONG_DD":"0.134196","LAT_DD":"46.292743","gx_media_l":null,"_sp_url":null},"geometry":{"type":"Point","coordinates":[0.1341959999999995,46.292743000000016,0.0]}},{"id":"576","type":"Feature","properties":{"Name":"AP V1 Km 131,690","descriptio":"Attributes\n  ETIQ  AP V1 Km 131,690 \n  NOM_ACCES  PTLO_L07-015 \n  AXE  LGV V1 \n  PK  131.69 \n  LONGITUDE  0°8'4.8462E \n  LATITUDE  46°17'22.9885N \n  LOT  07 \n  SEI  59 \n  LIBELLE  APP 1316-1 \n  LONG_DD  0.134679 \n  LAT_DD  46.289719","timestamp":null,"begin":null,"end":null,"altitudeMo":null,"tessellate":"-1","extrude":"0","visibility":"-1","drawOrder":null,"icon":null,"ETIQ":"AP V1 Km 131,690","NOM_ACCES":"PTLO_L07-015","AXE":"LGV V1","PK":"131.69","LONGITUDE":"0°8'4.8462E","LATITUDE":"46°17'22.9885N","LOT":"07","SEI":"59","LIBELLE":"APP 1316-1","LONG_DD":"0.134679","LAT_DD":"46.289719","gx_media_l":null,"_sp_url":null},"geometry":{"type":"Point","coordinates":[0.13467900000000094,46.28971899999999,0.0]}},{"id":"577","type":"Feature","properties":{"Name":"AP V2 Km 131,705","descriptio":"Attributes\n  ETIQ  AP V2 Km 131,705 \n  NOM_ACCES  PTLO_L07-020 \n  AXE  LGV V2 \n  PK  131.705 \n  LONGITUDE  0°8'2.5062E \n  LATITUDE  46°17'22.3858N \n  LOT  07 \n  SEI  59 \n  LIBELLE  APP 1317-2 \n  LONG_DD  0.134029 \n  LAT_DD  46.289552","timestamp":null,"begin":null,"end":null,"altitudeMo":null,"tessellate":"-1","extrude":"0","visibility":"-1","drawOrder":null,"icon":null,"ETIQ":"AP V2 Km 131,705","NOM_ACCES":"PTLO_L07-020","AXE":"LGV V2","PK":"131.705","LONGITUDE":"0°8'2.5062E","LATITUDE":"46°17'22.3858N","LOT":"07","SEI":"59","LIBELLE":"APP 1317-2","LONG_DD":"0.134029","LAT_DD":"46.289552","gx_media_l":null,"_sp_url":null},"geometry":{"type":"Point","coordinates":[0.13402900000000034,46.28955199999999,0.0]}},{"id":"578","type":"Feature","properties":{"Name":"AR V1 Km 132,400","descriptio":"Attributes\n  ETIQ  AR V1 Km 132,400 \n  NOM_ACCES  PTLA_L07-015 \n  AXE  LGV V1 \n  PK  132.4 \n  LONGITUDE  0°8'5.9044E \n  LATITUDE  46°16'55.9813N \n  LOT  07 \n  SEI  59 \n  LIBELLE  ARP 1323-1 \n  LONG_DD  0.134973 \n  LAT_DD  46.282217","timestamp":null,"begin":null,"end":null,"altitudeMo":null,"tessellate":"-1","extrude":"0","visibility":"-1","drawOrder":null,"icon":null,"ETIQ":"AR V1 Km 132,400","NOM_ACCES":"PTLA_L07-015","AXE":"LGV V1","PK":"132.4","LONGITUDE":"0°8'5.9044E","LATITUDE":"46°16'55.9813N","LOT":"07","SEI":"59","LIBELLE":"ARP 1323-1","LONG_DD":"0.134973","LAT_DD":"46.282217","gx_media_l":null,"_sp_url":null},"geometry":{"type":"Point","coordinates":[0.13497299999999973,46.282216999999996,0.0]}},{"id":"579","type":"Feature","properties":{"Name":"AR V2 Km 132,400","descriptio":"Attributes\n  ETIQ  AR V2 Km 132,400 \n  NOM_ACCES  PTLA_L07-012 \n  AXE  LGV V2 \n  PK  132.4 \n  LONGITUDE  0°8'3.293E \n  LATITUDE  46°16'57.7465N \n  LOT  07 \n  SEI  59 \n  LIBELLE  ARP 1323-2 \n  LONG_DD  0.134248 \n  LAT_DD  46.282707","timestamp":null,"begin":null,"end":null,"altitudeMo":null,"tessellate":"-1","extrude":"0","visibility":"-1","drawOrder":null,"icon":null,"ETIQ":"AR V2 Km 132,400","NOM_ACCES":"PTLA_L07-012","AXE":"LGV V2","PK":"132.4","LONGITUDE":"0°8'3.293E","LATITUDE":"46°16'57.7465N","LOT":"07","SEI":"59","LIBELLE":"ARP 1323-2","LONG_DD":"0.134248","LAT_DD":"46.282707","gx_media_l":null,"_sp_url":null},"geometry":{"type":"Point","coordinates":[0.13424800000000037,46.28270700000001,0.0]}},{"id":"580","type":"Feature","properties":{"Name":"AP V1 Km 132,950","descriptio":"Attributes\n  ETIQ  AP V1 Km 132,950 \n  NOM_ACCES  PTLO_L07-017 \n  AXE  LGV V1 \n  PK  132.95 \n  LONGITUDE  0°8'7.8676E \n  LATITUDE  46°16'45.1013N \n  LOT  07 \n  SEI  59 \n  LIBELLE  APP 1329-1 \n  LONG_DD  0.135519 \n  LAT_DD  46.279195","timestamp":null,"begin":null,"end":null,"altitudeMo":null,"tessellate":"-1","extrude":"0","visibility":"-1","drawOrder":null,"icon":null,"ETIQ":"AP V1 Km 132,950","NOM_ACCES":"PTLO_L07-017","AXE":"LGV V1","PK":"132.95","LONGITUDE":"0°8'7.8676E","LATITUDE":"46°16'45.1013N","LOT":"07","SEI":"59","LIBELLE":"APP 1329-1","LONG_DD":"0.135519","LAT_DD":"46.279195","gx_media_l":null,"_sp_url":null},"geometry":{"type":"Point","coordinates":[0.13551899999999942,46.27919500000002,0.0]}},{"id":"581","type":"Feature","properties":{"Name":"AP V2 Km 132,950","descriptio":"Attributes\n  ETIQ  AP V2 Km 132,950 \n  NOM_ACCES  PTLO_L07-022 \n  AXE  LGV V2 \n  PK  132.95 \n  LONGITUDE  0°8'4.8268E \n  LATITUDE  46°16'42.1016N \n  LOT  07 \n  SEI  59 \n  LIBELLE  APP 1329-2 \n  LONG_DD  0.134674 \n  LAT_DD  46.278362","timestamp":null,"begin":null,"end":null,"altitudeMo":null,"tessellate":"-1","extrude":"0","visibility":"-1","drawOrder":null,"icon":null,"ETIQ":"AP V2 Km 132,950","NOM_ACCES":"PTLO_L07-022","AXE":"LGV V2","PK":"132.95","LONGITUDE":"0°8'4.8268E","LATITUDE":"46°16'42.1016N","LOT":"07","SEI":"59","LIBELLE":"APP 1329-2","LONG_DD":"0.134674","LAT_DD":"46.278362","gx_media_l":null,"_sp_url":null},"geometry":{"type":"Point","coordinates":[0.13467400000000027,46.27836200000001,0.0]}},{"id":"582","type":"Feature","properties":{"Name":"AP V2 Km 133,330","descriptio":"Attributes\n  ETIQ  AP V2 Km 133,330 \n  NOM_ACCES  PTLO_L07-022a \n  AXE  LGV V2 \n  PK  133.33 \n  LONGITUDE  0°8'15.1696E \n  LATITUDE  46°15'57.9307N \n  LOT  07 \n  SEI  59 \n  LIBELLE  APP 1333-2 \n  LONG_DD  0.137547 \n  LAT_DD  46.266092","timestamp":null,"begin":null,"end":null,"altitudeMo":null,"tessellate":"-1","extrude":"0","visibility":"-1","drawOrder":null,"icon":null,"ETIQ":"AP V2 Km 133,330","NOM_ACCES":"PTLO_L07-022a","AXE":"LGV V2","PK":"133.33","LONGITUDE":"0°8'15.1696E","LATITUDE":"46°15'57.9307N","LOT":"07","SEI":"59","LIBELLE":"APP 1333-2","LONG_DD":"0.137547","LAT_DD":"46.266092","gx_media_l":null,"_sp_url":null},"geometry":{"type":"Point","coordinates":[0.13754700000000036,46.26609200000001,0.0]}},{"id":"583","type":"Feature","properties":{"Name":"AP V2 Km 133,770","descriptio":"Attributes\n  ETIQ  AP V2 Km 133,770 \n  NOM_ACCES  PTLA_L07-012a \n  AXE  LGV V2 \n  PK  133.77 \n  LONGITUDE  0°8'7.1419E \n  LATITUDE  46°16'29.3555N \n  LOT  07 \n  SEI  59 \n  LIBELLE  APP 1337-2 \n  LONG_DD  0.135317 \n  LAT_DD  46.274821","timestamp":null,"begin":null,"end":null,"altitudeMo":null,"tessellate":"-1","extrude":"0","visibility":"-1","drawOrder":null,"icon":null,"ETIQ":"AP V2 Km 133,770","NOM_ACCES":"PTLA_L07-012a","AXE":"LGV V2","PK":"133.77","LONGITUDE":"0°8'7.1419E","LATITUDE":"46°16'29.3555N","LOT":"07","SEI":"59","LIBELLE":"APP 1337-2","LONG_DD":"0.135317","LAT_DD":"46.274821","gx_media_l":null,"_sp_url":null},"geometry":{"type":"Point","coordinates":[0.13531700000000024,46.27482100000001,0.0]}},{"id":"584","type":"Feature","properties":{"Name":"AP V1 Km 133,790","descriptio":"Attributes\n  ETIQ  AP V1 Km 133,790 \n  NOM_ACCES  PTLO_L07-019 \n  AXE  LGV V1 \n  PK  133.79 \n  LONGITUDE  0°8'12.7365E \n  LATITUDE  46°16'15.6788N \n  LOT  07 \n  SEI  59 \n  LIBELLE  APP 1337-1 \n  LONG_DD  0.136871 \n  LAT_DD  46.271022","timestamp":null,"begin":null,"end":null,"altitudeMo":null,"tessellate":"-1","extrude":"0","visibility":"-1","drawOrder":null,"icon":null,"ETIQ":"AP V1 Km 133,790","NOM_ACCES":"PTLO_L07-019","AXE":"LGV V1","PK":"133.79","LONGITUDE":"0°8'12.7365E","LATITUDE":"46°16'15.6788N","LOT":"07","SEI":"59","LIBELLE":"APP 1337-1","LONG_DD":"0.136871","LAT_DD":"46.271022","gx_media_l":null,"_sp_url":null},"geometry":{"type":"Point","coordinates":[0.13687100000000033,46.271021999999995,0.0]}},{"id":"585","type":"Feature","properties":{"Name":"AR V2 Km 134,430","descriptio":"Attributes\n  ETIQ  AR V2 Km 134,430 \n  NOM_ACCES  PTLA_L07-016 \n  AXE  LGV V2 \n  PK  134.43 \n  LONGITUDE  0°8'13.7334E \n  LATITUDE  46°15'55.779N \n  LOT  07 \n  SEI  59 \n  LIBELLE  RRG 1344-2 \n  LONG_DD  0.137148 \n  LAT_DD  46.265494","timestamp":null,"begin":null,"end":null,"altitudeMo":null,"tessellate":"-1","extrude":"0","visibility":"-1","drawOrder":null,"icon":null,"ETIQ":"AR V2 Km 134,430","NOM_ACCES":"PTLA_L07-016","AXE":"LGV V2","PK":"134.43","LONGITUDE":"0°8'13.7334E","LATITUDE":"46°15'55.779N","LOT":"07","SEI":"59","LIBELLE":"RRG 1344-2","LONG_DD":"0.137148","LAT_DD":"46.265494","gx_media_l":null,"_sp_url":null},"geometry":{"type":"Point","coordinates":[0.13714799999999988,46.265494000000004,0.0]}},{"id":"586","type":"Feature","properties":{"Name":"AR V1 Km 134,430","descriptio":"Attributes\n  ETIQ  AR V1 Km 134,430 \n  NOM_ACCES  PTLA-L07-017 \n  AXE  LGV V1 \n  PK  134.43 \n  LONGITUDE  0°8'18.1085E \n  LATITUDE  46°15'56.2689N \n  LOT  07 \n  SEI  59 \n  LIBELLE  RRG 1344-1 \n  LONG_DD  0.138363 \n  LAT_DD  46.26563","timestamp":null,"begin":null,"end":null,"altitudeMo":null,"tessellate":"-1","extrude":"0","visibility":"-1","drawOrder":null,"icon":null,"ETIQ":"AR V1 Km 134,430","NOM_ACCES":"PTLA-L07-017","AXE":"LGV V1","PK":"134.43","LONGITUDE":"0°8'18.1085E","LATITUDE":"46°15'56.2689N","LOT":"07","SEI":"59","LIBELLE":"RRG 1344-1","LONG_DD":"0.138363","LAT_DD":"46.26563","gx_media_l":null,"_sp_url":null},"geometry":{"type":"Point","coordinates":[0.13836300000000015,46.26563,0.0]}},{"id":"587","type":"Feature","properties":{"Name":"AR V2 Km 135,387","descriptio":"Attributes\n  ETIQ  AR V2 Km 135,387 \n  NOM_ACCES  PTLA_L07-018 \n  AXE  LGV V2 \n  PK  135.387 \n  LONGITUDE  0°8'22.8363E \n  LATITUDE  46°15'22.9991N \n  LOT  07 \n  SEI  59 \n  LIBELLE  ARP 1353-2 \n  LONG_DD  0.139677 \n  LAT_DD  46.256389","timestamp":null,"begin":null,"end":null,"altitudeMo":null,"tessellate":"-1","extrude":"0","visibility":"-1","drawOrder":null,"icon":null,"ETIQ":"AR V2 Km 135,387","NOM_ACCES":"PTLA_L07-018","AXE":"LGV V2","PK":"135.387","LONGITUDE":"0°8'22.8363E","LATITUDE":"46°15'22.9991N","LOT":"07","SEI":"59","LIBELLE":"ARP 1353-2","LONG_DD":"0.139677","LAT_DD":"46.256389","gx_media_l":null,"_sp_url":null},"geometry":{"type":"Point","coordinates":[0.13967699999999988,46.256389,0.0]}},{"id":"588","type":"Feature","properties":{"Name":"AR V1 Km 135,387","descriptio":"Attributes\n  ETIQ  AR V1 Km 135,387 \n  NOM_ACCES  PTLA_L07-019 \n  AXE  LGV V1 \n  PK  135.387 \n  LONGITUDE  0°8'27.7715E \n  LATITUDE  46°15'23.6536N \n  LOT  07 \n  SEI  59 \n  LIBELLE  ARP 1353-1 \n  LONG_DD  0.141048 \n  LAT_DD  46.25657","timestamp":null,"begin":null,"end":null,"altitudeMo":null,"tessellate":"-1","extrude":"0","visibility":"-1","drawOrder":null,"icon":null,"ETIQ":"AR V1 Km 135,387","NOM_ACCES":"PTLA_L07-019","AXE":"LGV V1","PK":"135.387","LONGITUDE":"0°8'27.7715E","LATITUDE":"46°15'23.6536N","LOT":"07","SEI":"59","LIBELLE":"ARP 1353-1","LONG_DD":"0.141048","LAT_DD":"46.25657","gx_media_l":null,"_sp_url":null},"geometry":{"type":"Point","coordinates":[0.14104799999999956,46.256569999999996,0.0]}},{"id":"589","type":"Feature","properties":{"Name":"AP V2 Km 136,100","descriptio":"Attributes\n  ETIQ  AP V2 Km 136,100 \n  NOM_ACCES  PTLO_L07-026 \n  AXE  LGV V2 \n  PK  136.1 \n  LONGITUDE  0°8'26.7997E \n  LATITUDE  46°14'59.2567N \n  LOT  07 \n  SEI  59 \n  LIBELLE  APP 1361-2 \n  LONG_DD  0.140778 \n  LAT_DD  46.249794","timestamp":null,"begin":null,"end":null,"altitudeMo":null,"tessellate":"-1","extrude":"0","visibility":"-1","drawOrder":null,"icon":null,"ETIQ":"AP V2 Km 136,100","NOM_ACCES":"PTLO_L07-026","AXE":"LGV V2","PK":"136.1","LONGITUDE":"0°8'26.7997E","LATITUDE":"46°14'59.2567N","LOT":"07","SEI":"59","LIBELLE":"APP 1361-2","LONG_DD":"0.140778","LAT_DD":"46.249794","gx_media_l":null,"_sp_url":null},"geometry":{"type":"Point","coordinates":[0.14077799999999985,46.249793999999994,0.0]}},{"id":"590","type":"Feature","properties":{"Name":"AP V1 Km 136,100","descriptio":"Attributes\n  ETIQ  AP V1 Km 136,100 \n  NOM_ACCES  PTLO_L07-021 \n  AXE  LGV V1 \n  PK  136.1 \n  LONGITUDE  0°8'29.6404E \n  LATITUDE  46°15'1.1971N \n  LOT  07 \n  SEI  59 \n  LIBELLE  APP 1361-1 \n  LONG_DD  0.141567 \n  LAT_DD  46.250333","timestamp":null,"begin":null,"end":null,"altitudeMo":null,"tessellate":"-1","extrude":"0","visibility":"-1","drawOrder":null,"icon":null,"ETIQ":"AP V1 Km 136,100","NOM_ACCES":"PTLO_L07-021","AXE":"LGV V1","PK":"136.1","LONGITUDE":"0°8'29.6404E","LATITUDE":"46°15'1.1971N","LOT":"07","SEI":"59","LIBELLE":"APP 1361-1","LONG_DD":"0.141567","LAT_DD":"46.250333","gx_media_l":null,"_sp_url":null},"geometry":{"type":"Point","coordinates":[0.14156699999999944,46.250333,0.0]}},{"id":"591","type":"Feature","properties":{"Name":"AR V1 Km 136,819","descriptio":"Attributes\n  ETIQ  AR V1 Km 136,819 \n  NOM_ACCES  PTLO_L07-021 \n  AXE  LGV V1 \n  PK  136.819 \n  LONGITUDE  0°8'31.6381E \n  LATITUDE  46°14'36.2643N \n  LOT  07 \n  SEI  59 \n  LIBELLE  ARP 1368-1 \n  LONG_DD  0.142122 \n  LAT_DD  46.243407","timestamp":null,"begin":null,"end":null,"altitudeMo":null,"tessellate":"-1","extrude":"0","visibility":"-1","drawOrder":null,"icon":null,"ETIQ":"AR V1 Km 136,819","NOM_ACCES":"PTLO_L07-021","AXE":"LGV V1","PK":"136.819","LONGITUDE":"0°8'31.6381E","LATITUDE":"46°14'36.2643N","LOT":"07","SEI":"59","LIBELLE":"ARP 1368-1","LONG_DD":"0.142122","LAT_DD":"46.243407","gx_media_l":null,"_sp_url":null},"geometry":{"type":"Point","coordinates":[0.14212200000000133,46.243407000000005,0.0]}},{"id":"592","type":"Feature","properties":{"Name":"AR V2 Km 137,308","descriptio":"Attributes\n  ETIQ  AR V2 Km 137,308 \n  NOM_ACCES  PTLA_L07-020 \n  AXE  LGV V2 \n  PK  137.308 \n  LONGITUDE  0°8'28.3995E \n  LATITUDE  46°14'25.4951N \n  LOT  07 \n  SEI  59 \n  LIBELLE  ARP 1373-2 \n  LONG_DD  0.141222 \n  LAT_DD  46.240415","timestamp":null,"begin":null,"end":null,"altitudeMo":null,"tessellate":"-1","extrude":"0","visibility":"-1","drawOrder":null,"icon":null,"ETIQ":"AR V2 Km 137,308","NOM_ACCES":"PTLA_L07-020","AXE":"LGV V2","PK":"137.308","LONGITUDE":"0°8'28.3995E","LATITUDE":"46°14'25.4951N","LOT":"07","SEI":"59","LIBELLE":"ARP 1373-2","LONG_DD":"0.141222","LAT_DD":"46.240415","gx_media_l":null,"_sp_url":null},"geometry":{"type":"Point","coordinates":[0.14122200000000057,46.24041499999999,0.0]}},{"id":"593","type":"Feature","properties":{"Name":"AR V1 Km 137,308","descriptio":"Attributes\n  ETIQ  AR V1 Km 137,308 \n  NOM_ACCES  PTLO_L07-023 \n  AXE  LGV V1 \n  PK  137.308 \n  LONGITUDE  0°8'31.2642E \n  LATITUDE  46°14'22.277N \n  LOT  07 \n  SEI  59 \n  LIBELLE  ARP 1373-1 \n  LONG_DD  0.142018 \n  LAT_DD  46.239521","timestamp":null,"begin":null,"end":null,"altitudeMo":null,"tessellate":"-1","extrude":"0","visibility":"-1","drawOrder":null,"icon":null,"ETIQ":"AR V1 Km 137,308","NOM_ACCES":"PTLO_L07-023","AXE":"LGV V1","PK":"137.308","LONGITUDE":"0°8'31.2642E","LATITUDE":"46°14'22.277N","LOT":"07","SEI":"59","LIBELLE":"ARP 1373-1","LONG_DD":"0.142018","LAT_DD":"46.239521","gx_media_l":null,"_sp_url":null},"geometry":{"type":"Point","coordinates":[0.142018,46.23952100000001,0.0]}},{"id":"594","type":"Feature","properties":{"Name":"AP V2 Km 138,110","descriptio":"Attributes\n  ETIQ  AP V2 Km 138,110 \n  NOM_ACCES  PTLO_L07-028 \n  AXE  LGV V2 \n  PK  138.11 \n  LONGITUDE  0°8'29.0534E \n  LATITUDE  46°13'56.0242N \n  LOT  07 \n  SEI  59 \n  LIBELLE  APP 1381-2 \n  LONG_DD  0.141404 \n  LAT_DD  46.232229","timestamp":null,"begin":null,"end":null,"altitudeMo":null,"tessellate":"-1","extrude":"0","visibility":"-1","drawOrder":null,"icon":null,"ETIQ":"AP V2 Km 138,110","NOM_ACCES":"PTLO_L07-028","AXE":"LGV V2","PK":"138.11","LONGITUDE":"0°8'29.0534E","LATITUDE":"46°13'56.0242N","LOT":"07","SEI":"59","LIBELLE":"APP 1381-2","LONG_DD":"0.141404","LAT_DD":"46.232229","gx_media_l":null,"_sp_url":null},"geometry":{"type":"Point","coordinates":[0.1414040000000002,46.23222899999999,0.0]}},{"id":"595","type":"Feature","properties":{"Name":"AP V1 Km 138,210","descriptio":"Attributes\n  ETIQ  AP V1 Km 138,210 \n  NOM_ACCES  PTLO_L07-025 \n  AXE  LGV V1 \n  PK  138.21 \n  LONGITUDE  0°8'31.4324E \n  LATITUDE  46°13'52.6077N \n  LOT  07 \n  SEI  59 \n  LIBELLE  APP 1382-1 \n  LONG_DD  0.142065 \n  LAT_DD  46.23128","timestamp":null,"begin":null,"end":null,"altitudeMo":null,"tessellate":"-1","extrude":"0","visibility":"-1","drawOrder":null,"icon":null,"ETIQ":"AP V1 Km 138,210","NOM_ACCES":"PTLO_L07-025","AXE":"LGV V1","PK":"138.21","LONGITUDE":"0°8'31.4324E","LATITUDE":"46°13'52.6077N","LOT":"07","SEI":"59","LIBELLE":"APP 1382-1","LONG_DD":"0.142065","LAT_DD":"46.23128","gx_media_l":null,"_sp_url":null},"geometry":{"type":"Point","coordinates":[0.14206500000000058,46.231280000000005,0.0]}},{"id":"596","type":"Feature","properties":{"Name":"AP V2 Km 138,890","descriptio":"Attributes\n  ETIQ  AP V2 Km 138,890 \n  NOM_ACCES  PTLO_L07-030 \n  AXE  LGV V2 \n  PK  138.89 \n  LONGITUDE  0°8'27.2731E \n  LATITUDE  46°13'30.8083N \n  LOT  07 \n  SEI  59 \n  LIBELLE  APP 1388-2 \n  LONG_DD  0.140909 \n  LAT_DD  46.225225","timestamp":null,"begin":null,"end":null,"altitudeMo":null,"tessellate":"-1","extrude":"0","visibility":"-1","drawOrder":null,"icon":null,"ETIQ":"AP V2 Km 138,890","NOM_ACCES":"PTLO_L07-030","AXE":"LGV V2","PK":"138.89","LONGITUDE":"0°8'27.2731E","LATITUDE":"46°13'30.8083N","LOT":"07","SEI":"59","LIBELLE":"APP 1388-2","LONG_DD":"0.140909","LAT_DD":"46.225225","gx_media_l":null,"_sp_url":null},"geometry":{"type":"Point","coordinates":[0.1409090000000002,46.225225000000016,0.0]}},{"id":"597","type":"Feature","properties":{"Name":"AP V1 Km 138,930","descriptio":"Attributes\n  ETIQ  AP V1 Km 138,930 \n  NOM_ACCES  PTLO_L07-027 \n  AXE  LGV V1 \n  PK  138.93 \n  LONGITUDE  0°8'28.4929E \n  LATITUDE  46°13'29.6917N \n  LOT  07 \n  SEI  59 \n  LIBELLE  APP 1388-1 \n  LONG_DD  0.141248 \n  LAT_DD  46.224914","timestamp":null,"begin":null,"end":null,"altitudeMo":null,"tessellate":"-1","extrude":"0","visibility":"-1","drawOrder":null,"icon":null,"ETIQ":"AP V1 Km 138,930","NOM_ACCES":"PTLO_L07-027","AXE":"LGV V1","PK":"138.93","LONGITUDE":"0°8'28.4929E","LATITUDE":"46°13'29.6917N","LOT":"07","SEI":"59","LIBELLE":"APP 1388-1","LONG_DD":"0.141248","LAT_DD":"46.224914","gx_media_l":null,"_sp_url":null},"geometry":{"type":"Point","coordinates":[0.1412480000000008,46.224914,0.0]}},{"id":"598","type":"Feature","properties":{"Name":"AR V2 Km 139,625","descriptio":"Attributes\n  ETIQ  AR V2 Km 139,625 \n  NOM_ACCES  PTLA_L07-022 \n  AXE  LGV V2 \n  PK  139.625 \n  LONGITUDE  0°8'21.8512E \n  LATITUDE  46°13'4.3732N \n  LOT  07 \n  SEI  59 \n  LIBELLE  RRL 1396-2 \n  LONG_DD  0.139403 \n  LAT_DD  46.217881","timestamp":null,"begin":null,"end":null,"altitudeMo":null,"tessellate":"-1","extrude":"0","visibility":"-1","drawOrder":null,"icon":null,"ETIQ":"AR V2 Km 139,625","NOM_ACCES":"PTLA_L07-022","AXE":"LGV V2","PK":"139.625","LONGITUDE":"0°8'21.8512E","LATITUDE":"46°13'4.3732N","LOT":"07","SEI":"59","LIBELLE":"RRL 1396-2","LONG_DD":"0.139403","LAT_DD":"46.217881","gx_media_l":null,"_sp_url":null},"geometry":{"type":"Point","coordinates":[0.13940300000000067,46.217881000000006,0.0]}},{"id":"599","type":"Feature","properties":{"Name":"AR V1 Km 139,625","descriptio":"Attributes\n  ETIQ  AR V1 Km 139,625 \n  NOM_ACCES  PTLA_L07-023 \n  AXE  LGV V1 \n  PK  139.625 \n  LONGITUDE  0°8'24.8799E \n  LATITUDE  46°13'4.5541N \n  LOT  07 \n  SEI  59 \n  LIBELLE  RRL 1396-1 \n  LONG_DD  0.140244 \n  LAT_DD  46.217932","timestamp":null,"begin":null,"end":null,"altitudeMo":null,"tessellate":"-1","extrude":"0","visibility":"-1","drawOrder":null,"icon":null,"ETIQ":"AR V1 Km 139,625","NOM_ACCES":"PTLA_L07-023","AXE":"LGV V1","PK":"139.625","LONGITUDE":"0°8'24.8799E","LATITUDE":"46°13'4.5541N","LOT":"07","SEI":"59","LIBELLE":"RRL 1396-1","LONG_DD":"0.140244","LAT_DD":"46.217932","gx_media_l":null,"_sp_url":null},"geometry":{"type":"Point","coordinates":[0.1402440000000007,46.217932,0.0]}},{"id":"600","type":"Feature","properties":{"Name":"AP V1 Km 140,290","descriptio":"Attributes\n  ETIQ  AP V1 Km 140,290 \n  NOM_ACCES  PTLO_L08-001 \n  AXE  LGV V1 \n  PK  140.29 \n  LONGITUDE  0°8'20.2938E \n  LATITUDE  46°12'45.6839N \n  LOT  08 \n  SEI  59 \n  LIBELLE  APP 1402-1 \n  LONG_DD  0.138971 \n  LAT_DD  46.21269","timestamp":null,"begin":null,"end":null,"altitudeMo":null,"tessellate":"-1","extrude":"0","visibility":"-1","drawOrder":null,"icon":null,"ETIQ":"AP V1 Km 140,290","NOM_ACCES":"PTLO_L08-001","AXE":"LGV V1","PK":"140.29","LONGITUDE":"0°8'20.2938E","LATITUDE":"46°12'45.6839N","LOT":"08","SEI":"59","LIBELLE":"APP 1402-1","LONG_DD":"0.138971","LAT_DD":"46.21269","gx_media_l":null,"_sp_url":null},"geometry":{"type":"Point","coordinates":[0.1389709999999993,46.212689999999995,0.0]}},{"id":"601","type":"Feature","properties":{"Name":"AP V2 Km 140,300","descriptio":"Attributes\n  ETIQ  AP V2 Km 140,300 \n  NOM_ACCES  PTLO_L08-002 \n  AXE  LGV V2 \n  PK  140.3 \n  LONGITUDE  0°8'17.1316E \n  LATITUDE  46°12'45.7347N \n  LOT  08 \n  SEI  59 \n  LIBELLE  APP 1403-2 \n  LONG_DD  0.138092 \n  LAT_DD  46.212704","timestamp":null,"begin":null,"end":null,"altitudeMo":null,"tessellate":"-1","extrude":"0","visibility":"-1","drawOrder":null,"icon":null,"ETIQ":"AP V2 Km 140,300","NOM_ACCES":"PTLO_L08-002","AXE":"LGV V2","PK":"140.3","LONGITUDE":"0°8'17.1316E","LATITUDE":"46°12'45.7347N","LOT":"08","SEI":"59","LIBELLE":"APP 1403-2","LONG_DD":"0.138092","LAT_DD":"46.212704","gx_media_l":null,"_sp_url":null},"geometry":{"type":"Point","coordinates":[0.13809200000000046,46.21270400000003,0.0]}},{"id":"602","type":"Feature","properties":{"Name":"AP V1 Km 140,850","descriptio":"Attributes\n  ETIQ  AP V1 Km 140,850 \n  NOM_ACCES  PTLO_L08-003 \n  AXE  LGV V1 \n  PK  140.85 \n  LONGITUDE  0°8'14.7841E \n  LATITUDE  46°12'27.9837N \n  LOT  08 \n  SEI  59 \n  LIBELLE  APP 1408-1 \n  LONG_DD  0.13744 \n  LAT_DD  46.207773","timestamp":null,"begin":null,"end":null,"altitudeMo":null,"tessellate":"-1","extrude":"0","visibility":"-1","drawOrder":null,"icon":null,"ETIQ":"AP V1 Km 140,850","NOM_ACCES":"PTLO_L08-003","AXE":"LGV V1","PK":"140.85","LONGITUDE":"0°8'14.7841E","LATITUDE":"46°12'27.9837N","LOT":"08","SEI":"59","LIBELLE":"APP 1408-1","LONG_DD":"0.13744","LAT_DD":"46.207773","gx_media_l":null,"_sp_url":null},"geometry":{"type":"Point","coordinates":[0.1374399999999995,46.20777300000001,0.0]}},{"id":"603","type":"Feature","properties":{"Name":"AP V2 Km 140,850","descriptio":"Attributes\n  ETIQ  AP V2 Km 140,850 \n  NOM_ACCES  PTLO_L08-004 \n  AXE  LGV V2 \n  PK  140.85 \n  LONGITUDE  0°8'12.1424E \n  LATITUDE  46°12'28.4599N \n  LOT  08 \n  SEI  59 \n  LIBELLE  APP 1408-2 \n  LONG_DD  0.136706 \n  LAT_DD  46.207906","timestamp":null,"begin":null,"end":null,"altitudeMo":null,"tessellate":"-1","extrude":"0","visibility":"-1","drawOrder":null,"icon":null,"ETIQ":"AP V2 Km 140,850","NOM_ACCES":"PTLO_L08-004","AXE":"LGV V2","PK":"140.85","LONGITUDE":"0°8'12.1424E","LATITUDE":"46°12'28.4599N","LOT":"08","SEI":"59","LIBELLE":"APP 1408-2","LONG_DD":"0.136706","LAT_DD":"46.207906","gx_media_l":null,"_sp_url":null},"geometry":{"type":"Point","coordinates":[0.1367059999999999,46.20790600000002,0.0]}},{"id":"604","type":"Feature","properties":{"Name":"AP V2 Km 141,570","descriptio":"Attributes\n  ETIQ  AP V2 Km 141,570 \n  NOM_ACCES  PTLO_L08-006 \n  AXE  LGV V2 \n  PK  141.57 \n  LONGITUDE  0°8'4.4267E \n  LATITUDE  46°12'5.4785N \n  LOT  08 \n  SEI  60 \n  LIBELLE  APP 1415-2 \n  LONG_DD  0.134563 \n  LAT_DD  46.201522","timestamp":null,"begin":null,"end":null,"altitudeMo":null,"tessellate":"-1","extrude":"0","visibility":"-1","drawOrder":null,"icon":null,"ETIQ":"AP V2 Km 141,570","NOM_ACCES":"PTLO_L08-006","AXE":"LGV V2","PK":"141.57","LONGITUDE":"0°8'4.4267E","LATITUDE":"46°12'5.4785N","LOT":"08","SEI":"60","LIBELLE":"APP 1415-2","LONG_DD":"0.134563","LAT_DD":"46.201522","gx_media_l":null,"_sp_url":null},"geometry":{"type":"Point","coordinates":[0.1345629999999991,46.20152200000001,0.0]}},{"id":"605","type":"Feature","properties":{"Name":"AP V1 Km 141,570","descriptio":"Attributes\n  ETIQ  AP V1 Km 141,570 \n  NOM_ACCES  PTLO_L08-005 \n  AXE  LGV V1 \n  PK  141.57 \n  LONGITUDE  0°8'6.9257E \n  LATITUDE  46°12'5.1078N \n  LOT  08 \n  SEI  60 \n  LIBELLE  APP 1415-1 \n  LONG_DD  0.135257 \n  LAT_DD  46.201419","timestamp":null,"begin":null,"end":null,"altitudeMo":null,"tessellate":"-1","extrude":"0","visibility":"-1","drawOrder":null,"icon":null,"ETIQ":"AP V1 Km 141,570","NOM_ACCES":"PTLO_L08-005","AXE":"LGV V1","PK":"141.57","LONGITUDE":"0°8'6.9257E","LATITUDE":"46°12'5.1078N","LOT":"08","SEI":"60","LIBELLE":"APP 1415-1","LONG_DD":"0.135257","LAT_DD":"46.201419","gx_media_l":null,"_sp_url":null},"geometry":{"type":"Point","coordinates":[0.13525699999999993,46.201418999999994,0.0]}},{"id":"606","type":"Feature","properties":{"Name":"AR V1 Km 141,945","descriptio":"Attributes\n  ETIQ  AR V1 Km 141,945 \n  NOM_ACCES  PTLO_L08-007 \n  AXE  LGV V1 \n  PK  141.945 \n  LONGITUDE  0°8'2.8513E \n  LATITUDE  46°11'53.1547N \n  LOT  08 \n  SEI  60 \n  LIBELLE  ARP 1419-1 \n  LONG_DD  0.134125 \n  LAT_DD  46.198099","timestamp":null,"begin":null,"end":null,"altitudeMo":null,"tessellate":"-1","extrude":"0","visibility":"-1","drawOrder":null,"icon":null,"ETIQ":"AR V1 Km 141,945","NOM_ACCES":"PTLO_L08-007","AXE":"LGV V1","PK":"141.945","LONGITUDE":"0°8'2.8513E","LATITUDE":"46°11'53.1547N","LOT":"08","SEI":"60","LIBELLE":"ARP 1419-1","LONG_DD":"0.134125","LAT_DD":"46.198099","gx_media_l":null,"_sp_url":null},"geometry":{"type":"Point","coordinates":[0.13412499999999905,46.198099,0.0]}},{"id":"607","type":"Feature","properties":{"Name":"AR V2 Km 141,945","descriptio":"Attributes\n  ETIQ  AR V2 Km 141,945 \n  NOM_ACCES  PTLA_L08-002 \n  AXE  LGV V2 \n  PK  141.945 \n  LONGITUDE  0°8'1.6843E \n  LATITUDE  46°11'53.3056N \n  LOT  08 \n  SEI  60 \n  LIBELLE  ARP 1419-2 \n  LONG_DD  0.133801 \n  LAT_DD  46.19814","timestamp":null,"begin":null,"end":null,"altitudeMo":null,"tessellate":"-1","extrude":"0","visibility":"-1","drawOrder":null,"icon":null,"ETIQ":"AR V2 Km 141,945","NOM_ACCES":"PTLA_L08-002","AXE":"LGV V2","PK":"141.945","LONGITUDE":"0°8'1.6843E","LATITUDE":"46°11'53.3056N","LOT":"08","SEI":"60","LIBELLE":"ARP 1419-2","LONG_DD":"0.133801","LAT_DD":"46.19814","gx_media_l":null,"_sp_url":null},"geometry":{"type":"Point","coordinates":[0.13380100000000092,46.19814,0.0]}},{"id":"608","type":"Feature","properties":{"Name":"AP V2 Km 142,390","descriptio":"Attributes\n  ETIQ  AP V2 Km 142,390 \n  NOM_ACCES  PTLO_L08-008 \n  AXE  LGV V2 \n  PK  142.39 \n  LONGITUDE  0°7'58.8089E \n  LATITUDE  46°11'39.0981N \n  LOT  08 \n  SEI  60 \n  LIBELLE  APP 1423-2 \n  LONG_DD  0.133002 \n  LAT_DD  46.194194","timestamp":null,"begin":null,"end":null,"altitudeMo":null,"tessellate":"-1","extrude":"0","visibility":"-1","drawOrder":null,"icon":null,"ETIQ":"AP V2 Km 142,390","NOM_ACCES":"PTLO_L08-008","AXE":"LGV V2","PK":"142.39","LONGITUDE":"0°7'58.8089E","LATITUDE":"46°11'39.0981N","LOT":"08","SEI":"60","LIBELLE":"APP 1423-2","LONG_DD":"0.133002","LAT_DD":"46.194194","gx_media_l":null,"_sp_url":null},"geometry":{"type":"Point","coordinates":[0.13300199999999995,46.19419399999999,0.0]}},{"id":"609","type":"Feature","properties":{"Name":"AP V1 Km 142,390","descriptio":"Attributes\n  ETIQ  AP V1 Km 142,390 \n  NOM_ACCES  PTLO_L08-009 \n  AXE  LGV V1 \n  PK  142.39 \n  LONGITUDE  0°8'0.3235E \n  LATITUDE  46°11'39.0002N \n  LOT  08 \n  SEI  60 \n  LIBELLE  APP 1423-1 \n  LONG_DD  0.133423 \n  LAT_DD  46.194167","timestamp":null,"begin":null,"end":null,"altitudeMo":null,"tessellate":"-1","extrude":"0","visibility":"-1","drawOrder":null,"icon":null,"ETIQ":"AP V1 Km 142,390","NOM_ACCES":"PTLO_L08-009","AXE":"LGV V1","PK":"142.39","LONGITUDE":"0°8'0.3235E","LATITUDE":"46°11'39.0002N","LOT":"08","SEI":"60","LIBELLE":"APP 1423-1","LONG_DD":"0.133423","LAT_DD":"46.194167","gx_media_l":null,"_sp_url":null},"geometry":{"type":"Point","coordinates":[0.13342299999999838,46.19416700000002,0.0]}},{"id":"610","type":"Feature","properties":{"Name":"AP V1 Km 143,290","descriptio":"Attributes\n  ETIQ  AP V1 Km 143,290 \n  NOM_ACCES  PTLO_L08-011 \n  AXE  LGV V1 \n  PK  143.29 \n  LONGITUDE  0°7'58.9499E \n  LATITUDE  46°11'9.9485N \n  LOT  08 \n  SEI  60 \n  LIBELLE  APP 1432-1 \n  LONG_DD  0.133042 \n  LAT_DD  46.186097","timestamp":null,"begin":null,"end":null,"altitudeMo":null,"tessellate":"-1","extrude":"0","visibility":"-1","drawOrder":null,"icon":null,"ETIQ":"AP V1 Km 143,290","NOM_ACCES":"PTLO_L08-011","AXE":"LGV V1","PK":"143.29","LONGITUDE":"0°7'58.9499E","LATITUDE":"46°11'9.9485N","LOT":"08","SEI":"60","LIBELLE":"APP 1432-1","LONG_DD":"0.133042","LAT_DD":"46.186097","gx_media_l":null,"_sp_url":null},"geometry":{"type":"Point","coordinates":[0.13304199999999988,46.18609700000001,0.0]}},{"id":"611","type":"Feature","properties":{"Name":"AP V2 Km 143,360","descriptio":"Attributes\n  ETIQ  AP V2 Km 143,360 \n  NOM_ACCES  PTLO_L08-010 \n  AXE  LGV V2 \n  PK  143.36 \n  LONGITUDE  0°7'57.3811E \n  LATITUDE  46°11'7.5922N \n  LOT  08 \n  SEI  60 \n  LIBELLE  APP 1433-2 \n  LONG_DD  0.132606 \n  LAT_DD  46.185442","timestamp":null,"begin":null,"end":null,"altitudeMo":null,"tessellate":"-1","extrude":"0","visibility":"-1","drawOrder":null,"icon":null,"ETIQ":"AP V2 Km 143,360","NOM_ACCES":"PTLO_L08-010","AXE":"LGV V2","PK":"143.36","LONGITUDE":"0°7'57.3811E","LATITUDE":"46°11'7.5922N","LOT":"08","SEI":"60","LIBELLE":"APP 1433-2","LONG_DD":"0.132606","LAT_DD":"46.185442","gx_media_l":null,"_sp_url":null},"geometry":{"type":"Point","coordinates":[0.1326060000000002,46.185442000000016,0.0]}},{"id":"612","type":"Feature","properties":{"Name":"AR V2 Km 143,937","descriptio":"Attributes\n  ETIQ  AR V2 Km 143,937 \n  NOM_ACCES  PTLA_L08-004 \n  AXE  LGV V2 \n  PK  143.937 \n  LONGITUDE  0°7'56.7437E \n  LATITUDE  46°10'47.6122N \n  LOT  08 \n  SEI  60 \n  LIBELLE  RRL 1439-2 \n  LONG_DD  0.132429 \n  LAT_DD  46.179892","timestamp":null,"begin":null,"end":null,"altitudeMo":null,"tessellate":"-1","extrude":"0","visibility":"-1","drawOrder":null,"icon":null,"ETIQ":"AR V2 Km 143,937","NOM_ACCES":"PTLA_L08-004","AXE":"LGV V2","PK":"143.937","LONGITUDE":"0°7'56.7437E","LATITUDE":"46°10'47.6122N","LOT":"08","SEI":"60","LIBELLE":"RRL 1439-2","LONG_DD":"0.132429","LAT_DD":"46.179892","gx_media_l":null,"_sp_url":null},"geometry":{"type":"Point","coordinates":[0.13242900000000005,46.179891999999995,0.0]}},{"id":"613","type":"Feature","properties":{"Name":"AR V1 Km 143,937","descriptio":"Attributes\n  ETIQ  AR V1 Km 143,937 \n  NOM_ACCES  PTLA_L08-001 \n  AXE  LGV V1 \n  PK  143.937 \n  LONGITUDE  0°8'2.2429E \n  LATITUDE  46°10'48.3357N \n  LOT  08 \n  SEI  60 \n  LIBELLE  RRL 1439-1 \n  LONG_DD  0.133956 \n  LAT_DD  46.180093","timestamp":null,"begin":null,"end":null,"altitudeMo":null,"tessellate":"-1","extrude":"0","visibility":"-1","drawOrder":null,"icon":null,"ETIQ":"AR V1 Km 143,937","NOM_ACCES":"PTLA_L08-001","AXE":"LGV V1","PK":"143.937","LONGITUDE":"0°8'2.2429E","LATITUDE":"46°10'48.3357N","LOT":"08","SEI":"60","LIBELLE":"RRL 1439-1","LONG_DD":"0.133956","LAT_DD":"46.180093","gx_media_l":null,"_sp_url":null},"geometry":{"type":"Point","coordinates":[0.13395600000000074,46.18009299999999,0.0]}},{"id":"614","type":"Feature","properties":{"Name":"AP V1 Km 144,660","descriptio":"Attributes\n  ETIQ  AP V1 Km 144,660 \n  NOM_ACCES  PTLO_L08-013 \n  AXE  LGV V1 \n  PK  144.66 \n  LONGITUDE  0°8'0.8856E \n  LATITUDE  46°10'25.6759N \n  LOT  08 \n  SEI  60 \n  LIBELLE  APP 1446-1 \n  LONG_DD  0.133579 \n  LAT_DD  46.173799","timestamp":null,"begin":null,"end":null,"altitudeMo":null,"tessellate":"-1","extrude":"0","visibility":"-1","drawOrder":null,"icon":null,"ETIQ":"AP V1 Km 144,660","NOM_ACCES":"PTLO_L08-013","AXE":"LGV V1","PK":"144.66","LONGITUDE":"0°8'0.8856E","LATITUDE":"46°10'25.6759N","LOT":"08","SEI":"60","LIBELLE":"APP 1446-1","LONG_DD":"0.133579","LAT_DD":"46.173799","gx_media_l":null,"_sp_url":null},"geometry":{"type":"Point","coordinates":[0.13357900000000017,46.17379900000002,0.0]}},{"id":"615","type":"Feature","properties":{"Name":"AP V2 Km 144,660","descriptio":"Attributes\n  ETIQ  AP V2 Km 144,660 \n  NOM_ACCES  PTLA_L08-006 \n  AXE  LGV V2 \n  PK  144.66 \n  LONGITUDE  0°7'58.3563E \n  LATITUDE  46°10'22.4021N \n  LOT  08 \n  SEI  60 \n  LIBELLE  APP 1446-2 \n  LONG_DD  0.132877 \n  LAT_DD  46.172889","timestamp":null,"begin":null,"end":null,"altitudeMo":null,"tessellate":"-1","extrude":"0","visibility":"-1","drawOrder":null,"icon":null,"ETIQ":"AP V2 Km 144,660","NOM_ACCES":"PTLA_L08-006","AXE":"LGV V2","PK":"144.66","LONGITUDE":"0°7'58.3563E","LATITUDE":"46°10'22.4021N","LOT":"08","SEI":"60","LIBELLE":"APP 1446-2","LONG_DD":"0.132877","LAT_DD":"46.172889","gx_media_l":null,"_sp_url":null},"geometry":{"type":"Point","coordinates":[0.13287700000000027,46.172888999999984,0.0]}},{"id":"616","type":"Feature","properties":{"Name":"AR V2 Km 144,850","descriptio":"Attributes\n  ETIQ  AR V2 Km 144,850 \n  NOM_ACCES  PTLA_L08-006 \n  AXE  LGV V2 \n  PK  144.85 \n  LONGITUDE  0°7'58.3578E \n  LATITUDE  46°10'22.402N \n  LOT  08 \n  SEI  60 \n  LIBELLE  ARP 1448-2 \n  LONG_DD  0.132877 \n  LAT_DD  46.172889","timestamp":null,"begin":null,"end":null,"altitudeMo":null,"tessellate":"-1","extrude":"0","visibility":"-1","drawOrder":null,"icon":null,"ETIQ":"AR V2 Km 144,850","NOM_ACCES":"PTLA_L08-006","AXE":"LGV V2","PK":"144.85","LONGITUDE":"0°7'58.3578E","LATITUDE":"46°10'22.402N","LOT":"08","SEI":"60","LIBELLE":"ARP 1448-2","LONG_DD":"0.132877","LAT_DD":"46.172889","gx_media_l":null,"_sp_url":null},"geometry":{"type":"Point","coordinates":[0.13287700000000027,46.172888999999984,0.0]}},{"id":"617","type":"Feature","properties":{"Name":"AP V1 Km 145,660","descriptio":"Attributes\n  ETIQ  AP V1 Km 145,660 \n  NOM_ACCES  PTLO_L08-015 \n  AXE  LGV V1 \n  PK  145.66 \n  LONGITUDE  0°8'0.8801E \n  LATITUDE  46°9'53.3801N \n  LOT  08 \n  SEI  60 \n  LIBELLE  APP 1456-1 \n  LONG_DD  0.133578 \n  LAT_DD  46.164828","timestamp":null,"begin":null,"end":null,"altitudeMo":null,"tessellate":"-1","extrude":"0","visibility":"-1","drawOrder":null,"icon":null,"ETIQ":"AP V1 Km 145,660","NOM_ACCES":"PTLO_L08-015","AXE":"LGV V1","PK":"145.66","LONGITUDE":"0°8'0.8801E","LATITUDE":"46°9'53.3801N","LOT":"08","SEI":"60","LIBELLE":"APP 1456-1","LONG_DD":"0.133578","LAT_DD":"46.164828","gx_media_l":null,"_sp_url":null},"geometry":{"type":"Point","coordinates":[0.13357800000000097,46.16482799999998,0.0]}},{"id":"618","type":"Feature","properties":{"Name":"AP V2 Km 145,660","descriptio":"Attributes\n  ETIQ  AP V2 Km 145,660 \n  NOM_ACCES  PTLO_L08-014 \n  AXE  LGV V2 \n  PK  145.66 \n  LONGITUDE  0°7'59.2259E \n  LATITUDE  46°9'53.3313N \n  LOT  08 \n  SEI  60 \n  LIBELLE  APP 1456-2 \n  LONG_DD  0.133118 \n  LAT_DD  46.164814","timestamp":null,"begin":null,"end":null,"altitudeMo":null,"tessellate":"-1","extrude":"0","visibility":"-1","drawOrder":null,"icon":null,"ETIQ":"AP V2 Km 145,660","NOM_ACCES":"PTLO_L08-014","AXE":"LGV V2","PK":"145.66","LONGITUDE":"0°7'59.2259E","LATITUDE":"46°9'53.3313N","LOT":"08","SEI":"60","LIBELLE":"APP 1456-2","LONG_DD":"0.133118","LAT_DD":"46.164814","gx_media_l":null,"_sp_url":null},"geometry":{"type":"Point","coordinates":[0.1331180000000002,46.16481399999999,0.0]}},{"id":"619","type":"Feature","properties":{"Name":"AR V2 Km 145,862","descriptio":"Attributes\n  ETIQ  AR V2 Km 145,862 \n  NOM_ACCES  PTLA_L08-008 \n  AXE  LGV V2 \n  PK  145.862 \n  LONGITUDE  0°7'58.8129E \n  LATITUDE  46°9'52.09N \n  LOT  08 \n  SEI  60 \n  LIBELLE  ARP 1458-2 \n  LONG_DD  0.133004 \n  LAT_DD  46.164469","timestamp":null,"begin":null,"end":null,"altitudeMo":null,"tessellate":"-1","extrude":"0","visibility":"-1","drawOrder":null,"icon":null,"ETIQ":"AR V2 Km 145,862","NOM_ACCES":"PTLA_L08-008","AXE":"LGV V2","PK":"145.862","LONGITUDE":"0°7'58.8129E","LATITUDE":"46°9'52.09N","LOT":"08","SEI":"60","LIBELLE":"ARP 1458-2","LONG_DD":"0.133004","LAT_DD":"46.164469","gx_media_l":null,"_sp_url":null},"geometry":{"type":"Point","coordinates":[0.1330039999999999,46.164469000000004,0.0]}},{"id":"620","type":"Feature","properties":{"Name":"AP V1 Km 146,229","descriptio":"Attributes\n  ETIQ  AP V1 Km 146,229 \n  NOM_ACCES  PTLA_L08-003 \n  AXE  LGV V1 \n  PK  146.229 \n  LONGITUDE  0°8'1.372E \n  LATITUDE  46°9'33.65N \n  LOT  08 \n  SEI  60 \n  LIBELLE  APP 1462-1 \n  LONG_DD  0.133714 \n  LAT_DD  46.159347","timestamp":null,"begin":null,"end":null,"altitudeMo":null,"tessellate":"-1","extrude":"0","visibility":"-1","drawOrder":null,"icon":null,"ETIQ":"AP V1 Km 146,229","NOM_ACCES":"PTLA_L08-003","AXE":"LGV V1","PK":"146.229","LONGITUDE":"0°8'1.372E","LATITUDE":"46°9'33.65N","LOT":"08","SEI":"60","LIBELLE":"APP 1462-1","LONG_DD":"0.133714","LAT_DD":"46.159347","gx_media_l":null,"_sp_url":null},"geometry":{"type":"Point","coordinates":[0.1337140000000008,46.159347000000004,0.0]}},{"id":"621","type":"Feature","properties":{"Name":"AP V2 Km 146,570","descriptio":"Attributes\n  ETIQ  AP V2 Km 146,570 \n  NOM_ACCES  PTLO_L08-018 \n  AXE  LGV V2 \n  PK  146.57 \n  LONGITUDE  0°7'58.71E \n  LATITUDE  46°9'23.8229N \n  LOT  08 \n  SEI  60 \n  LIBELLE  APP 1464-2 \n  LONG_DD  0.132975 \n  LAT_DD  46.156617","timestamp":null,"begin":null,"end":null,"altitudeMo":null,"tessellate":"-1","extrude":"0","visibility":"-1","drawOrder":null,"icon":null,"ETIQ":"AP V2 Km 146,570","NOM_ACCES":"PTLO_L08-018","AXE":"LGV V2","PK":"146.57","LONGITUDE":"0°7'58.71E","LATITUDE":"46°9'23.8229N","LOT":"08","SEI":"60","LIBELLE":"APP 1464-2","LONG_DD":"0.132975","LAT_DD":"46.156617","gx_media_l":null,"_sp_url":null},"geometry":{"type":"Point","coordinates":[0.13297500000000015,46.15661700000002,0.0]}},{"id":"622","type":"Feature","properties":{"Name":"AP V1 Km 146,760","descriptio":"Attributes\n  ETIQ  AP V1 Km 146,760 \n  NOM_ACCES  PTLA_L08-005 \n  AXE  LGV V1 \n  PK  146.76 \n  LONGITUDE  0°8'1.2475E \n  LATITUDE  46°8'56.6252N \n  LOT  08 \n  SEI  60 \n  LIBELLE  APP 1467-3 \n  LONG_DD  0.13368 \n  LAT_DD  46.149063","timestamp":null,"begin":null,"end":null,"altitudeMo":null,"tessellate":"-1","extrude":"0","visibility":"-1","drawOrder":null,"icon":null,"ETIQ":"AP V1 Km 146,760","NOM_ACCES":"PTLA_L08-005","AXE":"LGV V1","PK":"146.76","LONGITUDE":"0°8'1.2475E","LATITUDE":"46°8'56.6252N","LOT":"08","SEI":"60","LIBELLE":"APP 1467-3","LONG_DD":"0.13368","LAT_DD":"46.149063","gx_media_l":null,"_sp_url":null},"geometry":{"type":"Point","coordinates":[0.13367999999999997,46.14906300000001,0.0]}},{"id":"623","type":"Feature","properties":{"Name":"AP V1 Km 147,187","descriptio":"Attributes\n  ETIQ  AP V1 Km 147,187 \n  NOM_ACCES  PTLA_L08-005 \n  AXE  LGV V1 \n  PK  147.187 \n  LONGITUDE  0°8'1.2481E \n  LATITUDE  46°8'56.625N \n  LOT  08 \n  SEI  60 \n  LIBELLE  APP 1471-1 \n  LONG_DD  0.13368 \n  LAT_DD  46.149062","timestamp":null,"begin":null,"end":null,"altitudeMo":null,"tessellate":"-1","extrude":"0","visibility":"-1","drawOrder":null,"icon":null,"ETIQ":"AP V1 Km 147,187","NOM_ACCES":"PTLA_L08-005","AXE":"LGV V1","PK":"147.187","LONGITUDE":"0°8'1.2481E","LATITUDE":"46°8'56.625N","LOT":"08","SEI":"60","LIBELLE":"APP 1471-1","LONG_DD":"0.13368","LAT_DD":"46.149062","gx_media_l":null,"_sp_url":null},"geometry":{"type":"Point","coordinates":[0.13368000000000074,46.14906200000001,0.0]}},{"id":"624","type":"Feature","properties":{"Name":"AP V1 Km 147,237","descriptio":"Attributes\n  ETIQ  AP V1 Km 147,237 \n  NOM_ACCES  PTLA_L08-005 \n  AXE  LGV V1 \n  PK  147.237 \n  LONGITUDE  0°8'1.2475E \n  LATITUDE  46°8'56.6252N \n  LOT  08 \n  SEI  60 \n  LIBELLE  APP 1472-1 \n  LONG_DD  0.13368 \n  LAT_DD  46.149063","timestamp":null,"begin":null,"end":null,"altitudeMo":null,"tessellate":"-1","extrude":"0","visibility":"-1","drawOrder":null,"icon":null,"ETIQ":"AP V1 Km 147,237","NOM_ACCES":"PTLA_L08-005","AXE":"LGV V1","PK":"147.237","LONGITUDE":"0°8'1.2475E","LATITUDE":"46°8'56.6252N","LOT":"08","SEI":"60","LIBELLE":"APP 1472-1","LONG_DD":"0.13368","LAT_DD":"46.149063","gx_media_l":null,"_sp_url":null},"geometry":{"type":"Point","coordinates":[0.13367999999999997,46.14906300000001,0.0]}},{"id":"625","type":"Feature","properties":{"Name":"AP V2 Km 147,308","descriptio":"Attributes\n  ETIQ  AP V2 Km 147,308 \n  NOM_ACCES  PTLO_L08-018a \n  AXE  LGV V2 \n  PK  147.308 \n  LONGITUDE  0°7'56.7225E \n  LATITUDE  46°8'59.8591N \n  LOT  08 \n  SEI  60 \n  LIBELLE  APP 1473-2 \n  LONG_DD  0.132423 \n  LAT_DD  46.149961","timestamp":null,"begin":null,"end":null,"altitudeMo":null,"tessellate":"-1","extrude":"0","visibility":"-1","drawOrder":null,"icon":null,"ETIQ":"AP V2 Km 147,308","NOM_ACCES":"PTLO_L08-018a","AXE":"LGV V2","PK":"147.308","LONGITUDE":"0°7'56.7225E","LATITUDE":"46°8'59.8591N","LOT":"08","SEI":"60","LIBELLE":"APP 1473-2","LONG_DD":"0.132423","LAT_DD":"46.149961","gx_media_l":null,"_sp_url":null},"geometry":{"type":"Point","coordinates":[0.13242300000000018,46.149961000000005,0.0]}},{"id":"626","type":"Feature","properties":{"Name":"AR V1 Km 147,702","descriptio":"Attributes\n  ETIQ  AR V1 Km 147,702 \n  NOM_ACCES  PTLA_L08-007 \n  AXE  LGV V1 \n  PK  147.702 \n  LONGITUDE  0°7'59.6425E \n  LATITUDE  46°8'32.1549N \n  LOT  08 \n  SEI  60 \n  LIBELLE  ARP 1477-1 \n  LONG_DD  0.133234 \n  LAT_DD  46.142265","timestamp":null,"begin":null,"end":null,"altitudeMo":null,"tessellate":"-1","extrude":"0","visibility":"-1","drawOrder":null,"icon":null,"ETIQ":"AR V1 Km 147,702","NOM_ACCES":"PTLA_L08-007","AXE":"LGV V1","PK":"147.702","LONGITUDE":"0°7'59.6425E","LATITUDE":"46°8'32.1549N","LOT":"08","SEI":"60","LIBELLE":"ARP 1477-1","LONG_DD":"0.133234","LAT_DD":"46.142265","gx_media_l":null,"_sp_url":null},"geometry":{"type":"Point","coordinates":[0.1332340000000001,46.14226500000003,0.0]}},{"id":"627","type":"Feature","properties":{"Name":"AR V2 Km 148,088","descriptio":"Attributes\n  ETIQ  AR V2 Km 148,088 \n  NOM_ACCES  PTLA_L08-010 \n  AXE  LGV V2 \n  PK  148.088 \n  LONGITUDE  0°7'48.1028E \n  LATITUDE  46°8'33.7291N \n  LOT  08 \n  SEI  60 \n  LIBELLE  ARP 1481-2 \n  LONG_DD  0.130029 \n  LAT_DD  46.142703","timestamp":null,"begin":null,"end":null,"altitudeMo":null,"tessellate":"-1","extrude":"0","visibility":"-1","drawOrder":null,"icon":null,"ETIQ":"AR V2 Km 148,088","NOM_ACCES":"PTLA_L08-010","AXE":"LGV V2","PK":"148.088","LONGITUDE":"0°7'48.1028E","LATITUDE":"46°8'33.7291N","LOT":"08","SEI":"60","LIBELLE":"ARP 1481-2","LONG_DD":"0.130029","LAT_DD":"46.142703","gx_media_l":null,"_sp_url":null},"geometry":{"type":"Point","coordinates":[0.13002900000000042,46.14270299999999,0.0]}},{"id":"628","type":"Feature","properties":{"Name":"AP V1 Km 148,227","descriptio":"Attributes\n  ETIQ  AP V1 Km 148,227 \n  NOM_ACCES  PTLA_L08-007 \n  AXE  LGV V1 \n  PK  148.227 \n  LONGITUDE  0°7'59.6425E \n  LATITUDE  46°8'32.1549N \n  LOT  08 \n  SEI  60 \n  LIBELLE  APP 1482-1 \n  LONG_DD  0.133234 \n  LAT_DD  46.142265","timestamp":null,"begin":null,"end":null,"altitudeMo":null,"tessellate":"-1","extrude":"0","visibility":"-1","drawOrder":null,"icon":null,"ETIQ":"AP V1 Km 148,227","NOM_ACCES":"PTLA_L08-007","AXE":"LGV V1","PK":"148.227","LONGITUDE":"0°7'59.6425E","LATITUDE":"46°8'32.1549N","LOT":"08","SEI":"60","LIBELLE":"APP 1482-1","LONG_DD":"0.133234","LAT_DD":"46.142265","gx_media_l":null,"_sp_url":null},"geometry":{"type":"Point","coordinates":[0.1332340000000001,46.14226500000003,0.0]}},{"id":"629","type":"Feature","properties":{"Name":"AP V1 Km 148,970","descriptio":"Attributes\n  ETIQ  AP V1 Km 148,970 \n  NOM_ACCES  PTLO_L08-017 \n  AXE  LGV V1 \n  PK  148.97 \n  LONGITUDE  0°7'51.1761E \n  LATITUDE  46°8'6.0046N \n  LOT  08 \n  SEI  60 \n  LIBELLE  APP 1489-1 \n  LONG_DD  0.130882 \n  LAT_DD  46.135001","timestamp":null,"begin":null,"end":null,"altitudeMo":null,"tessellate":"-1","extrude":"0","visibility":"-1","drawOrder":null,"icon":null,"ETIQ":"AP V1 Km 148,970","NOM_ACCES":"PTLO_L08-017","AXE":"LGV V1","PK":"148.97","LONGITUDE":"0°7'51.1761E","LATITUDE":"46°8'6.0046N","LOT":"08","SEI":"60","LIBELLE":"APP 1489-1","LONG_DD":"0.130882","LAT_DD":"46.135001","gx_media_l":null,"_sp_url":null},"geometry":{"type":"Point","coordinates":[0.1308820000000006,46.135001,0.0]}},{"id":"630","type":"Feature","properties":{"Name":"AP V2 Km 148,976","descriptio":"Attributes\n  ETIQ  AP V2 Km 148,976 \n  NOM_ACCES  PTLO_L08-020 \n  AXE  LGV V2 \n  PK  148.976 \n  LONGITUDE  0°7'48.6841E \n  LATITUDE  46°8'5.9362N \n  LOT  08 \n  SEI  60 \n  LIBELLE  APP 1489-2 \n  LONG_DD  0.13019 \n  LAT_DD  46.134982","timestamp":null,"begin":null,"end":null,"altitudeMo":null,"tessellate":"-1","extrude":"0","visibility":"-1","drawOrder":null,"icon":null,"ETIQ":"AP V2 Km 148,976","NOM_ACCES":"PTLO_L08-020","AXE":"LGV V2","PK":"148.976","LONGITUDE":"0°7'48.6841E","LATITUDE":"46°8'5.9362N","LOT":"08","SEI":"60","LIBELLE":"APP 1489-2","LONG_DD":"0.13019","LAT_DD":"46.134982","gx_media_l":null,"_sp_url":null},"geometry":{"type":"Point","coordinates":[0.13019000000000053,46.13498200000001,0.0]}},{"id":"631","type":"Feature","properties":{"Name":"AP V1 Km 149,510","descriptio":"Attributes\n  ETIQ  AP V1 Km 149,510 \n  NOM_ACCES  PTLO_L08-019 \n  AXE  LGV V1 \n  PK  149.51 \n  LONGITUDE  0°7'49.3765E \n  LATITUDE  46°7'48.3776N \n  LOT  08 \n  SEI  60 \n  LIBELLE  APP 1495-1 \n  LONG_DD  0.130382 \n  LAT_DD  46.130105","timestamp":null,"begin":null,"end":null,"altitudeMo":null,"tessellate":"-1","extrude":"0","visibility":"-1","drawOrder":null,"icon":null,"ETIQ":"AP V1 Km 149,510","NOM_ACCES":"PTLO_L08-019","AXE":"LGV V1","PK":"149.51","LONGITUDE":"0°7'49.3765E","LATITUDE":"46°7'48.3776N","LOT":"08","SEI":"60","LIBELLE":"APP 1495-1","LONG_DD":"0.130382","LAT_DD":"46.130105","gx_media_l":null,"_sp_url":null},"geometry":{"type":"Point","coordinates":[0.13038200000000072,46.130105,0.0]}},{"id":"632","type":"Feature","properties":{"Name":"AP V2 Km 149,540","descriptio":"Attributes\n  ETIQ  AP V2 Km 149,540 \n  NOM_ACCES  PTLO_L08-022 \n  AXE  LGV V2 \n  PK  149.54 \n  LONGITUDE  0°7'45.8816E \n  LATITUDE  46°7'47.9099N \n  LOT  08 \n  SEI  60 \n  LIBELLE  APP 1495-2 \n  LONG_DD  0.129412 \n  LAT_DD  46.129975","timestamp":null,"begin":null,"end":null,"altitudeMo":null,"tessellate":"-1","extrude":"0","visibility":"-1","drawOrder":null,"icon":null,"ETIQ":"AP V2 Km 149,540","NOM_ACCES":"PTLO_L08-022","AXE":"LGV V2","PK":"149.54","LONGITUDE":"0°7'45.8816E","LATITUDE":"46°7'47.9099N","LOT":"08","SEI":"60","LIBELLE":"APP 1495-2","LONG_DD":"0.129412","LAT_DD":"46.129975","gx_media_l":null,"_sp_url":null},"geometry":{"type":"Point","coordinates":[0.1294119999999999,46.129975000000016,0.0]}},{"id":"633","type":"Feature","properties":{"Name":"AR V2 Km 149,890","descriptio":"Attributes\n  ETIQ  AR V2 Km 149,890 \n  NOM_ACCES  PTLA_L08-012 \n  AXE  LGV V2 \n  PK  149.89 \n  LONGITUDE  0°7'44.8344E \n  LATITUDE  46°7'35.8591N \n  LOT  08 \n  SEI  60 \n  LIBELLE  RRG 1499-2 \n  LONG_DD  0.129121 \n  LAT_DD  46.126628","timestamp":null,"begin":null,"end":null,"altitudeMo":null,"tessellate":"-1","extrude":"0","visibility":"-1","drawOrder":null,"icon":null,"ETIQ":"AR V2 Km 149,890","NOM_ACCES":"PTLA_L08-012","AXE":"LGV V2","PK":"149.89","LONGITUDE":"0°7'44.8344E","LATITUDE":"46°7'35.8591N","LOT":"08","SEI":"60","LIBELLE":"RRG 1499-2","LONG_DD":"0.129121","LAT_DD":"46.126628","gx_media_l":null,"_sp_url":null},"geometry":{"type":"Point","coordinates":[0.12912099999999904,46.126628,0.0]}},{"id":"634","type":"Feature","properties":{"Name":"AR V1 Km 149,890","descriptio":"Attributes\n  ETIQ  AR V1 Km 149,890 \n  NOM_ACCES  PTLA_L08-009 \n  AXE  LGV V1 \n  PK  149.89 \n  LONGITUDE  0°7'46.8041E \n  LATITUDE  46°7'34.2741N \n  LOT  08 \n  SEI  60 \n  LIBELLE  RRG 1499-1 \n  LONG_DD  0.129668 \n  LAT_DD  46.126187","timestamp":null,"begin":null,"end":null,"altitudeMo":null,"tessellate":"-1","extrude":"0","visibility":"-1","drawOrder":null,"icon":null,"ETIQ":"AR V1 Km 149,890","NOM_ACCES":"PTLA_L08-009","AXE":"LGV V1","PK":"149.89","LONGITUDE":"0°7'46.8041E","LATITUDE":"46°7'34.2741N","LOT":"08","SEI":"60","LIBELLE":"RRG 1499-1","LONG_DD":"0.129668","LAT_DD":"46.126187","gx_media_l":null,"_sp_url":null},"geometry":{"type":"Point","coordinates":[0.1296680000000003,46.12618700000001,0.0]}},{"id":"635","type":"Feature","properties":{"Name":"AP V2 Km 150,445","descriptio":"Attributes\n  ETIQ  AP V2 Km 150,445 \n  NOM_ACCES  PTLA_L08-012 \n  AXE  LGV V2 \n  PK  150.445 \n  LONGITUDE  0°7'44.8342E \n  LATITUDE  46°7'35.8585N \n  LOT  08 \n  SEI  60 \n  LIBELLE  APP 1504-2 \n  LONG_DD  0.129121 \n  LAT_DD  46.126627","timestamp":null,"begin":null,"end":null,"altitudeMo":null,"tessellate":"-1","extrude":"0","visibility":"-1","drawOrder":null,"icon":null,"ETIQ":"AP V2 Km 150,445","NOM_ACCES":"PTLA_L08-012","AXE":"LGV V2","PK":"150.445","LONGITUDE":"0°7'44.8342E","LATITUDE":"46°7'35.8585N","LOT":"08","SEI":"60","LIBELLE":"APP 1504-2","LONG_DD":"0.129121","LAT_DD":"46.126627","gx_media_l":null,"_sp_url":null},"geometry":{"type":"Point","coordinates":[0.12912100000000024,46.12662699999999,0.0]}},{"id":"636","type":"Feature","properties":{"Name":"AP V1 Km 150,445","descriptio":"Attributes\n  ETIQ  AP V1 Km 150,445 \n  NOM_ACCES  PTLA_L08-009 \n  AXE  LGV V1 \n  PK  150.445 \n  LONGITUDE  0°7'46.801E \n  LATITUDE  46°7'34.2708N \n  LOT  08 \n  SEI  60 \n  LIBELLE  APP 1504-1 \n  LONG_DD  0.129667 \n  LAT_DD  46.126186","timestamp":null,"begin":null,"end":null,"altitudeMo":null,"tessellate":"-1","extrude":"0","visibility":"-1","drawOrder":null,"icon":null,"ETIQ":"AP V1 Km 150,445","NOM_ACCES":"PTLA_L08-009","AXE":"LGV V1","PK":"150.445","LONGITUDE":"0°7'46.801E","LATITUDE":"46°7'34.2708N","LOT":"08","SEI":"60","LIBELLE":"APP 1504-1","LONG_DD":"0.129667","LAT_DD":"46.126186","gx_media_l":null,"_sp_url":null},"geometry":{"type":"Point","coordinates":[0.12966700000000034,46.126186000000004,0.0]}},{"id":"637","type":"Feature","properties":{"Name":"AP V1 Km 150,850","descriptio":"Attributes\n  ETIQ  AP V1 Km 150,850 \n  NOM_ACCES  PTLO_L08-021 \n  AXE  LGV V1 \n  PK  150.85 \n  LONGITUDE  0°7'42.4756E \n  LATITUDE  46°7'4.9653N \n  LOT  08 \n  SEI  60 \n  LIBELLE  APP 1508-1 \n  LONG_DD  0.128465 \n  LAT_DD  46.118046","timestamp":null,"begin":null,"end":null,"altitudeMo":null,"tessellate":"-1","extrude":"0","visibility":"-1","drawOrder":null,"icon":null,"ETIQ":"AP V1 Km 150,850","NOM_ACCES":"PTLO_L08-021","AXE":"LGV V1","PK":"150.85","LONGITUDE":"0°7'42.4756E","LATITUDE":"46°7'4.9653N","LOT":"08","SEI":"60","LIBELLE":"APP 1508-1","LONG_DD":"0.128465","LAT_DD":"46.118046","gx_media_l":null,"_sp_url":null},"geometry":{"type":"Point","coordinates":[0.12846500000000016,46.11804600000003,0.0]}},{"id":"638","type":"Feature","properties":{"Name":"AR V1 Km 151,420","descriptio":"Attributes\n  ETIQ  AR V1 Km 151,420 \n  NOM_ACCES  PTLA_L08-013 \n  AXE  LGV V1 \n  PK  151.42 \n  LONGITUDE  0°7'40.2824E \n  LATITUDE  46°6'46.1252N \n  LOT  08 \n  SEI  60 \n  LIBELLE  ARP 1514-1 \n  LONG_DD  0.127856 \n  LAT_DD  46.112813","timestamp":null,"begin":null,"end":null,"altitudeMo":null,"tessellate":"-1","extrude":"0","visibility":"-1","drawOrder":null,"icon":null,"ETIQ":"AR V1 Km 151,420","NOM_ACCES":"PTLA_L08-013","AXE":"LGV V1","PK":"151.42","LONGITUDE":"0°7'40.2824E","LATITUDE":"46°6'46.1252N","LOT":"08","SEI":"60","LIBELLE":"ARP 1514-1","LONG_DD":"0.127856","LAT_DD":"46.112813","gx_media_l":null,"_sp_url":null},"geometry":{"type":"Point","coordinates":[0.12785600000000025,46.11281300000002,0.0]}},{"id":"639","type":"Feature","properties":{"Name":"AR V2 Km 151,420","descriptio":"Attributes\n  ETIQ  AR V2 Km 151,420 \n  NOM_ACCES  PTLA_L08-014 \n  AXE  LGV V2 \n  PK  151.42 \n  LONGITUDE  0°7'38.0722E \n  LATITUDE  46°6'46.034N \n  LOT  08 \n  SEI  60 \n  LIBELLE  ARP 1514-2 \n  LONG_DD  0.127242 \n  LAT_DD  46.112787","timestamp":null,"begin":null,"end":null,"altitudeMo":null,"tessellate":"-1","extrude":"0","visibility":"-1","drawOrder":null,"icon":null,"ETIQ":"AR V2 Km 151,420","NOM_ACCES":"PTLA_L08-014","AXE":"LGV V2","PK":"151.42","LONGITUDE":"0°7'38.0722E","LATITUDE":"46°6'46.034N","LOT":"08","SEI":"60","LIBELLE":"ARP 1514-2","LONG_DD":"0.127242","LAT_DD":"46.112787","gx_media_l":null,"_sp_url":null},"geometry":{"type":"Point","coordinates":[0.12724200000000085,46.112787,0.0]}},{"id":"640","type":"Feature","properties":{"Name":"AP V2 Km 152,190","descriptio":"Attributes\n  ETIQ  AP V2 Km 152,190 \n  NOM_ACCES  PTLO_L08-024 \n  AXE  LGV V2 \n  PK  152.19 \n  LONGITUDE  0°7'35.5829E \n  LATITUDE  46°6'21.9367N \n  LOT  08 \n  SEI  60 \n  LIBELLE  APP 1521-2 \n  LONG_DD  0.126551 \n  LAT_DD  46.106094","timestamp":null,"begin":null,"end":null,"altitudeMo":null,"tessellate":"-1","extrude":"0","visibility":"-1","drawOrder":null,"icon":null,"ETIQ":"AP V2 Km 152,190","NOM_ACCES":"PTLO_L08-024","AXE":"LGV V2","PK":"152.19","LONGITUDE":"0°7'35.5829E","LATITUDE":"46°6'21.9367N","LOT":"08","SEI":"60","LIBELLE":"APP 1521-2","LONG_DD":"0.126551","LAT_DD":"46.106094","gx_media_l":null,"_sp_url":null},"geometry":{"type":"Point","coordinates":[0.12655099999999994,46.10609399999999,0.0]}},{"id":"641","type":"Feature","properties":{"Name":"AP V1 Km 152,190","descriptio":"Attributes\n  ETIQ  AP V1 Km 152,190 \n  NOM_ACCES  PTLO_L08-023 \n  AXE  LGV V1 \n  PK  152.19 \n  LONGITUDE  0°7'39.8907E \n  LATITUDE  46°6'21.6216N \n  LOT  08 \n  SEI  60 \n  LIBELLE  APP 1521-1 \n  LONG_DD  0.127747 \n  LAT_DD  46.106006","timestamp":null,"begin":null,"end":null,"altitudeMo":null,"tessellate":"-1","extrude":"0","visibility":"-1","drawOrder":null,"icon":null,"ETIQ":"AP V1 Km 152,190","NOM_ACCES":"PTLO_L08-023","AXE":"LGV V1","PK":"152.19","LONGITUDE":"0°7'39.8907E","LATITUDE":"46°6'21.6216N","LOT":"08","SEI":"60","LIBELLE":"APP 1521-1","LONG_DD":"0.127747","LAT_DD":"46.106006","gx_media_l":null,"_sp_url":null},"geometry":{"type":"Point","coordinates":[0.12774700000000064,46.106005999999994,0.0]}},{"id":"642","type":"Feature","properties":{"Name":"AP V1 Km 152,980","descriptio":"Attributes\n  ETIQ  AP V1 Km 152,980 \n  NOM_ACCES  PTLO_L08-025 \n  AXE  LGV V1 \n  PK  152.98 \n  LONGITUDE  0°7'35.4332E \n  LATITUDE  46°5'56.5689N \n  LOT  08 \n  SEI  60 \n  LIBELLE  APP 1529-1 \n  LONG_DD  0.126509 \n  LAT_DD  46.099047","timestamp":null,"begin":null,"end":null,"altitudeMo":null,"tessellate":"-1","extrude":"0","visibility":"-1","drawOrder":null,"icon":null,"ETIQ":"AP V1 Km 152,980","NOM_ACCES":"PTLO_L08-025","AXE":"LGV V1","PK":"152.98","LONGITUDE":"0°7'35.4332E","LATITUDE":"46°5'56.5689N","LOT":"08","SEI":"60","LIBELLE":"APP 1529-1","LONG_DD":"0.126509","LAT_DD":"46.099047","gx_media_l":null,"_sp_url":null},"geometry":{"type":"Point","coordinates":[0.12650900000000004,46.099047000000006,0.0]}},{"id":"643","type":"Feature","properties":{"Name":"AP V2 Km 153,070","descriptio":"Attributes\n  ETIQ  AP V2 Km 153,070 \n  NOM_ACCES  PTLO_L08-026 \n  AXE  LGV V2 \n  PK  153.07 \n  LONGITUDE  0°7'32.4425E \n  LATITUDE  46°5'53.5313N \n  LOT  08 \n  SEI  60 \n  LIBELLE  APP 1530-2 \n  LONG_DD  0.125678 \n  LAT_DD  46.098203","timestamp":null,"begin":null,"end":null,"altitudeMo":null,"tessellate":"-1","extrude":"0","visibility":"-1","drawOrder":null,"icon":null,"ETIQ":"AP V2 Km 153,070","NOM_ACCES":"PTLO_L08-026","AXE":"LGV V2","PK":"153.07","LONGITUDE":"0°7'32.4425E","LATITUDE":"46°5'53.5313N","LOT":"08","SEI":"60","LIBELLE":"APP 1530-2","LONG_DD":"0.125678","LAT_DD":"46.098203","gx_media_l":null,"_sp_url":null},"geometry":{"type":"Point","coordinates":[0.1256779999999998,46.098203,0.0]}},{"id":"644","type":"Feature","properties":{"Name":"AR V2 Km 153,500","descriptio":"Attributes\n  ETIQ  AR V2 Km 153,500 \n  NOM_ACCES  PTLA_L08-014a \n  AXE  LGV V2 \n  PK  153.5 \n  LONGITUDE  0°7'28.0494E \n  LATITUDE  46°5'39.2651N \n  LOT  08 \n  SEI  60 \n  LIBELLE  ARP 1535-2 \n  LONG_DD  0.124458 \n  LAT_DD  46.09424","timestamp":null,"begin":null,"end":null,"altitudeMo":null,"tessellate":"-1","extrude":"0","visibility":"-1","drawOrder":null,"icon":null,"ETIQ":"AR V2 Km 153,500","NOM_ACCES":"PTLA_L08-014a","AXE":"LGV V2","PK":"153.5","LONGITUDE":"0°7'28.0494E","LATITUDE":"46°5'39.2651N","LOT":"08","SEI":"60","LIBELLE":"ARP 1535-2","LONG_DD":"0.124458","LAT_DD":"46.09424","gx_media_l":null,"_sp_url":null},"geometry":{"type":"Point","coordinates":[0.12445799999999961,46.09424,0.0]}},{"id":"645","type":"Feature","properties":{"Name":"AR V1 Km 153,500","descriptio":"Attributes\n  ETIQ  AR V1 Km 153,500 \n  NOM_ACCES  PTLA_L08-013a \n  AXE  LGV V1 \n  PK  153.5 \n  LONGITUDE  0°7'32.7907E \n  LATITUDE  46°5'39.1004N \n  LOT  08 \n  SEI  60 \n  LIBELLE  ARP 1535-1 \n  LONG_DD  0.125775 \n  LAT_DD  46.094195","timestamp":null,"begin":null,"end":null,"altitudeMo":null,"tessellate":"-1","extrude":"0","visibility":"-1","drawOrder":null,"icon":null,"ETIQ":"AR V1 Km 153,500","NOM_ACCES":"PTLA_L08-013a","AXE":"LGV V1","PK":"153.5","LONGITUDE":"0°7'32.7907E","LATITUDE":"46°5'39.1004N","LOT":"08","SEI":"60","LIBELLE":"ARP 1535-1","LONG_DD":"0.125775","LAT_DD":"46.094195","gx_media_l":null,"_sp_url":null},"geometry":{"type":"Point","coordinates":[0.12577499999999966,46.09419499999999,0.0]}},{"id":"646","type":"Feature","properties":{"Name":"AP V1 Km 154,420","descriptio":"Attributes\n  ETIQ  AP V1 Km 154,420 \n  NOM_ACCES  PTLA_L08-015 \n  AXE  LGV V1 \n  PK  154.42 \n  LONGITUDE  0°7'34.711E \n  LATITUDE  46°4'46.1117N \n  LOT  08 \n  SEI  60 \n  LIBELLE  APP 1544-1 \n  LONG_DD  0.126309 \n  LAT_DD  46.079475","timestamp":null,"begin":null,"end":null,"altitudeMo":null,"tessellate":"-1","extrude":"0","visibility":"-1","drawOrder":null,"icon":null,"ETIQ":"AP V1 Km 154,420","NOM_ACCES":"PTLA_L08-015","AXE":"LGV V1","PK":"154.42","LONGITUDE":"0°7'34.711E","LATITUDE":"46°4'46.1117N","LOT":"08","SEI":"60","LIBELLE":"APP 1544-1","LONG_DD":"0.126309","LAT_DD":"46.079475","gx_media_l":null,"_sp_url":null},"geometry":{"type":"Point","coordinates":[0.12630900000000042,46.079474999999995,0.0]}},{"id":"647","type":"Feature","properties":{"Name":"AP V2 Km 154,420","descriptio":"Attributes\n  ETIQ  AP V2 Km 154,420 \n  NOM_ACCES  PTLA_L08-016 \n  AXE  LGV V2 \n  PK  154.42 \n  LONGITUDE  0°7'30.4788E \n  LATITUDE  46°4'48.0711N \n  LOT  08 \n  SEI  60 \n  LIBELLE  APP 1544-2 \n  LONG_DD  0.125133 \n  LAT_DD  46.08002","timestamp":null,"begin":null,"end":null,"altitudeMo":null,"tessellate":"-1","extrude":"0","visibility":"-1","drawOrder":null,"icon":null,"ETIQ":"AP V2 Km 154,420","NOM_ACCES":"PTLA_L08-016","AXE":"LGV V2","PK":"154.42","LONGITUDE":"0°7'30.4788E","LATITUDE":"46°4'48.0711N","LOT":"08","SEI":"60","LIBELLE":"APP 1544-2","LONG_DD":"0.125133","LAT_DD":"46.08002","gx_media_l":null,"_sp_url":null},"geometry":{"type":"Point","coordinates":[0.12513300000000047,46.08001999999999,0.0]}},{"id":"648","type":"Feature","properties":{"Name":"AR V1 Km 155,325","descriptio":"Attributes\n  ETIQ  AR V1 Km 155,325 \n  NOM_ACCES  PTLA_L08-015 \n  AXE  LGV V1 \n  PK  155.325 \n  LONGITUDE  0°7'34.7111E \n  LATITUDE  46°4'46.1146N \n  LOT  08 \n  SEI  60 \n  LIBELLE  RRL 1553-1 \n  LONG_DD  0.126309 \n  LAT_DD  46.079476","timestamp":null,"begin":null,"end":null,"altitudeMo":null,"tessellate":"-1","extrude":"0","visibility":"-1","drawOrder":null,"icon":null,"ETIQ":"AR V1 Km 155,325","NOM_ACCES":"PTLA_L08-015","AXE":"LGV V1","PK":"155.325","LONGITUDE":"0°7'34.7111E","LATITUDE":"46°4'46.1146N","LOT":"08","SEI":"60","LIBELLE":"RRL 1553-1","LONG_DD":"0.126309","LAT_DD":"46.079476","gx_media_l":null,"_sp_url":null},"geometry":{"type":"Point","coordinates":[0.12630900000000042,46.079476,0.0]}},{"id":"649","type":"Feature","properties":{"Name":"AR V2 Km 155,325","descriptio":"Attributes\n  ETIQ  AR V2 Km 155,325 \n  NOM_ACCES  PTLA_L08-016 \n  AXE  LGV V2 \n  PK  155.325 \n  LONGITUDE  0°7'30.4788E \n  LATITUDE  46°4'48.0711N \n  LOT  08 \n  SEI  60 \n  LIBELLE  RRL 1553-2 \n  LONG_DD  0.125133 \n  LAT_DD  46.08002","timestamp":null,"begin":null,"end":null,"altitudeMo":null,"tessellate":"-1","extrude":"0","visibility":"-1","drawOrder":null,"icon":null,"ETIQ":"AR V2 Km 155,325","NOM_ACCES":"PTLA_L08-016","AXE":"LGV V2","PK":"155.325","LONGITUDE":"0°7'30.4788E","LATITUDE":"46°4'48.0711N","LOT":"08","SEI":"60","LIBELLE":"RRL 1553-2","LONG_DD":"0.125133","LAT_DD":"46.08002","gx_media_l":null,"_sp_url":null},"geometry":{"type":"Point","coordinates":[0.12513300000000047,46.08001999999999,0.0]}},{"id":"650","type":"Feature","properties":{"Name":"AP V2 Km 155,840","descriptio":"Attributes\n  ETIQ  AP V2 Km 155,840 \n  NOM_ACCES  PTLO_L08-028 \n  AXE  LGV V2 \n  PK  155.84 \n  LONGITUDE  0°7'34.0464E \n  LATITUDE  46°4'24.2226N \n  LOT  08 \n  SEI  60 \n  LIBELLE  APP 1558-2 \n  LONG_DD  0.126124 \n  LAT_DD  46.073395","timestamp":null,"begin":null,"end":null,"altitudeMo":null,"tessellate":"-1","extrude":"0","visibility":"-1","drawOrder":null,"icon":null,"ETIQ":"AP V2 Km 155,840","NOM_ACCES":"PTLO_L08-028","AXE":"LGV V2","PK":"155.84","LONGITUDE":"0°7'34.0464E","LATITUDE":"46°4'24.2226N","LOT":"08","SEI":"60","LIBELLE":"APP 1558-2","LONG_DD":"0.126124","LAT_DD":"46.073395","gx_media_l":null,"_sp_url":null},"geometry":{"type":"Point","coordinates":[0.12612400000000046,46.073395,0.0]}},{"id":"651","type":"Feature","properties":{"Name":"AP V1 Km 155,886","descriptio":"Attributes\n  ETIQ  AP V1 Km 155,886 \n  NOM_ACCES  PTLO_L08-027 \n  AXE  LGV V1 \n  PK  155.886 \n  LONGITUDE  0°7'37.3822E \n  LATITUDE  46°4'22.8639N \n  LOT  08 \n  SEI  60 \n  LIBELLE  APP 1558-1 \n  LONG_DD  0.127051 \n  LAT_DD  46.073018","timestamp":null,"begin":null,"end":null,"altitudeMo":null,"tessellate":"-1","extrude":"0","visibility":"-1","drawOrder":null,"icon":null,"ETIQ":"AP V1 Km 155,886","NOM_ACCES":"PTLO_L08-027","AXE":"LGV V1","PK":"155.886","LONGITUDE":"0°7'37.3822E","LATITUDE":"46°4'22.8639N","LOT":"08","SEI":"60","LIBELLE":"APP 1558-1","LONG_DD":"0.127051","LAT_DD":"46.073018","gx_media_l":null,"_sp_url":null},"geometry":{"type":"Point","coordinates":[0.12705099999999941,46.073018,0.0]}},{"id":"652","type":"Feature","properties":{"Name":"AP V1 Km 156,210","descriptio":"Attributes\n  ETIQ  AP V1 Km 156,210 \n  NOM_ACCES  PTLO_L08-029 \n  AXE  LGV V1 \n  PK  156.21 \n  LONGITUDE  0°7'37.8364E \n  LATITUDE  46°4'12.8981N \n  LOT  08 \n  SEI  60 \n  LIBELLE  APP 1562-1 \n  LONG_DD  0.127177 \n  LAT_DD  46.070249","timestamp":null,"begin":null,"end":null,"altitudeMo":null,"tessellate":"-1","extrude":"0","visibility":"-1","drawOrder":null,"icon":null,"ETIQ":"AP V1 Km 156,210","NOM_ACCES":"PTLO_L08-029","AXE":"LGV V1","PK":"156.21","LONGITUDE":"0°7'37.8364E","LATITUDE":"46°4'12.8981N","LOT":"08","SEI":"60","LIBELLE":"APP 1562-1","LONG_DD":"0.127177","LAT_DD":"46.070249","gx_media_l":null,"_sp_url":null},"geometry":{"type":"Point","coordinates":[0.12717699999999948,46.07024899999999,0.0]}},{"id":"653","type":"Feature","properties":{"Name":"AP V2 Km 156,800","descriptio":"Attributes\n  ETIQ  AP V2 Km 156,800 \n  NOM_ACCES  PTLO_L08-030 \n  AXE  LGV V2 \n  PK  156.8 \n  LONGITUDE  0°7'38.3948E \n  LATITUDE  46°3'53.2402N \n  LOT  08 \n  SEI  60 \n  LIBELLE  APP 1568-2 \n  LONG_DD  0.127332 \n  LAT_DD  46.064789","timestamp":null,"begin":null,"end":null,"altitudeMo":null,"tessellate":"-1","extrude":"0","visibility":"-1","drawOrder":null,"icon":null,"ETIQ":"AP V2 Km 156,800","NOM_ACCES":"PTLO_L08-030","AXE":"LGV V2","PK":"156.8","LONGITUDE":"0°7'38.3948E","LATITUDE":"46°3'53.2402N","LOT":"08","SEI":"60","LIBELLE":"APP 1568-2","LONG_DD":"0.127332","LAT_DD":"46.064789","gx_media_l":null,"_sp_url":null},"geometry":{"type":"Point","coordinates":[0.12733200000000008,46.06478900000001,0.0]}},{"id":"654","type":"Feature","properties":{"Name":"AP V1 Km 156,820","descriptio":"Attributes\n  ETIQ  AP V1 Km 156,820 \n  NOM_ACCES  PTLO_L08-031 \n  AXE  LGV V1 \n  PK  156.82 \n  LONGITUDE  0°7'39.8765E \n  LATITUDE  46°3'52.5852N \n  LOT  08 \n  SEI  60 \n  LIBELLE  APP 1568-1 \n  LONG_DD  0.127743 \n  LAT_DD  46.064607","timestamp":null,"begin":null,"end":null,"altitudeMo":null,"tessellate":"-1","extrude":"0","visibility":"-1","drawOrder":null,"icon":null,"ETIQ":"AP V1 Km 156,820","NOM_ACCES":"PTLO_L08-031","AXE":"LGV V1","PK":"156.82","LONGITUDE":"0°7'39.8765E","LATITUDE":"46°3'52.5852N","LOT":"08","SEI":"60","LIBELLE":"APP 1568-1","LONG_DD":"0.127743","LAT_DD":"46.064607","gx_media_l":null,"_sp_url":null},"geometry":{"type":"Point","coordinates":[0.12774300000000072,46.064606999999995,0.0]}},{"id":"655","type":"Feature","properties":{"Name":"AR V2 Km 157,617","descriptio":"Attributes\n  ETIQ  AR V2 Km 157,617 \n  NOM_ACCES  PTLA_L08-018 \n  AXE  LGV V2 \n  PK  157.617 \n  LONGITUDE  0°7'38.0764E \n  LATITUDE  46°3'24.9377N \n  LOT  08 \n  SEI  60 \n  LIBELLE  ARP 1576-2 \n  LONG_DD  0.127243 \n  LAT_DD  46.056927","timestamp":null,"begin":null,"end":null,"altitudeMo":null,"tessellate":"-1","extrude":"0","visibility":"-1","drawOrder":null,"icon":null,"ETIQ":"AR V2 Km 157,617","NOM_ACCES":"PTLA_L08-018","AXE":"LGV V2","PK":"157.617","LONGITUDE":"0°7'38.0764E","LATITUDE":"46°3'24.9377N","LOT":"08","SEI":"60","LIBELLE":"ARP 1576-2","LONG_DD":"0.127243","LAT_DD":"46.056927","gx_media_l":null,"_sp_url":null},"geometry":{"type":"Point","coordinates":[0.12724299999999963,46.056927,0.0]}},{"id":"656","type":"Feature","properties":{"Name":"AR V1 Km 157,617","descriptio":"Attributes\n  ETIQ  AR V1 Km 157,617 \n  NOM_ACCES  PTLA_L08-017 \n  AXE  LGV V1 \n  PK  157.617 \n  LONGITUDE  0°7'41.4481E \n  LATITUDE  46°3'25.5857N \n  LOT  08 \n  SEI  60 \n  LIBELLE  ARP 1576-1 \n  LONG_DD  0.12818 \n  LAT_DD  46.057107","timestamp":null,"begin":null,"end":null,"altitudeMo":null,"tessellate":"-1","extrude":"0","visibility":"-1","drawOrder":null,"icon":null,"ETIQ":"AR V1 Km 157,617","NOM_ACCES":"PTLA_L08-017","AXE":"LGV V1","PK":"157.617","LONGITUDE":"0°7'41.4481E","LATITUDE":"46°3'25.5857N","LOT":"08","SEI":"60","LIBELLE":"ARP 1576-1","LONG_DD":"0.12818","LAT_DD":"46.057107","gx_media_l":null,"_sp_url":null},"geometry":{"type":"Point","coordinates":[0.12818000000000077,46.057106999999995,0.0]}},{"id":"657","type":"Feature","properties":{"Name":"AP V1 Km 158,040","descriptio":"Attributes\n  ETIQ  AP V1 Km 158,040 \n  NOM_ACCES  PTLO_L08-033 \n  AXE  LGV V1 \n  PK  158.04 \n  LONGITUDE  0°7'41.7362E \n  LATITUDE  46°3'13.1318N \n  LOT  08 \n  SEI  60 \n  LIBELLE  APP 0158-1 \n  LONG_DD  0.12826 \n  LAT_DD  46.053648","timestamp":null,"begin":null,"end":null,"altitudeMo":null,"tessellate":"-1","extrude":"0","visibility":"-1","drawOrder":null,"icon":null,"ETIQ":"AP V1 Km 158,040","NOM_ACCES":"PTLO_L08-033","AXE":"LGV V1","PK":"158.04","LONGITUDE":"0°7'41.7362E","LATITUDE":"46°3'13.1318N","LOT":"08","SEI":"60","LIBELLE":"APP 0158-1","LONG_DD":"0.12826","LAT_DD":"46.053648","gx_media_l":null,"_sp_url":null},"geometry":{"type":"Point","coordinates":[0.12826000000000062,46.053647999999995,0.0]}},{"id":"658","type":"Feature","properties":{"Name":"AP V2 Km 158,040","descriptio":"Attributes\n  ETIQ  AP V2 Km 158,040 \n  NOM_ACCES  PTLO_L08-032 \n  AXE  LGV V2 \n  PK  158.04 \n  LONGITUDE  0°7'37.6698E \n  LATITUDE  46°3'13.1141N \n  LOT  08 \n  SEI  60 \n  LIBELLE  APP 0158-2 \n  LONG_DD  0.12713 \n  LAT_DD  46.053643","timestamp":null,"begin":null,"end":null,"altitudeMo":null,"tessellate":"-1","extrude":"0","visibility":"-1","drawOrder":null,"icon":null,"ETIQ":"AP V2 Km 158,040","NOM_ACCES":"PTLO_L08-032","AXE":"LGV V2","PK":"158.04","LONGITUDE":"0°7'37.6698E","LATITUDE":"46°3'13.1141N","LOT":"08","SEI":"60","LIBELLE":"APP 0158-2","LONG_DD":"0.12713","LAT_DD":"46.053643","gx_media_l":null,"_sp_url":null},"geometry":{"type":"Point","coordinates":[0.1271300000000005,46.05364299999999,0.0]}},{"id":"659","type":"Feature","properties":{"Name":"AP V1 Km 158,400","descriptio":"Attributes\n  ETIQ  AP V1 Km 158,400 \n  NOM_ACCES  PTLO_L08-035 \n  AXE  LGV V1 \n  PK  158.4 \n  LONGITUDE  0°7'39.2471E \n  LATITUDE  46°3'1.1137N \n  LOT  08 \n  SEI  60 \n  LIBELLE  APP 1584-1 \n  LONG_DD  0.127569 \n  LAT_DD  46.050309","timestamp":null,"begin":null,"end":null,"altitudeMo":null,"tessellate":"-1","extrude":"0","visibility":"-1","drawOrder":null,"icon":null,"ETIQ":"AP V1 Km 158,400","NOM_ACCES":"PTLO_L08-035","AXE":"LGV V1","PK":"158.4","LONGITUDE":"0°7'39.2471E","LATITUDE":"46°3'1.1137N","LOT":"08","SEI":"60","LIBELLE":"APP 1584-1","LONG_DD":"0.127569","LAT_DD":"46.050309","gx_media_l":null,"_sp_url":null},"geometry":{"type":"Point","coordinates":[0.12756900000000052,46.050309,0.0]}},{"id":"660","type":"Feature","properties":{"Name":"AP V2 Km 158,530","descriptio":"Attributes\n  ETIQ  AP V2 Km 158,530 \n  NOM_ACCES  PTLO_L08-034 \n  AXE  LGV V2 \n  PK  158.53 \n  LONGITUDE  0°7'37.2769E \n  LATITUDE  46°2'57.1167N \n  LOT  08 \n  SEI  60 \n  LIBELLE  APP 1585-2 \n  LONG_DD  0.127021 \n  LAT_DD  46.049199","timestamp":null,"begin":null,"end":null,"altitudeMo":null,"tessellate":"-1","extrude":"0","visibility":"-1","drawOrder":null,"icon":null,"ETIQ":"AP V2 Km 158,530","NOM_ACCES":"PTLO_L08-034","AXE":"LGV V2","PK":"158.53","LONGITUDE":"0°7'37.2769E","LATITUDE":"46°2'57.1167N","LOT":"08","SEI":"60","LIBELLE":"APP 1585-2","LONG_DD":"0.127021","LAT_DD":"46.049199","gx_media_l":null,"_sp_url":null},"geometry":{"type":"Point","coordinates":[0.12702100000000086,46.049199,0.0]}},{"id":"661","type":"Feature","properties":{"Name":"AP V1 Km 159,390","descriptio":"Attributes\n  ETIQ  AP V1 Km 159,390 \n  NOM_ACCES  PTLO_L08-037 \n  AXE  LGV V1 \n  PK  159.39 \n  LONGITUDE  0°7'36.5281E \n  LATITUDE  46°2'29.1895N \n  LOT  08 \n  SEI  60 \n  LIBELLE  APP 1593-1 \n  LONG_DD  0.126813 \n  LAT_DD  46.041442","timestamp":null,"begin":null,"end":null,"altitudeMo":null,"tessellate":"-1","extrude":"0","visibility":"-1","drawOrder":null,"icon":null,"ETIQ":"AP V1 Km 159,390","NOM_ACCES":"PTLO_L08-037","AXE":"LGV V1","PK":"159.39","LONGITUDE":"0°7'36.5281E","LATITUDE":"46°2'29.1895N","LOT":"08","SEI":"60","LIBELLE":"APP 1593-1","LONG_DD":"0.126813","LAT_DD":"46.041442","gx_media_l":null,"_sp_url":null},"geometry":{"type":"Point","coordinates":[0.126812999999999,46.04144200000001,0.0]}},{"id":"662","type":"Feature","properties":{"Name":"AP V2 Km 159,390","descriptio":"Attributes\n  ETIQ  AP V2 Km 159,390 \n  NOM_ACCES  PTLO_L08-036 \n  AXE  LGV V2 \n  PK  159.39 \n  LONGITUDE  0°7'34.9762E \n  LATITUDE  46°2'29.2301N \n  LOT  08 \n  SEI  60 \n  LIBELLE  APP 1593-2 \n  LONG_DD  0.126382 \n  LAT_DD  46.041453","timestamp":null,"begin":null,"end":null,"altitudeMo":null,"tessellate":"-1","extrude":"0","visibility":"-1","drawOrder":null,"icon":null,"ETIQ":"AP V2 Km 159,390","NOM_ACCES":"PTLO_L08-036","AXE":"LGV V2","PK":"159.39","LONGITUDE":"0°7'34.9762E","LATITUDE":"46°2'29.2301N","LOT":"08","SEI":"60","LIBELLE":"APP 1593-2","LONG_DD":"0.126382","LAT_DD":"46.041453","gx_media_l":null,"_sp_url":null},"geometry":{"type":"Point","coordinates":[0.12638200000000002,46.041453000000004,0.0]}},{"id":"663","type":"Feature","properties":{"Name":"AP V1 Km 160,340","descriptio":"Attributes\n  ETIQ  AP V1 Km 160,340 \n  NOM_ACCES  PTLO_L08-039 \n  AXE  LGV V1 \n  PK  160.34 \n  LONGITUDE  0°7'34.4548E \n  LATITUDE  46°1'58.5823N \n  LOT  08 \n  SEI  60 \n  LIBELLE  APP 1603-1 \n  LONG_DD  0.126237 \n  LAT_DD  46.03294","timestamp":null,"begin":null,"end":null,"altitudeMo":null,"tessellate":"-1","extrude":"0","visibility":"-1","drawOrder":null,"icon":null,"ETIQ":"AP V1 Km 160,340","NOM_ACCES":"PTLO_L08-039","AXE":"LGV V1","PK":"160.34","LONGITUDE":"0°7'34.4548E","LATITUDE":"46°1'58.5823N","LOT":"08","SEI":"60","LIBELLE":"APP 1603-1","LONG_DD":"0.126237","LAT_DD":"46.03294","gx_media_l":null,"_sp_url":null},"geometry":{"type":"Point","coordinates":[0.126237,46.032940000000025,0.0]}},{"id":"664","type":"Feature","properties":{"Name":"AP V2 Km 160,370","descriptio":"Attributes\n  ETIQ  AP V2 Km 160,370 \n  NOM_ACCES  PTLO_L08-038 \n  AXE  LGV V2 \n  PK  160.37 \n  LONGITUDE  0°7'31.6884E \n  LATITUDE  46°1'57.6867N \n  LOT  08 \n  SEI  60 \n  LIBELLE  APP 1603-2 \n  LONG_DD  0.125469 \n  LAT_DD  46.032691","timestamp":null,"begin":null,"end":null,"altitudeMo":null,"tessellate":"-1","extrude":"0","visibility":"-1","drawOrder":null,"icon":null,"ETIQ":"AP V2 Km 160,370","NOM_ACCES":"PTLO_L08-038","AXE":"LGV V2","PK":"160.37","LONGITUDE":"0°7'31.6884E","LATITUDE":"46°1'57.6867N","LOT":"08","SEI":"60","LIBELLE":"APP 1603-2","LONG_DD":"0.125469","LAT_DD":"46.032691","gx_media_l":null,"_sp_url":null},"geometry":{"type":"Point","coordinates":[0.12546900000000075,46.03269099999999,0.0]}},{"id":"665","type":"Feature","properties":{"Name":"AR V2 Km 161,100","descriptio":"Attributes\n  ETIQ  AR V2 Km 161,100 \n  NOM_ACCES  PTLA_L08-020 \n  AXE  LGV V2 \n  PK  161.1 \n  LONGITUDE  0°7'30.2097E \n  LATITUDE  46°1'36.0125N \n  LOT  08 \n  SEI  60 \n  LIBELLE  RRG 1611-2 \n  LONG_DD  0.125058 \n  LAT_DD  46.02667","timestamp":null,"begin":null,"end":null,"altitudeMo":null,"tessellate":"-1","extrude":"0","visibility":"-1","drawOrder":null,"icon":null,"ETIQ":"AR V2 Km 161,100","NOM_ACCES":"PTLA_L08-020","AXE":"LGV V2","PK":"161.1","LONGITUDE":"0°7'30.2097E","LATITUDE":"46°1'36.0125N","LOT":"08","SEI":"60","LIBELLE":"RRG 1611-2","LONG_DD":"0.125058","LAT_DD":"46.02667","gx_media_l":null,"_sp_url":null},"geometry":{"type":"Point","coordinates":[0.12505799999999972,46.02667000000001,0.0]}},{"id":"666","type":"Feature","properties":{"Name":"AR V1 Km 161,100","descriptio":"Attributes\n  ETIQ  AR V1 Km 161,100 \n  NOM_ACCES  PTLA_L08-019 \n  AXE  LGV V1 \n  PK  161.1 \n  LONGITUDE  0°7'32.9772E \n  LATITUDE  46°1'35.4673N \n  LOT  08 \n  SEI  60 \n  LIBELLE  RRG 1611-1 \n  LONG_DD  0.125827 \n  LAT_DD  46.026519","timestamp":null,"begin":null,"end":null,"altitudeMo":null,"tessellate":"-1","extrude":"0","visibility":"-1","drawOrder":null,"icon":null,"ETIQ":"AR V1 Km 161,100","NOM_ACCES":"PTLA_L08-019","AXE":"LGV V1","PK":"161.1","LONGITUDE":"0°7'32.9772E","LATITUDE":"46°1'35.4673N","LOT":"08","SEI":"60","LIBELLE":"RRG 1611-1","LONG_DD":"0.125827","LAT_DD":"46.026519","gx_media_l":null,"_sp_url":null},"geometry":{"type":"Point","coordinates":[0.12582700000000094,46.026518999999986,0.0]}},{"id":"667","type":"Feature","properties":{"Name":"AR V1 Km 162,215","descriptio":"Attributes\n  ETIQ  AR V1 Km 162,215 \n  NOM_ACCES  PTLA L09-001 \n  AXE  LGV V1 \n  PK  162.215 \n  LONGITUDE  0°7'32.9171E \n  LATITUDE  46°1'0.8695N \n  LOT  09 \n  SEI  60 \n  LIBELLE  ARP 1622-1 \n  LONG_DD  0.12581 \n  LAT_DD  46.016908","timestamp":null,"begin":null,"end":null,"altitudeMo":null,"tessellate":"-1","extrude":"0","visibility":"-1","drawOrder":null,"icon":null,"ETIQ":"AR V1 Km 162,215","NOM_ACCES":"PTLA L09-001","AXE":"LGV V1","PK":"162.215","LONGITUDE":"0°7'32.9171E","LATITUDE":"46°1'0.8695N","LOT":"09","SEI":"60","LIBELLE":"ARP 1622-1","LONG_DD":"0.12581","LAT_DD":"46.016908","gx_media_l":null,"_sp_url":null},"geometry":{"type":"Point","coordinates":[0.1258100000000009,46.01690799999998,0.0]}},{"id":"668","type":"Feature","properties":{"Name":"AR V2 Km 162,215","descriptio":"Attributes\n  ETIQ  AR V2 Km 162,215 \n  NOM_ACCES  PTLA L09-002 \n  AXE  LGV V2 \n  PK  162.215 \n  LONGITUDE  0°7'24.7419E \n  LATITUDE  46°0'59.1515N \n  LOT  09 \n  SEI  60 \n  LIBELLE  ARP 1622-2 \n  LONG_DD  0.123539 \n  LAT_DD  46.016431","timestamp":null,"begin":null,"end":null,"altitudeMo":null,"tessellate":"-1","extrude":"0","visibility":"-1","drawOrder":null,"icon":null,"ETIQ":"AR V2 Km 162,215","NOM_ACCES":"PTLA L09-002","AXE":"LGV V2","PK":"162.215","LONGITUDE":"0°7'24.7419E","LATITUDE":"46°0'59.1515N","LOT":"09","SEI":"60","LIBELLE":"ARP 1622-2","LONG_DD":"0.123539","LAT_DD":"46.016431","gx_media_l":null,"_sp_url":null},"geometry":{"type":"Point","coordinates":[0.12353900000000007,46.016431,0.0]}},{"id":"669","type":"Feature","properties":{"Name":"AP V1 Km 162,979","descriptio":"Attributes\n  ETIQ  AP V1 Km 162,979 \n  NOM_ACCES  PTLO L09-001 \n  AXE  LGV V1 \n  PK  162.979 \n  LONGITUDE  0°7'27.2144E \n  LATITUDE  46°0'33.2009N \n  LOT  09 \n  SEI  60 \n  LIBELLE  APP 1629-1 \n  LONG_DD  0.124226 \n  LAT_DD  46.009222","timestamp":null,"begin":null,"end":null,"altitudeMo":null,"tessellate":"-1","extrude":"0","visibility":"-1","drawOrder":null,"icon":null,"ETIQ":"AP V1 Km 162,979","NOM_ACCES":"PTLO L09-001","AXE":"LGV V1","PK":"162.979","LONGITUDE":"0°7'27.2144E","LATITUDE":"46°0'33.2009N","LOT":"09","SEI":"60","LIBELLE":"APP 1629-1","LONG_DD":"0.124226","LAT_DD":"46.009222","gx_media_l":null,"_sp_url":null},"geometry":{"type":"Point","coordinates":[0.12422599999999948,46.00922200000001,0.0]}},{"id":"670","type":"Feature","properties":{"Name":"AP V2 Km 162,979","descriptio":"Attributes\n  ETIQ  AP V2 Km 162,979 \n  NOM_ACCES  PTLO L09-002 \n  AXE  LGV V2 \n  PK  162.979 \n  LONGITUDE  0°7'25.0061E \n  LATITUDE  46°0'33.3003N \n  LOT  09 \n  SEI  60 \n  LIBELLE  APP 1629-2 \n  LONG_DD  0.123613 \n  LAT_DD  46.00925","timestamp":null,"begin":null,"end":null,"altitudeMo":null,"tessellate":"-1","extrude":"0","visibility":"-1","drawOrder":null,"icon":null,"ETIQ":"AP V2 Km 162,979","NOM_ACCES":"PTLO L09-002","AXE":"LGV V2","PK":"162.979","LONGITUDE":"0°7'25.0061E","LATITUDE":"46°0'33.3003N","LOT":"09","SEI":"60","LIBELLE":"APP 1629-2","LONG_DD":"0.123613","LAT_DD":"46.00925","gx_media_l":null,"_sp_url":null},"geometry":{"type":"Point","coordinates":[0.12361300000000004,46.00925,0.0]}},{"id":"671","type":"Feature","properties":{"Name":"AP V2 Km 163,260","descriptio":"Attributes\n  ETIQ  AP V2 Km 163,260 \n  NOM_ACCES  PTLO L09-004 \n  AXE  LGV V2 \n  PK  163.26 \n  LONGITUDE  0°7'24.0449E \n  LATITUDE  46°0'23.675N \n  LOT  09 \n  SEI  60 \n  LIBELLE  APP 1632-2 \n  LONG_DD  0.123346 \n  LAT_DD  46.006576","timestamp":null,"begin":null,"end":null,"altitudeMo":null,"tessellate":"-1","extrude":"0","visibility":"-1","drawOrder":null,"icon":null,"ETIQ":"AP V2 Km 163,260","NOM_ACCES":"PTLO L09-004","AXE":"LGV V2","PK":"163.26","LONGITUDE":"0°7'24.0449E","LATITUDE":"46°0'23.675N","LOT":"09","SEI":"60","LIBELLE":"APP 1632-2","LONG_DD":"0.123346","LAT_DD":"46.006576","gx_media_l":null,"_sp_url":null},"geometry":{"type":"Point","coordinates":[0.12334600000000066,46.006575999999995,0.0]}},{"id":"672","type":"Feature","properties":{"Name":"AP V1 Km 163,290","descriptio":"Attributes\n  ETIQ  AP V1 Km 163,290 \n  NOM_ACCES  PTLA L09-003 \n  AXE  LGV V1 \n  PK  163.29 \n  LONGITUDE  0°7'26.5841E \n  LATITUDE  46°0'24.4836N \n  LOT  09 \n  SEI  60 \n  LIBELLE  APP 1632-1 \n  LONG_DD  0.124051 \n  LAT_DD  46.006801","timestamp":null,"begin":null,"end":null,"altitudeMo":null,"tessellate":"-1","extrude":"0","visibility":"-1","drawOrder":null,"icon":null,"ETIQ":"AP V1 Km 163,290","NOM_ACCES":"PTLA L09-003","AXE":"LGV V1","PK":"163.29","LONGITUDE":"0°7'26.5841E","LATITUDE":"46°0'24.4836N","LOT":"09","SEI":"60","LIBELLE":"APP 1632-1","LONG_DD":"0.124051","LAT_DD":"46.006801","gx_media_l":null,"_sp_url":null},"geometry":{"type":"Point","coordinates":[0.12405100000000048,46.006801,0.0]}},{"id":"673","type":"Feature","properties":{"Name":"AR V2 Km 164,086","descriptio":"Attributes\n  ETIQ  AR V2 Km 164,086 \n  NOM_ACCES  PTLA L09-004 \n  AXE  LGV V2 \n  PK  164.086 \n  LONGITUDE  0°7'20.953E \n  LATITUDE  46°0'0.4387N \n  LOT  09 \n  SEI  60 \n  LIBELLE  ARP 1641-2 \n  LONG_DD  0.122487 \n  LAT_DD  46.000122","timestamp":null,"begin":null,"end":null,"altitudeMo":null,"tessellate":"-1","extrude":"0","visibility":"-1","drawOrder":null,"icon":null,"ETIQ":"AR V2 Km 164,086","NOM_ACCES":"PTLA L09-004","AXE":"LGV V2","PK":"164.086","LONGITUDE":"0°7'20.953E","LATITUDE":"46°0'0.4387N","LOT":"09","SEI":"60","LIBELLE":"ARP 1641-2","LONG_DD":"0.122487","LAT_DD":"46.000122","gx_media_l":null,"_sp_url":null},"geometry":{"type":"Point","coordinates":[0.12248699999999903,46.000122000000005,0.0]}},{"id":"674","type":"Feature","properties":{"Name":"AR V1 Km 164,086","descriptio":"Attributes\n  ETIQ  AR V1 Km 164,086 \n  NOM_ACCES  PTLA L09-005 \n  AXE  LGV V1 \n  PK  164.086 \n  LONGITUDE  0°7'25.1189E \n  LATITUDE  46°0'0.1448N \n  LOT  09 \n  SEI  60 \n  LIBELLE  ARP 1641-1 \n  LONG_DD  0.123644 \n  LAT_DD  46.00004","timestamp":null,"begin":null,"end":null,"altitudeMo":null,"tessellate":"-1","extrude":"0","visibility":"-1","drawOrder":null,"icon":null,"ETIQ":"AR V1 Km 164,086","NOM_ACCES":"PTLA L09-005","AXE":"LGV V1","PK":"164.086","LONGITUDE":"0°7'25.1189E","LATITUDE":"46°0'0.1448N","LOT":"09","SEI":"60","LIBELLE":"ARP 1641-1","LONG_DD":"0.123644","LAT_DD":"46.00004","gx_media_l":null,"_sp_url":null},"geometry":{"type":"Point","coordinates":[0.12364400000000136,46.00004,0.0]}},{"id":"675","type":"Feature","properties":{"Name":"AP V1 Km 164,650","descriptio":"Attributes\n  ETIQ  AP V1 Km 164,650 \n  NOM_ACCES  PTLO L09-003 \n  AXE  LGV V1 \n  PK  164.65 \n  LONGITUDE  0°7'23.4092E \n  LATITUDE  45°59'39.0465N \n  LOT  09 \n  SEI  60 \n  LIBELLE  APP 1646-1 \n  LONG_DD  0.123169 \n  LAT_DD  45.99418","timestamp":null,"begin":null,"end":null,"altitudeMo":null,"tessellate":"-1","extrude":"0","visibility":"-1","drawOrder":null,"icon":null,"ETIQ":"AP V1 Km 164,650","NOM_ACCES":"PTLO L09-003","AXE":"LGV V1","PK":"164.65","LONGITUDE":"0°7'23.4092E","LATITUDE":"45°59'39.0465N","LOT":"09","SEI":"60","LIBELLE":"APP 1646-1","LONG_DD":"0.123169","LAT_DD":"45.99418","gx_media_l":null,"_sp_url":null},"geometry":{"type":"Point","coordinates":[0.12316899999999974,45.99418,0.0]}},{"id":"676","type":"Feature","properties":{"Name":"AP V2 Km 164,745","descriptio":"Attributes\n  ETIQ  AP V2 Km 164,745 \n  NOM_ACCES  PTLO L09-006 \n  AXE  LGV V2 \n  PK  164.745 \n  LONGITUDE  0°7'20.22E \n  LATITUDE  45°59'36.1608N \n  LOT  09 \n  SEI  60 \n  LIBELLE  APP 1647-2 \n  LONG_DD  0.122283 \n  LAT_DD  45.993378","timestamp":null,"begin":null,"end":null,"altitudeMo":null,"tessellate":"-1","extrude":"0","visibility":"-1","drawOrder":null,"icon":null,"ETIQ":"AP V2 Km 164,745","NOM_ACCES":"PTLO L09-006","AXE":"LGV V2","PK":"164.745","LONGITUDE":"0°7'20.22E","LATITUDE":"45°59'36.1608N","LOT":"09","SEI":"60","LIBELLE":"APP 1647-2","LONG_DD":"0.122283","LAT_DD":"45.993378","gx_media_l":null,"_sp_url":null},"geometry":{"type":"Point","coordinates":[0.12228299999999948,45.99337799999999,0.0]}},{"id":"677","type":"Feature","properties":{"Name":"AP V2 Km 165,885","descriptio":"Attributes\n  ETIQ  AP V2 Km 165,885 \n  NOM_ACCES  PTLO L09-008 \n  AXE  LGV V2 \n  PK  165.885 \n  LONGITUDE  0°7'19.2088E \n  LATITUDE  45°58'58.9037N \n  LOT  09 \n  SEI  60 \n  LIBELLE  APP 1658-2 \n  LONG_DD  0.122002 \n  LAT_DD  45.983029","timestamp":null,"begin":null,"end":null,"altitudeMo":null,"tessellate":"-1","extrude":"0","visibility":"-1","drawOrder":null,"icon":null,"ETIQ":"AP V2 Km 165,885","NOM_ACCES":"PTLO L09-008","AXE":"LGV V2","PK":"165.885","LONGITUDE":"0°7'19.2088E","LATITUDE":"45°58'58.9037N","LOT":"09","SEI":"60","LIBELLE":"APP 1658-2","LONG_DD":"0.122002","LAT_DD":"45.983029","gx_media_l":null,"_sp_url":null},"geometry":{"type":"Point","coordinates":[0.12200200000000079,45.98302900000002,0.0]}},{"id":"678","type":"Feature","properties":{"Name":"AP V1 Km 165,890","descriptio":"Attributes\n  ETIQ  AP V1 Km 165,890 \n  NOM_ACCES  PTLO L09-005 \n  AXE  LGV V1 \n  PK  165.89 \n  LONGITUDE  0°7'21.1681E \n  LATITUDE  45°58'58.7031N \n  LOT  09 \n  SEI  60 \n  LIBELLE  APP 1658-1 \n  LONG_DD  0.122547 \n  LAT_DD  45.982973","timestamp":null,"begin":null,"end":null,"altitudeMo":null,"tessellate":"-1","extrude":"0","visibility":"-1","drawOrder":null,"icon":null,"ETIQ":"AP V1 Km 165,890","NOM_ACCES":"PTLO L09-005","AXE":"LGV V1","PK":"165.89","LONGITUDE":"0°7'21.1681E","LATITUDE":"45°58'58.7031N","LOT":"09","SEI":"60","LIBELLE":"APP 1658-1","LONG_DD":"0.122547","LAT_DD":"45.982973","gx_media_l":null,"_sp_url":null},"geometry":{"type":"Point","coordinates":[0.12254699999999971,45.98297300000001,0.0]}},{"id":"679","type":"Feature","properties":{"Name":"AR V1 Km 166,293","descriptio":"Attributes\n  ETIQ  AR V1 Km 166,293 \n  NOM_ACCES  PTLA L09-007 \n  AXE  LGV V1 \n  PK  166.293 \n  LONGITUDE  0°7'22.6558E \n  LATITUDE  45°58'40.9772N \n  LOT  09 \n  SEI  60 \n  LIBELLE  RRL 1663-1 \n  LONG_DD  0.12296 \n  LAT_DD  45.978049","timestamp":null,"begin":null,"end":null,"altitudeMo":null,"tessellate":"-1","extrude":"0","visibility":"-1","drawOrder":null,"icon":null,"ETIQ":"AR V1 Km 166,293","NOM_ACCES":"PTLA L09-007","AXE":"LGV V1","PK":"166.293","LONGITUDE":"0°7'22.6558E","LATITUDE":"45°58'40.9772N","LOT":"09","SEI":"60","LIBELLE":"RRL 1663-1","LONG_DD":"0.12296","LAT_DD":"45.978049","gx_media_l":null,"_sp_url":null},"geometry":{"type":"Point","coordinates":[0.1229599999999995,45.978048999999984,0.0]}},{"id":"680","type":"Feature","properties":{"Name":"AR V2 Km 166,293","descriptio":"Attributes\n  ETIQ  AR V2 Km 166,293 \n  NOM_ACCES  PTLA L09-008 \n  AXE  LGV V2 \n  PK  166.293 \n  LONGITUDE  0°7'18.8241E \n  LATITUDE  45°58'43.311N \n  LOT  09 \n  SEI  60 \n  LIBELLE  RRL 1663-2 \n  LONG_DD  0.121896 \n  LAT_DD  45.978698","timestamp":null,"begin":null,"end":null,"altitudeMo":null,"tessellate":"-1","extrude":"0","visibility":"-1","drawOrder":null,"icon":null,"ETIQ":"AR V2 Km 166,293","NOM_ACCES":"PTLA L09-008","AXE":"LGV V2","PK":"166.293","LONGITUDE":"0°7'18.8241E","LATITUDE":"45°58'43.311N","LOT":"09","SEI":"60","LIBELLE":"RRL 1663-2","LONG_DD":"0.121896","LAT_DD":"45.978698","gx_media_l":null,"_sp_url":null},"geometry":{"type":"Point","coordinates":[0.12189600000000031,45.978698000000016,0.0]}},{"id":"681","type":"Feature","properties":{"Name":"AP V2 Km 166,420","descriptio":"Attributes\n  ETIQ  AP V2 Km 166,420 \n  NOM_ACCES  PTLO L09-010 \n  AXE  LGV V2 \n  PK  166.42 \n  LONGITUDE  0°7'18.6438E \n  LATITUDE  45°58'41.7873N \n  LOT  09 \n  SEI  60 \n  LIBELLE  APP 1664-2 \n  LONG_DD  0.121846 \n  LAT_DD  45.978274","timestamp":null,"begin":null,"end":null,"altitudeMo":null,"tessellate":"-1","extrude":"0","visibility":"-1","drawOrder":null,"icon":null,"ETIQ":"AP V2 Km 166,420","NOM_ACCES":"PTLO L09-010","AXE":"LGV V2","PK":"166.42","LONGITUDE":"0°7'18.6438E","LATITUDE":"45°58'41.7873N","LOT":"09","SEI":"60","LIBELLE":"APP 1664-2","LONG_DD":"0.121846","LAT_DD":"45.978274","gx_media_l":null,"_sp_url":null},"geometry":{"type":"Point","coordinates":[0.1218460000000006,45.97827399999999,0.0]}},{"id":"682","type":"Feature","properties":{"Name":"AP V1 Km 166,450","descriptio":"Attributes\n  ETIQ  AP V1 Km 166,450 \n  NOM_ACCES  PTLO L09-007 \n  AXE  LGV V1 \n  PK  166.45 \n  LONGITUDE  0°7'22.6111E \n  LATITUDE  45°58'40.8091N \n  LOT  09 \n  SEI  60 \n  LIBELLE  APP 1664-1 \n  LONG_DD  0.122948 \n  LAT_DD  45.978003","timestamp":null,"begin":null,"end":null,"altitudeMo":null,"tessellate":"-1","extrude":"0","visibility":"-1","drawOrder":null,"icon":null,"ETIQ":"AP V1 Km 166,450","NOM_ACCES":"PTLO L09-007","AXE":"LGV V1","PK":"166.45","LONGITUDE":"0°7'22.6111E","LATITUDE":"45°58'40.8091N","LOT":"09","SEI":"60","LIBELLE":"APP 1664-1","LONG_DD":"0.122948","LAT_DD":"45.978003","gx_media_l":null,"_sp_url":null},"geometry":{"type":"Point","coordinates":[0.12294800000000056,45.97800299999999,0.0]}},{"id":"683","type":"Feature","properties":{"Name":"AP V1 Km 167,170","descriptio":"Attributes\n  ETIQ  AP V1 Km 167,170 \n  NOM_ACCES  PTLO L09-009 \n  AXE  LGV V1 \n  PK  167.17 \n  LONGITUDE  0°7'22.5571E \n  LATITUDE  45°58'25.0438N \n  LOT  09 \n  SEI  60 \n  LIBELLE  APP 1670-1 \n  LONG_DD  0.122933 \n  LAT_DD  45.973623","timestamp":null,"begin":null,"end":null,"altitudeMo":null,"tessellate":"-1","extrude":"0","visibility":"-1","drawOrder":null,"icon":null,"ETIQ":"AP V1 Km 167,170","NOM_ACCES":"PTLO L09-009","AXE":"LGV V1","PK":"167.17","LONGITUDE":"0°7'22.5571E","LATITUDE":"45°58'25.0438N","LOT":"09","SEI":"60","LIBELLE":"APP 1670-1","LONG_DD":"0.122933","LAT_DD":"45.973623","gx_media_l":null,"_sp_url":null},"geometry":{"type":"Point","coordinates":[0.12293300000000008,45.97362300000002,0.0]}},{"id":"684","type":"Feature","properties":{"Name":"AP V1 Km 167,645","descriptio":"Attributes\n  ETIQ  AP V1 Km 167,645 \n  NOM_ACCES  PTLO L09-011 \n  AXE  LGV V1 \n  PK  167.645 \n  LONGITUDE  0°7'23.0758E \n  LATITUDE  45°58'2.1984N \n  LOT  09 \n  SEI  60 \n  LIBELLE  APP 1676-1 \n  LONG_DD  0.123077 \n  LAT_DD  45.967277","timestamp":null,"begin":null,"end":null,"altitudeMo":null,"tessellate":"-1","extrude":"0","visibility":"-1","drawOrder":null,"icon":null,"ETIQ":"AP V1 Km 167,645","NOM_ACCES":"PTLO L09-011","AXE":"LGV V1","PK":"167.645","LONGITUDE":"0°7'23.0758E","LATITUDE":"45°58'2.1984N","LOT":"09","SEI":"60","LIBELLE":"APP 1676-1","LONG_DD":"0.123077","LAT_DD":"45.967277","gx_media_l":null,"_sp_url":null},"geometry":{"type":"Point","coordinates":[0.12307700000000094,45.967277,0.0]}},{"id":"685","type":"Feature","properties":{"Name":"AP V2 Km 167,645","descriptio":"Attributes\n  ETIQ  AP V2 Km 167,645 \n  NOM_ACCES  PTLO L09-012 \n  AXE  LGV V2 \n  PK  167.645 \n  LONGITUDE  0°7'19.1503E \n  LATITUDE  45°58'2.0248N \n  LOT  09 \n  SEI  60 \n  LIBELLE  APP 1676-2 \n  LONG_DD  0.121986 \n  LAT_DD  45.967229","timestamp":null,"begin":null,"end":null,"altitudeMo":null,"tessellate":"-1","extrude":"0","visibility":"-1","drawOrder":null,"icon":null,"ETIQ":"AP V2 Km 167,645","NOM_ACCES":"PTLO L09-012","AXE":"LGV V2","PK":"167.645","LONGITUDE":"0°7'19.1503E","LATITUDE":"45°58'2.0248N","LOT":"09","SEI":"60","LIBELLE":"APP 1676-2","LONG_DD":"0.121986","LAT_DD":"45.967229","gx_media_l":null,"_sp_url":null},"geometry":{"type":"Point","coordinates":[0.12198600000000034,45.96722900000001,0.0]}},{"id":"686","type":"Feature","properties":{"Name":"AR V1 Km 168,303","descriptio":"Attributes\n  ETIQ  AR V1 Km 168,303 \n  NOM_ACCES  PTLA L09-009 \n  AXE  LGV V1 \n  PK  168.303 \n  LONGITUDE  0°7'30.1448E \n  LATITUDE  45°57'37.0473N \n  LOT  09 \n  SEI  60 \n  LIBELLE  ARP 1683-1 \n  LONG_DD  0.12504 \n  LAT_DD  45.960291","timestamp":null,"begin":null,"end":null,"altitudeMo":null,"tessellate":"-1","extrude":"0","visibility":"-1","drawOrder":null,"icon":null,"ETIQ":"AR V1 Km 168,303","NOM_ACCES":"PTLA L09-009","AXE":"LGV V1","PK":"168.303","LONGITUDE":"0°7'30.1448E","LATITUDE":"45°57'37.0473N","LOT":"09","SEI":"60","LIBELLE":"ARP 1683-1","LONG_DD":"0.12504","LAT_DD":"45.960291","gx_media_l":null,"_sp_url":null},"geometry":{"type":"Point","coordinates":[0.1250400000000009,45.960291,0.0]}},{"id":"687","type":"Feature","properties":{"Name":"AR V2 Km 168,303","descriptio":"Attributes\n  ETIQ  AR V2 Km 168,303 \n  NOM_ACCES  PTLA L09-010 \n  AXE  LGV V2 \n  PK  168.303 \n  LONGITUDE  0°7'20.7894E \n  LATITUDE  45°57'37.1151N \n  LOT  09 \n  SEI  60 \n  LIBELLE  ARP 1683-2 \n  LONG_DD  0.122442 \n  LAT_DD  45.96031","timestamp":null,"begin":null,"end":null,"altitudeMo":null,"tessellate":"-1","extrude":"0","visibility":"-1","drawOrder":null,"icon":null,"ETIQ":"AR V2 Km 168,303","NOM_ACCES":"PTLA L09-010","AXE":"LGV V2","PK":"168.303","LONGITUDE":"0°7'20.7894E","LATITUDE":"45°57'37.1151N","LOT":"09","SEI":"60","LIBELLE":"ARP 1683-2","LONG_DD":"0.122442","LAT_DD":"45.96031","gx_media_l":null,"_sp_url":null},"geometry":{"type":"Point","coordinates":[0.122442,45.96031,0.0]}},{"id":"688","type":"Feature","properties":{"Name":"AP V1 Km 169,030","descriptio":"Attributes\n  ETIQ  AP V1 Km 169,030 \n  NOM_ACCES  PTLO L09-013 \n  AXE  LGV V1 \n  PK  169.03 \n  LONGITUDE  0°7'26.3744E \n  LATITUDE  45°57'17.3406N \n  LOT  09 \n  SEI  60 \n  LIBELLE  APP 1690-1 \n  LONG_DD  0.123993 \n  LAT_DD  45.954817","timestamp":null,"begin":null,"end":null,"altitudeMo":null,"tessellate":"-1","extrude":"0","visibility":"-1","drawOrder":null,"icon":null,"ETIQ":"AP V1 Km 169,030","NOM_ACCES":"PTLO L09-013","AXE":"LGV V1","PK":"169.03","LONGITUDE":"0°7'26.3744E","LATITUDE":"45°57'17.3406N","LOT":"09","SEI":"60","LIBELLE":"APP 1690-1","LONG_DD":"0.123993","LAT_DD":"45.954817","gx_media_l":null,"_sp_url":null},"geometry":{"type":"Point","coordinates":[0.12399300000000014,45.95481699999999,0.0]}},{"id":"689","type":"Feature","properties":{"Name":"AP V2 Km 169,170","descriptio":"Attributes\n  ETIQ  AP V2 Km 169,170 \n  NOM_ACCES  PTLO L09-012a \n  AXE  LGV V2 \n  PK  169.17 \n  LONGITUDE  0°7'24.3904E \n  LATITUDE  45°57'12.9573N \n  LOT  09 \n  SEI  60 \n  LIBELLE  APP 1691-2 \n  LONG_DD  0.123442 \n  LAT_DD  45.953599","timestamp":null,"begin":null,"end":null,"altitudeMo":null,"tessellate":"-1","extrude":"0","visibility":"-1","drawOrder":null,"icon":null,"ETIQ":"AP V2 Km 169,170","NOM_ACCES":"PTLO L09-012a","AXE":"LGV V2","PK":"169.17","LONGITUDE":"0°7'24.3904E","LATITUDE":"45°57'12.9573N","LOT":"09","SEI":"60","LIBELLE":"APP 1691-2","LONG_DD":"0.123442","LAT_DD":"45.953599","gx_media_l":null,"_sp_url":null},"geometry":{"type":"Point","coordinates":[0.12344200000000058,45.95359899999998,0.0]}},{"id":"690","type":"Feature","properties":{"Name":"AR V2 Km 169,613","descriptio":"Attributes\n  ETIQ  AR V2 Km 169,613 \n  NOM_ACCES  PTLA L09-012 \n  AXE  LGV V2 \n  PK  169.613 \n  LONGITUDE  0°7'25.2437E \n  LATITUDE  45°56'59.3664N \n  LOT  09 \n  SEI  60 \n  LIBELLE  ARP 1696-2 \n  LONG_DD  0.123679 \n  LAT_DD  45.949824","timestamp":null,"begin":null,"end":null,"altitudeMo":null,"tessellate":"-1","extrude":"0","visibility":"-1","drawOrder":null,"icon":null,"ETIQ":"AR V2 Km 169,613","NOM_ACCES":"PTLA L09-012","AXE":"LGV V2","PK":"169.613","LONGITUDE":"0°7'25.2437E","LATITUDE":"45°56'59.3664N","LOT":"09","SEI":"60","LIBELLE":"ARP 1696-2","LONG_DD":"0.123679","LAT_DD":"45.949824","gx_media_l":null,"_sp_url":null},"geometry":{"type":"Point","coordinates":[0.123679000000001,45.949824,0.0]}},{"id":"691","type":"Feature","properties":{"Name":"AR V1 Km 169,661","descriptio":"Attributes\n  ETIQ  AR V1 Km 169,661 \n  NOM_ACCES  PTLA L09-011 \n  AXE  LGV V1 \n  PK  169.661 \n  LONGITUDE  0°7'28.8943E \n  LATITUDE  45°56'53.8863N \n  LOT  09 \n  SEI  60 \n  LIBELLE  ARP 1697-1 \n  LONG_DD  0.124693 \n  LAT_DD  45.948302","timestamp":null,"begin":null,"end":null,"altitudeMo":null,"tessellate":"-1","extrude":"0","visibility":"-1","drawOrder":null,"icon":null,"ETIQ":"AR V1 Km 169,661","NOM_ACCES":"PTLA L09-011","AXE":"LGV V1","PK":"169.661","LONGITUDE":"0°7'28.8943E","LATITUDE":"45°56'53.8863N","LOT":"09","SEI":"60","LIBELLE":"ARP 1697-1","LONG_DD":"0.124693","LAT_DD":"45.948302","gx_media_l":null,"_sp_url":null},"geometry":{"type":"Point","coordinates":[0.12469300000000087,45.948302000000005,0.0]}},{"id":"692","type":"Feature","properties":{"Name":"AP V1 Km 170,250","descriptio":"Attributes\n  ETIQ  AP V1 Km 170,250 \n  NOM_ACCES  PTLO L09-015 \n  AXE  LGV V1 \n  PK  170.25 \n  LONGITUDE  0°7'29.8395E \n  LATITUDE  45°56'37.8554N \n  LOT  09 \n  SEI  61 \n  LIBELLE  APP 1702-1 \n  LONG_DD  0.124955 \n  LAT_DD  45.943849","timestamp":null,"begin":null,"end":null,"altitudeMo":null,"tessellate":"-1","extrude":"0","visibility":"-1","drawOrder":null,"icon":null,"ETIQ":"AP V1 Km 170,250","NOM_ACCES":"PTLO L09-015","AXE":"LGV V1","PK":"170.25","LONGITUDE":"0°7'29.8395E","LATITUDE":"45°56'37.8554N","LOT":"09","SEI":"61","LIBELLE":"APP 1702-1","LONG_DD":"0.124955","LAT_DD":"45.943849","gx_media_l":null,"_sp_url":null},"geometry":{"type":"Point","coordinates":[0.12495499999999916,45.943848999999986,0.0]}},{"id":"693","type":"Feature","properties":{"Name":"AP V2 Km 170,695","descriptio":"Attributes\n  ETIQ  AP V2 Km 170,695 \n  NOM_ACCES  PTLO L09-014 \n  AXE  LGV V2 \n  PK  170.695 \n  LONGITUDE  0°7'29.2989E \n  LATITUDE  45°56'23.3684N \n  LOT  09 \n  SEI  61 \n  LIBELLE  APP 1706-2 \n  LONG_DD  0.124805 \n  LAT_DD  45.939825","timestamp":null,"begin":null,"end":null,"altitudeMo":null,"tessellate":"-1","extrude":"0","visibility":"-1","drawOrder":null,"icon":null,"ETIQ":"AP V2 Km 170,695","NOM_ACCES":"PTLO L09-014","AXE":"LGV V2","PK":"170.695","LONGITUDE":"0°7'29.2989E","LATITUDE":"45°56'23.3684N","LOT":"09","SEI":"61","LIBELLE":"APP 1706-2","LONG_DD":"0.124805","LAT_DD":"45.939825","gx_media_l":null,"_sp_url":null},"geometry":{"type":"Point","coordinates":[0.12480500000000003,45.93982500000002,0.0]}},{"id":"694","type":"Feature","properties":{"Name":"AP V1 Km 170,940","descriptio":"Attributes\n  ETIQ  AP V1 Km 170,940 \n  NOM_ACCES  PTLO L09-017 \n  AXE  LGV V1 \n  PK  170.94 \n  LONGITUDE  0°7'31.7677E \n  LATITUDE  45°56'15.5201N \n  LOT  09 \n  SEI  61 \n  LIBELLE  APP 1709-1 \n  LONG_DD  0.125491 \n  LAT_DD  45.937644","timestamp":null,"begin":null,"end":null,"altitudeMo":null,"tessellate":"-1","extrude":"0","visibility":"-1","drawOrder":null,"icon":null,"ETIQ":"AP V1 Km 170,940","NOM_ACCES":"PTLO L09-017","AXE":"LGV V1","PK":"170.94","LONGITUDE":"0°7'31.7677E","LATITUDE":"45°56'15.5201N","LOT":"09","SEI":"61","LIBELLE":"APP 1709-1","LONG_DD":"0.125491","LAT_DD":"45.937644","gx_media_l":null,"_sp_url":null},"geometry":{"type":"Point","coordinates":[0.12549099999999946,45.937644,0.0]}},{"id":"695","type":"Feature","properties":{"Name":"AP V2 Km 170,990","descriptio":"Attributes\n  ETIQ  AP V2 Km 170,990 \n  NOM_ACCES  PTLO L09-016 \n  AXE  LGV V2 \n  PK  170.99 \n  LONGITUDE  0°7'30.4416E \n  LATITUDE  45°56'13.8281N \n  LOT  09 \n  SEI  61 \n  LIBELLE  APP 1709-2 \n  LONG_DD  0.125123 \n  LAT_DD  45.937174","timestamp":null,"begin":null,"end":null,"altitudeMo":null,"tessellate":"-1","extrude":"0","visibility":"-1","drawOrder":null,"icon":null,"ETIQ":"AP V2 Km 170,990","NOM_ACCES":"PTLO L09-016","AXE":"LGV V2","PK":"170.99","LONGITUDE":"0°7'30.4416E","LATITUDE":"45°56'13.8281N","LOT":"09","SEI":"61","LIBELLE":"APP 1709-2","LONG_DD":"0.125123","LAT_DD":"45.937174","gx_media_l":null,"_sp_url":null},"geometry":{"type":"Point","coordinates":[0.1251229999999991,45.93717399999999,0.0]}},{"id":"696","type":"Feature","properties":{"Name":"AR V2 Km 171,299","descriptio":"Attributes\n  ETIQ  AR V2 Km 171,299 \n  NOM_ACCES  PTLA L09-014a \n  AXE  LGV V2 \n  PK  171.299 \n  LONGITUDE  0°7'30.6829E \n  LATITUDE  45°56'4.9534N \n  LOT  09 \n  SEI  61 \n  LIBELLE  ARP 1713-2 \n  LONG_DD  0.12519 \n  LAT_DD  45.934709","timestamp":null,"begin":null,"end":null,"altitudeMo":null,"tessellate":"-1","extrude":"0","visibility":"-1","drawOrder":null,"icon":null,"ETIQ":"AR V2 Km 171,299","NOM_ACCES":"PTLA L09-014a","AXE":"LGV V2","PK":"171.299","LONGITUDE":"0°7'30.6829E","LATITUDE":"45°56'4.9534N","LOT":"09","SEI":"61","LIBELLE":"ARP 1713-2","LONG_DD":"0.12519","LAT_DD":"45.934709","gx_media_l":null,"_sp_url":null},"geometry":{"type":"Point","coordinates":[0.12519000000000044,45.934709,0.0]}},{"id":"697","type":"Feature","properties":{"Name":"AR V1 Km 171,480","descriptio":"Attributes\n  ETIQ  AR V1 Km 171,480 \n  NOM_ACCES  PTLA L09-013 \n  AXE  LGV V1 \n  PK  171.48 \n  LONGITUDE  0°7'34.6657E \n  LATITUDE  45°55'54.8801N \n  LOT  09 \n  SEI  61 \n  LIBELLE  ARP 1714-1 \n  LONG_DD  0.126296 \n  LAT_DD  45.931911","timestamp":null,"begin":null,"end":null,"altitudeMo":null,"tessellate":"-1","extrude":"0","visibility":"-1","drawOrder":null,"icon":null,"ETIQ":"AR V1 Km 171,480","NOM_ACCES":"PTLA L09-013","AXE":"LGV V1","PK":"171.48","LONGITUDE":"0°7'34.6657E","LATITUDE":"45°55'54.8801N","LOT":"09","SEI":"61","LIBELLE":"ARP 1714-1","LONG_DD":"0.126296","LAT_DD":"45.931911","gx_media_l":null,"_sp_url":null},"geometry":{"type":"Point","coordinates":[0.1262960000000003,45.93191099999998,0.0]}},{"id":"698","type":"Feature","properties":{"Name":"AP V2 Km 171,538","descriptio":"Attributes\n  ETIQ  AP V2 Km 171,538 \n  NOM_ACCES  PTLO L09-018 \n  AXE  LGV V2 \n  PK  171.538 \n  LONGITUDE  0°7'31.7525E \n  LATITUDE  45°55'56.0949N \n  LOT  09 \n  SEI  61 \n  LIBELLE  APP 1715-2 \n  LONG_DD  0.125487 \n  LAT_DD  45.932249","timestamp":null,"begin":null,"end":null,"altitudeMo":null,"tessellate":"-1","extrude":"0","visibility":"-1","drawOrder":null,"icon":null,"ETIQ":"AP V2 Km 171,538","NOM_ACCES":"PTLO L09-018","AXE":"LGV V2","PK":"171.538","LONGITUDE":"0°7'31.7525E","LATITUDE":"45°55'56.0949N","LOT":"09","SEI":"61","LIBELLE":"APP 1715-2","LONG_DD":"0.125487","LAT_DD":"45.932249","gx_media_l":null,"_sp_url":null},"geometry":{"type":"Point","coordinates":[0.12548700000000074,45.932249000000006,0.0]}},{"id":"699","type":"Feature","properties":{"Name":"AR V1 Km 171,540","descriptio":"Attributes\n  ETIQ  AR V1 Km 171,540 \n  NOM_ACCES  PTLA L09-013 \n  AXE  LGV V1 \n  PK  171.54 \n  LONGITUDE  0°7'34.6657E \n  LATITUDE  45°55'54.8801N \n  LOT  09 \n  SEI  61 \n  LIBELLE  RRG 1715-1 \n  LONG_DD  0.126296 \n  LAT_DD  45.931911","timestamp":null,"begin":null,"end":null,"altitudeMo":null,"tessellate":"-1","extrude":"0","visibility":"-1","drawOrder":null,"icon":null,"ETIQ":"AR V1 Km 171,540","NOM_ACCES":"PTLA L09-013","AXE":"LGV V1","PK":"171.54","LONGITUDE":"0°7'34.6657E","LATITUDE":"45°55'54.8801N","LOT":"09","SEI":"61","LIBELLE":"RRG 1715-1","LONG_DD":"0.126296","LAT_DD":"45.931911","gx_media_l":null,"_sp_url":null},"geometry":{"type":"Point","coordinates":[0.1262960000000003,45.93191099999998,0.0]}},{"id":"700","type":"Feature","properties":{"Name":"AR V1 Km 171,722","descriptio":"Attributes\n  ETIQ  AR V1 Km 171,722 \n  NOM_ACCES  PTLA L09-015 \n  AXE  LGV V1 \n  PK  171.722 \n  LONGITUDE  0°7'36.584E \n  LATITUDE  45°55'52.5136N \n  LOT  09 \n  SEI  61 \n  LIBELLE  ARP 1717-1 \n  LONG_DD  0.126829 \n  LAT_DD  45.931254","timestamp":null,"begin":null,"end":null,"altitudeMo":null,"tessellate":"-1","extrude":"0","visibility":"-1","drawOrder":null,"icon":null,"ETIQ":"AR V1 Km 171,722","NOM_ACCES":"PTLA L09-015","AXE":"LGV V1","PK":"171.722","LONGITUDE":"0°7'36.584E","LATITUDE":"45°55'52.5136N","LOT":"09","SEI":"61","LIBELLE":"ARP 1717-1","LONG_DD":"0.126829","LAT_DD":"45.931254","gx_media_l":null,"_sp_url":null},"geometry":{"type":"Point","coordinates":[0.12682899999999986,45.931254,0.0]}},{"id":"701","type":"Feature","properties":{"Name":"AP V1 Km 171,990","descriptio":"Attributes\n  ETIQ  AP V1 Km 171,990 \n  NOM_ACCES  PTLA L09-017 \n  AXE  LGV V1 \n  PK  171.99 \n  LONGITUDE  0°7'35.3293E \n  LATITUDE  45°55'42.23N \n  LOT  09 \n  SEI  61 \n  LIBELLE  APP 1719-1 \n  LONG_DD  0.12648 \n  LAT_DD  45.928397","timestamp":null,"begin":null,"end":null,"altitudeMo":null,"tessellate":"-1","extrude":"0","visibility":"-1","drawOrder":null,"icon":null,"ETIQ":"AP V1 Km 171,990","NOM_ACCES":"PTLA L09-017","AXE":"LGV V1","PK":"171.99","LONGITUDE":"0°7'35.3293E","LATITUDE":"45°55'42.23N","LOT":"09","SEI":"61","LIBELLE":"APP 1719-1","LONG_DD":"0.12648","LAT_DD":"45.928397","gx_media_l":null,"_sp_url":null},"geometry":{"type":"Point","coordinates":[0.1264800000000003,45.92839699999999,0.0]}},{"id":"702","type":"Feature","properties":{"Name":"AR V2 Km 172,073","descriptio":"Attributes\n  ETIQ  AR V2 Km 172,073 \n  NOM_ACCES  PTLA L09-016 \n  AXE  LGV V2 \n  PK  172.073 \n  LONGITUDE  0°7'33.4359E \n  LATITUDE  45°55'36.79N \n  LOT  09 \n  SEI  61 \n  LIBELLE  ARP 1721-2 \n  LONG_DD  0.125954 \n  LAT_DD  45.926886","timestamp":null,"begin":null,"end":null,"altitudeMo":null,"tessellate":"-1","extrude":"0","visibility":"-1","drawOrder":null,"icon":null,"ETIQ":"AR V2 Km 172,073","NOM_ACCES":"PTLA L09-016","AXE":"LGV V2","PK":"172.073","LONGITUDE":"0°7'33.4359E","LATITUDE":"45°55'36.79N","LOT":"09","SEI":"61","LIBELLE":"ARP 1721-2","LONG_DD":"0.125954","LAT_DD":"45.926886","gx_media_l":null,"_sp_url":null},"geometry":{"type":"Point","coordinates":[0.12595400000000015,45.926885999999996,0.0]}},{"id":"703","type":"Feature","properties":{"Name":"AP V1 Km 172,356","descriptio":"Attributes\n  ETIQ  AP V1 Km 172,356 \n  NOM_ACCES  PTLO L09-019 \n  AXE  LGV V1 \n  PK  172.356 \n  LONGITUDE  0°7'37.1595E \n  LATITUDE  45°55'30.035N \n  LOT  09 \n  SEI  61 \n  LIBELLE  APP 1723-1 \n  LONG_DD  0.126989 \n  LAT_DD  45.92501","timestamp":null,"begin":null,"end":null,"altitudeMo":null,"tessellate":"-1","extrude":"0","visibility":"-1","drawOrder":null,"icon":null,"ETIQ":"AP V1 Km 172,356","NOM_ACCES":"PTLO L09-019","AXE":"LGV V1","PK":"172.356","LONGITUDE":"0°7'37.1595E","LATITUDE":"45°55'30.035N","LOT":"09","SEI":"61","LIBELLE":"APP 1723-1","LONG_DD":"0.126989","LAT_DD":"45.92501","gx_media_l":null,"_sp_url":null},"geometry":{"type":"Point","coordinates":[0.12698900000000077,45.92500999999998,0.0]}},{"id":"704","type":"Feature","properties":{"Name":"AP V1 Km 172,730","descriptio":"Attributes\n  ETIQ  AP V1 Km 172,730 \n  NOM_ACCES  PTLO L09-021 \n  AXE  LGV V1 \n  PK  172.73 \n  LONGITUDE  0°7'38.3011E \n  LATITUDE  45°55'17.72N \n  LOT  09 \n  SEI  61 \n  LIBELLE  APP 1727-1 \n  LONG_DD  0.127306 \n  LAT_DD  45.921589","timestamp":null,"begin":null,"end":null,"altitudeMo":null,"tessellate":"-1","extrude":"0","visibility":"-1","drawOrder":null,"icon":null,"ETIQ":"AP V1 Km 172,730","NOM_ACCES":"PTLO L09-021","AXE":"LGV V1","PK":"172.73","LONGITUDE":"0°7'38.3011E","LATITUDE":"45°55'17.72N","LOT":"09","SEI":"61","LIBELLE":"APP 1727-1","LONG_DD":"0.127306","LAT_DD":"45.921589","gx_media_l":null,"_sp_url":null},"geometry":{"type":"Point","coordinates":[0.12730599999999986,45.921589000000004,0.0]}},{"id":"705","type":"Feature","properties":{"Name":"AP V2 Km 173,112","descriptio":"Attributes\n  ETIQ  AP V2 Km 173,112 \n  NOM_ACCES  PTLA L09-026 \n  AXE  LGV V2 \n  PK  173.112 \n  LONGITUDE  0°7'35.4421E \n  LATITUDE  45°55'3.0073N \n  LOT  09 \n  SEI  61 \n  LIBELLE  APP 1731-2 \n  LONG_DD  0.126512 \n  LAT_DD  45.917502","timestamp":null,"begin":null,"end":null,"altitudeMo":null,"tessellate":"-1","extrude":"0","visibility":"-1","drawOrder":null,"icon":null,"ETIQ":"AP V2 Km 173,112","NOM_ACCES":"PTLA L09-026","AXE":"LGV V2","PK":"173.112","LONGITUDE":"0°7'35.4421E","LATITUDE":"45°55'3.0073N","LOT":"09","SEI":"61","LIBELLE":"APP 1731-2","LONG_DD":"0.126512","LAT_DD":"45.917502","gx_media_l":null,"_sp_url":null},"geometry":{"type":"Point","coordinates":[0.1265120000000008,45.917502,0.0]}},{"id":"706","type":"Feature","properties":{"Name":"AP V1 Km 173,122","descriptio":"Attributes\n  ETIQ  AP V1 Km 173,122 \n  NOM_ACCES  PTLO L09-023 \n  AXE  LGV V1 \n  PK  173.122 \n  LONGITUDE  0°7'39.3576E \n  LATITUDE  45°55'6.1125N \n  LOT  09 \n  SEI  61 \n  LIBELLE  APP 1731-1 \n  LONG_DD  0.127599 \n  LAT_DD  45.918365","timestamp":null,"begin":null,"end":null,"altitudeMo":null,"tessellate":"-1","extrude":"0","visibility":"-1","drawOrder":null,"icon":null,"ETIQ":"AP V1 Km 173,122","NOM_ACCES":"PTLO L09-023","AXE":"LGV V1","PK":"173.122","LONGITUDE":"0°7'39.3576E","LATITUDE":"45°55'6.1125N","LOT":"09","SEI":"61","LIBELLE":"APP 1731-1","LONG_DD":"0.127599","LAT_DD":"45.918365","gx_media_l":null,"_sp_url":null},"geometry":{"type":"Point","coordinates":[0.12759899999999985,45.918365000000016,0.0]}},{"id":"707","type":"Feature","properties":{"Name":"AP V1 Km 173,440","descriptio":"Attributes\n  ETIQ  AP V1 Km 173,440 \n  NOM_ACCES  PTLO L09-025 \n  AXE  LGV V1 \n  PK  173.44 \n  LONGITUDE  0°7'40.4363E \n  LATITUDE  45°54'54.7106N \n  LOT  09 \n  SEI  61 \n  LIBELLE  APP 1734-1 \n  LONG_DD  0.127899 \n  LAT_DD  45.915197","timestamp":null,"begin":null,"end":null,"altitudeMo":null,"tessellate":"-1","extrude":"0","visibility":"-1","drawOrder":null,"icon":null,"ETIQ":"AP V1 Km 173,440","NOM_ACCES":"PTLO L09-025","AXE":"LGV V1","PK":"173.44","LONGITUDE":"0°7'40.4363E","LATITUDE":"45°54'54.7106N","LOT":"09","SEI":"61","LIBELLE":"APP 1734-1","LONG_DD":"0.127899","LAT_DD":"45.915197","gx_media_l":null,"_sp_url":null},"geometry":{"type":"Point","coordinates":[0.1278990000000009,45.91519699999997,0.0]}},{"id":"708","type":"Feature","properties":{"Name":"AP V2 Km 173,440","descriptio":"Attributes\n  ETIQ  AP V2 Km 173,440 \n  NOM_ACCES  PTLO L09-028 \n  AXE  LGV V2 \n  PK  173.44 \n  LONGITUDE  0°7'37.1068E \n  LATITUDE  45°54'54.4531N \n  LOT  09 \n  SEI  61 \n  LIBELLE  APP 1734-2 \n  LONG_DD  0.126974 \n  LAT_DD  45.915126","timestamp":null,"begin":null,"end":null,"altitudeMo":null,"tessellate":"-1","extrude":"0","visibility":"-1","drawOrder":null,"icon":null,"ETIQ":"AP V2 Km 173,440","NOM_ACCES":"PTLO L09-028","AXE":"LGV V2","PK":"173.44","LONGITUDE":"0°7'37.1068E","LATITUDE":"45°54'54.4531N","LOT":"09","SEI":"61","LIBELLE":"APP 1734-2","LONG_DD":"0.126974","LAT_DD":"45.915126","gx_media_l":null,"_sp_url":null},"geometry":{"type":"Point","coordinates":[0.1269739999999999,45.91512599999999,0.0]}},{"id":"709","type":"Feature","properties":{"Name":"AP V1 Km 174,026","descriptio":"Attributes\n  ETIQ  AP V1 Km 174,026 \n  NOM_ACCES  PTLA L09-021 \n  AXE  LGV V1 \n  PK  174.026 \n  LONGITUDE  0°7'44.9487E \n  LATITUDE  45°54'29.9619N \n  LOT  09 \n  SEI  61 \n  LIBELLE  APP 1740-1 \n  LONG_DD  0.129152 \n  LAT_DD  45.908323","timestamp":null,"begin":null,"end":null,"altitudeMo":null,"tessellate":"-1","extrude":"0","visibility":"-1","drawOrder":null,"icon":null,"ETIQ":"AP V1 Km 174,026","NOM_ACCES":"PTLA L09-021","AXE":"LGV V1","PK":"174.026","LONGITUDE":"0°7'44.9487E","LATITUDE":"45°54'29.9619N","LOT":"09","SEI":"61","LIBELLE":"APP 1740-1","LONG_DD":"0.129152","LAT_DD":"45.908323","gx_media_l":null,"_sp_url":null},"geometry":{"type":"Point","coordinates":[0.12915199999999996,45.908323,0.0]}},{"id":"710","type":"Feature","properties":{"Name":"AR V1 Km 174,195","descriptio":"Attributes\n  ETIQ  AR V1 Km 174,195 \n  NOM_ACCES  PTLA L09-021 \n  AXE  LGV V1 \n  PK  174.195 \n  LONGITUDE  0°7'44.9487E \n  LATITUDE  45°54'29.9619N \n  LOT  09 \n  SEI  61 \n  LIBELLE  ARP 1742-1 \n  LONG_DD  0.129152 \n  LAT_DD  45.908323","timestamp":null,"begin":null,"end":null,"altitudeMo":null,"tessellate":"-1","extrude":"0","visibility":"-1","drawOrder":null,"icon":null,"ETIQ":"AR V1 Km 174,195","NOM_ACCES":"PTLA L09-021","AXE":"LGV V1","PK":"174.195","LONGITUDE":"0°7'44.9487E","LATITUDE":"45°54'29.9619N","LOT":"09","SEI":"61","LIBELLE":"ARP 1742-1","LONG_DD":"0.129152","LAT_DD":"45.908323","gx_media_l":null,"_sp_url":null},"geometry":{"type":"Point","coordinates":[0.12915199999999996,45.908323,0.0]}},{"id":"711","type":"Feature","properties":{"Name":"AR V2 Km 174,335","descriptio":"Attributes\n  ETIQ  AR V2 Km 174,335 \n  NOM_ACCES  PTLA L09-026 \n  AXE  LGV V2 \n  PK  174.335 \n  LONGITUDE  0°7'39.5998E \n  LATITUDE  45°54'5.5224N \n  LOT  09 \n  SEI  61 \n  LIBELLE  ARP 1743-2 \n  LONG_DD  0.127667 \n  LAT_DD  45.901534","timestamp":null,"begin":null,"end":null,"altitudeMo":null,"tessellate":"-1","extrude":"0","visibility":"-1","drawOrder":null,"icon":null,"ETIQ":"AR V2 Km 174,335","NOM_ACCES":"PTLA L09-026","AXE":"LGV V2","PK":"174.335","LONGITUDE":"0°7'39.5998E","LATITUDE":"45°54'5.5224N","LOT":"09","SEI":"61","LIBELLE":"ARP 1743-2","LONG_DD":"0.127667","LAT_DD":"45.901534","gx_media_l":null,"_sp_url":null},"geometry":{"type":"Point","coordinates":[0.12766700000000036,45.90153400000002,0.0]}},{"id":"712","type":"Feature","properties":{"Name":"AP V1 Km 175,300","descriptio":"Attributes\n  ETIQ  AP V1 Km 175,300 \n  NOM_ACCES  PTLO L09-027 \n  AXE  LGV V1 \n  PK  175.3 \n  LONGITUDE  0°7'43.7608E \n  LATITUDE  45°53'48.8578N \n  LOT  09 \n  SEI  61 \n  LIBELLE  APP 1753-1 \n  LONG_DD  0.128822 \n  LAT_DD  45.896905","timestamp":null,"begin":null,"end":null,"altitudeMo":null,"tessellate":"-1","extrude":"0","visibility":"-1","drawOrder":null,"icon":null,"ETIQ":"AP V1 Km 175,300","NOM_ACCES":"PTLO L09-027","AXE":"LGV V1","PK":"175.3","LONGITUDE":"0°7'43.7608E","LATITUDE":"45°53'48.8578N","LOT":"09","SEI":"61","LIBELLE":"APP 1753-1","LONG_DD":"0.128822","LAT_DD":"45.896905","gx_media_l":null,"_sp_url":null},"geometry":{"type":"Point","coordinates":[0.12882200000000038,45.89690499999999,0.0]}},{"id":"713","type":"Feature","properties":{"Name":"AP V2 Km 175,471","descriptio":"Attributes\n  ETIQ  AP V2 Km 175,471 \n  NOM_ACCES  PTLO L09-030 \n  AXE  LGV V2 \n  PK  175.471 \n  LONGITUDE  0°7'39.0275E \n  LATITUDE  45°53'51.384N \n  LOT  09 \n  SEI  61 \n  LIBELLE  APP 1754-2 \n  LONG_DD  0.127508 \n  LAT_DD  45.897607","timestamp":null,"begin":null,"end":null,"altitudeMo":null,"tessellate":"-1","extrude":"0","visibility":"-1","drawOrder":null,"icon":null,"ETIQ":"AP V2 Km 175,471","NOM_ACCES":"PTLO L09-030","AXE":"LGV V2","PK":"175.471","LONGITUDE":"0°7'39.0275E","LATITUDE":"45°53'51.384N","LOT":"09","SEI":"61","LIBELLE":"APP 1754-2","LONG_DD":"0.127508","LAT_DD":"45.897607","gx_media_l":null,"_sp_url":null},"geometry":{"type":"Point","coordinates":[0.12750799999999984,45.897607,0.0]}},{"id":"714","type":"Feature","properties":{"Name":"AP V2 Km 175,875","descriptio":"Attributes\n  ETIQ  AP V2 Km 175,875 \n  NOM_ACCES  PTLO L09-032 \n  AXE  LGV V2 \n  PK  175.875 \n  LONGITUDE  0°7'38.3406E \n  LATITUDE  45°53'36.0584N \n  LOT  09 \n  SEI  61 \n  LIBELLE  APP 1758-2 \n  LONG_DD  0.127317 \n  LAT_DD  45.89335","timestamp":null,"begin":null,"end":null,"altitudeMo":null,"tessellate":"-1","extrude":"0","visibility":"-1","drawOrder":null,"icon":null,"ETIQ":"AP V2 Km 175,875","NOM_ACCES":"PTLO L09-032","AXE":"LGV V2","PK":"175.875","LONGITUDE":"0°7'38.3406E","LATITUDE":"45°53'36.0584N","LOT":"09","SEI":"61","LIBELLE":"APP 1758-2","LONG_DD":"0.127317","LAT_DD":"45.89335","gx_media_l":null,"_sp_url":null},"geometry":{"type":"Point","coordinates":[0.127317,45.893349999999984,0.0]}},{"id":"715","type":"Feature","properties":{"Name":"AP V1 Km 175,875","descriptio":"Attributes\n  ETIQ  AP V1 Km 175,875 \n  NOM_ACCES  PTLO L09-029 \n  AXE  LGV V1 \n  PK  175.875 \n  LONGITUDE  0°7'40.0738E \n  LATITUDE  45°53'35.7918N \n  LOT  09 \n  SEI  61 \n  LIBELLE  APP 1758-1 \n  LONG_DD  0.127798 \n  LAT_DD  45.893276","timestamp":null,"begin":null,"end":null,"altitudeMo":null,"tessellate":"-1","extrude":"0","visibility":"-1","drawOrder":null,"icon":null,"ETIQ":"AP V1 Km 175,875","NOM_ACCES":"PTLO L09-029","AXE":"LGV V1","PK":"175.875","LONGITUDE":"0°7'40.0738E","LATITUDE":"45°53'35.7918N","LOT":"09","SEI":"61","LIBELLE":"APP 1758-1","LONG_DD":"0.127798","LAT_DD":"45.893276","gx_media_l":null,"_sp_url":null},"geometry":{"type":"Point","coordinates":[0.12779799999999872,45.893276000000014,0.0]}},{"id":"716","type":"Feature","properties":{"Name":"AP V1 Km 176,275","descriptio":"Attributes\n  ETIQ  AP V1 Km 176,275 \n  NOM_ACCES  PTLO L09-031 \n  AXE  LGV V1 \n  PK  176.275 \n  LONGITUDE  0°7'36.9663E \n  LATITUDE  45°53'22.8892N \n  LOT  09 \n  SEI  62 \n  LIBELLE  APP 1762-1 \n  LONG_DD  0.126935 \n  LAT_DD  45.889691","timestamp":null,"begin":null,"end":null,"altitudeMo":null,"tessellate":"-1","extrude":"0","visibility":"-1","drawOrder":null,"icon":null,"ETIQ":"AP V1 Km 176,275","NOM_ACCES":"PTLO L09-031","AXE":"LGV V1","PK":"176.275","LONGITUDE":"0°7'36.9663E","LATITUDE":"45°53'22.8892N","LOT":"09","SEI":"62","LIBELLE":"APP 1762-1","LONG_DD":"0.126935","LAT_DD":"45.889691","gx_media_l":null,"_sp_url":null},"geometry":{"type":"Point","coordinates":[0.12693500000000035,45.889691,0.0]}},{"id":"717","type":"Feature","properties":{"Name":"AR V2 Km 176,526","descriptio":"Attributes\n  ETIQ  AR V2 Km 176,526 \n  NOM_ACCES  PTLA L09-028 \n  AXE  LGV V2 \n  PK  176.526 \n  LONGITUDE  0°7'33.7746E \n  LATITUDE  45°53'21.0158N \n  LOT  09 \n  SEI  62 \n  LIBELLE  ARP 1765-2 \n  LONG_DD  0.126048 \n  LAT_DD  45.889171","timestamp":null,"begin":null,"end":null,"altitudeMo":null,"tessellate":"-1","extrude":"0","visibility":"-1","drawOrder":null,"icon":null,"ETIQ":"AR V2 Km 176,526","NOM_ACCES":"PTLA L09-028","AXE":"LGV V2","PK":"176.526","LONGITUDE":"0°7'33.7746E","LATITUDE":"45°53'21.0158N","LOT":"09","SEI":"62","LIBELLE":"ARP 1765-2","LONG_DD":"0.126048","LAT_DD":"45.889171","gx_media_l":null,"_sp_url":null},"geometry":{"type":"Point","coordinates":[0.1260479999999989,45.88917100000001,0.0]}},{"id":"718","type":"Feature","properties":{"Name":"AR V1 Km 176,526","descriptio":"Attributes\n  ETIQ  AR V1 Km 176,526 \n  NOM_ACCES  PTLA L09-023 \n  AXE  LGV V1 \n  PK  176.526 \n  LONGITUDE  0°7'36.582E \n  LATITUDE  45°53'20.5842N \n  LOT  09 \n  SEI  62 \n  LIBELLE  ARP 1765-1 \n  LONG_DD  0.126828 \n  LAT_DD  45.889051","timestamp":null,"begin":null,"end":null,"altitudeMo":null,"tessellate":"-1","extrude":"0","visibility":"-1","drawOrder":null,"icon":null,"ETIQ":"AR V1 Km 176,526","NOM_ACCES":"PTLA L09-023","AXE":"LGV V1","PK":"176.526","LONGITUDE":"0°7'36.582E","LATITUDE":"45°53'20.5842N","LOT":"09","SEI":"62","LIBELLE":"ARP 1765-1","LONG_DD":"0.126828","LAT_DD":"45.889051","gx_media_l":null,"_sp_url":null},"geometry":{"type":"Point","coordinates":[0.1268279999999995,45.889050999999995,0.0]}},{"id":"719","type":"Feature","properties":{"Name":"AP V1 Km 176,600","descriptio":"Attributes\n  ETIQ  AP V1 Km 176,600 \n  NOM_ACCES  PTLO L09-034 \n  AXE  LGV V1 \n  PK  176.6 \n  LONGITUDE  0°7'32.004E \n  LATITUDE  45°53'11.7674N \n  LOT  09 \n  SEI  62 \n  LIBELLE  APP 1766-1 \n  LONG_DD  0.125557 \n  LAT_DD  45.886602","timestamp":null,"begin":null,"end":null,"altitudeMo":null,"tessellate":"-1","extrude":"0","visibility":"-1","drawOrder":null,"icon":null,"ETIQ":"AP V1 Km 176,600","NOM_ACCES":"PTLO L09-034","AXE":"LGV V1","PK":"176.6","LONGITUDE":"0°7'32.004E","LATITUDE":"45°53'11.7674N","LOT":"09","SEI":"62","LIBELLE":"APP 1766-1","LONG_DD":"0.125557","LAT_DD":"45.886602","gx_media_l":null,"_sp_url":null},"geometry":{"type":"Point","coordinates":[0.12555700000000003,45.886602,0.0]}},{"id":"720","type":"Feature","properties":{"Name":"AP V1 Km 177,095","descriptio":"Attributes\n  ETIQ  AP V1 Km 177,095 \n  NOM_ACCES  PTLO L09-033 \n  AXE  LGV V1 \n  PK  177.095 \n  LONGITUDE  0°7'26.4823E \n  LATITUDE  45°52'57.6693N \n  LOT  09 \n  SEI  62 \n  LIBELLE  APP 1705-1 \n  LONG_DD  0.124023 \n  LAT_DD  45.882686","timestamp":null,"begin":null,"end":null,"altitudeMo":null,"tessellate":"-1","extrude":"0","visibility":"-1","drawOrder":null,"icon":null,"ETIQ":"AP V1 Km 177,095","NOM_ACCES":"PTLO L09-033","AXE":"LGV V1","PK":"177.095","LONGITUDE":"0°7'26.4823E","LATITUDE":"45°52'57.6693N","LOT":"09","SEI":"62","LIBELLE":"APP 1705-1","LONG_DD":"0.124023","LAT_DD":"45.882686","gx_media_l":null,"_sp_url":null},"geometry":{"type":"Point","coordinates":[0.1240229999999999,45.88268599999999,0.0]}},{"id":"721","type":"Feature","properties":{"Name":"AP V2 Km 177,095","descriptio":"Attributes\n  ETIQ  AP V2 Km 177,095 \n  NOM_ACCES  PTLO L09-036 \n  AXE  LGV V2 \n  PK  177.095 \n  LONGITUDE  0°7'25.6185E \n  LATITUDE  45°52'57.9419N \n  LOT  09 \n  SEI  62 \n  LIBELLE  APP 1705-2 \n  LONG_DD  0.123783 \n  LAT_DD  45.882762","timestamp":null,"begin":null,"end":null,"altitudeMo":null,"tessellate":"-1","extrude":"0","visibility":"-1","drawOrder":null,"icon":null,"ETIQ":"AP V2 Km 177,095","NOM_ACCES":"PTLO L09-036","AXE":"LGV V2","PK":"177.095","LONGITUDE":"0°7'25.6185E","LATITUDE":"45°52'57.9419N","LOT":"09","SEI":"62","LIBELLE":"APP 1705-2","LONG_DD":"0.123783","LAT_DD":"45.882762","gx_media_l":null,"_sp_url":null},"geometry":{"type":"Point","coordinates":[0.12378299999999953,45.882761999999985,0.0]}},{"id":"722","type":"Feature","properties":{"Name":"AR V2 Km 177,375","descriptio":"Attributes\n  ETIQ  AR V2 Km 177,375 \n  NOM_ACCES  PTLA 10-002 \n  AXE  LGV V2 \n  PK  177.375 \n  LONGITUDE  0°6'43.49E \n  LATITUDE  45°51'44.5453N \n  LOT  10 \n  SEI  62 \n  LIBELLE  ARP 1773-2 \n  LONG_DD  0.112081 \n  LAT_DD  45.862374","timestamp":null,"begin":null,"end":null,"altitudeMo":null,"tessellate":"-1","extrude":"0","visibility":"-1","drawOrder":null,"icon":null,"ETIQ":"AR V2 Km 177,375","NOM_ACCES":"PTLA 10-002","AXE":"LGV V2","PK":"177.375","LONGITUDE":"0°6'43.49E","LATITUDE":"45°51'44.5453N","LOT":"10","SEI":"62","LIBELLE":"ARP 1773-2","LONG_DD":"0.112081","LAT_DD":"45.862374","gx_media_l":null,"_sp_url":null},"geometry":{"type":"Point","coordinates":[0.1120810000000005,45.86237400000001,0.0]}},{"id":"723","type":"Feature","properties":{"Name":"AP V2 Km 177,505","descriptio":"Attributes\n  ETIQ  AP V2 Km 177,505 \n  NOM_ACCES  PTLA 10-002 \n  AXE  LGV V2 \n  PK  177.505 \n  LONGITUDE  0°6'43.49E \n  LATITUDE  45°51'44.5453N \n  LOT  10 \n  SEI  62 \n  LIBELLE  APP 1775-2 \n  LONG_DD  0.112081 \n  LAT_DD  45.862374","timestamp":null,"begin":null,"end":null,"altitudeMo":null,"tessellate":"-1","extrude":"0","visibility":"-1","drawOrder":null,"icon":null,"ETIQ":"AP V2 Km 177,505","NOM_ACCES":"PTLA 10-002","AXE":"LGV V2","PK":"177.505","LONGITUDE":"0°6'43.49E","LATITUDE":"45°51'44.5453N","LOT":"10","SEI":"62","LIBELLE":"APP 1775-2","LONG_DD":"0.112081","LAT_DD":"45.862374","gx_media_l":null,"_sp_url":null},"geometry":{"type":"Point","coordinates":[0.1120810000000005,45.86237400000001,0.0]}},{"id":"724","type":"Feature","properties":{"Name":"AR V2 Km 178,070","descriptio":"Attributes\n  ETIQ  AR V2 Km 178,070 \n  NOM_ACCES  PTLA 10-002 \n  AXE  LGV V2 \n  PK  178.07 \n  LONGITUDE  0°6'43.49E \n  LATITUDE  45°51'44.5453N \n  LOT  10 \n  SEI  62 \n  LIBELLE  ARP 1780-2 \n  LONG_DD  0.112081 \n  LAT_DD  45.862374","timestamp":null,"begin":null,"end":null,"altitudeMo":null,"tessellate":"-1","extrude":"0","visibility":"-1","drawOrder":null,"icon":null,"ETIQ":"AR V2 Km 178,070","NOM_ACCES":"PTLA 10-002","AXE":"LGV V2","PK":"178.07","LONGITUDE":"0°6'43.49E","LATITUDE":"45°51'44.5453N","LOT":"10","SEI":"62","LIBELLE":"ARP 1780-2","LONG_DD":"0.112081","LAT_DD":"45.862374","gx_media_l":null,"_sp_url":null},"geometry":{"type":"Point","coordinates":[0.1120810000000005,45.86237400000001,0.0]}},{"id":"725","type":"Feature","properties":{"Name":"AP V2 Km 178,199","descriptio":"Attributes\n  ETIQ  AP V2 Km 178,199 \n  NOM_ACCES  PTLA 10-002 \n  AXE  LGV V2 \n  PK  178.199 \n  LONGITUDE  0°6'43.49E \n  LATITUDE  45°51'44.5453N \n  LOT  10 \n  SEI  62 \n  LIBELLE  APP 1782-2 \n  LONG_DD  0.112081 \n  LAT_DD  45.862374","timestamp":null,"begin":null,"end":null,"altitudeMo":null,"tessellate":"-1","extrude":"0","visibility":"-1","drawOrder":null,"icon":null,"ETIQ":"AP V2 Km 178,199","NOM_ACCES":"PTLA 10-002","AXE":"LGV V2","PK":"178.199","LONGITUDE":"0°6'43.49E","LATITUDE":"45°51'44.5453N","LOT":"10","SEI":"62","LIBELLE":"APP 1782-2","LONG_DD":"0.112081","LAT_DD":"45.862374","gx_media_l":null,"_sp_url":null},"geometry":{"type":"Point","coordinates":[0.1120810000000005,45.86237400000001,0.0]}},{"id":"726","type":"Feature","properties":{"Name":"AR V1 Km 178,215","descriptio":"Attributes\n  ETIQ  AR V1 Km 178,215 \n  NOM_ACCES  PTLA 10-001 \n  AXE  LGV V1 \n  PK  178.215 \n  LONGITUDE  0°7'12.4184E \n  LATITUDE  45°52'27.8502N \n  LOT  10 \n  SEI  62 \n  LIBELLE  ARP 1782-1 \n  LONG_DD  0.120116 \n  LAT_DD  45.874403","timestamp":null,"begin":null,"end":null,"altitudeMo":null,"tessellate":"-1","extrude":"0","visibility":"-1","drawOrder":null,"icon":null,"ETIQ":"AR V1 Km 178,215","NOM_ACCES":"PTLA 10-001","AXE":"LGV V1","PK":"178.215","LONGITUDE":"0°7'12.4184E","LATITUDE":"45°52'27.8502N","LOT":"10","SEI":"62","LIBELLE":"ARP 1782-1","LONG_DD":"0.120116","LAT_DD":"45.874403","gx_media_l":null,"_sp_url":null},"geometry":{"type":"Point","coordinates":[0.12011600000000036,45.874403000000015,0.0]}},{"id":"727","type":"Feature","properties":{"Name":"AR V1 Km 178,495","descriptio":"Attributes\n  ETIQ  AR V1 Km 178,495 \n  NOM_ACCES  PTLA 10-001 \n  AXE  LGV V1 \n  PK  178.495 \n  LONGITUDE  0°7'12.4184E \n  LATITUDE  45°52'27.8502N \n  LOT  10 \n  SEI  62 \n  LIBELLE  RRL 1784-1 \n  LONG_DD  0.120116 \n  LAT_DD  45.874403","timestamp":null,"begin":null,"end":null,"altitudeMo":null,"tessellate":"-1","extrude":"0","visibility":"-1","drawOrder":null,"icon":null,"ETIQ":"AR V1 Km 178,495","NOM_ACCES":"PTLA 10-001","AXE":"LGV V1","PK":"178.495","LONGITUDE":"0°7'12.4184E","LATITUDE":"45°52'27.8502N","LOT":"10","SEI":"62","LIBELLE":"RRL 1784-1","LONG_DD":"0.120116","LAT_DD":"45.874403","gx_media_l":null,"_sp_url":null},"geometry":{"type":"Point","coordinates":[0.12011600000000036,45.874403000000015,0.0]}},{"id":"728","type":"Feature","properties":{"Name":"AP V2 Km 178,600","descriptio":"Attributes\n  ETIQ  AP V2 Km 178,600 \n  NOM_ACCES  PTLA 10-002 \n  AXE  LGV V2 \n  PK  178.6 \n  LONGITUDE  0°6'43.49E \n  LATITUDE  45°51'44.5453N \n  LOT  10 \n  SEI  62 \n  LIBELLE  APP 1786-2 \n  LONG_DD  0.112081 \n  LAT_DD  45.862374","timestamp":null,"begin":null,"end":null,"altitudeMo":null,"tessellate":"-1","extrude":"0","visibility":"-1","drawOrder":null,"icon":null,"ETIQ":"AP V2 Km 178,600","NOM_ACCES":"PTLA 10-002","AXE":"LGV V2","PK":"178.6","LONGITUDE":"0°6'43.49E","LATITUDE":"45°51'44.5453N","LOT":"10","SEI":"62","LIBELLE":"APP 1786-2","LONG_DD":"0.112081","LAT_DD":"45.862374","gx_media_l":null,"_sp_url":null},"geometry":{"type":"Point","coordinates":[0.1120810000000005,45.86237400000001,0.0]}},{"id":"729","type":"Feature","properties":{"Name":"AP V2 Km 178,740","descriptio":"Attributes\n  ETIQ  AP V2 Km 178,740 \n  NOM_ACCES  PTLA 10-002 \n  AXE  LGV V2 \n  PK  178.74 \n  LONGITUDE  0°6'43.49E \n  LATITUDE  45°51'44.5453N \n  LOT  10 \n  SEI  62 \n  LIBELLE  APP 1787-2 \n  LONG_DD  0.112081 \n  LAT_DD  45.862374","timestamp":null,"begin":null,"end":null,"altitudeMo":null,"tessellate":"-1","extrude":"0","visibility":"-1","drawOrder":null,"icon":null,"ETIQ":"AP V2 Km 178,740","NOM_ACCES":"PTLA 10-002","AXE":"LGV V2","PK":"178.74","LONGITUDE":"0°6'43.49E","LATITUDE":"45°51'44.5453N","LOT":"10","SEI":"62","LIBELLE":"APP 1787-2","LONG_DD":"0.112081","LAT_DD":"45.862374","gx_media_l":null,"_sp_url":null},"geometry":{"type":"Point","coordinates":[0.1120810000000005,45.86237400000001,0.0]}},{"id":"730","type":"Feature","properties":{"Name":"AR V1 Km 179,115","descriptio":"Attributes\n  ETIQ  AR V1 Km 179,115 \n  NOM_ACCES  PTLA  10-003 \n  AXE  LGV V1 \n  PK  179.115 \n  LONGITUDE  0°7'0.2688E \n  LATITUDE  45°52'3.7168N \n  LOT  10 \n  SEI  62 \n  LIBELLE  ARP 1791-1 \n  LONG_DD  0.116741 \n  LAT_DD  45.867699","timestamp":null,"begin":null,"end":null,"altitudeMo":null,"tessellate":"-1","extrude":"0","visibility":"-1","drawOrder":null,"icon":null,"ETIQ":"AR V1 Km 179,115","NOM_ACCES":"PTLA  10-003","AXE":"LGV V1","PK":"179.115","LONGITUDE":"0°7'0.2688E","LATITUDE":"45°52'3.7168N","LOT":"10","SEI":"62","LIBELLE":"ARP 1791-1","LONG_DD":"0.116741","LAT_DD":"45.867699","gx_media_l":null,"_sp_url":null},"geometry":{"type":"Point","coordinates":[0.11674099999999961,45.867699,0.0]}},{"id":"731","type":"Feature","properties":{"Name":"AR V1 Km 179,375","descriptio":"Attributes\n  ETIQ  AR V1 Km 179,375 \n  NOM_ACCES  PTLA  10-003 \n  AXE  LGV V1 \n  PK  179.375 \n  LONGITUDE  0°7'0.2688E \n  LATITUDE  45°52'3.7168N \n  LOT  10 \n  SEI  62 \n  LIBELLE  ARP 1793-1 \n  LONG_DD  0.116741 \n  LAT_DD  45.867699","timestamp":null,"begin":null,"end":null,"altitudeMo":null,"tessellate":"-1","extrude":"0","visibility":"-1","drawOrder":null,"icon":null,"ETIQ":"AR V1 Km 179,375","NOM_ACCES":"PTLA  10-003","AXE":"LGV V1","PK":"179.375","LONGITUDE":"0°7'0.2688E","LATITUDE":"45°52'3.7168N","LOT":"10","SEI":"62","LIBELLE":"ARP 1793-1","LONG_DD":"0.116741","LAT_DD":"45.867699","gx_media_l":null,"_sp_url":null},"geometry":{"type":"Point","coordinates":[0.11674099999999961,45.867699,0.0]}},{"id":"732","type":"Feature","properties":{"Name":"AP V2 Km 179,480","descriptio":"Attributes\n  ETIQ  AP V2 Km 179,480 \n  NOM_ACCES  PTLA 10-002 \n  AXE  LGV V2 \n  PK  179.48 \n  LONGITUDE  0°6'43.49E \n  LATITUDE  45°51'44.5453N \n  LOT  10 \n  SEI  62 \n  LIBELLE  APP 1794-2 \n  LONG_DD  0.112081 \n  LAT_DD  45.862374","timestamp":null,"begin":null,"end":null,"altitudeMo":null,"tessellate":"-1","extrude":"0","visibility":"-1","drawOrder":null,"icon":null,"ETIQ":"AP V2 Km 179,480","NOM_ACCES":"PTLA 10-002","AXE":"LGV V2","PK":"179.48","LONGITUDE":"0°6'43.49E","LATITUDE":"45°51'44.5453N","LOT":"10","SEI":"62","LIBELLE":"APP 1794-2","LONG_DD":"0.112081","LAT_DD":"45.862374","gx_media_l":null,"_sp_url":null},"geometry":{"type":"Point","coordinates":[0.1120810000000005,45.86237400000001,0.0]}},{"id":"733","type":"Feature","properties":{"Name":"AP V2 Km 180,330","descriptio":"Attributes\n  ETIQ  AP V2 Km 180,330 \n  NOM_ACCES  PTLA 10-002a \n  AXE  LGV V2 \n  PK  180.33 \n  LONGITUDE  0°6'35.8764E \n  LATITUDE  45°51'23.4936N \n  LOT  10 \n  SEI  62 \n  LIBELLE  APP 1803-2 \n  LONG_DD  0.109966 \n  LAT_DD  45.856526","timestamp":null,"begin":null,"end":null,"altitudeMo":null,"tessellate":"-1","extrude":"0","visibility":"-1","drawOrder":null,"icon":null,"ETIQ":"AP V2 Km 180,330","NOM_ACCES":"PTLA 10-002a","AXE":"LGV V2","PK":"180.33","LONGITUDE":"0°6'35.8764E","LATITUDE":"45°51'23.4936N","LOT":"10","SEI":"62","LIBELLE":"APP 1803-2","LONG_DD":"0.109966","LAT_DD":"45.856526","gx_media_l":null,"_sp_url":null},"geometry":{"type":"Point","coordinates":[0.10996600000000105,45.856525999999995,0.0]}},{"id":"734","type":"Feature","properties":{"Name":"AR V1 Km 180,700","descriptio":"Attributes\n  ETIQ  AR V1 Km 180,700 \n  NOM_ACCES  PTLA 10-005 \n  AXE  LGV V1 \n  PK  180.7 \n  LONGITUDE  0°6'27.2204E \n  LATITUDE  45°50'57.0992N \n  LOT  10 \n  SEI  62 \n  LIBELLE  ARP 1807-1 \n  LONG_DD  0.107561 \n  LAT_DD  45.849194","timestamp":null,"begin":null,"end":null,"altitudeMo":null,"tessellate":"-1","extrude":"0","visibility":"-1","drawOrder":null,"icon":null,"ETIQ":"AR V1 Km 180,700","NOM_ACCES":"PTLA 10-005","AXE":"LGV V1","PK":"180.7","LONGITUDE":"0°6'27.2204E","LATITUDE":"45°50'57.0992N","LOT":"10","SEI":"62","LIBELLE":"ARP 1807-1","LONG_DD":"0.107561","LAT_DD":"45.849194","gx_media_l":null,"_sp_url":null},"geometry":{"type":"Point","coordinates":[0.10756099999999995,45.84919399999998,0.0]}},{"id":"735","type":"Feature","properties":{"Name":"AP V2 Km 180,705","descriptio":"Attributes\n  ETIQ  AP V2 Km 180,705 \n  NOM_ACCES  PTLA 10-004 \n  AXE  LGV V2 \n  PK  180.705 \n  LONGITUDE  0°6'28.1095E \n  LATITUDE  45°51'7.8434N \n  LOT  10 \n  SEI  62 \n  LIBELLE  APP 1807-2 \n  LONG_DD  0.107808 \n  LAT_DD  45.852179","timestamp":null,"begin":null,"end":null,"altitudeMo":null,"tessellate":"-1","extrude":"0","visibility":"-1","drawOrder":null,"icon":null,"ETIQ":"AP V2 Km 180,705","NOM_ACCES":"PTLA 10-004","AXE":"LGV V2","PK":"180.705","LONGITUDE":"0°6'28.1095E","LATITUDE":"45°51'7.8434N","LOT":"10","SEI":"62","LIBELLE":"APP 1807-2","LONG_DD":"0.107808","LAT_DD":"45.852179","gx_media_l":null,"_sp_url":null},"geometry":{"type":"Point","coordinates":[0.10780799999999975,45.852179000000014,0.0]}},{"id":"736","type":"Feature","properties":{"Name":"AR V2 Km 180,910","descriptio":"Attributes\n  ETIQ  AR V2 Km 180,910 \n  NOM_ACCES  PTLA 10-004 \n  AXE  LGV V2 \n  PK  180.91 \n  LONGITUDE  0°6'28.1095E \n  LATITUDE  45°51'7.8434N \n  LOT  10 \n  SEI  62 \n  LIBELLE  ARP 1809-2 \n  LONG_DD  0.107808 \n  LAT_DD  45.852179","timestamp":null,"begin":null,"end":null,"altitudeMo":null,"tessellate":"-1","extrude":"0","visibility":"-1","drawOrder":null,"icon":null,"ETIQ":"AR V2 Km 180,910","NOM_ACCES":"PTLA 10-004","AXE":"LGV V2","PK":"180.91","LONGITUDE":"0°6'28.1095E","LATITUDE":"45°51'7.8434N","LOT":"10","SEI":"62","LIBELLE":"ARP 1809-2","LONG_DD":"0.107808","LAT_DD":"45.852179","gx_media_l":null,"_sp_url":null},"geometry":{"type":"Point","coordinates":[0.10780799999999975,45.852179000000014,0.0]}},{"id":"737","type":"Feature","properties":{"Name":"AP V2 Km 181,530","descriptio":"Attributes\n  ETIQ  AP V2 Km 181,530 \n  NOM_ACCES  PTLO 10-004 \n  AXE  LGV V2 \n  PK  181.53 \n  LONGITUDE  0°6'18.1895E \n  LATITUDE  45°50'41.717N \n  LOT  10 \n  SEI  62 \n  LIBELLE  APP 1815-2 \n  LONG_DD  0.105053 \n  LAT_DD  45.844921","timestamp":null,"begin":null,"end":null,"altitudeMo":null,"tessellate":"-1","extrude":"0","visibility":"-1","drawOrder":null,"icon":null,"ETIQ":"AP V2 Km 181,530","NOM_ACCES":"PTLO 10-004","AXE":"LGV V2","PK":"181.53","LONGITUDE":"0°6'18.1895E","LATITUDE":"45°50'41.717N","LOT":"10","SEI":"62","LIBELLE":"APP 1815-2","LONG_DD":"0.105053","LAT_DD":"45.844921","gx_media_l":null,"_sp_url":null},"geometry":{"type":"Point","coordinates":[0.10505299999999987,45.844921,0.0]}},{"id":"738","type":"Feature","properties":{"Name":"AP V1 Km 181,601","descriptio":"Attributes\n  ETIQ  AP V1 Km 181,601 \n  NOM_ACCES  PTLO 11-001 \n  AXE  LGV V1 \n  PK  181.601 \n  LONGITUDE  0°6'20.3696E \n  LATITUDE  45°50'39.0026N \n  LOT  11 \n  SEI  62 \n  LIBELLE  APP 1816-1 \n  LONG_DD  0.105658 \n  LAT_DD  45.844167","timestamp":null,"begin":null,"end":null,"altitudeMo":null,"tessellate":"-1","extrude":"0","visibility":"-1","drawOrder":null,"icon":null,"ETIQ":"AP V1 Km 181,601","NOM_ACCES":"PTLO 11-001","AXE":"LGV V1","PK":"181.601","LONGITUDE":"0°6'20.3696E","LATITUDE":"45°50'39.0026N","LOT":"11","SEI":"62","LIBELLE":"APP 1816-1","LONG_DD":"0.105658","LAT_DD":"45.844167","gx_media_l":null,"_sp_url":null},"geometry":{"type":"Point","coordinates":[0.10565799999999988,45.844167,0.0]}},{"id":"739","type":"Feature","properties":{"Name":"AP V1 Km 182,750","descriptio":"Attributes\n  ETIQ  AP V1 Km 182,750 \n  NOM_ACCES  PTLO 11-003 \n  AXE  LGV V1 \n  PK  182.75 \n  LONGITUDE  0°6'6.7754E \n  LATITUDE  45°50'2.9373N \n  LOT  11 \n  SEI  62 \n  LIBELLE  APP 1827-1 \n  LONG_DD  0.101882 \n  LAT_DD  45.834149","timestamp":null,"begin":null,"end":null,"altitudeMo":null,"tessellate":"-1","extrude":"0","visibility":"-1","drawOrder":null,"icon":null,"ETIQ":"AP V1 Km 182,750","NOM_ACCES":"PTLO 11-003","AXE":"LGV V1","PK":"182.75","LONGITUDE":"0°6'6.7754E","LATITUDE":"45°50'2.9373N","LOT":"11","SEI":"62","LIBELLE":"APP 1827-1","LONG_DD":"0.101882","LAT_DD":"45.834149","gx_media_l":null,"_sp_url":null},"geometry":{"type":"Point","coordinates":[0.10188199999999988,45.83414900000001,0.0]}},{"id":"740","type":"Feature","properties":{"Name":"AP V2 Km 182,750","descriptio":"Attributes\n  ETIQ  AP V2 Km 182,750 \n  NOM_ACCES  PTLO 11-004 \n  AXE  LGV V2 \n  PK  182.75 \n  LONGITUDE  0°6'4.8871E \n  LATITUDE  45°50'3.2291N \n  LOT  11 \n  SEI  62 \n  LIBELLE  APP 1827-2 \n  LONG_DD  0.101358 \n  LAT_DD  45.83423","timestamp":null,"begin":null,"end":null,"altitudeMo":null,"tessellate":"-1","extrude":"0","visibility":"-1","drawOrder":null,"icon":null,"ETIQ":"AP V2 Km 182,750","NOM_ACCES":"PTLO 11-004","AXE":"LGV V2","PK":"182.75","LONGITUDE":"0°6'4.8871E","LATITUDE":"45°50'3.2291N","LOT":"11","SEI":"62","LIBELLE":"APP 1827-2","LONG_DD":"0.101358","LAT_DD":"45.83423","gx_media_l":null,"_sp_url":null},"geometry":{"type":"Point","coordinates":[0.10135799999999971,45.83423,0.0]}},{"id":"741","type":"Feature","properties":{"Name":"AR V2 Km 182,915","descriptio":"Attributes\n  ETIQ  AR V2 Km 182,915 \n  NOM_ACCES  PTLA 11-002 \n  AXE  LGV V2 \n  PK  182.915 \n  LONGITUDE  0°6'2.6669E \n  LATITUDE  45°49'57.3158N \n  LOT  11 \n  SEI  62 \n  LIBELLE  RRG 1829-2 \n  LONG_DD  0.100741 \n  LAT_DD  45.832588","timestamp":null,"begin":null,"end":null,"altitudeMo":null,"tessellate":"-1","extrude":"0","visibility":"-1","drawOrder":null,"icon":null,"ETIQ":"AR V2 Km 182,915","NOM_ACCES":"PTLA 11-002","AXE":"LGV V2","PK":"182.915","LONGITUDE":"0°6'2.6669E","LATITUDE":"45°49'57.3158N","LOT":"11","SEI":"62","LIBELLE":"RRG 1829-2","LONG_DD":"0.100741","LAT_DD":"45.832588","gx_media_l":null,"_sp_url":null},"geometry":{"type":"Point","coordinates":[0.10074099999999918,45.832587999999994,0.0]}},{"id":"742","type":"Feature","properties":{"Name":"AR V1 Km 182,917","descriptio":"Attributes\n  ETIQ  AR V1 Km 182,917 \n  NOM_ACCES  PTLA 11-001 \n  AXE  LGV V1 \n  PK  182.917 \n  LONGITUDE  0°6'7.7724E \n  LATITUDE  45°49'58.1803N \n  LOT  11 \n  SEI  62 \n  LIBELLE  RRG 1829-1 \n  LONG_DD  0.102159 \n  LAT_DD  45.832828","timestamp":null,"begin":null,"end":null,"altitudeMo":null,"tessellate":"-1","extrude":"0","visibility":"-1","drawOrder":null,"icon":null,"ETIQ":"AR V1 Km 182,917","NOM_ACCES":"PTLA 11-001","AXE":"LGV V1","PK":"182.917","LONGITUDE":"0°6'7.7724E","LATITUDE":"45°49'58.1803N","LOT":"11","SEI":"62","LIBELLE":"RRG 1829-1","LONG_DD":"0.102159","LAT_DD":"45.832828","gx_media_l":null,"_sp_url":null},"geometry":{"type":"Point","coordinates":[0.10215899999999943,45.83282800000002,0.0]}},{"id":"743","type":"Feature","properties":{"Name":"AP V1 Km 183,230","descriptio":"Attributes\n  ETIQ  AP V1 Km 183,230 \n  NOM_ACCES  PTLO 11-005 \n  AXE  LGV V1 \n  PK  183.23 \n  LONGITUDE  0°6'2.3328E \n  LATITUDE  45°49'47.6239N \n  LOT  11 \n  SEI  62 \n  LIBELLE  APP 1832-1 \n  LONG_DD  0.100648 \n  LAT_DD  45.829896","timestamp":null,"begin":null,"end":null,"altitudeMo":null,"tessellate":"-1","extrude":"0","visibility":"-1","drawOrder":null,"icon":null,"ETIQ":"AP V1 Km 183,230","NOM_ACCES":"PTLO 11-005","AXE":"LGV V1","PK":"183.23","LONGITUDE":"0°6'2.3328E","LATITUDE":"45°49'47.6239N","LOT":"11","SEI":"62","LIBELLE":"APP 1832-1","LONG_DD":"0.100648","LAT_DD":"45.829896","gx_media_l":null,"_sp_url":null},"geometry":{"type":"Point","coordinates":[0.1006480000000004,45.829896,0.0]}},{"id":"744","type":"Feature","properties":{"Name":"AP V2 Km 183,230","descriptio":"Attributes\n  ETIQ  AP V2 Km 183,230 \n  NOM_ACCES  PTLO 11-006 \n  AXE  LGV V2 \n  PK  183.23 \n  LONGITUDE  0°5'59.9631E \n  LATITUDE  45°49'48.0923N \n  LOT  11 \n  SEI  62 \n  LIBELLE  APP 1832-2 \n  LONG_DD  0.09999 \n  LAT_DD  45.830026","timestamp":null,"begin":null,"end":null,"altitudeMo":null,"tessellate":"-1","extrude":"0","visibility":"-1","drawOrder":null,"icon":null,"ETIQ":"AP V2 Km 183,230","NOM_ACCES":"PTLO 11-006","AXE":"LGV V2","PK":"183.23","LONGITUDE":"0°5'59.9631E","LATITUDE":"45°49'48.0923N","LOT":"11","SEI":"62","LIBELLE":"APP 1832-2","LONG_DD":"0.09999","LAT_DD":"45.830026","gx_media_l":null,"_sp_url":null},"geometry":{"type":"Point","coordinates":[0.09999000000000076,45.83002599999999,0.0]}},{"id":"745","type":"Feature","properties":{"Name":"AP V2 Km 183,890","descriptio":"Attributes\n  ETIQ  AP V2 Km 183,890 \n  NOM_ACCES  PTLO 11-008 \n  AXE  LGV V2 \n  PK  183.89 \n  LONGITUDE  0°5'53.6281E \n  LATITUDE  45°49'27.1594N \n  LOT  11 \n  SEI  62 \n  LIBELLE  APP 1838-2 \n  LONG_DD  0.09823 \n  LAT_DD  45.824211","timestamp":null,"begin":null,"end":null,"altitudeMo":null,"tessellate":"-1","extrude":"0","visibility":"-1","drawOrder":null,"icon":null,"ETIQ":"AP V2 Km 183,890","NOM_ACCES":"PTLO 11-008","AXE":"LGV V2","PK":"183.89","LONGITUDE":"0°5'53.6281E","LATITUDE":"45°49'27.1594N","LOT":"11","SEI":"62","LIBELLE":"APP 1838-2","LONG_DD":"0.09823","LAT_DD":"45.824211","gx_media_l":null,"_sp_url":null},"geometry":{"type":"Point","coordinates":[0.09822999999999997,45.824210999999984,0.0]}},{"id":"746","type":"Feature","properties":{"Name":"AP V1 Km 183,910","descriptio":"Attributes\n  ETIQ  AP V1 Km 183,910 \n  NOM_ACCES  PTLO 11-007 \n  AXE  LGV V1 \n  PK  183.91 \n  LONGITUDE  0°5'54.6165E \n  LATITUDE  45°49'25.7241N \n  LOT  11 \n  SEI  62 \n  LIBELLE  APP 1839-1 \n  LONG_DD  0.098505 \n  LAT_DD  45.823812","timestamp":null,"begin":null,"end":null,"altitudeMo":null,"tessellate":"-1","extrude":"0","visibility":"-1","drawOrder":null,"icon":null,"ETIQ":"AP V1 Km 183,910","NOM_ACCES":"PTLO 11-007","AXE":"LGV V1","PK":"183.91","LONGITUDE":"0°5'54.6165E","LATITUDE":"45°49'25.7241N","LOT":"11","SEI":"62","LIBELLE":"APP 1839-1","LONG_DD":"0.098505","LAT_DD":"45.823812","gx_media_l":null,"_sp_url":null},"geometry":{"type":"Point","coordinates":[0.09850500000000076,45.823812,0.0]}},{"id":"747","type":"Feature","properties":{"Name":"AP V1 Km 184,460","descriptio":"Attributes\n  ETIQ  AP V1 Km 184,460 \n  NOM_ACCES  PTLO 11-009 \n  AXE  LGV V1 \n  PK  184.46 \n  LONGITUDE  0°5'50.5075E \n  LATITUDE  45°49'8.7696N \n  LOT  11 \n  SEI  62 \n  LIBELLE  APP 1844-1 \n  LONG_DD  0.097363 \n  LAT_DD  45.819103","timestamp":null,"begin":null,"end":null,"altitudeMo":null,"tessellate":"-1","extrude":"0","visibility":"-1","drawOrder":null,"icon":null,"ETIQ":"AP V1 Km 184,460","NOM_ACCES":"PTLO 11-009","AXE":"LGV V1","PK":"184.46","LONGITUDE":"0°5'50.5075E","LATITUDE":"45°49'8.7696N","LOT":"11","SEI":"62","LIBELLE":"APP 1844-1","LONG_DD":"0.097363","LAT_DD":"45.819103","gx_media_l":null,"_sp_url":null},"geometry":{"type":"Point","coordinates":[0.09736300000000049,45.81910300000001,0.0]}},{"id":"748","type":"Feature","properties":{"Name":"AP V1 Km 184,960","descriptio":"Attributes\n  ETIQ  AP V1 Km 184,960 \n  NOM_ACCES  PTLO 11-011 \n  AXE  LGV V1 \n  PK  184.96 \n  LONGITUDE  0°5'44.2604E \n  LATITUDE  45°48'53.0085N \n  LOT  11 \n  SEI  62 \n  LIBELLE  APP 1849-1 \n  LONG_DD  0.095628 \n  LAT_DD  45.814725","timestamp":null,"begin":null,"end":null,"altitudeMo":null,"tessellate":"-1","extrude":"0","visibility":"-1","drawOrder":null,"icon":null,"ETIQ":"AP V1 Km 184,960","NOM_ACCES":"PTLO 11-011","AXE":"LGV V1","PK":"184.96","LONGITUDE":"0°5'44.2604E","LATITUDE":"45°48'53.0085N","LOT":"11","SEI":"62","LIBELLE":"APP 1849-1","LONG_DD":"0.095628","LAT_DD":"45.814725","gx_media_l":null,"_sp_url":null},"geometry":{"type":"Point","coordinates":[0.09562800000000035,45.814725,0.0]}},{"id":"749","type":"Feature","properties":{"Name":"AP V2 Km 184,960","descriptio":"Attributes\n  ETIQ  AP V2 Km 184,960 \n  NOM_ACCES  PTLO 11-010 \n  AXE  LGV V2 \n  PK  184.96 \n  LONGITUDE  0°5'41.5196E \n  LATITUDE  45°48'54.741N \n  LOT  11 \n  SEI  62 \n  LIBELLE  APP 1849-2 \n  LONG_DD  0.094867 \n  LAT_DD  45.815206","timestamp":null,"begin":null,"end":null,"altitudeMo":null,"tessellate":"-1","extrude":"0","visibility":"-1","drawOrder":null,"icon":null,"ETIQ":"AP V2 Km 184,960","NOM_ACCES":"PTLO 11-010","AXE":"LGV V2","PK":"184.96","LONGITUDE":"0°5'41.5196E","LATITUDE":"45°48'54.741N","LOT":"11","SEI":"62","LIBELLE":"APP 1849-2","LONG_DD":"0.094867","LAT_DD":"45.815206","gx_media_l":null,"_sp_url":null},"geometry":{"type":"Point","coordinates":[0.09486700000000055,45.81520599999998,0.0]}},{"id":"750","type":"Feature","properties":{"Name":"AR V1 Km 185,120","descriptio":"Attributes\n  ETIQ  AR V1 Km 185,120 \n  NOM_ACCES  PTLA 11-003 \n  AXE  LGV V1 \n  PK  185.12 \n  LONGITUDE  0°5'42.3092E \n  LATITUDE  45°48'47.6292N \n  LOT  11 \n  SEI  62 \n  LIBELLE  ARP 1851-1 \n  LONG_DD  0.095086 \n  LAT_DD  45.81323","timestamp":null,"begin":null,"end":null,"altitudeMo":null,"tessellate":"-1","extrude":"0","visibility":"-1","drawOrder":null,"icon":null,"ETIQ":"AR V1 Km 185,120","NOM_ACCES":"PTLA 11-003","AXE":"LGV V1","PK":"185.12","LONGITUDE":"0°5'42.3092E","LATITUDE":"45°48'47.6292N","LOT":"11","SEI":"62","LIBELLE":"ARP 1851-1","LONG_DD":"0.095086","LAT_DD":"45.81323","gx_media_l":null,"_sp_url":null},"geometry":{"type":"Point","coordinates":[0.09508600000000017,45.81323,0.0]}},{"id":"751","type":"Feature","properties":{"Name":"AR V2 Km 185,120","descriptio":"Attributes\n  ETIQ  AR V2 Km 185,120 \n  NOM_ACCES  PTLA 11-004 \n  AXE  LGV V2 \n  PK  185.12 \n  LONGITUDE  0°5'40.1233E \n  LATITUDE  45°48'47.1985N \n  LOT  11 \n  SEI  62 \n  LIBELLE  ARP 1851-2 \n  LONG_DD  0.094479 \n  LAT_DD  45.813111","timestamp":null,"begin":null,"end":null,"altitudeMo":null,"tessellate":"-1","extrude":"0","visibility":"-1","drawOrder":null,"icon":null,"ETIQ":"AR V2 Km 185,120","NOM_ACCES":"PTLA 11-004","AXE":"LGV V2","PK":"185.12","LONGITUDE":"0°5'40.1233E","LATITUDE":"45°48'47.1985N","LOT":"11","SEI":"62","LIBELLE":"ARP 1851-2","LONG_DD":"0.094479","LAT_DD":"45.813111","gx_media_l":null,"_sp_url":null},"geometry":{"type":"Point","coordinates":[0.09447899999999983,45.813111,0.0]}},{"id":"752","type":"Feature","properties":{"Name":"AP V2 Km 185,500","descriptio":"Attributes\n  ETIQ  AP V2 Km 185,500 \n  NOM_ACCES  PTLO 11-012 \n  AXE  LGV V2 \n  PK  185.5 \n  LONGITUDE  0°5'36.2293E \n  LATITUDE  45°48'36.2466N \n  LOT  11 \n  SEI  62 \n  LIBELLE  APP 1855-2 \n  LONG_DD  0.093397 \n  LAT_DD  45.810068","timestamp":null,"begin":null,"end":null,"altitudeMo":null,"tessellate":"-1","extrude":"0","visibility":"-1","drawOrder":null,"icon":null,"ETIQ":"AP V2 Km 185,500","NOM_ACCES":"PTLO 11-012","AXE":"LGV V2","PK":"185.5","LONGITUDE":"0°5'36.2293E","LATITUDE":"45°48'36.2466N","LOT":"11","SEI":"62","LIBELLE":"APP 1855-2","LONG_DD":"0.093397","LAT_DD":"45.810068","gx_media_l":null,"_sp_url":null},"geometry":{"type":"Point","coordinates":[0.09339700000000063,45.810068,0.0]}},{"id":"753","type":"Feature","properties":{"Name":"AP V1 Km 185,500","descriptio":"Attributes\n  ETIQ  AP V1 Km 185,500 \n  NOM_ACCES  PTLO 11-013 \n  AXE  LGV V1 \n  PK  185.5 \n  LONGITUDE  0°5'39.1998E \n  LATITUDE  45°48'35.9938N \n  LOT  11 \n  SEI  62 \n  LIBELLE  APP 1855-1 \n  LONG_DD  0.094222 \n  LAT_DD  45.809998","timestamp":null,"begin":null,"end":null,"altitudeMo":null,"tessellate":"-1","extrude":"0","visibility":"-1","drawOrder":null,"icon":null,"ETIQ":"AP V1 Km 185,500","NOM_ACCES":"PTLO 11-013","AXE":"LGV V1","PK":"185.5","LONGITUDE":"0°5'39.1998E","LATITUDE":"45°48'35.9938N","LOT":"11","SEI":"62","LIBELLE":"APP 1855-1","LONG_DD":"0.094222","LAT_DD":"45.809998","gx_media_l":null,"_sp_url":null},"geometry":{"type":"Point","coordinates":[0.09422199999999904,45.809998,0.0]}},{"id":"754","type":"Feature","properties":{"Name":"AP V1 Km 186,120","descriptio":"Attributes\n  ETIQ  AP V1 Km 186,120 \n  NOM_ACCES  PTLO 11-015 \n  AXE  LGV V1 \n  PK  186.12 \n  LONGITUDE  0°5'31.1694E \n  LATITUDE  45°48'16.5418N \n  LOT  11 \n  SEI  62 \n  LIBELLE  APP 1861-1 \n  LONG_DD  0.091992 \n  LAT_DD  45.804595","timestamp":null,"begin":null,"end":null,"altitudeMo":null,"tessellate":"-1","extrude":"0","visibility":"-1","drawOrder":null,"icon":null,"ETIQ":"AP V1 Km 186,120","NOM_ACCES":"PTLO 11-015","AXE":"LGV V1","PK":"186.12","LONGITUDE":"0°5'31.1694E","LATITUDE":"45°48'16.5418N","LOT":"11","SEI":"62","LIBELLE":"APP 1861-1","LONG_DD":"0.091992","LAT_DD":"45.804595","gx_media_l":null,"_sp_url":null},"geometry":{"type":"Point","coordinates":[0.0919919999999997,45.804595,0.0]}},{"id":"755","type":"Feature","properties":{"Name":"AP V2 Km 186,120","descriptio":"Attributes\n  ETIQ  AP V2 Km 186,120 \n  NOM_ACCES  PTLO 11-014 \n  AXE  LGV V2 \n  PK  186.12 \n  LONGITUDE  0°5'29.111E \n  LATITUDE  45°48'17.0143N \n  LOT  11 \n  SEI  62 \n  LIBELLE  APP 1861-2 \n  LONG_DD  0.09142 \n  LAT_DD  45.804726","timestamp":null,"begin":null,"end":null,"altitudeMo":null,"tessellate":"-1","extrude":"0","visibility":"-1","drawOrder":null,"icon":null,"ETIQ":"AP V2 Km 186,120","NOM_ACCES":"PTLO 11-014","AXE":"LGV V2","PK":"186.12","LONGITUDE":"0°5'29.111E","LATITUDE":"45°48'17.0143N","LOT":"11","SEI":"62","LIBELLE":"APP 1861-2","LONG_DD":"0.09142","LAT_DD":"45.804726","gx_media_l":null,"_sp_url":null},"geometry":{"type":"Point","coordinates":[0.09142000000000018,45.804725999999995,0.0]}},{"id":"756","type":"Feature","properties":{"Name":"AP V1 Km 186,650","descriptio":"Attributes\n  ETIQ  AP V1 Km 186,650 \n  NOM_ACCES  PTLO 11-017 \n  AXE  LGV V1 \n  PK  186.65 \n  LONGITUDE  0°5'22.833E \n  LATITUDE  45°48'0.3556N \n  LOT  11 \n  SEI  62 \n  LIBELLE  APP 1865-1 \n  LONG_DD  0.089676 \n  LAT_DD  45.800099","timestamp":null,"begin":null,"end":null,"altitudeMo":null,"tessellate":"-1","extrude":"0","visibility":"-1","drawOrder":null,"icon":null,"ETIQ":"AP V1 Km 186,650","NOM_ACCES":"PTLO 11-017","AXE":"LGV V1","PK":"186.65","LONGITUDE":"0°5'22.833E","LATITUDE":"45°48'0.3556N","LOT":"11","SEI":"62","LIBELLE":"APP 1865-1","LONG_DD":"0.089676","LAT_DD":"45.800099","gx_media_l":null,"_sp_url":null},"geometry":{"type":"Point","coordinates":[0.08967600000000024,45.80009900000002,0.0]}},{"id":"757","type":"Feature","properties":{"Name":"AP V2 Km 186,650","descriptio":"Attributes\n  ETIQ  AP V2 Km 186,650 \n  NOM_ACCES  PTLO 11-016 \n  AXE  LGV V2 \n  PK  186.65 \n  LONGITUDE  0°5'20.6011E \n  LATITUDE  45°48'1.0882N \n  LOT  11 \n  SEI  62 \n  LIBELLE  APP 1865-2 \n  LONG_DD  0.089056 \n  LAT_DD  45.800302","timestamp":null,"begin":null,"end":null,"altitudeMo":null,"tessellate":"-1","extrude":"0","visibility":"-1","drawOrder":null,"icon":null,"ETIQ":"AP V2 Km 186,650","NOM_ACCES":"PTLO 11-016","AXE":"LGV V2","PK":"186.65","LONGITUDE":"0°5'20.6011E","LATITUDE":"45°48'1.0882N","LOT":"11","SEI":"62","LIBELLE":"APP 1865-2","LONG_DD":"0.089056","LAT_DD":"45.800302","gx_media_l":null,"_sp_url":null},"geometry":{"type":"Point","coordinates":[0.08905600000000016,45.800301999999995,0.0]}},{"id":"758","type":"Feature","properties":{"Name":"AP V1 Km 187,570","descriptio":"Attributes\n  ETIQ  AP V1 Km 187,570 \n  NOM_ACCES  PTLO 11-019 \n  AXE  LGV V1 \n  PK  187.57 \n  LONGITUDE  0°5'2.7692E \n  LATITUDE  45°47'33.6651N \n  LOT  11 \n  SEI  62 \n  LIBELLE  APP 1875-1 \n  LONG_DD  0.084103 \n  LAT_DD  45.792685","timestamp":null,"begin":null,"end":null,"altitudeMo":null,"tessellate":"-1","extrude":"0","visibility":"-1","drawOrder":null,"icon":null,"ETIQ":"AP V1 Km 187,570","NOM_ACCES":"PTLO 11-019","AXE":"LGV V1","PK":"187.57","LONGITUDE":"0°5'2.7692E","LATITUDE":"45°47'33.6651N","LOT":"11","SEI":"62","LIBELLE":"APP 1875-1","LONG_DD":"0.084103","LAT_DD":"45.792685","gx_media_l":null,"_sp_url":null},"geometry":{"type":"Point","coordinates":[0.08410300000000025,45.79268500000001,0.0]}},{"id":"759","type":"Feature","properties":{"Name":"AR V2 Km 187,594","descriptio":"Attributes\n  ETIQ  AR V2 Km 187,594 \n  NOM_ACCES  PTLA 11-008 \n  AXE  LGV V2 \n  PK  187.594 \n  LONGITUDE  0°4'59.3407E \n  LATITUDE  45°47'34.0009N \n  LOT  11 \n  SEI  62 \n  LIBELLE  ARP 1875-2 \n  LONG_DD  0.08315 \n  LAT_DD  45.792778","timestamp":null,"begin":null,"end":null,"altitudeMo":null,"tessellate":"-1","extrude":"0","visibility":"-1","drawOrder":null,"icon":null,"ETIQ":"AR V2 Km 187,594","NOM_ACCES":"PTLA 11-008","AXE":"LGV V2","PK":"187.594","LONGITUDE":"0°4'59.3407E","LATITUDE":"45°47'34.0009N","LOT":"11","SEI":"62","LIBELLE":"ARP 1875-2","LONG_DD":"0.08315","LAT_DD":"45.792778","gx_media_l":null,"_sp_url":null},"geometry":{"type":"Point","coordinates":[0.08314999999999985,45.792778,0.0]}},{"id":"760","type":"Feature","properties":{"Name":"AR V1 Km 187,785","descriptio":"Attributes\n  ETIQ  AR V1 Km 187,785 \n  NOM_ACCES  PTLO 11-021 \n  AXE  LGV V1 \n  PK  187.785 \n  LONGITUDE  0°4'57.3306E \n  LATITUDE  45°47'28.0752N \n  LOT  11 \n  SEI  62 \n  LIBELLE  ARP 1877-1 \n  LONG_DD  0.082592 \n  LAT_DD  45.791132","timestamp":null,"begin":null,"end":null,"altitudeMo":null,"tessellate":"-1","extrude":"0","visibility":"-1","drawOrder":null,"icon":null,"ETIQ":"AR V1 Km 187,785","NOM_ACCES":"PTLO 11-021","AXE":"LGV V1","PK":"187.785","LONGITUDE":"0°4'57.3306E","LATITUDE":"45°47'28.0752N","LOT":"11","SEI":"62","LIBELLE":"ARP 1877-1","LONG_DD":"0.082592","LAT_DD":"45.791132","gx_media_l":null,"_sp_url":null},"geometry":{"type":"Point","coordinates":[0.08259200000000043,45.791132,0.0]}},{"id":"761","type":"Feature","properties":{"Name":"AR V1 Km 188,697","descriptio":"Attributes\n  ETIQ  AR V1 Km 188,697 \n  NOM_ACCES  PTLA 11-005 \n  AXE  LGV V1 \n  PK  188.697 \n  LONGITUDE  0°4'31.1714E \n  LATITUDE  45°47'1.6167N \n  LOT  11 \n  SEI  62 \n  LIBELLE  RRL 1886-1 \n  LONG_DD  0.075325 \n  LAT_DD  45.783782","timestamp":null,"begin":null,"end":null,"altitudeMo":null,"tessellate":"-1","extrude":"0","visibility":"-1","drawOrder":null,"icon":null,"ETIQ":"AR V1 Km 188,697","NOM_ACCES":"PTLA 11-005","AXE":"LGV V1","PK":"188.697","LONGITUDE":"0°4'31.1714E","LATITUDE":"45°47'1.6167N","LOT":"11","SEI":"62","LIBELLE":"RRL 1886-1","LONG_DD":"0.075325","LAT_DD":"45.783782","gx_media_l":null,"_sp_url":null},"geometry":{"type":"Point","coordinates":[0.07532500000000061,45.783781999999974,0.0]}},{"id":"762","type":"Feature","properties":{"Name":"AR V2 Km 188,697","descriptio":"Attributes\n  ETIQ  AR V2 Km 188,697 \n  NOM_ACCES  PTLA 11-010 \n  AXE  LGV V2 \n  PK  188.697 \n  LONGITUDE  0°4'30.5051E \n  LATITUDE  45°47'6.6453N \n  LOT  11 \n  SEI  62 \n  LIBELLE  RRL 1886-2 \n  LONG_DD  0.07514 \n  LAT_DD  45.785179","timestamp":null,"begin":null,"end":null,"altitudeMo":null,"tessellate":"-1","extrude":"0","visibility":"-1","drawOrder":null,"icon":null,"ETIQ":"AR V2 Km 188,697","NOM_ACCES":"PTLA 11-010","AXE":"LGV V2","PK":"188.697","LONGITUDE":"0°4'30.5051E","LATITUDE":"45°47'6.6453N","LOT":"11","SEI":"62","LIBELLE":"RRL 1886-2","LONG_DD":"0.07514","LAT_DD":"45.785179","gx_media_l":null,"_sp_url":null},"geometry":{"type":"Point","coordinates":[0.07513999999999946,45.785179,0.0]}},{"id":"763","type":"Feature","properties":{"Name":"AP V2 Km 188,940","descriptio":"Attributes\n  ETIQ  AP V2 Km 188,940 \n  NOM_ACCES  PTLO 11-018 \n  AXE  LGV V2 \n  PK  188.94 \n  LONGITUDE  0°4'24.1676E \n  LATITUDE  45°46'58.5382N \n  LOT  11 \n  SEI  62 \n  LIBELLE  APP 1889-2 \n  LONG_DD  0.07338 \n  LAT_DD  45.782927","timestamp":null,"begin":null,"end":null,"altitudeMo":null,"tessellate":"-1","extrude":"0","visibility":"-1","drawOrder":null,"icon":null,"ETIQ":"AP V2 Km 188,940","NOM_ACCES":"PTLO 11-018","AXE":"LGV V2","PK":"188.94","LONGITUDE":"0°4'24.1676E","LATITUDE":"45°46'58.5382N","LOT":"11","SEI":"62","LIBELLE":"APP 1889-2","LONG_DD":"0.07338","LAT_DD":"45.782927","gx_media_l":null,"_sp_url":null},"geometry":{"type":"Point","coordinates":[0.07337999999999907,45.78292700000001,0.0]}},{"id":"764","type":"Feature","properties":{"Name":"AP V2 Km 189,370","descriptio":"Attributes\n  ETIQ  AP V2 Km 189,370 \n  NOM_ACCES  PTLO 11-020 \n  AXE  LGV V2 \n  PK  189.37 \n  LONGITUDE  0°4'13.2353E \n  LATITUDE  45°46'46.697N \n  LOT  11 \n  SEI  62 \n  LIBELLE  APP 1893-2 \n  LONG_DD  0.070343 \n  LAT_DD  45.779638","timestamp":null,"begin":null,"end":null,"altitudeMo":null,"tessellate":"-1","extrude":"0","visibility":"-1","drawOrder":null,"icon":null,"ETIQ":"AP V2 Km 189,370","NOM_ACCES":"PTLO 11-020","AXE":"LGV V2","PK":"189.37","LONGITUDE":"0°4'13.2353E","LATITUDE":"45°46'46.697N","LOT":"11","SEI":"62","LIBELLE":"APP 1893-2","LONG_DD":"0.070343","LAT_DD":"45.779638","gx_media_l":null,"_sp_url":null},"geometry":{"type":"Point","coordinates":[0.07034300000000053,45.779638000000006,0.0]}},{"id":"765","type":"Feature","properties":{"Name":"AP V1 Km 189,370","descriptio":"Attributes\n  ETIQ  AP V1 Km 189,370 \n  NOM_ACCES  PTLO 11-020 \n  AXE  LGV V1 \n  PK  189.37 \n  LONGITUDE  0°4'13.2353E \n  LATITUDE  45°46'46.697N \n  LOT  11 \n  SEI  62 \n  LIBELLE  APP 1893-1 \n  LONG_DD  0.070343 \n  LAT_DD  45.779638","timestamp":null,"begin":null,"end":null,"altitudeMo":null,"tessellate":"-1","extrude":"0","visibility":"-1","drawOrder":null,"icon":null,"ETIQ":"AP V1 Km 189,370","NOM_ACCES":"PTLO 11-020","AXE":"LGV V1","PK":"189.37","LONGITUDE":"0°4'13.2353E","LATITUDE":"45°46'46.697N","LOT":"11","SEI":"62","LIBELLE":"APP 1893-1","LONG_DD":"0.070343","LAT_DD":"45.779638","gx_media_l":null,"_sp_url":null},"geometry":{"type":"Point","coordinates":[0.07034300000000053,45.779638000000006,0.0]}},{"id":"766","type":"Feature","properties":{"Name":"AR V2 Km 189,945","descriptio":"Attributes\n  ETIQ  AR V2 Km 189,945 \n  NOM_ACCES  PTLA 11-012 \n  AXE  LGV V2 \n  PK  189.945 \n  LONGITUDE  0°3'56.5049E \n  LATITUDE  45°46'30.444N \n  LOT  11 \n  SEI  62 \n  LIBELLE  ARP 1899-2 \n  LONG_DD  0.065696 \n  LAT_DD  45.775123","timestamp":null,"begin":null,"end":null,"altitudeMo":null,"tessellate":"-1","extrude":"0","visibility":"-1","drawOrder":null,"icon":null,"ETIQ":"AR V2 Km 189,945","NOM_ACCES":"PTLA 11-012","AXE":"LGV V2","PK":"189.945","LONGITUDE":"0°3'56.5049E","LATITUDE":"45°46'30.444N","LOT":"11","SEI":"62","LIBELLE":"ARP 1899-2","LONG_DD":"0.065696","LAT_DD":"45.775123","gx_media_l":null,"_sp_url":null},"geometry":{"type":"Point","coordinates":[0.06569599999999995,45.775123000000015,0.0]}},{"id":"767","type":"Feature","properties":{"Name":"AR V1 Km 189,945","descriptio":"Attributes\n  ETIQ  AR V1 Km 189,945 \n  NOM_ACCES  PTLA 11-007 \n  AXE  LGV V1 \n  PK  189.945 \n  LONGITUDE  0°3'58.9666E \n  LATITUDE  45°46'29.5672N \n  LOT  11 \n  SEI  62 \n  LIBELLE  ARP 1899-1 \n  LONG_DD  0.06638 \n  LAT_DD  45.77488","timestamp":null,"begin":null,"end":null,"altitudeMo":null,"tessellate":"-1","extrude":"0","visibility":"-1","drawOrder":null,"icon":null,"ETIQ":"AR V1 Km 189,945","NOM_ACCES":"PTLA 11-007","AXE":"LGV V1","PK":"189.945","LONGITUDE":"0°3'58.9666E","LATITUDE":"45°46'29.5672N","LOT":"11","SEI":"62","LIBELLE":"ARP 1899-1","LONG_DD":"0.06638","LAT_DD":"45.77488","gx_media_l":null,"_sp_url":null},"geometry":{"type":"Point","coordinates":[0.06638000000000101,45.77488,0.0]}},{"id":"768","type":"Feature","properties":{"Name":"AP V2 Km 190,340","descriptio":"Attributes\n  ETIQ  AP V2 Km 190,340 \n  NOM_ACCES  PTLO 11-022 \n  AXE  LGV V2 \n  PK  190.34 \n  LONGITUDE  0°3'48.8508E \n  LATITUDE  45°46'20.531N \n  LOT  11 \n  SEI  62 \n  LIBELLE  APP 1903-2 \n  LONG_DD  0.06357 \n  LAT_DD  45.77237","timestamp":null,"begin":null,"end":null,"altitudeMo":null,"tessellate":"-1","extrude":"0","visibility":"-1","drawOrder":null,"icon":null,"ETIQ":"AP V2 Km 190,340","NOM_ACCES":"PTLO 11-022","AXE":"LGV V2","PK":"190.34","LONGITUDE":"0°3'48.8508E","LATITUDE":"45°46'20.531N","LOT":"11","SEI":"62","LIBELLE":"APP 1903-2","LONG_DD":"0.06357","LAT_DD":"45.77237","gx_media_l":null,"_sp_url":null},"geometry":{"type":"Point","coordinates":[0.06357000000000033,45.77237000000002,0.0]}},{"id":"769","type":"Feature","properties":{"Name":"AP V1 Km 190,940","descriptio":"Attributes\n  ETIQ  AP V1 Km 190,940 \n  NOM_ACCES  PTLO 11-025 \n  AXE  LGV V1 \n  PK  190.94 \n  LONGITUDE  0°3'40.4701E \n  LATITUDE  45°46'1.844N \n  LOT  11 \n  SEI  62 \n  LIBELLE  APP 1909-1 \n  LONG_DD  0.061242 \n  LAT_DD  45.767179","timestamp":null,"begin":null,"end":null,"altitudeMo":null,"tessellate":"-1","extrude":"0","visibility":"-1","drawOrder":null,"icon":null,"ETIQ":"AP V1 Km 190,940","NOM_ACCES":"PTLO 11-025","AXE":"LGV V1","PK":"190.94","LONGITUDE":"0°3'40.4701E","LATITUDE":"45°46'1.844N","LOT":"11","SEI":"62","LIBELLE":"APP 1909-1","LONG_DD":"0.061242","LAT_DD":"45.767179","gx_media_l":null,"_sp_url":null},"geometry":{"type":"Point","coordinates":[0.06124199999999955,45.767179,0.0]}},{"id":"770","type":"Feature","properties":{"Name":"AP V2 Km 191,120","descriptio":"Attributes\n  ETIQ  AP V2 Km 191,120 \n  NOM_ACCES  PTLO 11-024 \n  AXE  LGV V2 \n  PK  191.12 \n  LONGITUDE  0°3'35.3967E \n  LATITUDE  45°45'58.9362N \n  LOT  11 \n  SEI  62 \n  LIBELLE  APP 1911-2 \n  LONG_DD  0.059832 \n  LAT_DD  45.766371","timestamp":null,"begin":null,"end":null,"altitudeMo":null,"tessellate":"-1","extrude":"0","visibility":"-1","drawOrder":null,"icon":null,"ETIQ":"AP V2 Km 191,120","NOM_ACCES":"PTLO 11-024","AXE":"LGV V2","PK":"191.12","LONGITUDE":"0°3'35.3967E","LATITUDE":"45°45'58.9362N","LOT":"11","SEI":"62","LIBELLE":"APP 1911-2","LONG_DD":"0.059832","LAT_DD":"45.766371","gx_media_l":null,"_sp_url":null},"geometry":{"type":"Point","coordinates":[0.05983199999999952,45.766371,0.0]}},{"id":"771","type":"Feature","properties":{"Name":"AP V1 Km 191,470","descriptio":"Attributes\n  ETIQ  AP V1 Km 191,470 \n  NOM_ACCES  PTLO 11-027 \n  AXE  LGV V1 \n  PK  191.47 \n  LONGITUDE  0°3'32.3594E \n  LATITUDE  45°45'45.4812N \n  LOT  11 \n  SEI  62 \n  LIBELLE  APP 1914-1 \n  LONG_DD  0.058989 \n  LAT_DD  45.762634","timestamp":null,"begin":null,"end":null,"altitudeMo":null,"tessellate":"-1","extrude":"0","visibility":"-1","drawOrder":null,"icon":null,"ETIQ":"AP V1 Km 191,470","NOM_ACCES":"PTLO 11-027","AXE":"LGV V1","PK":"191.47","LONGITUDE":"0°3'32.3594E","LATITUDE":"45°45'45.4812N","LOT":"11","SEI":"62","LIBELLE":"APP 1914-1","LONG_DD":"0.058989","LAT_DD":"45.762634","gx_media_l":null,"_sp_url":null},"geometry":{"type":"Point","coordinates":[0.058989000000000305,45.762634000000006,0.0]}},{"id":"772","type":"Feature","properties":{"Name":"AR V2 Km 192,100","descriptio":"Attributes\n  ETIQ  AR V2 Km 192,100 \n  NOM_ACCES  PTLA 11-014 \n  AXE  LGV V2 \n  PK  192.1 \n  LONGITUDE  0°3'21.9621E \n  LATITUDE  45°45'23.7178N \n  LOT  11 \n  SEI  62 \n  LIBELLE  ARP 1921-2 \n  LONG_DD  0.056101 \n  LAT_DD  45.756588","timestamp":null,"begin":null,"end":null,"altitudeMo":null,"tessellate":"-1","extrude":"0","visibility":"-1","drawOrder":null,"icon":null,"ETIQ":"AR V2 Km 192,100","NOM_ACCES":"PTLA 11-014","AXE":"LGV V2","PK":"192.1","LONGITUDE":"0°3'21.9621E","LATITUDE":"45°45'23.7178N","LOT":"11","SEI":"62","LIBELLE":"ARP 1921-2","LONG_DD":"0.056101","LAT_DD":"45.756588","gx_media_l":null,"_sp_url":null},"geometry":{"type":"Point","coordinates":[0.05610100000000093,45.756587999999994,0.0]}},{"id":"773","type":"Feature","properties":{"Name":"AR V1 Km 192,100","descriptio":"Attributes\n  ETIQ  AR V1 Km 192,100 \n  NOM_ACCES  PTLA 11-009 \n  AXE  LGV V1 \n  PK  192.1 \n  LONGITUDE  0°3'25.4123E \n  LATITUDE  45°45'22.0605N \n  LOT  11 \n  SEI  62 \n  LIBELLE  ARP 1921-1 \n  LONG_DD  0.057059 \n  LAT_DD  45.756128","timestamp":null,"begin":null,"end":null,"altitudeMo":null,"tessellate":"-1","extrude":"0","visibility":"-1","drawOrder":null,"icon":null,"ETIQ":"AR V1 Km 192,100","NOM_ACCES":"PTLA 11-009","AXE":"LGV V1","PK":"192.1","LONGITUDE":"0°3'25.4123E","LATITUDE":"45°45'22.0605N","LOT":"11","SEI":"62","LIBELLE":"ARP 1921-1","LONG_DD":"0.057059","LAT_DD":"45.756128","gx_media_l":null,"_sp_url":null},"geometry":{"type":"Point","coordinates":[0.05705899999999963,45.75612800000001,0.0]}},{"id":"774","type":"Feature","properties":{"Name":"AP V2 Km 192,550","descriptio":"Attributes\n  ETIQ  AP V2 Km 192,550 \n  NOM_ACCES  PTLO 11-026 \n  AXE  LGV V2 \n  PK  192.55 \n  LONGITUDE  0°3'18.3921E \n  LATITUDE  45°45'12.0389N \n  LOT  11 \n  SEI  62 \n  LIBELLE  APP 1925-2 \n  LONG_DD  0.055109 \n  LAT_DD  45.753344","timestamp":null,"begin":null,"end":null,"altitudeMo":null,"tessellate":"-1","extrude":"0","visibility":"-1","drawOrder":null,"icon":null,"ETIQ":"AP V2 Km 192,550","NOM_ACCES":"PTLO 11-026","AXE":"LGV V2","PK":"192.55","LONGITUDE":"0°3'18.3921E","LATITUDE":"45°45'12.0389N","LOT":"11","SEI":"62","LIBELLE":"APP 1925-2","LONG_DD":"0.055109","LAT_DD":"45.753344","gx_media_l":null,"_sp_url":null},"geometry":{"type":"Point","coordinates":[0.055109000000000574,45.753344,0.0]}},{"id":"775","type":"Feature","properties":{"Name":"AP V1 Km 192,550","descriptio":"Attributes\n  ETIQ  AP V1 Km 192,550 \n  NOM_ACCES  PTLO 11-029 \n  AXE  LGV V1 \n  PK  192.55 \n  LONGITUDE  0°3'22.9067E \n  LATITUDE  45°45'14.8978N \n  LOT  11 \n  SEI  62 \n  LIBELLE  APP 1925-1 \n  LONG_DD  0.056363 \n  LAT_DD  45.754138","timestamp":null,"begin":null,"end":null,"altitudeMo":null,"tessellate":"-1","extrude":"0","visibility":"-1","drawOrder":null,"icon":null,"ETIQ":"AP V1 Km 192,550","NOM_ACCES":"PTLO 11-029","AXE":"LGV V1","PK":"192.55","LONGITUDE":"0°3'22.9067E","LATITUDE":"45°45'14.8978N","LOT":"11","SEI":"62","LIBELLE":"APP 1925-1","LONG_DD":"0.056363","LAT_DD":"45.754138","gx_media_l":null,"_sp_url":null},"geometry":{"type":"Point","coordinates":[0.056362999999999615,45.754138,0.0]}},{"id":"776","type":"Feature","properties":{"Name":"AP V2 Km 193,610","descriptio":"Attributes\n  ETIQ  AP V2 Km 193,610 \n  NOM_ACCES  PTLO 11-028 \n  AXE  LGV V2 \n  PK  193.61 \n  LONGITUDE  0°3'16.6354E \n  LATITUDE  45°44'37.2934N \n  LOT  11 \n  SEI  62 \n  LIBELLE  APP 1936-2 \n  LONG_DD  0.054621 \n  LAT_DD  45.743693","timestamp":null,"begin":null,"end":null,"altitudeMo":null,"tessellate":"-1","extrude":"0","visibility":"-1","drawOrder":null,"icon":null,"ETIQ":"AP V2 Km 193,610","NOM_ACCES":"PTLO 11-028","AXE":"LGV V2","PK":"193.61","LONGITUDE":"0°3'16.6354E","LATITUDE":"45°44'37.2934N","LOT":"11","SEI":"62","LIBELLE":"APP 1936-2","LONG_DD":"0.054621","LAT_DD":"45.743693","gx_media_l":null,"_sp_url":null},"geometry":{"type":"Point","coordinates":[0.05462099999999963,45.743693000000015,0.0]}},{"id":"777","type":"Feature","properties":{"Name":"AP V1 Km 193,690","descriptio":"Attributes\n  ETIQ  AP V1 Km 193,690 \n  NOM_ACCES  PTLO 11-031 \n  AXE  LGV V1 \n  PK  193.69 \n  LONGITUDE  0°3'21.3363E \n  LATITUDE  45°44'35.0004N \n  LOT  11 \n  SEI  63 \n  LIBELLE  APP 1936-1 \n  LONG_DD  0.055927 \n  LAT_DD  45.743056","timestamp":null,"begin":null,"end":null,"altitudeMo":null,"tessellate":"-1","extrude":"0","visibility":"-1","drawOrder":null,"icon":null,"ETIQ":"AP V1 Km 193,690","NOM_ACCES":"PTLO 11-031","AXE":"LGV V1","PK":"193.69","LONGITUDE":"0°3'21.3363E","LATITUDE":"45°44'35.0004N","LOT":"11","SEI":"63","LIBELLE":"APP 1936-1","LONG_DD":"0.055927","LAT_DD":"45.743056","gx_media_l":null,"_sp_url":null},"geometry":{"type":"Point","coordinates":[0.05592699999999993,45.743056,0.0]}},{"id":"778","type":"Feature","properties":{"Name":"AP V2 Km 194,300","descriptio":"Attributes\n  ETIQ  AP V2 Km 194,300 \n  NOM_ACCES  PTLO 11-030 \n  AXE  LGV V2 \n  PK  194.3 \n  LONGITUDE  0°3'21.0892E \n  LATITUDE  45°44'15.3214N \n  LOT  11 \n  SEI  63 \n  LIBELLE  APP 1943-2 \n  LONG_DD  0.055858 \n  LAT_DD  45.737589","timestamp":null,"begin":null,"end":null,"altitudeMo":null,"tessellate":"-1","extrude":"0","visibility":"-1","drawOrder":null,"icon":null,"ETIQ":"AP V2 Km 194,300","NOM_ACCES":"PTLO 11-030","AXE":"LGV V2","PK":"194.3","LONGITUDE":"0°3'21.0892E","LATITUDE":"45°44'15.3214N","LOT":"11","SEI":"63","LIBELLE":"APP 1943-2","LONG_DD":"0.055858","LAT_DD":"45.737589","gx_media_l":null,"_sp_url":null},"geometry":{"type":"Point","coordinates":[0.05585799999999984,45.737589,0.0]}},{"id":"779","type":"Feature","properties":{"Name":"AP V1 Km 194,300","descriptio":"Attributes\n  ETIQ  AP V1 Km 194,300 \n  NOM_ACCES  PTLO 11-033 \n  AXE  LGV V1 \n  PK  194.3 \n  LONGITUDE  0°3'23.6778E \n  LATITUDE  45°44'15.394N \n  LOT  11 \n  SEI  63 \n  LIBELLE  APP 1943-1 \n  LONG_DD  0.056577 \n  LAT_DD  45.737609","timestamp":null,"begin":null,"end":null,"altitudeMo":null,"tessellate":"-1","extrude":"0","visibility":"-1","drawOrder":null,"icon":null,"ETIQ":"AP V1 Km 194,300","NOM_ACCES":"PTLO 11-033","AXE":"LGV V1","PK":"194.3","LONGITUDE":"0°3'23.6778E","LATITUDE":"45°44'15.394N","LOT":"11","SEI":"63","LIBELLE":"APP 1943-1","LONG_DD":"0.056577","LAT_DD":"45.737609","gx_media_l":null,"_sp_url":null},"geometry":{"type":"Point","coordinates":[0.056577000000000544,45.737609,0.0]}},{"id":"780","type":"Feature","properties":{"Name":"AR V1 Km 195,200","descriptio":"Attributes\n  ETIQ  AR V1 Km 195,200 \n  NOM_ACCES  PTLA 11-011 \n  AXE  LGV V1 \n  PK  195.2 \n  LONGITUDE  0°3'33.9342E \n  LATITUDE  45°43'45.1789N \n  LOT  11 \n  SEI  63 \n  LIBELLE  RRG 1952-1 \n  LONG_DD  0.059426 \n  LAT_DD  45.729216","timestamp":null,"begin":null,"end":null,"altitudeMo":null,"tessellate":"-1","extrude":"0","visibility":"-1","drawOrder":null,"icon":null,"ETIQ":"AR V1 Km 195,200","NOM_ACCES":"PTLA 11-011","AXE":"LGV V1","PK":"195.2","LONGITUDE":"0°3'33.9342E","LATITUDE":"45°43'45.1789N","LOT":"11","SEI":"63","LIBELLE":"RRG 1952-1","LONG_DD":"0.059426","LAT_DD":"45.729216","gx_media_l":null,"_sp_url":null},"geometry":{"type":"Point","coordinates":[0.05942599999999997,45.729216,0.0]}},{"id":"781","type":"Feature","properties":{"Name":"AR V2 Km 195,200","descriptio":"Attributes\n  ETIQ  AR V2 Km 195,200 \n  NOM_ACCES  PTLA 11-016 \n  AXE  LGV V2 \n  PK  195.2 \n  LONGITUDE  0°3'29.9346E \n  LATITUDE  45°43'45.5713N \n  LOT  11 \n  SEI  63 \n  LIBELLE  RRL 1952-2 \n  LONG_DD  0.058315 \n  LAT_DD  45.729325","timestamp":null,"begin":null,"end":null,"altitudeMo":null,"tessellate":"-1","extrude":"0","visibility":"-1","drawOrder":null,"icon":null,"ETIQ":"AR V2 Km 195,200","NOM_ACCES":"PTLA 11-016","AXE":"LGV V2","PK":"195.2","LONGITUDE":"0°3'29.9346E","LATITUDE":"45°43'45.5713N","LOT":"11","SEI":"63","LIBELLE":"RRL 1952-2","LONG_DD":"0.058315","LAT_DD":"45.729325","gx_media_l":null,"_sp_url":null},"geometry":{"type":"Point","coordinates":[0.05831500000000061,45.729325,0.0]}},{"id":"782","type":"Feature","properties":{"Name":"AP V1 Km 195,500","descriptio":"Attributes\n  ETIQ  AP V1 Km 195,500 \n  NOM_ACCES  PTLO 11-037 \n  AXE  LGV V1 \n  PK  195.5 \n  LONGITUDE  0°3'36.4067E \n  LATITUDE  45°43'37.9126N \n  LOT  11 \n  SEI  63 \n  LIBELLE  APP 1955-1 \n  LONG_DD  0.060113 \n  LAT_DD  45.727198","timestamp":null,"begin":null,"end":null,"altitudeMo":null,"tessellate":"-1","extrude":"0","visibility":"-1","drawOrder":null,"icon":null,"ETIQ":"AP V1 Km 195,500","NOM_ACCES":"PTLO 11-037","AXE":"LGV V1","PK":"195.5","LONGITUDE":"0°3'36.4067E","LATITUDE":"45°43'37.9126N","LOT":"11","SEI":"63","LIBELLE":"APP 1955-1","LONG_DD":"0.060113","LAT_DD":"45.727198","gx_media_l":null,"_sp_url":null},"geometry":{"type":"Point","coordinates":[0.060113000000000576,45.727197999999994,0.0]}},{"id":"783","type":"Feature","properties":{"Name":"AP V2 Km 195,600","descriptio":"Attributes\n  ETIQ  AP V2 Km 195,600 \n  NOM_ACCES  PTLO 11-034 \n  AXE  LGV V2 \n  PK  195.6 \n  LONGITUDE  0°3'32.527E \n  LATITUDE  45°43'32.7959N \n  LOT  11 \n  SEI  63 \n  LIBELLE  APP 1956-2 \n  LONG_DD  0.059035 \n  LAT_DD  45.725777","timestamp":null,"begin":null,"end":null,"altitudeMo":null,"tessellate":"-1","extrude":"0","visibility":"-1","drawOrder":null,"icon":null,"ETIQ":"AP V2 Km 195,600","NOM_ACCES":"PTLO 11-034","AXE":"LGV V2","PK":"195.6","LONGITUDE":"0°3'32.527E","LATITUDE":"45°43'32.7959N","LOT":"11","SEI":"63","LIBELLE":"APP 1956-2","LONG_DD":"0.059035","LAT_DD":"45.725777","gx_media_l":null,"_sp_url":null},"geometry":{"type":"Point","coordinates":[0.0590350000000001,45.72577699999999,0.0]}},{"id":"784","type":"Feature","properties":{"Name":"AP V1 Km 195,750","descriptio":"Attributes\n  ETIQ  AP V1 Km 195,750 \n  NOM_ACCES  PTLO 11-039 \n  AXE  LGV V1 \n  PK  195.75 \n  LONGITUDE  0°3'38.5374E \n  LATITUDE  45°43'29.6632N \n  LOT  11 \n  SEI  63 \n  LIBELLE  APP 1957-1 \n  LONG_DD  0.060705 \n  LAT_DD  45.724906","timestamp":null,"begin":null,"end":null,"altitudeMo":null,"tessellate":"-1","extrude":"0","visibility":"-1","drawOrder":null,"icon":null,"ETIQ":"AP V1 Km 195,750","NOM_ACCES":"PTLO 11-039","AXE":"LGV V1","PK":"195.75","LONGITUDE":"0°3'38.5374E","LATITUDE":"45°43'29.6632N","LOT":"11","SEI":"63","LIBELLE":"APP 1957-1","LONG_DD":"0.060705","LAT_DD":"45.724906","gx_media_l":null,"_sp_url":null},"geometry":{"type":"Point","coordinates":[0.060704999999999266,45.72490599999999,0.0]}},{"id":"785","type":"Feature","properties":{"Name":"AR V1 Km 196,306","descriptio":"Attributes\n  ETIQ  AR V1 Km 196,306 \n  NOM_ACCES  PTLA 11-013 \n  AXE  LGV V1 \n  PK  196.306 \n  LONGITUDE  0°3'47.9073E \n  LATITUDE  45°43'11.1356N \n  LOT  11 \n  SEI  63 \n  LIBELLE  ARP 1963-1 \n  LONG_DD  0.063308 \n  LAT_DD  45.71976","timestamp":null,"begin":null,"end":null,"altitudeMo":null,"tessellate":"-1","extrude":"0","visibility":"-1","drawOrder":null,"icon":null,"ETIQ":"AR V1 Km 196,306","NOM_ACCES":"PTLA 11-013","AXE":"LGV V1","PK":"196.306","LONGITUDE":"0°3'47.9073E","LATITUDE":"45°43'11.1356N","LOT":"11","SEI":"63","LIBELLE":"ARP 1963-1","LONG_DD":"0.063308","LAT_DD":"45.71976","gx_media_l":null,"_sp_url":null},"geometry":{"type":"Point","coordinates":[0.06330800000000045,45.71976000000001,0.0]}},{"id":"786","type":"Feature","properties":{"Name":"AR V2 Km 196,363","descriptio":"Attributes\n  ETIQ  AR V2 Km 196,363 \n  NOM_ACCES  PTLA 11-020 \n  AXE  LGV V2 \n  PK  196.363 \n  LONGITUDE  0°3'44.3716E \n  LATITUDE  45°42'59.2836N \n  LOT  11 \n  SEI  63 \n  LIBELLE  ARP 1963-2 \n  LONG_DD  0.062325 \n  LAT_DD  45.716468","timestamp":null,"begin":null,"end":null,"altitudeMo":null,"tessellate":"-1","extrude":"0","visibility":"-1","drawOrder":null,"icon":null,"ETIQ":"AR V2 Km 196,363","NOM_ACCES":"PTLA 11-020","AXE":"LGV V2","PK":"196.363","LONGITUDE":"0°3'44.3716E","LATITUDE":"45°42'59.2836N","LOT":"11","SEI":"63","LIBELLE":"ARP 1963-2","LONG_DD":"0.062325","LAT_DD":"45.716468","gx_media_l":null,"_sp_url":null},"geometry":{"type":"Point","coordinates":[0.062325000000000706,45.716468000000006,0.0]}},{"id":"787","type":"Feature","properties":{"Name":"AR V2 Km 196,600","descriptio":"Attributes\n  ETIQ  AR V2 Km 196,600 \n  NOM_ACCES  PTLA 11-020 \n  AXE  LGV V2 \n  PK  196.6 \n  LONGITUDE  0°3'44.3725E \n  LATITUDE  45°42'59.2826N \n  LOT  11 \n  SEI  63 \n  LIBELLE  ARP 1966-2 \n  LONG_DD  0.062326 \n  LAT_DD  45.716467","timestamp":null,"begin":null,"end":null,"altitudeMo":null,"tessellate":"-1","extrude":"0","visibility":"-1","drawOrder":null,"icon":null,"ETIQ":"AR V2 Km 196,600","NOM_ACCES":"PTLA 11-020","AXE":"LGV V2","PK":"196.6","LONGITUDE":"0°3'44.3725E","LATITUDE":"45°42'59.2826N","LOT":"11","SEI":"63","LIBELLE":"ARP 1966-2","LONG_DD":"0.062326","LAT_DD":"45.716467","gx_media_l":null,"_sp_url":null},"geometry":{"type":"Point","coordinates":[0.06232600000000108,45.71646700000001,0.0]}},{"id":"788","type":"Feature","properties":{"Name":"AR V1 Km 196,609","descriptio":"Attributes\n  ETIQ  AR V1 Km 196,609 \n  NOM_ACCES  PTLA 11-013 \n  AXE  LGV V1 \n  PK  196.609 \n  LONGITUDE  0°3'47.9073E \n  LATITUDE  45°43'11.1356N \n  LOT  11 \n  SEI  63 \n  LIBELLE  ARP 1966-1 \n  LONG_DD  0.063308 \n  LAT_DD  45.71976","timestamp":null,"begin":null,"end":null,"altitudeMo":null,"tessellate":"-1","extrude":"0","visibility":"-1","drawOrder":null,"icon":null,"ETIQ":"AR V1 Km 196,609","NOM_ACCES":"PTLA 11-013","AXE":"LGV V1","PK":"196.609","LONGITUDE":"0°3'47.9073E","LATITUDE":"45°43'11.1356N","LOT":"11","SEI":"63","LIBELLE":"ARP 1966-1","LONG_DD":"0.063308","LAT_DD":"45.71976","gx_media_l":null,"_sp_url":null},"geometry":{"type":"Point","coordinates":[0.06330800000000045,45.71976000000001,0.0]}},{"id":"789","type":"Feature","properties":{"Name":"AP V2 Km 196,780","descriptio":"Attributes\n  ETIQ  AP V2 Km 196,780 \n  NOM_ACCES  PTLO 11-036 \n  AXE  LGV V2 \n  PK  196.78 \n  LONGITUDE  0°3'45.4652E \n  LATITUDE  45°42'57.5185N \n  LOT  11 \n  SEI  63 \n  LIBELLE  APP 1967-2 \n  LONG_DD  0.062629 \n  LAT_DD  45.715977","timestamp":null,"begin":null,"end":null,"altitudeMo":null,"tessellate":"-1","extrude":"0","visibility":"-1","drawOrder":null,"icon":null,"ETIQ":"AP V2 Km 196,780","NOM_ACCES":"PTLO 11-036","AXE":"LGV V2","PK":"196.78","LONGITUDE":"0°3'45.4652E","LATITUDE":"45°42'57.5185N","LOT":"11","SEI":"63","LIBELLE":"APP 1967-2","LONG_DD":"0.062629","LAT_DD":"45.715977","gx_media_l":null,"_sp_url":null},"geometry":{"type":"Point","coordinates":[0.06262900000000086,45.71597700000002,0.0]}},{"id":"790","type":"Feature","properties":{"Name":"V1 Km 197,000","descriptio":"Attributes\n  ETIQ  V1 Km 197,000 \n  NOM_ACCES  PTLA 11-017 \n  AXE  LGV V1 \n  PK  197 \n  LONGITUDE  0°3'54.0987E \n  LATITUDE  45°42'47.5784N \n  LOT  11 \n  SEI  63 \n  LIBELLE  SST 225kV ASNIERES \n  LONG_DD  0.065027 \n  LAT_DD  45.713216","timestamp":null,"begin":null,"end":null,"altitudeMo":null,"tessellate":"-1","extrude":"0","visibility":"-1","drawOrder":null,"icon":null,"ETIQ":"V1 Km 197,000","NOM_ACCES":"PTLA 11-017","AXE":"LGV V1","PK":"197","LONGITUDE":"0°3'54.0987E","LATITUDE":"45°42'47.5784N","LOT":"11","SEI":"63","LIBELLE":"SST 225kV ASNIERES","LONG_DD":"0.065027","LAT_DD":"45.713216","gx_media_l":null,"_sp_url":null},"geometry":{"type":"Point","coordinates":[0.06502700000000014,45.713216,0.0]}},{"id":"791","type":"Feature","properties":{"Name":"AR V1 Km 197,097","descriptio":"Attributes\n  ETIQ  AR V1 Km 197,097 \n  NOM_ACCES  PTLA 11-013 \n  AXE  LGV V1 \n  PK  197.097 \n  LONGITUDE  0°3'47.9073E \n  LATITUDE  45°43'11.1356N \n  LOT  11 \n  SEI  63 \n  LIBELLE  ARP 1970-1 \n  LONG_DD  0.063308 \n  LAT_DD  45.71976","timestamp":null,"begin":null,"end":null,"altitudeMo":null,"tessellate":"-1","extrude":"0","visibility":"-1","drawOrder":null,"icon":null,"ETIQ":"AR V1 Km 197,097","NOM_ACCES":"PTLA 11-013","AXE":"LGV V1","PK":"197.097","LONGITUDE":"0°3'47.9073E","LATITUDE":"45°43'11.1356N","LOT":"11","SEI":"63","LIBELLE":"ARP 1970-1","LONG_DD":"0.063308","LAT_DD":"45.71976","gx_media_l":null,"_sp_url":null},"geometry":{"type":"Point","coordinates":[0.06330800000000045,45.71976000000001,0.0]}},{"id":"792","type":"Feature","properties":{"Name":"AR V2 Km 197,390","descriptio":"Attributes\n  ETIQ  AR V2 Km 197,390 \n  NOM_ACCES  PTLA 11-022 \n  AXE  LGV V2 \n  PK  197.39 \n  LONGITUDE  0°4'1.8164E \n  LATITUDE  45°42'7.2918N \n  LOT  11 \n  SEI  63 \n  LIBELLE  ARP 1973-2 \n  LONG_DD  0.067171 \n  LAT_DD  45.702025","timestamp":null,"begin":null,"end":null,"altitudeMo":null,"tessellate":"-1","extrude":"0","visibility":"-1","drawOrder":null,"icon":null,"ETIQ":"AR V2 Km 197,390","NOM_ACCES":"PTLA 11-022","AXE":"LGV V2","PK":"197.39","LONGITUDE":"0°4'1.8164E","LATITUDE":"45°42'7.2918N","LOT":"11","SEI":"63","LIBELLE":"ARP 1973-2","LONG_DD":"0.067171","LAT_DD":"45.702025","gx_media_l":null,"_sp_url":null},"geometry":{"type":"Point","coordinates":[0.06717100000000134,45.702025,0.0]}},{"id":"793","type":"Feature","properties":{"Name":"AR V2 Km 197,489","descriptio":"Attributes\n  ETIQ  AR V2 Km 197,489 \n  NOM_ACCES  PTLA 11-022 \n  AXE  LGV V2 \n  PK  197.489 \n  LONGITUDE  0°4'1.8164E \n  LATITUDE  45°42'7.2918N \n  LOT  11 \n  SEI  63 \n  LIBELLE  ARP 1974-2 \n  LONG_DD  0.067171 \n  LAT_DD  45.702025","timestamp":null,"begin":null,"end":null,"altitudeMo":null,"tessellate":"-1","extrude":"0","visibility":"-1","drawOrder":null,"icon":null,"ETIQ":"AR V2 Km 197,489","NOM_ACCES":"PTLA 11-022","AXE":"LGV V2","PK":"197.489","LONGITUDE":"0°4'1.8164E","LATITUDE":"45°42'7.2918N","LOT":"11","SEI":"63","LIBELLE":"ARP 1974-2","LONG_DD":"0.067171","LAT_DD":"45.702025","gx_media_l":null,"_sp_url":null},"geometry":{"type":"Point","coordinates":[0.06717100000000134,45.702025,0.0]}},{"id":"794","type":"Feature","properties":{"Name":"AP V1 Km 197,490","descriptio":"Attributes\n  ETIQ  AP V1 Km 197,490 \n  NOM_ACCES  PTLO 11-041 \n  AXE  LGV V1 \n  PK  197.49 \n  LONGITUDE  0°3'56.2442E \n  LATITUDE  45°42'34.6489N \n  LOT  11 \n  SEI  63 \n  LIBELLE  APP 1974-1 \n  LONG_DD  0.065623 \n  LAT_DD  45.709625","timestamp":null,"begin":null,"end":null,"altitudeMo":null,"tessellate":"-1","extrude":"0","visibility":"-1","drawOrder":null,"icon":null,"ETIQ":"AP V1 Km 197,490","NOM_ACCES":"PTLO 11-041","AXE":"LGV V1","PK":"197.49","LONGITUDE":"0°3'56.2442E","LATITUDE":"45°42'34.6489N","LOT":"11","SEI":"63","LIBELLE":"APP 1974-1","LONG_DD":"0.065623","LAT_DD":"45.709625","gx_media_l":null,"_sp_url":null},"geometry":{"type":"Point","coordinates":[0.06562299999999993,45.70962500000002,0.0]}},{"id":"795","type":"Feature","properties":{"Name":"AR V2 Km 197,659","descriptio":"Attributes\n  ETIQ  AR V2 Km 197,659 \n  NOM_ACCES  PTLA 11-022 \n  AXE  LGV V2 \n  PK  197.659 \n  LONGITUDE  0°4'1.8164E \n  LATITUDE  45°42'7.2918N \n  LOT  11 \n  SEI  63 \n  LIBELLE  ARP 1976-2 \n  LONG_DD  0.067171 \n  LAT_DD  45.702025","timestamp":null,"begin":null,"end":null,"altitudeMo":null,"tessellate":"-1","extrude":"0","visibility":"-1","drawOrder":null,"icon":null,"ETIQ":"AR V2 Km 197,659","NOM_ACCES":"PTLA 11-022","AXE":"LGV V2","PK":"197.659","LONGITUDE":"0°4'1.8164E","LATITUDE":"45°42'7.2918N","LOT":"11","SEI":"63","LIBELLE":"ARP 1976-2","LONG_DD":"0.067171","LAT_DD":"45.702025","gx_media_l":null,"_sp_url":null},"geometry":{"type":"Point","coordinates":[0.06717100000000134,45.702025,0.0]}},{"id":"796","type":"Feature","properties":{"Name":"AR V2 Km 197,838","descriptio":"Attributes\n  ETIQ  AR V2 Km 197,838 \n  NOM_ACCES  PTLA 11-022 \n  AXE  LGV V2 \n  PK  197.838 \n  LONGITUDE  0°4'1.8164E \n  LATITUDE  45°42'7.2918N \n  LOT  11 \n  SEI  63 \n  LIBELLE  ARP 1978-2 \n  LONG_DD  0.067171 \n  LAT_DD  45.702025","timestamp":null,"begin":null,"end":null,"altitudeMo":null,"tessellate":"-1","extrude":"0","visibility":"-1","drawOrder":null,"icon":null,"ETIQ":"AR V2 Km 197,838","NOM_ACCES":"PTLA 11-022","AXE":"LGV V2","PK":"197.838","LONGITUDE":"0°4'1.8164E","LATITUDE":"45°42'7.2918N","LOT":"11","SEI":"63","LIBELLE":"ARP 1978-2","LONG_DD":"0.067171","LAT_DD":"45.702025","gx_media_l":null,"_sp_url":null},"geometry":{"type":"Point","coordinates":[0.06717100000000134,45.702025,0.0]}},{"id":"797","type":"Feature","properties":{"Name":"AP V1 Km 198,050","descriptio":"Attributes\n  ETIQ  AP V1 Km 198,050 \n  NOM_ACCES  PTLO 11-043 \n  AXE  LGV V1 \n  PK  198.05 \n  LONGITUDE  0°4'1.7935E \n  LATITUDE  45°42'16.9285N \n  LOT  11 \n  SEI  63 \n  LIBELLE  APP 1980-1 \n  LONG_DD  0.067165 \n  LAT_DD  45.704702","timestamp":null,"begin":null,"end":null,"altitudeMo":null,"tessellate":"-1","extrude":"0","visibility":"-1","drawOrder":null,"icon":null,"ETIQ":"AP V1 Km 198,050","NOM_ACCES":"PTLO 11-043","AXE":"LGV V1","PK":"198.05","LONGITUDE":"0°4'1.7935E","LATITUDE":"45°42'16.9285N","LOT":"11","SEI":"63","LIBELLE":"APP 1980-1","LONG_DD":"0.067165","LAT_DD":"45.704702","gx_media_l":null,"_sp_url":null},"geometry":{"type":"Point","coordinates":[0.06716499999999909,45.70470199999999,0.0]}},{"id":"798","type":"Feature","properties":{"Name":"AP V2 Km 198,082","descriptio":"Attributes\n  ETIQ  AP V2 Km 198,082 \n  NOM_ACCES  PTLA 11-022 \n  AXE  LGV V2 \n  PK  198.082 \n  LONGITUDE  0°4'1.8164E \n  LATITUDE  45°42'7.2918N \n  LOT  11 \n  SEI  63 \n  LIBELLE  APP 1980-2 \n  LONG_DD  0.067171 \n  LAT_DD  45.702025","timestamp":null,"begin":null,"end":null,"altitudeMo":null,"tessellate":"-1","extrude":"0","visibility":"-1","drawOrder":null,"icon":null,"ETIQ":"AP V2 Km 198,082","NOM_ACCES":"PTLA 11-022","AXE":"LGV V2","PK":"198.082","LONGITUDE":"0°4'1.8164E","LATITUDE":"45°42'7.2918N","LOT":"11","SEI":"63","LIBELLE":"APP 1980-2","LONG_DD":"0.067171","LAT_DD":"45.702025","gx_media_l":null,"_sp_url":null},"geometry":{"type":"Point","coordinates":[0.06717100000000134,45.702025,0.0]}},{"id":"799","type":"Feature","properties":{"Name":"AP V2 Km 198,456","descriptio":"Attributes\n  ETIQ  AP V2 Km 198,456 \n  NOM_ACCES  PTLA 11-022 \n  AXE  LGV V2 \n  PK  198.456 \n  LONGITUDE  0°4'1.8164E \n  LATITUDE  45°42'7.2918N \n  LOT  11 \n  SEI  63 \n  LIBELLE  APP 1984-2 \n  LONG_DD  0.067171 \n  LAT_DD  45.702025","timestamp":null,"begin":null,"end":null,"altitudeMo":null,"tessellate":"-1","extrude":"0","visibility":"-1","drawOrder":null,"icon":null,"ETIQ":"AP V2 Km 198,456","NOM_ACCES":"PTLA 11-022","AXE":"LGV V2","PK":"198.456","LONGITUDE":"0°4'1.8164E","LATITUDE":"45°42'7.2918N","LOT":"11","SEI":"63","LIBELLE":"APP 1984-2","LONG_DD":"0.067171","LAT_DD":"45.702025","gx_media_l":null,"_sp_url":null},"geometry":{"type":"Point","coordinates":[0.06717100000000134,45.702025,0.0]}},{"id":"800","type":"Feature","properties":{"Name":"AP V1 Km 198,490","descriptio":"Attributes\n  ETIQ  AP V1 Km 198,490 \n  NOM_ACCES  PTLO 11-045 \n  AXE  LGV V1 \n  PK  198.49 \n  LONGITUDE  0°4'5.7138E \n  LATITUDE  45°42'3.0406N \n  LOT  11 \n  SEI  63 \n  LIBELLE  APP 1984-1 \n  LONG_DD  0.068254 \n  LAT_DD  45.700845","timestamp":null,"begin":null,"end":null,"altitudeMo":null,"tessellate":"-1","extrude":"0","visibility":"-1","drawOrder":null,"icon":null,"ETIQ":"AP V1 Km 198,490","NOM_ACCES":"PTLO 11-045","AXE":"LGV V1","PK":"198.49","LONGITUDE":"0°4'5.7138E","LATITUDE":"45°42'3.0406N","LOT":"11","SEI":"63","LIBELLE":"APP 1984-1","LONG_DD":"0.068254","LAT_DD":"45.700845","gx_media_l":null,"_sp_url":null},"geometry":{"type":"Point","coordinates":[0.06825400000000012,45.700845000000015,0.0]}},{"id":"801","type":"Feature","properties":{"Name":"AR V2 Km 198,742","descriptio":"Attributes\n  ETIQ  AR V2 Km 198,742 \n  NOM_ACCES  PTLA 11-022 \n  AXE  LGV V2 \n  PK  198.742 \n  LONGITUDE  0°4'1.8164E \n  LATITUDE  45°42'7.2918N \n  LOT  11 \n  SEI  63 \n  LIBELLE  ARP 1987-2 \n  LONG_DD  0.067171 \n  LAT_DD  45.702025","timestamp":null,"begin":null,"end":null,"altitudeMo":null,"tessellate":"-1","extrude":"0","visibility":"-1","drawOrder":null,"icon":null,"ETIQ":"AR V2 Km 198,742","NOM_ACCES":"PTLA 11-022","AXE":"LGV V2","PK":"198.742","LONGITUDE":"0°4'1.8164E","LATITUDE":"45°42'7.2918N","LOT":"11","SEI":"63","LIBELLE":"ARP 1987-2","LONG_DD":"0.067171","LAT_DD":"45.702025","gx_media_l":null,"_sp_url":null},"geometry":{"type":"Point","coordinates":[0.06717100000000134,45.702025,0.0]}},{"id":"802","type":"Feature","properties":{"Name":"AR V2 Km 198,920","descriptio":"Attributes\n  ETIQ  AR V2 Km 198,920 \n  NOM_ACCES  PTLA 11-022 \n  AXE  LGV V2 \n  PK  198.92 \n  LONGITUDE  0°4'1.8164E \n  LATITUDE  45°42'7.2918N \n  LOT  11 \n  SEI  63 \n  LIBELLE  ARP 1989-2 \n  LONG_DD  0.067171 \n  LAT_DD  45.702025","timestamp":null,"begin":null,"end":null,"altitudeMo":null,"tessellate":"-1","extrude":"0","visibility":"-1","drawOrder":null,"icon":null,"ETIQ":"AR V2 Km 198,920","NOM_ACCES":"PTLA 11-022","AXE":"LGV V2","PK":"198.92","LONGITUDE":"0°4'1.8164E","LATITUDE":"45°42'7.2918N","LOT":"11","SEI":"63","LIBELLE":"ARP 1989-2","LONG_DD":"0.067171","LAT_DD":"45.702025","gx_media_l":null,"_sp_url":null},"geometry":{"type":"Point","coordinates":[0.06717100000000134,45.702025,0.0]}},{"id":"803","type":"Feature","properties":{"Name":"AR V1 Km 199,005","descriptio":"Attributes\n  ETIQ  AR V1 Km 199,005 \n  NOM_ACCES  PTLA 11-019 \n  AXE  LGV V1 \n  PK  199.005 \n  LONGITUDE  0°4'9.0552E \n  LATITUDE  45°41'53.5341N \n  LOT  11 \n  SEI  63 \n  LIBELLE  RRL 1990-1 \n  LONG_DD  0.069182 \n  LAT_DD  45.698204","timestamp":null,"begin":null,"end":null,"altitudeMo":null,"tessellate":"-1","extrude":"0","visibility":"-1","drawOrder":null,"icon":null,"ETIQ":"AR V1 Km 199,005","NOM_ACCES":"PTLA 11-019","AXE":"LGV V1","PK":"199.005","LONGITUDE":"0°4'9.0552E","LATITUDE":"45°41'53.5341N","LOT":"11","SEI":"63","LIBELLE":"RRL 1990-1","LONG_DD":"0.069182","LAT_DD":"45.698204","gx_media_l":null,"_sp_url":null},"geometry":{"type":"Point","coordinates":[0.06918200000000066,45.698204,0.0]}},{"id":"804","type":"Feature","properties":{"Name":"AR V2 Km 199,090","descriptio":"Attributes\n  ETIQ  AR V2 Km 199,090 \n  NOM_ACCES  PTLA 11-022 \n  AXE  LGV V2 \n  PK  199.09 \n  LONGITUDE  0°4'1.8164E \n  LATITUDE  45°42'7.2918N \n  LOT  11 \n  SEI  63 \n  LIBELLE  ARP 1990-2 \n  LONG_DD  0.067171 \n  LAT_DD  45.702025","timestamp":null,"begin":null,"end":null,"altitudeMo":null,"tessellate":"-1","extrude":"0","visibility":"-1","drawOrder":null,"icon":null,"ETIQ":"AR V2 Km 199,090","NOM_ACCES":"PTLA 11-022","AXE":"LGV V2","PK":"199.09","LONGITUDE":"0°4'1.8164E","LATITUDE":"45°42'7.2918N","LOT":"11","SEI":"63","LIBELLE":"ARP 1990-2","LONG_DD":"0.067171","LAT_DD":"45.702025","gx_media_l":null,"_sp_url":null},"geometry":{"type":"Point","coordinates":[0.06717100000000134,45.702025,0.0]}},{"id":"805","type":"Feature","properties":{"Name":"AR V1 Km 199,477","descriptio":"Attributes\n  ETIQ  AR V1 Km 199,477 \n  NOM_ACCES  PTLA 11-021 \n  AXE  LGV V1 \n  PK  199.477 \n  LONGITUDE  0°4'16.0033E \n  LATITUDE  45°41'36.4889N \n  LOT  11 \n  SEI  63 \n  LIBELLE  ARP 1994-1 \n  LONG_DD  0.071112 \n  LAT_DD  45.693469","timestamp":null,"begin":null,"end":null,"altitudeMo":null,"tessellate":"-1","extrude":"0","visibility":"-1","drawOrder":null,"icon":null,"ETIQ":"AR V1 Km 199,477","NOM_ACCES":"PTLA 11-021","AXE":"LGV V1","PK":"199.477","LONGITUDE":"0°4'16.0033E","LATITUDE":"45°41'36.4889N","LOT":"11","SEI":"63","LIBELLE":"ARP 1994-1","LONG_DD":"0.071112","LAT_DD":"45.693469","gx_media_l":null,"_sp_url":null},"geometry":{"type":"Point","coordinates":[0.07111200000000055,45.693469000000015,0.0]}},{"id":"806","type":"Feature","properties":{"Name":"AR V2 Km 199,630","descriptio":"Attributes\n  ETIQ  AR V2 Km 199,630 \n  NOM_ACCES  PTLA 11-022 \n  AXE  LGV V2 \n  PK  199.63 \n  LONGITUDE  0°4'1.8164E \n  LATITUDE  45°42'7.2918N \n  LOT  11 \n  SEI  63 \n  LIBELLE  ARP 1996-2 \n  LONG_DD  0.067171 \n  LAT_DD  45.702025","timestamp":null,"begin":null,"end":null,"altitudeMo":null,"tessellate":"-1","extrude":"0","visibility":"-1","drawOrder":null,"icon":null,"ETIQ":"AR V2 Km 199,630","NOM_ACCES":"PTLA 11-022","AXE":"LGV V2","PK":"199.63","LONGITUDE":"0°4'1.8164E","LATITUDE":"45°42'7.2918N","LOT":"11","SEI":"63","LIBELLE":"ARP 1996-2","LONG_DD":"0.067171","LAT_DD":"45.702025","gx_media_l":null,"_sp_url":null},"geometry":{"type":"Point","coordinates":[0.06717100000000134,45.702025,0.0]}},{"id":"807","type":"Feature","properties":{"Name":"AP V1 Km 200,565","descriptio":"Attributes\n  ETIQ  AP V1 Km 200,565 \n  NOM_ACCES  PTLA 11-023 \n  AXE  LGV V1 \n  PK  200.565 \n  LONGITUDE  0°4'28.7036E \n  LATITUDE  45°40'51.4812N \n  LOT  11 \n  SEI  63 \n  LIBELLE  APP 2006-1 \n  LONG_DD  0.07464 \n  LAT_DD  45.680967","timestamp":null,"begin":null,"end":null,"altitudeMo":null,"tessellate":"-1","extrude":"0","visibility":"-1","drawOrder":null,"icon":null,"ETIQ":"AP V1 Km 200,565","NOM_ACCES":"PTLA 11-023","AXE":"LGV V1","PK":"200.565","LONGITUDE":"0°4'28.7036E","LATITUDE":"45°40'51.4812N","LOT":"11","SEI":"63","LIBELLE":"APP 2006-1","LONG_DD":"0.07464","LAT_DD":"45.680967","gx_media_l":null,"_sp_url":null},"geometry":{"type":"Point","coordinates":[0.07464000000000036,45.680966999999995,0.0]}},{"id":"808","type":"Feature","properties":{"Name":"AP V2 Km 200,565","descriptio":"Attributes\n  ETIQ  AP V2 Km 200,565 \n  NOM_ACCES  PTLA 11-024 \n  AXE  LGV V2 \n  PK  200.565 \n  LONGITUDE  0°4'26.3249E \n  LATITUDE  45°40'50.7778N \n  LOT  11 \n  SEI  63 \n  LIBELLE  APP 2005-2 \n  LONG_DD  0.073979 \n  LAT_DD  45.680772","timestamp":null,"begin":null,"end":null,"altitudeMo":null,"tessellate":"-1","extrude":"0","visibility":"-1","drawOrder":null,"icon":null,"ETIQ":"AP V2 Km 200,565","NOM_ACCES":"PTLA 11-024","AXE":"LGV V2","PK":"200.565","LONGITUDE":"0°4'26.3249E","LATITUDE":"45°40'50.7778N","LOT":"11","SEI":"63","LIBELLE":"APP 2005-2","LONG_DD":"0.073979","LAT_DD":"45.680772","gx_media_l":null,"_sp_url":null},"geometry":{"type":"Point","coordinates":[0.07397900000000039,45.680772000000005,0.0]}},{"id":"809","type":"Feature","properties":{"Name":"AR V1 Km 201,180","descriptio":"Attributes\n  ETIQ  AR V1 Km 201,180 \n  NOM_ACCES  PTLA 11-025 \n  AXE  LGV V1 \n  PK  201.18 \n  LONGITUDE  0°4'30.5395E \n  LATITUDE  45°40'36.607N \n  LOT  11 \n  SEI  63 \n  LIBELLE  ARP 2011-1 \n  LONG_DD  0.07515 \n  LAT_DD  45.676835","timestamp":null,"begin":null,"end":null,"altitudeMo":null,"tessellate":"-1","extrude":"0","visibility":"-1","drawOrder":null,"icon":null,"ETIQ":"AR V1 Km 201,180","NOM_ACCES":"PTLA 11-025","AXE":"LGV V1","PK":"201.18","LONGITUDE":"0°4'30.5395E","LATITUDE":"45°40'36.607N","LOT":"11","SEI":"63","LIBELLE":"ARP 2011-1","LONG_DD":"0.07515","LAT_DD":"45.676835","gx_media_l":null,"_sp_url":null},"geometry":{"type":"Point","coordinates":[0.07515000000000004,45.67683500000001,0.0]}},{"id":"810","type":"Feature","properties":{"Name":"AR V2 Km 201,180","descriptio":"Attributes\n  ETIQ  AR V2 Km 201,180 \n  NOM_ACCES  PTLA 11-026 \n  AXE  LGV V2 \n  PK  201.18 \n  LONGITUDE  0°4'28.5987E \n  LATITUDE  45°40'36.6692N \n  LOT  11 \n  SEI  63 \n  LIBELLE  ARP 2011-2 \n  LONG_DD  0.074611 \n  LAT_DD  45.676853","timestamp":null,"begin":null,"end":null,"altitudeMo":null,"tessellate":"-1","extrude":"0","visibility":"-1","drawOrder":null,"icon":null,"ETIQ":"AR V2 Km 201,180","NOM_ACCES":"PTLA 11-026","AXE":"LGV V2","PK":"201.18","LONGITUDE":"0°4'28.5987E","LATITUDE":"45°40'36.6692N","LOT":"11","SEI":"63","LIBELLE":"ARP 2011-2","LONG_DD":"0.074611","LAT_DD":"45.676853","gx_media_l":null,"_sp_url":null},"geometry":{"type":"Point","coordinates":[0.0746110000000006,45.676853000000015,0.0]}},{"id":"811","type":"Feature","properties":{"Name":"AP V1 Km 201,550","descriptio":"Attributes\n  ETIQ  AP V1 Km 201,550 \n  NOM_ACCES  PTLO 11-047 \n  AXE  LGV V1 \n  PK  201.55 \n  LONGITUDE  0°4'31.6275E \n  LATITUDE  45°40'25.3943N \n  LOT  11 \n  SEI  63 \n  LIBELLE  APP 2015-1 \n  LONG_DD  0.075452 \n  LAT_DD  45.673721","timestamp":null,"begin":null,"end":null,"altitudeMo":null,"tessellate":"-1","extrude":"0","visibility":"-1","drawOrder":null,"icon":null,"ETIQ":"AP V1 Km 201,550","NOM_ACCES":"PTLO 11-047","AXE":"LGV V1","PK":"201.55","LONGITUDE":"0°4'31.6275E","LATITUDE":"45°40'25.3943N","LOT":"11","SEI":"63","LIBELLE":"APP 2015-1","LONG_DD":"0.075452","LAT_DD":"45.673721","gx_media_l":null,"_sp_url":null},"geometry":{"type":"Point","coordinates":[0.07545199999999945,45.67372099999999,0.0]}},{"id":"812","type":"Feature","properties":{"Name":"AP V2 Km 201,550","descriptio":"Attributes\n  ETIQ  AP V2 Km 201,550 \n  NOM_ACCES  PTLO 11-038 \n  AXE  LGV V2 \n  PK  201.55 \n  LONGITUDE  0°4'28.1923E \n  LATITUDE  45°40'24.1283N \n  LOT  11 \n  SEI  63 \n  LIBELLE  APP 2015-2 \n  LONG_DD  0.074498 \n  LAT_DD  45.673369","timestamp":null,"begin":null,"end":null,"altitudeMo":null,"tessellate":"-1","extrude":"0","visibility":"-1","drawOrder":null,"icon":null,"ETIQ":"AP V2 Km 201,550","NOM_ACCES":"PTLO 11-038","AXE":"LGV V2","PK":"201.55","LONGITUDE":"0°4'28.1923E","LATITUDE":"45°40'24.1283N","LOT":"11","SEI":"63","LIBELLE":"APP 2015-2","LONG_DD":"0.074498","LAT_DD":"45.673369","gx_media_l":null,"_sp_url":null},"geometry":{"type":"Point","coordinates":[0.07449799999999947,45.673369,0.0]}},{"id":"813","type":"Feature","properties":{"Name":"AP V1 Km 202,150","descriptio":"Attributes\n  ETIQ  AP V1 Km 202,150 \n  NOM_ACCES  PTLO 11-049 \n  AXE  LGV V1 \n  PK  202.15 \n  LONGITUDE  0°4'30.8843E \n  LATITUDE  45°40'5.0716N \n  LOT  11 \n  SEI  63 \n  LIBELLE  APP 2021-1 \n  LONG_DD  0.075246 \n  LAT_DD  45.668075","timestamp":null,"begin":null,"end":null,"altitudeMo":null,"tessellate":"-1","extrude":"0","visibility":"-1","drawOrder":null,"icon":null,"ETIQ":"AP V1 Km 202,150","NOM_ACCES":"PTLO 11-049","AXE":"LGV V1","PK":"202.15","LONGITUDE":"0°4'30.8843E","LATITUDE":"45°40'5.0716N","LOT":"11","SEI":"63","LIBELLE":"APP 2021-1","LONG_DD":"0.075246","LAT_DD":"45.668075","gx_media_l":null,"_sp_url":null},"geometry":{"type":"Point","coordinates":[0.07524600000000073,45.668075,0.0]}},{"id":"814","type":"Feature","properties":{"Name":"AP V2 Km 202,150","descriptio":"Attributes\n  ETIQ  AP V2 Km 202,150 \n  NOM_ACCES  PTLO 11-040 \n  AXE  LGV V2 \n  PK  202.15 \n  LONGITUDE  0°4'26.8304E \n  LATITUDE  45°40'5.6071N \n  LOT  11 \n  SEI  63 \n  LIBELLE  APP 2021-2 \n  LONG_DD  0.07412 \n  LAT_DD  45.668224","timestamp":null,"begin":null,"end":null,"altitudeMo":null,"tessellate":"-1","extrude":"0","visibility":"-1","drawOrder":null,"icon":null,"ETIQ":"AP V2 Km 202,150","NOM_ACCES":"PTLO 11-040","AXE":"LGV V2","PK":"202.15","LONGITUDE":"0°4'26.8304E","LATITUDE":"45°40'5.6071N","LOT":"11","SEI":"63","LIBELLE":"APP 2021-2","LONG_DD":"0.07412","LAT_DD":"45.668224","gx_media_l":null,"_sp_url":null},"geometry":{"type":"Point","coordinates":[0.07412000000000012,45.668223999999995,0.0]}},{"id":"815","type":"Feature","properties":{"Name":"AP V1 Km 202,730","descriptio":"Attributes\n  ETIQ  AP V1 Km 202,730 \n  NOM_ACCES  PTLO 11-051 \n  AXE  LGV V1 \n  PK  202.73 \n  LONGITUDE  0°4'27.2859E \n  LATITUDE  45°39'47.1365N \n  LOT  11 \n  SEI  63 \n  LIBELLE  APP 2027-1 \n  LONG_DD  0.074246 \n  LAT_DD  45.663093","timestamp":null,"begin":null,"end":null,"altitudeMo":null,"tessellate":"-1","extrude":"0","visibility":"-1","drawOrder":null,"icon":null,"ETIQ":"AP V1 Km 202,730","NOM_ACCES":"PTLO 11-051","AXE":"LGV V1","PK":"202.73","LONGITUDE":"0°4'27.2859E","LATITUDE":"45°39'47.1365N","LOT":"11","SEI":"63","LIBELLE":"APP 2027-1","LONG_DD":"0.074246","LAT_DD":"45.663093","gx_media_l":null,"_sp_url":null},"geometry":{"type":"Point","coordinates":[0.07424600000000095,45.663093,0.0]}},{"id":"816","type":"Feature","properties":{"Name":"AP V2 Km 202,730","descriptio":"Attributes\n  ETIQ  AP V2 Km 202,730 \n  NOM_ACCES  PTLO 11-042 \n  AXE  LGV V2 \n  PK  202.73 \n  LONGITUDE  0°4'24.0566E \n  LATITUDE  45°39'47.5191N \n  LOT  11 \n  SEI  63 \n  LIBELLE  APP 2027-2 \n  LONG_DD  0.073349 \n  LAT_DD  45.6632","timestamp":null,"begin":null,"end":null,"altitudeMo":null,"tessellate":"-1","extrude":"0","visibility":"-1","drawOrder":null,"icon":null,"ETIQ":"AP V2 Km 202,730","NOM_ACCES":"PTLO 11-042","AXE":"LGV V2","PK":"202.73","LONGITUDE":"0°4'24.0566E","LATITUDE":"45°39'47.5191N","LOT":"11","SEI":"63","LIBELLE":"APP 2027-2","LONG_DD":"0.073349","LAT_DD":"45.6632","gx_media_l":null,"_sp_url":null},"geometry":{"type":"Point","coordinates":[0.07334900000000093,45.6632,0.0]}},{"id":"817","type":"Feature","properties":{"Name":"AR V2 Km 203,690","descriptio":"Attributes\n  ETIQ  AR V2 Km 203,690 \n  NOM_ACCES  PTLA 11-028 \n  AXE  LGV V2 \n  PK  203.69 \n  LONGITUDE  0°4'16.284E \n  LATITUDE  45°39'18.7494N \n  LOT  11 \n  SEI  63 \n  LIBELLE  RRG 2036-2 \n  LONG_DD  0.07119 \n  LAT_DD  45.655208","timestamp":null,"begin":null,"end":null,"altitudeMo":null,"tessellate":"-1","extrude":"0","visibility":"-1","drawOrder":null,"icon":null,"ETIQ":"AR V2 Km 203,690","NOM_ACCES":"PTLA 11-028","AXE":"LGV V2","PK":"203.69","LONGITUDE":"0°4'16.284E","LATITUDE":"45°39'18.7494N","LOT":"11","SEI":"63","LIBELLE":"RRG 2036-2","LONG_DD":"0.07119","LAT_DD":"45.655208","gx_media_l":null,"_sp_url":null},"geometry":{"type":"Point","coordinates":[0.07119000000000085,45.65520800000001,0.0]}},{"id":"818","type":"Feature","properties":{"Name":"AR V1 Km 203,693","descriptio":"Attributes\n  ETIQ  AR V1 Km 203,693 \n  NOM_ACCES  PTLA 11-027 \n  AXE  LGV V1 \n  PK  203.693 \n  LONGITUDE  0°4'20.2326E \n  LATITUDE  45°39'17.4027N \n  LOT  11 \n  SEI  63 \n  LIBELLE  RRG 2036-1 \n  LONG_DD  0.072287 \n  LAT_DD  45.654834","timestamp":null,"begin":null,"end":null,"altitudeMo":null,"tessellate":"-1","extrude":"0","visibility":"-1","drawOrder":null,"icon":null,"ETIQ":"AR V1 Km 203,693","NOM_ACCES":"PTLA 11-027","AXE":"LGV V1","PK":"203.693","LONGITUDE":"0°4'20.2326E","LATITUDE":"45°39'17.4027N","LOT":"11","SEI":"63","LIBELLE":"RRG 2036-1","LONG_DD":"0.072287","LAT_DD":"45.654834","gx_media_l":null,"_sp_url":null},"geometry":{"type":"Point","coordinates":[0.0722870000000005,45.654834,0.0]}},{"id":"819","type":"Feature","properties":{"Name":"AP V2 Km 204,130","descriptio":"Attributes\n  ETIQ  AP V2 Km 204,130 \n  NOM_ACCES  PTLO 11-044 \n  AXE  LGV V2 \n  PK  204.13 \n  LONGITUDE  0°4'13.2237E \n  LATITUDE  45°39'2.7541N \n  LOT  11 \n  SEI  63 \n  LIBELLE  APP 2041-2 \n  LONG_DD  0.07034 \n  LAT_DD  45.650765","timestamp":null,"begin":null,"end":null,"altitudeMo":null,"tessellate":"-1","extrude":"0","visibility":"-1","drawOrder":null,"icon":null,"ETIQ":"AP V2 Km 204,130","NOM_ACCES":"PTLO 11-044","AXE":"LGV V2","PK":"204.13","LONGITUDE":"0°4'13.2237E","LATITUDE":"45°39'2.7541N","LOT":"11","SEI":"63","LIBELLE":"APP 2041-2","LONG_DD":"0.07034","LAT_DD":"45.650765","gx_media_l":null,"_sp_url":null},"geometry":{"type":"Point","coordinates":[0.070340000000001,45.650765,0.0]}},{"id":"820","type":"Feature","properties":{"Name":"AP V1 Km 204,529","descriptio":"Attributes\n  ETIQ  AP V1 Km 204,529 \n  NOM_ACCES  PTLO 11-057 \n  AXE  LGV V1 \n  PK  204.529 \n  LONGITUDE  0°4'14.7775E \n  LATITUDE  45°38'48.2557N \n  LOT  11 \n  SEI  63 \n  LIBELLE  APP 2045-1 \n  LONG_DD  0.070772 \n  LAT_DD  45.646738","timestamp":null,"begin":null,"end":null,"altitudeMo":null,"tessellate":"-1","extrude":"0","visibility":"-1","drawOrder":null,"icon":null,"ETIQ":"AP V1 Km 204,529","NOM_ACCES":"PTLO 11-057","AXE":"LGV V1","PK":"204.529","LONGITUDE":"0°4'14.7775E","LATITUDE":"45°38'48.2557N","LOT":"11","SEI":"63","LIBELLE":"APP 2045-1","LONG_DD":"0.070772","LAT_DD":"45.646738","gx_media_l":null,"_sp_url":null},"geometry":{"type":"Point","coordinates":[0.07077200000000038,45.646738000000006,0.0]}},{"id":"821","type":"Feature","properties":{"Name":"AP V2 Km 204,529","descriptio":"Attributes\n  ETIQ  AP V2 Km 204,529 \n  NOM_ACCES  PTLO 11-046 \n  AXE  LGV V2 \n  PK  204.529 \n  LONGITUDE  0°4'11.7228E \n  LATITUDE  45°38'46.0085N \n  LOT  11 \n  SEI  63 \n  LIBELLE  APP 2045-2 \n  LONG_DD  0.069923 \n  LAT_DD  45.646113","timestamp":null,"begin":null,"end":null,"altitudeMo":null,"tessellate":"-1","extrude":"0","visibility":"-1","drawOrder":null,"icon":null,"ETIQ":"AP V2 Km 204,529","NOM_ACCES":"PTLO 11-046","AXE":"LGV V2","PK":"204.529","LONGITUDE":"0°4'11.7228E","LATITUDE":"45°38'46.0085N","LOT":"11","SEI":"63","LIBELLE":"APP 2045-2","LONG_DD":"0.069923","LAT_DD":"45.646113","gx_media_l":null,"_sp_url":null},"geometry":{"type":"Point","coordinates":[0.06992300000000089,45.646113,0.0]}},{"id":"822","type":"Feature","properties":{"Name":"AP V1 Km 204,945","descriptio":"Attributes\n  ETIQ  AP V1 Km 204,945 \n  NOM_ACCES  PTLO 11-059 \n  AXE  LGV V1 \n  PK  204.945 \n  LONGITUDE  0°4'14.4593E \n  LATITUDE  45°38'36.2816N \n  LOT  11 \n  SEI  63 \n  LIBELLE  APP 2049-1 \n  LONG_DD  0.070683 \n  LAT_DD  45.643412","timestamp":null,"begin":null,"end":null,"altitudeMo":null,"tessellate":"-1","extrude":"0","visibility":"-1","drawOrder":null,"icon":null,"ETIQ":"AP V1 Km 204,945","NOM_ACCES":"PTLO 11-059","AXE":"LGV V1","PK":"204.945","LONGITUDE":"0°4'14.4593E","LATITUDE":"45°38'36.2816N","LOT":"11","SEI":"63","LIBELLE":"APP 2049-1","LONG_DD":"0.070683","LAT_DD":"45.643412","gx_media_l":null,"_sp_url":null},"geometry":{"type":"Point","coordinates":[0.07068300000000032,45.643412000000005,0.0]}},{"id":"823","type":"Feature","properties":{"Name":"AP V1 Km 205,120","descriptio":"Attributes\n  ETIQ  AP V1 Km 205,120 \n  NOM_ACCES  PTLO 11-061 \n  AXE  LGV V1 \n  PK  205.12 \n  LONGITUDE  0°4'13.2761E \n  LATITUDE  45°38'29.4336N \n  LOT  11 \n  SEI  63 \n  LIBELLE  APP 2052-1 \n  LONG_DD  0.070354 \n  LAT_DD  45.641509","timestamp":null,"begin":null,"end":null,"altitudeMo":null,"tessellate":"-1","extrude":"0","visibility":"-1","drawOrder":null,"icon":null,"ETIQ":"AP V1 Km 205,120","NOM_ACCES":"PTLO 11-061","AXE":"LGV V1","PK":"205.12","LONGITUDE":"0°4'13.2761E","LATITUDE":"45°38'29.4336N","LOT":"11","SEI":"63","LIBELLE":"APP 2052-1","LONG_DD":"0.070354","LAT_DD":"45.641509","gx_media_l":null,"_sp_url":null},"geometry":{"type":"Point","coordinates":[0.07035400000000029,45.641509,0.0]}},{"id":"824","type":"Feature","properties":{"Name":"AP V2 Km 205,120","descriptio":"Attributes\n  ETIQ  AP V2 Km 205,120 \n  NOM_ACCES  PTLO 11-061 \n  AXE  LGV V2 \n  PK  205.12 \n  LONGITUDE  0°4'13.2761E \n  LATITUDE  45°38'29.4336N \n  LOT  11 \n  SEI  63 \n  LIBELLE  APP 2052-2 \n  LONG_DD  0.070354 \n  LAT_DD  45.641509","timestamp":null,"begin":null,"end":null,"altitudeMo":null,"tessellate":"-1","extrude":"0","visibility":"-1","drawOrder":null,"icon":null,"ETIQ":"AP V2 Km 205,120","NOM_ACCES":"PTLO 11-061","AXE":"LGV V2","PK":"205.12","LONGITUDE":"0°4'13.2761E","LATITUDE":"45°38'29.4336N","LOT":"11","SEI":"63","LIBELLE":"APP 2052-2","LONG_DD":"0.070354","LAT_DD":"45.641509","gx_media_l":null,"_sp_url":null},"geometry":{"type":"Point","coordinates":[0.07035400000000029,45.641509,0.0]}},{"id":"825","type":"Feature","properties":{"Name":"AP V1 Km 205,525","descriptio":"Attributes\n  ETIQ  AP V1 Km 205,525 \n  NOM_ACCES  PTLO-L12-002 \n  AXE  LGV V1 \n  PK  205.525 \n  LONGITUDE  0°4'13.2863E \n  LATITUDE  45°38'18.3658N \n  LOT  12 \n  SEI  63 \n  LIBELLE  APP 2055-1 \n  LONG_DD  0.070357 \n  LAT_DD  45.638435","timestamp":null,"begin":null,"end":null,"altitudeMo":null,"tessellate":"-1","extrude":"0","visibility":"-1","drawOrder":null,"icon":null,"ETIQ":"AP V1 Km 205,525","NOM_ACCES":"PTLO-L12-002","AXE":"LGV V1","PK":"205.525","LONGITUDE":"0°4'13.2863E","LATITUDE":"45°38'18.3658N","LOT":"12","SEI":"63","LIBELLE":"APP 2055-1","LONG_DD":"0.070357","LAT_DD":"45.638435","gx_media_l":null,"_sp_url":null},"geometry":{"type":"Point","coordinates":[0.07035700000000022,45.63843500000001,0.0]}},{"id":"826","type":"Feature","properties":{"Name":"AP V2 Km 205,525","descriptio":"Attributes\n  ETIQ  AP V2 Km 205,525 \n  NOM_ACCES  PTLO-L12-002 \n  AXE  LGV V2 \n  PK  205.525 \n  LONGITUDE  0°4'13.2863E \n  LATITUDE  45°38'18.3658N \n  LOT  12 \n  SEI  63 \n  LIBELLE  APP 2055-2 \n  LONG_DD  0.070357 \n  LAT_DD  45.638435","timestamp":null,"begin":null,"end":null,"altitudeMo":null,"tessellate":"-1","extrude":"0","visibility":"-1","drawOrder":null,"icon":null,"ETIQ":"AP V2 Km 205,525","NOM_ACCES":"PTLO-L12-002","AXE":"LGV V2","PK":"205.525","LONGITUDE":"0°4'13.2863E","LATITUDE":"45°38'18.3658N","LOT":"12","SEI":"63","LIBELLE":"APP 2055-2","LONG_DD":"0.070357","LAT_DD":"45.638435","gx_media_l":null,"_sp_url":null},"geometry":{"type":"Point","coordinates":[0.07035700000000022,45.63843500000001,0.0]}},{"id":"827","type":"Feature","properties":{"Name":"AR V1 Km 205,705","descriptio":"Attributes\n  ETIQ  AR V1 Km 205,705 \n  NOM_ACCES  PTLO-L12-001a \n  AXE  LGV V1 \n  PK  205.705 \n  LONGITUDE  0°4'14.171E \n  LATITUDE  45°38'11.5819N \n  LOT  12 \n  SEI  63 \n  LIBELLE  ARP 2057-1 \n  LONG_DD  0.070603 \n  LAT_DD  45.636551","timestamp":null,"begin":null,"end":null,"altitudeMo":null,"tessellate":"-1","extrude":"0","visibility":"-1","drawOrder":null,"icon":null,"ETIQ":"AR V1 Km 205,705","NOM_ACCES":"PTLO-L12-001a","AXE":"LGV V1","PK":"205.705","LONGITUDE":"0°4'14.171E","LATITUDE":"45°38'11.5819N","LOT":"12","SEI":"63","LIBELLE":"ARP 2057-1","LONG_DD":"0.070603","LAT_DD":"45.636551","gx_media_l":null,"_sp_url":null},"geometry":{"type":"Point","coordinates":[0.07073300000000002,45.636016000000005,0.0]}},{"id":"828","type":"Feature","properties":{"Name":"AR avancé V1 Km 205,705","descriptio":null,"timestamp":null,"begin":null,"end":null,"altitudeMo":null,"tessellate":"-1","extrude":"0","visibility":"-1","drawOrder":null,"icon":null,"ETIQ":null,"NOM_ACCES":null,"AXE":null,"PK":"205,705","LONGITUDE":null,"LATITUDE":null,"LOT":null,"SEI":null,"LIBELLE":null,"LONG_DD":null,"LAT_DD":null,"gx_media_l":"https://lh3.googleusercontent.com/umsh/AN6v0v4Fyhj8-8GJjUgKeM__VLHakuaUsVRcyXMRayUCEjAcMwJ8m5kdd1bkivVnVYEIqtKjuty8sch4HOtdMwspja6LalUv2hEV2Eg6TJxmm3c0OZgoGqFBcgGwZdM1ErQyCqngqfhFAfvXQ7YsICt5uap8v96GdBCYALAyBphXuhwHg_M8GqJ96R6e60rQVsf94csZlWpGxIX45FNhbKd","_sp_url":null},"geometry":{"type":"Point","coordinates":[0.07094899999999932,45.63227300000001,0.0]}},{"id":"829","type":"Feature","properties":{"Name":"AR V2 Km 205,707","descriptio":"Attributes\n  ETIQ  AR V2 Km 205,707 \n  NOM_ACCES  PTLA-L12-002 \n  AXE  LGV V2 \n  PK  205.707 \n  LONGITUDE  0°4'12.4631E \n  LATITUDE  45°37'57.6543N \n  LOT  12 \n  SEI  63 \n  LIBELLE  RRL 2057-2 \n  LONG_DD  0.070129 \n  LAT_DD  45.632682","timestamp":null,"begin":null,"end":null,"altitudeMo":null,"tessellate":"-1","extrude":"0","visibility":"-1","drawOrder":null,"icon":null,"ETIQ":"AR V2 Km 205,707","NOM_ACCES":"PTLA-L12-002","AXE":"LGV V2","PK":"205.707","LONGITUDE":"0°4'12.4631E","LATITUDE":"45°37'57.6543N","LOT":"12","SEI":"63","LIBELLE":"RRL 2057-2","LONG_DD":"0.070129","LAT_DD":"45.632682","gx_media_l":null,"_sp_url":null},"geometry":{"type":"Point","coordinates":[0.07012900000000001,45.63268200000001,0.0]}},{"id":"830","type":"Feature","properties":{"Name":"AP V2 Km 206,670","descriptio":"Attributes\n  ETIQ  AP V2 Km 206,670 \n  NOM_ACCES  PTLO-L12-004 \n  AXE  LGV V2 \n  PK  206.67 \n  LONGITUDE  0°4'13.1405E \n  LATITUDE  45°37'40.7287N \n  LOT  12 \n  SEI  63 \n  LIBELLE  APP 2066-2 \n  LONG_DD  0.070317 \n  LAT_DD  45.62798","timestamp":null,"begin":null,"end":null,"altitudeMo":null,"tessellate":"-1","extrude":"0","visibility":"-1","drawOrder":null,"icon":null,"ETIQ":"AP V2 Km 206,670","NOM_ACCES":"PTLO-L12-004","AXE":"LGV V2","PK":"206.67","LONGITUDE":"0°4'13.1405E","LATITUDE":"45°37'40.7287N","LOT":"12","SEI":"63","LIBELLE":"APP 2066-2","LONG_DD":"0.070317","LAT_DD":"45.62798","gx_media_l":null,"_sp_url":null},"geometry":{"type":"Point","coordinates":[0.07031699999999991,45.62798000000002,0.0]}},{"id":"831","type":"Feature","properties":{"Name":"AP V1 Km 206,690","descriptio":"Attributes\n  ETIQ  AP V1 Km 206,690 \n  NOM_ACCES  PTLO-L12-005 \n  AXE  LGV V1 \n  PK  206.69 \n  LONGITUDE  0°4'14.5946E \n  LATITUDE  45°37'40.0857N \n  LOT  12 \n  SEI  63 \n  LIBELLE  APP 2067-1 \n  LONG_DD  0.070721 \n  LAT_DD  45.627802","timestamp":null,"begin":null,"end":null,"altitudeMo":null,"tessellate":"-1","extrude":"0","visibility":"-1","drawOrder":null,"icon":null,"ETIQ":"AP V1 Km 206,690","NOM_ACCES":"PTLO-L12-005","AXE":"LGV V1","PK":"206.69","LONGITUDE":"0°4'14.5946E","LATITUDE":"45°37'40.0857N","LOT":"12","SEI":"63","LIBELLE":"APP 2067-1","LONG_DD":"0.070721","LAT_DD":"45.627802","gx_media_l":null,"_sp_url":null},"geometry":{"type":"Point","coordinates":[0.07072100000000148,45.62780199999998,0.0]}},{"id":"832","type":"Feature","properties":{"Name":"AP V2 Km 207,560","descriptio":"Attributes\n  ETIQ  AP V2 Km 207,560 \n  NOM_ACCES  PTLO-L12-006 \n  AXE  LGV V2 \n  PK  207.56 \n  LONGITUDE  0°4'8.4017E \n  LATITUDE  45°37'10.4663N \n  LOT  12 \n  SEI  63 \n  LIBELLE  APP 2075-2 \n  LONG_DD  0.069 \n  LAT_DD  45.619574","timestamp":null,"begin":null,"end":null,"altitudeMo":null,"tessellate":"-1","extrude":"0","visibility":"-1","drawOrder":null,"icon":null,"ETIQ":"AP V2 Km 207,560","NOM_ACCES":"PTLO-L12-006","AXE":"LGV V2","PK":"207.56","LONGITUDE":"0°4'8.4017E","LATITUDE":"45°37'10.4663N","LOT":"12","SEI":"63","LIBELLE":"APP 2075-2","LONG_DD":"0.069","LAT_DD":"45.619574","gx_media_l":null,"_sp_url":null},"geometry":{"type":"Point","coordinates":[0.06899999999999984,45.619574000000014,0.0]}},{"id":"833","type":"Feature","properties":{"Name":"AP V1 Km 207,560","descriptio":"Attributes\n  ETIQ  AP V1 Km 207,560 \n  NOM_ACCES  PTLO-L12-006 \n  AXE  LGV V1 \n  PK  207.56 \n  LONGITUDE  0°4'8.4017E \n  LATITUDE  45°37'10.4663N \n  LOT  12 \n  SEI  63 \n  LIBELLE  APP 2075-1 \n  LONG_DD  0.069 \n  LAT_DD  45.619574","timestamp":null,"begin":null,"end":null,"altitudeMo":null,"tessellate":"-1","extrude":"0","visibility":"-1","drawOrder":null,"icon":null,"ETIQ":"AP V1 Km 207,560","NOM_ACCES":"PTLO-L12-006","AXE":"LGV V1","PK":"207.56","LONGITUDE":"0°4'8.4017E","LATITUDE":"45°37'10.4663N","LOT":"12","SEI":"63","LIBELLE":"APP 2075-1","LONG_DD":"0.069","LAT_DD":"45.619574","gx_media_l":null,"_sp_url":null},"geometry":{"type":"Point","coordinates":[0.06899999999999984,45.619574000000014,0.0]}},{"id":"834","type":"Feature","properties":{"Name":"AR V1 Km 208,046","descriptio":"Attributes\n  ETIQ  AR V1 Km 208,046 \n  NOM_ACCES  PTLA-L12-005 \n  AXE  LGV V1 \n  PK  208.046 \n  LONGITUDE  0°4'6.0887E \n  LATITUDE  45°36'52.3633N \n  LOT  12 \n  SEI  63 \n  LIBELLE  ARP 2080-1 \n  LONG_DD  0.068358 \n  LAT_DD  45.614545","timestamp":null,"begin":null,"end":null,"altitudeMo":null,"tessellate":"-1","extrude":"0","visibility":"-1","drawOrder":null,"icon":null,"ETIQ":"AR V1 Km 208,046","NOM_ACCES":"PTLA-L12-005","AXE":"LGV V1","PK":"208.046","LONGITUDE":"0°4'6.0887E","LATITUDE":"45°36'52.3633N","LOT":"12","SEI":"63","LIBELLE":"ARP 2080-1","LONG_DD":"0.068358","LAT_DD":"45.614545","gx_media_l":null,"_sp_url":null},"geometry":{"type":"Point","coordinates":[0.06835800000000025,45.61454500000001,0.0]}},{"id":"835","type":"Feature","properties":{"Name":"AR V2 Km 208,046","descriptio":"Attributes\n  ETIQ  AR V2 Km 208,046 \n  NOM_ACCES  PTLA-L12-004 \n  AXE  LGV V2 \n  PK  208.046 \n  LONGITUDE  0°4'1.7708E \n  LATITUDE  45°36'51.768N \n  LOT  12 \n  SEI  63 \n  LIBELLE  ARP 2080-2 \n  LONG_DD  0.067159 \n  LAT_DD  45.61438","timestamp":null,"begin":null,"end":null,"altitudeMo":null,"tessellate":"-1","extrude":"0","visibility":"-1","drawOrder":null,"icon":null,"ETIQ":"AR V2 Km 208,046","NOM_ACCES":"PTLA-L12-004","AXE":"LGV V2","PK":"208.046","LONGITUDE":"0°4'1.7708E","LATITUDE":"45°36'51.768N","LOT":"12","SEI":"63","LIBELLE":"ARP 2080-2","LONG_DD":"0.067159","LAT_DD":"45.61438","gx_media_l":null,"_sp_url":null},"geometry":{"type":"Point","coordinates":[0.06715900000000041,45.61437999999999,0.0]}},{"id":"836","type":"Feature","properties":{"Name":"AP V2 Km 208,190","descriptio":"Attributes\n  ETIQ  AP V2 Km 208,190 \n  NOM_ACCES  PTLA-L12-004 \n  AXE  LGV V2 \n  PK  208.19 \n  LONGITUDE  0°4'1.7708E \n  LATITUDE  45°36'51.768N \n  LOT  12 \n  SEI  63 \n  LIBELLE  APP 2081-2 \n  LONG_DD  0.067159 \n  LAT_DD  45.61438","timestamp":null,"begin":null,"end":null,"altitudeMo":null,"tessellate":"-1","extrude":"0","visibility":"-1","drawOrder":null,"icon":null,"ETIQ":"AP V2 Km 208,190","NOM_ACCES":"PTLA-L12-004","AXE":"LGV V2","PK":"208.19","LONGITUDE":"0°4'1.7708E","LATITUDE":"45°36'51.768N","LOT":"12","SEI":"63","LIBELLE":"APP 2081-2","LONG_DD":"0.067159","LAT_DD":"45.61438","gx_media_l":null,"_sp_url":null},"geometry":{"type":"Point","coordinates":[0.06715900000000041,45.61437999999999,0.0]}},{"id":"837","type":"Feature","properties":{"Name":"AP V1 Km 208,190","descriptio":"Attributes\n  ETIQ  AP V1 Km 208,190 \n  NOM_ACCES  PTLA-L12-005 \n  AXE  LGV V1 \n  PK  208.19 \n  LONGITUDE  0°4'6.0873E \n  LATITUDE  45°36'52.3619N \n  LOT  12 \n  SEI  63 \n  LIBELLE  APP 2081-1 \n  LONG_DD  0.068358 \n  LAT_DD  45.614545","timestamp":null,"begin":null,"end":null,"altitudeMo":null,"tessellate":"-1","extrude":"0","visibility":"-1","drawOrder":null,"icon":null,"ETIQ":"AP V1 Km 208,190","NOM_ACCES":"PTLA-L12-005","AXE":"LGV V1","PK":"208.19","LONGITUDE":"0°4'6.0873E","LATITUDE":"45°36'52.3619N","LOT":"12","SEI":"63","LIBELLE":"APP 2081-1","LONG_DD":"0.068358","LAT_DD":"45.614545","gx_media_l":null,"_sp_url":null},"geometry":{"type":"Point","coordinates":[0.06835800000000025,45.61454500000001,0.0]}},{"id":"838","type":"Feature","properties":{"Name":"AP V1 Km 209,010","descriptio":"Attributes\n  ETIQ  AP V1 Km 209,010 \n  NOM_ACCES  PTLO-L12-007 \n  AXE  LGV V1 \n  PK  209.01 \n  LONGITUDE  0°3'59.8638E \n  LATITUDE  45°36'20.9602N \n  LOT  12 \n  SEI  63 \n  LIBELLE  APP 2090-1 \n  LONG_DD  0.066629 \n  LAT_DD  45.605822","timestamp":null,"begin":null,"end":null,"altitudeMo":null,"tessellate":"-1","extrude":"0","visibility":"-1","drawOrder":null,"icon":null,"ETIQ":"AP V1 Km 209,010","NOM_ACCES":"PTLO-L12-007","AXE":"LGV V1","PK":"209.01","LONGITUDE":"0°3'59.8638E","LATITUDE":"45°36'20.9602N","LOT":"12","SEI":"63","LIBELLE":"APP 2090-1","LONG_DD":"0.066629","LAT_DD":"45.605822","gx_media_l":null,"_sp_url":null},"geometry":{"type":"Point","coordinates":[0.06662899999999998,45.605822,0.0]}},{"id":"839","type":"Feature","properties":{"Name":"AP V2 Km 209,010","descriptio":"Attributes\n  ETIQ  AP V2 Km 209,010 \n  NOM_ACCES  PTLO-L12-008 \n  AXE  LGV V2 \n  PK  209.01 \n  LONGITUDE  0°3'57.2196E \n  LATITUDE  45°36'25.4198N \n  LOT  12 \n  SEI  63 \n  LIBELLE  APP 2090-2 \n  LONG_DD  0.065894 \n  LAT_DD  45.607061","timestamp":null,"begin":null,"end":null,"altitudeMo":null,"tessellate":"-1","extrude":"0","visibility":"-1","drawOrder":null,"icon":null,"ETIQ":"AP V2 Km 209,010","NOM_ACCES":"PTLO-L12-008","AXE":"LGV V2","PK":"209.01","LONGITUDE":"0°3'57.2196E","LATITUDE":"45°36'25.4198N","LOT":"12","SEI":"63","LIBELLE":"APP 2090-2","LONG_DD":"0.065894","LAT_DD":"45.607061","gx_media_l":null,"_sp_url":null},"geometry":{"type":"Point","coordinates":[0.06589400000000002,45.607061,0.0]}},{"id":"840","type":"Feature","properties":{"Name":"AP V2 Km 209,680","descriptio":"Attributes\n  ETIQ  AP V2 Km 209,680 \n  NOM_ACCES  PTLO-L12-008a \n  AXE  LGV V2 \n  PK  209.68 \n  LONGITUDE  0°3'56.8724E \n  LATITUDE  45°36'3.045N \n  LOT  12 \n  SEI  63 \n  LIBELLE  APP 2096-2 \n  LONG_DD  0.065798 \n  LAT_DD  45.600846","timestamp":null,"begin":null,"end":null,"altitudeMo":null,"tessellate":"-1","extrude":"0","visibility":"-1","drawOrder":null,"icon":null,"ETIQ":"AP V2 Km 209,680","NOM_ACCES":"PTLO-L12-008a","AXE":"LGV V2","PK":"209.68","LONGITUDE":"0°3'56.8724E","LATITUDE":"45°36'3.045N","LOT":"12","SEI":"63","LIBELLE":"APP 2096-2","LONG_DD":"0.065798","LAT_DD":"45.600846","gx_media_l":null,"_sp_url":null},"geometry":{"type":"Point","coordinates":[0.06579800000000012,45.600846,0.0]}},{"id":"841","type":"Feature","properties":{"Name":"AP V1 Km 209,690","descriptio":"Attributes\n  ETIQ  AP V1 Km 209,690 \n  NOM_ACCES  PTLO-L12-009 \n  AXE  LGV V1 \n  PK  209.69 \n  LONGITUDE  0°3'58.9716E \n  LATITUDE  45°36'3.454N \n  LOT  12 \n  SEI  63 \n  LIBELLE  APP 2096-1 \n  LONG_DD  0.066381 \n  LAT_DD  45.600959","timestamp":null,"begin":null,"end":null,"altitudeMo":null,"tessellate":"-1","extrude":"0","visibility":"-1","drawOrder":null,"icon":null,"ETIQ":"AP V1 Km 209,690","NOM_ACCES":"PTLO-L12-009","AXE":"LGV V1","PK":"209.69","LONGITUDE":"0°3'58.9716E","LATITUDE":"45°36'3.454N","LOT":"12","SEI":"63","LIBELLE":"APP 2096-1","LONG_DD":"0.066381","LAT_DD":"45.600959","gx_media_l":null,"_sp_url":null},"geometry":{"type":"Point","coordinates":[0.06638100000000059,45.60095900000001,0.0]}},{"id":"842","type":"Feature","properties":{"Name":"AP V1 Km 210,150","descriptio":"Attributes\n  ETIQ  AP V1 Km 210,150 \n  NOM_ACCES  PTLO-L12-011 \n  AXE  LGV V1 \n  PK  210.15 \n  LONGITUDE  0°3'58.2056E \n  LATITUDE  45°35'46.2074N \n  LOT  12 \n  SEI  63 \n  LIBELLE  APP 2101-1 \n  LONG_DD  0.066168 \n  LAT_DD  45.596169","timestamp":null,"begin":null,"end":null,"altitudeMo":null,"tessellate":"-1","extrude":"0","visibility":"-1","drawOrder":null,"icon":null,"ETIQ":"AP V1 Km 210,150","NOM_ACCES":"PTLO-L12-011","AXE":"LGV V1","PK":"210.15","LONGITUDE":"0°3'58.2056E","LATITUDE":"45°35'46.2074N","LOT":"12","SEI":"63","LIBELLE":"APP 2101-1","LONG_DD":"0.066168","LAT_DD":"45.596169","gx_media_l":null,"_sp_url":null},"geometry":{"type":"Point","coordinates":[0.06616800000000084,45.59616900000001,0.0]}},{"id":"843","type":"Feature","properties":{"Name":"AR V1 Km 210,326","descriptio":"Attributes\n  ETIQ  AR V1 Km 210,326 \n  NOM_ACCES  PTLA-L12-007 \n  AXE  LGV V1 \n  PK  210.326 \n  LONGITUDE  0°3'59.3712E \n  LATITUDE  45°35'34.1333N \n  LOT  12 \n  SEI  63 \n  LIBELLE  RRG 2103-1 \n  LONG_DD  0.066492 \n  LAT_DD  45.592815","timestamp":null,"begin":null,"end":null,"altitudeMo":null,"tessellate":"-1","extrude":"0","visibility":"-1","drawOrder":null,"icon":null,"ETIQ":"AR V1 Km 210,326","NOM_ACCES":"PTLA-L12-007","AXE":"LGV V1","PK":"210.326","LONGITUDE":"0°3'59.3712E","LATITUDE":"45°35'34.1333N","LOT":"12","SEI":"63","LIBELLE":"RRG 2103-1","LONG_DD":"0.066492","LAT_DD":"45.592815","gx_media_l":null,"_sp_url":null},"geometry":{"type":"Point","coordinates":[0.06649200000000056,45.592815,0.0]}},{"id":"844","type":"Feature","properties":{"Name":"AP V2 Km 210,330","descriptio":"Attributes\n  ETIQ  AP V2 Km 210,330 \n  NOM_ACCES  PTLO-L12-010 \n  AXE  LGV V2 \n  PK  210.33 \n  LONGITUDE  0°3'56.3906E \n  LATITUDE  45°35'42.8101N \n  LOT  12 \n  SEI  63 \n  LIBELLE  APP 2103-2 \n  LONG_DD  0.065664 \n  LAT_DD  45.595225","timestamp":null,"begin":null,"end":null,"altitudeMo":null,"tessellate":"-1","extrude":"0","visibility":"-1","drawOrder":null,"icon":null,"ETIQ":"AP V2 Km 210,330","NOM_ACCES":"PTLO-L12-010","AXE":"LGV V2","PK":"210.33","LONGITUDE":"0°3'56.3906E","LATITUDE":"45°35'42.8101N","LOT":"12","SEI":"63","LIBELLE":"APP 2103-2","LONG_DD":"0.065664","LAT_DD":"45.595225","gx_media_l":null,"_sp_url":null},"geometry":{"type":"Point","coordinates":[0.06566399999999985,45.59522499999999,0.0]}},{"id":"845","type":"Feature","properties":{"Name":"AR V2 Km 210,475","descriptio":"Attributes\n  ETIQ  AR V2 Km 210,475 \n  NOM_ACCES  PTLA-L12-006 \n  AXE  LGV V2 \n  PK  210.475 \n  LONGITUDE  0°3'56.8576E \n  LATITUDE  45°35'36.9347N \n  LOT  12 \n  SEI  63 \n  LIBELLE  ARP 2104-2 \n  LONG_DD  0.065794 \n  LAT_DD  45.593593","timestamp":null,"begin":null,"end":null,"altitudeMo":null,"tessellate":"-1","extrude":"0","visibility":"-1","drawOrder":null,"icon":null,"ETIQ":"AR V2 Km 210,475","NOM_ACCES":"PTLA-L12-006","AXE":"LGV V2","PK":"210.475","LONGITUDE":"0°3'56.8576E","LATITUDE":"45°35'36.9347N","LOT":"12","SEI":"63","LIBELLE":"ARP 2104-2","LONG_DD":"0.065794","LAT_DD":"45.593593","gx_media_l":null,"_sp_url":null},"geometry":{"type":"Point","coordinates":[0.06579399999999981,45.593592999999984,0.0]}},{"id":"846","type":"Feature","properties":{"Name":"AR V1 Km 210,560","descriptio":"Attributes\n  ETIQ  AR V1 Km 210,560 \n  NOM_ACCES  PTLA-L12-007 \n  AXE  LGV V1 \n  PK  210.56 \n  LONGITUDE  0°3'59.3712E \n  LATITUDE  45°35'34.1333N \n  LOT  12 \n  SEI  63 \n  LIBELLE  ARP 2105-1 \n  LONG_DD  0.066492 \n  LAT_DD  45.592815","timestamp":null,"begin":null,"end":null,"altitudeMo":null,"tessellate":"-1","extrude":"0","visibility":"-1","drawOrder":null,"icon":null,"ETIQ":"AR V1 Km 210,560","NOM_ACCES":"PTLA-L12-007","AXE":"LGV V1","PK":"210.56","LONGITUDE":"0°3'59.3712E","LATITUDE":"45°35'34.1333N","LOT":"12","SEI":"63","LIBELLE":"ARP 2105-1","LONG_DD":"0.066492","LAT_DD":"45.592815","gx_media_l":null,"_sp_url":null},"geometry":{"type":"Point","coordinates":[0.06649200000000056,45.592815,0.0]}},{"id":"847","type":"Feature","properties":{"Name":"AP V2 Km 210,780","descriptio":"Attributes\n  ETIQ  AP V2 Km 210,780 \n  NOM_ACCES  PTLO-L12-012 \n  AXE  LGV V2 \n  PK  210.78 \n  LONGITUDE  0°3'56.9328E \n  LATITUDE  45°35'28.0236N \n  LOT  12 \n  SEI  63 \n  LIBELLE  APP 2107-2 \n  LONG_DD  0.065815 \n  LAT_DD  45.591118","timestamp":null,"begin":null,"end":null,"altitudeMo":null,"tessellate":"-1","extrude":"0","visibility":"-1","drawOrder":null,"icon":null,"ETIQ":"AP V2 Km 210,780","NOM_ACCES":"PTLO-L12-012","AXE":"LGV V2","PK":"210.78","LONGITUDE":"0°3'56.9328E","LATITUDE":"45°35'28.0236N","LOT":"12","SEI":"63","LIBELLE":"APP 2107-2","LONG_DD":"0.065815","LAT_DD":"45.591118","gx_media_l":null,"_sp_url":null},"geometry":{"type":"Point","coordinates":[0.06581500000000015,45.591117999999994,0.0]}},{"id":"848","type":"Feature","properties":{"Name":"AR V2 Km 211,380","descriptio":"Attributes\n  ETIQ  AR V2 Km 211,380 \n  NOM_ACCES  PTLA-L12-008 \n  AXE  LGV V2 \n  PK  211.38 \n  LONGITUDE  0°3'55.8199E \n  LATITUDE  45°35'10.208N \n  LOT  12 \n  SEI  63 \n  LIBELLE  ARP 2113-2 \n  LONG_DD  0.065506 \n  LAT_DD  45.586169","timestamp":null,"begin":null,"end":null,"altitudeMo":null,"tessellate":"-1","extrude":"0","visibility":"-1","drawOrder":null,"icon":null,"ETIQ":"AR V2 Km 211,380","NOM_ACCES":"PTLA-L12-008","AXE":"LGV V2","PK":"211.38","LONGITUDE":"0°3'55.8199E","LATITUDE":"45°35'10.208N","LOT":"12","SEI":"63","LIBELLE":"ARP 2113-2","LONG_DD":"0.065506","LAT_DD":"45.586169","gx_media_l":null,"_sp_url":null},"geometry":{"type":"Point","coordinates":[0.06550600000000048,45.58616900000001,0.0]}},{"id":"849","type":"Feature","properties":{"Name":"AP V1 Km 211,550","descriptio":"Attributes\n  ETIQ  AP V1 Km 211,550 \n  NOM_ACCES  PTLO-L12-015 \n  AXE  LGV V1 \n  PK  211.55 \n  LONGITUDE  0°3'57.0658E \n  LATITUDE  45°35'2.5684N \n  LOT  12 \n  SEI  63 \n  LIBELLE  APP 2115-1 \n  LONG_DD  0.065852 \n  LAT_DD  45.584047","timestamp":null,"begin":null,"end":null,"altitudeMo":null,"tessellate":"-1","extrude":"0","visibility":"-1","drawOrder":null,"icon":null,"ETIQ":"AP V1 Km 211,550","NOM_ACCES":"PTLO-L12-015","AXE":"LGV V1","PK":"211.55","LONGITUDE":"0°3'57.0658E","LATITUDE":"45°35'2.5684N","LOT":"12","SEI":"63","LIBELLE":"APP 2115-1","LONG_DD":"0.065852","LAT_DD":"45.584047","gx_media_l":null,"_sp_url":null},"geometry":{"type":"Point","coordinates":[0.06585200000000094,45.584046999999984,0.0]}},{"id":"850","type":"Feature","properties":{"Name":"AR V1 Km 212,260","descriptio":"Attributes\n  ETIQ  AR V1 Km 212,260 \n  NOM_ACCES  PTLA-L12-009 \n  AXE  LGV V1 \n  PK  212.26 \n  LONGITUDE  0°3'56.18E \n  LATITUDE  45°34'41.1205N \n  LOT  12 \n  SEI  64 \n  LIBELLE  ARP 2122-1 \n  LONG_DD  0.065606 \n  LAT_DD  45.578089","timestamp":null,"begin":null,"end":null,"altitudeMo":null,"tessellate":"-1","extrude":"0","visibility":"-1","drawOrder":null,"icon":null,"ETIQ":"AR V1 Km 212,260","NOM_ACCES":"PTLA-L12-009","AXE":"LGV V1","PK":"212.26","LONGITUDE":"0°3'56.18E","LATITUDE":"45°34'41.1205N","LOT":"12","SEI":"64","LIBELLE":"ARP 2122-1","LONG_DD":"0.065606","LAT_DD":"45.578089","gx_media_l":null,"_sp_url":null},"geometry":{"type":"Point","coordinates":[0.06560599999999911,45.578089,0.0]}},{"id":"851","type":"Feature","properties":{"Name":"AP V2 Km 212,300","descriptio":"Attributes\n  ETIQ  AP V2 Km 212,300 \n  NOM_ACCES  PTLO-L12-014 \n  AXE  LGV V2 \n  PK  212.3 \n  LONGITUDE  0°3'53.3916E \n  LATITUDE  45°34'40.6813N \n  LOT  12 \n  SEI  64 \n  LIBELLE  APP 2122-2 \n  LONG_DD  0.064831 \n  LAT_DD  45.577967","timestamp":null,"begin":null,"end":null,"altitudeMo":null,"tessellate":"-1","extrude":"0","visibility":"-1","drawOrder":null,"icon":null,"ETIQ":"AP V2 Km 212,300","NOM_ACCES":"PTLO-L12-014","AXE":"LGV V2","PK":"212.3","LONGITUDE":"0°3'53.3916E","LATITUDE":"45°34'40.6813N","LOT":"12","SEI":"64","LIBELLE":"APP 2122-2","LONG_DD":"0.064831","LAT_DD":"45.577967","gx_media_l":null,"_sp_url":null},"geometry":{"type":"Point","coordinates":[0.06483100000000001,45.577967000000015,0.0]}},{"id":"852","type":"Feature","properties":{"Name":"AP V2 Km 212,550","descriptio":"Attributes\n  ETIQ  AP V2 Km 212,550 \n  NOM_ACCES  PTLO-L12-016 \n  AXE  LGV V2 \n  PK  212.55 \n  LONGITUDE  0°3'51.8351E \n  LATITUDE  45°34'30.1803N \n  LOT  12 \n  SEI  64 \n  LIBELLE  APP 2125-2 \n  LONG_DD  0.064399 \n  LAT_DD  45.57505","timestamp":null,"begin":null,"end":null,"altitudeMo":null,"tessellate":"-1","extrude":"0","visibility":"-1","drawOrder":null,"icon":null,"ETIQ":"AP V2 Km 212,550","NOM_ACCES":"PTLO-L12-016","AXE":"LGV V2","PK":"212.55","LONGITUDE":"0°3'51.8351E","LATITUDE":"45°34'30.1803N","LOT":"12","SEI":"64","LIBELLE":"APP 2125-2","LONG_DD":"0.064399","LAT_DD":"45.57505","gx_media_l":null,"_sp_url":null},"geometry":{"type":"Point","coordinates":[0.06439900000000025,45.57504999999999,0.0]}},{"id":"853","type":"Feature","properties":{"Name":"AP V1 Km 212,700","descriptio":"Attributes\n  ETIQ  AP V1 Km 212,700 \n  NOM_ACCES  PTLA-L12-044 \n  AXE  LGV V1 \n  PK  212.7 \n  LONGITUDE  0°3'57.7965E \n  LATITUDE  45°34'33.6814N \n  LOT  12 \n  SEI  64 \n  LIBELLE  APP 2127-1 \n  LONG_DD  0.066055 \n  LAT_DD  45.576023","timestamp":null,"begin":null,"end":null,"altitudeMo":null,"tessellate":"-1","extrude":"0","visibility":"-1","drawOrder":null,"icon":null,"ETIQ":"AP V1 Km 212,700","NOM_ACCES":"PTLA-L12-044","AXE":"LGV V1","PK":"212.7","LONGITUDE":"0°3'57.7965E","LATITUDE":"45°34'33.6814N","LOT":"12","SEI":"64","LIBELLE":"APP 2127-1","LONG_DD":"0.066055","LAT_DD":"45.576023","gx_media_l":null,"_sp_url":null},"geometry":{"type":"Point","coordinates":[0.0660550000000005,45.576023,0.0]}},{"id":"854","type":"Feature","properties":{"Name":"AR V2 Km 214,285","descriptio":"Attributes\n  ETIQ  AR V2 Km 214,285 \n  NOM_ACCES  PTLA-L12-012 \n  AXE  LGV V2 \n  PK  214.285 \n  LONGITUDE  0°3'44.3618E \n  LATITUDE  45°33'25.812N \n  LOT  12 \n  SEI  64 \n  LIBELLE  ARP 2142-2 \n  LONG_DD  0.062323 \n  LAT_DD  45.55717","timestamp":null,"begin":null,"end":null,"altitudeMo":null,"tessellate":"-1","extrude":"0","visibility":"-1","drawOrder":null,"icon":null,"ETIQ":"AR V2 Km 214,285","NOM_ACCES":"PTLA-L12-012","AXE":"LGV V2","PK":"214.285","LONGITUDE":"0°3'44.3618E","LATITUDE":"45°33'25.812N","LOT":"12","SEI":"64","LIBELLE":"ARP 2142-2","LONG_DD":"0.062323","LAT_DD":"45.55717","gx_media_l":null,"_sp_url":null},"geometry":{"type":"Point","coordinates":[0.06232299999999955,45.557170000000006,0.0]}},{"id":"855","type":"Feature","properties":{"Name":"AR V1 Km 214,285","descriptio":"Attributes\n  ETIQ  AR V1 Km 214,285 \n  NOM_ACCES  PTLA-L12-013 \n  AXE  LGV V1 \n  PK  214.285 \n  LONGITUDE  0°3'50.7882E \n  LATITUDE  45°33'24.6299N \n  LOT  12 \n  SEI  64 \n  LIBELLE  ARP 2142-1 \n  LONG_DD  0.064108 \n  LAT_DD  45.556842","timestamp":null,"begin":null,"end":null,"altitudeMo":null,"tessellate":"-1","extrude":"0","visibility":"-1","drawOrder":null,"icon":null,"ETIQ":"AR V1 Km 214,285","NOM_ACCES":"PTLA-L12-013","AXE":"LGV V1","PK":"214.285","LONGITUDE":"0°3'50.7882E","LATITUDE":"45°33'24.6299N","LOT":"12","SEI":"64","LIBELLE":"ARP 2142-1","LONG_DD":"0.064108","LAT_DD":"45.556842","gx_media_l":null,"_sp_url":null},"geometry":{"type":"Point","coordinates":[0.06410800000000139,45.55684200000001,0.0]}},{"id":"856","type":"Feature","properties":{"Name":"AR V1 Km 214,703","descriptio":"Attributes\n  ETIQ  AR V1 Km 214,703 \n  NOM_ACCES  PTLO-L12-019 \n  AXE  LGV V1 \n  PK  214.703 \n  LONGITUDE  0°3'47.8725E \n  LATITUDE  45°33'20.7551N \n  LOT  12 \n  SEI  64 \n  LIBELLE  ARP 2146-1 \n  LONG_DD  0.063298 \n  LAT_DD  45.555765","timestamp":null,"begin":null,"end":null,"altitudeMo":null,"tessellate":"-1","extrude":"0","visibility":"-1","drawOrder":null,"icon":null,"ETIQ":"AR V1 Km 214,703","NOM_ACCES":"PTLO-L12-019","AXE":"LGV V1","PK":"214.703","LONGITUDE":"0°3'47.8725E","LATITUDE":"45°33'20.7551N","LOT":"12","SEI":"64","LIBELLE":"ARP 2146-1","LONG_DD":"0.063298","LAT_DD":"45.555765","gx_media_l":null,"_sp_url":null},"geometry":{"type":"Point","coordinates":[0.06329800000000106,45.555765,0.0]}},{"id":"857","type":"Feature","properties":{"Name":"AP V2 Km 214,720","descriptio":"Attributes\n  ETIQ  AP V2 Km 214,720 \n  NOM_ACCES  PTLO-L12-018 \n  AXE  LGV V2 \n  PK  214.72 \n  LONGITUDE  0°3'47.2764E \n  LATITUDE  45°33'16.5299N \n  LOT  12 \n  SEI  64 \n  LIBELLE  APP 2147-2 \n  LONG_DD  0.063132 \n  LAT_DD  45.554592","timestamp":null,"begin":null,"end":null,"altitudeMo":null,"tessellate":"-1","extrude":"0","visibility":"-1","drawOrder":null,"icon":null,"ETIQ":"AP V2 Km 214,720","NOM_ACCES":"PTLO-L12-018","AXE":"LGV V2","PK":"214.72","LONGITUDE":"0°3'47.2764E","LATITUDE":"45°33'16.5299N","LOT":"12","SEI":"64","LIBELLE":"APP 2147-2","LONG_DD":"0.063132","LAT_DD":"45.554592","gx_media_l":null,"_sp_url":null},"geometry":{"type":"Point","coordinates":[0.0631319999999999,45.554592,0.0]}},{"id":"858","type":"Feature","properties":{"Name":"AP V1 Km 214,800","descriptio":"Attributes\n  ETIQ  AP V1 Km 214,800 \n  NOM_ACCES  PTLO-L12-018 \n  AXE  LGV V1 \n  PK  214.8 \n  LONGITUDE  0°3'47.2765E \n  LATITUDE  45°33'16.5299N \n  LOT  12 \n  SEI  64 \n  LIBELLE  APP 2148-1 \n  LONG_DD  0.063132 \n  LAT_DD  45.554592","timestamp":null,"begin":null,"end":null,"altitudeMo":null,"tessellate":"-1","extrude":"0","visibility":"-1","drawOrder":null,"icon":null,"ETIQ":"AP V1 Km 214,800","NOM_ACCES":"PTLO-L12-018","AXE":"LGV V1","PK":"214.8","LONGITUDE":"0°3'47.2765E","LATITUDE":"45°33'16.5299N","LOT":"12","SEI":"64","LIBELLE":"APP 2148-1","LONG_DD":"0.063132","LAT_DD":"45.554592","gx_media_l":null,"_sp_url":null},"geometry":{"type":"Point","coordinates":[0.0631319999999999,45.554592,0.0]}},{"id":"859","type":"Feature","properties":{"Name":"AR V2 Km 215,285","descriptio":"Attributes\n  ETIQ  AR V2 Km 215,285 \n  NOM_ACCES  PTLA-L12-014 \n  AXE  LGV V2 \n  PK  215.285 \n  LONGITUDE  0°3'40.3776E \n  LATITUDE  45°32'57.1661N \n  LOT  12 \n  SEI  64 \n  LIBELLE  ARP 2152-2 \n  LONG_DD  0.061216 \n  LAT_DD  45.549213","timestamp":null,"begin":null,"end":null,"altitudeMo":null,"tessellate":"-1","extrude":"0","visibility":"-1","drawOrder":null,"icon":null,"ETIQ":"AR V2 Km 215,285","NOM_ACCES":"PTLA-L12-014","AXE":"LGV V2","PK":"215.285","LONGITUDE":"0°3'40.3776E","LATITUDE":"45°32'57.1661N","LOT":"12","SEI":"64","LIBELLE":"ARP 2152-2","LONG_DD":"0.061216","LAT_DD":"45.549213","gx_media_l":null,"_sp_url":null},"geometry":{"type":"Point","coordinates":[0.0612160000000009,45.54921299999999,0.0]}},{"id":"860","type":"Feature","properties":{"Name":"AR V1 Km 215,285","descriptio":"Attributes\n  ETIQ  AR V1 Km 215,285 \n  NOM_ACCES  PTLA-L12-017 \n  AXE  LGV V1 \n  PK  215.285 \n  LONGITUDE  0°3'45.8614E \n  LATITUDE  45°32'57.1103N \n  LOT  12 \n  SEI  64 \n  LIBELLE  ARP 2152-1 \n  LONG_DD  0.062739 \n  LAT_DD  45.549197","timestamp":null,"begin":null,"end":null,"altitudeMo":null,"tessellate":"-1","extrude":"0","visibility":"-1","drawOrder":null,"icon":null,"ETIQ":"AR V1 Km 215,285","NOM_ACCES":"PTLA-L12-017","AXE":"LGV V1","PK":"215.285","LONGITUDE":"0°3'45.8614E","LATITUDE":"45°32'57.1103N","LOT":"12","SEI":"64","LIBELLE":"ARP 2152-1","LONG_DD":"0.062739","LAT_DD":"45.549197","gx_media_l":null,"_sp_url":null},"geometry":{"type":"Point","coordinates":[0.06273900000000007,45.54919699999999,0.0]}},{"id":"861","type":"Feature","properties":{"Name":"AR V2 Km 215,580","descriptio":"Attributes\n  ETIQ  AR V2 Km 215,580 \n  NOM_ACCES  PTLA-L12-016 \n  AXE  LGV V2 \n  PK  215.58 \n  LONGITUDE  0°3'38.7939E \n  LATITUDE  45°32'54.7287N \n  LOT  12 \n  SEI  64 \n  LIBELLE  ARP 2158-2 \n  LONG_DD  0.060776 \n  LAT_DD  45.548536","timestamp":null,"begin":null,"end":null,"altitudeMo":null,"tessellate":"-1","extrude":"0","visibility":"-1","drawOrder":null,"icon":null,"ETIQ":"AR V2 Km 215,580","NOM_ACCES":"PTLA-L12-016","AXE":"LGV V2","PK":"215.58","LONGITUDE":"0°3'38.7939E","LATITUDE":"45°32'54.7287N","LOT":"12","SEI":"64","LIBELLE":"ARP 2158-2","LONG_DD":"0.060776","LAT_DD":"45.548536","gx_media_l":null,"_sp_url":null},"geometry":{"type":"Point","coordinates":[0.06077600000000051,45.548536000000006,0.0]}},{"id":"862","type":"Feature","properties":{"Name":"AP V1 Km 215,660","descriptio":"Attributes\n  ETIQ  AP V1 Km 215,660 \n  NOM_ACCES  PTLO-L12-021 \n  AXE  LGV V1 \n  PK  215.66 \n  LONGITUDE  0°3'41.7241E \n  LATITUDE  45°32'51.0059N \n  LOT  12 \n  SEI  64 \n  LIBELLE  APP 2156-1 \n  LONG_DD  0.06159 \n  LAT_DD  45.547502","timestamp":null,"begin":null,"end":null,"altitudeMo":null,"tessellate":"-1","extrude":"0","visibility":"-1","drawOrder":null,"icon":null,"ETIQ":"AP V1 Km 215,660","NOM_ACCES":"PTLO-L12-021","AXE":"LGV V1","PK":"215.66","LONGITUDE":"0°3'41.7241E","LATITUDE":"45°32'51.0059N","LOT":"12","SEI":"64","LIBELLE":"APP 2156-1","LONG_DD":"0.06159","LAT_DD":"45.547502","gx_media_l":null,"_sp_url":null},"geometry":{"type":"Point","coordinates":[0.061590000000000346,45.54750200000001,0.0]}},{"id":"863","type":"Feature","properties":{"Name":"AP V2 Km 216,200","descriptio":"Attributes\n  ETIQ  AP V2 Km 216,200 \n  NOM_ACCES  PTLO-L12-020 \n  AXE  LGV V2 \n  PK  216.2 \n  LONGITUDE  0°3'32.0943E \n  LATITUDE  45°32'33.5734N \n  LOT  12 \n  SEI  64 \n  LIBELLE  APP 2162-2 \n  LONG_DD  0.058915 \n  LAT_DD  45.542659","timestamp":null,"begin":null,"end":null,"altitudeMo":null,"tessellate":"-1","extrude":"0","visibility":"-1","drawOrder":null,"icon":null,"ETIQ":"AP V2 Km 216,200","NOM_ACCES":"PTLO-L12-020","AXE":"LGV V2","PK":"216.2","LONGITUDE":"0°3'32.0943E","LATITUDE":"45°32'33.5734N","LOT":"12","SEI":"64","LIBELLE":"APP 2162-2","LONG_DD":"0.058915","LAT_DD":"45.542659","gx_media_l":null,"_sp_url":null},"geometry":{"type":"Point","coordinates":[0.058914999999999926,45.542659,0.0]}},{"id":"864","type":"Feature","properties":{"Name":"AP V1 Km 216,250","descriptio":"Attributes\n  ETIQ  AP V1 Km 216,250 \n  NOM_ACCES  PTLO-L12-023 \n  AXE  LGV V1 \n  PK  216.25 \n  LONGITUDE  0°3'35.7953E \n  LATITUDE  45°32'31.3883N \n  LOT  12 \n  SEI  64 \n  LIBELLE  APP 2162-1 \n  LONG_DD  0.059943 \n  LAT_DD  45.542052","timestamp":null,"begin":null,"end":null,"altitudeMo":null,"tessellate":"-1","extrude":"0","visibility":"-1","drawOrder":null,"icon":null,"ETIQ":"AP V1 Km 216,250","NOM_ACCES":"PTLO-L12-023","AXE":"LGV V1","PK":"216.25","LONGITUDE":"0°3'35.7953E","LATITUDE":"45°32'31.3883N","LOT":"12","SEI":"64","LIBELLE":"APP 2162-1","LONG_DD":"0.059943","LAT_DD":"45.542052","gx_media_l":null,"_sp_url":null},"geometry":{"type":"Point","coordinates":[0.05994300000000068,45.542052,0.0]}},{"id":"865","type":"Feature","properties":{"Name":"AR V1 Km 216,748","descriptio":"Attributes\n  ETIQ  AR V1 Km 216,748 \n  NOM_ACCES  PTLA-L12-019 \n  AXE  LGV V1 \n  PK  216.748 \n  LONGITUDE  0°3'29.4106E \n  LATITUDE  45°32'11.5186N \n  LOT  12 \n  SEI  64 \n  LIBELLE  RRL 2167-1 \n  LONG_DD  0.05817 \n  LAT_DD  45.536533","timestamp":null,"begin":null,"end":null,"altitudeMo":null,"tessellate":"-1","extrude":"0","visibility":"-1","drawOrder":null,"icon":null,"ETIQ":"AR V1 Km 216,748","NOM_ACCES":"PTLA-L12-019","AXE":"LGV V1","PK":"216.748","LONGITUDE":"0°3'29.4106E","LATITUDE":"45°32'11.5186N","LOT":"12","SEI":"64","LIBELLE":"RRL 2167-1","LONG_DD":"0.05817","LAT_DD":"45.536533","gx_media_l":null,"_sp_url":null},"geometry":{"type":"Point","coordinates":[0.058170000000000575,45.53653299999999,0.0]}},{"id":"866","type":"Feature","properties":{"Name":"AR V2 Km 216,748","descriptio":"Attributes\n  ETIQ  AR V2 Km 216,748 \n  NOM_ACCES  PTLA-L12-018 \n  AXE  LGV V2 \n  PK  216.748 \n  LONGITUDE  0°3'23.7539E \n  LATITUDE  45°32'10.9747N \n  LOT  12 \n  SEI  64 \n  LIBELLE  RRL 2167-2 \n  LONG_DD  0.056598 \n  LAT_DD  45.536382","timestamp":null,"begin":null,"end":null,"altitudeMo":null,"tessellate":"-1","extrude":"0","visibility":"-1","drawOrder":null,"icon":null,"ETIQ":"AR V2 Km 216,748","NOM_ACCES":"PTLA-L12-018","AXE":"LGV V2","PK":"216.748","LONGITUDE":"0°3'23.7539E","LATITUDE":"45°32'10.9747N","LOT":"12","SEI":"64","LIBELLE":"RRL 2167-2","LONG_DD":"0.056598","LAT_DD":"45.536382","gx_media_l":null,"_sp_url":null},"geometry":{"type":"Point","coordinates":[0.05659800000000048,45.536382,0.0]}},{"id":"867","type":"Feature","properties":{"Name":"AR V1 Km 218,157","descriptio":"Attributes\n  ETIQ  AR V1 Km 218,157 \n  NOM_ACCES  PTLA-L12-021 \n  AXE  LGV V1 \n  PK  218.157 \n  LONGITUDE  0°3'17.2193E \n  LATITUDE  45°31'35.4118N \n  LOT  12 \n  SEI  64 \n  LIBELLE  ARP 2181-1 \n  LONG_DD  0.054783 \n  LAT_DD  45.526503","timestamp":null,"begin":null,"end":null,"altitudeMo":null,"tessellate":"-1","extrude":"0","visibility":"-1","drawOrder":null,"icon":null,"ETIQ":"AR V1 Km 218,157","NOM_ACCES":"PTLA-L12-021","AXE":"LGV V1","PK":"218.157","LONGITUDE":"0°3'17.2193E","LATITUDE":"45°31'35.4118N","LOT":"12","SEI":"64","LIBELLE":"ARP 2181-1","LONG_DD":"0.054783","LAT_DD":"45.526503","gx_media_l":null,"_sp_url":null},"geometry":{"type":"Point","coordinates":[0.05478300000000089,45.52650300000001,0.0]}},{"id":"868","type":"Feature","properties":{"Name":"AR V2 Km 218,157","descriptio":"Attributes\n  ETIQ  AR V2 Km 218,157 \n  NOM_ACCES  PTLA-L12-020 \n  AXE  LGV V2 \n  PK  218.157 \n  LONGITUDE  0°3'12.898E \n  LATITUDE  45°31'32.2064N \n  LOT  12 \n  SEI  64 \n  LIBELLE  ARP 2181-2 \n  LONG_DD  0.053583 \n  LAT_DD  45.525613","timestamp":null,"begin":null,"end":null,"altitudeMo":null,"tessellate":"-1","extrude":"0","visibility":"-1","drawOrder":null,"icon":null,"ETIQ":"AR V2 Km 218,157","NOM_ACCES":"PTLA-L12-020","AXE":"LGV V2","PK":"218.157","LONGITUDE":"0°3'12.898E","LATITUDE":"45°31'32.2064N","LOT":"12","SEI":"64","LIBELLE":"ARP 2181-2","LONG_DD":"0.053583","LAT_DD":"45.525613","gx_media_l":null,"_sp_url":null},"geometry":{"type":"Point","coordinates":[0.05358299999999908,45.525613,0.0]}},{"id":"869","type":"Feature","properties":{"Name":"AP V1 Km 218,580","descriptio":"Attributes\n  ETIQ  AP V1 Km 218,580 \n  NOM_ACCES  PTLO-L12-025 \n  AXE  LGV V1 \n  PK  218.58 \n  LONGITUDE  0°3'12.9972E \n  LATITUDE  45°31'18.7402N \n  LOT  12 \n  SEI  64 \n  LIBELLE  APP 2186-1 \n  LONG_DD  0.05361 \n  LAT_DD  45.521872","timestamp":null,"begin":null,"end":null,"altitudeMo":null,"tessellate":"-1","extrude":"0","visibility":"-1","drawOrder":null,"icon":null,"ETIQ":"AP V1 Km 218,580","NOM_ACCES":"PTLO-L12-025","AXE":"LGV V1","PK":"218.58","LONGITUDE":"0°3'12.9972E","LATITUDE":"45°31'18.7402N","LOT":"12","SEI":"64","LIBELLE":"APP 2186-1","LONG_DD":"0.05361","LAT_DD":"45.521872","gx_media_l":null,"_sp_url":null},"geometry":{"type":"Point","coordinates":[0.05361000000000009,45.521871999999995,0.0]}},{"id":"870","type":"Feature","properties":{"Name":"AP V2 Km 218,580","descriptio":"Attributes\n  ETIQ  AP V2 Km 218,580 \n  NOM_ACCES  PTLO-L12-022 \n  AXE  LGV V2 \n  PK  218.58 \n  LONGITUDE  0°3'10.4666E \n  LATITUDE  45°31'15.145N \n  LOT  12 \n  SEI  64 \n  LIBELLE  APP 2185-2 \n  LONG_DD  0.052907 \n  LAT_DD  45.520874","timestamp":null,"begin":null,"end":null,"altitudeMo":null,"tessellate":"-1","extrude":"0","visibility":"-1","drawOrder":null,"icon":null,"ETIQ":"AP V2 Km 218,580","NOM_ACCES":"PTLO-L12-022","AXE":"LGV V2","PK":"218.58","LONGITUDE":"0°3'10.4666E","LATITUDE":"45°31'15.145N","LOT":"12","SEI":"64","LIBELLE":"APP 2185-2","LONG_DD":"0.052907","LAT_DD":"45.520874","gx_media_l":null,"_sp_url":null},"geometry":{"type":"Point","coordinates":[0.05290700000000063,45.52087400000001,0.0]}},{"id":"871","type":"Feature","properties":{"Name":"AP V2 Km 219,630","descriptio":"Attributes\n  ETIQ  AP V2 Km 219,630 \n  NOM_ACCES  PTLO-L12-027 \n  AXE  LGV V2 \n  PK  219.63 \n  LONGITUDE  0°3'14.9023E \n  LATITUDE  45°30'48.6509N \n  LOT  12 \n  SEI  64 \n  LIBELLE  APP 2196-2 \n  LONG_DD  0.05414 \n  LAT_DD  45.513514","timestamp":null,"begin":null,"end":null,"altitudeMo":null,"tessellate":"-1","extrude":"0","visibility":"-1","drawOrder":null,"icon":null,"ETIQ":"AP V2 Km 219,630","NOM_ACCES":"PTLO-L12-027","AXE":"LGV V2","PK":"219.63","LONGITUDE":"0°3'14.9023E","LATITUDE":"45°30'48.6509N","LOT":"12","SEI":"64","LIBELLE":"APP 2196-2","LONG_DD":"0.05414","LAT_DD":"45.513514","gx_media_l":null,"_sp_url":null},"geometry":{"type":"Point","coordinates":[0.054140000000000126,45.513514,0.0]}},{"id":"872","type":"Feature","properties":{"Name":"AP V1 Km 219,630","descriptio":"Attributes\n  ETIQ  AP V1 Km 219,630 \n  NOM_ACCES  PTLO-L12-027 \n  AXE  LGV V1 \n  PK  219.63 \n  LONGITUDE  0°3'14.9023E \n  LATITUDE  45°30'48.6509N \n  LOT  12 \n  SEI  64 \n  LIBELLE  APP 2196-1 \n  LONG_DD  0.05414 \n  LAT_DD  45.513514","timestamp":null,"begin":null,"end":null,"altitudeMo":null,"tessellate":"-1","extrude":"0","visibility":"-1","drawOrder":null,"icon":null,"ETIQ":"AP V1 Km 219,630","NOM_ACCES":"PTLO-L12-027","AXE":"LGV V1","PK":"219.63","LONGITUDE":"0°3'14.9023E","LATITUDE":"45°30'48.6509N","LOT":"12","SEI":"64","LIBELLE":"APP 2196-1","LONG_DD":"0.05414","LAT_DD":"45.513514","gx_media_l":null,"_sp_url":null},"geometry":{"type":"Point","coordinates":[0.054140000000000126,45.513514,0.0]}},{"id":"873","type":"Feature","properties":{"Name":"AR V2 Km 220,133","descriptio":"Attributes\n  ETIQ  AR V2 Km 220,133 \n  NOM_ACCES  PTLA-L12-022 \n  AXE  LGV V2 \n  PK  220.133 \n  LONGITUDE  0°3'14.1364E \n  LATITUDE  45°30'27.9082N \n  LOT  12 \n  SEI  64 \n  LIBELLE  RRG 2201-2 \n  LONG_DD  0.053927 \n  LAT_DD  45.507752","timestamp":null,"begin":null,"end":null,"altitudeMo":null,"tessellate":"-1","extrude":"0","visibility":"-1","drawOrder":null,"icon":null,"ETIQ":"AR V2 Km 220,133","NOM_ACCES":"PTLA-L12-022","AXE":"LGV V2","PK":"220.133","LONGITUDE":"0°3'14.1364E","LATITUDE":"45°30'27.9082N","LOT":"12","SEI":"64","LIBELLE":"RRG 2201-2","LONG_DD":"0.053927","LAT_DD":"45.507752","gx_media_l":null,"_sp_url":null},"geometry":{"type":"Point","coordinates":[0.05392700000000037,45.507752,0.0]}},{"id":"874","type":"Feature","properties":{"Name":"AR V1 Km 220,133","descriptio":"Attributes\n  ETIQ  AR V1 Km 220,133 \n  NOM_ACCES  PTLA-L12-023 \n  AXE  LGV V1 \n  PK  220.133 \n  LONGITUDE  0°3'15.6789E \n  LATITUDE  45°30'28.0796N \n  LOT  12 \n  SEI  64 \n  LIBELLE  RRG 2201-1 \n  LONG_DD  0.054355 \n  LAT_DD  45.5078","timestamp":null,"begin":null,"end":null,"altitudeMo":null,"tessellate":"-1","extrude":"0","visibility":"-1","drawOrder":null,"icon":null,"ETIQ":"AR V1 Km 220,133","NOM_ACCES":"PTLA-L12-023","AXE":"LGV V1","PK":"220.133","LONGITUDE":"0°3'15.6789E","LATITUDE":"45°30'28.0796N","LOT":"12","SEI":"64","LIBELLE":"RRG 2201-1","LONG_DD":"0.054355","LAT_DD":"45.5078","gx_media_l":null,"_sp_url":null},"geometry":{"type":"Point","coordinates":[0.05435500000000023,45.50780000000001,0.0]}},{"id":"875","type":"Feature","properties":{"Name":"AP V1 Km 221,030","descriptio":"Attributes\n  ETIQ  AP V1 Km 221,030 \n  NOM_ACCES  PTLA-L12-029 \n  AXE  LGV V1 \n  PK  221.03 \n  LONGITUDE  0°3'19.5339E \n  LATITUDE  45°29'53.9183N \n  LOT  12 \n  SEI  64 \n  LIBELLE  APP 2210-1 \n  LONG_DD  0.055426 \n  LAT_DD  45.498311","timestamp":null,"begin":null,"end":null,"altitudeMo":null,"tessellate":"-1","extrude":"0","visibility":"-1","drawOrder":null,"icon":null,"ETIQ":"AP V1 Km 221,030","NOM_ACCES":"PTLA-L12-029","AXE":"LGV V1","PK":"221.03","LONGITUDE":"0°3'19.5339E","LATITUDE":"45°29'53.9183N","LOT":"12","SEI":"64","LIBELLE":"APP 2210-1","LONG_DD":"0.055426","LAT_DD":"45.498311","gx_media_l":null,"_sp_url":null},"geometry":{"type":"Point","coordinates":[0.055426000000000857,45.498310999999994,0.0]}},{"id":"876","type":"Feature","properties":{"Name":"AP V2 Km 221,162","descriptio":"Attributes\n  ETIQ  AP V2 Km 221,162 \n  NOM_ACCES  PTLO-L12-024 \n  AXE  LGV V2 \n  PK  221.162 \n  LONGITUDE  0°3'13.2372E \n  LATITUDE  45°29'54.5242N \n  LOT  12 \n  SEI  64 \n  LIBELLE  APP 2211-2 \n  LONG_DD  0.053677 \n  LAT_DD  45.498479","timestamp":null,"begin":null,"end":null,"altitudeMo":null,"tessellate":"-1","extrude":"0","visibility":"-1","drawOrder":null,"icon":null,"ETIQ":"AP V2 Km 221,162","NOM_ACCES":"PTLO-L12-024","AXE":"LGV V2","PK":"221.162","LONGITUDE":"0°3'13.2372E","LATITUDE":"45°29'54.5242N","LOT":"12","SEI":"64","LIBELLE":"APP 2211-2","LONG_DD":"0.053677","LAT_DD":"45.498479","gx_media_l":null,"_sp_url":null},"geometry":{"type":"Point","coordinates":[0.05367700000000063,45.498478999999996,0.0]}},{"id":"877","type":"Feature","properties":{"Name":"AP V1 Km 222,080","descriptio":"Attributes\n  ETIQ  AP V1 Km 222,080 \n  NOM_ACCES  PTLO-L12-031 \n  AXE  LGV V1 \n  PK  222.08 \n  LONGITUDE  0°3'12.2461E \n  LATITUDE  45°29'25.4581N \n  LOT  12 \n  SEI  64 \n  LIBELLE  APP 2290-1 \n  LONG_DD  0.053402 \n  LAT_DD  45.490405","timestamp":null,"begin":null,"end":null,"altitudeMo":null,"tessellate":"-1","extrude":"0","visibility":"-1","drawOrder":null,"icon":null,"ETIQ":"AP V1 Km 222,080","NOM_ACCES":"PTLO-L12-031","AXE":"LGV V1","PK":"222.08","LONGITUDE":"0°3'12.2461E","LATITUDE":"45°29'25.4581N","LOT":"12","SEI":"64","LIBELLE":"APP 2290-1","LONG_DD":"0.053402","LAT_DD":"45.490405","gx_media_l":null,"_sp_url":null},"geometry":{"type":"Point","coordinates":[0.05340200000000063,45.49040500000001,0.0]}},{"id":"878","type":"Feature","properties":{"Name":"AR V2 Km 222,305","descriptio":"Attributes\n  ETIQ  AR V2 Km 222,305 \n  NOM_ACCES  PTLA-L12-024 \n  AXE  LGV V2 \n  PK  222.305 \n  LONGITUDE  0°3'8.1335E \n  LATITUDE  45°29'22.1516N \n  LOT  12 \n  SEI  64 \n  LIBELLE  ARP 2223-2 \n  LONG_DD  0.052259 \n  LAT_DD  45.489487","timestamp":null,"begin":null,"end":null,"altitudeMo":null,"tessellate":"-1","extrude":"0","visibility":"-1","drawOrder":null,"icon":null,"ETIQ":"AR V2 Km 222,305","NOM_ACCES":"PTLA-L12-024","AXE":"LGV V2","PK":"222.305","LONGITUDE":"0°3'8.1335E","LATITUDE":"45°29'22.1516N","LOT":"12","SEI":"64","LIBELLE":"ARP 2223-2","LONG_DD":"0.052259","LAT_DD":"45.489487","gx_media_l":null,"_sp_url":null},"geometry":{"type":"Point","coordinates":[0.05225899999999958,45.48948700000001,0.0]}},{"id":"879","type":"Feature","properties":{"Name":"AR V1 Km 222,580","descriptio":"Attributes\n  ETIQ  AR V1 Km 222,580 \n  NOM_ACCES  PTLA-L12-027 \n  AXE  LGV V1 \n  PK  222.58 \n  LONGITUDE  0°3'6.7296E \n  LATITUDE  45°29'6.1653N \n  LOT  12 \n  SEI  64 \n  LIBELLE  ARP 2225-1 \n  LONG_DD  0.051869 \n  LAT_DD  45.485046","timestamp":null,"begin":null,"end":null,"altitudeMo":null,"tessellate":"-1","extrude":"0","visibility":"-1","drawOrder":null,"icon":null,"ETIQ":"AR V1 Km 222,580","NOM_ACCES":"PTLA-L12-027","AXE":"LGV V1","PK":"222.58","LONGITUDE":"0°3'6.7296E","LATITUDE":"45°29'6.1653N","LOT":"12","SEI":"64","LIBELLE":"ARP 2225-1","LONG_DD":"0.051869","LAT_DD":"45.485046","gx_media_l":null,"_sp_url":null},"geometry":{"type":"Point","coordinates":[0.051869000000000484,45.485046000000004,0.0]}},{"id":"880","type":"Feature","properties":{"Name":"AP V1 Km 222,835","descriptio":"Attributes\n  ETIQ  AP V1 Km 222,835 \n  NOM_ACCES  PTLO-L12-033 \n  AXE  LGV V1 \n  PK  222.835 \n  LONGITUDE  0°3'3.2397E \n  LATITUDE  45°29'1.0353N \n  LOT  12 \n  SEI  64 \n  LIBELLE  APP 2228-1 \n  LONG_DD  0.0509 \n  LAT_DD  45.483621","timestamp":null,"begin":null,"end":null,"altitudeMo":null,"tessellate":"-1","extrude":"0","visibility":"-1","drawOrder":null,"icon":null,"ETIQ":"AP V1 Km 222,835","NOM_ACCES":"PTLO-L12-033","AXE":"LGV V1","PK":"222.835","LONGITUDE":"0°3'3.2397E","LATITUDE":"45°29'1.0353N","LOT":"12","SEI":"64","LIBELLE":"APP 2228-1","LONG_DD":"0.0509","LAT_DD":"45.483621","gx_media_l":null,"_sp_url":null},"geometry":{"type":"Point","coordinates":[0.050900000000000827,45.483620999999985,0.0]}},{"id":"881","type":"Feature","properties":{"Name":"AP V2 Km 222,910","descriptio":"Attributes\n  ETIQ  AP V2 Km 222,910 \n  NOM_ACCES  PTLO-L12-026 \n  AXE  LGV V2 \n  PK  222.91 \n  LONGITUDE  0°3'0.2911E \n  LATITUDE  45°28'57.9228N \n  LOT  12 \n  SEI  64 \n  LIBELLE  APP 2229-2 \n  LONG_DD  0.050081 \n  LAT_DD  45.482756","timestamp":null,"begin":null,"end":null,"altitudeMo":null,"tessellate":"-1","extrude":"0","visibility":"-1","drawOrder":null,"icon":null,"ETIQ":"AP V2 Km 222,910","NOM_ACCES":"PTLO-L12-026","AXE":"LGV V2","PK":"222.91","LONGITUDE":"0°3'0.2911E","LATITUDE":"45°28'57.9228N","LOT":"12","SEI":"64","LIBELLE":"APP 2229-2","LONG_DD":"0.050081","LAT_DD":"45.482756","gx_media_l":null,"_sp_url":null},"geometry":{"type":"Point","coordinates":[0.0500810000000003,45.482756,0.0]}},{"id":"882","type":"Feature","properties":{"Name":"AP V1 Km 223,180","descriptio":"Attributes\n  ETIQ  AP V1 Km 223,180 \n  NOM_ACCES  PTLO-L12-035 \n  AXE  LGV V1 \n  PK  223.18 \n  LONGITUDE  0°2'58.4086E \n  LATITUDE  45°28'50.7816N \n  LOT  12 \n  SEI  64 \n  LIBELLE  APP 2231-1 \n  LONG_DD  0.049558 \n  LAT_DD  45.480773","timestamp":null,"begin":null,"end":null,"altitudeMo":null,"tessellate":"-1","extrude":"0","visibility":"-1","drawOrder":null,"icon":null,"ETIQ":"AP V1 Km 223,180","NOM_ACCES":"PTLO-L12-035","AXE":"LGV V1","PK":"223.18","LONGITUDE":"0°2'58.4086E","LATITUDE":"45°28'50.7816N","LOT":"12","SEI":"64","LIBELLE":"APP 2231-1","LONG_DD":"0.049558","LAT_DD":"45.480773","gx_media_l":null,"_sp_url":null},"geometry":{"type":"Point","coordinates":[0.04955799999999972,45.480773,0.0]}},{"id":"883","type":"Feature","properties":{"Name":"AP V2 Km 223,270","descriptio":"Attributes\n  ETIQ  AP V2 Km 223,270 \n  NOM_ACCES  PTLO-L12-028 \n  AXE  LGV V2 \n  PK  223.27 \n  LONGITUDE  0°2'52.8629E \n  LATITUDE  45°28'47.1179N \n  LOT  12 \n  SEI  64 \n  LIBELLE  APP 2232-2 \n  LONG_DD  0.048017 \n  LAT_DD  45.479755","timestamp":null,"begin":null,"end":null,"altitudeMo":null,"tessellate":"-1","extrude":"0","visibility":"-1","drawOrder":null,"icon":null,"ETIQ":"AP V2 Km 223,270","NOM_ACCES":"PTLO-L12-028","AXE":"LGV V2","PK":"223.27","LONGITUDE":"0°2'52.8629E","LATITUDE":"45°28'47.1179N","LOT":"12","SEI":"64","LIBELLE":"APP 2232-2","LONG_DD":"0.048017","LAT_DD":"45.479755","gx_media_l":null,"_sp_url":null},"geometry":{"type":"Point","coordinates":[0.04801700000000094,45.479755,0.0]}},{"id":"884","type":"Feature","properties":{"Name":"AP V2 Km 223,500","descriptio":"Attributes\n  ETIQ  AP V2 Km 223,500 \n  NOM_ACCES  PTLO-L12-028 \n  AXE  LGV V2 \n  PK  223.5 \n  LONGITUDE  0°2'52.8626E \n  LATITUDE  45°28'47.1181N \n  LOT  12 \n  SEI  64 \n  LIBELLE  APP 2235-2 \n  LONG_DD  0.048017 \n  LAT_DD  45.479755","timestamp":null,"begin":null,"end":null,"altitudeMo":null,"tessellate":"-1","extrude":"0","visibility":"-1","drawOrder":null,"icon":null,"ETIQ":"AP V2 Km 223,500","NOM_ACCES":"PTLO-L12-028","AXE":"LGV V2","PK":"223.5","LONGITUDE":"0°2'52.8626E","LATITUDE":"45°28'47.1181N","LOT":"12","SEI":"64","LIBELLE":"APP 2235-2","LONG_DD":"0.048017","LAT_DD":"45.479755","gx_media_l":null,"_sp_url":null},"geometry":{"type":"Point","coordinates":[0.04801700000000094,45.479755,0.0]}},{"id":"885","type":"Feature","properties":{"Name":"AP V1 Km 223,500","descriptio":"Attributes\n  ETIQ  AP V1 Km 223,500 \n  NOM_ACCES  PTLO-L12-028 \n  AXE  LGV V1 \n  PK  223.5 \n  LONGITUDE  0°2'52.8629E \n  LATITUDE  45°28'47.1179N \n  LOT  12 \n  SEI  64 \n  LIBELLE  APP 2235-1 \n  LONG_DD  0.048017 \n  LAT_DD  45.479755","timestamp":null,"begin":null,"end":null,"altitudeMo":null,"tessellate":"-1","extrude":"0","visibility":"-1","drawOrder":null,"icon":null,"ETIQ":"AP V1 Km 223,500","NOM_ACCES":"PTLO-L12-028","AXE":"LGV V1","PK":"223.5","LONGITUDE":"0°2'52.8629E","LATITUDE":"45°28'47.1179N","LOT":"12","SEI":"64","LIBELLE":"APP 2235-1","LONG_DD":"0.048017","LAT_DD":"45.479755","gx_media_l":null,"_sp_url":null},"geometry":{"type":"Point","coordinates":[0.04801700000000094,45.479755,0.0]}},{"id":"886","type":"Feature","properties":{"Name":"AR V2 Km 223,810","descriptio":"Attributes\n  ETIQ  AR V2 Km 223,810 \n  NOM_ACCES  PTLA-L12-026 \n  AXE  LGV V2 \n  PK  223.81 \n  LONGITUDE  0°2'43.1435E \n  LATITUDE  45°28'31.5294N \n  LOT  12 \n  SEI  64 \n  LIBELLE  ARP 2238-2 \n  LONG_DD  0.045318 \n  LAT_DD  45.475425","timestamp":null,"begin":null,"end":null,"altitudeMo":null,"tessellate":"-1","extrude":"0","visibility":"-1","drawOrder":null,"icon":null,"ETIQ":"AR V2 Km 223,810","NOM_ACCES":"PTLA-L12-026","AXE":"LGV V2","PK":"223.81","LONGITUDE":"0°2'43.1435E","LATITUDE":"45°28'31.5294N","LOT":"12","SEI":"64","LIBELLE":"ARP 2238-2","LONG_DD":"0.045318","LAT_DD":"45.475425","gx_media_l":null,"_sp_url":null},"geometry":{"type":"Point","coordinates":[0.045317999999999845,45.475425,0.0]}},{"id":"887","type":"Feature","properties":{"Name":"AP V1 Km 223,810","descriptio":"Attributes\n  ETIQ  AP V1 Km 223,810 \n  NOM_ACCES  PTLO-L12-039 \n  AXE  LGV V1 \n  PK  223.81 \n  LONGITUDE  0°2'48.1116E \n  LATITUDE  45°28'33.4563N \n  LOT  12 \n  SEI  64 \n  LIBELLE  APP 2238-1 \n  LONG_DD  0.046698 \n  LAT_DD  45.47596","timestamp":null,"begin":null,"end":null,"altitudeMo":null,"tessellate":"-1","extrude":"0","visibility":"-1","drawOrder":null,"icon":null,"ETIQ":"AP V1 Km 223,810","NOM_ACCES":"PTLO-L12-039","AXE":"LGV V1","PK":"223.81","LONGITUDE":"0°2'48.1116E","LATITUDE":"45°28'33.4563N","LOT":"12","SEI":"64","LIBELLE":"APP 2238-1","LONG_DD":"0.046698","LAT_DD":"45.47596","gx_media_l":null,"_sp_url":null},"geometry":{"type":"Point","coordinates":[0.04669799999999933,45.47596,0.0]}},{"id":"888","type":"Feature","properties":{"Name":"AR V1 Km 224,397","descriptio":"Attributes\n  ETIQ  AR V1 Km 224,397 \n  NOM_ACCES  PTLA-L12-029 \n  AXE  LGV V1 \n  PK  224.397 \n  LONGITUDE  0°2'32.4744E \n  LATITUDE  45°28'13.3591N \n  LOT  12 \n  SEI  64 \n  LIBELLE  RRL 2243-1 \n  LONG_DD  0.042354 \n  LAT_DD  45.470378","timestamp":null,"begin":null,"end":null,"altitudeMo":null,"tessellate":"-1","extrude":"0","visibility":"-1","drawOrder":null,"icon":null,"ETIQ":"AR V1 Km 224,397","NOM_ACCES":"PTLA-L12-029","AXE":"LGV V1","PK":"224.397","LONGITUDE":"0°2'32.4744E","LATITUDE":"45°28'13.3591N","LOT":"12","SEI":"64","LIBELLE":"RRL 2243-1","LONG_DD":"0.042354","LAT_DD":"45.470378","gx_media_l":null,"_sp_url":null},"geometry":{"type":"Point","coordinates":[0.04235400000000013,45.47037800000002,0.0]}},{"id":"889","type":"Feature","properties":{"Name":"AR V2 Km 224,397","descriptio":"Attributes\n  ETIQ  AR V2 Km 224,397 \n  NOM_ACCES  PTLA-L12-028 \n  AXE  LGV V2 \n  PK  224.397 \n  LONGITUDE  0°2'29.9282E \n  LATITUDE  45°28'14.7704N \n  LOT  12 \n  SEI  64 \n  LIBELLE  RRL 2243-2 \n  LONG_DD  0.041647 \n  LAT_DD  45.47077","timestamp":null,"begin":null,"end":null,"altitudeMo":null,"tessellate":"-1","extrude":"0","visibility":"-1","drawOrder":null,"icon":null,"ETIQ":"AR V2 Km 224,397","NOM_ACCES":"PTLA-L12-028","AXE":"LGV V2","PK":"224.397","LONGITUDE":"0°2'29.9282E","LATITUDE":"45°28'14.7704N","LOT":"12","SEI":"64","LIBELLE":"RRL 2243-2","LONG_DD":"0.041647","LAT_DD":"45.47077","gx_media_l":null,"_sp_url":null},"geometry":{"type":"Point","coordinates":[0.04164700000000035,45.47076999999999,0.0]}},{"id":"890","type":"Feature","properties":{"Name":"AP V2 Km 224,550","descriptio":"Attributes\n  ETIQ  AP V2 Km 224,550 \n  NOM_ACCES  PTLO-L12-032 \n  AXE  LGV V2 \n  PK  224.55 \n  LONGITUDE  0°2'28.883E \n  LATITUDE  45°28'12.734N \n  LOT  12 \n  SEI  64 \n  LIBELLE  APP 2245-2 \n  LONG_DD  0.041356 \n  LAT_DD  45.470204","timestamp":null,"begin":null,"end":null,"altitudeMo":null,"tessellate":"-1","extrude":"0","visibility":"-1","drawOrder":null,"icon":null,"ETIQ":"AP V2 Km 224,550","NOM_ACCES":"PTLO-L12-032","AXE":"LGV V2","PK":"224.55","LONGITUDE":"0°2'28.883E","LATITUDE":"45°28'12.734N","LOT":"12","SEI":"64","LIBELLE":"APP 2245-2","LONG_DD":"0.041356","LAT_DD":"45.470204","gx_media_l":null,"_sp_url":null},"geometry":{"type":"Point","coordinates":[0.04135599999999951,45.47020399999998,0.0]}},{"id":"891","type":"Feature","properties":{"Name":"AP V1 Km 224,640","descriptio":"Attributes\n  ETIQ  AP V1 Km 224,640 \n  NOM_ACCES  PTLO-L12-041 \n  AXE  LGV V1 \n  PK  224.64 \n  LONGITUDE  0°2'27.6687E \n  LATITUDE  45°28'8.0816N \n  LOT  12 \n  SEI  64 \n  LIBELLE  APP 2246-1 \n  LONG_DD  0.041019 \n  LAT_DD  45.468912","timestamp":null,"begin":null,"end":null,"altitudeMo":null,"tessellate":"-1","extrude":"0","visibility":"-1","drawOrder":null,"icon":null,"ETIQ":"AP V1 Km 224,640","NOM_ACCES":"PTLO-L12-041","AXE":"LGV V1","PK":"224.64","LONGITUDE":"0°2'27.6687E","LATITUDE":"45°28'8.0816N","LOT":"12","SEI":"64","LIBELLE":"APP 2246-1","LONG_DD":"0.041019","LAT_DD":"45.468912","gx_media_l":null,"_sp_url":null},"geometry":{"type":"Point","coordinates":[0.04101900000000046,45.46891199999999,0.0]}},{"id":"892","type":"Feature","properties":{"Name":"AP V1 Km 224,995","descriptio":"Attributes\n  ETIQ  AP V1 Km 224,995 \n  NOM_ACCES  PTLO-L12-043 \n  AXE  LGV V1 \n  PK  224.995 \n  LONGITUDE  0°2'22.0947E \n  LATITUDE  45°27'59.8149N \n  LOT  12 \n  SEI  65 \n  LIBELLE  APP 2249-1 \n  LONG_DD  0.039471 \n  LAT_DD  45.466615","timestamp":null,"begin":null,"end":null,"altitudeMo":null,"tessellate":"-1","extrude":"0","visibility":"-1","drawOrder":null,"icon":null,"ETIQ":"AP V1 Km 224,995","NOM_ACCES":"PTLO-L12-043","AXE":"LGV V1","PK":"224.995","LONGITUDE":"0°2'22.0947E","LATITUDE":"45°27'59.8149N","LOT":"12","SEI":"65","LIBELLE":"APP 2249-1","LONG_DD":"0.039471","LAT_DD":"45.466615","gx_media_l":null,"_sp_url":null},"geometry":{"type":"Point","coordinates":[0.03947099999999984,45.466615000000004,0.0]}},{"id":"893","type":"Feature","properties":{"Name":"AP V2 Km 224,995","descriptio":"Attributes\n  ETIQ  AP V2 Km 224,995 \n  NOM_ACCES  PTLO-L12-034 \n  AXE  LGV V2 \n  PK  224.995 \n  LONGITUDE  0°2'17.5547E \n  LATITUDE  45°28'1.3308N \n  LOT  12 \n  SEI  65 \n  LIBELLE  APP 2249-2 \n  LONG_DD  0.03821 \n  LAT_DD  45.467036","timestamp":null,"begin":null,"end":null,"altitudeMo":null,"tessellate":"-1","extrude":"0","visibility":"-1","drawOrder":null,"icon":null,"ETIQ":"AP V2 Km 224,995","NOM_ACCES":"PTLO-L12-034","AXE":"LGV V2","PK":"224.995","LONGITUDE":"0°2'17.5547E","LATITUDE":"45°28'1.3308N","LOT":"12","SEI":"65","LIBELLE":"APP 2249-2","LONG_DD":"0.03821","LAT_DD":"45.467036","gx_media_l":null,"_sp_url":null},"geometry":{"type":"Point","coordinates":[0.038210000000000556,45.467036,0.0]}},{"id":"894","type":"Feature","properties":{"Name":"AP V1 Km 225,200","descriptio":"Attributes\n  ETIQ  AP V1 Km 225,200 \n  NOM_ACCES  PTLO-L12-036 \n  AXE  LGV V1 \n  PK  225.2 \n  LONGITUDE  0°2'10.9795E \n  LATITUDE  45°27'54.0161N \n  LOT  12 \n  SEI  65 \n  LIBELLE  APP 2252-1 \n  LONG_DD  0.036383 \n  LAT_DD  45.465004","timestamp":null,"begin":null,"end":null,"altitudeMo":null,"tessellate":"-1","extrude":"0","visibility":"-1","drawOrder":null,"icon":null,"ETIQ":"AP V1 Km 225,200","NOM_ACCES":"PTLO-L12-036","AXE":"LGV V1","PK":"225.2","LONGITUDE":"0°2'10.9795E","LATITUDE":"45°27'54.0161N","LOT":"12","SEI":"65","LIBELLE":"APP 2252-1","LONG_DD":"0.036383","LAT_DD":"45.465004","gx_media_l":null,"_sp_url":null},"geometry":{"type":"Point","coordinates":[0.036382999999999235,45.46500400000002,0.0]}},{"id":"895","type":"Feature","properties":{"Name":"AP V2 Km 225,200","descriptio":"Attributes\n  ETIQ  AP V2 Km 225,200 \n  NOM_ACCES  PTLO-L12-036 \n  AXE  LGV V2 \n  PK  225.2 \n  LONGITUDE  0°2'10.9795E \n  LATITUDE  45°27'54.0161N \n  LOT  12 \n  SEI  65 \n  LIBELLE  APP 2252-2 \n  LONG_DD  0.036383 \n  LAT_DD  45.465004","timestamp":null,"begin":null,"end":null,"altitudeMo":null,"tessellate":"-1","extrude":"0","visibility":"-1","drawOrder":null,"icon":null,"ETIQ":"AP V2 Km 225,200","NOM_ACCES":"PTLO-L12-036","AXE":"LGV V2","PK":"225.2","LONGITUDE":"0°2'10.9795E","LATITUDE":"45°27'54.0161N","LOT":"12","SEI":"65","LIBELLE":"APP 2252-2","LONG_DD":"0.036383","LAT_DD":"45.465004","gx_media_l":null,"_sp_url":null},"geometry":{"type":"Point","coordinates":[0.036382999999999235,45.46500400000002,0.0]}},{"id":"896","type":"Feature","properties":{"Name":"AP V1 Km 226,170","descriptio":"Attributes\n  ETIQ  AP V1 Km 226,170 \n  NOM_ACCES  PTLO-L12-045 \n  AXE  LGV V1 \n  PK  226.17 \n  LONGITUDE  0°1'52.6094E \n  LATITUDE  45°27'19.3289N \n  LOT  12 \n  SEI  65 \n  LIBELLE  APP 2261-1 \n  LONG_DD  0.03128 \n  LAT_DD  45.455369","timestamp":null,"begin":null,"end":null,"altitudeMo":null,"tessellate":"-1","extrude":"0","visibility":"-1","drawOrder":null,"icon":null,"ETIQ":"AP V1 Km 226,170","NOM_ACCES":"PTLO-L12-045","AXE":"LGV V1","PK":"226.17","LONGITUDE":"0°1'52.6094E","LATITUDE":"45°27'19.3289N","LOT":"12","SEI":"65","LIBELLE":"APP 2261-1","LONG_DD":"0.03128","LAT_DD":"45.455369","gx_media_l":null,"_sp_url":null},"geometry":{"type":"Point","coordinates":[0.03128000000000019,45.455369,0.0]}},{"id":"897","type":"Feature","properties":{"Name":"AP V2 Km 226,170","descriptio":"Attributes\n  ETIQ  AP V2 Km 226,170 \n  NOM_ACCES  PTLO-L12-038 \n  AXE  LGV V2 \n  PK  226.17 \n  LONGITUDE  0°1'51.1304E \n  LATITUDE  45°27'25.6883N \n  LOT  12 \n  SEI  65 \n  LIBELLE  APP 2261-2 \n  LONG_DD  0.03087 \n  LAT_DD  45.457136","timestamp":null,"begin":null,"end":null,"altitudeMo":null,"tessellate":"-1","extrude":"0","visibility":"-1","drawOrder":null,"icon":null,"ETIQ":"AP V2 Km 226,170","NOM_ACCES":"PTLO-L12-038","AXE":"LGV V2","PK":"226.17","LONGITUDE":"0°1'51.1304E","LATITUDE":"45°27'25.6883N","LOT":"12","SEI":"65","LIBELLE":"APP 2261-2","LONG_DD":"0.03087","LAT_DD":"45.457136","gx_media_l":null,"_sp_url":null},"geometry":{"type":"Point","coordinates":[0.030870000000000335,45.457136,0.0]}},{"id":"898","type":"Feature","properties":{"Name":"AR V2 Km 226,585","descriptio":"Attributes\n  ETIQ  AR V2 Km 226,585 \n  NOM_ACCES  PTLA-L12-030 \n  AXE  LGV V2 \n  PK  226.585 \n  LONGITUDE  0°1'40.9711E \n  LATITUDE  45°27'11.3739N \n  LOT  12 \n  SEI  65 \n  LIBELLE  ARP 2265-2 \n  LONG_DD  0.028048 \n  LAT_DD  45.453159","timestamp":null,"begin":null,"end":null,"altitudeMo":null,"tessellate":"-1","extrude":"0","visibility":"-1","drawOrder":null,"icon":null,"ETIQ":"AR V2 Km 226,585","NOM_ACCES":"PTLA-L12-030","AXE":"LGV V2","PK":"226.585","LONGITUDE":"0°1'40.9711E","LATITUDE":"45°27'11.3739N","LOT":"12","SEI":"65","LIBELLE":"ARP 2265-2","LONG_DD":"0.028048","LAT_DD":"45.453159","gx_media_l":null,"_sp_url":null},"geometry":{"type":"Point","coordinates":[0.028047999999999525,45.45315900000001,0.0]}},{"id":"899","type":"Feature","properties":{"Name":"AR V1 Km 226,880","descriptio":"Attributes\n  ETIQ  AR V1 Km 226,880 \n  NOM_ACCES  PTLA-L12-031 \n  AXE  LGV V1 \n  PK  226.88 \n  LONGITUDE  0°1'32.7492E \n  LATITUDE  45°26'54.945N \n  LOT  12 \n  SEI  65 \n  LIBELLE  ARP 2268-1 \n  LONG_DD  0.025764 \n  LAT_DD  45.448596","timestamp":null,"begin":null,"end":null,"altitudeMo":null,"tessellate":"-1","extrude":"0","visibility":"-1","drawOrder":null,"icon":null,"ETIQ":"AR V1 Km 226,880","NOM_ACCES":"PTLA-L12-031","AXE":"LGV V1","PK":"226.88","LONGITUDE":"0°1'32.7492E","LATITUDE":"45°26'54.945N","LOT":"12","SEI":"65","LIBELLE":"ARP 2268-1","LONG_DD":"0.025764","LAT_DD":"45.448596","gx_media_l":null,"_sp_url":null},"geometry":{"type":"Point","coordinates":[0.025764000000000956,45.44859599999999,0.0]}},{"id":"900","type":"Feature","properties":{"Name":"AP V1 Km 227,310","descriptio":"Attributes\n  ETIQ  AP V1 Km 227,310 \n  NOM_ACCES  PTLO-L12-047 \n  AXE  LGV V1 \n  PK  227.31 \n  LONGITUDE  0°1'29.4488E \n  LATITUDE  45°26'50.8256N \n  LOT  12 \n  SEI  65 \n  LIBELLE  APP 2273-1 \n  LONG_DD  0.024847 \n  LAT_DD  45.447452","timestamp":null,"begin":null,"end":null,"altitudeMo":null,"tessellate":"-1","extrude":"0","visibility":"-1","drawOrder":null,"icon":null,"ETIQ":"AP V1 Km 227,310","NOM_ACCES":"PTLO-L12-047","AXE":"LGV V1","PK":"227.31","LONGITUDE":"0°1'29.4488E","LATITUDE":"45°26'50.8256N","LOT":"12","SEI":"65","LIBELLE":"APP 2273-1","LONG_DD":"0.024847","LAT_DD":"45.447452","gx_media_l":null,"_sp_url":null},"geometry":{"type":"Point","coordinates":[0.024846999999999377,45.44745199999999,0.0]}},{"id":"901","type":"Feature","properties":{"Name":"AP V2 Km 227,510","descriptio":"Attributes\n  ETIQ  AP V2 Km 227,510 \n  NOM_ACCES  PTLO-L12-040 \n  AXE  LGV V2 \n  PK  227.51 \n  LONGITUDE  0°1'23.4413E \n  LATITUDE  45°26'46.6672N \n  LOT  12 \n  SEI  65 \n  LIBELLE  APP 2275-2 \n  LONG_DD  0.023178 \n  LAT_DD  45.446296","timestamp":null,"begin":null,"end":null,"altitudeMo":null,"tessellate":"-1","extrude":"0","visibility":"-1","drawOrder":null,"icon":null,"ETIQ":"AP V2 Km 227,510","NOM_ACCES":"PTLO-L12-040","AXE":"LGV V2","PK":"227.51","LONGITUDE":"0°1'23.4413E","LATITUDE":"45°26'46.6672N","LOT":"12","SEI":"65","LIBELLE":"APP 2275-2","LONG_DD":"0.023178","LAT_DD":"45.446296","gx_media_l":null,"_sp_url":null},"geometry":{"type":"Point","coordinates":[0.02317800000000139,45.44629599999999,0.0]}},{"id":"902","type":"Feature","properties":{"Name":"AR V1 Km 227,795","descriptio":"Attributes\n  ETIQ  AR V1 Km 227,795 \n  NOM_ACCES  PTLA-L12-033 \n  AXE  LGV V1 \n  PK  227.795 \n  LONGITUDE  0°1'20.5776E \n  LATITUDE  45°26'39.0114N \n  LOT  12 \n  SEI  65 \n  LIBELLE  ARP 2277-1 \n  LONG_DD  0.022383 \n  LAT_DD  45.44417","timestamp":null,"begin":null,"end":null,"altitudeMo":null,"tessellate":"-1","extrude":"0","visibility":"-1","drawOrder":null,"icon":null,"ETIQ":"AR V1 Km 227,795","NOM_ACCES":"PTLA-L12-033","AXE":"LGV V1","PK":"227.795","LONGITUDE":"0°1'20.5776E","LATITUDE":"45°26'39.0114N","LOT":"12","SEI":"65","LIBELLE":"ARP 2277-1","LONG_DD":"0.022383","LAT_DD":"45.44417","gx_media_l":null,"_sp_url":null},"geometry":{"type":"Point","coordinates":[0.022383000000001138,45.444169999999986,0.0]}},{"id":"903","type":"Feature","properties":{"Name":"AP V2 Km 227,900","descriptio":"Attributes\n  ETIQ  AP V2 Km 227,900 \n  NOM_ACCES  PTLO-L12-042 \n  AXE  LGV V2 \n  PK  227.9 \n  LONGITUDE  0°1'9.1263E \n  LATITUDE  45°26'27.6913N \n  LOT  12 \n  SEI  65 \n  LIBELLE  APP 2279-2 \n  LONG_DD  0.019202 \n  LAT_DD  45.441025","timestamp":null,"begin":null,"end":null,"altitudeMo":null,"tessellate":"-1","extrude":"0","visibility":"-1","drawOrder":null,"icon":null,"ETIQ":"AP V2 Km 227,900","NOM_ACCES":"PTLO-L12-042","AXE":"LGV V2","PK":"227.9","LONGITUDE":"0°1'9.1263E","LATITUDE":"45°26'27.6913N","LOT":"12","SEI":"65","LIBELLE":"APP 2279-2","LONG_DD":"0.019202","LAT_DD":"45.441025","gx_media_l":null,"_sp_url":null},"geometry":{"type":"Point","coordinates":[0.019201999999999764,45.441025,0.0]}},{"id":"904","type":"Feature","properties":{"Name":"AR V1 Km 228,592","descriptio":"Attributes\n  ETIQ  AR V1 Km 228,592 \n  NOM_ACCES  PTLA-L12-035 \n  AXE  LGV V1 \n  PK  228.592 \n  LONGITUDE  0°1'3.0768E \n  LATITUDE  45°26'13.7305N \n  LOT  12 \n  SEI  65 \n  LIBELLE  ARP 2285-1 \n  LONG_DD  0.017521 \n  LAT_DD  45.437147","timestamp":null,"begin":null,"end":null,"altitudeMo":null,"tessellate":"-1","extrude":"0","visibility":"-1","drawOrder":null,"icon":null,"ETIQ":"AR V1 Km 228,592","NOM_ACCES":"PTLA-L12-035","AXE":"LGV V1","PK":"228.592","LONGITUDE":"0°1'3.0768E","LATITUDE":"45°26'13.7305N","LOT":"12","SEI":"65","LIBELLE":"ARP 2285-1","LONG_DD":"0.017521","LAT_DD":"45.437147","gx_media_l":null,"_sp_url":null},"geometry":{"type":"Point","coordinates":[0.017521000000000047,45.43714700000002,0.0]}},{"id":"905","type":"Feature","properties":{"Name":"AR V2 Km 228,715","descriptio":"Attributes\n  ETIQ  AR V2 Km 228,715 \n  NOM_ACCES  PTLA-L12-032 \n  AXE  LGV V2 \n  PK  228.715 \n  LONGITUDE  0°0'48.5053E \n  LATITUDE  45°25'57.6482N \n  LOT  12 \n  SEI  65 \n  LIBELLE  ARP 2287-2 \n  LONG_DD  0.013474 \n  LAT_DD  45.43268","timestamp":null,"begin":null,"end":null,"altitudeMo":null,"tessellate":"-1","extrude":"0","visibility":"-1","drawOrder":null,"icon":null,"ETIQ":"AR V2 Km 228,715","NOM_ACCES":"PTLA-L12-032","AXE":"LGV V2","PK":"228.715","LONGITUDE":"0°0'48.5053E","LATITUDE":"45°25'57.6482N","LOT":"12","SEI":"65","LIBELLE":"ARP 2287-2","LONG_DD":"0.013474","LAT_DD":"45.43268","gx_media_l":null,"_sp_url":null},"geometry":{"type":"Point","coordinates":[0.01347400000000036,45.432680000000005,0.0]}},{"id":"906","type":"Feature","properties":{"Name":"AR V1 Km 229,069","descriptio":"Attributes\n  ETIQ  AR V1 Km 229,069 \n  NOM_ACCES  PTLA-L12-037 \n  AXE  LGV V1 \n  PK  229.069 \n  LONGITUDE  0°0'52.8055E \n  LATITUDE  45°25'59.7221N \n  LOT  12 \n  SEI  65 \n  LIBELLE  ARP 2290-1 \n  LONG_DD  0.014668 \n  LAT_DD  45.433256","timestamp":null,"begin":null,"end":null,"altitudeMo":null,"tessellate":"-1","extrude":"0","visibility":"-1","drawOrder":null,"icon":null,"ETIQ":"AR V1 Km 229,069","NOM_ACCES":"PTLA-L12-037","AXE":"LGV V1","PK":"229.069","LONGITUDE":"0°0'52.8055E","LATITUDE":"45°25'59.7221N","LOT":"12","SEI":"65","LIBELLE":"ARP 2290-1","LONG_DD":"0.014668","LAT_DD":"45.433256","gx_media_l":null,"_sp_url":null},"geometry":{"type":"Point","coordinates":[0.014667999999999907,45.433256,0.0]}},{"id":"907","type":"Feature","properties":{"Name":"AR V2 Km 229,073","descriptio":"Attributes\n  ETIQ  AR V2 Km 229,073 \n  NOM_ACCES  PTLA-L12-032 \n  AXE  LGV V2 \n  PK  229.073 \n  LONGITUDE  0°0'48.5053E \n  LATITUDE  45°25'57.6482N \n  LOT  12 \n  SEI  65 \n  LIBELLE  ARP 2290-2 \n  LONG_DD  0.013474 \n  LAT_DD  45.43268","timestamp":null,"begin":null,"end":null,"altitudeMo":null,"tessellate":"-1","extrude":"0","visibility":"-1","drawOrder":null,"icon":null,"ETIQ":"AR V2 Km 229,073","NOM_ACCES":"PTLA-L12-032","AXE":"LGV V2","PK":"229.073","LONGITUDE":"0°0'48.5053E","LATITUDE":"45°25'57.6482N","LOT":"12","SEI":"65","LIBELLE":"ARP 2290-2","LONG_DD":"0.013474","LAT_DD":"45.43268","gx_media_l":null,"_sp_url":null},"geometry":{"type":"Point","coordinates":[0.01347400000000036,45.432680000000005,0.0]}},{"id":"908","type":"Feature","properties":{"Name":"AR V2 Km 229,350","descriptio":"Attributes\n  ETIQ  AR V2 Km 229,350 \n  NOM_ACCES  PTLA-L12-032 \n  AXE  LGV V2 \n  PK  229.35 \n  LONGITUDE  0°0'48.5053E \n  LATITUDE  45°25'57.6482N \n  LOT  12 \n  SEI  65 \n  LIBELLE  ARP 2293-2 \n  LONG_DD  0.013474 \n  LAT_DD  45.43268","timestamp":null,"begin":null,"end":null,"altitudeMo":null,"tessellate":"-1","extrude":"0","visibility":"-1","drawOrder":null,"icon":null,"ETIQ":"AR V2 Km 229,350","NOM_ACCES":"PTLA-L12-032","AXE":"LGV V2","PK":"229.35","LONGITUDE":"0°0'48.5053E","LATITUDE":"45°25'57.6482N","LOT":"12","SEI":"65","LIBELLE":"ARP 2293-2","LONG_DD":"0.013474","LAT_DD":"45.43268","gx_media_l":null,"_sp_url":null},"geometry":{"type":"Point","coordinates":[0.01347400000000036,45.432680000000005,0.0]}},{"id":"909","type":"Feature","properties":{"Name":"AP V2 Km 229,780","descriptio":"Attributes\n  ETIQ  AP V2 Km 229,780 \n  NOM_ACCES  PTLO-L12-051 \n  AXE  LGV V2 \n  PK  229.78 \n  LONGITUDE  0°0'37.7804E \n  LATITUDE  45°25'38.4916N \n  LOT  12 \n  SEI  65 \n  LIBELLE  APP 2297-2 \n  LONG_DD  0.010495 \n  LAT_DD  45.427359","timestamp":null,"begin":null,"end":null,"altitudeMo":null,"tessellate":"-1","extrude":"0","visibility":"-1","drawOrder":null,"icon":null,"ETIQ":"AP V2 Km 229,780","NOM_ACCES":"PTLO-L12-051","AXE":"LGV V2","PK":"229.78","LONGITUDE":"0°0'37.7804E","LATITUDE":"45°25'38.4916N","LOT":"12","SEI":"65","LIBELLE":"APP 2297-2","LONG_DD":"0.010495","LAT_DD":"45.427359","gx_media_l":null,"_sp_url":null},"geometry":{"type":"Point","coordinates":[0.010494999999999774,45.42735900000002,0.0]}},{"id":"910","type":"Feature","properties":{"Name":"AP V1 Km 229,830","descriptio":"Attributes\n  ETIQ  AP V1 Km 229,830 \n  NOM_ACCES  PTLO-L12-051 \n  AXE  LGV V1 \n  PK  229.83 \n  LONGITUDE  0°0'37.7804E \n  LATITUDE  45°25'38.4916N \n  LOT  12 \n  SEI  65 \n  LIBELLE  APP 2298-1 \n  LONG_DD  0.010495 \n  LAT_DD  45.427359","timestamp":null,"begin":null,"end":null,"altitudeMo":null,"tessellate":"-1","extrude":"0","visibility":"-1","drawOrder":null,"icon":null,"ETIQ":"AP V1 Km 229,830","NOM_ACCES":"PTLO-L12-051","AXE":"LGV V1","PK":"229.83","LONGITUDE":"0°0'37.7804E","LATITUDE":"45°25'38.4916N","LOT":"12","SEI":"65","LIBELLE":"APP 2298-1","LONG_DD":"0.010495","LAT_DD":"45.427359","gx_media_l":null,"_sp_url":null},"geometry":{"type":"Point","coordinates":[0.010494999999999774,45.42735900000002,0.0]}},{"id":"911","type":"Feature","properties":{"Name":"AR V1 Km 229,981","descriptio":"Attributes\n  ETIQ  AR V1 Km 229,981 \n  NOM_ACCES  PTLA-L12-039 \n  AXE  LGV V1 \n  PK  229.981 \n  LONGITUDE  0°0'31.2841E \n  LATITUDE  45°25'28.6708N \n  LOT  12 \n  SEI  65 \n  LIBELLE  ARP 2299-1 \n  LONG_DD  0.00869 \n  LAT_DD  45.424631","timestamp":null,"begin":null,"end":null,"altitudeMo":null,"tessellate":"-1","extrude":"0","visibility":"-1","drawOrder":null,"icon":null,"ETIQ":"AR V1 Km 229,981","NOM_ACCES":"PTLA-L12-039","AXE":"LGV V1","PK":"229.981","LONGITUDE":"0°0'31.2841E","LATITUDE":"45°25'28.6708N","LOT":"12","SEI":"65","LIBELLE":"ARP 2299-1","LONG_DD":"0.00869","LAT_DD":"45.424631","gx_media_l":null,"_sp_url":null},"geometry":{"type":"Point","coordinates":[0.008689999999999962,45.424631000000005,0.0]}},{"id":"912","type":"Feature","properties":{"Name":"AR V2 Km 230,107","descriptio":"Attributes\n  ETIQ  AR V2 Km 230,107 \n  NOM_ACCES  PTLA-L12-036 \n  AXE  LGV V2 \n  PK  230.107 \n  LONGITUDE  0°0'27.6749E \n  LATITUDE  45°25'29.136N \n  LOT  12 \n  SEI  65 \n  LIBELLE  ARP 2301-2 \n  LONG_DD  0.007687 \n  LAT_DD  45.42476","timestamp":null,"begin":null,"end":null,"altitudeMo":null,"tessellate":"-1","extrude":"0","visibility":"-1","drawOrder":null,"icon":null,"ETIQ":"AR V2 Km 230,107","NOM_ACCES":"PTLA-L12-036","AXE":"LGV V2","PK":"230.107","LONGITUDE":"0°0'27.6749E","LATITUDE":"45°25'29.136N","LOT":"12","SEI":"65","LIBELLE":"ARP 2301-2","LONG_DD":"0.007687","LAT_DD":"45.42476","gx_media_l":null,"_sp_url":null},"geometry":{"type":"Point","coordinates":[0.007687000000000646,45.424760000000006,0.0]}},{"id":"913","type":"Feature","properties":{"Name":"AP V1 Km 230,150","descriptio":"Attributes\n  ETIQ  AP V1 Km 230,150 \n  NOM_ACCES  PTLA-L12-039 \n  AXE  LGV V1 \n  PK  230.15 \n  LONGITUDE  0°0'31.2841E \n  LATITUDE  45°25'28.6708N \n  LOT  12 \n  SEI  65 \n  LIBELLE  APP 2301-1 \n  LONG_DD  0.00869 \n  LAT_DD  45.424631","timestamp":null,"begin":null,"end":null,"altitudeMo":null,"tessellate":"-1","extrude":"0","visibility":"-1","drawOrder":null,"icon":null,"ETIQ":"AP V1 Km 230,150","NOM_ACCES":"PTLA-L12-039","AXE":"LGV V1","PK":"230.15","LONGITUDE":"0°0'31.2841E","LATITUDE":"45°25'28.6708N","LOT":"12","SEI":"65","LIBELLE":"APP 2301-1","LONG_DD":"0.00869","LAT_DD":"45.424631","gx_media_l":null,"_sp_url":null},"geometry":{"type":"Point","coordinates":[0.008689999999999962,45.424631000000005,0.0]}},{"id":"914","type":"Feature","properties":{"Name":"AP V1 Km 230,580","descriptio":"Attributes\n  ETIQ  AP V1 Km 230,580 \n  NOM_ACCES  PTLO-L12-053 \n  AXE  LGV V1 \n  PK  230.58 \n  LONGITUDE  0°0'18.8915E \n  LATITUDE  45°25'11.8657N \n  LOT  12 \n  SEI  65 \n  LIBELLE  APP 2305-1 \n  LONG_DD  0.005248 \n  LAT_DD  45.419963","timestamp":null,"begin":null,"end":null,"altitudeMo":null,"tessellate":"-1","extrude":"0","visibility":"-1","drawOrder":null,"icon":null,"ETIQ":"AP V1 Km 230,580","NOM_ACCES":"PTLO-L12-053","AXE":"LGV V1","PK":"230.58","LONGITUDE":"0°0'18.8915E","LATITUDE":"45°25'11.8657N","LOT":"12","SEI":"65","LIBELLE":"APP 2305-1","LONG_DD":"0.005248","LAT_DD":"45.419963","gx_media_l":null,"_sp_url":null},"geometry":{"type":"Point","coordinates":[0.005248000000000273,45.41996300000002,0.0]}},{"id":"915","type":"Feature","properties":{"Name":"AP V2 Km 230,655","descriptio":"Attributes\n  ETIQ  AP V2 Km 230,655 \n  NOM_ACCES  PTLA-L12-038 \n  AXE  LGV V2 \n  PK  230.655 \n  LONGITUDE  0°0'17.2449E \n  LATITUDE  45°25'13.9923N \n  LOT  12 \n  SEI  65 \n  LIBELLE  APP 2306-2 \n  LONG_DD  0.00479 \n  LAT_DD  45.420553","timestamp":null,"begin":null,"end":null,"altitudeMo":null,"tessellate":"-1","extrude":"0","visibility":"-1","drawOrder":null,"icon":null,"ETIQ":"AP V2 Km 230,655","NOM_ACCES":"PTLA-L12-038","AXE":"LGV V2","PK":"230.655","LONGITUDE":"0°0'17.2449E","LATITUDE":"45°25'13.9923N","LOT":"12","SEI":"65","LIBELLE":"APP 2306-2","LONG_DD":"0.00479","LAT_DD":"45.420553","gx_media_l":null,"_sp_url":null},"geometry":{"type":"Point","coordinates":[0.004789999999999871,45.420553000000005,0.0]}},{"id":"916","type":"Feature","properties":{"Name":"AR V1 Km 231,125","descriptio":"Attributes\n  ETIQ  AR V1 Km 231,125 \n  NOM_ACCES  PTLA-L13-001 \n  AXE  LGV V1 \n  PK  231.125 \n  LONGITUDE  0°0'9.7301E \n  LATITUDE  45°24'59.4612N \n  LOT  13 \n  SEI  65 \n  LIBELLE  ARP 2311-1 \n  LONG_DD  0.002703 \n  LAT_DD  45.416517","timestamp":null,"begin":null,"end":null,"altitudeMo":null,"tessellate":"-1","extrude":"0","visibility":"-1","drawOrder":null,"icon":null,"ETIQ":"AR V1 Km 231,125","NOM_ACCES":"PTLA-L13-001","AXE":"LGV V1","PK":"231.125","LONGITUDE":"0°0'9.7301E","LATITUDE":"45°24'59.4612N","LOT":"13","SEI":"65","LIBELLE":"ARP 2311-1","LONG_DD":"0.002703","LAT_DD":"45.416517","gx_media_l":null,"_sp_url":null},"geometry":{"type":"Point","coordinates":[0.0027029999999990196,45.41651699999999,0.0]}},{"id":"917","type":"Feature","properties":{"Name":"AR V2 Km 231,125","descriptio":"Attributes\n  ETIQ  AR V2 Km 231,125 \n  NOM_ACCES  PTLA-L13-002 \n  AXE  LGV V2 \n  PK  231.125 \n  LONGITUDE  0°0'7.732E \n  LATITUDE  45°25'1.832N \n  LOT  13 \n  SEI  65 \n  LIBELLE  ARP 2311-2 \n  LONG_DD  0.002148 \n  LAT_DD  45.417176","timestamp":null,"begin":null,"end":null,"altitudeMo":null,"tessellate":"-1","extrude":"0","visibility":"-1","drawOrder":null,"icon":null,"ETIQ":"AR V2 Km 231,125","NOM_ACCES":"PTLA-L13-002","AXE":"LGV V2","PK":"231.125","LONGITUDE":"0°0'7.732E","LATITUDE":"45°25'1.832N","LOT":"13","SEI":"65","LIBELLE":"ARP 2311-2","LONG_DD":"0.002148","LAT_DD":"45.417176","gx_media_l":null,"_sp_url":null},"geometry":{"type":"Point","coordinates":[0.0021480000000007205,45.41717599999999,0.0]}},{"id":"918","type":"Feature","properties":{"Name":"AP V1 Km 231,815","descriptio":"Attributes\n  ETIQ  AP V1 Km 231,815 \n  NOM_ACCES  PTLO-L13-001 \n  AXE  LGV V1 \n  PK  231.815 \n  LONGITUDE  0°0'4.7947W \n  LATITUDE  45°24'42.5713N \n  LOT  13 \n  SEI  65 \n  LIBELLE  APP 2138-1 \n  LONG_DD  -0.001332 \n  LAT_DD  45.411825","timestamp":null,"begin":null,"end":null,"altitudeMo":null,"tessellate":"-1","extrude":"0","visibility":"-1","drawOrder":null,"icon":null,"ETIQ":"AP V1 Km 231,815","NOM_ACCES":"PTLO-L13-001","AXE":"LGV V1","PK":"231.815","LONGITUDE":"0°0'4.7947W","LATITUDE":"45°24'42.5713N","LOT":"13","SEI":"65","LIBELLE":"APP 2138-1","LONG_DD":"-0.001332","LAT_DD":"45.411825","gx_media_l":null,"_sp_url":null},"geometry":{"type":"Point","coordinates":[-0.0013320000000001315,45.411824999999986,0.0]}},{"id":"919","type":"Feature","properties":{"Name":"AP V2 Km 231,880","descriptio":"Attributes\n  ETIQ  AP V2 Km 231,880 \n  NOM_ACCES  PTLO-L13-002 \n  AXE  LGV V2 \n  PK  231.88 \n  LONGITUDE  0°0'7.6206W \n  LATITUDE  45°24'43.0136N \n  LOT  13 \n  SEI  65 \n  LIBELLE  APP 2138-2 \n  LONG_DD  -0.002117 \n  LAT_DD  45.411948","timestamp":null,"begin":null,"end":null,"altitudeMo":null,"tessellate":"-1","extrude":"0","visibility":"-1","drawOrder":null,"icon":null,"ETIQ":"AP V2 Km 231,880","NOM_ACCES":"PTLO-L13-002","AXE":"LGV V2","PK":"231.88","LONGITUDE":"0°0'7.6206W","LATITUDE":"45°24'43.0136N","LOT":"13","SEI":"65","LIBELLE":"APP 2138-2","LONG_DD":"-0.002117","LAT_DD":"45.411948","gx_media_l":null,"_sp_url":null},"geometry":{"type":"Point","coordinates":[-0.0021169999999998026,45.41194800000002,0.0]}},{"id":"920","type":"Feature","properties":{"Name":"AP V2 Km 232,380","descriptio":"Attributes\n  ETIQ  AP V2 Km 232,380 \n  NOM_ACCES  PTLO-L13-004 \n  AXE  LGV V2 \n  PK  232.38 \n  LONGITUDE  0°0'19.8653W \n  LATITUDE  45°24'26.8586N \n  LOT  13 \n  SEI  65 \n  LIBELLE  APP 2323-2 \n  LONG_DD  -0.005518 \n  LAT_DD  45.407461","timestamp":null,"begin":null,"end":null,"altitudeMo":null,"tessellate":"-1","extrude":"0","visibility":"-1","drawOrder":null,"icon":null,"ETIQ":"AP V2 Km 232,380","NOM_ACCES":"PTLO-L13-004","AXE":"LGV V2","PK":"232.38","LONGITUDE":"0°0'19.8653W","LATITUDE":"45°24'26.8586N","LOT":"13","SEI":"65","LIBELLE":"APP 2323-2","LONG_DD":"-0.005518","LAT_DD":"45.407461","gx_media_l":null,"_sp_url":null},"geometry":{"type":"Point","coordinates":[-0.005517999999999586,45.407461000000005,0.0]}},{"id":"921","type":"Feature","properties":{"Name":"AP V1 Km 232,380","descriptio":"Attributes\n  ETIQ  AP V1 Km 232,380 \n  NOM_ACCES  PTLO-L13-003 \n  AXE  LGV V1 \n  PK  232.38 \n  LONGITUDE  0°0'16.3673W \n  LATITUDE  45°24'26.6897N \n  LOT  13 \n  SEI  65 \n  LIBELLE  APP 2323-1 \n  LONG_DD  -0.004546 \n  LAT_DD  45.407414","timestamp":null,"begin":null,"end":null,"altitudeMo":null,"tessellate":"-1","extrude":"0","visibility":"-1","drawOrder":null,"icon":null,"ETIQ":"AP V1 Km 232,380","NOM_ACCES":"PTLO-L13-003","AXE":"LGV V1","PK":"232.38","LONGITUDE":"0°0'16.3673W","LATITUDE":"45°24'26.6897N","LOT":"13","SEI":"65","LIBELLE":"APP 2323-1","LONG_DD":"-0.004546","LAT_DD":"45.407414","gx_media_l":null,"_sp_url":null},"geometry":{"type":"Point","coordinates":[-0.0045459999999999945,45.40741400000001,0.0]}},{"id":"922","type":"Feature","properties":{"Name":"AP V1 Km 232,710","descriptio":"Attributes\n  ETIQ  AP V1 Km 232,710 \n  NOM_ACCES  PTLO-L13-005 \n  AXE  LGV V1 \n  PK  232.71 \n  LONGITUDE  0°0'26.578W \n  LATITUDE  45°24'12.1492N \n  LOT  13 \n  SEI  65 \n  LIBELLE  APP 2327-1 \n  LONG_DD  -0.007383 \n  LAT_DD  45.403375","timestamp":null,"begin":null,"end":null,"altitudeMo":null,"tessellate":"-1","extrude":"0","visibility":"-1","drawOrder":null,"icon":null,"ETIQ":"AP V1 Km 232,710","NOM_ACCES":"PTLO-L13-005","AXE":"LGV V1","PK":"232.71","LONGITUDE":"0°0'26.578W","LATITUDE":"45°24'12.1492N","LOT":"13","SEI":"65","LIBELLE":"APP 2327-1","LONG_DD":"-0.007383","LAT_DD":"45.403375","gx_media_l":null,"_sp_url":null},"geometry":{"type":"Point","coordinates":[-0.007383000000000083,45.403375000000004,0.0]}},{"id":"923","type":"Feature","properties":{"Name":"AP V2 Km 232,710","descriptio":"Attributes\n  ETIQ  AP V2 Km 232,710 \n  NOM_ACCES  PTLO-L13-006 \n  AXE  LGV V2 \n  PK  232.71 \n  LONGITUDE  0°0'34.1642W \n  LATITUDE  45°24'13.4845N \n  LOT  13 \n  SEI  65 \n  LIBELLE  APP 2327-2 \n  LONG_DD  -0.00949 \n  LAT_DD  45.403746","timestamp":null,"begin":null,"end":null,"altitudeMo":null,"tessellate":"-1","extrude":"0","visibility":"-1","drawOrder":null,"icon":null,"ETIQ":"AP V2 Km 232,710","NOM_ACCES":"PTLO-L13-006","AXE":"LGV V2","PK":"232.71","LONGITUDE":"0°0'34.1642W","LATITUDE":"45°24'13.4845N","LOT":"13","SEI":"65","LIBELLE":"APP 2327-2","LONG_DD":"-0.00949","LAT_DD":"45.403746","gx_media_l":null,"_sp_url":null},"geometry":{"type":"Point","coordinates":[-0.009490000000000103,45.40374599999999,0.0]}},{"id":"924","type":"Feature","properties":{"Name":"AR V1 Km 233,265","descriptio":"Attributes\n  ETIQ  AR V1 Km 233,265 \n  NOM_ACCES  PTLA-L13-003 \n  AXE  LGV V1 \n  PK  233.265 \n  LONGITUDE  0°0'26.9564W \n  LATITUDE  45°24'10.5173N \n  LOT  13 \n  SEI  65 \n  LIBELLE  RRL 2332-1 \n  LONG_DD  -0.007488 \n  LAT_DD  45.402921","timestamp":null,"begin":null,"end":null,"altitudeMo":null,"tessellate":"-1","extrude":"0","visibility":"-1","drawOrder":null,"icon":null,"ETIQ":"AR V1 Km 233,265","NOM_ACCES":"PTLA-L13-003","AXE":"LGV V1","PK":"233.265","LONGITUDE":"0°0'26.9564W","LATITUDE":"45°24'10.5173N","LOT":"13","SEI":"65","LIBELLE":"RRL 2332-1","LONG_DD":"-0.007488","LAT_DD":"45.402921","gx_media_l":null,"_sp_url":null},"geometry":{"type":"Point","coordinates":[-0.007487999999999396,45.40292100000002,0.0]}},{"id":"925","type":"Feature","properties":{"Name":"AR V2 Km 233,265","descriptio":"Attributes\n  ETIQ  AR V2 Km 233,265 \n  NOM_ACCES  PTLA-L13-004 \n  AXE  LGV V2 \n  PK  233.265 \n  LONGITUDE  0°0'38.5194W \n  LATITUDE  45°24'4.0942N \n  LOT  13 \n  SEI  65 \n  LIBELLE  RRL 2332-2 \n  LONG_DD  -0.0107 \n  LAT_DD  45.401137","timestamp":null,"begin":null,"end":null,"altitudeMo":null,"tessellate":"-1","extrude":"0","visibility":"-1","drawOrder":null,"icon":null,"ETIQ":"AR V2 Km 233,265","NOM_ACCES":"PTLA-L13-004","AXE":"LGV V2","PK":"233.265","LONGITUDE":"0°0'38.5194W","LATITUDE":"45°24'4.0942N","LOT":"13","SEI":"65","LIBELLE":"RRL 2332-2","LONG_DD":"-0.0107","LAT_DD":"45.401137","gx_media_l":null,"_sp_url":null},"geometry":{"type":"Point","coordinates":[-0.010699999999999701,45.401137000000006,0.0]}},{"id":"926","type":"Feature","properties":{"Name":"AP V1 Km 233,500","descriptio":"Attributes\n  ETIQ  AP V1 Km 233,500 \n  NOM_ACCES  PTLO-L13-007 \n  AXE  LGV V1 \n  PK  233.5 \n  LONGITUDE  0°0'42.7234W \n  LATITUDE  45°23'54.8235N \n  LOT  13 \n  SEI  65 \n  LIBELLE  APP 2335-1 \n  LONG_DD  -0.011868 \n  LAT_DD  45.398562","timestamp":null,"begin":null,"end":null,"altitudeMo":null,"tessellate":"-1","extrude":"0","visibility":"-1","drawOrder":null,"icon":null,"ETIQ":"AP V1 Km 233,500","NOM_ACCES":"PTLO-L13-007","AXE":"LGV V1","PK":"233.5","LONGITUDE":"0°0'42.7234W","LATITUDE":"45°23'54.8235N","LOT":"13","SEI":"65","LIBELLE":"APP 2335-1","LONG_DD":"-0.011868","LAT_DD":"45.398562","gx_media_l":null,"_sp_url":null},"geometry":{"type":"Point","coordinates":[-0.011867999999999414,45.398562,0.0]}},{"id":"927","type":"Feature","properties":{"Name":"AP V2 Km 233,500","descriptio":"Attributes\n  ETIQ  AP V2 Km 233,500 \n  NOM_ACCES  PTLO-L13-008 \n  AXE  LGV V2 \n  PK  233.5 \n  LONGITUDE  0°0'45.0108W \n  LATITUDE  45°23'55.9381N \n  LOT  13 \n  SEI  65 \n  LIBELLE  APP 2335-2 \n  LONG_DD  -0.012503 \n  LAT_DD  45.398872","timestamp":null,"begin":null,"end":null,"altitudeMo":null,"tessellate":"-1","extrude":"0","visibility":"-1","drawOrder":null,"icon":null,"ETIQ":"AP V2 Km 233,500","NOM_ACCES":"PTLO-L13-008","AXE":"LGV V2","PK":"233.5","LONGITUDE":"0°0'45.0108W","LATITUDE":"45°23'55.9381N","LOT":"13","SEI":"65","LIBELLE":"APP 2335-2","LONG_DD":"-0.012503","LAT_DD":"45.398872","gx_media_l":null,"_sp_url":null},"geometry":{"type":"Point","coordinates":[-0.012502999999999953,45.39887200000001,0.0]}},{"id":"928","type":"Feature","properties":{"Name":"AP V2 Km 234,140","descriptio":"Attributes\n  ETIQ  AP V2 Km 234,140 \n  NOM_ACCES  PTLO-L13-010 \n  AXE  LGV V2 \n  PK  234.14 \n  LONGITUDE  0°0'58.2969W \n  LATITUDE  45°23'36.5697N \n  LOT  13 \n  SEI  65 \n  LIBELLE  APP 2341-2 \n  LONG_DD  -0.016194 \n  LAT_DD  45.393492","timestamp":null,"begin":null,"end":null,"altitudeMo":null,"tessellate":"-1","extrude":"0","visibility":"-1","drawOrder":null,"icon":null,"ETIQ":"AP V2 Km 234,140","NOM_ACCES":"PTLO-L13-010","AXE":"LGV V2","PK":"234.14","LONGITUDE":"0°0'58.2969W","LATITUDE":"45°23'36.5697N","LOT":"13","SEI":"65","LIBELLE":"APP 2341-2","LONG_DD":"-0.016194","LAT_DD":"45.393492","gx_media_l":null,"_sp_url":null},"geometry":{"type":"Point","coordinates":[-0.016193999999999806,45.393492000000016,0.0]}},{"id":"929","type":"Feature","properties":{"Name":"AR V1 Km 234,725","descriptio":"Attributes\n  ETIQ  AR V1 Km 234,725 \n  NOM_ACCES  PTLA-L13-005 \n  AXE  LGV V1 \n  PK  234.725 \n  LONGITUDE  0°1'4.7638W \n  LATITUDE  45°23'19.5913N \n  LOT  13 \n  SEI  65 \n  LIBELLE  ARP 2347-1 \n  LONG_DD  -0.01799 \n  LAT_DD  45.388775","timestamp":null,"begin":null,"end":null,"altitudeMo":null,"tessellate":"-1","extrude":"0","visibility":"-1","drawOrder":null,"icon":null,"ETIQ":"AR V1 Km 234,725","NOM_ACCES":"PTLA-L13-005","AXE":"LGV V1","PK":"234.725","LONGITUDE":"0°1'4.7638W","LATITUDE":"45°23'19.5913N","LOT":"13","SEI":"65","LIBELLE":"ARP 2347-1","LONG_DD":"-0.01799","LAT_DD":"45.388775","gx_media_l":null,"_sp_url":null},"geometry":{"type":"Point","coordinates":[-0.017989999999999416,45.38877499999999,0.0]}},{"id":"930","type":"Feature","properties":{"Name":"AR V2 Km 234,725","descriptio":"Attributes\n  ETIQ  AR V2 Km 234,725 \n  NOM_ACCES  PTLA-L13-006 \n  AXE  LGV V2 \n  PK  234.725 \n  LONGITUDE  0°1'11.512W \n  LATITUDE  45°23'21.402N \n  LOT  13 \n  SEI  65 \n  LIBELLE  ARP 2347-2 \n  LONG_DD  -0.019864 \n  LAT_DD  45.389278","timestamp":null,"begin":null,"end":null,"altitudeMo":null,"tessellate":"-1","extrude":"0","visibility":"-1","drawOrder":null,"icon":null,"ETIQ":"AR V2 Km 234,725","NOM_ACCES":"PTLA-L13-006","AXE":"LGV V2","PK":"234.725","LONGITUDE":"0°1'11.512W","LATITUDE":"45°23'21.402N","LOT":"13","SEI":"65","LIBELLE":"ARP 2347-2","LONG_DD":"-0.019864","LAT_DD":"45.389278","gx_media_l":null,"_sp_url":null},"geometry":{"type":"Point","coordinates":[-0.01986399999999932,45.389277999999976,0.0]}},{"id":"931","type":"Feature","properties":{"Name":"AP V2 Km 235,700","descriptio":"Attributes\n  ETIQ  AP V2 Km 235,700 \n  NOM_ACCES  PTLO-L13-012 \n  AXE  LGV V2 \n  PK  235.7 \n  LONGITUDE  0°1'22.5127W \n  LATITUDE  45°22'48.9147N \n  LOT  13 \n  SEI  65 \n  LIBELLE  APP 2357-2 \n  LONG_DD  -0.02292 \n  LAT_DD  45.380254","timestamp":null,"begin":null,"end":null,"altitudeMo":null,"tessellate":"-1","extrude":"0","visibility":"-1","drawOrder":null,"icon":null,"ETIQ":"AP V2 Km 235,700","NOM_ACCES":"PTLO-L13-012","AXE":"LGV V2","PK":"235.7","LONGITUDE":"0°1'22.5127W","LATITUDE":"45°22'48.9147N","LOT":"13","SEI":"65","LIBELLE":"APP 2357-2","LONG_DD":"-0.02292","LAT_DD":"45.380254","gx_media_l":null,"_sp_url":null},"geometry":{"type":"Point","coordinates":[-0.02291999999999943,45.380253999999994,0.0]}},{"id":"932","type":"Feature","properties":{"Name":"AP V1 Km 235,700","descriptio":"Attributes\n  ETIQ  AP V1 Km 235,700 \n  NOM_ACCES  PTLO-L13-009 \n  AXE  LGV V1 \n  PK  235.7 \n  LONGITUDE  0°1'20.2453W \n  LATITUDE  45°22'48.377N \n  LOT  13 \n  SEI  65 \n  LIBELLE  APP 2357-1 \n  LONG_DD  -0.02229 \n  LAT_DD  45.380105","timestamp":null,"begin":null,"end":null,"altitudeMo":null,"tessellate":"-1","extrude":"0","visibility":"-1","drawOrder":null,"icon":null,"ETIQ":"AP V1 Km 235,700","NOM_ACCES":"PTLO-L13-009","AXE":"LGV V1","PK":"235.7","LONGITUDE":"0°1'20.2453W","LATITUDE":"45°22'48.377N","LOT":"13","SEI":"65","LIBELLE":"APP 2357-1","LONG_DD":"-0.02229","LAT_DD":"45.380105","gx_media_l":null,"_sp_url":null},"geometry":{"type":"Point","coordinates":[-0.02228999999999918,45.38010500000001,0.0]}},{"id":"933","type":"Feature","properties":{"Name":"AP V1 Km 237,100","descriptio":"Attributes\n  ETIQ  AP V1 Km 237,100 \n  NOM_ACCES  PTLO-L13-011 \n  AXE  LGV V1 \n  PK  237.1 \n  LONGITUDE  0°1'30.1379W \n  LATITUDE  45°22'3.9039N \n  LOT  13 \n  SEI  65 \n  LIBELLE  APP 2370-1 \n  LONG_DD  -0.025038 \n  LAT_DD  45.367751","timestamp":null,"begin":null,"end":null,"altitudeMo":null,"tessellate":"-1","extrude":"0","visibility":"-1","drawOrder":null,"icon":null,"ETIQ":"AP V1 Km 237,100","NOM_ACCES":"PTLO-L13-011","AXE":"LGV V1","PK":"237.1","LONGITUDE":"0°1'30.1379W","LATITUDE":"45°22'3.9039N","LOT":"13","SEI":"65","LIBELLE":"APP 2370-1","LONG_DD":"-0.025038","LAT_DD":"45.367751","gx_media_l":null,"_sp_url":null},"geometry":{"type":"Point","coordinates":[-0.025038000000000803,45.367751000000005,0.0]}},{"id":"934","type":"Feature","properties":{"Name":"AR V2 Km 237,170","descriptio":"Attributes\n  ETIQ  AR V2 Km 237,170 \n  NOM_ACCES  PTLA-L13-008 \n  AXE  LGV V2 \n  PK  237.17 \n  LONGITUDE  0°1'36.8241W \n  LATITUDE  45°22'8.1485N \n  LOT  13 \n  SEI  65 \n  LIBELLE  ARP 2371-2 \n  LONG_DD  -0.026896 \n  LAT_DD  45.36893","timestamp":null,"begin":null,"end":null,"altitudeMo":null,"tessellate":"-1","extrude":"0","visibility":"-1","drawOrder":null,"icon":null,"ETIQ":"AR V2 Km 237,170","NOM_ACCES":"PTLA-L13-008","AXE":"LGV V2","PK":"237.17","LONGITUDE":"0°1'36.8241W","LATITUDE":"45°22'8.1485N","LOT":"13","SEI":"65","LIBELLE":"ARP 2371-2","LONG_DD":"-0.026896","LAT_DD":"45.36893","gx_media_l":null,"_sp_url":null},"geometry":{"type":"Point","coordinates":[-0.026896000000000655,45.36893000000001,0.0]}},{"id":"935","type":"Feature","properties":{"Name":"AR V1 Km 237,260","descriptio":"Attributes\n  ETIQ  AR V1 Km 237,260 \n  NOM_ACCES  PTLO-L13-013 \n  AXE  LGV V1 \n  PK  237.26 \n  LONGITUDE  0°1'31.6945W \n  LATITUDE  45°21'58.8398N \n  LOT  13 \n  SEI  65 \n  LIBELLE  ARP 2372-1 \n  LONG_DD  -0.025471 \n  LAT_DD  45.366344","timestamp":null,"begin":null,"end":null,"altitudeMo":null,"tessellate":"-1","extrude":"0","visibility":"-1","drawOrder":null,"icon":null,"ETIQ":"AR V1 Km 237,260","NOM_ACCES":"PTLO-L13-013","AXE":"LGV V1","PK":"237.26","LONGITUDE":"0°1'31.6945W","LATITUDE":"45°21'58.8398N","LOT":"13","SEI":"65","LIBELLE":"ARP 2372-1","LONG_DD":"-0.025471","LAT_DD":"45.366344","gx_media_l":null,"_sp_url":null},"geometry":{"type":"Point","coordinates":[-0.025471000000000552,45.366344,0.0]}},{"id":"936","type":"Feature","properties":{"Name":"AP V1 Km 237,840","descriptio":"Attributes\n  ETIQ  AP V1 Km 237,840 \n  NOM_ACCES  PTLO-L13-015 \n  AXE  LGV V1 \n  PK  237.84 \n  LONGITUDE  0°1'32.0986W \n  LATITUDE  45°21'39.9956N \n  LOT  13 \n  SEI  65 \n  LIBELLE  APP 2378-1 \n  LONG_DD  -0.025583 \n  LAT_DD  45.36111","timestamp":null,"begin":null,"end":null,"altitudeMo":null,"tessellate":"-1","extrude":"0","visibility":"-1","drawOrder":null,"icon":null,"ETIQ":"AP V1 Km 237,840","NOM_ACCES":"PTLO-L13-015","AXE":"LGV V1","PK":"237.84","LONGITUDE":"0°1'32.0986W","LATITUDE":"45°21'39.9956N","LOT":"13","SEI":"65","LIBELLE":"APP 2378-1","LONG_DD":"-0.025583","LAT_DD":"45.36111","gx_media_l":null,"_sp_url":null},"geometry":{"type":"Point","coordinates":[-0.025582999999999714,45.36111,0.0]}},{"id":"937","type":"Feature","properties":{"Name":"AP V2 Km 237,840","descriptio":"Attributes\n  ETIQ  AP V2 Km 237,840 \n  NOM_ACCES  PTLO-L13-014 \n  AXE  LGV V2 \n  PK  237.84 \n  LONGITUDE  0°1'34.0871W \n  LATITUDE  45°21'40.2195N \n  LOT  13 \n  SEI  65 \n  LIBELLE  APP 2378-2 \n  LONG_DD  -0.026135 \n  LAT_DD  45.361172","timestamp":null,"begin":null,"end":null,"altitudeMo":null,"tessellate":"-1","extrude":"0","visibility":"-1","drawOrder":null,"icon":null,"ETIQ":"AP V2 Km 237,840","NOM_ACCES":"PTLO-L13-014","AXE":"LGV V2","PK":"237.84","LONGITUDE":"0°1'34.0871W","LATITUDE":"45°21'40.2195N","LOT":"13","SEI":"65","LIBELLE":"APP 2378-2","LONG_DD":"-0.026135","LAT_DD":"45.361172","gx_media_l":null,"_sp_url":null},"geometry":{"type":"Point","coordinates":[-0.02613499999999967,45.361172,0.0]}},{"id":"938","type":"Feature","properties":{"Name":"AR V1 Km 238,275","descriptio":"Attributes\n  ETIQ  AR V1 Km 238,275 \n  NOM_ACCES  PTLA-L13-009 \n  AXE  LGV V1 \n  PK  238.275 \n  LONGITUDE  0°1'30.9128W \n  LATITUDE  45°21'26.7877N \n  LOT  13 \n  SEI  65 \n  LIBELLE  RRG 2382-1 \n  LONG_DD  -0.025254 \n  LAT_DD  45.357441","timestamp":null,"begin":null,"end":null,"altitudeMo":null,"tessellate":"-1","extrude":"0","visibility":"-1","drawOrder":null,"icon":null,"ETIQ":"AR V1 Km 238,275","NOM_ACCES":"PTLA-L13-009","AXE":"LGV V1","PK":"238.275","LONGITUDE":"0°1'30.9128W","LATITUDE":"45°21'26.7877N","LOT":"13","SEI":"65","LIBELLE":"RRG 2382-1","LONG_DD":"-0.025254","LAT_DD":"45.357441","gx_media_l":null,"_sp_url":null},"geometry":{"type":"Point","coordinates":[-0.025254000000000488,45.357440999999994,0.0]}},{"id":"939","type":"Feature","properties":{"Name":"AR V2 Km 238,275","descriptio":"Attributes\n  ETIQ  AR V2 Km 238,275 \n  NOM_ACCES  PTLA-L13-010 \n  AXE  LGV V2 \n  PK  238.275 \n  LONGITUDE  0°1'35.6804W \n  LATITUDE  45°21'24.0414N \n  LOT  13 \n  SEI  65 \n  LIBELLE  RRG 2382-2 \n  LONG_DD  -0.026578 \n  LAT_DD  45.356678","timestamp":null,"begin":null,"end":null,"altitudeMo":null,"tessellate":"-1","extrude":"0","visibility":"-1","drawOrder":null,"icon":null,"ETIQ":"AR V2 Km 238,275","NOM_ACCES":"PTLA-L13-010","AXE":"LGV V2","PK":"238.275","LONGITUDE":"0°1'35.6804W","LATITUDE":"45°21'24.0414N","LOT":"13","SEI":"65","LIBELLE":"RRG 2382-2","LONG_DD":"-0.026578","LAT_DD":"45.356678","gx_media_l":null,"_sp_url":null},"geometry":{"type":"Point","coordinates":[-0.026578000000000795,45.35667800000001,0.0]}},{"id":"940","type":"Feature","properties":{"Name":"AP V2 Km 239,055","descriptio":"Attributes\n  ETIQ  AP V2 Km 239,055 \n  NOM_ACCES  PTLO-L13-016 \n  AXE  LGV V2 \n  PK  239.055 \n  LONGITUDE  0°1'36.9919W \n  LATITUDE  45°20'59.8878N \n  LOT  13 \n  SEI  65 \n  LIBELLE  APP 2391-2 \n  LONG_DD  -0.026942 \n  LAT_DD  45.349969","timestamp":null,"begin":null,"end":null,"altitudeMo":null,"tessellate":"-1","extrude":"0","visibility":"-1","drawOrder":null,"icon":null,"ETIQ":"AP V2 Km 239,055","NOM_ACCES":"PTLO-L13-016","AXE":"LGV V2","PK":"239.055","LONGITUDE":"0°1'36.9919W","LATITUDE":"45°20'59.8878N","LOT":"13","SEI":"65","LIBELLE":"APP 2391-2","LONG_DD":"-0.026942","LAT_DD":"45.349969","gx_media_l":null,"_sp_url":null},"geometry":{"type":"Point","coordinates":[-0.026942000000000056,45.34996900000001,0.0]}},{"id":"941","type":"Feature","properties":{"Name":"AP V1 Km 239,100","descriptio":"Attributes\n  ETIQ  AP V1 Km 239,100 \n  NOM_ACCES  PTLO-L13-017 \n  AXE  LGV V1 \n  PK  239.1 \n  LONGITUDE  0°1'35.076W \n  LATITUDE  45°20'59.132N \n  LOT  13 \n  SEI  65 \n  LIBELLE  APP 2391-1 \n  LONG_DD  -0.02641 \n  LAT_DD  45.349759","timestamp":null,"begin":null,"end":null,"altitudeMo":null,"tessellate":"-1","extrude":"0","visibility":"-1","drawOrder":null,"icon":null,"ETIQ":"AP V1 Km 239,100","NOM_ACCES":"PTLO-L13-017","AXE":"LGV V1","PK":"239.1","LONGITUDE":"0°1'35.076W","LATITUDE":"45°20'59.132N","LOT":"13","SEI":"65","LIBELLE":"APP 2391-1","LONG_DD":"-0.02641","LAT_DD":"45.349759","gx_media_l":null,"_sp_url":null},"geometry":{"type":"Point","coordinates":[-0.026410000000000065,45.34975900000002,0.0]}},{"id":"942","type":"Feature","properties":{"Name":"AP V2 Km 239,700","descriptio":"Attributes\n  ETIQ  AP V2 Km 239,700 \n  NOM_ACCES  PTLA-L13-012 \n  AXE  LGV V2 \n  PK  239.7 \n  LONGITUDE  0°1'46.3072W \n  LATITUDE  45°20'33.544N \n  LOT  13 \n  SEI  65 \n  LIBELLE  APP 2397-2 \n  LONG_DD  -0.02953 \n  LAT_DD  45.342651","timestamp":null,"begin":null,"end":null,"altitudeMo":null,"tessellate":"-1","extrude":"0","visibility":"-1","drawOrder":null,"icon":null,"ETIQ":"AP V2 Km 239,700","NOM_ACCES":"PTLA-L13-012","AXE":"LGV V2","PK":"239.7","LONGITUDE":"0°1'46.3072W","LATITUDE":"45°20'33.544N","LOT":"13","SEI":"65","LIBELLE":"APP 2397-2","LONG_DD":"-0.02953","LAT_DD":"45.342651","gx_media_l":null,"_sp_url":null},"geometry":{"type":"Point","coordinates":[-0.029530000000000375,45.342651000000004,0.0]}},{"id":"943","type":"Feature","properties":{"Name":"AP V1 Km 240,000","descriptio":"Attributes\n  ETIQ  AP V1 Km 240,000 \n  NOM_ACCES  PTLO-L13-019 \n  AXE  LGV V1 \n  PK  240 \n  LONGITUDE  0°1'39.559W \n  LATITUDE  45°20'30.0059N \n  LOT  13 \n  SEI  65 \n  LIBELLE  APP 2400-1 \n  LONG_DD  -0.027655 \n  LAT_DD  45.341668","timestamp":null,"begin":null,"end":null,"altitudeMo":null,"tessellate":"-1","extrude":"0","visibility":"-1","drawOrder":null,"icon":null,"ETIQ":"AP V1 Km 240,000","NOM_ACCES":"PTLO-L13-019","AXE":"LGV V1","PK":"240","LONGITUDE":"0°1'39.559W","LATITUDE":"45°20'30.0059N","LOT":"13","SEI":"65","LIBELLE":"APP 2400-1","LONG_DD":"-0.027655","LAT_DD":"45.341668","gx_media_l":null,"_sp_url":null},"geometry":{"type":"Point","coordinates":[-0.027655000000000495,45.341668,0.0]}},{"id":"944","type":"Feature","properties":{"Name":"AP V2 Km 240,000","descriptio":"Attributes\n  ETIQ  AP V2 Km 240,000 \n  NOM_ACCES  PTLO-L13-018 \n  AXE  LGV V2 \n  PK  240 \n  LONGITUDE  0°1'46.4091W \n  LATITUDE  45°20'31.1266N \n  LOT  13 \n  SEI  65 \n  LIBELLE  APP 2400-2 \n  LONG_DD  -0.029558 \n  LAT_DD  45.34198","timestamp":null,"begin":null,"end":null,"altitudeMo":null,"tessellate":"-1","extrude":"0","visibility":"-1","drawOrder":null,"icon":null,"ETIQ":"AP V2 Km 240,000","NOM_ACCES":"PTLO-L13-018","AXE":"LGV V2","PK":"240","LONGITUDE":"0°1'46.4091W","LATITUDE":"45°20'31.1266N","LOT":"13","SEI":"65","LIBELLE":"APP 2400-2","LONG_DD":"-0.029558","LAT_DD":"45.34198","gx_media_l":null,"_sp_url":null},"geometry":{"type":"Point","coordinates":[-0.029557999999999373,45.34198000000001,0.0]}},{"id":"945","type":"Feature","properties":{"Name":"AP V2 Km 240,780","descriptio":"Attributes\n  ETIQ  AP V2 Km 240,780 \n  NOM_ACCES  PTLA-L13-014 \n  AXE  LGV V2 \n  PK  240.78 \n  LONGITUDE  0°1'52.9317W \n  LATITUDE  45°20'6.8781N \n  LOT  13 \n  SEI  65 \n  LIBELLE  APP 2407-2 \n  LONG_DD  -0.03137 \n  LAT_DD  45.335244","timestamp":null,"begin":null,"end":null,"altitudeMo":null,"tessellate":"-1","extrude":"0","visibility":"-1","drawOrder":null,"icon":null,"ETIQ":"AP V2 Km 240,780","NOM_ACCES":"PTLA-L13-014","AXE":"LGV V2","PK":"240.78","LONGITUDE":"0°1'52.9317W","LATITUDE":"45°20'6.8781N","LOT":"13","SEI":"65","LIBELLE":"APP 2407-2","LONG_DD":"-0.03137","LAT_DD":"45.335244","gx_media_l":null,"_sp_url":null},"geometry":{"type":"Point","coordinates":[-0.031369999999999426,45.33524399999998,0.0]}},{"id":"946","type":"Feature","properties":{"Name":"AR V1 Km 240,850","descriptio":"Attributes\n  ETIQ  AR V1 Km 240,850 \n  NOM_ACCES  PTLA-L13-015 \n  AXE  LGV V1 \n  PK  240.85 \n  LONGITUDE  0°1'56.9475W \n  LATITUDE  45°19'54.568N \n  LOT  13 \n  SEI  65 \n  LIBELLE  ARP 2408-1 \n  LONG_DD  -0.032485 \n  LAT_DD  45.331824","timestamp":null,"begin":null,"end":null,"altitudeMo":null,"tessellate":"-1","extrude":"0","visibility":"-1","drawOrder":null,"icon":null,"ETIQ":"AR V1 Km 240,850","NOM_ACCES":"PTLA-L13-015","AXE":"LGV V1","PK":"240.85","LONGITUDE":"0°1'56.9475W","LATITUDE":"45°19'54.568N","LOT":"13","SEI":"65","LIBELLE":"ARP 2408-1","LONG_DD":"-0.032485","LAT_DD":"45.331824","gx_media_l":null,"_sp_url":null},"geometry":{"type":"Point","coordinates":[-0.0324849999999991,45.33182399999999,0.0]}},{"id":"947","type":"Feature","properties":{"Name":"AR V2 Km 241,205","descriptio":"Attributes\n  ETIQ  AR V2 Km 241,205 \n  NOM_ACCES  PTLA-L13-016 \n  AXE  LGV V2 \n  PK  241.205 \n  LONGITUDE  0°2'0.2696W \n  LATITUDE  45°19'52.4004N \n  LOT  13 \n  SEI  65 \n  LIBELLE  ARP 2412-2 \n  LONG_DD  -0.033408 \n  LAT_DD  45.331222","timestamp":null,"begin":null,"end":null,"altitudeMo":null,"tessellate":"-1","extrude":"0","visibility":"-1","drawOrder":null,"icon":null,"ETIQ":"AR V2 Km 241,205","NOM_ACCES":"PTLA-L13-016","AXE":"LGV V2","PK":"241.205","LONGITUDE":"0°2'0.2696W","LATITUDE":"45°19'52.4004N","LOT":"13","SEI":"65","LIBELLE":"ARP 2412-2","LONG_DD":"-0.033408","LAT_DD":"45.331222","gx_media_l":null,"_sp_url":null},"geometry":{"type":"Point","coordinates":[-0.033407999999999355,45.33122199999998,0.0]}},{"id":"948","type":"Feature","properties":{"Name":"AP V2 Km 241,580","descriptio":"Attributes\n  ETIQ  AP V2 Km 241,580 \n  NOM_ACCES  PTLA-L13-018 \n  AXE  LGV V2 \n  PK  241.58 \n  LONGITUDE  0°2'2.7319W \n  LATITUDE  45°19'49.5958N \n  LOT  13 \n  SEI  65 \n  LIBELLE  APP 2415-2 \n  LONG_DD  -0.034092 \n  LAT_DD  45.330443","timestamp":null,"begin":null,"end":null,"altitudeMo":null,"tessellate":"-1","extrude":"0","visibility":"-1","drawOrder":null,"icon":null,"ETIQ":"AP V2 Km 241,580","NOM_ACCES":"PTLA-L13-018","AXE":"LGV V2","PK":"241.58","LONGITUDE":"0°2'2.7319W","LATITUDE":"45°19'49.5958N","LOT":"13","SEI":"65","LIBELLE":"APP 2415-2","LONG_DD":"-0.034092","LAT_DD":"45.330443","gx_media_l":null,"_sp_url":null},"geometry":{"type":"Point","coordinates":[-0.03409199999999963,45.330443,0.0]}},{"id":"949","type":"Feature","properties":{"Name":"AP V1 Km 241,870","descriptio":"Attributes\n  ETIQ  AP V1 Km 241,870 \n  NOM_ACCES  PTLO-L13-021 \n  AXE  LGV V1 \n  PK  241.87 \n  LONGITUDE  0°2'10.6455W \n  LATITUDE  45°19'33.1958N \n  LOT  13 \n  SEI  65 \n  LIBELLE  APP 2418-1 \n  LONG_DD  -0.03629 \n  LAT_DD  45.325888","timestamp":null,"begin":null,"end":null,"altitudeMo":null,"tessellate":"-1","extrude":"0","visibility":"-1","drawOrder":null,"icon":null,"ETIQ":"AP V1 Km 241,870","NOM_ACCES":"PTLO-L13-021","AXE":"LGV V1","PK":"241.87","LONGITUDE":"0°2'10.6455W","LATITUDE":"45°19'33.1958N","LOT":"13","SEI":"65","LIBELLE":"APP 2418-1","LONG_DD":"-0.03629","LAT_DD":"45.325888","gx_media_l":null,"_sp_url":null},"geometry":{"type":"Point","coordinates":[-0.036290000000000454,45.32588800000001,0.0]}},{"id":"950","type":"Feature","properties":{"Name":"AP V2 Km 241,870","descriptio":"Attributes\n  ETIQ  AP V2 Km 241,870 \n  NOM_ACCES  PTLO-L13-020 \n  AXE  LGV V2 \n  PK  241.87 \n  LONGITUDE  0°2'13.0509W \n  LATITUDE  45°19'34.1722N \n  LOT  13 \n  SEI  65 \n  LIBELLE  APP 2418-2 \n  LONG_DD  -0.036959 \n  LAT_DD  45.326159","timestamp":null,"begin":null,"end":null,"altitudeMo":null,"tessellate":"-1","extrude":"0","visibility":"-1","drawOrder":null,"icon":null,"ETIQ":"AP V2 Km 241,870","NOM_ACCES":"PTLO-L13-020","AXE":"LGV V2","PK":"241.87","LONGITUDE":"0°2'13.0509W","LATITUDE":"45°19'34.1722N","LOT":"13","SEI":"65","LIBELLE":"APP 2418-2","LONG_DD":"-0.036959","LAT_DD":"45.326159","gx_media_l":null,"_sp_url":null},"geometry":{"type":"Point","coordinates":[-0.03695899999999986,45.32615899999999,0.0]}},{"id":"951","type":"Feature","properties":{"Name":"AP V2 Km 242,600","descriptio":"Attributes\n  ETIQ  AP V2 Km 242,600 \n  NOM_ACCES  PTLO-L13-022 \n  AXE  LGV V2 \n  PK  242.6 \n  LONGITUDE  0°2'31.8159W \n  LATITUDE  45°19'11.8293N \n  LOT  13 \n  SEI  65 \n  LIBELLE  APP 2426-2 \n  LONG_DD  -0.042171 \n  LAT_DD  45.319953","timestamp":null,"begin":null,"end":null,"altitudeMo":null,"tessellate":"-1","extrude":"0","visibility":"-1","drawOrder":null,"icon":null,"ETIQ":"AP V2 Km 242,600","NOM_ACCES":"PTLO-L13-022","AXE":"LGV V2","PK":"242.6","LONGITUDE":"0°2'31.8159W","LATITUDE":"45°19'11.8293N","LOT":"13","SEI":"65","LIBELLE":"APP 2426-2","LONG_DD":"-0.042171","LAT_DD":"45.319953","gx_media_l":null,"_sp_url":null},"geometry":{"type":"Point","coordinates":[-0.04217099999999933,45.31995299999998,0.0]}},{"id":"952","type":"Feature","properties":{"Name":"AP V2 Km 242,900","descriptio":"Attributes\n  ETIQ  AP V2 Km 242,900 \n  NOM_ACCES  PTLO-L13-024 \n  AXE  LGV V2 \n  PK  242.9 \n  LONGITUDE  0°2'38.4852W \n  LATITUDE  45°19'6.1786N \n  LOT  13 \n  SEI  65 \n  LIBELLE  APP 2429-2 \n  LONG_DD  -0.044024 \n  LAT_DD  45.318383","timestamp":null,"begin":null,"end":null,"altitudeMo":null,"tessellate":"-1","extrude":"0","visibility":"-1","drawOrder":null,"icon":null,"ETIQ":"AP V2 Km 242,900","NOM_ACCES":"PTLO-L13-024","AXE":"LGV V2","PK":"242.9","LONGITUDE":"0°2'38.4852W","LATITUDE":"45°19'6.1786N","LOT":"13","SEI":"65","LIBELLE":"APP 2429-2","LONG_DD":"-0.044024","LAT_DD":"45.318383","gx_media_l":null,"_sp_url":null},"geometry":{"type":"Point","coordinates":[-0.044024000000000084,45.318383,0.0]}},{"id":"953","type":"Feature","properties":{"Name":"AP V1 Km 242,900","descriptio":"Attributes\n  ETIQ  AP V1 Km 242,900 \n  NOM_ACCES  PTLO-L13-023 \n  AXE  LGV V1 \n  PK  242.9 \n  LONGITUDE  0°2'35.5705W \n  LATITUDE  45°19'4.6831N \n  LOT  13 \n  SEI  65 \n  LIBELLE  APP 2429-1 \n  LONG_DD  -0.043214 \n  LAT_DD  45.317968","timestamp":null,"begin":null,"end":null,"altitudeMo":null,"tessellate":"-1","extrude":"0","visibility":"-1","drawOrder":null,"icon":null,"ETIQ":"AP V1 Km 242,900","NOM_ACCES":"PTLO-L13-023","AXE":"LGV V1","PK":"242.9","LONGITUDE":"0°2'35.5705W","LATITUDE":"45°19'4.6831N","LOT":"13","SEI":"65","LIBELLE":"APP 2429-1","LONG_DD":"-0.043214","LAT_DD":"45.317968","gx_media_l":null,"_sp_url":null},"geometry":{"type":"Point","coordinates":[-0.04321400000000056,45.317968000000015,0.0]}},{"id":"954","type":"Feature","properties":{"Name":"AR V2 Km 243,625","descriptio":"Attributes\n  ETIQ  AR V2 Km 243,625 \n  NOM_ACCES  PTLA-L13-020 \n  AXE  LGV V2 \n  PK  243.625 \n  LONGITUDE  0°2'56.5587W \n  LATITUDE  45°18'47.9364N \n  LOT  13 \n  SEI  65 \n  LIBELLE  RRL 2436-2 \n  LONG_DD  -0.049044 \n  LAT_DD  45.313316","timestamp":null,"begin":null,"end":null,"altitudeMo":null,"tessellate":"-1","extrude":"0","visibility":"-1","drawOrder":null,"icon":null,"ETIQ":"AR V2 Km 243,625","NOM_ACCES":"PTLA-L13-020","AXE":"LGV V2","PK":"243.625","LONGITUDE":"0°2'56.5587W","LATITUDE":"45°18'47.9364N","LOT":"13","SEI":"65","LIBELLE":"RRL 2436-2","LONG_DD":"-0.049044","LAT_DD":"45.313316","gx_media_l":null,"_sp_url":null},"geometry":{"type":"Point","coordinates":[-0.04904399999999934,45.31331600000001,0.0]}},{"id":"955","type":"Feature","properties":{"Name":"AR V1 Km 243,782","descriptio":"Attributes\n  ETIQ  AR V1 Km 243,782 \n  NOM_ACCES  PTLA-L13-017 \n  AXE  LGV V1 \n  PK  243.782 \n  LONGITUDE  0°3'1.4442W \n  LATITUDE  45°18'38.6313N \n  LOT  13 \n  SEI  65 \n  LIBELLE  RRL 2437-1 \n  LONG_DD  -0.050401 \n  LAT_DD  45.310731","timestamp":null,"begin":null,"end":null,"altitudeMo":null,"tessellate":"-1","extrude":"0","visibility":"-1","drawOrder":null,"icon":null,"ETIQ":"AR V1 Km 243,782","NOM_ACCES":"PTLA-L13-017","AXE":"LGV V1","PK":"243.782","LONGITUDE":"0°3'1.4442W","LATITUDE":"45°18'38.6313N","LOT":"13","SEI":"65","LIBELLE":"RRL 2437-1","LONG_DD":"-0.050401","LAT_DD":"45.310731","gx_media_l":null,"_sp_url":null},"geometry":{"type":"Point","coordinates":[-0.05040100000000012,45.31073099999999,0.0]}},{"id":"956","type":"Feature","properties":{"Name":"AP V2 Km 244,080","descriptio":"Attributes\n  ETIQ  AP V2 Km 244,080 \n  NOM_ACCES  PTLO-L13-028 \n  AXE  LGV V2 \n  PK  244.08 \n  LONGITUDE  0°3'9.9621W \n  LATITUDE  45°18'34.7709N \n  LOT  13 \n  SEI  65 \n  LIBELLE  APP 2440-2 \n  LONG_DD  -0.052767 \n  LAT_DD  45.309659","timestamp":null,"begin":null,"end":null,"altitudeMo":null,"tessellate":"-1","extrude":"0","visibility":"-1","drawOrder":null,"icon":null,"ETIQ":"AP V2 Km 244,080","NOM_ACCES":"PTLO-L13-028","AXE":"LGV V2","PK":"244.08","LONGITUDE":"0°3'9.9621W","LATITUDE":"45°18'34.7709N","LOT":"13","SEI":"65","LIBELLE":"APP 2440-2","LONG_DD":"-0.052767","LAT_DD":"45.309659","gx_media_l":null,"_sp_url":null},"geometry":{"type":"Point","coordinates":[-0.05276700000000049,45.309659,0.0]}},{"id":"957","type":"Feature","properties":{"Name":"AR V1 Km 245,090","descriptio":"Attributes\n  ETIQ  AR V1 Km 245,090 \n  NOM_ACCES  PTLA-L13-019 \n  AXE  LGV V1 \n  PK  245.09 \n  LONGITUDE  0°3'39.7364W \n  LATITUDE  45°18'2.5505N \n  LOT  13 \n  SEI  65 \n  LIBELLE  ARP 2450-1 \n  LONG_DD  -0.061038 \n  LAT_DD  45.300708","timestamp":null,"begin":null,"end":null,"altitudeMo":null,"tessellate":"-1","extrude":"0","visibility":"-1","drawOrder":null,"icon":null,"ETIQ":"AR V1 Km 245,090","NOM_ACCES":"PTLA-L13-019","AXE":"LGV V1","PK":"245.09","LONGITUDE":"0°3'39.7364W","LATITUDE":"45°18'2.5505N","LOT":"13","SEI":"65","LIBELLE":"ARP 2450-1","LONG_DD":"-0.061038","LAT_DD":"45.300708","gx_media_l":null,"_sp_url":null},"geometry":{"type":"Point","coordinates":[-0.06103799999999959,45.30070800000001,0.0]}},{"id":"958","type":"Feature","properties":{"Name":"AR V2 Km 245,090","descriptio":"Attributes\n  ETIQ  AR V2 Km 245,090 \n  NOM_ACCES  PTLA-L13-022 \n  AXE  LGV V2 \n  PK  245.09 \n  LONGITUDE  0°3'48.7528W \n  LATITUDE  45°18'1.8292N \n  LOT  13 \n  SEI  65 \n  LIBELLE  ARP 2450-2 \n  LONG_DD  -0.063542 \n  LAT_DD  45.300508","timestamp":null,"begin":null,"end":null,"altitudeMo":null,"tessellate":"-1","extrude":"0","visibility":"-1","drawOrder":null,"icon":null,"ETIQ":"AR V2 Km 245,090","NOM_ACCES":"PTLA-L13-022","AXE":"LGV V2","PK":"245.09","LONGITUDE":"0°3'48.7528W","LATITUDE":"45°18'1.8292N","LOT":"13","SEI":"65","LIBELLE":"ARP 2450-2","LONG_DD":"-0.063542","LAT_DD":"45.300508","gx_media_l":null,"_sp_url":null},"geometry":{"type":"Point","coordinates":[-0.06354199999999975,45.300508,0.0]}},{"id":"959","type":"Feature","properties":{"Name":"AP V1 Km 245,430","descriptio":"Attributes\n  ETIQ  AP V1 Km 245,430 \n  NOM_ACCES  PTLO-L13-027 \n  AXE  LGV V1 \n  PK  245.43 \n  LONGITUDE  0°3'47.8679W \n  LATITUDE  45°18'0.4192N \n  LOT  13 \n  SEI  65 \n  LIBELLE  APP 2454-1 \n  LONG_DD  -0.063297 \n  LAT_DD  45.300116","timestamp":null,"begin":null,"end":null,"altitudeMo":null,"tessellate":"-1","extrude":"0","visibility":"-1","drawOrder":null,"icon":null,"ETIQ":"AP V1 Km 245,430","NOM_ACCES":"PTLO-L13-027","AXE":"LGV V1","PK":"245.43","LONGITUDE":"0°3'47.8679W","LATITUDE":"45°18'0.4192N","LOT":"13","SEI":"65","LIBELLE":"APP 2454-1","LONG_DD":"-0.063297","LAT_DD":"45.300116","gx_media_l":null,"_sp_url":null},"geometry":{"type":"Point","coordinates":[-0.0632969999999987,45.300115999999996,0.0]}},{"id":"960","type":"Feature","properties":{"Name":"AP V2 Km 245,430","descriptio":"Attributes\n  ETIQ  AP V2 Km 245,430 \n  NOM_ACCES  PTLO-L13-030 \n  AXE  LGV V2 \n  PK  245.43 \n  LONGITUDE  0°3'48.997W \n  LATITUDE  45°18'1.2438N \n  LOT  13 \n  SEI  65 \n  LIBELLE  APP 2454-2 \n  LONG_DD  -0.06361 \n  LAT_DD  45.300345","timestamp":null,"begin":null,"end":null,"altitudeMo":null,"tessellate":"-1","extrude":"0","visibility":"-1","drawOrder":null,"icon":null,"ETIQ":"AP V2 Km 245,430","NOM_ACCES":"PTLO-L13-030","AXE":"LGV V2","PK":"245.43","LONGITUDE":"0°3'48.997W","LATITUDE":"45°18'1.2438N","LOT":"13","SEI":"65","LIBELLE":"APP 2454-2","LONG_DD":"-0.06361","LAT_DD":"45.300345","gx_media_l":null,"_sp_url":null},"geometry":{"type":"Point","coordinates":[-0.06361000000000067,45.300345,0.0]}},{"id":"961","type":"Feature","properties":{"Name":"AR V1 Km 245,740","descriptio":"Attributes\n  ETIQ  AR V1 Km 245,740 \n  NOM_ACCES  PTLA-L13-021 \n  AXE  LGV V1 \n  PK  245.74 \n  LONGITUDE  0°3'49.5589W \n  LATITUDE  45°17'58.423N \n  LOT  13 \n  SEI  65 \n  LIBELLE  ARP 2457-1 \n  LONG_DD  -0.063766 \n  LAT_DD  45.299562","timestamp":null,"begin":null,"end":null,"altitudeMo":null,"tessellate":"-1","extrude":"0","visibility":"-1","drawOrder":null,"icon":null,"ETIQ":"AR V1 Km 245,740","NOM_ACCES":"PTLA-L13-021","AXE":"LGV V1","PK":"245.74","LONGITUDE":"0°3'49.5589W","LATITUDE":"45°17'58.423N","LOT":"13","SEI":"65","LIBELLE":"ARP 2457-1","LONG_DD":"-0.063766","LAT_DD":"45.299562","gx_media_l":null,"_sp_url":null},"geometry":{"type":"Point","coordinates":[-0.06376600000000046,45.29956200000001,0.0]}},{"id":"962","type":"Feature","properties":{"Name":"AR V2 Km 245,740","descriptio":"Attributes\n  ETIQ  AR V2 Km 245,740 \n  NOM_ACCES  PTLA-L13-024 \n  AXE  LGV V2 \n  PK  245.74 \n  LONGITUDE  0°3'51.9899W \n  LATITUDE  45°18'0.6327N \n  LOT  13 \n  SEI  65 \n  LIBELLE  ARP 2457-2 \n  LONG_DD  -0.064442 \n  LAT_DD  45.300176","timestamp":null,"begin":null,"end":null,"altitudeMo":null,"tessellate":"-1","extrude":"0","visibility":"-1","drawOrder":null,"icon":null,"ETIQ":"AR V2 Km 245,740","NOM_ACCES":"PTLA-L13-024","AXE":"LGV V2","PK":"245.74","LONGITUDE":"0°3'51.9899W","LATITUDE":"45°18'0.6327N","LOT":"13","SEI":"65","LIBELLE":"ARP 2457-2","LONG_DD":"-0.064442","LAT_DD":"45.300176","gx_media_l":null,"_sp_url":null},"geometry":{"type":"Point","coordinates":[-0.06444200000000051,45.30017599999999,0.0]}},{"id":"963","type":"Feature","properties":{"Name":"AR V2 Km 246,260","descriptio":"Attributes\n  ETIQ  AR V2 Km 246,260 \n  NOM_ACCES  PTLO-L13-032 \n  AXE  LGV V2 \n  PK  246.26 \n  LONGITUDE  0°4'16.3219W \n  LATITUDE  45°17'42.2865N \n  LOT  13 \n  SEI  65 \n  LIBELLE  ARP 2462-2 \n  LONG_DD  -0.071201 \n  LAT_DD  45.29508","timestamp":null,"begin":null,"end":null,"altitudeMo":null,"tessellate":"-1","extrude":"0","visibility":"-1","drawOrder":null,"icon":null,"ETIQ":"AR V2 Km 246,260","NOM_ACCES":"PTLO-L13-032","AXE":"LGV V2","PK":"246.26","LONGITUDE":"0°4'16.3219W","LATITUDE":"45°17'42.2865N","LOT":"13","SEI":"65","LIBELLE":"ARP 2462-2","LONG_DD":"-0.071201","LAT_DD":"45.29508","gx_media_l":null,"_sp_url":null},"geometry":{"type":"Point","coordinates":[-0.07120099999999942,45.29508,0.0]}},{"id":"964","type":"Feature","properties":{"Name":"AR V1 Km 246,270","descriptio":"Attributes\n  ETIQ  AR V1 Km 246,270 \n  NOM_ACCES  PTLA-L13-023 \n  AXE  LGV V1 \n  PK  246.27 \n  LONGITUDE  0°4'23.7786W \n  LATITUDE  45°17'35.6152N \n  LOT  13 \n  SEI  65 \n  LIBELLE  ARP 2462-1 \n  LONG_DD  -0.073272 \n  LAT_DD  45.293226","timestamp":null,"begin":null,"end":null,"altitudeMo":null,"tessellate":"-1","extrude":"0","visibility":"-1","drawOrder":null,"icon":null,"ETIQ":"AR V1 Km 246,270","NOM_ACCES":"PTLA-L13-023","AXE":"LGV V1","PK":"246.27","LONGITUDE":"0°4'23.7786W","LATITUDE":"45°17'35.6152N","LOT":"13","SEI":"65","LIBELLE":"ARP 2462-1","LONG_DD":"-0.073272","LAT_DD":"45.293226","gx_media_l":null,"_sp_url":null},"geometry":{"type":"Point","coordinates":[-0.07327199999999942,45.293226000000004,0.0]}},{"id":"965","type":"Feature","properties":{"Name":"AP V2 Km 246,650","descriptio":"Attributes\n  ETIQ  AP V2 Km 246,650 \n  NOM_ACCES  PTLO-L13-034 \n  AXE  LGV V2 \n  PK  246.65 \n  LONGITUDE  0°4'31.4178W \n  LATITUDE  45°17'34.2662N \n  LOT  13 \n  SEI  65 \n  LIBELLE  APP 2466-2 \n  LONG_DD  -0.075394 \n  LAT_DD  45.292852","timestamp":null,"begin":null,"end":null,"altitudeMo":null,"tessellate":"-1","extrude":"0","visibility":"-1","drawOrder":null,"icon":null,"ETIQ":"AP V2 Km 246,650","NOM_ACCES":"PTLO-L13-034","AXE":"LGV V2","PK":"246.65","LONGITUDE":"0°4'31.4178W","LATITUDE":"45°17'34.2662N","LOT":"13","SEI":"65","LIBELLE":"APP 2466-2","LONG_DD":"-0.075394","LAT_DD":"45.292852","gx_media_l":null,"_sp_url":null},"geometry":{"type":"Point","coordinates":[-0.0753939999999999,45.292852,0.0]}},{"id":"966","type":"Feature","properties":{"Name":"AP V1 Km 246,650","descriptio":"Attributes\n  ETIQ  AP V1 Km 246,650 \n  NOM_ACCES  PTLO-L13-031 \n  AXE  LGV V1 \n  PK  246.65 \n  LONGITUDE  0°4'28.7731W \n  LATITUDE  45°17'32.6733N \n  LOT  13 \n  SEI  65 \n  LIBELLE  APP 2466-1 \n  LONG_DD  -0.074659 \n  LAT_DD  45.292409","timestamp":null,"begin":null,"end":null,"altitudeMo":null,"tessellate":"-1","extrude":"0","visibility":"-1","drawOrder":null,"icon":null,"ETIQ":"AP V1 Km 246,650","NOM_ACCES":"PTLO-L13-031","AXE":"LGV V1","PK":"246.65","LONGITUDE":"0°4'28.7731W","LATITUDE":"45°17'32.6733N","LOT":"13","SEI":"65","LIBELLE":"APP 2466-1","LONG_DD":"-0.074659","LAT_DD":"45.292409","gx_media_l":null,"_sp_url":null},"geometry":{"type":"Point","coordinates":[-0.07465899999999955,45.292409,0.0]}},{"id":"967","type":"Feature","properties":{"Name":"AP V2 Km 247,730","descriptio":"Attributes\n  ETIQ  AP V2 Km 247,730 \n  NOM_ACCES  PTLO-L13-036 \n  AXE  LGV V2 \n  PK  247.73 \n  LONGITUDE  0°5'6.8344W \n  LATITUDE  45°17'10.7756N \n  LOT  13 \n  SEI  65 \n  LIBELLE  APP 2477-2 \n  LONG_DD  -0.085232 \n  LAT_DD  45.286327","timestamp":null,"begin":null,"end":null,"altitudeMo":null,"tessellate":"-1","extrude":"0","visibility":"-1","drawOrder":null,"icon":null,"ETIQ":"AP V2 Km 247,730","NOM_ACCES":"PTLO-L13-036","AXE":"LGV V2","PK":"247.73","LONGITUDE":"0°5'6.8344W","LATITUDE":"45°17'10.7756N","LOT":"13","SEI":"65","LIBELLE":"APP 2477-2","LONG_DD":"-0.085232","LAT_DD":"45.286327","gx_media_l":null,"_sp_url":null},"geometry":{"type":"Point","coordinates":[-0.08523200000000081,45.286326999999986,0.0]}},{"id":"968","type":"Feature","properties":{"Name":"AP V1 Km 247,730","descriptio":"Attributes\n  ETIQ  AP V1 Km 247,730 \n  NOM_ACCES  PTLO-L13-033 \n  AXE  LGV V1 \n  PK  247.73 \n  LONGITUDE  0°5'4.9925W \n  LATITUDE  45°17'9.8731N \n  LOT  13 \n  SEI  65 \n  LIBELLE  APP 2477-1 \n  LONG_DD  -0.08472 \n  LAT_DD  45.286076","timestamp":null,"begin":null,"end":null,"altitudeMo":null,"tessellate":"-1","extrude":"0","visibility":"-1","drawOrder":null,"icon":null,"ETIQ":"AP V1 Km 247,730","NOM_ACCES":"PTLO-L13-033","AXE":"LGV V1","PK":"247.73","LONGITUDE":"0°5'4.9925W","LATITUDE":"45°17'9.8731N","LOT":"13","SEI":"65","LIBELLE":"APP 2477-1","LONG_DD":"-0.08472","LAT_DD":"45.286076","gx_media_l":null,"_sp_url":null},"geometry":{"type":"Point","coordinates":[-0.08471999999999959,45.286075999999994,0.0]}},{"id":"969","type":"Feature","properties":{"Name":"AR V2 Km 248,390","descriptio":"Attributes\n  ETIQ  AR V2 Km 248,390 \n  NOM_ACCES  PTLA-L13-028 \n  AXE  LGV V2 \n  PK  248.39 \n  LONGITUDE  0°5'29.666W \n  LATITUDE  45°16'58.1526N \n  LOT  13 \n  SEI  65 \n  LIBELLE  RRG 2483-2 \n  LONG_DD  -0.091574 \n  LAT_DD  45.28282","timestamp":null,"begin":null,"end":null,"altitudeMo":null,"tessellate":"-1","extrude":"0","visibility":"-1","drawOrder":null,"icon":null,"ETIQ":"AR V2 Km 248,390","NOM_ACCES":"PTLA-L13-028","AXE":"LGV V2","PK":"248.39","LONGITUDE":"0°5'29.666W","LATITUDE":"45°16'58.1526N","LOT":"13","SEI":"65","LIBELLE":"RRG 2483-2","LONG_DD":"-0.091574","LAT_DD":"45.28282","gx_media_l":null,"_sp_url":null},"geometry":{"type":"Point","coordinates":[-0.09157400000000002,45.28282,0.0]}},{"id":"970","type":"Feature","properties":{"Name":"AR V1 Km 248,467","descriptio":"Attributes\n  ETIQ  AR V1 Km 248,467 \n  NOM_ACCES  PTLA-L13-025 \n  AXE  LGV V1 \n  PK  248.467 \n  LONGITUDE  0°5'29.8001W \n  LATITUDE  45°16'54.6117N \n  LOT  13 \n  SEI  65 \n  LIBELLE  RRG 2484-1 \n  LONG_DD  -0.091611 \n  LAT_DD  45.281837","timestamp":null,"begin":null,"end":null,"altitudeMo":null,"tessellate":"-1","extrude":"0","visibility":"-1","drawOrder":null,"icon":null,"ETIQ":"AR V1 Km 248,467","NOM_ACCES":"PTLA-L13-025","AXE":"LGV V1","PK":"248.467","LONGITUDE":"0°5'29.8001W","LATITUDE":"45°16'54.6117N","LOT":"13","SEI":"65","LIBELLE":"RRG 2484-1","LONG_DD":"-0.091611","LAT_DD":"45.281837","gx_media_l":null,"_sp_url":null},"geometry":{"type":"Point","coordinates":[-0.09161100000000041,45.28183700000001,0.0]}},{"id":"971","type":"Feature","properties":{"Name":"AP V2 Km 249,340","descriptio":"Attributes\n  ETIQ  AP V2 Km 249,340 \n  NOM_ACCES  PTLO-L13-038 \n  AXE  LGV V2 \n  PK  249.34 \n  LONGITUDE  0°6'2.5856W \n  LATITUDE  45°16'36.6809N \n  LOT  13 \n  SEI  65 \n  LIBELLE  APP 2493-2 \n  LONG_DD  -0.100718 \n  LAT_DD  45.276856","timestamp":null,"begin":null,"end":null,"altitudeMo":null,"tessellate":"-1","extrude":"0","visibility":"-1","drawOrder":null,"icon":null,"ETIQ":"AP V2 Km 249,340","NOM_ACCES":"PTLO-L13-038","AXE":"LGV V2","PK":"249.34","LONGITUDE":"0°6'2.5856W","LATITUDE":"45°16'36.6809N","LOT":"13","SEI":"65","LIBELLE":"APP 2493-2","LONG_DD":"-0.100718","LAT_DD":"45.276856","gx_media_l":null,"_sp_url":null},"geometry":{"type":"Point","coordinates":[-0.10071800000000047,45.276856000000016,0.0]}},{"id":"972","type":"Feature","properties":{"Name":"AP V1 Km 249,340","descriptio":"Attributes\n  ETIQ  AP V1 Km 249,340 \n  NOM_ACCES  PTLO-L13-035 \n  AXE  LGV V1 \n  PK  249.34 \n  LONGITUDE  0°5'59.6513W \n  LATITUDE  45°16'34.6012N \n  LOT  13 \n  SEI  65 \n  LIBELLE  APP 2493-1 \n  LONG_DD  -0.099903 \n  LAT_DD  45.276278","timestamp":null,"begin":null,"end":null,"altitudeMo":null,"tessellate":"-1","extrude":"0","visibility":"-1","drawOrder":null,"icon":null,"ETIQ":"AP V1 Km 249,340","NOM_ACCES":"PTLO-L13-035","AXE":"LGV V1","PK":"249.34","LONGITUDE":"0°5'59.6513W","LATITUDE":"45°16'34.6012N","LOT":"13","SEI":"65","LIBELLE":"APP 2493-1","LONG_DD":"-0.099903","LAT_DD":"45.276278","gx_media_l":null,"_sp_url":null},"geometry":{"type":"Point","coordinates":[-0.09990299999999985,45.276278,0.0]}},{"id":"973","type":"Feature","properties":{"Name":"AR V1 Km 250,250","descriptio":"Attributes\n  ETIQ  AR V1 Km 250,250 \n  NOM_ACCES  PTLA-L13-027 \n  AXE  LGV V1 \n  PK  250.25 \n  LONGITUDE  0°6'16.9139W \n  LATITUDE  45°16'22.6046N \n  LOT  13 \n  SEI  65 \n  LIBELLE  ARP 2502-1 \n  LONG_DD  -0.104698 \n  LAT_DD  45.272946","timestamp":null,"begin":null,"end":null,"altitudeMo":null,"tessellate":"-1","extrude":"0","visibility":"-1","drawOrder":null,"icon":null,"ETIQ":"AR V1 Km 250,250","NOM_ACCES":"PTLA-L13-027","AXE":"LGV V1","PK":"250.25","LONGITUDE":"0°6'16.9139W","LATITUDE":"45°16'22.6046N","LOT":"13","SEI":"65","LIBELLE":"ARP 2502-1","LONG_DD":"-0.104698","LAT_DD":"45.272946","gx_media_l":null,"_sp_url":null},"geometry":{"type":"Point","coordinates":[-0.10469799999999922,45.27294599999997,0.0]}},{"id":"974","type":"Feature","properties":{"Name":"AR V2 Km 250,250","descriptio":"Attributes\n  ETIQ  AR V2 Km 250,250 \n  NOM_ACCES  PTLA-L13-032 \n  AXE  LGV V2 \n  PK  250.25 \n  LONGITUDE  0°6'31.8094W \n  LATITUDE  45°16'16.7889N \n  LOT  13 \n  SEI  65 \n  LIBELLE  ARP 2502-2 \n  LONG_DD  -0.108836 \n  LAT_DD  45.27133","timestamp":null,"begin":null,"end":null,"altitudeMo":null,"tessellate":"-1","extrude":"0","visibility":"-1","drawOrder":null,"icon":null,"ETIQ":"AR V2 Km 250,250","NOM_ACCES":"PTLA-L13-032","AXE":"LGV V2","PK":"250.25","LONGITUDE":"0°6'31.8094W","LATITUDE":"45°16'16.7889N","LOT":"13","SEI":"65","LIBELLE":"ARP 2502-2","LONG_DD":"-0.108836","LAT_DD":"45.27133","gx_media_l":null,"_sp_url":null},"geometry":{"type":"Point","coordinates":[-0.10883599999999972,45.27132999999999,0.0]}},{"id":"975","type":"Feature","properties":{"Name":"AR V2 Km 250,922","descriptio":"Attributes\n  ETIQ  AR V2 Km 250,922 \n  NOM_ACCES  PTLA-L14-002 \n  AXE  LGV V2 \n  PK  250.922 \n  LONGITUDE  0°6'57.6212W \n  LATITUDE  45°16'0.0723N \n  LOT  14 \n  SEI  66 \n  LIBELLE  ARP 2509-2 \n  LONG_DD  -0.116006 \n  LAT_DD  45.266687","timestamp":null,"begin":null,"end":null,"altitudeMo":null,"tessellate":"-1","extrude":"0","visibility":"-1","drawOrder":null,"icon":null,"ETIQ":"AR V2 Km 250,922","NOM_ACCES":"PTLA-L14-002","AXE":"LGV V2","PK":"250.922","LONGITUDE":"0°6'57.6212W","LATITUDE":"45°16'0.0723N","LOT":"14","SEI":"66","LIBELLE":"ARP 2509-2","LONG_DD":"-0.116006","LAT_DD":"45.266687","gx_media_l":null,"_sp_url":null},"geometry":{"type":"Point","coordinates":[-0.11600599999999965,45.26668699999998,0.0]}},{"id":"976","type":"Feature","properties":{"Name":"AR V1 Km 250,995","descriptio":"Attributes\n  ETIQ  AR V1 Km 250,995 \n  NOM_ACCES  PTLO-L14-001 \n  AXE  LGV V1 \n  PK  250.995 \n  LONGITUDE  0°6'56.9436W \n  LATITUDE  45°15'59.2305N \n  LOT  14 \n  SEI  66 \n  LIBELLE  ARP 2510-1 \n  LONG_DD  -0.115818 \n  LAT_DD  45.266453","timestamp":null,"begin":null,"end":null,"altitudeMo":null,"tessellate":"-1","extrude":"0","visibility":"-1","drawOrder":null,"icon":null,"ETIQ":"AR V1 Km 250,995","NOM_ACCES":"PTLO-L14-001","AXE":"LGV V1","PK":"250.995","LONGITUDE":"0°6'56.9436W","LATITUDE":"45°15'59.2305N","LOT":"14","SEI":"66","LIBELLE":"ARP 2510-1","LONG_DD":"-0.115818","LAT_DD":"45.266453","gx_media_l":null,"_sp_url":null},"geometry":{"type":"Point","coordinates":[-0.11581800000000016,45.26645300000001,0.0]}},{"id":"977","type":"Feature","properties":{"Name":"AP V2 Km 251,015","descriptio":"Attributes\n  ETIQ  AP V2 Km 251,015 \n  NOM_ACCES  PTLA-L14-002 \n  AXE  LGV V2 \n  PK  251.015 \n  LONGITUDE  0°6'57.6212W \n  LATITUDE  45°16'0.0723N \n  LOT  14 \n  SEI  66 \n  LIBELLE  APP 2510-2 \n  LONG_DD  -0.116006 \n  LAT_DD  45.266687","timestamp":null,"begin":null,"end":null,"altitudeMo":null,"tessellate":"-1","extrude":"0","visibility":"-1","drawOrder":null,"icon":null,"ETIQ":"AP V2 Km 251,015","NOM_ACCES":"PTLA-L14-002","AXE":"LGV V2","PK":"251.015","LONGITUDE":"0°6'57.6212W","LATITUDE":"45°16'0.0723N","LOT":"14","SEI":"66","LIBELLE":"APP 2510-2","LONG_DD":"-0.116006","LAT_DD":"45.266687","gx_media_l":null,"_sp_url":null},"geometry":{"type":"Point","coordinates":[-0.11600599999999965,45.26668699999998,0.0]}},{"id":"978","type":"Feature","properties":{"Name":"AR V2 Km 251,654","descriptio":"Attributes\n  ETIQ  AR V2 Km 251,654 \n  NOM_ACCES  PTLA-L14-002 \n  AXE  LGV V2 \n  PK  251.654 \n  LONGITUDE  0°6'57.6212W \n  LATITUDE  45°16'0.0723N \n  LOT  14 \n  SEI  66 \n  LIBELLE  ARP 2517-2 \n  LONG_DD  -0.116006 \n  LAT_DD  45.266687","timestamp":null,"begin":null,"end":null,"altitudeMo":null,"tessellate":"-1","extrude":"0","visibility":"-1","drawOrder":null,"icon":null,"ETIQ":"AR V2 Km 251,654","NOM_ACCES":"PTLA-L14-002","AXE":"LGV V2","PK":"251.654","LONGITUDE":"0°6'57.6212W","LATITUDE":"45°16'0.0723N","LOT":"14","SEI":"66","LIBELLE":"ARP 2517-2","LONG_DD":"-0.116006","LAT_DD":"45.266687","gx_media_l":null,"_sp_url":null},"geometry":{"type":"Point","coordinates":[-0.11600599999999965,45.26668699999998,0.0]}},{"id":"979","type":"Feature","properties":{"Name":"AR V1 Km 251,668","descriptio":"Attributes\n  ETIQ  AR V1 Km 251,668 \n  NOM_ACCES  PTLA-L14-001 \n  AXE  LGV V1 \n  PK  251.668 \n  LONGITUDE  0°6'58.1014W \n  LATITUDE  45°15'58.064N \n  LOT  14 \n  SEI  66 \n  LIBELLE  ARP 2517-1 \n  LONG_DD  -0.116139 \n  LAT_DD  45.266129","timestamp":null,"begin":null,"end":null,"altitudeMo":null,"tessellate":"-1","extrude":"0","visibility":"-1","drawOrder":null,"icon":null,"ETIQ":"AR V1 Km 251,668","NOM_ACCES":"PTLA-L14-001","AXE":"LGV V1","PK":"251.668","LONGITUDE":"0°6'58.1014W","LATITUDE":"45°15'58.064N","LOT":"14","SEI":"66","LIBELLE":"ARP 2517-1","LONG_DD":"-0.116139","LAT_DD":"45.266129","gx_media_l":null,"_sp_url":null},"geometry":{"type":"Point","coordinates":[-0.11613899999999995,45.26612900000001,0.0]}},{"id":"980","type":"Feature","properties":{"Name":"AP V1 Km 251,890","descriptio":"Attributes\n  ETIQ  AP V1 Km 251,890 \n  NOM_ACCES  PTLA-L14-003 \n  AXE  LGV V1 \n  PK  251.89 \n  LONGITUDE  0°7'26.0917W \n  LATITUDE  45°15'35.7788N \n  LOT  14 \n  SEI  66 \n  LIBELLE  APP 2518-1 \n  LONG_DD  -0.123914 \n  LAT_DD  45.259939","timestamp":null,"begin":null,"end":null,"altitudeMo":null,"tessellate":"-1","extrude":"0","visibility":"-1","drawOrder":null,"icon":null,"ETIQ":"AP V1 Km 251,890","NOM_ACCES":"PTLA-L14-003","AXE":"LGV V1","PK":"251.89","LONGITUDE":"0°7'26.0917W","LATITUDE":"45°15'35.7788N","LOT":"14","SEI":"66","LIBELLE":"APP 2518-1","LONG_DD":"-0.123914","LAT_DD":"45.259939","gx_media_l":null,"_sp_url":null},"geometry":{"type":"Point","coordinates":[-0.12391399999999987,45.25993900000002,0.0]}},{"id":"981","type":"Feature","properties":{"Name":"AR V2 Km 251,895","descriptio":"Attributes\n  ETIQ  AR V2 Km 251,895 \n  NOM_ACCES  PTLA-L14-004 \n  AXE  LGV V2 \n  PK  251.895 \n  LONGITUDE  0°7'29.0271W \n  LATITUDE  45°15'38.6005N \n  LOT  14 \n  SEI  66 \n  LIBELLE  ARP 2519-2 \n  LONG_DD  -0.12473 \n  LAT_DD  45.260722","timestamp":null,"begin":null,"end":null,"altitudeMo":null,"tessellate":"-1","extrude":"0","visibility":"-1","drawOrder":null,"icon":null,"ETIQ":"AR V2 Km 251,895","NOM_ACCES":"PTLA-L14-004","AXE":"LGV V2","PK":"251.895","LONGITUDE":"0°7'29.0271W","LATITUDE":"45°15'38.6005N","LOT":"14","SEI":"66","LIBELLE":"ARP 2519-2","LONG_DD":"-0.12473","LAT_DD":"45.260722","gx_media_l":null,"_sp_url":null},"geometry":{"type":"Point","coordinates":[-0.12472999999999927,45.260722,0.0]}},{"id":"982","type":"Feature","properties":{"Name":"AP V1 Km 252,295","descriptio":"Attributes\n  ETIQ  AP V1 Km 252,295 \n  NOM_ACCES  PTLO-L14-003 \n  AXE  LGV V1 \n  PK  252.295 \n  LONGITUDE  0°7'37.0807W \n  LATITUDE  45°15'28.1445N \n  LOT  14 \n  SEI  66 \n  LIBELLE  APP 2522-1 \n  LONG_DD  -0.126967 \n  LAT_DD  45.257818","timestamp":null,"begin":null,"end":null,"altitudeMo":null,"tessellate":"-1","extrude":"0","visibility":"-1","drawOrder":null,"icon":null,"ETIQ":"AP V1 Km 252,295","NOM_ACCES":"PTLO-L14-003","AXE":"LGV V1","PK":"252.295","LONGITUDE":"0°7'37.0807W","LATITUDE":"45°15'28.1445N","LOT":"14","SEI":"66","LIBELLE":"APP 2522-1","LONG_DD":"-0.126967","LAT_DD":"45.257818","gx_media_l":null,"_sp_url":null},"geometry":{"type":"Point","coordinates":[-0.12696699999999925,45.25781800000001,0.0]}},{"id":"983","type":"Feature","properties":{"Name":"AP V2 Km 252,370","descriptio":"Attributes\n  ETIQ  AP V2 Km 252,370 \n  NOM_ACCES  PTLO-L14-002 \n  AXE  LGV V2 \n  PK  252.37 \n  LONGITUDE  0°7'41.3363W \n  LATITUDE  45°15'27.3596N \n  LOT  14 \n  SEI  66 \n  LIBELLE  APP 2523-2 \n  LONG_DD  -0.128149 \n  LAT_DD  45.2576","timestamp":null,"begin":null,"end":null,"altitudeMo":null,"tessellate":"-1","extrude":"0","visibility":"-1","drawOrder":null,"icon":null,"ETIQ":"AP V2 Km 252,370","NOM_ACCES":"PTLO-L14-002","AXE":"LGV V2","PK":"252.37","LONGITUDE":"0°7'41.3363W","LATITUDE":"45°15'27.3596N","LOT":"14","SEI":"66","LIBELLE":"APP 2523-2","LONG_DD":"-0.128149","LAT_DD":"45.2576","gx_media_l":null,"_sp_url":null},"geometry":{"type":"Point","coordinates":[-0.12814899999999985,45.257600000000004,0.0]}},{"id":"984","type":"Feature","properties":{"Name":"AP V2 Km 252,595","descriptio":"Attributes\n  ETIQ  AP V2 Km 252,595 \n  NOM_ACCES  PTLO-L14-004 \n  AXE  LGV V2 \n  PK  252.595 \n  LONGITUDE  0°7'47.2038W \n  LATITUDE  45°15'21.4219N \n  LOT  14 \n  SEI  66 \n  LIBELLE  APP 2525-2 \n  LONG_DD  -0.129779 \n  LAT_DD  45.255951","timestamp":null,"begin":null,"end":null,"altitudeMo":null,"tessellate":"-1","extrude":"0","visibility":"-1","drawOrder":null,"icon":null,"ETIQ":"AP V2 Km 252,595","NOM_ACCES":"PTLO-L14-004","AXE":"LGV V2","PK":"252.595","LONGITUDE":"0°7'47.2038W","LATITUDE":"45°15'21.4219N","LOT":"14","SEI":"66","LIBELLE":"APP 2525-2","LONG_DD":"-0.129779","LAT_DD":"45.255951","gx_media_l":null,"_sp_url":null},"geometry":{"type":"Point","coordinates":[-0.1297789999999999,45.25595099999998,0.0]}},{"id":"985","type":"Feature","properties":{"Name":"AP V1 Km 252,610","descriptio":"Attributes\n  ETIQ  AP V1 Km 252,610 \n  NOM_ACCES  PTLO-L14-005 \n  AXE  LGV V1 \n  PK  252.61 \n  LONGITUDE  0°7'45.8418W \n  LATITUDE  45°15'20.1361N \n  LOT  14 \n  SEI  66 \n  LIBELLE  APP 2526-1 \n  LONG_DD  -0.1294 \n  LAT_DD  45.255593","timestamp":null,"begin":null,"end":null,"altitudeMo":null,"tessellate":"-1","extrude":"0","visibility":"-1","drawOrder":null,"icon":null,"ETIQ":"AP V1 Km 252,610","NOM_ACCES":"PTLO-L14-005","AXE":"LGV V1","PK":"252.61","LONGITUDE":"0°7'45.8418W","LATITUDE":"45°15'20.1361N","LOT":"14","SEI":"66","LIBELLE":"APP 2526-1","LONG_DD":"-0.1294","LAT_DD":"45.255593","gx_media_l":null,"_sp_url":null},"geometry":{"type":"Point","coordinates":[-0.12939999999999896,45.255593000000005,0.0]}},{"id":"986","type":"Feature","properties":{"Name":"AP V1 Km 253,040","descriptio":"Attributes\n  ETIQ  AP V1 Km 253,040 \n  NOM_ACCES  PTLO-L14-011 \n  AXE  LGV V1 \n  PK  253.04 \n  LONGITUDE  0°7'56.4841W \n  LATITUDE  45°15'8.4241N \n  LOT  14 \n  SEI  66 \n  LIBELLE  APP 2530-1 \n  LONG_DD  -0.132357 \n  LAT_DD  45.25234","timestamp":null,"begin":null,"end":null,"altitudeMo":null,"tessellate":"-1","extrude":"0","visibility":"-1","drawOrder":null,"icon":null,"ETIQ":"AP V1 Km 253,040","NOM_ACCES":"PTLO-L14-011","AXE":"LGV V1","PK":"253.04","LONGITUDE":"0°7'56.4841W","LATITUDE":"45°15'8.4241N","LOT":"14","SEI":"66","LIBELLE":"APP 2530-1","LONG_DD":"-0.132357","LAT_DD":"45.25234","gx_media_l":null,"_sp_url":null},"geometry":{"type":"Point","coordinates":[-0.13235700000000003,45.252340000000004,0.0]}},{"id":"987","type":"Feature","properties":{"Name":"AP V2 Km 253,040","descriptio":"Attributes\n  ETIQ  AP V2 Km 253,040 \n  NOM_ACCES  PTLO-L14-008 \n  AXE  LGV V2 \n  PK  253.04 \n  LONGITUDE  0°7'58.1316W \n  LATITUDE  45°15'9.1077N \n  LOT  14 \n  SEI  66 \n  LIBELLE  APP 2530-2 \n  LONG_DD  -0.132814 \n  LAT_DD  45.25253","timestamp":null,"begin":null,"end":null,"altitudeMo":null,"tessellate":"-1","extrude":"0","visibility":"-1","drawOrder":null,"icon":null,"ETIQ":"AP V2 Km 253,040","NOM_ACCES":"PTLO-L14-008","AXE":"LGV V2","PK":"253.04","LONGITUDE":"0°7'58.1316W","LATITUDE":"45°15'9.1077N","LOT":"14","SEI":"66","LIBELLE":"APP 2530-2","LONG_DD":"-0.132814","LAT_DD":"45.25253","gx_media_l":null,"_sp_url":null},"geometry":{"type":"Point","coordinates":[-0.13281399999999965,45.25253000000001,0.0]}},{"id":"988","type":"Feature","properties":{"Name":"AR V1 Km 253,818","descriptio":"Attributes\n  ETIQ  AR V1 Km 253,818 \n  NOM_ACCES  PTLA-L14-005 \n  AXE  LGV V5 \n  PK  253.818 \n  LONGITUDE  0°8'11.6521W \n  LATITUDE  45°14'46.6584N \n  LOT  14 \n  SEI  66 \n  LIBELLE  RRL 2538-1 \n  LONG_DD  -0.13657 \n  LAT_DD  45.246294","timestamp":null,"begin":null,"end":null,"altitudeMo":null,"tessellate":"-1","extrude":"0","visibility":"-1","drawOrder":null,"icon":null,"ETIQ":"AR V1 Km 253,818","NOM_ACCES":"PTLA-L14-005","AXE":"LGV V5","PK":"253.818","LONGITUDE":"0°8'11.6521W","LATITUDE":"45°14'46.6584N","LOT":"14","SEI":"66","LIBELLE":"RRL 2538-1","LONG_DD":"-0.13657","LAT_DD":"45.246294","gx_media_l":null,"_sp_url":null},"geometry":{"type":"Point","coordinates":[-0.1365699999999997,45.24629400000001,0.0]}},{"id":"989","type":"Feature","properties":{"Name":"AR V2 Km 253,818","descriptio":"Attributes\n  ETIQ  AR V2 Km 253,818 \n  NOM_ACCES  PTLA-L14-006 \n  AXE  LGV V2 \n  PK  253.818 \n  LONGITUDE  0°8'13.3599W \n  LATITUDE  45°14'50.1808N \n  LOT  14 \n  SEI  66 \n  LIBELLE  ARP 2538-2 \n  LONG_DD  -0.137044 \n  LAT_DD  45.247272","timestamp":null,"begin":null,"end":null,"altitudeMo":null,"tessellate":"-1","extrude":"0","visibility":"-1","drawOrder":null,"icon":null,"ETIQ":"AR V2 Km 253,818","NOM_ACCES":"PTLA-L14-006","AXE":"LGV V2","PK":"253.818","LONGITUDE":"0°8'13.3599W","LATITUDE":"45°14'50.1808N","LOT":"14","SEI":"66","LIBELLE":"ARP 2538-2","LONG_DD":"-0.137044","LAT_DD":"45.247272","gx_media_l":null,"_sp_url":null},"geometry":{"type":"Point","coordinates":[-0.13704399999999975,45.247272,0.0]}},{"id":"990","type":"Feature","properties":{"Name":"AR V1 Km 254,105","descriptio":"Attributes\n  ETIQ  AR V1 Km 254,105 \n  NOM_ACCES  PTLA-L14-007 \n  AXE  LGV V1 \n  PK  254.105 \n  LONGITUDE  0°8'18.8143W \n  LATITUDE  45°14'37.0377N \n  LOT  14 \n  SEI  66 \n  LIBELLE  ARP 2541-1 \n  LONG_DD  -0.13856 \n  LAT_DD  45.243622","timestamp":null,"begin":null,"end":null,"altitudeMo":null,"tessellate":"-1","extrude":"0","visibility":"-1","drawOrder":null,"icon":null,"ETIQ":"AR V1 Km 254,105","NOM_ACCES":"PTLA-L14-007","AXE":"LGV V1","PK":"254.105","LONGITUDE":"0°8'18.8143W","LATITUDE":"45°14'37.0377N","LOT":"14","SEI":"66","LIBELLE":"ARP 2541-1","LONG_DD":"-0.13856","LAT_DD":"45.243622","gx_media_l":null,"_sp_url":null},"geometry":{"type":"Point","coordinates":[-0.13855999999999907,45.243622,0.0]}},{"id":"991","type":"Feature","properties":{"Name":"AR V2 Km 254,152","descriptio":"Attributes\n  ETIQ  AR V2 Km 254,152 \n  NOM_ACCES  PTLA-L14-008 \n  AXE  LGV V2 \n  PK  254.152 \n  LONGITUDE  0°8'24.1281W \n  LATITUDE  45°14'35.2732N \n  LOT  14 \n  SEI  66 \n  LIBELLE  RRL 2542-2 \n  LONG_DD  -0.140036 \n  LAT_DD  45.243131","timestamp":null,"begin":null,"end":null,"altitudeMo":null,"tessellate":"-1","extrude":"0","visibility":"-1","drawOrder":null,"icon":null,"ETIQ":"AR V2 Km 254,152","NOM_ACCES":"PTLA-L14-008","AXE":"LGV V2","PK":"254.152","LONGITUDE":"0°8'24.1281W","LATITUDE":"45°14'35.2732N","LOT":"14","SEI":"66","LIBELLE":"RRL 2542-2","LONG_DD":"-0.140036","LAT_DD":"45.243131","gx_media_l":null,"_sp_url":null},"geometry":{"type":"Point","coordinates":[-0.14003600000000005,45.243131000000005,0.0]}},{"id":"992","type":"Feature","properties":{"Name":"AR V1 Km 254,326","descriptio":"Attributes\n  ETIQ  AR V1 Km 254,326 \n  NOM_ACCES  PTLA-L14-009 \n  AXE  LGV V1 \n  PK  254.326 \n  LONGITUDE  0°8'30.8854W \n  LATITUDE  45°14'15.225N \n  LOT  14 \n  SEI  66 \n  LIBELLE  ARP 2543-1 \n  LONG_DD  -0.141913 \n  LAT_DD  45.237563","timestamp":null,"begin":null,"end":null,"altitudeMo":null,"tessellate":"-1","extrude":"0","visibility":"-1","drawOrder":null,"icon":null,"ETIQ":"AR V1 Km 254,326","NOM_ACCES":"PTLA-L14-009","AXE":"LGV V1","PK":"254.326","LONGITUDE":"0°8'30.8854W","LATITUDE":"45°14'15.225N","LOT":"14","SEI":"66","LIBELLE":"ARP 2543-1","LONG_DD":"-0.141913","LAT_DD":"45.237563","gx_media_l":null,"_sp_url":null},"geometry":{"type":"Point","coordinates":[-0.1419129999999987,45.237562999999994,0.0]}},{"id":"993","type":"Feature","properties":{"Name":"AR V2 Km 254,405","descriptio":"Attributes\n  ETIQ  AR V2 Km 254,405 \n  NOM_ACCES  PTLA-L14-010 \n  AXE  LGV V2 \n  PK  254.405 \n  LONGITUDE  0°8'26.1576W \n  LATITUDE  45°14'33.178N \n  LOT  14 \n  SEI  66 \n  LIBELLE  ARP 2544-2 \n  LONG_DD  -0.140599 \n  LAT_DD  45.242549","timestamp":null,"begin":null,"end":null,"altitudeMo":null,"tessellate":"-1","extrude":"0","visibility":"-1","drawOrder":null,"icon":null,"ETIQ":"AR V2 Km 254,405","NOM_ACCES":"PTLA-L14-010","AXE":"LGV V2","PK":"254.405","LONGITUDE":"0°8'26.1576W","LATITUDE":"45°14'33.178N","LOT":"14","SEI":"66","LIBELLE":"ARP 2544-2","LONG_DD":"-0.140599","LAT_DD":"45.242549","gx_media_l":null,"_sp_url":null},"geometry":{"type":"Point","coordinates":[-0.14059900000000017,45.242549000000004,0.0]}},{"id":"994","type":"Feature","properties":{"Name":"AR V2 Km 254,608","descriptio":"Attributes\n  ETIQ  AR V2 Km 254,608 \n  NOM_ACCES  PTLA-L14-010 \n  AXE  LGV V2 \n  PK  254.608 \n  LONGITUDE  0°8'26.1576W \n  LATITUDE  45°14'33.178N \n  LOT  14 \n  SEI  66 \n  LIBELLE  ARP 2546-2 \n  LONG_DD  -0.140599 \n  LAT_DD  45.242549","timestamp":null,"begin":null,"end":null,"altitudeMo":null,"tessellate":"-1","extrude":"0","visibility":"-1","drawOrder":null,"icon":null,"ETIQ":"AR V2 Km 254,608","NOM_ACCES":"PTLA-L14-010","AXE":"LGV V2","PK":"254.608","LONGITUDE":"0°8'26.1576W","LATITUDE":"45°14'33.178N","LOT":"14","SEI":"66","LIBELLE":"ARP 2546-2","LONG_DD":"-0.140599","LAT_DD":"45.242549","gx_media_l":null,"_sp_url":null},"geometry":{"type":"Point","coordinates":[-0.14059900000000017,45.242549000000004,0.0]}},{"id":"995","type":"Feature","properties":{"Name":"AR V1 Km 254,755","descriptio":"Attributes\n  ETIQ  AR V1 Km 254,755 \n  NOM_ACCES  PTLA-L14-009 \n  AXE  LGV V1 \n  PK  254.755 \n  LONGITUDE  0°8'30.8854W \n  LATITUDE  45°14'15.225N \n  LOT  14 \n  SEI  66 \n  LIBELLE  ARP 2547-1 \n  LONG_DD  -0.141913 \n  LAT_DD  45.237563","timestamp":null,"begin":null,"end":null,"altitudeMo":null,"tessellate":"-1","extrude":"0","visibility":"-1","drawOrder":null,"icon":null,"ETIQ":"AR V1 Km 254,755","NOM_ACCES":"PTLA-L14-009","AXE":"LGV V1","PK":"254.755","LONGITUDE":"0°8'30.8854W","LATITUDE":"45°14'15.225N","LOT":"14","SEI":"66","LIBELLE":"ARP 2547-1","LONG_DD":"-0.141913","LAT_DD":"45.237563","gx_media_l":null,"_sp_url":null},"geometry":{"type":"Point","coordinates":[-0.1419129999999987,45.237562999999994,0.0]}},{"id":"996","type":"Feature","properties":{"Name":"AP V1 Km 254,950","descriptio":"Attributes\n  ETIQ  AP V1 Km 254,950 \n  NOM_ACCES  PTLA-L14-009 \n  AXE  LGV V1 \n  PK  254.95 \n  LONGITUDE  0°8'30.8854W \n  LATITUDE  45°14'15.225N \n  LOT  14 \n  SEI  66 \n  LIBELLE  APP 2550-1 \n  LONG_DD  -0.141913 \n  LAT_DD  45.237563","timestamp":null,"begin":null,"end":null,"altitudeMo":null,"tessellate":"-1","extrude":"0","visibility":"-1","drawOrder":null,"icon":null,"ETIQ":"AP V1 Km 254,950","NOM_ACCES":"PTLA-L14-009","AXE":"LGV V1","PK":"254.95","LONGITUDE":"0°8'30.8854W","LATITUDE":"45°14'15.225N","LOT":"14","SEI":"66","LIBELLE":"APP 2550-1","LONG_DD":"-0.141913","LAT_DD":"45.237563","gx_media_l":null,"_sp_url":null},"geometry":{"type":"Point","coordinates":[-0.1419129999999987,45.237562999999994,0.0]}},{"id":"997","type":"Feature","properties":{"Name":"AP V2 Km 255,000","descriptio":"Attributes\n  ETIQ  AP V2 Km 255,000 \n  NOM_ACCES  PTLO-L14-010 \n  AXE  LGV V2 \n  PK  255 \n  LONGITUDE  0°8'39.2316W \n  LATITUDE  45°14'12.5664N \n  LOT  14 \n  SEI  66 \n  LIBELLE  APP 2550-2 \n  LONG_DD  -0.144231 \n  LAT_DD  45.236824","timestamp":null,"begin":null,"end":null,"altitudeMo":null,"tessellate":"-1","extrude":"0","visibility":"-1","drawOrder":null,"icon":null,"ETIQ":"AP V2 Km 255,000","NOM_ACCES":"PTLO-L14-010","AXE":"LGV V2","PK":"255","LONGITUDE":"0°8'39.2316W","LATITUDE":"45°14'12.5664N","LOT":"14","SEI":"66","LIBELLE":"APP 2550-2","LONG_DD":"-0.144231","LAT_DD":"45.236824","gx_media_l":null,"_sp_url":null},"geometry":{"type":"Point","coordinates":[-0.1442310000000001,45.23682399999999,0.0]}},{"id":"998","type":"Feature","properties":{"Name":"AR V1 Km 255,385","descriptio":"Attributes\n  ETIQ  AR V1 Km 255,385 \n  NOM_ACCES  PTLA-L14-009 \n  AXE  LGV V1 \n  PK  255.385 \n  LONGITUDE  0°8'30.8854W \n  LATITUDE  45°14'15.225N \n  LOT  14 \n  SEI  66 \n  LIBELLE  ARP 2554-1 \n  LONG_DD  -0.141913 \n  LAT_DD  45.237563","timestamp":null,"begin":null,"end":null,"altitudeMo":null,"tessellate":"-1","extrude":"0","visibility":"-1","drawOrder":null,"icon":null,"ETIQ":"AR V1 Km 255,385","NOM_ACCES":"PTLA-L14-009","AXE":"LGV V1","PK":"255.385","LONGITUDE":"0°8'30.8854W","LATITUDE":"45°14'15.225N","LOT":"14","SEI":"66","LIBELLE":"ARP 2554-1","LONG_DD":"-0.141913","LAT_DD":"45.237563","gx_media_l":null,"_sp_url":null},"geometry":{"type":"Point","coordinates":[-0.1419129999999987,45.237562999999994,0.0]}},{"id":"999","type":"Feature","properties":{"Name":"AR V2 Km 255,800","descriptio":"Attributes\n  ETIQ  AR V2 Km 255,800 \n  NOM_ACCES  PTLA-L14-012 \n  AXE  LGV V2 \n  PK  255.8 \n  LONGITUDE  0°8'53.429W \n  LATITUDE  45°13'52.9122N \n  LOT  14 \n  SEI  66 \n  LIBELLE  ARP 2558-2 \n  LONG_DD  -0.148175 \n  LAT_DD  45.231364","timestamp":null,"begin":null,"end":null,"altitudeMo":null,"tessellate":"-1","extrude":"0","visibility":"-1","drawOrder":null,"icon":null,"ETIQ":"AR V2 Km 255,800","NOM_ACCES":"PTLA-L14-012","AXE":"LGV V2","PK":"255.8","LONGITUDE":"0°8'53.429W","LATITUDE":"45°13'52.9122N","LOT":"14","SEI":"66","LIBELLE":"ARP 2558-2","LONG_DD":"-0.148175","LAT_DD":"45.231364","gx_media_l":null,"_sp_url":null},"geometry":{"type":"Point","coordinates":[-0.14817499999999964,45.23136399999999,0.0]}},{"id":"1000","type":"Feature","properties":{"Name":"AR V1 Km 255,800","descriptio":"Attributes\n  ETIQ  AR V1 Km 255,800 \n  NOM_ACCES  PTLA-L14-013 \n  AXE  LGV V1 \n  PK  255.8 \n  LONGITUDE  0°8'49.7379W \n  LATITUDE  45°13'51.7145N \n  LOT  14 \n  SEI  66 \n  LIBELLE  ARP 2558-1 \n  LONG_DD  -0.147149 \n  LAT_DD  45.231032","timestamp":null,"begin":null,"end":null,"altitudeMo":null,"tessellate":"-1","extrude":"0","visibility":"-1","drawOrder":null,"icon":null,"ETIQ":"AR V1 Km 255,800","NOM_ACCES":"PTLA-L14-013","AXE":"LGV V1","PK":"255.8","LONGITUDE":"0°8'49.7379W","LATITUDE":"45°13'51.7145N","LOT":"14","SEI":"66","LIBELLE":"ARP 2558-1","LONG_DD":"-0.147149","LAT_DD":"45.231032","gx_media_l":null,"_sp_url":null},"geometry":{"type":"Point","coordinates":[-0.14714899999999922,45.23103199999999,0.0]}},{"id":"1001","type":"Feature","properties":{"Name":"AP V2 Km 255,960","descriptio":"Attributes\n  ETIQ  AP V2 Km 255,960 \n  NOM_ACCES  PTLA-L14-015 \n  AXE  LGV V2 \n  PK  255.96 \n  LONGITUDE  0°8'58.2223W \n  LATITUDE  45°13'40.0875N \n  LOT  14 \n  SEI  66 \n  LIBELLE  APP 2559-2 \n  LONG_DD  -0.149506 \n  LAT_DD  45.227802","timestamp":null,"begin":null,"end":null,"altitudeMo":null,"tessellate":"-1","extrude":"0","visibility":"-1","drawOrder":null,"icon":null,"ETIQ":"AP V2 Km 255,960","NOM_ACCES":"PTLA-L14-015","AXE":"LGV V2","PK":"255.96","LONGITUDE":"0°8'58.2223W","LATITUDE":"45°13'40.0875N","LOT":"14","SEI":"66","LIBELLE":"APP 2559-2","LONG_DD":"-0.149506","LAT_DD":"45.227802","gx_media_l":null,"_sp_url":null},"geometry":{"type":"Point","coordinates":[-0.1495059999999998,45.227802000000004,0.0]}},{"id":"1002","type":"Feature","properties":{"Name":"AR V1 Km 255,980","descriptio":"Attributes\n  ETIQ  AR V1 Km 255,980 \n  NOM_ACCES  PTLA-L14-015 \n  AXE  LGV V1 \n  PK  255.98 \n  LONGITUDE  0°8'58.2223W \n  LATITUDE  45°13'40.0875N \n  LOT  14 \n  SEI  66 \n  LIBELLE  ARP 2560-1 \n  LONG_DD  -0.149506 \n  LAT_DD  45.227802","timestamp":null,"begin":null,"end":null,"altitudeMo":null,"tessellate":"-1","extrude":"0","visibility":"-1","drawOrder":null,"icon":null,"ETIQ":"AR V1 Km 255,980","NOM_ACCES":"PTLA-L14-015","AXE":"LGV V1","PK":"255.98","LONGITUDE":"0°8'58.2223W","LATITUDE":"45°13'40.0875N","LOT":"14","SEI":"66","LIBELLE":"ARP 2560-1","LONG_DD":"-0.149506","LAT_DD":"45.227802","gx_media_l":null,"_sp_url":null},"geometry":{"type":"Point","coordinates":[-0.1495059999999998,45.227802000000004,0.0]}},{"id":"1003","type":"Feature","properties":{"Name":"AR V2 Km 256,158","descriptio":"Attributes\n  ETIQ  AR V2 Km 256,158 \n  NOM_ACCES  PTLA-L14-014 \n  AXE  LGV V2 \n  PK  256.158 \n  LONGITUDE  0°9'2.8241W \n  LATITUDE  45°13'38.147N \n  LOT  14 \n  SEI  66 \n  LIBELLE  RRG 2562-2 \n  LONG_DD  -0.150784 \n  LAT_DD  45.227263","timestamp":null,"begin":null,"end":null,"altitudeMo":null,"tessellate":"-1","extrude":"0","visibility":"-1","drawOrder":null,"icon":null,"ETIQ":"AR V2 Km 256,158","NOM_ACCES":"PTLA-L14-014","AXE":"LGV V2","PK":"256.158","LONGITUDE":"0°9'2.8241W","LATITUDE":"45°13'38.147N","LOT":"14","SEI":"66","LIBELLE":"RRG 2562-2","LONG_DD":"-0.150784","LAT_DD":"45.227263","gx_media_l":null,"_sp_url":null},"geometry":{"type":"Point","coordinates":[-0.15078399999999872,45.22726300000001,0.0]}},{"id":"1004","type":"Feature","properties":{"Name":"AR V1 Km 256,218","descriptio":"Attributes\n  ETIQ  AR V1 Km 256,218 \n  NOM_ACCES  PTLA-L14-017 \n  AXE  LGV V1 \n  PK  256.218 \n  LONGITUDE  0°8'59.477W \n  LATITUDE  45°13'38.1157N \n  LOT  14 \n  SEI  66 \n  LIBELLE  RRG 2562-1 \n  LONG_DD  -0.149855 \n  LAT_DD  45.227254","timestamp":null,"begin":null,"end":null,"altitudeMo":null,"tessellate":"-1","extrude":"0","visibility":"-1","drawOrder":null,"icon":null,"ETIQ":"AR V1 Km 256,218","NOM_ACCES":"PTLA-L14-017","AXE":"LGV V1","PK":"256.218","LONGITUDE":"0°8'59.477W","LATITUDE":"45°13'38.1157N","LOT":"14","SEI":"66","LIBELLE":"RRG 2562-1","LONG_DD":"-0.149855","LAT_DD":"45.227254","gx_media_l":null,"_sp_url":null},"geometry":{"type":"Point","coordinates":[-0.14985499999999977,45.227254,0.0]}},{"id":"1005","type":"Feature","properties":{"Name":"AR V1 Km 256,261","descriptio":"Attributes\n  ETIQ  AR V1 Km 256,261 \n  NOM_ACCES  PTLA-L14-017 \n  AXE  LGV V1 \n  PK  256.261 \n  LONGITUDE  0°8'59.477W \n  LATITUDE  45°13'38.1157N \n  LOT  14 \n  SEI  66 \n  LIBELLE  ARP 2563-1 \n  LONG_DD  -0.149855 \n  LAT_DD  45.227254","timestamp":null,"begin":null,"end":null,"altitudeMo":null,"tessellate":"-1","extrude":"0","visibility":"-1","drawOrder":null,"icon":null,"ETIQ":"AR V1 Km 256,261","NOM_ACCES":"PTLA-L14-017","AXE":"LGV V1","PK":"256.261","LONGITUDE":"0°8'59.477W","LATITUDE":"45°13'38.1157N","LOT":"14","SEI":"66","LIBELLE":"ARP 2563-1","LONG_DD":"-0.149855","LAT_DD":"45.227254","gx_media_l":null,"_sp_url":null},"geometry":{"type":"Point","coordinates":[-0.14985499999999977,45.227254,0.0]}},{"id":"1006","type":"Feature","properties":{"Name":"AR V2 Km 256,935","descriptio":"Attributes\n  ETIQ  AR V2 Km 256,935 \n  NOM_ACCES  PTLA-L14-016 \n  AXE  LGV V2 \n  PK  256.935 \n  LONGITUDE  0°9'19.3237W \n  LATITUDE  45°13'17.8735N \n  LOT  14 \n  SEI  66 \n  LIBELLE  ARP 2569-2 \n  LONG_DD  -0.155368 \n  LAT_DD  45.221632","timestamp":null,"begin":null,"end":null,"altitudeMo":null,"tessellate":"-1","extrude":"0","visibility":"-1","drawOrder":null,"icon":null,"ETIQ":"AR V2 Km 256,935","NOM_ACCES":"PTLA-L14-016","AXE":"LGV V2","PK":"256.935","LONGITUDE":"0°9'19.3237W","LATITUDE":"45°13'17.8735N","LOT":"14","SEI":"66","LIBELLE":"ARP 2569-2","LONG_DD":"-0.155368","LAT_DD":"45.221632","gx_media_l":null,"_sp_url":null},"geometry":{"type":"Point","coordinates":[-0.15536800000000026,45.22163200000002,0.0]}},{"id":"1007","type":"Feature","properties":{"Name":"AR V1 Km 256,935","descriptio":"Attributes\n  ETIQ  AR V1 Km 256,935 \n  NOM_ACCES  PTLO-L14-013 \n  AXE  LGV V1 \n  PK  256.935 \n  LONGITUDE  0°9'17.5965W \n  LATITUDE  45°13'16.0241N \n  LOT  14 \n  SEI  66 \n  LIBELLE  ARP 2569-1 \n  LONG_DD  -0.154888 \n  LAT_DD  45.221118","timestamp":null,"begin":null,"end":null,"altitudeMo":null,"tessellate":"-1","extrude":"0","visibility":"-1","drawOrder":null,"icon":null,"ETIQ":"AR V1 Km 256,935","NOM_ACCES":"PTLO-L14-013","AXE":"LGV V1","PK":"256.935","LONGITUDE":"0°9'17.5965W","LATITUDE":"45°13'16.0241N","LOT":"14","SEI":"66","LIBELLE":"ARP 2569-1","LONG_DD":"-0.154888","LAT_DD":"45.221118","gx_media_l":null,"_sp_url":null},"geometry":{"type":"Point","coordinates":[-0.15488800000000033,45.221118000000004,0.0]}},{"id":"1008","type":"Feature","properties":{"Name":"AP V1 Km 257,520","descriptio":"Attributes\n  ETIQ  AP V1 Km 257,520 \n  NOM_ACCES  PTLO-L14-015 \n  AXE  LGV V1 \n  PK  257.52 \n  LONGITUDE  0°9'30.301W \n  LATITUDE  45°13'1.8563N \n  LOT  14 \n  SEI  66 \n  LIBELLE  APP 2574-1 \n  LONG_DD  -0.158417 \n  LAT_DD  45.217182","timestamp":null,"begin":null,"end":null,"altitudeMo":null,"tessellate":"-1","extrude":"0","visibility":"-1","drawOrder":null,"icon":null,"ETIQ":"AP V1 Km 257,520","NOM_ACCES":"PTLO-L14-015","AXE":"LGV V1","PK":"257.52","LONGITUDE":"0°9'30.301W","LATITUDE":"45°13'1.8563N","LOT":"14","SEI":"66","LIBELLE":"APP 2574-1","LONG_DD":"-0.158417","LAT_DD":"45.217182","gx_media_l":null,"_sp_url":null},"geometry":{"type":"Point","coordinates":[-0.15841700000000014,45.21718200000001,0.0]}},{"id":"1009","type":"Feature","properties":{"Name":"AP V2 Km 257,890","descriptio":"Attributes\n  ETIQ  AP V2 Km 257,890 \n  NOM_ACCES  PTLO-L14-014 \n  AXE  LGV V2 \n  PK  257.89 \n  LONGITUDE  0°9'44.6954W \n  LATITUDE  45°12'51.5975N \n  LOT  14 \n  SEI  66 \n  LIBELLE  APP 2578-2 \n  LONG_DD  -0.162415 \n  LAT_DD  45.214333","timestamp":null,"begin":null,"end":null,"altitudeMo":null,"tessellate":"-1","extrude":"0","visibility":"-1","drawOrder":null,"icon":null,"ETIQ":"AP V2 Km 257,890","NOM_ACCES":"PTLO-L14-014","AXE":"LGV V2","PK":"257.89","LONGITUDE":"0°9'44.6954W","LATITUDE":"45°12'51.5975N","LOT":"14","SEI":"66","LIBELLE":"APP 2578-2","LONG_DD":"-0.162415","LAT_DD":"45.214333","gx_media_l":null,"_sp_url":null},"geometry":{"type":"Point","coordinates":[-0.16241499999999928,45.214333,0.0]}},{"id":"1010","type":"Feature","properties":{"Name":"AP V1 Km 257,890","descriptio":"Attributes\n  ETIQ  AP V1 Km 257,890 \n  NOM_ACCES  PTLO-L14-017 \n  AXE  LGV V1 \n  PK  257.89 \n  LONGITUDE  0°9'41.7742W \n  LATITUDE  45°12'50.1616N \n  LOT  14 \n  SEI  66 \n  LIBELLE  APP 2578-1 \n  LONG_DD  -0.161604 \n  LAT_DD  45.213934","timestamp":null,"begin":null,"end":null,"altitudeMo":null,"tessellate":"-1","extrude":"0","visibility":"-1","drawOrder":null,"icon":null,"ETIQ":"AP V1 Km 257,890","NOM_ACCES":"PTLO-L14-017","AXE":"LGV V1","PK":"257.89","LONGITUDE":"0°9'41.7742W","LATITUDE":"45°12'50.1616N","LOT":"14","SEI":"66","LIBELLE":"APP 2578-1","LONG_DD":"-0.161604","LAT_DD":"45.213934","gx_media_l":null,"_sp_url":null},"geometry":{"type":"Point","coordinates":[-0.16160399999999978,45.21393399999999,0.0]}},{"id":"1011","type":"Feature","properties":{"Name":"AR V2 Km 258,488","descriptio":"Attributes\n  ETIQ  AR V2 Km 258,488 \n  NOM_ACCES  PTLA-L14-018 \n  AXE  LGV V2 \n  PK  258.488 \n  LONGITUDE  0°10'3.3996W \n  LATITUDE  45°12'36.3511N \n  LOT  14 \n  SEI  66 \n  LIBELLE  ARP 2585-2 \n  LONG_DD  -0.167611 \n  LAT_DD  45.210098","timestamp":null,"begin":null,"end":null,"altitudeMo":null,"tessellate":"-1","extrude":"0","visibility":"-1","drawOrder":null,"icon":null,"ETIQ":"AR V2 Km 258,488","NOM_ACCES":"PTLA-L14-018","AXE":"LGV V2","PK":"258.488","LONGITUDE":"0°10'3.3996W","LATITUDE":"45°12'36.3511N","LOT":"14","SEI":"66","LIBELLE":"ARP 2585-2","LONG_DD":"-0.167611","LAT_DD":"45.210098","gx_media_l":null,"_sp_url":null},"geometry":{"type":"Point","coordinates":[-0.1676109999999991,45.21009799999999,0.0]}},{"id":"1012","type":"Feature","properties":{"Name":"AP V1 Km 258,560","descriptio":"Attributes\n  ETIQ  AP V1 Km 258,560 \n  NOM_ACCES  PTL0-L14-019 \n  AXE  LGV V1 \n  PK  258.56 \n  LONGITUDE  0°10'2.7117W \n  LATITUDE  45°12'34.4749N \n  LOT  14 \n  SEI  66 \n  LIBELLE  APP 2585-1 \n  LONG_DD  -0.16742 \n  LAT_DD  45.209576","timestamp":null,"begin":null,"end":null,"altitudeMo":null,"tessellate":"-1","extrude":"0","visibility":"-1","drawOrder":null,"icon":null,"ETIQ":"AP V1 Km 258,560","NOM_ACCES":"PTL0-L14-019","AXE":"LGV V1","PK":"258.56","LONGITUDE":"0°10'2.7117W","LATITUDE":"45°12'34.4749N","LOT":"14","SEI":"66","LIBELLE":"APP 2585-1","LONG_DD":"-0.16742","LAT_DD":"45.209576","gx_media_l":null,"_sp_url":null},"geometry":{"type":"Point","coordinates":[-0.16742000000000007,45.209576,0.0]}},{"id":"1013","type":"Feature","properties":{"Name":"AR V1 Km 258,981","descriptio":"Attributes\n  ETIQ  AR V1 Km 258,981 \n  NOM_ACCES  PTLA-L14-019 \n  AXE  LGV V1 \n  PK  258.981 \n  LONGITUDE  0°10'15.5543W \n  LATITUDE  45°12'26.2822N \n  LOT  14 \n  SEI  66 \n  LIBELLE  ARP 2590-1 \n  LONG_DD  -0.170987 \n  LAT_DD  45.207301","timestamp":null,"begin":null,"end":null,"altitudeMo":null,"tessellate":"-1","extrude":"0","visibility":"-1","drawOrder":null,"icon":null,"ETIQ":"AR V1 Km 258,981","NOM_ACCES":"PTLA-L14-019","AXE":"LGV V1","PK":"258.981","LONGITUDE":"0°10'15.5543W","LATITUDE":"45°12'26.2822N","LOT":"14","SEI":"66","LIBELLE":"ARP 2590-1","LONG_DD":"-0.170987","LAT_DD":"45.207301","gx_media_l":null,"_sp_url":null},"geometry":{"type":"Point","coordinates":[-0.17098699999999983,45.207300999999994,0.0]}},{"id":"1014","type":"Feature","properties":{"Name":"AP V2 Km 259,205","descriptio":"Attributes\n  ETIQ  AP V2 Km 259,205 \n  NOM_ACCES  PTLO-L14-016 \n  AXE  LGV V2 \n  PK  259.205 \n  LONGITUDE  0°10'29.4021W \n  LATITUDE  45°12'20.6914N \n  LOT  14 \n  SEI  66 \n  LIBELLE  APP 2593-2 \n  LONG_DD  -0.174834 \n  LAT_DD  45.205748","timestamp":null,"begin":null,"end":null,"altitudeMo":null,"tessellate":"-1","extrude":"0","visibility":"-1","drawOrder":null,"icon":null,"ETIQ":"AP V2 Km 259,205","NOM_ACCES":"PTLO-L14-016","AXE":"LGV V2","PK":"259.205","LONGITUDE":"0°10'29.4021W","LATITUDE":"45°12'20.6914N","LOT":"14","SEI":"66","LIBELLE":"APP 2593-2","LONG_DD":"-0.174834","LAT_DD":"45.205748","gx_media_l":null,"_sp_url":null},"geometry":{"type":"Point","coordinates":[-0.17483399999999946,45.20574800000001,0.0]}},{"id":"1015","type":"Feature","properties":{"Name":"AP V1 Km 259,320","descriptio":"Attributes\n  ETIQ  AP V1 Km 259,320 \n  NOM_ACCES  PTLO-L14-021 \n  AXE  LGV V1 \n  PK  259.32 \n  LONGITUDE  0°10'28.4508W \n  LATITUDE  45°12'18.0496N \n  LOT  14 \n  SEI  66 \n  LIBELLE  APP 2593-1 \n  LONG_DD  -0.17457 \n  LAT_DD  45.205014","timestamp":null,"begin":null,"end":null,"altitudeMo":null,"tessellate":"-1","extrude":"0","visibility":"-1","drawOrder":null,"icon":null,"ETIQ":"AP V1 Km 259,320","NOM_ACCES":"PTLO-L14-021","AXE":"LGV V1","PK":"259.32","LONGITUDE":"0°10'28.4508W","LATITUDE":"45°12'18.0496N","LOT":"14","SEI":"66","LIBELLE":"APP 2593-1","LONG_DD":"-0.17457","LAT_DD":"45.205014","gx_media_l":null,"_sp_url":null},"geometry":{"type":"Point","coordinates":[-0.17456999999999964,45.205014,0.0]}},{"id":"1016","type":"Feature","properties":{"Name":"AR V1 Km 260,014","descriptio":"Attributes\n  ETIQ  AR V1 Km 260,014 \n  NOM_ACCES  PTLA-L14-023 \n  AXE  LGV V1 \n  PK  260.014 \n  LONGITUDE  0°10'54.9837W \n  LATITUDE  45°12'5.564N \n  LOT  14 \n  SEI  66 \n  LIBELLE  ARP 2600-1 \n  LONG_DD  -0.18194 \n  LAT_DD  45.201546","timestamp":null,"begin":null,"end":null,"altitudeMo":null,"tessellate":"-1","extrude":"0","visibility":"-1","drawOrder":null,"icon":null,"ETIQ":"AR V1 Km 260,014","NOM_ACCES":"PTLA-L14-023","AXE":"LGV V1","PK":"260.014","LONGITUDE":"0°10'54.9837W","LATITUDE":"45°12'5.564N","LOT":"14","SEI":"66","LIBELLE":"ARP 2600-1","LONG_DD":"-0.18194","LAT_DD":"45.201546","gx_media_l":null,"_sp_url":null},"geometry":{"type":"Point","coordinates":[-0.1819399999999996,45.20154599999999,0.0]}},{"id":"1017","type":"Feature","properties":{"Name":"AR V2 Km 260,020","descriptio":"Attributes\n  ETIQ  AR V2 Km 260,020 \n  NOM_ACCES  PTLA-L14-020a \n  AXE  LGV V2 \n  PK  260.02 \n  LONGITUDE  0°10'56.5186W \n  LATITUDE  45°12'6.8622N \n  LOT  14 \n  SEI  66 \n  LIBELLE  ARP 2600-2 \n  LONG_DD  -0.182366 \n  LAT_DD  45.201906","timestamp":null,"begin":null,"end":null,"altitudeMo":null,"tessellate":"-1","extrude":"0","visibility":"-1","drawOrder":null,"icon":null,"ETIQ":"AR V2 Km 260,020","NOM_ACCES":"PTLA-L14-020a","AXE":"LGV V2","PK":"260.02","LONGITUDE":"0°10'56.5186W","LATITUDE":"45°12'6.8622N","LOT":"14","SEI":"66","LIBELLE":"ARP 2600-2","LONG_DD":"-0.182366","LAT_DD":"45.201906","gx_media_l":null,"_sp_url":null},"geometry":{"type":"Point","coordinates":[-0.1823660000000007,45.20190600000001,0.0]}},{"id":"1018","type":"Feature","properties":{"Name":"AP V2 Km 260,450","descriptio":"Attributes\n  ETIQ  AP V2 Km 260,450 \n  NOM_ACCES  PTLO-L14-018 \n  AXE  LGV V2 \n  PK  260.45 \n  LONGITUDE  0°11'15.7015W \n  LATITUDE  45°11'59.6591N \n  LOT  14 \n  SEI  66 \n  LIBELLE  APP 2604-2 \n  LONG_DD  -0.187695 \n  LAT_DD  45.199905","timestamp":null,"begin":null,"end":null,"altitudeMo":null,"tessellate":"-1","extrude":"0","visibility":"-1","drawOrder":null,"icon":null,"ETIQ":"AP V2 Km 260,450","NOM_ACCES":"PTLO-L14-018","AXE":"LGV V2","PK":"260.45","LONGITUDE":"0°11'15.7015W","LATITUDE":"45°11'59.6591N","LOT":"14","SEI":"66","LIBELLE":"APP 2604-2","LONG_DD":"-0.187695","LAT_DD":"45.199905","gx_media_l":null,"_sp_url":null},"geometry":{"type":"Point","coordinates":[-0.187695,45.19990499999998,0.0]}},{"id":"1019","type":"Feature","properties":{"Name":"AR V1 Km 260,665","descriptio":"Attributes\n  ETIQ  AR V1 Km 260,665 \n  NOM_ACCES  PTLA-L14-025 \n  AXE  LGV V1 \n  PK  260.665 \n  LONGITUDE  0°11'21.2889W \n  LATITUDE  45°11'55.7117N \n  LOT  14 \n  SEI  66 \n  LIBELLE  ARP 2607-1 \n  LONG_DD  -0.189247 \n  LAT_DD  45.198809","timestamp":null,"begin":null,"end":null,"altitudeMo":null,"tessellate":"-1","extrude":"0","visibility":"-1","drawOrder":null,"icon":null,"ETIQ":"AR V1 Km 260,665","NOM_ACCES":"PTLA-L14-025","AXE":"LGV V1","PK":"260.665","LONGITUDE":"0°11'21.2889W","LATITUDE":"45°11'55.7117N","LOT":"14","SEI":"66","LIBELLE":"ARP 2607-1","LONG_DD":"-0.189247","LAT_DD":"45.198809","gx_media_l":null,"_sp_url":null},"geometry":{"type":"Point","coordinates":[-0.18924700000000014,45.198809000000004,0.0]}},{"id":"1020","type":"Feature","properties":{"Name":"AR V2 Km 260,665","descriptio":"Attributes\n  ETIQ  AR V2 Km 260,665 \n  NOM_ACCES  PTLA-L14-022 \n  AXE  LGV V2 \n  PK  260.665 \n  LONGITUDE  0°11'21.3614W \n  LATITUDE  45°11'57.3575N \n  LOT  14 \n  SEI  66 \n  LIBELLE  ARP 2607-2 \n  LONG_DD  -0.189267 \n  LAT_DD  45.199266","timestamp":null,"begin":null,"end":null,"altitudeMo":null,"tessellate":"-1","extrude":"0","visibility":"-1","drawOrder":null,"icon":null,"ETIQ":"AR V2 Km 260,665","NOM_ACCES":"PTLA-L14-022","AXE":"LGV V2","PK":"260.665","LONGITUDE":"0°11'21.3614W","LATITUDE":"45°11'57.3575N","LOT":"14","SEI":"66","LIBELLE":"ARP 2607-2","LONG_DD":"-0.189267","LAT_DD":"45.199266","gx_media_l":null,"_sp_url":null},"geometry":{"type":"Point","coordinates":[-0.1892669999999993,45.19926600000001,0.0]}},{"id":"1021","type":"Feature","properties":{"Name":"AP V2 Km 261,390","descriptio":"Attributes\n  ETIQ  AP V2 Km 261,390 \n  NOM_ACCES  PTLO-L14-020 \n  AXE  LGV V2 \n  PK  261.39 \n  LONGITUDE  0°11'55.1994W \n  LATITUDE  45°11'47.3175N \n  LOT  14 \n  SEI  67 \n  LIBELLE  APP 2613-2 \n  LONG_DD  -0.198667 \n  LAT_DD  45.196477","timestamp":null,"begin":null,"end":null,"altitudeMo":null,"tessellate":"-1","extrude":"0","visibility":"-1","drawOrder":null,"icon":null,"ETIQ":"AP V2 Km 261,390","NOM_ACCES":"PTLO-L14-020","AXE":"LGV V2","PK":"261.39","LONGITUDE":"0°11'55.1994W","LATITUDE":"45°11'47.3175N","LOT":"14","SEI":"67","LIBELLE":"APP 2613-2","LONG_DD":"-0.198667","LAT_DD":"45.196477","gx_media_l":null,"_sp_url":null},"geometry":{"type":"Point","coordinates":[-0.19866699999999937,45.19647700000001,0.0]}},{"id":"1022","type":"Feature","properties":{"Name":"AP V1 Km 261,405","descriptio":"Attributes\n  ETIQ  AP V1 Km 261,405 \n  NOM_ACCES  PTLO-L14-023 \n  AXE  LGV V1 \n  PK  261.405 \n  LONGITUDE  0°11'53.7936W \n  LATITUDE  45°11'44.8193N \n  LOT  14 \n  SEI  67 \n  LIBELLE  APP 2614-1 \n  LONG_DD  -0.198276 \n  LAT_DD  45.195783","timestamp":null,"begin":null,"end":null,"altitudeMo":null,"tessellate":"-1","extrude":"0","visibility":"-1","drawOrder":null,"icon":null,"ETIQ":"AP V1 Km 261,405","NOM_ACCES":"PTLO-L14-023","AXE":"LGV V1","PK":"261.405","LONGITUDE":"0°11'53.7936W","LATITUDE":"45°11'44.8193N","LOT":"14","SEI":"67","LIBELLE":"APP 2614-1","LONG_DD":"-0.198276","LAT_DD":"45.195783","gx_media_l":null,"_sp_url":null},"geometry":{"type":"Point","coordinates":[-0.1982759999999999,45.195783000000006,0.0]}},{"id":"1023","type":"Feature","properties":{"Name":"AR V1 Km 261,907","descriptio":"Attributes\n  ETIQ  AR V1 Km 261,907 \n  NOM_ACCES  PTLA-L14-027 \n  AXE  LGV V1 \n  PK  261.907 \n  LONGITUDE  0°12'19.9346W \n  LATITUDE  45°11'36.1967N \n  LOT  14 \n  SEI  67 \n  LIBELLE  RRG 2619-1 \n  LONG_DD  -0.205537 \n  LAT_DD  45.193388","timestamp":null,"begin":null,"end":null,"altitudeMo":null,"tessellate":"-1","extrude":"0","visibility":"-1","drawOrder":null,"icon":null,"ETIQ":"AR V1 Km 261,907","NOM_ACCES":"PTLA-L14-027","AXE":"LGV V1","PK":"261.907","LONGITUDE":"0°12'19.9346W","LATITUDE":"45°11'36.1967N","LOT":"14","SEI":"67","LIBELLE":"RRG 2619-1","LONG_DD":"-0.205537","LAT_DD":"45.193388","gx_media_l":null,"_sp_url":null},"geometry":{"type":"Point","coordinates":[-0.20553699999999944,45.193388000000006,0.0]}},{"id":"1024","type":"Feature","properties":{"Name":"AR V2 Km 261,907","descriptio":"Attributes\n  ETIQ  AR V2 Km 261,907 \n  NOM_ACCES  PTLA-L14-024 \n  AXE  LGV V2 \n  PK  261.907 \n  LONGITUDE  0°12'14.2936W \n  LATITUDE  45°11'40.7771N \n  LOT  14 \n  SEI  67 \n  LIBELLE  RRG 2619-2 \n  LONG_DD  -0.20397 \n  LAT_DD  45.19466","timestamp":null,"begin":null,"end":null,"altitudeMo":null,"tessellate":"-1","extrude":"0","visibility":"-1","drawOrder":null,"icon":null,"ETIQ":"AR V2 Km 261,907","NOM_ACCES":"PTLA-L14-024","AXE":"LGV V2","PK":"261.907","LONGITUDE":"0°12'14.2936W","LATITUDE":"45°11'40.7771N","LOT":"14","SEI":"67","LIBELLE":"RRG 2619-2","LONG_DD":"-0.20397","LAT_DD":"45.19466","gx_media_l":null,"_sp_url":null},"geometry":{"type":"Point","coordinates":[-0.20396999999999885,45.19465999999998,0.0]}},{"id":"1025","type":"Feature","properties":{"Name":"AR V1 Km 262,338","descriptio":"Attributes\n  ETIQ  AR V1 Km 262,338 \n  NOM_ACCES  PTLA-L14-029 \n  AXE  LGV V1 \n  PK  262.338 \n  LONGITUDE  0°12'29.1579W \n  LATITUDE  45°11'33.6915N \n  LOT  14 \n  SEI  67 \n  LIBELLE  ARP 2623-1 \n  LONG_DD  -0.208099 \n  LAT_DD  45.192692","timestamp":null,"begin":null,"end":null,"altitudeMo":null,"tessellate":"-1","extrude":"0","visibility":"-1","drawOrder":null,"icon":null,"ETIQ":"AR V1 Km 262,338","NOM_ACCES":"PTLA-L14-029","AXE":"LGV V1","PK":"262.338","LONGITUDE":"0°12'29.1579W","LATITUDE":"45°11'33.6915N","LOT":"14","SEI":"67","LIBELLE":"ARP 2623-1","LONG_DD":"-0.208099","LAT_DD":"45.192692","gx_media_l":null,"_sp_url":null},"geometry":{"type":"Point","coordinates":[-0.20809899999999995,45.192692,0.0]}},{"id":"1026","type":"Feature","properties":{"Name":"AR V2 Km 262,338","descriptio":"Attributes\n  ETIQ  AR V2 Km 262,338 \n  NOM_ACCES  PTLA-L14-026 \n  AXE  LGV V2 \n  PK  262.338 \n  LONGITUDE  0°12'31.5977W \n  LATITUDE  45°11'34.8424N \n  LOT  14 \n  SEI  67 \n  LIBELLE  ARP 2623-2 \n  LONG_DD  -0.208777 \n  LAT_DD  45.193012","timestamp":null,"begin":null,"end":null,"altitudeMo":null,"tessellate":"-1","extrude":"0","visibility":"-1","drawOrder":null,"icon":null,"ETIQ":"AR V2 Km 262,338","NOM_ACCES":"PTLA-L14-026","AXE":"LGV V2","PK":"262.338","LONGITUDE":"0°12'31.5977W","LATITUDE":"45°11'34.8424N","LOT":"14","SEI":"67","LIBELLE":"ARP 2623-2","LONG_DD":"-0.208777","LAT_DD":"45.193012","gx_media_l":null,"_sp_url":null},"geometry":{"type":"Point","coordinates":[-0.20877699999999955,45.193011999999996,0.0]}},{"id":"1027","type":"Feature","properties":{"Name":"AP V2 Km 262,495","descriptio":"Attributes\n  ETIQ  AP V2 Km 262,495 \n  NOM_ACCES  PTLO-L14-020a \n  AXE  LGV V2 \n  PK  262.495 \n  LONGITUDE  0°12'38.5797W \n  LATITUDE  45°11'32.5686N \n  LOT  14 \n  SEI  67 \n  LIBELLE  APP 2624-2 \n  LONG_DD  -0.210717 \n  LAT_DD  45.19238","timestamp":null,"begin":null,"end":null,"altitudeMo":null,"tessellate":"-1","extrude":"0","visibility":"-1","drawOrder":null,"icon":null,"ETIQ":"AP V2 Km 262,495","NOM_ACCES":"PTLO-L14-020a","AXE":"LGV V2","PK":"262.495","LONGITUDE":"0°12'38.5797W","LATITUDE":"45°11'32.5686N","LOT":"14","SEI":"67","LIBELLE":"APP 2624-2","LONG_DD":"-0.210717","LAT_DD":"45.19238","gx_media_l":null,"_sp_url":null},"geometry":{"type":"Point","coordinates":[-0.21071699999999963,45.19238,0.0]}},{"id":"1028","type":"Feature","properties":{"Name":"AP V1 Km 262,680","descriptio":"Attributes\n  ETIQ  AP V1 Km 262,680 \n  NOM_ACCES  PTLO-L14-025 \n  AXE  LGV V1 \n  PK  262.68 \n  LONGITUDE  0°12'46.4007W \n  LATITUDE  45°11'28.7375N \n  LOT  14 \n  SEI  67 \n  LIBELLE  APP 2625-1 \n  LONG_DD  -0.212889 \n  LAT_DD  45.191316","timestamp":null,"begin":null,"end":null,"altitudeMo":null,"tessellate":"-1","extrude":"0","visibility":"-1","drawOrder":null,"icon":null,"ETIQ":"AP V1 Km 262,680","NOM_ACCES":"PTLO-L14-025","AXE":"LGV V1","PK":"262.68","LONGITUDE":"0°12'46.4007W","LATITUDE":"45°11'28.7375N","LOT":"14","SEI":"67","LIBELLE":"APP 2625-1","LONG_DD":"-0.212889","LAT_DD":"45.191316","gx_media_l":null,"_sp_url":null},"geometry":{"type":"Point","coordinates":[-0.2128889999999986,45.191315999999986,0.0]}},{"id":"1029","type":"Feature","properties":{"Name":"AP V1 Km 262,915","descriptio":"Attributes\n  ETIQ  AP V1 Km 262,915 \n  NOM_ACCES  PTLO-L14-027 \n  AXE  LGV V1 \n  PK  262.915 \n  LONGITUDE  0°12'56.2631W \n  LATITUDE  45°11'25.2879N \n  LOT  14 \n  SEI  67 \n  LIBELLE  APP 2629-1 \n  LONG_DD  -0.215629 \n  LAT_DD  45.190358","timestamp":null,"begin":null,"end":null,"altitudeMo":null,"tessellate":"-1","extrude":"0","visibility":"-1","drawOrder":null,"icon":null,"ETIQ":"AP V1 Km 262,915","NOM_ACCES":"PTLO-L14-027","AXE":"LGV V1","PK":"262.915","LONGITUDE":"0°12'56.2631W","LATITUDE":"45°11'25.2879N","LOT":"14","SEI":"67","LIBELLE":"APP 2629-1","LONG_DD":"-0.215629","LAT_DD":"45.190358","gx_media_l":null,"_sp_url":null},"geometry":{"type":"Point","coordinates":[-0.2156290000000004,45.19035799999999,0.0]}},{"id":"1030","type":"Feature","properties":{"Name":"AP V2 Km 262,970","descriptio":"Attributes\n  ETIQ  AP V2 Km 262,970 \n  NOM_ACCES  PTLO-L14-022 \n  AXE  LGV V2 \n  PK  262.97 \n  LONGITUDE  0°12'59.5847W \n  LATITUDE  45°11'26.2097N \n  LOT  14 \n  SEI  67 \n  LIBELLE  APP 2629-2 \n  LONG_DD  -0.216551 \n  LAT_DD  45.190614","timestamp":null,"begin":null,"end":null,"altitudeMo":null,"tessellate":"-1","extrude":"0","visibility":"-1","drawOrder":null,"icon":null,"ETIQ":"AP V2 Km 262,970","NOM_ACCES":"PTLO-L14-022","AXE":"LGV V2","PK":"262.97","LONGITUDE":"0°12'59.5847W","LATITUDE":"45°11'26.2097N","LOT":"14","SEI":"67","LIBELLE":"APP 2629-2","LONG_DD":"-0.216551","LAT_DD":"45.190614","gx_media_l":null,"_sp_url":null},"geometry":{"type":"Point","coordinates":[-0.2165509999999999,45.19061399999999,0.0]}},{"id":"1031","type":"Feature","properties":{"Name":"AP V2 Km 263,200","descriptio":"Attributes\n  ETIQ  AP V2 Km 263,200 \n  NOM_ACCES  PTLO-L14-024 \n  AXE  LGV V2 \n  PK  263.2 \n  LONGITUDE  0°13'9.2296W \n  LATITUDE  45°11'23.1321N \n  LOT  14 \n  SEI  67 \n  LIBELLE  APP 2632-2 \n  LONG_DD  -0.21923 \n  LAT_DD  45.189759","timestamp":null,"begin":null,"end":null,"altitudeMo":null,"tessellate":"-1","extrude":"0","visibility":"-1","drawOrder":null,"icon":null,"ETIQ":"AP V2 Km 263,200","NOM_ACCES":"PTLO-L14-024","AXE":"LGV V2","PK":"263.2","LONGITUDE":"0°13'9.2296W","LATITUDE":"45°11'23.1321N","LOT":"14","SEI":"67","LIBELLE":"APP 2632-2","LONG_DD":"-0.21923","LAT_DD":"45.189759","gx_media_l":null,"_sp_url":null},"geometry":{"type":"Point","coordinates":[-0.21923000000000023,45.18975900000001,0.0]}},{"id":"1032","type":"Feature","properties":{"Name":"AP V2 Km 263,880","descriptio":"Attributes\n  ETIQ  AP V2 Km 263,880 \n  NOM_ACCES  PTLO-L14-026 \n  AXE  LGV V2 \n  PK  263.88 \n  LONGITUDE  0°13'37.1268W \n  LATITUDE  45°11'14.2712N \n  LOT  14 \n  SEI  67 \n  LIBELLE  APP 2638-2 \n  LONG_DD  -0.22698 \n  LAT_DD  45.187298","timestamp":null,"begin":null,"end":null,"altitudeMo":null,"tessellate":"-1","extrude":"0","visibility":"-1","drawOrder":null,"icon":null,"ETIQ":"AP V2 Km 263,880","NOM_ACCES":"PTLO-L14-026","AXE":"LGV V2","PK":"263.88","LONGITUDE":"0°13'37.1268W","LATITUDE":"45°11'14.2712N","LOT":"14","SEI":"67","LIBELLE":"APP 2638-2","LONG_DD":"-0.22698","LAT_DD":"45.187298","gx_media_l":null,"_sp_url":null},"geometry":{"type":"Point","coordinates":[-0.2269799999999999,45.18729800000001,0.0]}},{"id":"1033","type":"Feature","properties":{"Name":"AP V1 Km 263,880","descriptio":"Attributes\n  ETIQ  AP V1 Km 263,880 \n  NOM_ACCES  PTLO-L14-029 \n  AXE  LGV V1 \n  PK  263.88 \n  LONGITUDE  0°13'36.7446W \n  LATITUDE  45°11'12.3998N \n  LOT  14 \n  SEI  67 \n  LIBELLE  APP 2638-1 \n  LONG_DD  -0.226874 \n  LAT_DD  45.186778","timestamp":null,"begin":null,"end":null,"altitudeMo":null,"tessellate":"-1","extrude":"0","visibility":"-1","drawOrder":null,"icon":null,"ETIQ":"AP V1 Km 263,880","NOM_ACCES":"PTLO-L14-029","AXE":"LGV V1","PK":"263.88","LONGITUDE":"0°13'36.7446W","LATITUDE":"45°11'12.3998N","LOT":"14","SEI":"67","LIBELLE":"APP 2638-1","LONG_DD":"-0.226874","LAT_DD":"45.186778","gx_media_l":null,"_sp_url":null},"geometry":{"type":"Point","coordinates":[-0.22687399999999863,45.18677800000001,0.0]}},{"id":"1034","type":"Feature","properties":{"Name":"AR V1 Km 264,125","descriptio":"Attributes\n  ETIQ  AR V1 Km 264,125 \n  NOM_ACCES  PTLO-L14-031 \n  AXE  LGV V1 \n  PK  264.125 \n  LONGITUDE  0°13'38.1034W \n  LATITUDE  45°11'11.8631N \n  LOT  14 \n  SEI  67 \n  LIBELLE  RRL 2641-1 \n  LONG_DD  -0.227251 \n  LAT_DD  45.186629","timestamp":null,"begin":null,"end":null,"altitudeMo":null,"tessellate":"-1","extrude":"0","visibility":"-1","drawOrder":null,"icon":null,"ETIQ":"AR V1 Km 264,125","NOM_ACCES":"PTLO-L14-031","AXE":"LGV V1","PK":"264.125","LONGITUDE":"0°13'38.1034W","LATITUDE":"45°11'11.8631N","LOT":"14","SEI":"67","LIBELLE":"RRL 2641-1","LONG_DD":"-0.227251","LAT_DD":"45.186629","gx_media_l":null,"_sp_url":null},"geometry":{"type":"Point","coordinates":[-0.2272509999999996,45.18662900000001,0.0]}},{"id":"1035","type":"Feature","properties":{"Name":"AR V2 Km 264,274","descriptio":"Attributes\n  ETIQ  AR V2 Km 264,274 \n  NOM_ACCES  PTLO-L14-031 \n  AXE  LGV V2 \n  PK  264.274 \n  LONGITUDE  0°13'38.1034W \n  LATITUDE  45°11'11.8631N \n  LOT  14 \n  SEI  67 \n  LIBELLE  ARP 2641-2 \n  LONG_DD  -0.227251 \n  LAT_DD  45.186629","timestamp":null,"begin":null,"end":null,"altitudeMo":null,"tessellate":"-1","extrude":"0","visibility":"-1","drawOrder":null,"icon":null,"ETIQ":"AR V2 Km 264,274","NOM_ACCES":"PTLO-L14-031","AXE":"LGV V2","PK":"264.274","LONGITUDE":"0°13'38.1034W","LATITUDE":"45°11'11.8631N","LOT":"14","SEI":"67","LIBELLE":"ARP 2641-2","LONG_DD":"-0.227251","LAT_DD":"45.186629","gx_media_l":null,"_sp_url":null},"geometry":{"type":"Point","coordinates":[-0.2272509999999996,45.18662900000001,0.0]}},{"id":"1036","type":"Feature","properties":{"Name":"AR V1 Km 264,290","descriptio":"Attributes\n  ETIQ  AR V1 Km 264,290 \n  NOM_ACCES  PTLO-L14-031 \n  AXE  LGV V1 \n  PK  264.29 \n  LONGITUDE  0°13'38.1034W \n  LATITUDE  45°11'11.8631N \n  LOT  14 \n  SEI  67 \n  LIBELLE  ARP 2643-1 \n  LONG_DD  -0.227251 \n  LAT_DD  45.186629","timestamp":null,"begin":null,"end":null,"altitudeMo":null,"tessellate":"-1","extrude":"0","visibility":"-1","drawOrder":null,"icon":null,"ETIQ":"AR V1 Km 264,290","NOM_ACCES":"PTLO-L14-031","AXE":"LGV V1","PK":"264.29","LONGITUDE":"0°13'38.1034W","LATITUDE":"45°11'11.8631N","LOT":"14","SEI":"67","LIBELLE":"ARP 2643-1","LONG_DD":"-0.227251","LAT_DD":"45.186629","gx_media_l":null,"_sp_url":null},"geometry":{"type":"Point","coordinates":[-0.2272509999999996,45.18662900000001,0.0]}},{"id":"1037","type":"Feature","properties":{"Name":"AR V2 Km 264,311","descriptio":"Attributes\n  ETIQ  AR V2 Km 264,311 \n  NOM_ACCES  PTLA-L14-028 \n  AXE  LGV V2 \n  PK  264.311 \n  LONGITUDE  0°13'44.4837W \n  LATITUDE  45°11'11.8914N \n  LOT  14 \n  SEI  67 \n  LIBELLE  RRL 2643-2 \n  LONG_DD  -0.229023 \n  LAT_DD  45.186637","timestamp":null,"begin":null,"end":null,"altitudeMo":null,"tessellate":"-1","extrude":"0","visibility":"-1","drawOrder":null,"icon":null,"ETIQ":"AR V2 Km 264,311","NOM_ACCES":"PTLA-L14-028","AXE":"LGV V2","PK":"264.311","LONGITUDE":"0°13'44.4837W","LATITUDE":"45°11'11.8914N","LOT":"14","SEI":"67","LIBELLE":"RRL 2643-2","LONG_DD":"-0.229023","LAT_DD":"45.186637","gx_media_l":null,"_sp_url":null},"geometry":{"type":"Point","coordinates":[-0.22902300000000012,45.186637,0.0]}},{"id":"1038","type":"Feature","properties":{"Name":"AR V1 Km 264,795","descriptio":"Attributes\n  ETIQ  AR V1 Km 264,795 \n  NOM_ACCES  PTLO-L14-031 \n  AXE  LGV V1 \n  PK  264.795 \n  LONGITUDE  0°14'15.4404W \n  LATITUDE  45°11'0.4006N \n  LOT  14 \n  SEI  67 \n  LIBELLE  ARP 2648-1 \n  LONG_DD  -0.237622 \n  LAT_DD  45.183445","timestamp":null,"begin":null,"end":null,"altitudeMo":null,"tessellate":"-1","extrude":"0","visibility":"-1","drawOrder":null,"icon":null,"ETIQ":"AR V1 Km 264,795","NOM_ACCES":"PTLO-L14-031","AXE":"LGV V1","PK":"264.795","LONGITUDE":"0°14'15.4404W","LATITUDE":"45°11'0.4006N","LOT":"14","SEI":"67","LIBELLE":"ARP 2648-1","LONG_DD":"-0.237622","LAT_DD":"45.183445","gx_media_l":null,"_sp_url":null},"geometry":{"type":"Point","coordinates":[-0.23762199999999928,45.183445,0.0]}},{"id":"1039","type":"Feature","properties":{"Name":"AR V1 Km 264,924","descriptio":"Attributes\n  ETIQ  AR V1 Km 264,924 \n  NOM_ACCES  PTLA-L14-035 \n  AXE  LGV V1 \n  PK  264.924 \n  LONGITUDE  0°14'18.2494W \n  LATITUDE  45°10'58.8322N \n  LOT  14 \n  SEI  67 \n  LIBELLE  ARP 2649-1 \n  LONG_DD  -0.238403 \n  LAT_DD  45.183009","timestamp":null,"begin":null,"end":null,"altitudeMo":null,"tessellate":"-1","extrude":"0","visibility":"-1","drawOrder":null,"icon":null,"ETIQ":"AR V1 Km 264,924","NOM_ACCES":"PTLA-L14-035","AXE":"LGV V1","PK":"264.924","LONGITUDE":"0°14'18.2494W","LATITUDE":"45°10'58.8322N","LOT":"14","SEI":"67","LIBELLE":"ARP 2649-1","LONG_DD":"-0.238403","LAT_DD":"45.183009","gx_media_l":null,"_sp_url":null},"geometry":{"type":"Point","coordinates":[-0.23840299999999903,45.18300899999996,0.0]}},{"id":"1040","type":"Feature","properties":{"Name":"AP V2 Km 264,980","descriptio":"Attributes\n  ETIQ  AP V2 Km 264,980 \n  NOM_ACCES  PTLO-L14-034 \n  AXE  LGV V2 \n  PK  264.98 \n  LONGITUDE  0°14'25.3493W \n  LATITUDE  45°10'58.3071N \n  LOT  14 \n  SEI  67 \n  LIBELLE  APP 2650-2 \n  LONG_DD  -0.240375 \n  LAT_DD  45.182863","timestamp":null,"begin":null,"end":null,"altitudeMo":null,"tessellate":"-1","extrude":"0","visibility":"-1","drawOrder":null,"icon":null,"ETIQ":"AP V2 Km 264,980","NOM_ACCES":"PTLO-L14-034","AXE":"LGV V2","PK":"264.98","LONGITUDE":"0°14'25.3493W","LATITUDE":"45°10'58.3071N","LOT":"14","SEI":"67","LIBELLE":"APP 2650-2","LONG_DD":"-0.240375","LAT_DD":"45.182863","gx_media_l":null,"_sp_url":null},"geometry":{"type":"Point","coordinates":[-0.2403749999999996,45.182863000000005,0.0]}},{"id":"1041","type":"Feature","properties":{"Name":"AP V1 Km 265,470","descriptio":"Attributes\n  ETIQ  AP V1 Km 265,470 \n  NOM_ACCES  PTLO-L14-033 \n  AXE  LGV V1 \n  PK  265.47 \n  LONGITUDE  0°14'42.9327W \n  LATITUDE  45°10'51.0662N \n  LOT  14 \n  SEI  67 \n  LIBELLE  APP 2654-1 \n  LONG_DD  -0.245259 \n  LAT_DD  45.180852","timestamp":null,"begin":null,"end":null,"altitudeMo":null,"tessellate":"-1","extrude":"0","visibility":"-1","drawOrder":null,"icon":null,"ETIQ":"AP V1 Km 265,470","NOM_ACCES":"PTLO-L14-033","AXE":"LGV V1","PK":"265.47","LONGITUDE":"0°14'42.9327W","LATITUDE":"45°10'51.0662N","LOT":"14","SEI":"67","LIBELLE":"APP 2654-1","LONG_DD":"-0.245259","LAT_DD":"45.180852","gx_media_l":null,"_sp_url":null},"geometry":{"type":"Point","coordinates":[-0.2452589999999998,45.180851999999994,0.0]}},{"id":"1042","type":"Feature","properties":{"Name":"AP V2 Km 265,550","descriptio":"Attributes\n  ETIQ  AP V2 Km 265,550 \n  NOM_ACCES  PTLO-L14-036 \n  AXE  LGV BMC \n  PK  265.55 \n  LONGITUDE  0°14'48.0707W \n  LATITUDE  45°10'53.2617N \n  LOT  14 \n  SEI  67 \n  LIBELLE  APP 2655-2 \n  LONG_DD  -0.246686 \n  LAT_DD  45.181462","timestamp":null,"begin":null,"end":null,"altitudeMo":null,"tessellate":"-1","extrude":"0","visibility":"-1","drawOrder":null,"icon":null,"ETIQ":"AP V2 Km 265,550","NOM_ACCES":"PTLO-L14-036","AXE":"LGV BMC","PK":"265.55","LONGITUDE":"0°14'48.0707W","LATITUDE":"45°10'53.2617N","LOT":"14","SEI":"67","LIBELLE":"APP 2655-2","LONG_DD":"-0.246686","LAT_DD":"45.181462","gx_media_l":null,"_sp_url":null},"geometry":{"type":"Point","coordinates":[-0.24668599999999988,45.18146200000001,0.0]}},{"id":"1043","type":"Feature","properties":{"Name":"AP V1 Km 265,620","descriptio":"Attributes\n  ETIQ  AP V1 Km 265,620 \n  NOM_ACCES  PTLO-L14-033a \n  AXE  LGV V1 \n  PK  265.62 \n  LONGITUDE  0°14'49.2365W \n  LATITUDE  45°10'49.1446N \n  LOT  14 \n  SEI  67 \n  LIBELLE  APP 2656-1 \n  LONG_DD  -0.24701 \n  LAT_DD  45.180318","timestamp":null,"begin":null,"end":null,"altitudeMo":null,"tessellate":"-1","extrude":"0","visibility":"-1","drawOrder":null,"icon":null,"ETIQ":"AP V1 Km 265,620","NOM_ACCES":"PTLO-L14-033a","AXE":"LGV V1","PK":"265.62","LONGITUDE":"0°14'49.2365W","LATITUDE":"45°10'49.1446N","LOT":"14","SEI":"67","LIBELLE":"APP 2656-1","LONG_DD":"-0.24701","LAT_DD":"45.180318","gx_media_l":null,"_sp_url":null},"geometry":{"type":"Point","coordinates":[-0.2470100000000004,45.180317999999986,0.0]}},{"id":"1044","type":"Feature","properties":{"Name":"AP V2 Km 265,830","descriptio":"Attributes\n  ETIQ  AP V2 Km 265,830 \n  NOM_ACCES  PTLO-L14-032 \n  AXE  LGV V2 \n  PK  265.83 \n  LONGITUDE  0°15'3.5401W \n  LATITUDE  45°10'45.4062N \n  LOT  14 \n  SEI  67 \n  LIBELLE  APP 2659-2 \n  LONG_DD  -0.250983 \n  LAT_DD  45.17928","timestamp":null,"begin":null,"end":null,"altitudeMo":null,"tessellate":"-1","extrude":"0","visibility":"-1","drawOrder":null,"icon":null,"ETIQ":"AP V2 Km 265,830","NOM_ACCES":"PTLO-L14-032","AXE":"LGV V2","PK":"265.83","LONGITUDE":"0°15'3.5401W","LATITUDE":"45°10'45.4062N","LOT":"14","SEI":"67","LIBELLE":"APP 2659-2","LONG_DD":"-0.250983","LAT_DD":"45.17928","gx_media_l":null,"_sp_url":null},"geometry":{"type":"Point","coordinates":[-0.2509829999999997,45.179280000000006,0.0]}},{"id":"1045","type":"Feature","properties":{"Name":"V1 Km 266,000","descriptio":"Attributes\n  ETIQ  V1 Km 266,000 \n  NOM_ACCES  PTLA-L14-037 \n  AXE  LGV V1 \n  PK  266 \n  LONGITUDE  0°15'7.8259W \n  LATITUDE  45°10'40.336N \n  LOT  14 \n  SEI  67 \n  LIBELLE  SST 400kV CLERAC \n  LONG_DD  -0.252174 \n  LAT_DD  45.177871","timestamp":null,"begin":null,"end":null,"altitudeMo":null,"tessellate":"-1","extrude":"0","visibility":"-1","drawOrder":null,"icon":null,"ETIQ":"V1 Km 266,000","NOM_ACCES":"PTLA-L14-037","AXE":"LGV V1","PK":"266","LONGITUDE":"0°15'7.8259W","LATITUDE":"45°10'40.336N","LOT":"14","SEI":"67","LIBELLE":"SST 400kV CLERAC","LONG_DD":"-0.252174","LAT_DD":"45.177871","gx_media_l":null,"_sp_url":null},"geometry":{"type":"Point","coordinates":[-0.2521740000000001,45.17787100000001,0.0]}},{"id":"1046","type":"Feature","properties":{"Name":"AR V1 Km 266,488","descriptio":"Attributes\n  ETIQ  AR V1 Km 266,488 \n  NOM_ACCES  PTLA-L14-039 \n  AXE  LGV V1 \n  PK  266.488 \n  LONGITUDE  0°15'23.1756W \n  LATITUDE  45°10'35.6246N \n  LOT  14 \n  SEI  67 \n  LIBELLE  ARP 2665-1 \n  LONG_DD  -0.256438 \n  LAT_DD  45.176562","timestamp":null,"begin":null,"end":null,"altitudeMo":null,"tessellate":"-1","extrude":"0","visibility":"-1","drawOrder":null,"icon":null,"ETIQ":"AR V1 Km 266,488","NOM_ACCES":"PTLA-L14-039","AXE":"LGV V1","PK":"266.488","LONGITUDE":"0°15'23.1756W","LATITUDE":"45°10'35.6246N","LOT":"14","SEI":"67","LIBELLE":"ARP 2665-1","LONG_DD":"-0.256438","LAT_DD":"45.176562","gx_media_l":null,"_sp_url":null},"geometry":{"type":"Point","coordinates":[-0.25643800000000105,45.17656199999999,0.0]}},{"id":"1047","type":"Feature","properties":{"Name":"AP V2 Km 266,540","descriptio":"Attributes\n  ETIQ  AP V2 Km 266,540 \n  NOM_ACCES  PTLO-L14-038 \n  AXE  LGV V2 \n  PK  266.54 \n  LONGITUDE  0°15'26.5693W \n  LATITUDE  45°10'35.5611N \n  LOT  14 \n  SEI  67 \n  LIBELLE  APP 2665-2 \n  LONG_DD  -0.25738 \n  LAT_DD  45.176545","timestamp":null,"begin":null,"end":null,"altitudeMo":null,"tessellate":"-1","extrude":"0","visibility":"-1","drawOrder":null,"icon":null,"ETIQ":"AP V2 Km 266,540","NOM_ACCES":"PTLO-L14-038","AXE":"LGV V2","PK":"266.54","LONGITUDE":"0°15'26.5693W","LATITUDE":"45°10'35.5611N","LOT":"14","SEI":"67","LIBELLE":"APP 2665-2","LONG_DD":"-0.25738","LAT_DD":"45.176545","gx_media_l":null,"_sp_url":null},"geometry":{"type":"Point","coordinates":[-0.2573799999999997,45.176545,0.0]}},{"id":"1048","type":"Feature","properties":{"Name":"AP V1 Km 266,940","descriptio":"Attributes\n  ETIQ  AP V1 Km 266,940 \n  NOM_ACCES  PTLA-L14-041 \n  AXE  LGV V1 \n  PK  266.94 \n  LONGITUDE  0°15'40.4586W \n  LATITUDE  45°10'26.8397N \n  LOT  14 \n  SEI  67 \n  LIBELLE  APP 2669-1 \n  LONG_DD  -0.261239 \n  LAT_DD  45.174122","timestamp":null,"begin":null,"end":null,"altitudeMo":null,"tessellate":"-1","extrude":"0","visibility":"-1","drawOrder":null,"icon":null,"ETIQ":"AP V1 Km 266,940","NOM_ACCES":"PTLA-L14-041","AXE":"LGV V1","PK":"266.94","LONGITUDE":"0°15'40.4586W","LATITUDE":"45°10'26.8397N","LOT":"14","SEI":"67","LIBELLE":"APP 2669-1","LONG_DD":"-0.261239","LAT_DD":"45.174122","gx_media_l":null,"_sp_url":null},"geometry":{"type":"Point","coordinates":[-0.2612389999999999,45.17412200000002,0.0]}},{"id":"1049","type":"Feature","properties":{"Name":"AR V2 Km 267,005","descriptio":"Attributes\n  ETIQ  AR V2 Km 267,005 \n  NOM_ACCES  PTLA-L14-034 \n  AXE  LGV V2 \n  PK  267.005 \n  LONGITUDE  0°15'43.5218W \n  LATITUDE  45°10'28.1324N \n  LOT  14 \n  SEI  67 \n  LIBELLE  ARP 2670-2 \n  LONG_DD  -0.262089 \n  LAT_DD  45.174481","timestamp":null,"begin":null,"end":null,"altitudeMo":null,"tessellate":"-1","extrude":"0","visibility":"-1","drawOrder":null,"icon":null,"ETIQ":"AR V2 Km 267,005","NOM_ACCES":"PTLA-L14-034","AXE":"LGV V2","PK":"267.005","LONGITUDE":"0°15'43.5218W","LATITUDE":"45°10'28.1324N","LOT":"14","SEI":"67","LIBELLE":"ARP 2670-2","LONG_DD":"-0.262089","LAT_DD":"45.174481","gx_media_l":null,"_sp_url":null},"geometry":{"type":"Point","coordinates":[-0.26208899999999935,45.17448099999999,0.0]}},{"id":"1050","type":"Feature","properties":{"Name":"AP V1 Km 267,640","descriptio":"Attributes\n  ETIQ  AP V1 Km 267,640 \n  NOM_ACCES  PTLO-L14-035 \n  AXE  LGV V1 \n  PK  267.64 \n  LONGITUDE  0°16'5.157W \n  LATITUDE  45°10'12.4081N \n  LOT  14 \n  SEI  67 \n  LIBELLE  APP 2676-1 \n  LONG_DD  -0.268099 \n  LAT_DD  45.170113","timestamp":null,"begin":null,"end":null,"altitudeMo":null,"tessellate":"-1","extrude":"0","visibility":"-1","drawOrder":null,"icon":null,"ETIQ":"AP V1 Km 267,640","NOM_ACCES":"PTLO-L14-035","AXE":"LGV V1","PK":"267.64","LONGITUDE":"0°16'5.157W","LATITUDE":"45°10'12.4081N","LOT":"14","SEI":"67","LIBELLE":"APP 2676-1","LONG_DD":"-0.268099","LAT_DD":"45.170113","gx_media_l":null,"_sp_url":null},"geometry":{"type":"Point","coordinates":[-0.2680989999999998,45.17011299999999,0.0]}},{"id":"1051","type":"Feature","properties":{"Name":"AP V2 Km 267,805","descriptio":"Attributes\n  ETIQ  AP V2 Km 267,805 \n  NOM_ACCES  PTLO-L14-040 \n  AXE  LGV V2 \n  PK  267.805 \n  LONGITUDE  0°16'7.6778W \n  LATITUDE  45°10'11.859N \n  LOT  14 \n  SEI  67 \n  LIBELLE  APP 2678-2 \n  LONG_DD  -0.268799 \n  LAT_DD  45.169961","timestamp":null,"begin":null,"end":null,"altitudeMo":null,"tessellate":"-1","extrude":"0","visibility":"-1","drawOrder":null,"icon":null,"ETIQ":"AP V2 Km 267,805","NOM_ACCES":"PTLO-L14-040","AXE":"LGV V2","PK":"267.805","LONGITUDE":"0°16'7.6778W","LATITUDE":"45°10'11.859N","LOT":"14","SEI":"67","LIBELLE":"APP 2678-2","LONG_DD":"-0.268799","LAT_DD":"45.169961","gx_media_l":null,"_sp_url":null},"geometry":{"type":"Point","coordinates":[-0.26879899999999973,45.16996100000001,0.0]}},{"id":"1052","type":"Feature","properties":{"Name":"AP V2 Km 268,370","descriptio":"Attributes\n  ETIQ  AP V2 Km 268,370 \n  NOM_ACCES  PTLA-L14-036 \n  AXE  LGV V2 \n  PK  268.37 \n  LONGITUDE  0°16'34.1034W \n  LATITUDE  45°9'51.4247N \n  LOT  14 \n  SEI  67 \n  LIBELLE  APP 2683-2 \n  LONG_DD  -0.27614 \n  LAT_DD  45.164285","timestamp":null,"begin":null,"end":null,"altitudeMo":null,"tessellate":"-1","extrude":"0","visibility":"-1","drawOrder":null,"icon":null,"ETIQ":"AP V2 Km 268,370","NOM_ACCES":"PTLA-L14-036","AXE":"LGV V2","PK":"268.37","LONGITUDE":"0°16'34.1034W","LATITUDE":"45°9'51.4247N","LOT":"14","SEI":"67","LIBELLE":"APP 2683-2","LONG_DD":"-0.27614","LAT_DD":"45.164285","gx_media_l":null,"_sp_url":null},"geometry":{"type":"Point","coordinates":[-0.2761399999999991,45.16428500000001,0.0]}},{"id":"1053","type":"Feature","properties":{"Name":"AP V1 Km 268,695","descriptio":"Attributes\n  ETIQ  AP V1 Km 268,695 \n  NOM_ACCES  PTLO-L14-037 \n  AXE  LGV V1 \n  PK  268.695 \n  LONGITUDE  0°16'36.7862W \n  LATITUDE  45°9'46.265N \n  LOT  14 \n  SEI  67 \n  LIBELLE  APP 2686-1 \n  LONG_DD  -0.276885 \n  LAT_DD  45.162851","timestamp":null,"begin":null,"end":null,"altitudeMo":null,"tessellate":"-1","extrude":"0","visibility":"-1","drawOrder":null,"icon":null,"ETIQ":"AP V1 Km 268,695","NOM_ACCES":"PTLO-L14-037","AXE":"LGV V1","PK":"268.695","LONGITUDE":"0°16'36.7862W","LATITUDE":"45°9'46.265N","LOT":"14","SEI":"67","LIBELLE":"APP 2686-1","LONG_DD":"-0.276885","LAT_DD":"45.162851","gx_media_l":null,"_sp_url":null},"geometry":{"type":"Point","coordinates":[-0.27688500000000005,45.162851000000025,0.0]}},{"id":"1054","type":"Feature","properties":{"Name":"AR V2 Km 269,225","descriptio":"Attributes\n  ETIQ  AR V2 Km 269,225 \n  NOM_ACCES  PTLA-L14-038 \n  AXE  LGV V2 \n  PK  269.225 \n  LONGITUDE  0°16'54.8369W \n  LATITUDE  45°9'30.4926N \n  LOT  14 \n  SEI  67 \n  LIBELLE  RRG 2692-2 \n  LONG_DD  -0.281899 \n  LAT_DD  45.15847","timestamp":null,"begin":null,"end":null,"altitudeMo":null,"tessellate":"-1","extrude":"0","visibility":"-1","drawOrder":null,"icon":null,"ETIQ":"AR V2 Km 269,225","NOM_ACCES":"PTLA-L14-038","AXE":"LGV V2","PK":"269.225","LONGITUDE":"0°16'54.8369W","LATITUDE":"45°9'30.4926N","LOT":"14","SEI":"67","LIBELLE":"RRG 2692-2","LONG_DD":"-0.281899","LAT_DD":"45.15847","gx_media_l":null,"_sp_url":null},"geometry":{"type":"Point","coordinates":[-0.2818990000000006,45.15847000000002,0.0]}},{"id":"1055","type":"Feature","properties":{"Name":"AR V1 Km 269,225","descriptio":"Attributes\n  ETIQ  AR V1 Km 269,225 \n  NOM_ACCES  PTLA-L14-043 \n  AXE  LGV V1 \n  PK  269.225 \n  LONGITUDE  0°16'51.1126W \n  LATITUDE  45°9'31.7722N \n  LOT  14 \n  SEI  67 \n  LIBELLE  RRG 2692-1 \n  LONG_DD  -0.280865 \n  LAT_DD  45.158826","timestamp":null,"begin":null,"end":null,"altitudeMo":null,"tessellate":"-1","extrude":"0","visibility":"-1","drawOrder":null,"icon":null,"ETIQ":"AR V1 Km 269,225","NOM_ACCES":"PTLA-L14-043","AXE":"LGV V1","PK":"269.225","LONGITUDE":"0°16'51.1126W","LATITUDE":"45°9'31.7722N","LOT":"14","SEI":"67","LIBELLE":"RRG 2692-1","LONG_DD":"-0.280865","LAT_DD":"45.158826","gx_media_l":null,"_sp_url":null},"geometry":{"type":"Point","coordinates":[-0.280865,45.158826,0.0]}},{"id":"1056","type":"Feature","properties":{"Name":"AR V1 Km 269,288","descriptio":"Attributes\n  ETIQ  AR V1 Km 269,288 \n  NOM_ACCES  PTLO-L14-039 \n  AXE  LGV V1 \n  PK  269.288 \n  LONGITUDE  0°16'52.5157W \n  LATITUDE  45°9'31.0294N \n  LOT  14 \n  SEI  67 \n  LIBELLE  ARP 2693-1 \n  LONG_DD  -0.281254 \n  LAT_DD  45.158619","timestamp":null,"begin":null,"end":null,"altitudeMo":null,"tessellate":"-1","extrude":"0","visibility":"-1","drawOrder":null,"icon":null,"ETIQ":"AR V1 Km 269,288","NOM_ACCES":"PTLO-L14-039","AXE":"LGV V1","PK":"269.288","LONGITUDE":"0°16'52.5157W","LATITUDE":"45°9'31.0294N","LOT":"14","SEI":"67","LIBELLE":"ARP 2693-1","LONG_DD":"-0.281254","LAT_DD":"45.158619","gx_media_l":null,"_sp_url":null},"geometry":{"type":"Point","coordinates":[-0.2812539999999999,45.158619,0.0]}},{"id":"1057","type":"Feature","properties":{"Name":"AP V2 Km 269,810","descriptio":"Attributes\n  ETIQ  AP V2 Km 269,810 \n  NOM_ACCES  PTLO-L14-044 \n  AXE  LGV V2 \n  PK  269.81 \n  LONGITUDE  0°17'6.7591W \n  LATITUDE  45°9'17.4311N \n  LOT  14 \n  SEI  67 \n  LIBELLE  APP 2698-2 \n  LONG_DD  -0.285211 \n  LAT_DD  45.154842","timestamp":null,"begin":null,"end":null,"altitudeMo":null,"tessellate":"-1","extrude":"0","visibility":"-1","drawOrder":null,"icon":null,"ETIQ":"AP V2 Km 269,810","NOM_ACCES":"PTLO-L14-044","AXE":"LGV V2","PK":"269.81","LONGITUDE":"0°17'6.7591W","LATITUDE":"45°9'17.4311N","LOT":"14","SEI":"67","LIBELLE":"APP 2698-2","LONG_DD":"-0.285211","LAT_DD":"45.154842","gx_media_l":null,"_sp_url":null},"geometry":{"type":"Point","coordinates":[-0.28521099999999955,45.154841999999995,0.0]}},{"id":"1058","type":"Feature","properties":{"Name":"AP V1 Km 269,910","descriptio":"Attributes\n  ETIQ  AP V1 Km 269,910 \n  NOM_ACCES  PTLO-L14-041 \n  AXE  LGV V1 \n  PK  269.91 \n  LONGITUDE  0°17'8.0276W \n  LATITUDE  45°9'14.1215N \n  LOT  14 \n  SEI  67 \n  LIBELLE  APP 2699-1 \n  LONG_DD  -0.285563 \n  LAT_DD  45.153923","timestamp":null,"begin":null,"end":null,"altitudeMo":null,"tessellate":"-1","extrude":"0","visibility":"-1","drawOrder":null,"icon":null,"ETIQ":"AP V1 Km 269,910","NOM_ACCES":"PTLO-L14-041","AXE":"LGV V1","PK":"269.91","LONGITUDE":"0°17'8.0276W","LATITUDE":"45°9'14.1215N","LOT":"14","SEI":"67","LIBELLE":"APP 2699-1","LONG_DD":"-0.285563","LAT_DD":"45.153923","gx_media_l":null,"_sp_url":null},"geometry":{"type":"Point","coordinates":[-0.2855630000000007,45.153923000000006,0.0]}},{"id":"1059","type":"Feature","properties":{"Name":"AP V2 Km 270,580","descriptio":"Attributes\n  ETIQ  AP V2 Km 270,580 \n  NOM_ACCES  PTLO-L14-046 \n  AXE  LGV V2 \n  PK  270.58 \n  LONGITUDE  0°17'26.5606W \n  LATITUDE  45°8'56.8162N \n  LOT  14 \n  SEI  67 \n  LIBELLE  APP 2705-2 \n  LONG_DD  -0.290711 \n  LAT_DD  45.149116","timestamp":null,"begin":null,"end":null,"altitudeMo":null,"tessellate":"-1","extrude":"0","visibility":"-1","drawOrder":null,"icon":null,"ETIQ":"AP V2 Km 270,580","NOM_ACCES":"PTLO-L14-046","AXE":"LGV V2","PK":"270.58","LONGITUDE":"0°17'26.5606W","LATITUDE":"45°8'56.8162N","LOT":"14","SEI":"67","LIBELLE":"APP 2705-2","LONG_DD":"-0.290711","LAT_DD":"45.149116","gx_media_l":null,"_sp_url":null},"geometry":{"type":"Point","coordinates":[-0.29071100000000033,45.149115999999985,0.0]}},{"id":"1060","type":"Feature","properties":{"Name":"AP V1 Km 270,895","descriptio":"Attributes\n  ETIQ  AP V1 Km 270,895 \n  NOM_ACCES  PTLO-L14-043 \n  AXE  LGV V1 \n  PK  270.895 \n  LONGITUDE  0°17'33.9202W \n  LATITUDE  45°8'47.9439N \n  LOT  14 \n  SEI  67 \n  LIBELLE  APP 2708-1 \n  LONG_DD  -0.292756 \n  LAT_DD  45.146651","timestamp":null,"begin":null,"end":null,"altitudeMo":null,"tessellate":"-1","extrude":"0","visibility":"-1","drawOrder":null,"icon":null,"ETIQ":"AP V1 Km 270,895","NOM_ACCES":"PTLO-L14-043","AXE":"LGV V1","PK":"270.895","LONGITUDE":"0°17'33.9202W","LATITUDE":"45°8'47.9439N","LOT":"14","SEI":"67","LIBELLE":"APP 2708-1","LONG_DD":"-0.292756","LAT_DD":"45.146651","gx_media_l":null,"_sp_url":null},"geometry":{"type":"Point","coordinates":[-0.2927559999999997,45.146651,0.0]}},{"id":"1061","type":"Feature","properties":{"Name":"AR V1 Km 271,637","descriptio":"Attributes\n  ETIQ  AR V1 Km 271,637 \n  NOM_ACCES  PTLA-L14-045 \n  AXE  LGV V1 \n  PK  271.637 \n  LONGITUDE  0°17'55.7804W \n  LATITUDE  45°8'30.279N \n  LOT  14 \n  SEI  67 \n  LIBELLE  ARP 2716-1 \n  LONG_DD  -0.298828 \n  LAT_DD  45.141744","timestamp":null,"begin":null,"end":null,"altitudeMo":null,"tessellate":"-1","extrude":"0","visibility":"-1","drawOrder":null,"icon":null,"ETIQ":"AR V1 Km 271,637","NOM_ACCES":"PTLA-L14-045","AXE":"LGV V1","PK":"271.637","LONGITUDE":"0°17'55.7804W","LATITUDE":"45°8'30.279N","LOT":"14","SEI":"67","LIBELLE":"ARP 2716-1","LONG_DD":"-0.298828","LAT_DD":"45.141744","gx_media_l":null,"_sp_url":null},"geometry":{"type":"Point","coordinates":[-0.298828,45.14174400000002,0.0]}},{"id":"1062","type":"Feature","properties":{"Name":"AR V2 Km 271,685","descriptio":"Attributes\n  ETIQ  AR V2 Km 271,685 \n  NOM_ACCES  PTLA-L14-040 \n  AXE  LGV V2 \n  PK  271.685 \n  LONGITUDE  0°18'0.1368W \n  LATITUDE  45°8'29.0989N \n  LOT  14 \n  SEI  67 \n  LIBELLE  ARP 2717-2 \n  LONG_DD  -0.300038 \n  LAT_DD  45.141416","timestamp":null,"begin":null,"end":null,"altitudeMo":null,"tessellate":"-1","extrude":"0","visibility":"-1","drawOrder":null,"icon":null,"ETIQ":"AR V2 Km 271,685","NOM_ACCES":"PTLA-L14-040","AXE":"LGV V2","PK":"271.685","LONGITUDE":"0°18'0.1368W","LATITUDE":"45°8'29.0989N","LOT":"14","SEI":"67","LIBELLE":"ARP 2717-2","LONG_DD":"-0.300038","LAT_DD":"45.141416","gx_media_l":null,"_sp_url":null},"geometry":{"type":"Point","coordinates":[-0.3000379999999996,45.14141600000001,0.0]}},{"id":"1063","type":"Feature","properties":{"Name":"AP V1 Km 272,540","descriptio":"Attributes\n  ETIQ  AP V1 Km 272,540 \n  NOM_ACCES  PTLO-L14-045 \n  AXE  LGV V1 \n  PK  272.54 \n  LONGITUDE  0°18'27.8976W \n  LATITUDE  45°8'10.8775N \n  LOT  14 \n  SEI  67 \n  LIBELLE  APP 2725-1 \n  LONG_DD  -0.307749 \n  LAT_DD  45.136355","timestamp":null,"begin":null,"end":null,"altitudeMo":null,"tessellate":"-1","extrude":"0","visibility":"-1","drawOrder":null,"icon":null,"ETIQ":"AP V1 Km 272,540","NOM_ACCES":"PTLO-L14-045","AXE":"LGV V1","PK":"272.54","LONGITUDE":"0°18'27.8976W","LATITUDE":"45°8'10.8775N","LOT":"14","SEI":"67","LIBELLE":"APP 2725-1","LONG_DD":"-0.307749","LAT_DD":"45.136355","gx_media_l":null,"_sp_url":null},"geometry":{"type":"Point","coordinates":[-0.3077490000000001,45.136355000000016,0.0]}},{"id":"1064","type":"Feature","properties":{"Name":"AP V2 Km 272,940","descriptio":"Attributes\n  ETIQ  AP V2 Km 272,940 \n  NOM_ACCES  PTLO-L14-048 \n  AXE  LGV V2 \n  PK  272.94 \n  LONGITUDE  0°18'43.912W \n  LATITUDE  45°8'4.3919N \n  LOT  14 \n  SEI  67 \n  LIBELLE  APP 2729-2 \n  LONG_DD  -0.312198 \n  LAT_DD  45.134553","timestamp":null,"begin":null,"end":null,"altitudeMo":null,"tessellate":"-1","extrude":"0","visibility":"-1","drawOrder":null,"icon":null,"ETIQ":"AP V2 Km 272,940","NOM_ACCES":"PTLO-L14-048","AXE":"LGV V2","PK":"272.94","LONGITUDE":"0°18'43.912W","LATITUDE":"45°8'4.3919N","LOT":"14","SEI":"67","LIBELLE":"APP 2729-2","LONG_DD":"-0.312198","LAT_DD":"45.134553","gx_media_l":null,"_sp_url":null},"geometry":{"type":"Point","coordinates":[-0.31219799999999903,45.13455299999999,0.0]}},{"id":"1065","type":"Feature","properties":{"Name":"AP V1 Km 273,400","descriptio":"Attributes\n  ETIQ  AP V1 Km 273,400 \n  NOM_ACCES  PTLO-L14-047 \n  AXE  LGV V1 \n  PK  273.4 \n  LONGITUDE  0°19'1.0768W \n  LATITUDE  45°7'55.6988N \n  LOT  14 \n  SEI  68 \n  LIBELLE  APP 2736-1 \n  LONG_DD  -0.316966 \n  LAT_DD  45.132139","timestamp":null,"begin":null,"end":null,"altitudeMo":null,"tessellate":"-1","extrude":"0","visibility":"-1","drawOrder":null,"icon":null,"ETIQ":"AP V1 Km 273,400","NOM_ACCES":"PTLO-L14-047","AXE":"LGV V1","PK":"273.4","LONGITUDE":"0°19'1.0768W","LATITUDE":"45°7'55.6988N","LOT":"14","SEI":"68","LIBELLE":"APP 2736-1","LONG_DD":"-0.316966","LAT_DD":"45.132139","gx_media_l":null,"_sp_url":null},"geometry":{"type":"Point","coordinates":[-0.3169660000000006,45.13213900000001,0.0]}},{"id":"1066","type":"Feature","properties":{"Name":"AR V2 Km 273,754","descriptio":"Attributes\n  ETIQ  AR V2 Km 273,754 \n  NOM_ACCES  PTLO-L14-050 \n  AXE  LGV V2 \n  PK  273.754 \n  LONGITUDE  0°19'15.586W \n  LATITUDE  45°7'50.7145N \n  LOT  14 \n  SEI  68 \n  LIBELLE  ARP 2738-2 \n  LONG_DD  -0.320996 \n  LAT_DD  45.130754","timestamp":null,"begin":null,"end":null,"altitudeMo":null,"tessellate":"-1","extrude":"0","visibility":"-1","drawOrder":null,"icon":null,"ETIQ":"AR V2 Km 273,754","NOM_ACCES":"PTLO-L14-050","AXE":"LGV V2","PK":"273.754","LONGITUDE":"0°19'15.586W","LATITUDE":"45°7'50.7145N","LOT":"14","SEI":"68","LIBELLE":"ARP 2738-2","LONG_DD":"-0.320996","LAT_DD":"45.130754","gx_media_l":null,"_sp_url":null},"geometry":{"type":"Point","coordinates":[-0.32099599999999945,45.130754,0.0]}},{"id":"1067","type":"Feature","properties":{"Name":"AR V1 Km 274,290","descriptio":"Attributes\n  ETIQ  AR V1 Km 274,290 \n  NOM_ACCES  PTLA-L14-047 \n  AXE  LGV V1 \n  PK  274.29 \n  LONGITUDE  0°19'34.1498W \n  LATITUDE  45°7'42.0245N \n  LOT  14 \n  SEI  68 \n  LIBELLE  RRL 2743-1 \n  LONG_DD  -0.326153 \n  LAT_DD  45.12834","timestamp":null,"begin":null,"end":null,"altitudeMo":null,"tessellate":"-1","extrude":"0","visibility":"-1","drawOrder":null,"icon":null,"ETIQ":"AR V1 Km 274,290","NOM_ACCES":"PTLA-L14-047","AXE":"LGV V1","PK":"274.29","LONGITUDE":"0°19'34.1498W","LATITUDE":"45°7'42.0245N","LOT":"14","SEI":"68","LIBELLE":"RRL 2743-1","LONG_DD":"-0.326153","LAT_DD":"45.12834","gx_media_l":null,"_sp_url":null},"geometry":{"type":"Point","coordinates":[-0.3261529999999989,45.12833999999999,0.0]}},{"id":"1068","type":"Feature","properties":{"Name":"AR V1 Km 274,721","descriptio":"Attributes\n  ETIQ  AR V1 Km 274,721 \n  NOM_ACCES  PTLA-L14-049 \n  AXE  LGV V1 \n  PK  274.721 \n  LONGITUDE  0°19'56.067W \n  LATITUDE  45°7'33.1724N \n  LOT  14 \n  SEI  68 \n  LIBELLE  ARP 2747-1 \n  LONG_DD  -0.332241 \n  LAT_DD  45.125881","timestamp":null,"begin":null,"end":null,"altitudeMo":null,"tessellate":"-1","extrude":"0","visibility":"-1","drawOrder":null,"icon":null,"ETIQ":"AR V1 Km 274,721","NOM_ACCES":"PTLA-L14-049","AXE":"LGV V1","PK":"274.721","LONGITUDE":"0°19'56.067W","LATITUDE":"45°7'33.1724N","LOT":"14","SEI":"68","LIBELLE":"ARP 2747-1","LONG_DD":"-0.332241","LAT_DD":"45.125881","gx_media_l":null,"_sp_url":null},"geometry":{"type":"Point","coordinates":[-0.33224099999999923,45.125880999999985,0.0]}},{"id":"1069","type":"Feature","properties":{"Name":"AP V2 Km 274,790","descriptio":"Attributes\n  ETIQ  AP V2 Km 274,790 \n  NOM_ACCES  PTLO-L14-050a \n  AXE  LGV V2 \n  PK  274.79 \n  LONGITUDE  0°19'56.067W \n  LATITUDE  45°7'33.1724N \n  LOT  14 \n  SEI  68 \n  LIBELLE  APP 2747-2 \n  LONG_DD  -0.332241 \n  LAT_DD  45.125881","timestamp":null,"begin":null,"end":null,"altitudeMo":null,"tessellate":"-1","extrude":"0","visibility":"-1","drawOrder":null,"icon":null,"ETIQ":"AP V2 Km 274,790","NOM_ACCES":"PTLO-L14-050a","AXE":"LGV V2","PK":"274.79","LONGITUDE":"0°19'56.067W","LATITUDE":"45°7'33.1724N","LOT":"14","SEI":"68","LIBELLE":"APP 2747-2","LONG_DD":"-0.332241","LAT_DD":"45.125881","gx_media_l":null,"_sp_url":null},"geometry":{"type":"Point","coordinates":[-0.33224099999999923,45.125880999999985,0.0]}},{"id":"1070","type":"Feature","properties":{"Name":"AP V2 Km 274,790","descriptio":"Attributes\n  ETIQ  AP V2 Km 274,790 \n  NOM_ACCES  PTLO-L14-050a \n  AXE  LGV V2 \n  PK  274.79 \n  LONGITUDE  0°19'56.6892W \n  LATITUDE  45°7'34.6854N \n  LOT  14 \n  SEI  68 \n  LIBELLE  APP 2747-2 \n  LONG_DD  -0.332414 \n  LAT_DD  45.126302","timestamp":null,"begin":null,"end":null,"altitudeMo":null,"tessellate":"-1","extrude":"0","visibility":"-1","drawOrder":null,"icon":null,"ETIQ":"AP V2 Km 274,790","NOM_ACCES":"PTLO-L14-050a","AXE":"LGV V2","PK":"274.79","LONGITUDE":"0°19'56.6892W","LATITUDE":"45°7'34.6854N","LOT":"14","SEI":"68","LIBELLE":"APP 2747-2","LONG_DD":"-0.332414","LAT_DD":"45.126302","gx_media_l":null,"_sp_url":null},"geometry":{"type":"Point","coordinates":[-0.3324139999999979,45.126302,0.0]}},{"id":"1071","type":"Feature","properties":{"Name":"AR V2 Km 274,975","descriptio":"Attributes\n  ETIQ  AR V2 Km 274,975 \n  NOM_ACCES  PTLA-L14-044 \n  AXE  LGV V2 \n  PK  274.975 \n  LONGITUDE  0°20'5.6115W \n  LATITUDE  45°7'30.8832N \n  LOT  14 \n  SEI  68 \n  LIBELLE  ARP 2750-2 \n  LONG_DD  -0.334892 \n  LAT_DD  45.125245","timestamp":null,"begin":null,"end":null,"altitudeMo":null,"tessellate":"-1","extrude":"0","visibility":"-1","drawOrder":null,"icon":null,"ETIQ":"AR V2 Km 274,975","NOM_ACCES":"PTLA-L14-044","AXE":"LGV V2","PK":"274.975","LONGITUDE":"0°20'5.6115W","LATITUDE":"45°7'30.8832N","LOT":"14","SEI":"68","LIBELLE":"ARP 2750-2","LONG_DD":"-0.334892","LAT_DD":"45.125245","gx_media_l":null,"_sp_url":null},"geometry":{"type":"Point","coordinates":[-0.33489200000000097,45.125245000000014,0.0]}},{"id":"1072","type":"Feature","properties":{"Name":"AP V1 Km 274,980","descriptio":"Attributes\n  ETIQ  AP V1 Km 274,980 \n  NOM_ACCES  PTLA-L14-044 \n  AXE  LGV V1 \n  PK  274.98 \n  LONGITUDE  0°20'5.6115W \n  LATITUDE  45°7'30.8832N \n  LOT  14 \n  SEI  68 \n  LIBELLE  APP 2749-1 \n  LONG_DD  -0.334892 \n  LAT_DD  45.125245","timestamp":null,"begin":null,"end":null,"altitudeMo":null,"tessellate":"-1","extrude":"0","visibility":"-1","drawOrder":null,"icon":null,"ETIQ":"AP V1 Km 274,980","NOM_ACCES":"PTLA-L14-044","AXE":"LGV V1","PK":"274.98","LONGITUDE":"0°20'5.6115W","LATITUDE":"45°7'30.8832N","LOT":"14","SEI":"68","LIBELLE":"APP 2749-1","LONG_DD":"-0.334892","LAT_DD":"45.125245","gx_media_l":null,"_sp_url":null},"geometry":{"type":"Point","coordinates":[-0.33489200000000097,45.125245000000014,0.0]}},{"id":"1073","type":"Feature","properties":{"Name":"AP V1 Km 275,370","descriptio":"Attributes\n  ETIQ  AP V1 Km 275,370 \n  NOM_ACCES  PTLO-L14-049 \n  AXE  LGV V1 \n  PK  275.37 \n  LONGITUDE  0°20'18.0558W \n  LATITUDE  45°7'22.643N \n  LOT  14 \n  SEI  68 \n  LIBELLE  APP 2753-1 \n  LONG_DD  -0.338349 \n  LAT_DD  45.122956","timestamp":null,"begin":null,"end":null,"altitudeMo":null,"tessellate":"-1","extrude":"0","visibility":"-1","drawOrder":null,"icon":null,"ETIQ":"AP V1 Km 275,370","NOM_ACCES":"PTLO-L14-049","AXE":"LGV V1","PK":"275.37","LONGITUDE":"0°20'18.0558W","LATITUDE":"45°7'22.643N","LOT":"14","SEI":"68","LIBELLE":"APP 2753-1","LONG_DD":"-0.338349","LAT_DD":"45.122956","gx_media_l":null,"_sp_url":null},"geometry":{"type":"Point","coordinates":[-0.33834899999999957,45.122955999999995,0.0]}},{"id":"1074","type":"Feature","properties":{"Name":"AP V2 Km 275,480","descriptio":"Attributes\n  ETIQ  AP V2 Km 275,480 \n  NOM_ACCES  PTLO-L14-052 \n  AXE  LGV V2 \n  PK  275.48 \n  LONGITUDE  0°20'23.182W \n  LATITUDE  45°7'21.5186N \n  LOT  14 \n  SEI  68 \n  LIBELLE  APP 2755-2 \n  LONG_DD  -0.339773 \n  LAT_DD  45.122644","timestamp":null,"begin":null,"end":null,"altitudeMo":null,"tessellate":"-1","extrude":"0","visibility":"-1","drawOrder":null,"icon":null,"ETIQ":"AP V2 Km 275,480","NOM_ACCES":"PTLO-L14-052","AXE":"LGV V2","PK":"275.48","LONGITUDE":"0°20'23.182W","LATITUDE":"45°7'21.5186N","LOT":"14","SEI":"68","LIBELLE":"APP 2755-2","LONG_DD":"-0.339773","LAT_DD":"45.122644","gx_media_l":null,"_sp_url":null},"geometry":{"type":"Point","coordinates":[-0.33977299999999927,45.122644000000015,0.0]}},{"id":"1075","type":"Feature","properties":{"Name":"AP V1 Km 276,120","descriptio":"Attributes\n  ETIQ  AP V1 Km 276,120 \n  NOM_ACCES  PTLO-L14-051 \n  AXE  LGV V1 \n  PK  276.12 \n  LONGITUDE  0°20'44.1457W \n  LATITUDE  45°7'7.0741N \n  LOT  14 \n  SEI  68 \n  LIBELLE  APP 2763-1 \n  LONG_DD  -0.345596 \n  LAT_DD  45.118632","timestamp":null,"begin":null,"end":null,"altitudeMo":null,"tessellate":"-1","extrude":"0","visibility":"-1","drawOrder":null,"icon":null,"ETIQ":"AP V1 Km 276,120","NOM_ACCES":"PTLO-L14-051","AXE":"LGV V1","PK":"276.12","LONGITUDE":"0°20'44.1457W","LATITUDE":"45°7'7.0741N","LOT":"14","SEI":"68","LIBELLE":"APP 2763-1","LONG_DD":"-0.345596","LAT_DD":"45.118632","gx_media_l":null,"_sp_url":null},"geometry":{"type":"Point","coordinates":[-0.3455959999999994,45.11863199999999,0.0]}},{"id":"1076","type":"Feature","properties":{"Name":"AR V2 Km 276,691","descriptio":"Attributes\n  ETIQ  AR V2 Km 276,691 \n  NOM_ACCES  PTLA-L14-046 \n  AXE  LGV V2 \n  PK  276.691 \n  LONGITUDE  0°21'4.8173W \n  LATITUDE  45°6'53.6144N \n  LOT  14 \n  SEI  68 \n  LIBELLE  ARP 2767-2 \n  LONG_DD  -0.351338 \n  LAT_DD  45.114893","timestamp":null,"begin":null,"end":null,"altitudeMo":null,"tessellate":"-1","extrude":"0","visibility":"-1","drawOrder":null,"icon":null,"ETIQ":"AR V2 Km 276,691","NOM_ACCES":"PTLA-L14-046","AXE":"LGV V2","PK":"276.691","LONGITUDE":"0°21'4.8173W","LATITUDE":"45°6'53.6144N","LOT":"14","SEI":"68","LIBELLE":"ARP 2767-2","LONG_DD":"-0.351338","LAT_DD":"45.114893","gx_media_l":null,"_sp_url":null},"geometry":{"type":"Point","coordinates":[-0.3513380000000005,45.11489299999998,0.0]}},{"id":"1077","type":"Feature","properties":{"Name":"AR V1 Km 276,895","descriptio":"Attributes\n  ETIQ  AR V1 Km 276,895 \n  NOM_ACCES  PTLA-L14-051 \n  AXE  LGV V1 \n  PK  276.895 \n  LONGITUDE  0°21'8.3957W \n  LATITUDE  45°6'47.8888N \n  LOT  14 \n  SEI  68 \n  LIBELLE  ARP 2769-1 \n  LONG_DD  -0.352332 \n  LAT_DD  45.113302","timestamp":null,"begin":null,"end":null,"altitudeMo":null,"tessellate":"-1","extrude":"0","visibility":"-1","drawOrder":null,"icon":null,"ETIQ":"AR V1 Km 276,895","NOM_ACCES":"PTLA-L14-051","AXE":"LGV V1","PK":"276.895","LONGITUDE":"0°21'8.3957W","LATITUDE":"45°6'47.8888N","LOT":"14","SEI":"68","LIBELLE":"ARP 2769-1","LONG_DD":"-0.352332","LAT_DD":"45.113302","gx_media_l":null,"_sp_url":null},"geometry":{"type":"Point","coordinates":[-0.3523319999999988,45.113302,0.0]}},{"id":"1078","type":"Feature","properties":{"Name":"AP V1 Km 277,300","descriptio":"Attributes\n  ETIQ  AP V1 Km 277,300 \n  NOM_ACCES  PTLO-L14-053 \n  AXE  LGV V1 \n  PK  277.3 \n  LONGITUDE  0°21'19.0068W \n  LATITUDE  45°6'37.9903N \n  LOT  14 \n  SEI  68 \n  LIBELLE  APP 2773-1 \n  LONG_DD  -0.35528 \n  LAT_DD  45.110553","timestamp":null,"begin":null,"end":null,"altitudeMo":null,"tessellate":"-1","extrude":"0","visibility":"-1","drawOrder":null,"icon":null,"ETIQ":"AP V1 Km 277,300","NOM_ACCES":"PTLO-L14-053","AXE":"LGV V1","PK":"277.3","LONGITUDE":"0°21'19.0068W","LATITUDE":"45°6'37.9903N","LOT":"14","SEI":"68","LIBELLE":"APP 2773-1","LONG_DD":"-0.35528","LAT_DD":"45.110553","gx_media_l":null,"_sp_url":null},"geometry":{"type":"Point","coordinates":[-0.35527999999999965,45.11055299999998,0.0]}},{"id":"1079","type":"Feature","properties":{"Name":"AP V2 Km 277,350","descriptio":"Attributes\n  ETIQ  AP V2 Km 277,350 \n  NOM_ACCES  PTLO-L14-056 \n  AXE  LGV V2 \n  PK  277.35 \n  LONGITUDE  0°21'22.2968W \n  LATITUDE  45°6'37.6576N \n  LOT  14 \n  SEI  68 \n  LIBELLE  APP 2773-2 \n  LONG_DD  -0.356194 \n  LAT_DD  45.11046","timestamp":null,"begin":null,"end":null,"altitudeMo":null,"tessellate":"-1","extrude":"0","visibility":"-1","drawOrder":null,"icon":null,"ETIQ":"AP V2 Km 277,350","NOM_ACCES":"PTLO-L14-056","AXE":"LGV V2","PK":"277.35","LONGITUDE":"0°21'22.2968W","LATITUDE":"45°6'37.6576N","LOT":"14","SEI":"68","LIBELLE":"APP 2773-2","LONG_DD":"-0.356194","LAT_DD":"45.11046","gx_media_l":null,"_sp_url":null},"geometry":{"type":"Point","coordinates":[-0.3561940000000001,45.110459999999996,0.0]}},{"id":"1080","type":"Feature","properties":{"Name":"AR V1 Km 277,589","descriptio":"Attributes\n  ETIQ  AR V1 Km 277,589 \n  NOM_ACCES  PTLA-L14-053 \n  AXE  LGV V1 \n  PK  277.589 \n  LONGITUDE  0°21'24.518W \n  LATITUDE  45°6'33.0045N \n  LOT  14 \n  SEI  68 \n  LIBELLE  ARP 2776-1 \n  LONG_DD  -0.356811 \n  LAT_DD  45.109168","timestamp":null,"begin":null,"end":null,"altitudeMo":null,"tessellate":"-1","extrude":"0","visibility":"-1","drawOrder":null,"icon":null,"ETIQ":"AR V1 Km 277,589","NOM_ACCES":"PTLA-L14-053","AXE":"LGV V1","PK":"277.589","LONGITUDE":"0°21'24.518W","LATITUDE":"45°6'33.0045N","LOT":"14","SEI":"68","LIBELLE":"ARP 2776-1","LONG_DD":"-0.356811","LAT_DD":"45.109168","gx_media_l":null,"_sp_url":null},"geometry":{"type":"Point","coordinates":[-0.35681099999999866,45.109168000000004,0.0]}},{"id":"1081","type":"Feature","properties":{"Name":"AR V2 Km 277,589","descriptio":"Attributes\n  ETIQ  AR V2 Km 277,589 \n  NOM_ACCES  PTLA-L14-048 \n  AXE  LGV V2 \n  PK  277.589 \n  LONGITUDE  0°21'29.7495W \n  LATITUDE  45°6'30.8479N \n  LOT  14 \n  SEI  68 \n  LIBELLE  ARP 2775-2 \n  LONG_DD  -0.358264 \n  LAT_DD  45.108569","timestamp":null,"begin":null,"end":null,"altitudeMo":null,"tessellate":"-1","extrude":"0","visibility":"-1","drawOrder":null,"icon":null,"ETIQ":"AR V2 Km 277,589","NOM_ACCES":"PTLA-L14-048","AXE":"LGV V2","PK":"277.589","LONGITUDE":"0°21'29.7495W","LATITUDE":"45°6'30.8479N","LOT":"14","SEI":"68","LIBELLE":"ARP 2775-2","LONG_DD":"-0.358264","LAT_DD":"45.108569","gx_media_l":null,"_sp_url":null},"geometry":{"type":"Point","coordinates":[-0.3582640000000005,45.10856900000002,0.0]}},{"id":"1082","type":"Feature","properties":{"Name":"AP V1 Km 277,805","descriptio":"Attributes\n  ETIQ  AP V1 Km 277,805 \n  NOM_ACCES  PTLO-L14-057 \n  AXE  LGV V1 \n  PK  277.805 \n  LONGITUDE  0°21'32.0049W \n  LATITUDE  45°6'24.5895N \n  LOT  14 \n  SEI  68 \n  LIBELLE  APP 2778-1 \n  LONG_DD  -0.35889 \n  LAT_DD  45.10683","timestamp":null,"begin":null,"end":null,"altitudeMo":null,"tessellate":"-1","extrude":"0","visibility":"-1","drawOrder":null,"icon":null,"ETIQ":"AP V1 Km 277,805","NOM_ACCES":"PTLO-L14-057","AXE":"LGV V1","PK":"277.805","LONGITUDE":"0°21'32.0049W","LATITUDE":"45°6'24.5895N","LOT":"14","SEI":"68","LIBELLE":"APP 2778-1","LONG_DD":"-0.35889","LAT_DD":"45.10683","gx_media_l":null,"_sp_url":null},"geometry":{"type":"Point","coordinates":[-0.3588900000000001,45.106829999999995,0.0]}},{"id":"1083","type":"Feature","properties":{"Name":"AP V2 Km 278,270","descriptio":"Attributes\n  ETIQ  AP V2 Km 278,270 \n  NOM_ACCES  PTLO-L14-058 \n  AXE  LGV V2 \n  PK  278.27 \n  LONGITUDE  0°21'44.0906W \n  LATITUDE  45°6'12.0699N \n  LOT  14 \n  SEI  68 \n  LIBELLE  APP 2782-2 \n  LONG_DD  -0.362247 \n  LAT_DD  45.103353","timestamp":null,"begin":null,"end":null,"altitudeMo":null,"tessellate":"-1","extrude":"0","visibility":"-1","drawOrder":null,"icon":null,"ETIQ":"AP V2 Km 278,270","NOM_ACCES":"PTLO-L14-058","AXE":"LGV V2","PK":"278.27","LONGITUDE":"0°21'44.0906W","LATITUDE":"45°6'12.0699N","LOT":"14","SEI":"68","LIBELLE":"APP 2782-2","LONG_DD":"-0.362247","LAT_DD":"45.103353","gx_media_l":null,"_sp_url":null},"geometry":{"type":"Point","coordinates":[-0.36224699999999965,45.103353000000006,0.0]}},{"id":"1084","type":"Feature","properties":{"Name":"AR V1 Km 278,476","descriptio":"Attributes\n  ETIQ  AR V1 Km 278,476 \n  NOM_ACCES  PTLA-L14-055 \n  AXE  LGV V1 \n  PK  278.476 \n  LONGITUDE  0°22'0.0078W \n  LATITUDE  45°5'46.5436N \n  LOT  14 \n  SEI  68 \n  LIBELLE  ARP 2785-1 \n  LONG_DD  -0.366669 \n  LAT_DD  45.096262","timestamp":null,"begin":null,"end":null,"altitudeMo":null,"tessellate":"-1","extrude":"0","visibility":"-1","drawOrder":null,"icon":null,"ETIQ":"AR V1 Km 278,476","NOM_ACCES":"PTLA-L14-055","AXE":"LGV V1","PK":"278.476","LONGITUDE":"0°22'0.0078W","LATITUDE":"45°5'46.5436N","LOT":"14","SEI":"68","LIBELLE":"ARP 2785-1","LONG_DD":"-0.366669","LAT_DD":"45.096262","gx_media_l":null,"_sp_url":null},"geometry":{"type":"Point","coordinates":[-0.3666689999999995,45.096262,0.0]}},{"id":"1085","type":"Feature","properties":{"Name":"AR V1 Km 278,724","descriptio":"Attributes\n  ETIQ  AR V1 Km 278,724 \n  NOM_ACCES  PTLA-L14-055 \n  AXE  LGV V1 \n  PK  278.724 \n  LONGITUDE  0°22'0.0078W \n  LATITUDE  45°5'46.5436N \n  LOT  14 \n  SEI  68 \n  LIBELLE  ARP 2788-3 \n  LONG_DD  -0.366669 \n  LAT_DD  45.096262","timestamp":null,"begin":null,"end":null,"altitudeMo":null,"tessellate":"-1","extrude":"0","visibility":"-1","drawOrder":null,"icon":null,"ETIQ":"AR V1 Km 278,724","NOM_ACCES":"PTLA-L14-055","AXE":"LGV V1","PK":"278.724","LONGITUDE":"0°22'0.0078W","LATITUDE":"45°5'46.5436N","LOT":"14","SEI":"68","LIBELLE":"ARP 2788-3","LONG_DD":"-0.366669","LAT_DD":"45.096262","gx_media_l":null,"_sp_url":null},"geometry":{"type":"Point","coordinates":[-0.3666689999999995,45.096262,0.0]}},{"id":"1086","type":"Feature","properties":{"Name":"AR V1 Km 278,809","descriptio":"Attributes\n  ETIQ  AR V1 Km 278,809 \n  NOM_ACCES  PTLA-L14-055 \n  AXE  LGV V1 \n  PK  278.809 \n  LONGITUDE  0°22'0.0078W \n  LATITUDE  45°5'46.5436N \n  LOT  14 \n  SEI  68 \n  LIBELLE  ARP 2788-1 \n  LONG_DD  -0.366669 \n  LAT_DD  45.096262","timestamp":null,"begin":null,"end":null,"altitudeMo":null,"tessellate":"-1","extrude":"0","visibility":"-1","drawOrder":null,"icon":null,"ETIQ":"AR V1 Km 278,809","NOM_ACCES":"PTLA-L14-055","AXE":"LGV V1","PK":"278.809","LONGITUDE":"0°22'0.0078W","LATITUDE":"45°5'46.5436N","LOT":"14","SEI":"68","LIBELLE":"ARP 2788-1","LONG_DD":"-0.366669","LAT_DD":"45.096262","gx_media_l":null,"_sp_url":null},"geometry":{"type":"Point","coordinates":[-0.3666689999999995,45.096262,0.0]}},{"id":"1087","type":"Feature","properties":{"Name":"AR V2 Km 278,887","descriptio":"Attributes\n  ETIQ  AR V2 Km 278,887 \n  NOM_ACCES  PTLA-L14-050 \n  AXE  LGV V2 \n  PK  278.887 \n  LONGITUDE  0°22'1.3227W \n  LATITUDE  45°5'48.6002N \n  LOT  14 \n  SEI  68 \n  LIBELLE  ARP 2789-2 \n  LONG_DD  -0.367034 \n  LAT_DD  45.096833","timestamp":null,"begin":null,"end":null,"altitudeMo":null,"tessellate":"-1","extrude":"0","visibility":"-1","drawOrder":null,"icon":null,"ETIQ":"AR V2 Km 278,887","NOM_ACCES":"PTLA-L14-050","AXE":"LGV V2","PK":"278.887","LONGITUDE":"0°22'1.3227W","LATITUDE":"45°5'48.6002N","LOT":"14","SEI":"68","LIBELLE":"ARP 2789-2","LONG_DD":"-0.367034","LAT_DD":"45.096833","gx_media_l":null,"_sp_url":null},"geometry":{"type":"Point","coordinates":[-0.3670339999999996,45.096833,0.0]}},{"id":"1088","type":"Feature","properties":{"Name":"AR V1 Km 279,133","descriptio":"Attributes\n  ETIQ  AR V1 Km 279,133 \n  NOM_ACCES  PTLO-L14-059 \n  AXE  LGV V1 \n  PK  279.133 \n  LONGITUDE  0°22'0.9073W \n  LATITUDE  45°5'46.708N \n  LOT  14 \n  SEI  68 \n  LIBELLE  ARP 2791-1 \n  LONG_DD  -0.366919 \n  LAT_DD  45.096308","timestamp":null,"begin":null,"end":null,"altitudeMo":null,"tessellate":"-1","extrude":"0","visibility":"-1","drawOrder":null,"icon":null,"ETIQ":"AR V1 Km 279,133","NOM_ACCES":"PTLO-L14-059","AXE":"LGV V1","PK":"279.133","LONGITUDE":"0°22'0.9073W","LATITUDE":"45°5'46.708N","LOT":"14","SEI":"68","LIBELLE":"ARP 2791-1","LONG_DD":"-0.366919","LAT_DD":"45.096308","gx_media_l":null,"_sp_url":null},"geometry":{"type":"Point","coordinates":[-0.3669190000000005,45.096308,0.0]}},{"id":"1089","type":"Feature","properties":{"Name":"AR V1 Km 279,200","descriptio":"Attributes\n  ETIQ  AR V1 Km 279,200 \n  NOM_ACCES  PTLA-L14-057 \n  AXE  LGV V1 \n  PK  279.2 \n  LONGITUDE  0°22'1.5229W \n  LATITUDE  45°5'45.3598N \n  LOT  14 \n  SEI  68 \n  LIBELLE  RRG 2792-1 \n  LONG_DD  -0.36709 \n  LAT_DD  45.095933","timestamp":null,"begin":null,"end":null,"altitudeMo":null,"tessellate":"-1","extrude":"0","visibility":"-1","drawOrder":null,"icon":null,"ETIQ":"AR V1 Km 279,200","NOM_ACCES":"PTLA-L14-057","AXE":"LGV V1","PK":"279.2","LONGITUDE":"0°22'1.5229W","LATITUDE":"45°5'45.3598N","LOT":"14","SEI":"68","LIBELLE":"RRG 2792-1","LONG_DD":"-0.36709","LAT_DD":"45.095933","gx_media_l":null,"_sp_url":null},"geometry":{"type":"Point","coordinates":[-0.36708999999999953,45.095933,0.0]}},{"id":"1090","type":"Feature","properties":{"Name":"AR V2 Km 279,237","descriptio":"Attributes\n  ETIQ  AR V2 Km 279,237 \n  NOM_ACCES  PTLA-L14-052 \n  AXE  LGV V2 \n  PK  279.237 \n  LONGITUDE  0°22'4.9209W \n  LATITUDE  45°5'43.5715N \n  LOT  14 \n  SEI  68 \n  LIBELLE  ARP 2792-2 \n  LONG_DD  -0.368034 \n  LAT_DD  45.095437","timestamp":null,"begin":null,"end":null,"altitudeMo":null,"tessellate":"-1","extrude":"0","visibility":"-1","drawOrder":null,"icon":null,"ETIQ":"AR V2 Km 279,237","NOM_ACCES":"PTLA-L14-052","AXE":"LGV V2","PK":"279.237","LONGITUDE":"0°22'4.9209W","LATITUDE":"45°5'43.5715N","LOT":"14","SEI":"68","LIBELLE":"ARP 2792-2","LONG_DD":"-0.368034","LAT_DD":"45.095437","gx_media_l":null,"_sp_url":null},"geometry":{"type":"Point","coordinates":[-0.36803400000000014,45.09543699999998,0.0]}},{"id":"1091","type":"Feature","properties":{"Name":"AP V2 Km 279,340","descriptio":"Attributes\n  ETIQ  AP V2 Km 279,340 \n  NOM_ACCES  PTLO-L14-060 \n  AXE  LGV V2 \n  PK  279.34 \n  LONGITUDE  0°22'6.4282W \n  LATITUDE  45°5'41.2118N \n  LOT  14 \n  SEI  68 \n  LIBELLE  APP 2793-2 \n  LONG_DD  -0.368452 \n  LAT_DD  45.094781","timestamp":null,"begin":null,"end":null,"altitudeMo":null,"tessellate":"-1","extrude":"0","visibility":"-1","drawOrder":null,"icon":null,"ETIQ":"AP V2 Km 279,340","NOM_ACCES":"PTLO-L14-060","AXE":"LGV V2","PK":"279.34","LONGITUDE":"0°22'6.4282W","LATITUDE":"45°5'41.2118N","LOT":"14","SEI":"68","LIBELLE":"APP 2793-2","LONG_DD":"-0.368452","LAT_DD":"45.094781","gx_media_l":null,"_sp_url":null},"geometry":{"type":"Point","coordinates":[-0.36845199999999945,45.09478099999999,0.0]}},{"id":"1092","type":"Feature","properties":{"Name":"AR V1 Km 279,438","descriptio":"Attributes\n  ETIQ  AR V1 Km 279,438 \n  NOM_ACCES  PTLA-L14-063 \n  AXE  LGV V1 \n  PK  279.438 \n  LONGITUDE  0°22'7.0709W \n  LATITUDE  45°5'36.4263N \n  LOT  14 \n  SEI  68 \n  LIBELLE  ARP 2794-1 \n  LONG_DD  -0.368631 \n  LAT_DD  45.093452","timestamp":null,"begin":null,"end":null,"altitudeMo":null,"tessellate":"-1","extrude":"0","visibility":"-1","drawOrder":null,"icon":null,"ETIQ":"AR V1 Km 279,438","NOM_ACCES":"PTLA-L14-063","AXE":"LGV V1","PK":"279.438","LONGITUDE":"0°22'7.0709W","LATITUDE":"45°5'36.4263N","LOT":"14","SEI":"68","LIBELLE":"ARP 2794-1","LONG_DD":"-0.368631","LAT_DD":"45.093452","gx_media_l":null,"_sp_url":null},"geometry":{"type":"Point","coordinates":[-0.36863099999999954,45.093451999999985,0.0]}},{"id":"1093","type":"Feature","properties":{"Name":"AR V2 Km 279,438","descriptio":"Attributes\n  ETIQ  AR V2 Km 279,438 \n  NOM_ACCES  PTLA-L14-054 \n  AXE  LGV V2 \n  PK  279.438 \n  LONGITUDE  0°22'9.7894W \n  LATITUDE  45°5'38.6674N \n  LOT  14 \n  SEI  68 \n  LIBELLE  ARP 2794-2 \n  LONG_DD  -0.369386 \n  LAT_DD  45.094074","timestamp":null,"begin":null,"end":null,"altitudeMo":null,"tessellate":"-1","extrude":"0","visibility":"-1","drawOrder":null,"icon":null,"ETIQ":"AR V2 Km 279,438","NOM_ACCES":"PTLA-L14-054","AXE":"LGV V2","PK":"279.438","LONGITUDE":"0°22'9.7894W","LATITUDE":"45°5'38.6674N","LOT":"14","SEI":"68","LIBELLE":"ARP 2794-2","LONG_DD":"-0.369386","LAT_DD":"45.094074","gx_media_l":null,"_sp_url":null},"geometry":{"type":"Point","coordinates":[-0.3693859999999998,45.09407399999999,0.0]}},{"id":"1094","type":"Feature","properties":{"Name":"AR V1 Km 279,729","descriptio":"Attributes\n  ETIQ  AR V1 Km 279,729 \n  NOM_ACCES  PTLA-L14-065 \n  AXE  LGV V1 \n  PK  279.729 \n  LONGITUDE  0°22'13.5931W \n  LATITUDE  45°5'28.6988N \n  LOT  14 \n  SEI  68 \n  LIBELLE  ARP 2797-1 \n  LONG_DD  -0.370443 \n  LAT_DD  45.091305","timestamp":null,"begin":null,"end":null,"altitudeMo":null,"tessellate":"-1","extrude":"0","visibility":"-1","drawOrder":null,"icon":null,"ETIQ":"AR V1 Km 279,729","NOM_ACCES":"PTLA-L14-065","AXE":"LGV V1","PK":"279.729","LONGITUDE":"0°22'13.5931W","LATITUDE":"45°5'28.6988N","LOT":"14","SEI":"68","LIBELLE":"ARP 2797-1","LONG_DD":"-0.370443","LAT_DD":"45.091305","gx_media_l":null,"_sp_url":null},"geometry":{"type":"Point","coordinates":[-0.37044300000000036,45.09130499999998,0.0]}},{"id":"1095","type":"Feature","properties":{"Name":"AR V2 Km 279,729","descriptio":"Attributes\n  ETIQ  AR V2 Km 279,729 \n  NOM_ACCES  PTLA-L14-056 \n  AXE  LGV V2 \n  PK  279.729 \n  LONGITUDE  0°22'15.1244W \n  LATITUDE  45°5'29.5593N \n  LOT  14 \n  SEI  68 \n  LIBELLE  ARP 2797-2 \n  LONG_DD  -0.370868 \n  LAT_DD  45.091544","timestamp":null,"begin":null,"end":null,"altitudeMo":null,"tessellate":"-1","extrude":"0","visibility":"-1","drawOrder":null,"icon":null,"ETIQ":"AR V2 Km 279,729","NOM_ACCES":"PTLA-L14-056","AXE":"LGV V2","PK":"279.729","LONGITUDE":"0°22'15.1244W","LATITUDE":"45°5'29.5593N","LOT":"14","SEI":"68","LIBELLE":"ARP 2797-2","LONG_DD":"-0.370868","LAT_DD":"45.091544","gx_media_l":null,"_sp_url":null},"geometry":{"type":"Point","coordinates":[-0.3708679999999991,45.091544,0.0]}},{"id":"1096","type":"Feature","properties":{"Name":"AP V2 Km 280,050","descriptio":"Attributes\n  ETIQ  AP V2 Km 280,050 \n  NOM_ACCES  PTLO-L14-066 \n  AXE  LGV V2 \n  PK  280.05 \n  LONGITUDE  0°22'22.129W \n  LATITUDE  45°5'21.7663N \n  LOT  14 \n  SEI  68 \n  LIBELLE  APP 2800-2 \n  LONG_DD  -0.372814 \n  LAT_DD  45.08938","timestamp":null,"begin":null,"end":null,"altitudeMo":null,"tessellate":"-1","extrude":"0","visibility":"-1","drawOrder":null,"icon":null,"ETIQ":"AP V2 Km 280,050","NOM_ACCES":"PTLO-L14-066","AXE":"LGV V2","PK":"280.05","LONGITUDE":"0°22'22.129W","LATITUDE":"45°5'21.7663N","LOT":"14","SEI":"68","LIBELLE":"APP 2800-2","LONG_DD":"-0.372814","LAT_DD":"45.08938","gx_media_l":null,"_sp_url":null},"geometry":{"type":"Point","coordinates":[-0.3728139999999994,45.089380000000006,0.0]}},{"id":"1097","type":"Feature","properties":{"Name":"AR V2 Km 280,154","descriptio":"Attributes\n  ETIQ  AR V2 Km 280,154 \n  NOM_ACCES  PTLA-L14-060 \n  AXE  LGV V2 \n  PK  280.154 \n  LONGITUDE  0°22'38.5919W \n  LATITUDE  45°5'2.7525N \n  LOT  14 \n  SEI  68 \n  LIBELLE  ARP 2802-2 \n  LONG_DD  -0.377387 \n  LAT_DD  45.084098","timestamp":null,"begin":null,"end":null,"altitudeMo":null,"tessellate":"-1","extrude":"0","visibility":"-1","drawOrder":null,"icon":null,"ETIQ":"AR V2 Km 280,154","NOM_ACCES":"PTLA-L14-060","AXE":"LGV V2","PK":"280.154","LONGITUDE":"0°22'38.5919W","LATITUDE":"45°5'2.7525N","LOT":"14","SEI":"68","LIBELLE":"ARP 2802-2","LONG_DD":"-0.377387","LAT_DD":"45.084098","gx_media_l":null,"_sp_url":null},"geometry":{"type":"Point","coordinates":[-0.37738699999999925,45.08409799999997,0.0]}},{"id":"1098","type":"Feature","properties":{"Name":"AP V1 Km 280,578","descriptio":"Attributes\n  ETIQ  AP V1 Km 280,578 \n  NOM_ACCES  PTLA-L14-067 \n  AXE  LGV V1 \n  PK  280.578 \n  LONGITUDE  0°22'31.8859W \n  LATITUDE  45°5'4.2826N \n  LOT  14 \n  SEI  68 \n  LIBELLE  APP 2805-1 \n  LONG_DD  -0.375524 \n  LAT_DD  45.084523","timestamp":null,"begin":null,"end":null,"altitudeMo":null,"tessellate":"-1","extrude":"0","visibility":"-1","drawOrder":null,"icon":null,"ETIQ":"AP V1 Km 280,578","NOM_ACCES":"PTLA-L14-067","AXE":"LGV V1","PK":"280.578","LONGITUDE":"0°22'31.8859W","LATITUDE":"45°5'4.2826N","LOT":"14","SEI":"68","LIBELLE":"APP 2805-1","LONG_DD":"-0.375524","LAT_DD":"45.084523","gx_media_l":null,"_sp_url":null},"geometry":{"type":"Point","coordinates":[-0.3755239999999999,45.084523000000004,0.0]}},{"id":"1099","type":"Feature","properties":{"Name":"AP V2 Km 280,735","descriptio":"Attributes\n  ETIQ  AP V2 Km 280,735 \n  NOM_ACCES  PTLA-L14-060 \n  AXE  LGV V2 \n  PK  280.735 \n  LONGITUDE  0°22'38.5919W \n  LATITUDE  45°5'2.7525N \n  LOT  14 \n  SEI  68 \n  LIBELLE  APP 2807-2 \n  LONG_DD  -0.377387 \n  LAT_DD  45.084098","timestamp":null,"begin":null,"end":null,"altitudeMo":null,"tessellate":"-1","extrude":"0","visibility":"-1","drawOrder":null,"icon":null,"ETIQ":"AP V2 Km 280,735","NOM_ACCES":"PTLA-L14-060","AXE":"LGV V2","PK":"280.735","LONGITUDE":"0°22'38.5919W","LATITUDE":"45°5'2.7525N","LOT":"14","SEI":"68","LIBELLE":"APP 2807-2","LONG_DD":"-0.377387","LAT_DD":"45.084098","gx_media_l":null,"_sp_url":null},"geometry":{"type":"Point","coordinates":[-0.37738699999999925,45.08409799999997,0.0]}},{"id":"1100","type":"Feature","properties":{"Name":"AP V1 Km 281,650","descriptio":"Attributes\n  ETIQ  AP V1 Km 281,650 \n  NOM_ACCES  PTLA-L15-001 \n  AXE  LGV V1 \n  PK  281.65 \n  LONGITUDE  0°22'57.5795W \n  LATITUDE  45°4'35.4586N \n  LOT  15 \n  SEI  68 \n  LIBELLE  APP 2816-1 \n  LONG_DD  -0.382661 \n  LAT_DD  45.076516","timestamp":null,"begin":null,"end":null,"altitudeMo":null,"tessellate":"-1","extrude":"0","visibility":"-1","drawOrder":null,"icon":null,"ETIQ":"AP V1 Km 281,650","NOM_ACCES":"PTLA-L15-001","AXE":"LGV V1","PK":"281.65","LONGITUDE":"0°22'57.5795W","LATITUDE":"45°4'35.4586N","LOT":"15","SEI":"68","LIBELLE":"APP 2816-1","LONG_DD":"-0.382661","LAT_DD":"45.076516","gx_media_l":null,"_sp_url":null},"geometry":{"type":"Point","coordinates":[-0.38266100000000014,45.076516,0.0]}},{"id":"1101","type":"Feature","properties":{"Name":"AP V1 Km 282,020","descriptio":"Attributes\n  ETIQ  AP V1 Km 282,020 \n  NOM_ACCES  PTLO-L15-003 \n  AXE  LGV V1 \n  PK  282.02 \n  LONGITUDE  0°23'6.6924W \n  LATITUDE  45°4'25.5954N \n  LOT  15 \n  SEI  68 \n  LIBELLE  APP 2820-1 \n  LONG_DD  -0.385192 \n  LAT_DD  45.073776","timestamp":null,"begin":null,"end":null,"altitudeMo":null,"tessellate":"-1","extrude":"0","visibility":"-1","drawOrder":null,"icon":null,"ETIQ":"AP V1 Km 282,020","NOM_ACCES":"PTLO-L15-003","AXE":"LGV V1","PK":"282.02","LONGITUDE":"0°23'6.6924W","LATITUDE":"45°4'25.5954N","LOT":"15","SEI":"68","LIBELLE":"APP 2820-1","LONG_DD":"-0.385192","LAT_DD":"45.073776","gx_media_l":null,"_sp_url":null},"geometry":{"type":"Point","coordinates":[-0.3851919999999993,45.07377600000002,0.0]}},{"id":"1102","type":"Feature","properties":{"Name":"AP V2 Km 282,020","descriptio":"Attributes\n  ETIQ  AP V2 Km 282,020 \n  NOM_ACCES  PTLO-L15-002 \n  AXE  LGV V2 \n  PK  282.02 \n  LONGITUDE  0°23'7.1636W \n  LATITUDE  45°4'27.3746N \n  LOT  15 \n  SEI  68 \n  LIBELLE  APP 2820-2 \n  LONG_DD  -0.385323 \n  LAT_DD  45.074271","timestamp":null,"begin":null,"end":null,"altitudeMo":null,"tessellate":"-1","extrude":"0","visibility":"-1","drawOrder":null,"icon":null,"ETIQ":"AP V2 Km 282,020","NOM_ACCES":"PTLO-L15-002","AXE":"LGV V2","PK":"282.02","LONGITUDE":"0°23'7.1636W","LATITUDE":"45°4'27.3746N","LOT":"15","SEI":"68","LIBELLE":"APP 2820-2","LONG_DD":"-0.385323","LAT_DD":"45.074271","gx_media_l":null,"_sp_url":null},"geometry":{"type":"Point","coordinates":[-0.3853230000000001,45.07427100000001,0.0]}},{"id":"1103","type":"Feature","properties":{"Name":"AR V2 Km 282,276","descriptio":"Attributes\n  ETIQ  AR V2 Km 282,276 \n  NOM_ACCES  PTLA-L15-004 \n  AXE  LGV V2 \n  PK  282.276 \n  LONGITUDE  0°23'14.1677W \n  LATITUDE  45°4'19.5493N \n  LOT  15 \n  SEI  68 \n  LIBELLE  ARP 2823-2 \n  LONG_DD  -0.387269 \n  LAT_DD  45.072097","timestamp":null,"begin":null,"end":null,"altitudeMo":null,"tessellate":"-1","extrude":"0","visibility":"-1","drawOrder":null,"icon":null,"ETIQ":"AR V2 Km 282,276","NOM_ACCES":"PTLA-L15-004","AXE":"LGV V2","PK":"282.276","LONGITUDE":"0°23'14.1677W","LATITUDE":"45°4'19.5493N","LOT":"15","SEI":"68","LIBELLE":"ARP 2823-2","LONG_DD":"-0.387269","LAT_DD":"45.072097","gx_media_l":null,"_sp_url":null},"geometry":{"type":"Point","coordinates":[-0.387269,45.072097000000014,0.0]}},{"id":"1104","type":"Feature","properties":{"Name":"AR V1 Km 282,460","descriptio":"Attributes\n  ETIQ  AR V1 Km 282,460 \n  NOM_ACCES  PTLA-L15-003 \n  AXE  LGV V1 \n  PK  282.46 \n  LONGITUDE  0°23'14.2412W \n  LATITUDE  45°4'16.3132N \n  LOT  15 \n  SEI  68 \n  LIBELLE  ARP 2825-1 \n  LONG_DD  -0.387289 \n  LAT_DD  45.071198","timestamp":null,"begin":null,"end":null,"altitudeMo":null,"tessellate":"-1","extrude":"0","visibility":"-1","drawOrder":null,"icon":null,"ETIQ":"AR V1 Km 282,460","NOM_ACCES":"PTLA-L15-003","AXE":"LGV V1","PK":"282.46","LONGITUDE":"0°23'14.2412W","LATITUDE":"45°4'16.3132N","LOT":"15","SEI":"68","LIBELLE":"ARP 2825-1","LONG_DD":"-0.387289","LAT_DD":"45.071198","gx_media_l":null,"_sp_url":null},"geometry":{"type":"Point","coordinates":[-0.38728900000000077,45.07119800000001,0.0]}},{"id":"1105","type":"Feature","properties":{"Name":"AP V1 Km 282,980","descriptio":"Attributes\n  ETIQ  AP V1 Km 282,980 \n  NOM_ACCES  PTLO-L15-005 \n  AXE  LGV V1 \n  PK  282.98 \n  LONGITUDE  0°23'27.4991W \n  LATITUDE  45°3'58.4409N \n  LOT  15 \n  SEI  68 \n  LIBELLE  APP 2829-1 \n  LONG_DD  -0.390972 \n  LAT_DD  45.066234","timestamp":null,"begin":null,"end":null,"altitudeMo":null,"tessellate":"-1","extrude":"0","visibility":"-1","drawOrder":null,"icon":null,"ETIQ":"AP V1 Km 282,980","NOM_ACCES":"PTLO-L15-005","AXE":"LGV V1","PK":"282.98","LONGITUDE":"0°23'27.4991W","LATITUDE":"45°3'58.4409N","LOT":"15","SEI":"68","LIBELLE":"APP 2829-1","LONG_DD":"-0.390972","LAT_DD":"45.066234","gx_media_l":null,"_sp_url":null},"geometry":{"type":"Point","coordinates":[-0.3909719999999996,45.066234,0.0]}},{"id":"1106","type":"Feature","properties":{"Name":"AP V2 Km 283,000","descriptio":"Attributes\n  ETIQ  AP V2 Km 283,000 \n  NOM_ACCES  PTLO-L15-004 \n  AXE  LGV V2 \n  PK  283 \n  LONGITUDE  0°23'29.1085W \n  LATITUDE  45°3'58.8648N \n  LOT  15 \n  SEI  68 \n  LIBELLE  APP 2830-2 \n  LONG_DD  -0.391419 \n  LAT_DD  45.066351","timestamp":null,"begin":null,"end":null,"altitudeMo":null,"tessellate":"-1","extrude":"0","visibility":"-1","drawOrder":null,"icon":null,"ETIQ":"AP V2 Km 283,000","NOM_ACCES":"PTLO-L15-004","AXE":"LGV V2","PK":"283","LONGITUDE":"0°23'29.1085W","LATITUDE":"45°3'58.8648N","LOT":"15","SEI":"68","LIBELLE":"APP 2830-2","LONG_DD":"-0.391419","LAT_DD":"45.066351","gx_media_l":null,"_sp_url":null},"geometry":{"type":"Point","coordinates":[-0.3914189999999994,45.066351,0.0]}},{"id":"1107","type":"Feature","properties":{"Name":"AP V2 Km 283,700","descriptio":"Attributes\n  ETIQ  AP V2 Km 283,700 \n  NOM_ACCES  PTLO-L15-006 \n  AXE  LGV V2 \n  PK  283.7 \n  LONGITUDE  0°23'43.4901W \n  LATITUDE  45°3'35.5419N \n  LOT  15 \n  SEI  68 \n  LIBELLE  APP 2837-2 \n  LONG_DD  -0.395414 \n  LAT_DD  45.059873","timestamp":null,"begin":null,"end":null,"altitudeMo":null,"tessellate":"-1","extrude":"0","visibility":"-1","drawOrder":null,"icon":null,"ETIQ":"AP V2 Km 283,700","NOM_ACCES":"PTLO-L15-006","AXE":"LGV V2","PK":"283.7","LONGITUDE":"0°23'43.4901W","LATITUDE":"45°3'35.5419N","LOT":"15","SEI":"68","LIBELLE":"APP 2837-2","LONG_DD":"-0.395414","LAT_DD":"45.059873","gx_media_l":null,"_sp_url":null},"geometry":{"type":"Point","coordinates":[-0.39541399999999904,45.05987300000001,0.0]}},{"id":"1108","type":"Feature","properties":{"Name":"AP V1 Km 283,785","descriptio":"Attributes\n  ETIQ  AP V1 Km 283,785 \n  NOM_ACCES  PTLO-L15-007 \n  AXE  LGV V1 \n  PK  283.785 \n  LONGITUDE  0°23'42.521W \n  LATITUDE  45°3'34.8741N \n  LOT  15 \n  SEI  68 \n  LIBELLE  APP 2838-1 \n  LONG_DD  -0.395145 \n  LAT_DD  45.059687","timestamp":null,"begin":null,"end":null,"altitudeMo":null,"tessellate":"-1","extrude":"0","visibility":"-1","drawOrder":null,"icon":null,"ETIQ":"AP V1 Km 283,785","NOM_ACCES":"PTLO-L15-007","AXE":"LGV V1","PK":"283.785","LONGITUDE":"0°23'42.521W","LATITUDE":"45°3'34.8741N","LOT":"15","SEI":"68","LIBELLE":"APP 2838-1","LONG_DD":"-0.395145","LAT_DD":"45.059687","gx_media_l":null,"_sp_url":null},"geometry":{"type":"Point","coordinates":[-0.39514500000000014,45.05968700000001,0.0]}},{"id":"1109","type":"Feature","properties":{"Name":"AP V1 Km 284,670","descriptio":"Attributes\n  ETIQ  AP V1 Km 284,670 \n  NOM_ACCES  PTLO-L15-009 \n  AXE  LGV V1 \n  PK  284.67 \n  LONGITUDE  0°23'58.5247W \n  LATITUDE  45°3'8.0931N \n  LOT  15 \n  SEI  68 \n  LIBELLE  APP 2846-1 \n  LONG_DD  -0.39959 \n  LAT_DD  45.052248","timestamp":null,"begin":null,"end":null,"altitudeMo":null,"tessellate":"-1","extrude":"0","visibility":"-1","drawOrder":null,"icon":null,"ETIQ":"AP V1 Km 284,670","NOM_ACCES":"PTLO-L15-009","AXE":"LGV V1","PK":"284.67","LONGITUDE":"0°23'58.5247W","LATITUDE":"45°3'8.0931N","LOT":"15","SEI":"68","LIBELLE":"APP 2846-1","LONG_DD":"-0.39959","LAT_DD":"45.052248","gx_media_l":null,"_sp_url":null},"geometry":{"type":"Point","coordinates":[-0.3995899999999999,45.052248000000006,0.0]}},{"id":"1110","type":"Feature","properties":{"Name":"AP V2 Km 284,700","descriptio":"Attributes\n  ETIQ  AP V2 Km 284,700 \n  NOM_ACCES  PTLO-L15-008 \n  AXE  LGV V2 \n  PK  284.7 \n  LONGITUDE  0°24'0.789W \n  LATITUDE  45°3'7.2286N \n  LOT  15 \n  SEI  68 \n  LIBELLE  APP 2847-2 \n  LONG_DD  -0.400219 \n  LAT_DD  45.052008","timestamp":null,"begin":null,"end":null,"altitudeMo":null,"tessellate":"-1","extrude":"0","visibility":"-1","drawOrder":null,"icon":null,"ETIQ":"AP V2 Km 284,700","NOM_ACCES":"PTLO-L15-008","AXE":"LGV V2","PK":"284.7","LONGITUDE":"0°24'0.789W","LATITUDE":"45°3'7.2286N","LOT":"15","SEI":"68","LIBELLE":"APP 2847-2","LONG_DD":"-0.400219","LAT_DD":"45.052008","gx_media_l":null,"_sp_url":null},"geometry":{"type":"Point","coordinates":[-0.4002189999999994,45.05200800000001,0.0]}},{"id":"1111","type":"Feature","properties":{"Name":"AR V1 Km 284,945","descriptio":"Attributes\n  ETIQ  AR V1 Km 284,945 \n  NOM_ACCES  PTLO-L15-011 \n  AXE  LGV V1 \n  PK  284.945 \n  LONGITUDE  0°24'4.1682W \n  LATITUDE  45°3'0.1698N \n  LOT  15 \n  SEI  68 \n  LIBELLE  ARP 2850-1 \n  LONG_DD  -0.401158 \n  LAT_DD  45.050047","timestamp":null,"begin":null,"end":null,"altitudeMo":null,"tessellate":"-1","extrude":"0","visibility":"-1","drawOrder":null,"icon":null,"ETIQ":"AR V1 Km 284,945","NOM_ACCES":"PTLO-L15-011","AXE":"LGV V1","PK":"284.945","LONGITUDE":"0°24'4.1682W","LATITUDE":"45°3'0.1698N","LOT":"15","SEI":"68","LIBELLE":"ARP 2850-1","LONG_DD":"-0.401158","LAT_DD":"45.050047","gx_media_l":null,"_sp_url":null},"geometry":{"type":"Point","coordinates":[-0.4011579999999997,45.050047,0.0]}},{"id":"1112","type":"Feature","properties":{"Name":"AR V1 Km 285,089","descriptio":"Attributes\n  ETIQ  AR V1 Km 285,089 \n  NOM_ACCES  PTLA-L15-005 \n  AXE  LGV V1 \n  PK  285.089 \n  LONGITUDE  0°24'5.6928W \n  LATITUDE  45°2'56.5505N \n  LOT  15 \n  SEI  68 \n  LIBELLE  RRL 2851-1 \n  LONG_DD  -0.401581 \n  LAT_DD  45.049042","timestamp":null,"begin":null,"end":null,"altitudeMo":null,"tessellate":"-1","extrude":"0","visibility":"-1","drawOrder":null,"icon":null,"ETIQ":"AR V1 Km 285,089","NOM_ACCES":"PTLA-L15-005","AXE":"LGV V1","PK":"285.089","LONGITUDE":"0°24'5.6928W","LATITUDE":"45°2'56.5505N","LOT":"15","SEI":"68","LIBELLE":"RRL 2851-1","LONG_DD":"-0.401581","LAT_DD":"45.049042","gx_media_l":null,"_sp_url":null},"geometry":{"type":"Point","coordinates":[-0.4015809999999997,45.049041999999986,0.0]}},{"id":"1113","type":"Feature","properties":{"Name":"AR V2 Km 285,108","descriptio":"Attributes\n  ETIQ  AR V2 Km 285,108 \n  NOM_ACCES  PTLA-L15-006 \n  AXE  LGV V2 \n  PK  285.108 \n  LONGITUDE  0°24'8.1837W \n  LATITUDE  45°2'55.2509N \n  LOT  15 \n  SEI  68 \n  LIBELLE  RRL 2851-2 \n  LONG_DD  -0.402273 \n  LAT_DD  45.048681","timestamp":null,"begin":null,"end":null,"altitudeMo":null,"tessellate":"-1","extrude":"0","visibility":"-1","drawOrder":null,"icon":null,"ETIQ":"AR V2 Km 285,108","NOM_ACCES":"PTLA-L15-006","AXE":"LGV V2","PK":"285.108","LONGITUDE":"0°24'8.1837W","LATITUDE":"45°2'55.2509N","LOT":"15","SEI":"68","LIBELLE":"RRL 2851-2","LONG_DD":"-0.402273","LAT_DD":"45.048681","gx_media_l":null,"_sp_url":null},"geometry":{"type":"Point","coordinates":[-0.40227300000000016,45.048681000000016,0.0]}},{"id":"1114","type":"Feature","properties":{"Name":"AP V2 Km 285,700","descriptio":"Attributes\n  ETIQ  AP V2 Km 285,700 \n  NOM_ACCES  PTLO-L15-010 \n  AXE  LGV V2 \n  PK  285.7 \n  LONGITUDE  0°24'18.6867W \n  LATITUDE  45°2'37.9897N \n  LOT  15 \n  SEI  68 \n  LIBELLE  APP 2857-2 \n  LONG_DD  -0.405191 \n  LAT_DD  45.043886","timestamp":null,"begin":null,"end":null,"altitudeMo":null,"tessellate":"-1","extrude":"0","visibility":"-1","drawOrder":null,"icon":null,"ETIQ":"AP V2 Km 285,700","NOM_ACCES":"PTLO-L15-010","AXE":"LGV V2","PK":"285.7","LONGITUDE":"0°24'18.6867W","LATITUDE":"45°2'37.9897N","LOT":"15","SEI":"68","LIBELLE":"APP 2857-2","LONG_DD":"-0.405191","LAT_DD":"45.043886","gx_media_l":null,"_sp_url":null},"geometry":{"type":"Point","coordinates":[-0.4051909999999997,45.043886000000015,0.0]}},{"id":"1115","type":"Feature","properties":{"Name":"AP V1 Km 286,160","descriptio":"Attributes\n  ETIQ  AP V1 Km 286,160 \n  NOM_ACCES  PTLO-L15-013 \n  AXE  LGV V1 \n  PK  286.16 \n  LONGITUDE  0°24'25.8995W \n  LATITUDE  45°2'24.2441N \n  LOT  15 \n  SEI  68 \n  LIBELLE  APP 2861-1 \n  LONG_DD  -0.407194 \n  LAT_DD  45.040068","timestamp":null,"begin":null,"end":null,"altitudeMo":null,"tessellate":"-1","extrude":"0","visibility":"-1","drawOrder":null,"icon":null,"ETIQ":"AP V1 Km 286,160","NOM_ACCES":"PTLO-L15-013","AXE":"LGV V1","PK":"286.16","LONGITUDE":"0°24'25.8995W","LATITUDE":"45°2'24.2441N","LOT":"15","SEI":"68","LIBELLE":"APP 2861-1","LONG_DD":"-0.407194","LAT_DD":"45.040068","gx_media_l":null,"_sp_url":null},"geometry":{"type":"Point","coordinates":[-0.407194,45.04006799999999,0.0]}},{"id":"1116","type":"Feature","properties":{"Name":"AP V2 Km 286,200","descriptio":"Attributes\n  ETIQ  AP V2 Km 286,200 \n  NOM_ACCES  PTLO-L15-012 \n  AXE  LGV V2 \n  PK  286.2 \n  LONGITUDE  0°24'28.6908W \n  LATITUDE  45°2'22.9726N \n  LOT  15 \n  SEI  68 \n  LIBELLE  APP 2862-2 \n  LONG_DD  -0.40797 \n  LAT_DD  45.039715","timestamp":null,"begin":null,"end":null,"altitudeMo":null,"tessellate":"-1","extrude":"0","visibility":"-1","drawOrder":null,"icon":null,"ETIQ":"AP V2 Km 286,200","NOM_ACCES":"PTLO-L15-012","AXE":"LGV V2","PK":"286.2","LONGITUDE":"0°24'28.6908W","LATITUDE":"45°2'22.9726N","LOT":"15","SEI":"68","LIBELLE":"APP 2862-2","LONG_DD":"-0.40797","LAT_DD":"45.039715","gx_media_l":null,"_sp_url":null},"geometry":{"type":"Point","coordinates":[-0.40796999999999944,45.03971499999999,0.0]}},{"id":"1117","type":"Feature","properties":{"Name":"AP V2 Km 286,710","descriptio":"Attributes\n  ETIQ  AP V2 Km 286,710 \n  NOM_ACCES  PTLO-L15-014 \n  AXE  LGV V2 \n  PK  286.71 \n  LONGITUDE  0°24'38.5343W \n  LATITUDE  45°2'8.4621N \n  LOT  15 \n  SEI  68 \n  LIBELLE  APP 2867-2 \n  LONG_DD  -0.410704 \n  LAT_DD  45.035684","timestamp":null,"begin":null,"end":null,"altitudeMo":null,"tessellate":"-1","extrude":"0","visibility":"-1","drawOrder":null,"icon":null,"ETIQ":"AP V2 Km 286,710","NOM_ACCES":"PTLO-L15-014","AXE":"LGV V2","PK":"286.71","LONGITUDE":"0°24'38.5343W","LATITUDE":"45°2'8.4621N","LOT":"15","SEI":"68","LIBELLE":"APP 2867-2","LONG_DD":"-0.410704","LAT_DD":"45.035684","gx_media_l":null,"_sp_url":null},"geometry":{"type":"Point","coordinates":[-0.4107040000000002,45.035684,0.0]}},{"id":"1118","type":"Feature","properties":{"Name":"AR V1 Km 287,017","descriptio":"Attributes\n  ETIQ  AR V1 Km 287,017 \n  NOM_ACCES  PTLA-L15-007 \n  AXE  LGV V1 \n  PK  287.017 \n  LONGITUDE  0°24'42.6321W \n  LATITUDE  45°2'0.3411N \n  LOT  15 \n  SEI  68 \n  LIBELLE  ARP 2870-1 \n  LONG_DD  -0.411842 \n  LAT_DD  45.033428","timestamp":null,"begin":null,"end":null,"altitudeMo":null,"tessellate":"-1","extrude":"0","visibility":"-1","drawOrder":null,"icon":null,"ETIQ":"AR V1 Km 287,017","NOM_ACCES":"PTLA-L15-007","AXE":"LGV V1","PK":"287.017","LONGITUDE":"0°24'42.6321W","LATITUDE":"45°2'0.3411N","LOT":"15","SEI":"68","LIBELLE":"ARP 2870-1","LONG_DD":"-0.411842","LAT_DD":"45.033428","gx_media_l":null,"_sp_url":null},"geometry":{"type":"Point","coordinates":[-0.4118419999999994,45.033428,0.0]}},{"id":"1119","type":"Feature","properties":{"Name":"AR V2 Km 287,600","descriptio":"Attributes\n  ETIQ  AR V2 Km 287,600 \n  NOM_ACCES  PTLA-L15-008a \n  AXE  LGV V2 \n  PK  287.6 \n  LONGITUDE  0°24'55.0322W \n  LATITUDE  45°1'42.3736N \n  LOT  15 \n  SEI  68 \n  LIBELLE  ARP 2876-2 \n  LONG_DD  -0.415287 \n  LAT_DD  45.028437","timestamp":null,"begin":null,"end":null,"altitudeMo":null,"tessellate":"-1","extrude":"0","visibility":"-1","drawOrder":null,"icon":null,"ETIQ":"AR V2 Km 287,600","NOM_ACCES":"PTLA-L15-008a","AXE":"LGV V2","PK":"287.6","LONGITUDE":"0°24'55.0322W","LATITUDE":"45°1'42.3736N","LOT":"15","SEI":"68","LIBELLE":"ARP 2876-2","LONG_DD":"-0.415287","LAT_DD":"45.028437","gx_media_l":null,"_sp_url":null},"geometry":{"type":"Point","coordinates":[-0.4152870000000002,45.028437000000004,0.0]}},{"id":"1120","type":"Feature","properties":{"Name":"AP V2 Km 288,120","descriptio":"Attributes\n  ETIQ  AP V2 Km 288,120 \n  NOM_ACCES  PTLO-L15-014a \n  AXE  LGV V2 \n  PK  288.12 \n  LONGITUDE  0°25'1.2875W \n  LATITUDE  45°1'25.756N \n  LOT  15 \n  SEI  68 \n  LIBELLE  APP 2881-2 \n  LONG_DD  -0.417024 \n  LAT_DD  45.023821","timestamp":null,"begin":null,"end":null,"altitudeMo":null,"tessellate":"-1","extrude":"0","visibility":"-1","drawOrder":null,"icon":null,"ETIQ":"AP V2 Km 288,120","NOM_ACCES":"PTLO-L15-014a","AXE":"LGV V2","PK":"288.12","LONGITUDE":"0°25'1.2875W","LATITUDE":"45°1'25.756N","LOT":"15","SEI":"68","LIBELLE":"APP 2881-2","LONG_DD":"-0.417024","LAT_DD":"45.023821","gx_media_l":null,"_sp_url":null},"geometry":{"type":"Point","coordinates":[-0.4170240000000003,45.02382099999999,0.0]}},{"id":"1121","type":"Feature","properties":{"Name":"AP V1 Km 288,260","descriptio":"Attributes\n  ETIQ  AP V1 Km 288,260 \n  NOM_ACCES  PTLO-L15-015 \n  AXE  LGV V1 \n  PK  288.26 \n  LONGITUDE  0°25'0.8606W \n  LATITUDE  45°1'21.0267N \n  LOT  15 \n  SEI  68 \n  LIBELLE  APP 2882-1 \n  LONG_DD  -0.416906 \n  LAT_DD  45.022507","timestamp":null,"begin":null,"end":null,"altitudeMo":null,"tessellate":"-1","extrude":"0","visibility":"-1","drawOrder":null,"icon":null,"ETIQ":"AP V1 Km 288,260","NOM_ACCES":"PTLO-L15-015","AXE":"LGV V1","PK":"288.26","LONGITUDE":"0°25'0.8606W","LATITUDE":"45°1'21.0267N","LOT":"15","SEI":"68","LIBELLE":"APP 2882-1","LONG_DD":"-0.416906","LAT_DD":"45.022507","gx_media_l":null,"_sp_url":null},"geometry":{"type":"Point","coordinates":[-0.41690600000000005,45.022507,0.0]}},{"id":"1122","type":"Feature","properties":{"Name":"AP V1 Km 288,730","descriptio":"Attributes\n  ETIQ  AP V1 Km 288,730 \n  NOM_ACCES  PTLA-L15-009 \n  AXE  LGV V1 \n  PK  288.73 \n  LONGITUDE  0°25'6.6231W \n  LATITUDE  45°0'58.7629N \n  LOT  15 \n  SEI  68 \n  LIBELLE  APP 2887-1 \n  LONG_DD  -0.418506 \n  LAT_DD  45.016323","timestamp":null,"begin":null,"end":null,"altitudeMo":null,"tessellate":"-1","extrude":"0","visibility":"-1","drawOrder":null,"icon":null,"ETIQ":"AP V1 Km 288,730","NOM_ACCES":"PTLA-L15-009","AXE":"LGV V1","PK":"288.73","LONGITUDE":"0°25'6.6231W","LATITUDE":"45°0'58.7629N","LOT":"15","SEI":"68","LIBELLE":"APP 2887-1","LONG_DD":"-0.418506","LAT_DD":"45.016323","gx_media_l":null,"_sp_url":null},"geometry":{"type":"Point","coordinates":[-0.4185060000000003,45.01632300000002,0.0]}},{"id":"1123","type":"Feature","properties":{"Name":"AP V2 Km 288,734","descriptio":"Attributes\n  ETIQ  AP V2 Km 288,734 \n  NOM_ACCES  PTLO-L15-016 \n  AXE  LGV V2 \n  PK  288.734 \n  LONGITUDE  0°25'6.4521W \n  LATITUDE  45°1'6.4047N \n  LOT  15 \n  SEI  68 \n  LIBELLE  APP 2887-2 \n  LONG_DD  -0.418459 \n  LAT_DD  45.018446","timestamp":null,"begin":null,"end":null,"altitudeMo":null,"tessellate":"-1","extrude":"0","visibility":"-1","drawOrder":null,"icon":null,"ETIQ":"AP V2 Km 288,734","NOM_ACCES":"PTLO-L15-016","AXE":"LGV V2","PK":"288.734","LONGITUDE":"0°25'6.4521W","LATITUDE":"45°1'6.4047N","LOT":"15","SEI":"68","LIBELLE":"APP 2887-2","LONG_DD":"-0.418459","LAT_DD":"45.018446","gx_media_l":null,"_sp_url":null},"geometry":{"type":"Point","coordinates":[-0.41845900000000014,45.018446000000004,0.0]}},{"id":"1124","type":"Feature","properties":{"Name":"AR V1 Km 288,870","descriptio":"Attributes\n  ETIQ  AR V1 Km 288,870 \n  NOM_ACCES  PTLA-L15-009 \n  AXE  LGV V1 \n  PK  288.87 \n  LONGITUDE  0°25'6.6231W \n  LATITUDE  45°0'58.7629N \n  LOT  15 \n  SEI  68 \n  LIBELLE  RRG 2889-1 \n  LONG_DD  -0.418506 \n  LAT_DD  45.016323","timestamp":null,"begin":null,"end":null,"altitudeMo":null,"tessellate":"-1","extrude":"0","visibility":"-1","drawOrder":null,"icon":null,"ETIQ":"AR V1 Km 288,870","NOM_ACCES":"PTLA-L15-009","AXE":"LGV V1","PK":"288.87","LONGITUDE":"0°25'6.6231W","LATITUDE":"45°0'58.7629N","LOT":"15","SEI":"68","LIBELLE":"RRG 2889-1","LONG_DD":"-0.418506","LAT_DD":"45.016323","gx_media_l":null,"_sp_url":null},"geometry":{"type":"Point","coordinates":[-0.4185060000000003,45.01632300000002,0.0]}},{"id":"1125","type":"Feature","properties":{"Name":"AP V2 Km 289,180","descriptio":"Attributes\n  ETIQ  AP V2 Km 289,180 \n  NOM_ACCES  PTLA-L15-012 \n  AXE  LGV V2 \n  PK  289.18 \n  LONGITUDE  0°25'33.6358W \n  LATITUDE  45°0'4.3889N \n  LOT  15 \n  SEI  68 \n  LIBELLE  APP 2891-2 \n  LONG_DD  -0.42601 \n  LAT_DD  45.001219","timestamp":null,"begin":null,"end":null,"altitudeMo":null,"tessellate":"-1","extrude":"0","visibility":"-1","drawOrder":null,"icon":null,"ETIQ":"AP V2 Km 289,180","NOM_ACCES":"PTLA-L15-012","AXE":"LGV V2","PK":"289.18","LONGITUDE":"0°25'33.6358W","LATITUDE":"45°0'4.3889N","LOT":"15","SEI":"68","LIBELLE":"APP 2891-2","LONG_DD":"-0.42601","LAT_DD":"45.001219","gx_media_l":null,"_sp_url":null},"geometry":{"type":"Point","coordinates":[-0.42601000000000017,45.001219,0.0]}},{"id":"1126","type":"Feature","properties":{"Name":"AP V2 Km 289,180","descriptio":"Attributes\n  ETIQ  AP V2 Km 289,180 \n  NOM_ACCES  PTLA-L15-012 \n  AXE  LGV V2 \n  PK  289.18 \n  LONGITUDE  0°25'10.2513W \n  LATITUDE  45°0'51.9986N \n  LOT  15 \n  SEI  68 \n  LIBELLE  APP 2891-2 \n  LONG_DD  -0.419514 \n  LAT_DD  45.014444","timestamp":null,"begin":null,"end":null,"altitudeMo":null,"tessellate":"-1","extrude":"0","visibility":"-1","drawOrder":null,"icon":null,"ETIQ":"AP V2 Km 289,180","NOM_ACCES":"PTLA-L15-012","AXE":"LGV V2","PK":"289.18","LONGITUDE":"0°25'10.2513W","LATITUDE":"45°0'51.9986N","LOT":"15","SEI":"68","LIBELLE":"APP 2891-2","LONG_DD":"-0.419514","LAT_DD":"45.014444","gx_media_l":null,"_sp_url":null},"geometry":{"type":"Point","coordinates":[-0.4195139999999991,45.01444399999998,0.0]}},{"id":"1127","type":"Feature","properties":{"Name":"AR V2 Km 289,760","descriptio":"Attributes\n  ETIQ  AR V2 Km 289,760 \n  NOM_ACCES  PTLA-L15-010 \n  AXE  LGV V2 \n  PK  289.76 \n  LONGITUDE  0°25'18.0352W \n  LATITUDE  45°0'33.8113N \n  LOT  15 \n  SEI  68 \n  LIBELLE  ARP 2897-2 \n  LONG_DD  -0.421676 \n  LAT_DD  45.009392","timestamp":null,"begin":null,"end":null,"altitudeMo":null,"tessellate":"-1","extrude":"0","visibility":"-1","drawOrder":null,"icon":null,"ETIQ":"AR V2 Km 289,760","NOM_ACCES":"PTLA-L15-010","AXE":"LGV V2","PK":"289.76","LONGITUDE":"0°25'18.0352W","LATITUDE":"45°0'33.8113N","LOT":"15","SEI":"68","LIBELLE":"ARP 2897-2","LONG_DD":"-0.421676","LAT_DD":"45.009392","gx_media_l":null,"_sp_url":null},"geometry":{"type":"Point","coordinates":[-0.42167599999999955,45.00939199999999,0.0]}},{"id":"1128","type":"Feature","properties":{"Name":"AP V1 Km 289,800","descriptio":"Attributes\n  ETIQ  AP V1 Km 289,800 \n  NOM_ACCES  PTLO-L15-017 \n  AXE  LGV V1 \n  PK  289.8 \n  LONGITUDE  0°25'17.3439W \n  LATITUDE  45°0'32.1464N \n  LOT  15 \n  SEI  68 \n  LIBELLE  APP 2898-1 \n  LONG_DD  -0.421484 \n  LAT_DD  45.00893","timestamp":null,"begin":null,"end":null,"altitudeMo":null,"tessellate":"-1","extrude":"0","visibility":"-1","drawOrder":null,"icon":null,"ETIQ":"AP V1 Km 289,800","NOM_ACCES":"PTLO-L15-017","AXE":"LGV V1","PK":"289.8","LONGITUDE":"0°25'17.3439W","LATITUDE":"45°0'32.1464N","LOT":"15","SEI":"68","LIBELLE":"APP 2898-1","LONG_DD":"-0.421484","LAT_DD":"45.00893","gx_media_l":null,"_sp_url":null},"geometry":{"type":"Point","coordinates":[-0.42148399999999975,45.00893,0.0]}},{"id":"1129","type":"Feature","properties":{"Name":"AP V1 Km 290,480","descriptio":"Attributes\n  ETIQ  AP V1 Km 290,480 \n  NOM_ACCES  PTLO-L15-019 \n  AXE  LGV V1 \n  PK  290.48 \n  LONGITUDE  0°25'26.7091W \n  LATITUDE  45°0'11.6734N \n  LOT  15 \n  SEI  68 \n  LIBELLE  APP 2904-1 \n  LONG_DD  -0.424086 \n  LAT_DD  45.003243","timestamp":null,"begin":null,"end":null,"altitudeMo":null,"tessellate":"-1","extrude":"0","visibility":"-1","drawOrder":null,"icon":null,"ETIQ":"AP V1 Km 290,480","NOM_ACCES":"PTLO-L15-019","AXE":"LGV V1","PK":"290.48","LONGITUDE":"0°25'26.7091W","LATITUDE":"45°0'11.6734N","LOT":"15","SEI":"68","LIBELLE":"APP 2904-1","LONG_DD":"-0.424086","LAT_DD":"45.003243","gx_media_l":null,"_sp_url":null},"geometry":{"type":"Point","coordinates":[-0.42408599999999974,45.003242999999976,0.0]}},{"id":"1130","type":"Feature","properties":{"Name":"AP V2 Km 290,600","descriptio":"Attributes\n  ETIQ  AP V2 Km 290,600 \n  NOM_ACCES  PTLO-L15-018 \n  AXE  LGV V2 \n  PK  290.6 \n  LONGITUDE  0°25'29.8329W \n  LATITUDE  45°0'8.1618N \n  LOT  15 \n  SEI  68 \n  LIBELLE  APP 2906-2 \n  LONG_DD  -0.424954 \n  LAT_DD  45.002267","timestamp":null,"begin":null,"end":null,"altitudeMo":null,"tessellate":"-1","extrude":"0","visibility":"-1","drawOrder":null,"icon":null,"ETIQ":"AP V2 Km 290,600","NOM_ACCES":"PTLO-L15-018","AXE":"LGV V2","PK":"290.6","LONGITUDE":"0°25'29.8329W","LATITUDE":"45°0'8.1618N","LOT":"15","SEI":"68","LIBELLE":"APP 2906-2","LONG_DD":"-0.424954","LAT_DD":"45.002267","gx_media_l":null,"_sp_url":null},"geometry":{"type":"Point","coordinates":[-0.4249539999999996,45.00226700000001,0.0]}},{"id":"1131","type":"Feature","properties":{"Name":"AR V2 Km 290,805","descriptio":"Attributes\n  ETIQ  AR V2 Km 290,805 \n  NOM_ACCES  PTLO-L15-020 \n  AXE  LGV V2 \n  PK  290.805 \n  LONGITUDE  0°25'31.5444W \n  LATITUDE  45°0'1.7298N \n  LOT  15 \n  SEI  68 \n  LIBELLE  ARP 2908-2 \n  LONG_DD  -0.425429 \n  LAT_DD  45.000481","timestamp":null,"begin":null,"end":null,"altitudeMo":null,"tessellate":"-1","extrude":"0","visibility":"-1","drawOrder":null,"icon":null,"ETIQ":"AR V2 Km 290,805","NOM_ACCES":"PTLO-L15-020","AXE":"LGV V2","PK":"290.805","LONGITUDE":"0°25'31.5444W","LATITUDE":"45°0'1.7298N","LOT":"15","SEI":"68","LIBELLE":"ARP 2908-2","LONG_DD":"-0.425429","LAT_DD":"45.000481","gx_media_l":null,"_sp_url":null},"geometry":{"type":"Point","coordinates":[-0.42542900000000045,45.000481000000015,0.0]}},{"id":"1132","type":"Feature","properties":{"Name":"AP V2 Km 291,055","descriptio":"Attributes\n  ETIQ  AP V2 Km 291,055 \n  NOM_ACCES  PTLA-L15-016 \n  AXE  LGV V2 \n  PK  291.055 \n  LONGITUDE  0°25'34.5697W \n  LATITUDE  44°59'54.6475N \n  LOT  15 \n  SEI  68 \n  LIBELLE  APP 2910-2 \n  LONG_DD  -0.426269 \n  LAT_DD  44.998513","timestamp":null,"begin":null,"end":null,"altitudeMo":null,"tessellate":"-1","extrude":"0","visibility":"-1","drawOrder":null,"icon":null,"ETIQ":"AP V2 Km 291,055","NOM_ACCES":"PTLA-L15-016","AXE":"LGV V2","PK":"291.055","LONGITUDE":"0°25'34.5697W","LATITUDE":"44°59'54.6475N","LOT":"15","SEI":"68","LIBELLE":"APP 2910-2","LONG_DD":"-0.426269","LAT_DD":"44.998513","gx_media_l":null,"_sp_url":null},"geometry":{"type":"Point","coordinates":[-0.4262690000000001,44.99851300000002,0.0]}},{"id":"1133","type":"Feature","properties":{"Name":"AR V1 Km 291,260","descriptio":"Attributes\n  ETIQ  AR V1 Km 291,260 \n  NOM_ACCES  PTLA-L15-011 \n  AXE  LGV V1 \n  PK  291.26 \n  LONGITUDE  0°25'31.6903W \n  LATITUDE  44°59'45.557N \n  LOT  15 \n  SEI  68 \n  LIBELLE  ARP 2913-1 \n  LONG_DD  -0.42547 \n  LAT_DD  44.995988","timestamp":null,"begin":null,"end":null,"altitudeMo":null,"tessellate":"-1","extrude":"0","visibility":"-1","drawOrder":null,"icon":null,"ETIQ":"AR V1 Km 291,260","NOM_ACCES":"PTLA-L15-011","AXE":"LGV V1","PK":"291.26","LONGITUDE":"0°25'31.6903W","LATITUDE":"44°59'45.557N","LOT":"15","SEI":"68","LIBELLE":"ARP 2913-1","LONG_DD":"-0.42547","LAT_DD":"44.995988","gx_media_l":null,"_sp_url":null},"geometry":{"type":"Point","coordinates":[-0.4254699999999991,44.99598800000003,0.0]}},{"id":"1134","type":"Feature","properties":{"Name":"AP V1 Km 291,720","descriptio":"Attributes\n  ETIQ  AP V1 Km 291,720 \n  NOM_ACCES  PTLO-L15-023 \n  AXE  LGV V1 \n  PK  291.72 \n  LONGITUDE  0°25'33.3207W \n  LATITUDE  44°59'32.0396N \n  LOT  15 \n  SEI  68 \n  LIBELLE  APP 2917-1 \n  LONG_DD  -0.425922 \n  LAT_DD  44.992233","timestamp":null,"begin":null,"end":null,"altitudeMo":null,"tessellate":"-1","extrude":"0","visibility":"-1","drawOrder":null,"icon":null,"ETIQ":"AP V1 Km 291,720","NOM_ACCES":"PTLO-L15-023","AXE":"LGV V1","PK":"291.72","LONGITUDE":"0°25'33.3207W","LATITUDE":"44°59'32.0396N","LOT":"15","SEI":"68","LIBELLE":"APP 2917-1","LONG_DD":"-0.425922","LAT_DD":"44.992233","gx_media_l":null,"_sp_url":null},"geometry":{"type":"Point","coordinates":[-0.42592200000000047,44.992233,0.0]}},{"id":"1135","type":"Feature","properties":{"Name":"AP V1 Km 292,100","descriptio":"Attributes\n  ETIQ  AP V1 Km 292,100 \n  NOM_ACCES  PTLO-L15-025 \n  AXE  LGV V1 \n  PK  292.1 \n  LONGITUDE  0°25'34.0324W \n  LATITUDE  44°59'19.6231N \n  LOT  15 \n  SEI  68 \n  LIBELLE  APP 2921-1 \n  LONG_DD  -0.42612 \n  LAT_DD  44.988784","timestamp":null,"begin":null,"end":null,"altitudeMo":null,"tessellate":"-1","extrude":"0","visibility":"-1","drawOrder":null,"icon":null,"ETIQ":"AP V1 Km 292,100","NOM_ACCES":"PTLO-L15-025","AXE":"LGV V1","PK":"292.1","LONGITUDE":"0°25'34.0324W","LATITUDE":"44°59'19.6231N","LOT":"15","SEI":"68","LIBELLE":"APP 2921-1","LONG_DD":"-0.42612","LAT_DD":"44.988784","gx_media_l":null,"_sp_url":null},"geometry":{"type":"Point","coordinates":[-0.42612000000000017,44.98878400000001,0.0]}},{"id":"1136","type":"Feature","properties":{"Name":"AR V1 Km 292,966","descriptio":"Attributes\n  ETIQ  AR V1 Km 292,966 \n  NOM_ACCES  PTLA-L15-013 \n  AXE  LGV V1 \n  PK  292.966 \n  LONGITUDE  0°25'38.3172W \n  LATITUDE  44°58'54.8642N \n  LOT  15 \n  SEI  68 \n  LIBELLE  ARP 2930-1 \n  LONG_DD  -0.42731 \n  LAT_DD  44.981907","timestamp":null,"begin":null,"end":null,"altitudeMo":null,"tessellate":"-1","extrude":"0","visibility":"-1","drawOrder":null,"icon":null,"ETIQ":"AR V1 Km 292,966","NOM_ACCES":"PTLA-L15-013","AXE":"LGV V1","PK":"292.966","LONGITUDE":"0°25'38.3172W","LATITUDE":"44°58'54.8642N","LOT":"15","SEI":"68","LIBELLE":"ARP 2930-1","LONG_DD":"-0.42731","LAT_DD":"44.981907","gx_media_l":null,"_sp_url":null},"geometry":{"type":"Point","coordinates":[-0.4273100000000006,44.98190700000002,0.0]}},{"id":"1137","type":"Feature","properties":{"Name":"AP V2 Km 293,160","descriptio":"Attributes\n  ETIQ  AP V2 Km 293,160 \n  NOM_ACCES  PTLO-L15-024 \n  AXE  LGV V2 \n  PK  293.16 \n  LONGITUDE  0°25'45.1018W \n  LATITUDE  44°58'46.4315N \n  LOT  15 \n  SEI  68 \n  LIBELLE  APP 2931-2 \n  LONG_DD  -0.429195 \n  LAT_DD  44.979564","timestamp":null,"begin":null,"end":null,"altitudeMo":null,"tessellate":"-1","extrude":"0","visibility":"-1","drawOrder":null,"icon":null,"ETIQ":"AP V2 Km 293,160","NOM_ACCES":"PTLO-L15-024","AXE":"LGV V2","PK":"293.16","LONGITUDE":"0°25'45.1018W","LATITUDE":"44°58'46.4315N","LOT":"15","SEI":"68","LIBELLE":"APP 2931-2","LONG_DD":"-0.429195","LAT_DD":"44.979564","gx_media_l":null,"_sp_url":null},"geometry":{"type":"Point","coordinates":[-0.42919499999999944,44.97956400000001,0.0]}},{"id":"1138","type":"Feature","properties":{"Name":"AP V1 Km 293,180","descriptio":"Attributes\n  ETIQ  AP V1 Km 293,180 \n  NOM_ACCES  PTLO-L15-027 \n  AXE  LGV V1 \n  PK  293.18 \n  LONGITUDE  0°25'42.9974W \n  LATITUDE  44°58'45.1304N \n  LOT  15 \n  SEI  68 \n  LIBELLE  APP 2931-1 \n  LONG_DD  -0.42861 \n  LAT_DD  44.979203","timestamp":null,"begin":null,"end":null,"altitudeMo":null,"tessellate":"-1","extrude":"0","visibility":"-1","drawOrder":null,"icon":null,"ETIQ":"AP V1 Km 293,180","NOM_ACCES":"PTLO-L15-027","AXE":"LGV V1","PK":"293.18","LONGITUDE":"0°25'42.9974W","LATITUDE":"44°58'45.1304N","LOT":"15","SEI":"68","LIBELLE":"APP 2931-1","LONG_DD":"-0.42861","LAT_DD":"44.979203","gx_media_l":null,"_sp_url":null},"geometry":{"type":"Point","coordinates":[-0.4286100000000002,44.979203000000005,0.0]}},{"id":"1139","type":"Feature","properties":{"Name":"AR V2 Km 293,770","descriptio":"Attributes\n  ETIQ  AR V2 Km 293,770 \n  NOM_ACCES  PTLA-L15-018 \n  AXE  LGV V2 \n  PK  293.77 \n  LONGITUDE  0°26'0.5177W \n  LATITUDE  44°58'24.6786N \n  LOT  15 \n  SEI  68 \n  LIBELLE  ARP 2938-2 \n  LONG_DD  -0.433477 \n  LAT_DD  44.973522","timestamp":null,"begin":null,"end":null,"altitudeMo":null,"tessellate":"-1","extrude":"0","visibility":"-1","drawOrder":null,"icon":null,"ETIQ":"AR V2 Km 293,770","NOM_ACCES":"PTLA-L15-018","AXE":"LGV V2","PK":"293.77","LONGITUDE":"0°26'0.5177W","LATITUDE":"44°58'24.6786N","LOT":"15","SEI":"68","LIBELLE":"ARP 2938-2","LONG_DD":"-0.433477","LAT_DD":"44.973522","gx_media_l":null,"_sp_url":null},"geometry":{"type":"Point","coordinates":[-0.4334769999999992,44.973521999999996,0.0]}},{"id":"1140","type":"Feature","properties":{"Name":"AP V2 Km 293,960","descriptio":"Attributes\n  ETIQ  AP V2 Km 293,960 \n  NOM_ACCES  PTLA-L15-018 \n  AXE  LGV V2 \n  PK  293.96 \n  LONGITUDE  0°26'0.5174W \n  LATITUDE  44°58'24.6795N \n  LOT  15 \n  SEI  68 \n  LIBELLE  APP 2939-2 \n  LONG_DD  -0.433477 \n  LAT_DD  44.973522","timestamp":null,"begin":null,"end":null,"altitudeMo":null,"tessellate":"-1","extrude":"0","visibility":"-1","drawOrder":null,"icon":null,"ETIQ":"AP V2 Km 293,960","NOM_ACCES":"PTLA-L15-018","AXE":"LGV V2","PK":"293.96","LONGITUDE":"0°26'0.5174W","LATITUDE":"44°58'24.6795N","LOT":"15","SEI":"68","LIBELLE":"APP 2939-2","LONG_DD":"-0.433477","LAT_DD":"44.973522","gx_media_l":null,"_sp_url":null},"geometry":{"type":"Point","coordinates":[-0.4334769999999992,44.973521999999996,0.0]}},{"id":"1141","type":"Feature","properties":{"Name":"AP V1 Km 293,985","descriptio":"Attributes\n  ETIQ  AP V1 Km 293,985 \n  NOM_ACCES  PTLA-L15-015 \n  AXE  LGV V1 \n  PK  293.985 \n  LONGITUDE  0°25'54.1994W \n  LATITUDE  44°58'20.7577N \n  LOT  15 \n  SEI  68 \n  LIBELLE  APP 2939-1 \n  LONG_DD  -0.431722 \n  LAT_DD  44.972433","timestamp":null,"begin":null,"end":null,"altitudeMo":null,"tessellate":"-1","extrude":"0","visibility":"-1","drawOrder":null,"icon":null,"ETIQ":"AP V1 Km 293,985","NOM_ACCES":"PTLA-L15-015","AXE":"LGV V1","PK":"293.985","LONGITUDE":"0°25'54.1994W","LATITUDE":"44°58'20.7577N","LOT":"15","SEI":"68","LIBELLE":"APP 2939-1","LONG_DD":"-0.431722","LAT_DD":"44.972433","gx_media_l":null,"_sp_url":null},"geometry":{"type":"Point","coordinates":[-0.4317220000000007,44.972433,0.0]}},{"id":"1142","type":"Feature","properties":{"Name":"AR V1 Km 294,355","descriptio":"Attributes\n  ETIQ  AR V1 Km 294,355 \n  NOM_ACCES  PTLA-L15-015 \n  AXE  LGV V1 \n  PK  294.355 \n  LONGITUDE  0°25'54.1994W \n  LATITUDE  44°58'20.7577N \n  LOT  15 \n  SEI  68 \n  LIBELLE  ARP 2944-1 \n  LONG_DD  -0.431722 \n  LAT_DD  44.972433","timestamp":null,"begin":null,"end":null,"altitudeMo":null,"tessellate":"-1","extrude":"0","visibility":"-1","drawOrder":null,"icon":null,"ETIQ":"AR V1 Km 294,355","NOM_ACCES":"PTLA-L15-015","AXE":"LGV V1","PK":"294.355","LONGITUDE":"0°25'54.1994W","LATITUDE":"44°58'20.7577N","LOT":"15","SEI":"68","LIBELLE":"ARP 2944-1","LONG_DD":"-0.431722","LAT_DD":"44.972433","gx_media_l":null,"_sp_url":null},"geometry":{"type":"Point","coordinates":[-0.4317220000000007,44.972433,0.0]}},{"id":"1143","type":"Feature","properties":{"Name":"AR V2 Km 294,374","descriptio":"Attributes\n  ETIQ  AR V2 Km 294,374 \n  NOM_ACCES  PTLA-L15-018 \n  AXE  LGV V2 \n  PK  294.374 \n  LONGITUDE  0°26'0.5177W \n  LATITUDE  44°58'24.6786N \n  LOT  15 \n  SEI  68 \n  LIBELLE  ARP 2944-2 \n  LONG_DD  -0.433477 \n  LAT_DD  44.973522","timestamp":null,"begin":null,"end":null,"altitudeMo":null,"tessellate":"-1","extrude":"0","visibility":"-1","drawOrder":null,"icon":null,"ETIQ":"AR V2 Km 294,374","NOM_ACCES":"PTLA-L15-018","AXE":"LGV V2","PK":"294.374","LONGITUDE":"0°26'0.5177W","LATITUDE":"44°58'24.6786N","LOT":"15","SEI":"68","LIBELLE":"ARP 2944-2","LONG_DD":"-0.433477","LAT_DD":"44.973522","gx_media_l":null,"_sp_url":null},"geometry":{"type":"Point","coordinates":[-0.4334769999999992,44.973521999999996,0.0]}},{"id":"1144","type":"Feature","properties":{"Name":"AP V2 Km 295,087","descriptio":"Attributes\n  ETIQ  AP V2 Km 295,087 \n  NOM_ACCES  PTLO-L15-032 \n  AXE  LGV V2 \n  PK  295.087 \n  LONGITUDE  0°26'22.7929W \n  LATITUDE  44°57'49.9249N \n  LOT  15 \n  SEI  68 \n  LIBELLE  APP 2950-2 \n  LONG_DD  -0.439665 \n  LAT_DD  44.963868","timestamp":null,"begin":null,"end":null,"altitudeMo":null,"tessellate":"-1","extrude":"0","visibility":"-1","drawOrder":null,"icon":null,"ETIQ":"AP V2 Km 295,087","NOM_ACCES":"PTLO-L15-032","AXE":"LGV V2","PK":"295.087","LONGITUDE":"0°26'22.7929W","LATITUDE":"44°57'49.9249N","LOT":"15","SEI":"68","LIBELLE":"APP 2950-2","LONG_DD":"-0.439665","LAT_DD":"44.963868","gx_media_l":null,"_sp_url":null},"geometry":{"type":"Point","coordinates":[-0.43966499999999936,44.96386800000001,0.0]}},{"id":"1145","type":"Feature","properties":{"Name":"AP V1 Km 295,087","descriptio":"Attributes\n  ETIQ  AP V1 Km 295,087 \n  NOM_ACCES  PTLO-L15-032 \n  AXE  LGV V1 \n  PK  295.087 \n  LONGITUDE  0°26'22.7929W \n  LATITUDE  44°57'49.9249N \n  LOT  15 \n  SEI  68 \n  LIBELLE  APP 2950-1 \n  LONG_DD  -0.439665 \n  LAT_DD  44.963868","timestamp":null,"begin":null,"end":null,"altitudeMo":null,"tessellate":"-1","extrude":"0","visibility":"-1","drawOrder":null,"icon":null,"ETIQ":"AP V1 Km 295,087","NOM_ACCES":"PTLO-L15-032","AXE":"LGV V1","PK":"295.087","LONGITUDE":"0°26'22.7929W","LATITUDE":"44°57'49.9249N","LOT":"15","SEI":"68","LIBELLE":"APP 2950-1","LONG_DD":"-0.439665","LAT_DD":"44.963868","gx_media_l":null,"_sp_url":null},"geometry":{"type":"Point","coordinates":[-0.43966499999999936,44.96386800000001,0.0]}},{"id":"1146","type":"Feature","properties":{"Name":"AP V2 Km 295,220","descriptio":"Attributes\n  ETIQ  AP V2 Km 295,220 \n  NOM_ACCES  PTLO-L15-032 \n  AXE  LGV V2 \n  PK  295.22 \n  LONGITUDE  0°26'22.7922W \n  LATITUDE  44°57'49.9256N \n  LOT  15 \n  SEI  68 \n  LIBELLE  APP 2952-2 \n  LONG_DD  -0.439664 \n  LAT_DD  44.963868","timestamp":null,"begin":null,"end":null,"altitudeMo":null,"tessellate":"-1","extrude":"0","visibility":"-1","drawOrder":null,"icon":null,"ETIQ":"AP V2 Km 295,220","NOM_ACCES":"PTLO-L15-032","AXE":"LGV V2","PK":"295.22","LONGITUDE":"0°26'22.7922W","LATITUDE":"44°57'49.9256N","LOT":"15","SEI":"68","LIBELLE":"APP 2952-2","LONG_DD":"-0.439664","LAT_DD":"44.963868","gx_media_l":null,"_sp_url":null},"geometry":{"type":"Point","coordinates":[-0.4396639999999998,44.963868,0.0]}},{"id":"1147","type":"Feature","properties":{"Name":"AP V1 Km 295,495","descriptio":"Attributes\n  ETIQ  AP V1 Km 295,495 \n  NOM_ACCES  PTLO-L15-035 \n  AXE  LGV V1 \n  PK  295.495 \n  LONGITUDE  0°26'33.2343W \n  LATITUDE  44°57'38.5261N \n  LOT  15 \n  SEI  68 \n  LIBELLE  APP 2954-1 \n  LONG_DD  -0.442565 \n  LAT_DD  44.960702","timestamp":null,"begin":null,"end":null,"altitudeMo":null,"tessellate":"-1","extrude":"0","visibility":"-1","drawOrder":null,"icon":null,"ETIQ":"AP V1 Km 295,495","NOM_ACCES":"PTLO-L15-035","AXE":"LGV V1","PK":"295.495","LONGITUDE":"0°26'33.2343W","LATITUDE":"44°57'38.5261N","LOT":"15","SEI":"68","LIBELLE":"APP 2954-1","LONG_DD":"-0.442565","LAT_DD":"44.960702","gx_media_l":null,"_sp_url":null},"geometry":{"type":"Point","coordinates":[-0.4425649999999997,44.96070200000001,0.0]}},{"id":"1148","type":"Feature","properties":{"Name":"AR V1 Km 295,823","descriptio":"Attributes\n  ETIQ  AR V1 Km 295,823 \n  NOM_ACCES  PTLO-L15-037 \n  AXE  LGV V1 \n  PK  295.823 \n  LONGITUDE  0°26'42.0606W \n  LATITUDE  44°57'30.6839N \n  LOT  15 \n  SEI  68 \n  LIBELLE  ARP 2958-1 \n  LONG_DD  -0.445017 \n  LAT_DD  44.958523","timestamp":null,"begin":null,"end":null,"altitudeMo":null,"tessellate":"-1","extrude":"0","visibility":"-1","drawOrder":null,"icon":null,"ETIQ":"AR V1 Km 295,823","NOM_ACCES":"PTLO-L15-037","AXE":"LGV V1","PK":"295.823","LONGITUDE":"0°26'42.0606W","LATITUDE":"44°57'30.6839N","LOT":"15","SEI":"68","LIBELLE":"ARP 2958-1","LONG_DD":"-0.445017","LAT_DD":"44.958523","gx_media_l":null,"_sp_url":null},"geometry":{"type":"Point","coordinates":[-0.4450169999999998,44.958523,0.0]}},{"id":"1149","type":"Feature","properties":{"Name":"AR V2 Km 295,883","descriptio":"Attributes\n  ETIQ  AR V2 Km 295,883 \n  NOM_ACCES  PTLA-L15-020 \n  AXE  LGV V2 \n  PK  295.883 \n  LONGITUDE  0°26'50.0167W \n  LATITUDE  44°57'25.44N \n  LOT  15 \n  SEI  68 \n  LIBELLE  RRL 2959-2 \n  LONG_DD  -0.447227 \n  LAT_DD  44.957067","timestamp":null,"begin":null,"end":null,"altitudeMo":null,"tessellate":"-1","extrude":"0","visibility":"-1","drawOrder":null,"icon":null,"ETIQ":"AR V2 Km 295,883","NOM_ACCES":"PTLA-L15-020","AXE":"LGV V2","PK":"295.883","LONGITUDE":"0°26'50.0167W","LATITUDE":"44°57'25.44N","LOT":"15","SEI":"68","LIBELLE":"RRL 2959-2","LONG_DD":"-0.447227","LAT_DD":"44.957067","gx_media_l":null,"_sp_url":null},"geometry":{"type":"Point","coordinates":[-0.44722699999999993,44.95706699999999,0.0]}},{"id":"1150","type":"Feature","properties":{"Name":"AP V2 Km 296,150","descriptio":"Attributes\n  ETIQ  AP V2 Km 296,150 \n  NOM_ACCES  PTLO-L15-032a \n  AXE  LGV V2 \n  PK  296.15 \n  LONGITUDE  0°26'52.5557W \n  LATITUDE  44°57'23.1103N \n  LOT  15 \n  SEI  68 \n  LIBELLE  APP 2961-2 \n  LONG_DD  -0.447932 \n  LAT_DD  44.95642","timestamp":null,"begin":null,"end":null,"altitudeMo":null,"tessellate":"-1","extrude":"0","visibility":"-1","drawOrder":null,"icon":null,"ETIQ":"AP V2 Km 296,150","NOM_ACCES":"PTLO-L15-032a","AXE":"LGV V2","PK":"296.15","LONGITUDE":"0°26'52.5557W","LATITUDE":"44°57'23.1103N","LOT":"15","SEI":"68","LIBELLE":"APP 2961-2","LONG_DD":"-0.447932","LAT_DD":"44.95642","gx_media_l":null,"_sp_url":null},"geometry":{"type":"Point","coordinates":[-0.44793200000000016,44.95642000000001,0.0]}},{"id":"1151","type":"Feature","properties":{"Name":"AP V1 Km 296,150","descriptio":"Attributes\n  ETIQ  AP V1 Km 296,150 \n  NOM_ACCES  PTLO-L15-037a \n  AXE  LGV V1 \n  PK  296.15 \n  LONGITUDE  0°26'51.0007W \n  LATITUDE  44°57'22.2397N \n  LOT  15 \n  SEI  68 \n  LIBELLE  APP 2961-1 \n  LONG_DD  -0.4475 \n  LAT_DD  44.956178","timestamp":null,"begin":null,"end":null,"altitudeMo":null,"tessellate":"-1","extrude":"0","visibility":"-1","drawOrder":null,"icon":null,"ETIQ":"AP V1 Km 296,150","NOM_ACCES":"PTLO-L15-037a","AXE":"LGV V1","PK":"296.15","LONGITUDE":"0°26'51.0007W","LATITUDE":"44°57'22.2397N","LOT":"15","SEI":"68","LIBELLE":"APP 2961-1","LONG_DD":"-0.4475","LAT_DD":"44.956178","gx_media_l":null,"_sp_url":null},"geometry":{"type":"Point","coordinates":[-0.4475,44.956178,0.0]}},{"id":"1152","type":"Feature","properties":{"Name":"AP V1 Km 297,490","descriptio":"Attributes\n  ETIQ  AP V1 Km 297,490 \n  NOM_ACCES  PTLO-L15-039 \n  AXE  LGV V1 \n  PK  297.49 \n  LONGITUDE  0°27'31.4004W \n  LATITUDE  44°56'47.0042N \n  LOT  15 \n  SEI  68 \n  LIBELLE  APP 2974-1 \n  LONG_DD  -0.458722 \n  LAT_DD  44.94639","timestamp":null,"begin":null,"end":null,"altitudeMo":null,"tessellate":"-1","extrude":"0","visibility":"-1","drawOrder":null,"icon":null,"ETIQ":"AP V1 Km 297,490","NOM_ACCES":"PTLO-L15-039","AXE":"LGV V1","PK":"297.49","LONGITUDE":"0°27'31.4004W","LATITUDE":"44°56'47.0042N","LOT":"15","SEI":"68","LIBELLE":"APP 2974-1","LONG_DD":"-0.458722","LAT_DD":"44.94639","gx_media_l":null,"_sp_url":null},"geometry":{"type":"Point","coordinates":[-0.4587220000000003,44.94639000000001,0.0]}},{"id":"1153","type":"Feature","properties":{"Name":"AP V2 Km 297,500","descriptio":"Attributes\n  ETIQ  AP V2 Km 297,500 \n  NOM_ACCES  PTLO-L15-036 \n  AXE  LGV V2 \n  PK  297.5 \n  LONGITUDE  0°27'30.5374W \n  LATITUDE  44°56'50.4602N \n  LOT  15 \n  SEI  68 \n  LIBELLE  APP 2974-2 \n  LONG_DD  -0.458483 \n  LAT_DD  44.94735","timestamp":null,"begin":null,"end":null,"altitudeMo":null,"tessellate":"-1","extrude":"0","visibility":"-1","drawOrder":null,"icon":null,"ETIQ":"AP V2 Km 297,500","NOM_ACCES":"PTLO-L15-036","AXE":"LGV V2","PK":"297.5","LONGITUDE":"0°27'30.5374W","LATITUDE":"44°56'50.4602N","LOT":"15","SEI":"68","LIBELLE":"APP 2974-2","LONG_DD":"-0.458483","LAT_DD":"44.94735","gx_media_l":null,"_sp_url":null},"geometry":{"type":"Point","coordinates":[-0.4584830000000007,44.94735000000003,0.0]}},{"id":"1154","type":"Feature","properties":{"Name":"AR V2 Km 297,800","descriptio":"Attributes\n  ETIQ  AR V2 Km 297,800 \n  NOM_ACCES  PTLA-L15-022 \n  AXE  LGV V2 \n  PK  297.8 \n  LONGITUDE  0°27'37.0466W \n  LATITUDE  44°56'44.273N \n  LOT  15 \n  SEI  68 \n  LIBELLE  ARP 2978-2 \n  LONG_DD  -0.460291 \n  LAT_DD  44.945631","timestamp":null,"begin":null,"end":null,"altitudeMo":null,"tessellate":"-1","extrude":"0","visibility":"-1","drawOrder":null,"icon":null,"ETIQ":"AR V2 Km 297,800","NOM_ACCES":"PTLA-L15-022","AXE":"LGV V2","PK":"297.8","LONGITUDE":"0°27'37.0466W","LATITUDE":"44°56'44.273N","LOT":"15","SEI":"68","LIBELLE":"ARP 2978-2","LONG_DD":"-0.460291","LAT_DD":"44.945631","gx_media_l":null,"_sp_url":null},"geometry":{"type":"Point","coordinates":[-0.46029100000000006,44.945631000000006,0.0]}},{"id":"1155","type":"Feature","properties":{"Name":"AR V1 Km 297,800","descriptio":"Attributes\n  ETIQ  AR V1 Km 297,800 \n  NOM_ACCES  PTLA-L15-019 \n  AXE  LGV V1 \n  PK  297.8 \n  LONGITUDE  0°27'35.8506W \n  LATITUDE  44°56'43.313N \n  LOT  15 \n  SEI  68 \n  LIBELLE  ARP 2978-1 \n  LONG_DD  -0.459958 \n  LAT_DD  44.945365","timestamp":null,"begin":null,"end":null,"altitudeMo":null,"tessellate":"-1","extrude":"0","visibility":"-1","drawOrder":null,"icon":null,"ETIQ":"AR V1 Km 297,800","NOM_ACCES":"PTLA-L15-019","AXE":"LGV V1","PK":"297.8","LONGITUDE":"0°27'35.8506W","LATITUDE":"44°56'43.313N","LOT":"15","SEI":"68","LIBELLE":"ARP 2978-1","LONG_DD":"-0.459958","LAT_DD":"44.945365","gx_media_l":null,"_sp_url":null},"geometry":{"type":"Point","coordinates":[-0.45995800000000014,44.94536500000002,0.0]}},{"id":"1156","type":"Feature","properties":{"Name":"AP V2 Km 298,690","descriptio":"Attributes\n  ETIQ  AP V2 Km 298,690 \n  NOM_ACCES  PTLA-L15-024 \n  AXE  LGV V2 \n  PK  298.69 \n  LONGITUDE  0°28'9.6404W \n  LATITUDE  44°56'17.3285N \n  LOT  15 \n  SEI  68 \n  LIBELLE  APP 2986-2 \n  LONG_DD  -0.469345 \n  LAT_DD  44.938147","timestamp":null,"begin":null,"end":null,"altitudeMo":null,"tessellate":"-1","extrude":"0","visibility":"-1","drawOrder":null,"icon":null,"ETIQ":"AP V2 Km 298,690","NOM_ACCES":"PTLA-L15-024","AXE":"LGV V2","PK":"298.69","LONGITUDE":"0°28'9.6404W","LATITUDE":"44°56'17.3285N","LOT":"15","SEI":"68","LIBELLE":"APP 2986-2","LONG_DD":"-0.469345","LAT_DD":"44.938147","gx_media_l":null,"_sp_url":null},"geometry":{"type":"Point","coordinates":[-0.4693449999999997,44.938147,0.0]}},{"id":"1157","type":"Feature","properties":{"Name":"AP V2 Km 298,690","descriptio":"Attributes\n  ETIQ  AP V2 Km 298,690 \n  NOM_ACCES  PTLA-L15-024 \n  AXE  LGV V2 \n  PK  298.69 \n  LONGITUDE  0°28'6.8824W \n  LATITUDE  44°56'19.1625N \n  LOT  15 \n  SEI  68 \n  LIBELLE  APP 2986-2 \n  LONG_DD  -0.468578 \n  LAT_DD  44.938656","timestamp":null,"begin":null,"end":null,"altitudeMo":null,"tessellate":"-1","extrude":"0","visibility":"-1","drawOrder":null,"icon":null,"ETIQ":"AP V2 Km 298,690","NOM_ACCES":"PTLA-L15-024","AXE":"LGV V2","PK":"298.69","LONGITUDE":"0°28'6.8824W","LATITUDE":"44°56'19.1625N","LOT":"15","SEI":"68","LIBELLE":"APP 2986-2","LONG_DD":"-0.468578","LAT_DD":"44.938656","gx_media_l":null,"_sp_url":null},"geometry":{"type":"Point","coordinates":[-0.4685779999999992,44.93865600000001,0.0]}},{"id":"1158","type":"Feature","properties":{"Name":"AP V1 Km 298,695","descriptio":"Attributes\n  ETIQ  AP V1 Km 298,695 \n  NOM_ACCES  PTLA-L15-021 \n  AXE  LGV V1 \n  PK  298.695 \n  LONGITUDE  0°28'4.4053W \n  LATITUDE  44°56'15.3449N \n  LOT  15 \n  SEI  68 \n  LIBELLE  APP 2986-1 \n  LONG_DD  -0.46789 \n  LAT_DD  44.937596","timestamp":null,"begin":null,"end":null,"altitudeMo":null,"tessellate":"-1","extrude":"0","visibility":"-1","drawOrder":null,"icon":null,"ETIQ":"AP V1 Km 298,695","NOM_ACCES":"PTLA-L15-021","AXE":"LGV V1","PK":"298.695","LONGITUDE":"0°28'4.4053W","LATITUDE":"44°56'15.3449N","LOT":"15","SEI":"68","LIBELLE":"APP 2986-1","LONG_DD":"-0.46789","LAT_DD":"44.937596","gx_media_l":null,"_sp_url":null},"geometry":{"type":"Point","coordinates":[-0.4678899999999998,44.937596000000006,0.0]}},{"id":"1159","type":"Feature","properties":{"Name":"AP V1 Km 299,125","descriptio":"Attributes\n  ETIQ  AP V1 Km 299,125 \n  NOM_ACCES  PTLO-L15-041 \n  AXE  LGV V1 \n  PK  299.125 \n  LONGITUDE  0°28'19.6741W \n  LATITUDE  44°56'9.0943N \n  LOT  15 \n  SEI  68 \n  LIBELLE  APP 2991-1 \n  LONG_DD  -0.472132 \n  LAT_DD  44.93586","timestamp":null,"begin":null,"end":null,"altitudeMo":null,"tessellate":"-1","extrude":"0","visibility":"-1","drawOrder":null,"icon":null,"ETIQ":"AP V1 Km 299,125","NOM_ACCES":"PTLO-L15-041","AXE":"LGV V1","PK":"299.125","LONGITUDE":"0°28'19.6741W","LATITUDE":"44°56'9.0943N","LOT":"15","SEI":"68","LIBELLE":"APP 2991-1","LONG_DD":"-0.472132","LAT_DD":"44.93586","gx_media_l":null,"_sp_url":null},"geometry":{"type":"Point","coordinates":[-0.47213200000000005,44.93586,0.0]}},{"id":"1160","type":"Feature","properties":{"Name":"AR V2 Km 299,388","descriptio":"Attributes\n  ETIQ  AR V2 Km 299,388 \n  NOM_ACCES  PTLA-L15-028 \n  AXE  LGV V2 \n  PK  299.388 \n  LONGITUDE  0°28'27.1143W \n  LATITUDE  44°56'7.6337N \n  LOT  15 \n  SEI  68 \n  LIBELLE  RRG 2994-2 \n  LONG_DD  -0.474198 \n  LAT_DD  44.935454","timestamp":null,"begin":null,"end":null,"altitudeMo":null,"tessellate":"-1","extrude":"0","visibility":"-1","drawOrder":null,"icon":null,"ETIQ":"AR V2 Km 299,388","NOM_ACCES":"PTLA-L15-028","AXE":"LGV V2","PK":"299.388","LONGITUDE":"0°28'27.1143W","LATITUDE":"44°56'7.6337N","LOT":"15","SEI":"68","LIBELLE":"RRG 2994-2","LONG_DD":"-0.474198","LAT_DD":"44.935454","gx_media_l":null,"_sp_url":null},"geometry":{"type":"Point","coordinates":[-0.47419800000000056,44.93545400000001,0.0]}},{"id":"1161","type":"Feature","properties":{"Name":"AR V1 Km 299,484","descriptio":"Attributes\n  ETIQ  AR V1 Km 299,484 \n  NOM_ACCES  PTLA-L15-025 \n  AXE  LGV V1 \n  PK  299.484 \n  LONGITUDE  0°28'23.5577W \n  LATITUDE  44°56'5.4537N \n  LOT  15 \n  SEI  68 \n  LIBELLE  ARP 2994-1 \n  LONG_DD  -0.47321 \n  LAT_DD  44.934848","timestamp":null,"begin":null,"end":null,"altitudeMo":null,"tessellate":"-1","extrude":"0","visibility":"-1","drawOrder":null,"icon":null,"ETIQ":"AR V1 Km 299,484","NOM_ACCES":"PTLA-L15-025","AXE":"LGV V1","PK":"299.484","LONGITUDE":"0°28'23.5577W","LATITUDE":"44°56'5.4537N","LOT":"15","SEI":"68","LIBELLE":"ARP 2994-1","LONG_DD":"-0.47321","LAT_DD":"44.934848","gx_media_l":null,"_sp_url":null},"geometry":{"type":"Point","coordinates":[-0.4732100000000005,44.93484800000001,0.0]}},{"id":"1162","type":"Feature","properties":{"Name":"AR V1 Km 299,484","descriptio":"Attributes\n  ETIQ  AR V1 Km 299,484 \n  NOM_ACCES  PTLA-L15-025 \n  AXE  LGV V1 \n  PK  299.484 \n  LONGITUDE  0°28'21.1009W \n  LATITUDE  44°56'6.1107N \n  LOT  15 \n  SEI  68 \n  LIBELLE  ARP 2994-1 \n  LONG_DD  -0.472528 \n  LAT_DD  44.935031","timestamp":null,"begin":null,"end":null,"altitudeMo":null,"tessellate":"-1","extrude":"0","visibility":"-1","drawOrder":null,"icon":null,"ETIQ":"AR V1 Km 299,484","NOM_ACCES":"PTLA-L15-025","AXE":"LGV V1","PK":"299.484","LONGITUDE":"0°28'21.1009W","LATITUDE":"44°56'6.1107N","LOT":"15","SEI":"68","LIBELLE":"ARP 2994-1","LONG_DD":"-0.472528","LAT_DD":"44.935031","gx_media_l":null,"_sp_url":null},"geometry":{"type":"Point","coordinates":[-0.4725280000000002,44.93503100000001,0.0]}},{"id":"1163","type":"Feature","properties":{"Name":"AP V2 Km 299,850","descriptio":"Attributes\n  ETIQ  AP V2 Km 299,850 \n  NOM_ACCES  PTLA-L15-014 \n  AXE  AL2 \n  PK  299.85 \n  LONGITUDE  0°28'48.7664W \n  LATITUDE  44°56'3.3453N \n  LOT  15 \n  SEI  68 \n  LIBELLE  APP 2998-2 \n  LONG_DD  -0.480213 \n  LAT_DD  44.934263","timestamp":null,"begin":null,"end":null,"altitudeMo":null,"tessellate":"-1","extrude":"0","visibility":"-1","drawOrder":null,"icon":null,"ETIQ":"AP V2 Km 299,850","NOM_ACCES":"PTLA-L15-014","AXE":"AL2","PK":"299.85","LONGITUDE":"0°28'48.7664W","LATITUDE":"44°56'3.3453N","LOT":"15","SEI":"68","LIBELLE":"APP 2998-2","LONG_DD":"-0.480213","LAT_DD":"44.934263","gx_media_l":null,"_sp_url":null},"geometry":{"type":"Point","coordinates":[-0.4802129999999997,44.934263,0.0]}},{"id":"1164","type":"Feature","properties":{"Name":"AP V2 Km 300,530","descriptio":"Attributes\n  ETIQ  AP V2 Km 300,530 \n  NOM_ACCES  PTLA-L15-034 \n  AXE  AL2 \n  PK  300.53 \n  LONGITUDE  0°29'34.3354W \n  LATITUDE  44°55'53.0868N \n  LOT  15 \n  SEI  68 \n  LIBELLE  APP AL2 3005-2 \n  LONG_DD  -0.492871 \n  LAT_DD  44.931413","timestamp":null,"begin":null,"end":null,"altitudeMo":null,"tessellate":"-1","extrude":"0","visibility":"-1","drawOrder":null,"icon":null,"ETIQ":"AP V2 Km 300,530","NOM_ACCES":"PTLA-L15-034","AXE":"AL2","PK":"300.53","LONGITUDE":"0°29'34.3354W","LATITUDE":"44°55'53.0868N","LOT":"15","SEI":"68","LIBELLE":"APP AL2 3005-2","LONG_DD":"-0.492871","LAT_DD":"44.931413","gx_media_l":null,"_sp_url":null},"geometry":{"type":"Point","coordinates":[-0.4928709999999991,44.931413,0.0]}},{"id":"1165","type":"Feature","properties":{"Name":"AR V2 Km 300,911","descriptio":"Attributes\n  ETIQ  AR V2 Km 300,911 \n  NOM_ACCES  PTLA-L15-034 \n  AXE  AL2 \n  PK  300.911 \n  LONGITUDE  0°29'34.3354W \n  LATITUDE  44°55'53.0868N \n  LOT  15 \n  SEI  68 \n  LIBELLE  RRG 3009-2 \n  LONG_DD  -0.492871 \n  LAT_DD  44.931413","timestamp":null,"begin":null,"end":null,"altitudeMo":null,"tessellate":"-1","extrude":"0","visibility":"-1","drawOrder":null,"icon":null,"ETIQ":"AR V2 Km 300,911","NOM_ACCES":"PTLA-L15-034","AXE":"AL2","PK":"300.911","LONGITUDE":"0°29'34.3354W","LATITUDE":"44°55'53.0868N","LOT":"15","SEI":"68","LIBELLE":"RRG 3009-2","LONG_DD":"-0.492871","LAT_DD":"44.931413","gx_media_l":null,"_sp_url":null},"geometry":{"type":"Point","coordinates":[-0.4928709999999991,44.931413,0.0]}}]}