{"type":"FeatureCollection","features":[{"id":"0","type":"Feature","properties":{"fid":1.0,"ID_TEC_T_G":36.0,"CODE_OBJET":"OAL01-02300","LIBELLE":"PRA 0075","LIBELLE_LO":"PRA 0075 - PPF","AXE":"LGV","VOIE":1.0,"PK_DEB":7570.0,"PK_FIN":null,"CODE_FAMIL":"OA","LIBELLE_FA":"Ouvrage d’Art","INSEE":"37266","COMMUNE":"VEIGNE","DEPARTEMEN":"INDRE-ET-LOIRE","voie_":"LGV1","_ph_path":"C:\\Users\\YCHAKER\\Downloads\\visivi_data_\\gp_2024\\thumbnail_LISEA (00453)_PK7+566_V1.JPG","_pk_fmt":"7+570","_sp_url":null,"_ph_url":"data/photos/oa/0000.jpg"},"geometry":{"type":"Point","coordinates":[0.684491496991419,47.28739014678732]}},{"id":"1","type":"Feature","properties":{"fid":2.0,"ID_TEC_T_G":37.0,"CODE_OBJET":"OAL01-02400","LIBELLE":"VIA 0079","LIBELLE_LO":"VIA 0079 - Viaduc de l'Indre","AXE":"LGV","VOIE":1.0,"PK_DEB":7914.0,"PK_FIN":null,"CODE_FAMIL":"OA","LIBELLE_FA":"Ouvrage d’Art","INSEE":"37154","COMMUNE":"MONTBAZON","DEPARTEMEN":"INDRE-ET-LOIRE","voie_":"LGV1","_ph_path":"C:\\Users\\YCHAKER\\Downloads\\visivi_data_\\gp_2024\\thumbnail_LISEA (00465)_PK7+924_V2.JPG","_pk_fmt":"7+914","_sp_url":null,"_ph_url":"data/photos/oa/0001.jpg"},"geometry":{"type":"Point","coordinates":[0.6828762698505464,47.284493208669836]}},{"id":"2","type":"Feature","properties":{"fid":3.0,"ID_TEC_T_G":38.0,"CODE_OBJET":"OAL01-02700","LIBELLE":"PRO 0110","LIBELLE_LO":"PRO 0110 - RD 84","AXE":"LGV","VOIE":1.0,"PK_DEB":11008.0,"PK_FIN":null,"CODE_FAMIL":"OA","LIBELLE_FA":"Ouvrage d’Art","INSEE":"37250","COMMUNE":"SORIGNY","DEPARTEMEN":"INDRE-ET-LOIRE","voie_":"LGV1","_ph_path":"C:\\Users\\YCHAKER\\Downloads\\visivi_data_\\gp_2024\\thumbnail_LISEA (00591)_PK11+018_V1.JPG","_pk_fmt":"11+008","_sp_url":null,"_ph_url":"data/photos/oa/0002.jpg"},"geometry":{"type":"Point","coordinates":[0.667650981628673,47.25870874680165]}},{"id":"3","type":"Feature","properties":{"fid":4.0,"ID_TEC_T_G":39.0,"CODE_OBJET":"OAL01-02800","LIBELLE":"PRO 0112","LIBELLE_LO":"PRO 0112 - Bret. Nord Echangeur de Sorigny","AXE":"LGV","VOIE":1.0,"PK_DEB":11241.0,"PK_FIN":null,"CODE_FAMIL":"OA","LIBELLE_FA":"Ouvrage d’Art","INSEE":"37250","COMMUNE":"SORIGNY","DEPARTEMEN":"INDRE-ET-LOIRE","voie_":"LGV1","_ph_path":"C:\\Users\\YCHAKER\\Downloads\\visivi_data_\\gp_2024\\thumbnail_LISEA (00599)_PK11+24_V1.JPG","_pk_fmt":"11+241","_sp_url":null,"_ph_url":"data/photos/oa/0003.jpg"},"geometry":{"type":"Point","coordinates":[0.667014976912814,47.2566852168625]}},{"id":"4","type":"Feature","properties":{"fid":5.0,"ID_TEC_T_G":40.0,"CODE_OBJET":"OAL02-02300","LIBELLE":"SDM 0378","LIBELLE_LO":"SDM 0378 - Saut de mouton 1 de maille","AXE":"LGV","VOIE":1.0,"PK_DEB":37837.0,"PK_FIN":null,"CODE_FAMIL":"OA","LIBELLE_FA":"Ouvrage d’Art","INSEE":"37142","COMMUNE":"MAILLE","DEPARTEMEN":"INDRE-ET-LOIRE","voie_":"LGV1","_ph_path":"C:\\Users\\YCHAKER\\Downloads\\visivi_data_\\gp_2024\\thumbnail_LISEA (02043)_PK2+552_RCA2.JPG","_pk_fmt":"37+837","_sp_url":null,"_ph_url":"data/photos/oa/0004.jpg"},"geometry":{"type":"Point","coordinates":[0.587517163928458,47.046468289508674]}},{"id":"5","type":"Feature","properties":{"fid":6.0,"ID_TEC_T_G":41.0,"CODE_OBJET":"OAL02-02400","LIBELLE":"PRA 0380","LIBELLE_LO":"PRA 0380 - RD 158","AXE":"LGV","VOIE":1.0,"PK_DEB":38013.0,"PK_FIN":null,"CODE_FAMIL":"OA","LIBELLE_FA":"Ouvrage d’Art","INSEE":"37142","COMMUNE":"MAILLE","DEPARTEMEN":"INDRE-ET-LOIRE","voie_":"LGV1","_ph_path":"C:\\Users\\YCHAKER\\Downloads\\visivi_data_\\gp_2024\\thumbnail_LISEA (02049)_PK38+011_V2.JPG","_pk_fmt":"38+013","_sp_url":null,"_ph_url":"data/photos/oa/0005.jpg"},"geometry":{"type":"Point","coordinates":[0.5859283129503471,47.04526127173527]}},{"id":"6","type":"Feature","properties":{"fid":7.0,"ID_TEC_T_G":42.0,"CODE_OBJET":"OAL05-01300","LIBELLE":"PRO 0936","LIBELLE_LO":"PRO 0936 - RD 30 (ex. RN 149)","AXE":"LGV","VOIE":1.0,"PK_DEB":93632.0,"PK_FIN":null,"CODE_FAMIL":"OA","LIBELLE_FA":"Ouvrage d’Art","INSEE":"86194","COMMUNE":"POITIERS","DEPARTEMEN":"VIENNE","voie_":"LGV1","_ph_path":"C:\\Users\\YCHAKER\\Downloads\\visivi_data_\\gp_2024\\thumbnail_LISEA (04389)_PK93+631_V1.JPG","_pk_fmt":"93+632","_sp_url":null,"_ph_url":"data/photos/oa/0006.jpg"},"geometry":{"type":"Point","coordinates":[0.3138577783690698,46.602483285274396]}},{"id":"7","type":"Feature","properties":{"fid":8.0,"ID_TEC_T_G":43.0,"CODE_OBJET":"OAL05-01500","LIBELLE":"PRO 0952","LIBELLE_LO":"PRO 0952 - CR à Chars","AXE":"LGV","VOIE":1.0,"PK_DEB":95237.0,"PK_FIN":null,"CODE_FAMIL":"OA","LIBELLE_FA":"Ouvrage d’Art","INSEE":"86027","COMMUNE":"BIARD","DEPARTEMEN":"VIENNE","voie_":"LGV1","_ph_path":"C:\\Users\\YCHAKER\\Downloads\\visivi_data_\\gp_2024\\thumbnail_LISEA (04447)_PK95+224_V1.JPG","_pk_fmt":"95+237","_sp_url":null,"_ph_url":"data/photos/oa/0007.jpg"},"geometry":{"type":"Point","coordinates":[0.3003548905146628,46.591436978535064]}},{"id":"8","type":"Feature","properties":{"fid":9.0,"ID_TEC_T_G":44.0,"CODE_OBJET":"OAL02-01500","LIBELLE":"PRO 0315","LIBELLE_LO":"PRO 0315 - RD 59","AXE":"LGV","VOIE":1.0,"PK_DEB":31564.0,"PK_FIN":null,"CODE_FAMIL":"OA","LIBELLE_FA":"Ouvrage d’Art","INSEE":"37098","COMMUNE":"DRACHE","DEPARTEMEN":"INDRE-ET-LOIRE","voie_":"LGV1","_ph_path":"C:\\Users\\YCHAKER\\Downloads\\visivi_data_\\gp_2024\\thumbnail_LISEA (01588)_PK31+568_V1.JPG","_pk_fmt":"31+564","_sp_url":null,"_ph_url":"data/photos/oa/0008.jpg"},"geometry":{"type":"Point","coordinates":[0.6488062329153221,47.0840463132112]}},{"id":"9","type":"Feature","properties":{"fid":10.0,"ID_TEC_T_G":45.0,"CODE_OBJET":"OAL02-01600","LIBELLE":"PRO 0323","LIBELLE_LO":"PRO 0323 - VC 5","AXE":"LGV","VOIE":1.0,"PK_DEB":32367.0,"PK_FIN":null,"CODE_FAMIL":"OA","LIBELLE_FA":"Ouvrage d’Art","INSEE":"37098","COMMUNE":"DRACHE","DEPARTEMEN":"INDRE-ET-LOIRE","voie_":"LGV1","_ph_path":"C:\\Users\\YCHAKER\\Downloads\\visivi_data_\\gp_2024\\thumbnail_LISEA (01621)_PK32+369_V1.JPG","_pk_fmt":"32+367","_sp_url":null,"_ph_url":"data/photos/oa/0009.jpg"},"geometry":{"type":"Point","coordinates":[0.6403343452877648,47.07971002516166]}},{"id":"10","type":"Feature","properties":{"fid":11.0,"ID_TEC_T_G":46.0,"CODE_OBJET":"OAL02-01700","LIBELLE":"PRO 0332","LIBELLE_LO":"PRO 0332 - VC 363","AXE":"LGV","VOIE":1.0,"PK_DEB":33275.0,"PK_FIN":null,"CODE_FAMIL":"OA","LIBELLE_FA":"Ouvrage d’Art","INSEE":"37098","COMMUNE":"DRACHE","DEPARTEMEN":"INDRE-ET-LOIRE","voie_":"LGV1","_ph_path":"C:\\Users\\YCHAKER\\Downloads\\visivi_data_\\gp_2024\\thumbnail_LISEA (01657)_PK33+264_V2.JPG","_pk_fmt":"33+275","_sp_url":null,"_ph_url":"data/photos/oa/0010.jpg"},"geometry":{"type":"Point","coordinates":[0.6305918004625835,47.07495430921001]}},{"id":"11","type":"Feature","properties":{"fid":12.0,"ID_TEC_T_G":47.0,"CODE_OBJET":"OAL02-01800","LIBELLE":"PRA 0341","LIBELLE_LO":"PRA 0341 - VC 6","AXE":"LGV","VOIE":1.0,"PK_DEB":34147.0,"PK_FIN":null,"CODE_FAMIL":"OA","LIBELLE_FA":"Ouvrage d’Art","INSEE":"37098","COMMUNE":"DRACHE","DEPARTEMEN":"INDRE-ET-LOIRE","voie_":"LGV1","_ph_path":"C:\\Users\\YCHAKER\\Downloads\\visivi_data_\\gp_2024\\thumbnail_LISEA (01691)_PK34+157_V1.JPG","_pk_fmt":"34+147","_sp_url":null,"_ph_url":"data/photos/oa/0011.jpg"},"geometry":{"type":"Point","coordinates":[0.6214790444391761,47.07018301703937]}},{"id":"12","type":"Feature","properties":{"fid":13.0,"ID_TEC_T_G":48.0,"CODE_OBJET":"OAL06-01600","LIBELLE":"PRA 1208","LIBELLE_LO":"PRA 1208 - RD 97","AXE":"LGV","VOIE":1.0,"PK_DEB":120830.0,"PK_FIN":null,"CODE_FAMIL":"OA","LIBELLE_FA":"Ouvrage d’Art","INSEE":"86045","COMMUNE":"CELLE-LEVESCAULT","DEPARTEMEN":"VIENNE","voie_":"LGV1","_ph_path":"C:\\Users\\YCHAKER\\Downloads\\visivi_data_\\gp_2024\\thumbnail_LISEA (05603)_PK120+83_V1.JPG","_pk_fmt":"120+830","_sp_url":null,"_ph_url":"data/photos/oa/0012.jpg"},"geometry":{"type":"Point","coordinates":[0.18392166358528642,46.379804990959826]}},{"id":"13","type":"Feature","properties":{"fid":14.0,"ID_TEC_T_G":49.0,"CODE_OBJET":"OAL07-00100","LIBELLE":"PRO 1232","LIBELLE_LO":"PRO 1232 - RD 29","AXE":"LGV","VOIE":1.0,"PK_DEB":123162.0,"PK_FIN":null,"CODE_FAMIL":"OA","LIBELLE_FA":"Ouvrage d’Art","INSEE":"86188","COMMUNE":"PAYRE","DEPARTEMEN":"VIENNE","voie_":"LGV1","_ph_path":"C:\\Users\\YCHAKER\\Downloads\\visivi_data_\\gp_2024\\thumbnail_LISEA (05693)_PK123+163_V1.JPG","_pk_fmt":"123+162","_sp_url":null,"_ph_url":"data/photos/oa/0013.jpg"},"geometry":{"type":"Point","coordinates":[0.16723948765116686,46.36226449861665]}},{"id":"14","type":"Feature","properties":{"fid":15.0,"ID_TEC_T_G":50.0,"CODE_OBJET":"OAL07-00200","LIBELLE":"PRO 1238","LIBELLE_LO":"PRO 1238 - RD 7","AXE":"LGV","VOIE":1.0,"PK_DEB":123796.0,"PK_FIN":null,"CODE_FAMIL":"OA","LIBELLE_FA":"Ouvrage d’Art","INSEE":"86188","COMMUNE":"PAYRE","DEPARTEMEN":"VIENNE","voie_":"LGV1","_ph_path":"C:\\Users\\YCHAKER\\Downloads\\visivi_data_\\gp_2024\\thumbnail_LISEA (05717)_PK123+782_V1.JPG","_pk_fmt":"123+796","_sp_url":null,"_ph_url":"data/photos/oa/0014.jpg"},"geometry":{"type":"Point","coordinates":[0.16304490817157263,46.35734984115611]}},{"id":"15","type":"Feature","properties":{"fid":16.0,"ID_TEC_T_G":51.0,"CODE_OBJET":"OAL07-00300","LIBELLE":"PRA 1253","LIBELLE_LO":"PRA 1253 - VC27 + rando","AXE":"LGV","VOIE":1.0,"PK_DEB":125275.0,"PK_FIN":null,"CODE_FAMIL":"OA","LIBELLE_FA":"Ouvrage d’Art","INSEE":"86188","COMMUNE":"PAYRE","DEPARTEMEN":"VIENNE","voie_":"LGV1","_ph_path":"C:\\Users\\YCHAKER\\Downloads\\visivi_data_\\gp_2024\\thumbnail_LISEA (05772)_PK125+276_V1.JPG","_pk_fmt":"125+275","_sp_url":null,"_ph_url":"data/photos/oa/0015.jpg"},"geometry":{"type":"Point","coordinates":[0.15445502819440923,46.34544005469675]}},{"id":"16","type":"Feature","properties":{"fid":17.0,"ID_TEC_T_G":52.0,"CODE_OBJET":"OAL07-00500","LIBELLE":"PRO 1263","LIBELLE_LO":"PRO 1263 - VC 15","AXE":"LGV","VOIE":1.0,"PK_DEB":126280.0,"PK_FIN":null,"CODE_FAMIL":"OA","LIBELLE_FA":"Ouvrage d’Art","INSEE":"79230","COMMUNE":"ROM","DEPARTEMEN":"DEUX-SEVRES","voie_":"LGV1","_ph_path":"C:\\Users\\YCHAKER\\Downloads\\visivi_data_\\gp_2024\\thumbnail_LISEA (05811)_PK126+277_V1.JPG","_pk_fmt":"126+280","_sp_url":null,"_ph_url":"data/photos/oa/0016.jpg"},"geometry":{"type":"Point","coordinates":[0.14962499714069047,46.337037994622854]}},{"id":"17","type":"Feature","properties":{"fid":18.0,"ID_TEC_T_G":53.0,"CODE_OBJET":"OAL07-00600","LIBELLE":"PRO 1276","LIBELLE_LO":"PRO 1276 - CR Vallée Rouge","AXE":"LGV","VOIE":1.0,"PK_DEB":127605.0,"PK_FIN":null,"CODE_FAMIL":"OA","LIBELLE_FA":"Ouvrage d’Art","INSEE":"79230","COMMUNE":"ROM","DEPARTEMEN":"DEUX-SEVRES","voie_":"LGV1","_ph_path":"C:\\Users\\YCHAKER\\Downloads\\visivi_data_\\gp_2024\\thumbnail_LISEA (05858)_PK127+602_V2.JPG","_pk_fmt":"127+605","_sp_url":null,"_ph_url":"data/photos/oa/0017.jpg"},"geometry":{"type":"Point","coordinates":[0.14445993356880146,46.32565570171704]}},{"id":"18","type":"Feature","properties":{"fid":19.0,"ID_TEC_T_G":54.0,"CODE_OBJET":"OAL07-00800","LIBELLE":"PRA 1290","LIBELLE_LO":"PRA 1290 - VC 16 + rando","AXE":"LGV","VOIE":1.0,"PK_DEB":128995.0,"PK_FIN":null,"CODE_FAMIL":"OA","LIBELLE_FA":"Ouvrage d’Art","INSEE":"79230","COMMUNE":"ROM","DEPARTEMEN":"DEUX-SEVRES","voie_":"LGV1","_ph_path":"C:\\Users\\YCHAKER\\Downloads\\visivi_data_\\gp_2024\\thumbnail_LISEA (05913)_PK128+998_V1.JPG","_pk_fmt":"128+995","_sp_url":null,"_ph_url":"data/photos/oa/0018.jpg"},"geometry":{"type":"Point","coordinates":[0.13963103304265903,46.31360113146707]}},{"id":"19","type":"Feature","properties":{"fid":20.0,"ID_TEC_T_G":55.0,"CODE_OBJET":"OAL07-01000","LIBELLE":"PRO 1305","LIBELLE_LO":"PRO 1305 - VC 40 + rando","AXE":"LGV","VOIE":1.0,"PK_DEB":130468.0,"PK_FIN":null,"CODE_FAMIL":"OA","LIBELLE_FA":"Ouvrage d’Art","INSEE":"79230","COMMUNE":"ROM","DEPARTEMEN":"DEUX-SEVRES","voie_":"LGV1","_ph_path":"C:\\Users\\YCHAKER\\Downloads\\visivi_data_\\gp_2024\\thumbnail_LISEA (05967)_PK130+474_V2.JPG","_pk_fmt":"130+468","_sp_url":null,"_ph_url":"data/photos/oa/0019.jpg"},"geometry":{"type":"Point","coordinates":[0.13560024824217645,46.300644049536004]}},{"id":"20","type":"Feature","properties":{"fid":21.0,"ID_TEC_T_G":75.0,"CODE_OBJET":"OAL01-04400","LIBELLE":"PRA 0198","LIBELLE_LO":"PRA 0198 - Saut de mouton de st catherine fierbois","AXE":"LGV","VOIE":1.0,"PK_DEB":19811.0,"PK_FIN":null,"CODE_FAMIL":"OA","LIBELLE_FA":"Ouvrage d’Art","INSEE":"37278","COMMUNE":"VILLEPERDUE","DEPARTEMEN":"INDRE-ET-LOIRE","voie_":"LGV1","_ph_path":"C:\\Users\\YCHAKER\\Downloads\\visivi_data_\\gp_2024\\thumbnail_LISEA (01124)_PK19+814_V1.JPG","_pk_fmt":"19+811","_sp_url":null,"_ph_url":"data/photos/oa/0020.jpg"},"geometry":{"type":"Point","coordinates":[0.6591302433316016,47.180245005009084]}},{"id":"21","type":"Feature","properties":{"fid":22.0,"ID_TEC_T_G":76.0,"CODE_OBJET":"OAL01-04500","LIBELLE":"PRA 0201","LIBELLE_LO":"PRA 0201 - Rui. Le Montison Amont","AXE":"LGV","VOIE":1.0,"PK_DEB":20165.0,"PK_FIN":null,"CODE_FAMIL":"OA","LIBELLE_FA":"Ouvrage d’Art","INSEE":"37212","COMMUNE":"SAINTE-CATHERINE-DE-FIERBOIS","DEPARTEMEN":"INDRE-ET-LOIRE","voie_":"LGV1","_ph_path":"C:\\Users\\YCHAKER\\Downloads\\visivi_data_\\gp_2024\\thumbnail_LISEA (01137)_PK20+159_V2.JPG","_pk_fmt":"20+165","_sp_url":null,"_ph_url":"data/photos/oa/0021.jpg"},"geometry":{"type":"Point","coordinates":[0.6604622864208836,47.177221039767]}},{"id":"22","type":"Feature","properties":{"fid":23.0,"ID_TEC_T_G":77.0,"CODE_OBJET":"OAL01-04700","LIBELLE":"PRA 0224+2","LIBELLE_LO":"PRA 0224+2 - RD 101","AXE":"LGV","VOIE":1.0,"PK_DEB":22420.0,"PK_FIN":null,"CODE_FAMIL":"OA","LIBELLE_FA":"Ouvrage d’Art","INSEE":"37212","COMMUNE":"SAINTE-CATHERINE-DE-FIERBOIS","DEPARTEMEN":"INDRE-ET-LOIRE","voie_":"LGV1","_ph_path":"C:\\Users\\YCHAKER\\Downloads\\visivi_data_\\gp_2024\\thumbnail_LISEA (01223)_PK22+412_V1.JPG","_pk_fmt":"22+420","_sp_url":null,"_ph_url":"data/photos/oa/0022.jpg"},"geometry":{"type":"Point","coordinates":[0.6725782029986686,47.15869065032966]}},{"id":"23","type":"Feature","properties":{"fid":24.0,"ID_TEC_T_G":78.0,"CODE_OBJET":"OAL01-04800","LIBELLE":"PRA 0224+7","LIBELLE_LO":"PRA 0224+7 - PGF + OH les coudrais","AXE":"LGV","VOIE":1.0,"PK_DEB":22477.0,"PK_FIN":null,"CODE_FAMIL":"OA","LIBELLE_FA":"Ouvrage d’Art","INSEE":"37212","COMMUNE":"SAINTE-CATHERINE-DE-FIERBOIS","DEPARTEMEN":"INDRE-ET-LOIRE","voie_":"LGV1","_ph_path":"C:\\Users\\YCHAKER\\Downloads\\visivi_data_\\gp_2024\\thumbnail_LISEA (01226)_PK22+491_V2.JPG","_pk_fmt":"22+477","_sp_url":null,"_ph_url":"data/photos/oa/0023.jpg"},"geometry":{"type":"Point","coordinates":[0.6729121063810999,47.15820560564479]}},{"id":"24","type":"Feature","properties":{"fid":25.0,"ID_TEC_T_G":79.0,"CODE_OBJET":"OAL02-00100","LIBELLE":"PRO CA0 0000","LIBELLE_LO":"PRO CA0 0000 - VC 152","AXE":"CA1","VOIE":1.0,"PK_DEB":84.0,"PK_FIN":null,"CODE_FAMIL":"OA","LIBELLE_FA":"Ouvrage d’Art","INSEE":"37045","COMMUNE":"CELLE-SAINT-AVANT (LA)","DEPARTEMEN":"INDRE-ET-LOIRE","voie_":"CA11","_ph_path":"C:\\Users\\YCHAKER\\Downloads\\visivi_data_\\gp_2024\\thumbnail_LISEA (01918)_PK0+641_RCA2.JPG","_pk_fmt":"0+084","_sp_url":null,"_ph_url":"data/photos/oa/0024.jpg"},"geometry":{"type":"Point","coordinates":[0.5929454328267361,47.02384467917112]}},{"id":"25","type":"Feature","properties":{"fid":26.0,"ID_TEC_T_G":80.0,"CODE_OBJET":"OAL02-00200","LIBELLE":"PRA CA1 0020","LIBELLE_LO":"PRA CA1 0020 - RD 158","AXE":"CA1","VOIE":1.0,"PK_DEB":2041.0,"PK_FIN":null,"CODE_FAMIL":"OA","LIBELLE_FA":"Ouvrage d’Art","INSEE":"37142","COMMUNE":"MAILLE","DEPARTEMEN":"INDRE-ET-LOIRE","voie_":"CA11","_ph_path":"C:\\Users\\YCHAKER\\Downloads\\visivi_data_\\gp_2024\\thumbnail_LISEA (01991)_PK2+041_RCA1.JPG","_pk_fmt":"2+041","_sp_url":null,"_ph_url":"data/photos/oa/0025.jpg"},"geometry":{"type":"Point","coordinates":[0.5863806578160299,47.04195605882733]}},{"id":"26","type":"Feature","properties":{"fid":27.0,"ID_TEC_T_G":81.0,"CODE_OBJET":"OAL04-00200","LIBELLE":"MSO MA1 0005","LIBELLE_LO":"MSO MA1 0005 - Mur de soutenement sud V1 dela folie","AXE":"MA1","VOIE":1.0,"PK_DEB":564.0,"PK_FIN":null,"CODE_FAMIL":"OA","LIBELLE_FA":"Ouvrage d’Art","INSEE":"86194","COMMUNE":"POITIERS","DEPARTEMEN":"VIENNE","voie_":"MA11","_ph_path":"C:\\Users\\YCHAKER\\Downloads\\visivi_data_\\gp_2024\\thumbnail_LISEA (04119)_PK0+607_RMA2.JPG","_pk_fmt":"0+564","_sp_url":null,"_ph_url":"data/photos/oa/0026.jpg"},"geometry":{"type":"Point","coordinates":[0.35145885849851677,46.61340910805479]}},{"id":"27","type":"Feature","properties":{"fid":28.0,"ID_TEC_T_G":82.0,"CODE_OBJET":"OAL04-00500","LIBELLE":"MSO MA0 0017","LIBELLE_LO":"MSO MA0 0017 - Mur nord de l'estacade de la folie","AXE":"MA1","VOIE":1.0,"PK_DEB":1714.0,"PK_FIN":null,"CODE_FAMIL":"OA","LIBELLE_FA":"Ouvrage d’Art","INSEE":"86158","COMMUNE":"MIGNE-AUXANCES","DEPARTEMEN":"VIENNE","voie_":"MA11","_ph_path":"C:\\Users\\YCHAKER\\Downloads\\visivi_data_\\gp_2024\\thumbnail_LISEA (04083)_PK1+695_RMA2.JPG","_pk_fmt":"1+714","_sp_url":null,"_ph_url":"data/photos/oa/0027.jpg"},"geometry":{"type":"Point","coordinates":[0.3519272394025105,46.623115977743794]}},{"id":"28","type":"Feature","properties":{"fid":29.0,"ID_TEC_T_G":83.0,"CODE_OBJET":"OAL04-00700","LIBELLE":"TRC MA0 0022","LIBELLE_LO":"TRC MA0 0022 - Tranchée couverte de Migne Auxance","AXE":"MA1","VOIE":1.0,"PK_DEB":2188.0,"PK_FIN":null,"CODE_FAMIL":"OA","LIBELLE_FA":"Ouvrage d’Art","INSEE":"86158","COMMUNE":"MIGNE-AUXANCES","DEPARTEMEN":"VIENNE","voie_":"MA11","_ph_path":"C:\\Users\\YCHAKER\\Downloads\\visivi_data_\\gp_2024\\thumbnail_LISEA (04067)_PK2+193_RMA2.JPG","_pk_fmt":"2+188","_sp_url":null,"_ph_url":"data/photos/oa/0028.jpg"},"geometry":{"type":"Point","coordinates":[0.35066940211110553,46.62753218815282]}},{"id":"29","type":"Feature","properties":{"fid":30.0,"ID_TEC_T_G":84.0,"CODE_OBJET":"OAL02-02000","LIBELLE":"TRC 0360","LIBELLE_LO":"TRC 0360 - Tranchée couverte de Maille","AXE":"LGV","VOIE":1.0,"PK_DEB":36020.0,"PK_FIN":null,"CODE_FAMIL":"OA","LIBELLE_FA":"Ouvrage d’Art","INSEE":"37142","COMMUNE":"MAILLE","DEPARTEMEN":"INDRE-ET-LOIRE","voie_":"LGV1","_ph_path":"C:\\Users\\YCHAKER\\Downloads\\visivi_data_\\gp_2024\\thumbnail_LISEA (01773)_PK36+022_V1.JPG","_pk_fmt":"36+020","_sp_url":null,"_ph_url":"data/photos/oa/0029.jpg"},"geometry":{"type":"Point","coordinates":[0.6040019818324855,47.05825485891874]}},{"id":"30","type":"Feature","properties":{"fid":31.0,"ID_TEC_T_G":85.0,"CODE_OBJET":"OAL09-00300","LIBELLE":"PRO 1612","LIBELLE_LO":"PRO 1612 - VC3","AXE":"LGV","VOIE":1.0,"PK_DEB":161244.0,"PK_FIN":null,"CODE_FAMIL":"OA","LIBELLE_FA":"Ouvrage d’Art","INSEE":"16409","COMMUNE":"VILLEFAGNAN","DEPARTEMEN":"CHARENTE","voie_":"LGV1","_ph_path":"C:\\Users\\YCHAKER\\Downloads\\visivi_data_\\gp_2024\\thumbnail_LISEA (07087)_PK161+247_V1.JPG","_pk_fmt":"161+244","_sp_url":null,"_ph_url":"data/photos/oa/0030.jpg"},"geometry":{"type":"Point","coordinates":[0.12523166854633147,46.02482234770762]}},{"id":"31","type":"Feature","properties":{"fid":32.0,"ID_TEC_T_G":86.0,"CODE_OBJET":"OAL09-00400","LIBELLE":"PRA 1621","LIBELLE_LO":"PRA 1621 - RD 740","AXE":"LGV","VOIE":1.0,"PK_DEB":162134.0,"PK_FIN":null,"CODE_FAMIL":"OA","LIBELLE_FA":"Ouvrage d’Art","INSEE":"16273","COMMUNE":"RAIX","DEPARTEMEN":"CHARENTE","voie_":"LGV1","_ph_path":"C:\\Users\\YCHAKER\\Downloads\\visivi_data_\\gp_2024\\thumbnail_LISEA (07121)_PK162+138_V2.JPG","_pk_fmt":"162+134","_sp_url":null,"_ph_url":"data/photos/oa/0031.jpg"},"geometry":{"type":"Point","coordinates":[0.12457326609740714,46.016822275961935]}},{"id":"32","type":"Feature","properties":{"fid":33.0,"ID_TEC_T_G":87.0,"CODE_OBJET":"OAL09-00600","LIBELLE":"PRO 1647","LIBELLE_LO":"PRO 1647 - RD27 + RANDO","AXE":"LGV","VOIE":1.0,"PK_DEB":164692.0,"PK_FIN":null,"CODE_FAMIL":"OA","LIBELLE_FA":"Ouvrage d’Art","INSEE":"16110","COMMUNE":"COURCOME","DEPARTEMEN":"CHARENTE","voie_":"LGV1","_ph_path":"C:\\Users\\YCHAKER\\Downloads\\visivi_data_\\gp_2024\\thumbnail_LISEA (07217)_PK164+683_V2.JPG","_pk_fmt":"164+692","_sp_url":null,"_ph_url":"data/photos/oa/0032.jpg"},"geometry":{"type":"Point","coordinates":[0.12268305380513497,45.99382690967192]}},{"id":"33","type":"Feature","properties":{"fid":34.0,"ID_TEC_T_G":88.0,"CODE_OBJET":"OAL09-00700","LIBELLE":"PRA 1662","LIBELLE_LO":"PRA 1662 - OH e Fontiaud","AXE":"LGV","VOIE":1.0,"PK_DEB":166190.0,"PK_FIN":null,"CODE_FAMIL":"OA","LIBELLE_FA":"Ouvrage d’Art","INSEE":"16110","COMMUNE":"COURCOME","DEPARTEMEN":"CHARENTE","voie_":"LGV1","_ph_path":"C:\\Users\\YCHAKER\\Downloads\\visivi_data_\\gp_2024\\thumbnail_LISEA (07269)_PK166+184_V2.JPG","_pk_fmt":"166+190","_sp_url":null,"_ph_url":"data/photos/oa/0033.jpg"},"geometry":{"type":"Point","coordinates":[0.12226561495798058,45.98030565496608]}},{"id":"34","type":"Feature","properties":{"fid":35.0,"ID_TEC_T_G":89.0,"CODE_OBJET":"OAL09-00800","LIBELLE":"PRO 1665","LIBELLE_LO":"PRO 1665 - RD335 + RANDO","AXE":"LGV","VOIE":1.0,"PK_DEB":166473.0,"PK_FIN":null,"CODE_FAMIL":"OA","LIBELLE_FA":"Ouvrage d’Art","INSEE":"16110","COMMUNE":"COURCOME","DEPARTEMEN":"CHARENTE","voie_":"LGV1","_ph_path":"C:\\Users\\YCHAKER\\Downloads\\visivi_data_\\gp_2024\\thumbnail_LISEA (07280)_PK166+483_V2.JPG","_pk_fmt":"166+473","_sp_url":null,"_ph_url":"data/photos/oa/0034.jpg"},"geometry":{"type":"Point","coordinates":[0.12227199591796571,45.977793786047954]}},{"id":"35","type":"Feature","properties":{"fid":36.0,"ID_TEC_T_G":90.0,"CODE_OBJET":"OAL09-01000","LIBELLE":"PRO 1684","LIBELLE_LO":"PRO 1684 - VC305 + RANIDO","AXE":"LGV","VOIE":1.0,"PK_DEB":168429.0,"PK_FIN":null,"CODE_FAMIL":"OA","LIBELLE_FA":"Ouvrage d’Art","INSEE":"16083","COMMUNE":"CHARME","DEPARTEMEN":"CHARENTE","voie_":"LGV1","_ph_path":"C:\\Users\\YCHAKER\\Downloads\\visivi_data_\\gp_2024\\thumbnail_LISEA (07356)_PK168+429_V2.JPG","_pk_fmt":"168+429","_sp_url":null,"_ph_url":"data/photos/oa/0035.jpg"},"geometry":{"type":"Point","coordinates":[0.12309748653486423,45.960198509163135]}},{"id":"36","type":"Feature","properties":{"fid":37.0,"ID_TEC_T_G":91.0,"CODE_OBJET":"OAL09-01100","LIBELLE":"PRO 1690","LIBELLE_LO":"PRO 1690 - RD31","AXE":"LGV","VOIE":1.0,"PK_DEB":169073.0,"PK_FIN":null,"CODE_FAMIL":"OA","LIBELLE_FA":"Ouvrage d’Art","INSEE":"16083","COMMUNE":"CHARME","DEPARTEMEN":"CHARENTE","voie_":"LGV1","_ph_path":"C:\\Users\\YCHAKER\\Downloads\\visivi_data_\\gp_2024\\thumbnail_LISEA (07381)_PK169+082_V1.JPG","_pk_fmt":"169+073","_sp_url":null,"_ph_url":"data/photos/oa/0036.jpg"},"geometry":{"type":"Point","coordinates":[0.12365978593354145,45.95442022627476]}},{"id":"37","type":"Feature","properties":{"fid":38.0,"ID_TEC_T_G":92.0,"CODE_OBJET":"OAL09-01200","LIBELLE":"PRO 1695","LIBELLE_LO":"PRO 1695 - RD185 + RANDO","AXE":"LGV","VOIE":1.0,"PK_DEB":169542.0,"PK_FIN":null,"CODE_FAMIL":"OA","LIBELLE_FA":"Ouvrage d’Art","INSEE":"16083","COMMUNE":"CHARME","DEPARTEMEN":"CHARENTE","voie_":"LGV1","_ph_path":"C:\\Users\\YCHAKER\\Downloads\\visivi_data_\\gp_2024\\thumbnail_LISEA (07396)_PK169+543_V1.JPG","_pk_fmt":"169+542","_sp_url":null,"_ph_url":"data/photos/oa/0037.jpg"},"geometry":{"type":"Point","coordinates":[0.12407050324333174,45.95019886766417]}},{"id":"38","type":"Feature","properties":{"fid":39.0,"ID_TEC_T_G":93.0,"CODE_OBJET":"OAL09-01400","LIBELLE":"PRA 1709","LIBELLE_LO":"PRA 1709 - OH Le Bief","AXE":"LGV","VOIE":1.0,"PK_DEB":170898.0,"PK_FIN":null,"CODE_FAMIL":"OA","LIBELLE_FA":"Ouvrage d’Art","INSEE":"16083","COMMUNE":"CHARME","DEPARTEMEN":"CHARENTE","voie_":"LGV1","_ph_path":"C:\\Users\\YCHAKER\\Downloads\\visivi_data_\\gp_2024\\thumbnail_LISEA (07445)_PK170+892_V2.JPG","_pk_fmt":"170+898","_sp_url":null,"_ph_url":"data/photos/oa/0038.jpg"},"geometry":{"type":"Point","coordinates":[0.12525578448638905,45.938012888538296]}},{"id":"39","type":"Feature","properties":{"fid":40.0,"ID_TEC_T_G":94.0,"CODE_OBJET":"OAL09-01500","LIBELLE":"PRA 1716","LIBELLE_LO":"PRA 1716 - VC7+ RANDO","AXE":"LGV","VOIE":1.0,"PK_DEB":171618.0,"PK_FIN":null,"CODE_FAMIL":"OA","LIBELLE_FA":"Ouvrage d’Art","INSEE":"16173","COMMUNE":"JUILLE","DEPARTEMEN":"CHARENTE","voie_":"LGV1","_ph_path":"C:\\Users\\YCHAKER\\Downloads\\visivi_data_\\gp_2024\\thumbnail_LISEA (07469)_PK171+626_V1.JPG","_pk_fmt":"171+618","_sp_url":null,"_ph_url":"data/photos/oa/0039.jpg"},"geometry":{"type":"Point","coordinates":[0.1258840663542128,45.93155130134821]}},{"id":"40","type":"Feature","properties":{"fid":41.0,"ID_TEC_T_G":56.0,"CODE_OBJET":"OAL07-01200","LIBELLE":"PRO 1317","LIBELLE_LO":"PRO 1317 - RD 14 + rando","AXE":"LGV","VOIE":1.0,"PK_DEB":131720.0,"PK_FIN":null,"CODE_FAMIL":"OA","LIBELLE_FA":"Ouvrage d’Art","INSEE":"79230","COMMUNE":"ROM","DEPARTEMEN":"DEUX-SEVRES","voie_":"LGV1","_ph_path":"C:\\Users\\YCHAKER\\Downloads\\visivi_data_\\gp_2024\\thumbnail_LISEA (06012)_PK131+734_V1.JPG","_pk_fmt":"131+720","_sp_url":null,"_ph_url":"data/photos/oa/0040.jpg"},"geometry":{"type":"Point","coordinates":[0.1343458039309928,46.28941163073574]}},{"id":"41","type":"Feature","properties":{"fid":42.0,"ID_TEC_T_G":57.0,"CODE_OBJET":"OAL07-01300","LIBELLE":"PRO 1330","LIBELLE_LO":"PRO 1330 - VC 2 + rando","AXE":"LGV","VOIE":1.0,"PK_DEB":132965.0,"PK_FIN":null,"CODE_FAMIL":"OA","LIBELLE_FA":"Ouvrage d’Art","INSEE":"79230","COMMUNE":"ROM","DEPARTEMEN":"DEUX-SEVRES","voie_":"LGV1","_ph_path":"C:\\Users\\YCHAKER\\Downloads\\visivi_data_\\gp_2024\\thumbnail_LISEA (06057)_PK132+96_V2.JPG","_pk_fmt":"132+965","_sp_url":null,"_ph_url":"data/photos/oa/0041.jpg"},"geometry":{"type":"Point","coordinates":[0.13511480533155484,46.27822006356234]}},{"id":"42","type":"Feature","properties":{"fid":43.0,"ID_TEC_T_G":58.0,"CODE_OBJET":"OAL01-02900","LIBELLE":"PRO HL 0113-1","LIBELLE_LO":"PRO HL 0113-1 - Bret Centre / Bret Nord Ech Sorigny","AXE":"LGV","VOIE":1.0,"PK_DEB":11400.0,"PK_FIN":null,"CODE_FAMIL":"OA","LIBELLE_FA":"Ouvrage d’Art","INSEE":"37250","COMMUNE":"SORIGNY","DEPARTEMEN":"INDRE-ET-LOIRE","voie_":"LGV1","_ph_path":"C:\\Users\\YCHAKER\\Downloads\\visivi_data_\\gp_2024\\thumbnail_LISEA (00605)_PK11+399_V1.JPG","_pk_fmt":"11+400","_sp_url":null,"_ph_url":"data/photos/oa/0042.jpg"},"geometry":{"type":"Point","coordinates":[0.6687744082580369,47.25497744980189]}},{"id":"43","type":"Feature","properties":{"fid":44.0,"ID_TEC_T_G":59.0,"CODE_OBJET":"OAL01-03400","LIBELLE":"PRA 0133","LIBELLE_LO":"PRA 0133 - Rui. La Gerandiere 1","AXE":"LGV","VOIE":1.0,"PK_DEB":13317.0,"PK_FIN":null,"CODE_FAMIL":"OA","LIBELLE_FA":"Ouvrage d’Art","INSEE":"37250","COMMUNE":"SORIGNY","DEPARTEMEN":"INDRE-ET-LOIRE","voie_":"LGV1","_ph_path":"C:\\Users\\YCHAKER\\Downloads\\visivi_data_\\gp_2024\\thumbnail_LISEA (00681)_PK13+315_V1.JPG","_pk_fmt":"13+317","_sp_url":null,"_ph_url":"data/photos/oa/0043.jpg"},"geometry":{"type":"Point","coordinates":[0.6616520481945164,47.23832909081099]}},{"id":"44","type":"Feature","properties":{"fid":45.0,"ID_TEC_T_G":60.0,"CODE_OBJET":"OAL01-03500","LIBELLE":"PRO 0141","LIBELLE_LO":"PRO 0141 - VC 2 + RANDO","AXE":"LGV","VOIE":1.0,"PK_DEB":14177.0,"PK_FIN":null,"CODE_FAMIL":"OA","LIBELLE_FA":"Ouvrage d’Art","INSEE":"37250","COMMUNE":"SORIGNY","DEPARTEMEN":"INDRE-ET-LOIRE","voie_":"LGV1","_ph_path":"C:\\Users\\YCHAKER\\Downloads\\visivi_data_\\gp_2024\\thumbnail_LISEA (00714)_PK14+166_V1.JPG","_pk_fmt":"14+177","_sp_url":null,"_ph_url":"data/photos/oa/0044.jpg"},"geometry":{"type":"Point","coordinates":[0.660466702266737,47.230631383505454]}},{"id":"45","type":"Feature","properties":{"fid":46.0,"ID_TEC_T_G":61.0,"CODE_OBJET":"OAL06-01300","LIBELLE":"PRA 1177","LIBELLE_LO":"PRA 1177 - La Longère","AXE":"LGV","VOIE":1.0,"PK_DEB":117780.0,"PK_FIN":null,"CODE_FAMIL":"OA","LIBELLE_FA":"Ouvrage d’Art","INSEE":"86045","COMMUNE":"CELLE-LEVESCAULT","DEPARTEMEN":"VIENNE","voie_":"LGV1","_ph_path":"C:\\Users\\YCHAKER\\Downloads\\visivi_data_\\gp_2024\\thumbnail_LISEA (05482)_PK117+777_V2.JPG","_pk_fmt":"117+780","_sp_url":null,"_ph_url":"data/photos/oa/0045.jpg"},"geometry":{"type":"Point","coordinates":[0.19932496811277078,46.405008454215384]}},{"id":"46","type":"Feature","properties":{"fid":47.0,"ID_TEC_T_G":62.0,"CODE_OBJET":"OAL06-01500","LIBELLE":"PRO 1187","LIBELLE_LO":"PRO 1187 - VC4","AXE":"LGV","VOIE":1.0,"PK_DEB":118712.0,"PK_FIN":null,"CODE_FAMIL":"OA","LIBELLE_FA":"Ouvrage d’Art","INSEE":"86045","COMMUNE":"CELLE-LEVESCAULT","DEPARTEMEN":"VIENNE","voie_":"LGV1","_ph_path":"C:\\Users\\YCHAKER\\Downloads\\visivi_data_\\gp_2024\\thumbnail_LISEA (05519)_PK118+701_V1.JPG","_pk_fmt":"118+712","_sp_url":null,"_ph_url":"data/photos/oa/0046.jpg"},"geometry":{"type":"Point","coordinates":[0.19546346329499842,46.39704517918411]}},{"id":"47","type":"Feature","properties":{"fid":48.0,"ID_TEC_T_G":63.0,"CODE_OBJET":"OAL11-02700","LIBELLE":"PRA 2032","LIBELLE_LO":"PRA 2032 - VC2","AXE":"LGV","VOIE":1.0,"PK_DEB":203250.0,"PK_FIN":null,"CODE_FAMIL":"OA","LIBELLE_FA":"Ouvrage d’Art","INSEE":"16187","COMMUNE":"LINARS","DEPARTEMEN":"CHARENTE","voie_":"LGV1","_ph_path":"C:\\Users\\YCHAKER\\Downloads\\visivi_data_\\gp_2024\\thumbnail_LISEA (08893)_PK203+257_V1.JPG","_pk_fmt":"203+250","_sp_url":null,"_ph_url":"data/photos/oa/0047.jpg"},"geometry":{"type":"Point","coordinates":[0.07266264830835865,45.65853148573792]}},{"id":"48","type":"Feature","properties":{"fid":49.0,"ID_TEC_T_G":64.0,"CODE_OBJET":"OAL11-02900","LIBELLE":"PRA 2034","LIBELLE_LO":"PRA 2034 - PGF + Nouère","AXE":"LGV","VOIE":1.0,"PK_DEB":203421.0,"PK_FIN":null,"CODE_FAMIL":"OA","LIBELLE_FA":"Ouvrage d’Art","INSEE":"16187","COMMUNE":"LINARS","DEPARTEMEN":"CHARENTE","voie_":"LGV1","_ph_path":"C:\\Users\\YCHAKER\\Downloads\\visivi_data_\\gp_2024\\thumbnail_LISEA (08899)_PK203+428_V2.JPG","_pk_fmt":"203+421","_sp_url":null,"_ph_url":"data/photos/oa/0048.jpg"},"geometry":{"type":"Point","coordinates":[0.0722899767438681,45.65699730978437]}},{"id":"49","type":"Feature","properties":{"fid":50.0,"ID_TEC_T_G":65.0,"CODE_OBJET":"OAL11-03000","LIBELLE":"PRA 2036","LIBELLE_LO":"PRA 2036 - VC125","AXE":"LGV","VOIE":1.0,"PK_DEB":203618.0,"PK_FIN":null,"CODE_FAMIL":"OA","LIBELLE_FA":"Ouvrage d’Art","INSEE":"16187","COMMUNE":"LINARS","DEPARTEMEN":"CHARENTE","voie_":"LGV1","_ph_path":"C:\\Users\\YCHAKER\\Downloads\\visivi_data_\\gp_2024\\thumbnail_LISEA (08907)_PK203+632_V2.JPG","_pk_fmt":"203+618","_sp_url":null,"_ph_url":"data/photos/oa/0049.jpg"},"geometry":{"type":"Point","coordinates":[0.07186823075426747,45.65526870904537]}},{"id":"50","type":"Feature","properties":{"fid":51.0,"ID_TEC_T_G":66.0,"CODE_OBJET":"OAL11-03100","LIBELLE":"PRO 2044","LIBELLE_LO":"PRO 2044 - RD 72","AXE":"LGV","VOIE":1.0,"PK_DEB":204429.0,"PK_FIN":null,"CODE_FAMIL":"OA","LIBELLE_FA":"Ouvrage d’Art","INSEE":"16187","COMMUNE":"LINARS","DEPARTEMEN":"CHARENTE","voie_":"LGV1","_ph_path":"C:\\Users\\YCHAKER\\Downloads\\visivi_data_\\gp_2024\\thumbnail_LISEA (08936)_PK204+434_V1.JPG","_pk_fmt":"204+429","_sp_url":null,"_ph_url":"data/photos/oa/0050.jpg"},"geometry":{"type":"Point","coordinates":[0.07048590323800343,45.64802599018672]}},{"id":"51","type":"Feature","properties":{"fid":52.0,"ID_TEC_T_G":67.0,"CODE_OBJET":"OAL11-03300","LIBELLE":"VIA 2053","LIBELLE_LO":"VIA 2053 - Viaduc Charente Sud","AXE":"LGV","VOIE":1.0,"PK_DEB":205323.0,"PK_FIN":null,"CODE_FAMIL":"OA","LIBELLE_FA":"Ouvrage d’Art","INSEE":"16244","COMMUNE":"NERSAC","DEPARTEMEN":"CHARENTE","voie_":"LGV1","_ph_path":"C:\\Users\\YCHAKER\\Downloads\\visivi_data_\\gp_2024\\thumbnail_LISEA (08964)_PK205+309_V2.JPG","_pk_fmt":"205+323","_sp_url":null,"_ph_url":"data/photos/oa/0051.jpg"},"geometry":{"type":"Point","coordinates":[0.07039485463554102,45.6399952700496]}},{"id":"52","type":"Feature","properties":{"fid":53.0,"ID_TEC_T_G":68.0,"CODE_OBJET":"OAL11-03500","LIBELLE":"PRA 1889","LIBELLE_LO":"PRA 1889 - VC5","AXE":"LGV","VOIE":1.0,"PK_DEB":188920.0,"PK_FIN":null,"CODE_FAMIL":"OA","LIBELLE_FA":"Ouvrage d’Art","INSEE":"16419","COMMUNE":"VOUHARTE","DEPARTEMEN":"CHARENTE","voie_":"LGV1","_ph_path":"C:\\Users\\YCHAKER\\Downloads\\visivi_data_\\gp_2024\\thumbnail_LISEA (08335)_PK188+92_V2.JPG","_pk_fmt":"188+920","_sp_url":null,"_ph_url":"data/photos/oa/0052.jpg"},"geometry":{"type":"Point","coordinates":[0.07376315583471668,45.78298821039654]}},{"id":"53","type":"Feature","properties":{"fid":54.0,"ID_TEC_T_G":69.0,"CODE_OBJET":"OAL12-00300","LIBELLE":"PRA CE2 0008","LIBELLE_LO":"PRA CE2 0008 - RD 103","AXE":"CE2","VOIE":2.0,"PK_DEB":875.0,"PK_FIN":null,"CODE_FAMIL":"OA","LIBELLE_FA":"Ouvrage d’Art","INSEE":"16113","COMMUNE":"LA COURONNE","DEPARTEMEN":"CHARENTE","voie_":"CE22","_ph_path":"C:\\Users\\YCHAKER\\Downloads\\visivi_data_\\gp_2024\\thumbnail_LISEA (09304)_PK1+173_RCO2.JPG","_pk_fmt":"0+875","_sp_url":null,"_ph_url":"data/photos/oa/0053.jpg"},"geometry":{"type":"Point","coordinates":[0.09340129202788051,45.591911360983474]}},{"id":"54","type":"Feature","properties":{"fid":55.0,"ID_TEC_T_G":70.0,"CODE_OBJET":"OAL12-00900","LIBELLE":"PRA CE0 0022","LIBELLE_LO":"PRA CE0 0022 - La petite Boëme","AXE":"CE1","VOIE":1.0,"PK_DEB":2279.0,"PK_FIN":null,"CODE_FAMIL":"OA","LIBELLE_FA":"Ouvrage d’Art","INSEE":"16287","COMMUNE":"ROULLET-SAINT-ESTEPHE","DEPARTEMEN":"CHARENTE","voie_":"CE11","_ph_path":"C:\\Users\\YCHAKER\\Downloads\\visivi_data_\\gp_2024\\thumbnail_LISEA (09348)_PK2+277_RCO2.JPG","_pk_fmt":"2+279","_sp_url":null,"_ph_url":"data/photos/oa/0054.jpg"},"geometry":{"type":"Point","coordinates":[0.08105863034529148,45.58712164679076]}},{"id":"55","type":"Feature","properties":{"fid":56.0,"ID_TEC_T_G":71.0,"CODE_OBJET":"OAL01-03700","LIBELLE":"PRO 0162","LIBELLE_LO":"PRO 0162 - VC 3","AXE":"LGV","VOIE":1.0,"PK_DEB":16294.0,"PK_FIN":null,"CODE_FAMIL":"OA","LIBELLE_FA":"Ouvrage d’Art","INSEE":"37250","COMMUNE":"SORIGNY","DEPARTEMEN":"INDRE-ET-LOIRE","voie_":"LGV1","_ph_path":"C:\\Users\\YCHAKER\\Downloads\\visivi_data_\\gp_2024\\thumbnail_LISEA (00987)_PK5+562_RMS1.JPG","_pk_fmt":"16+294","_sp_url":null,"_ph_url":"data/photos/oa/0055.jpg"},"geometry":{"type":"Point","coordinates":[0.6580519652358789,47.21165449289529]}},{"id":"56","type":"Feature","properties":{"fid":57.0,"ID_TEC_T_G":72.0,"CODE_OBJET":"OAL01-03800","LIBELLE":"PRO 0163","LIBELLE_LO":"PRO 0163 - PGF du Bas Bry","AXE":"LGV","VOIE":1.0,"PK_DEB":16304.0,"PK_FIN":null,"CODE_FAMIL":"OA","LIBELLE_FA":"Ouvrage d’Art","INSEE":"37250","COMMUNE":"SORIGNY","DEPARTEMEN":"INDRE-ET-LOIRE","voie_":"LGV1","_ph_path":"C:\\Users\\YCHAKER\\Downloads\\visivi_data_\\gp_2024\\thumbnail_LISEA (00990)_PK5+66_RMS1.JPG","_pk_fmt":"16+304","_sp_url":null,"_ph_url":"data/photos/oa/0056.jpg"},"geometry":{"type":"Point","coordinates":[0.6578801996046351,47.210823767059644]}},{"id":"57","type":"Feature","properties":{"fid":58.0,"ID_TEC_T_G":73.0,"CODE_OBJET":"OAL01-04000","LIBELLE":"PRO 0176","LIBELLE_LO":"PRO 0176 - RD 21","AXE":"LGV","VOIE":1.0,"PK_DEB":17620.0,"PK_FIN":null,"CODE_FAMIL":"OA","LIBELLE_FA":"Ouvrage d’Art","INSEE":"37278","COMMUNE":"VILLEPERDUE","DEPARTEMEN":"INDRE-ET-LOIRE","voie_":"LGV1","_ph_path":"C:\\Users\\YCHAKER\\Downloads\\visivi_data_\\gp_2024\\thumbnail_LISEA (01037)_PK17+631_V1.JPG","_pk_fmt":"17+620","_sp_url":null,"_ph_url":"data/photos/oa/0057.jpg"},"geometry":{"type":"Point","coordinates":[0.6560118012617902,47.19979908795891]}},{"id":"58","type":"Feature","properties":{"fid":59.0,"ID_TEC_T_G":74.0,"CODE_OBJET":"OAL01-04100","LIBELLE":"PRO 0185","LIBELLE_LO":"PRO 0185 - CR39","AXE":"LGV","VOIE":1.0,"PK_DEB":18536.0,"PK_FIN":null,"CODE_FAMIL":"OA","LIBELLE_FA":"Ouvrage d’Art","INSEE":"37278","COMMUNE":"VILLEPERDUE","DEPARTEMEN":"INDRE-ET-LOIRE","voie_":"LGV1","_ph_path":"C:\\Users\\YCHAKER\\Downloads\\visivi_data_\\gp_2024\\thumbnail_LISEA (01074)_PK18+544_V1.JPG","_pk_fmt":"18+536","_sp_url":null,"_ph_url":"data/photos/oa/0058.jpg"},"geometry":{"type":"Point","coordinates":[0.6561967538687435,47.19156329464734]}},{"id":"59","type":"Feature","properties":{"fid":60.0,"ID_TEC_T_G":1.0,"CODE_OBJET":"OAL03-01500","LIBELLE":"PRA 0590","LIBELLE_LO":"PRA 0590 - VC 6","AXE":"LGV","VOIE":1.0,"PK_DEB":59090.0,"PK_FIN":null,"CODE_FAMIL":"OA","LIBELLE_FA":"Ouvrage d’Art","INSEE":"86224","COMMUNE":"ST-GERVAIS-LES-TROIS-CLOCHERS","DEPARTEMEN":"VIENNE","voie_":"LGV1","_ph_path":"C:\\Users\\YCHAKER\\Downloads\\visivi_data_\\gp_2024\\thumbnail_LISEA (02873)_PK59+093_V2.JPG","_pk_fmt":"59+090","_sp_url":null,"_ph_url":"data/photos/oa/0059.jpg"},"geometry":{"type":"Point","coordinates":[0.42628723719127326,46.894852254744364]}},{"id":"60","type":"Feature","properties":{"fid":61.0,"ID_TEC_T_G":2.0,"CODE_OBJET":"OAL03-01700","LIBELLE":"PRA 0596","LIBELLE_LO":"PRA 0596 - RD 74","AXE":"LGV","VOIE":1.0,"PK_DEB":59667.0,"PK_FIN":null,"CODE_FAMIL":"OA","LIBELLE_FA":"Ouvrage d’Art","INSEE":"86224","COMMUNE":"ST-GERVAIS-LES-TROIS-CLOCHERS","DEPARTEMEN":"VIENNE","voie_":"LGV1","_ph_path":"C:\\Users\\YCHAKER\\Downloads\\visivi_data_\\gp_2024\\thumbnail_LISEA (02894)_PK59+672_V2.JPG","_pk_fmt":"59+667","_sp_url":null,"_ph_url":"data/photos/oa/0060.jpg"},"geometry":{"type":"Point","coordinates":[0.4231795355498611,46.89011976614633]}},{"id":"61","type":"Feature","properties":{"fid":62.0,"ID_TEC_T_G":3.0,"CODE_OBJET":"OAL03-02100","LIBELLE":"PRA 0623","LIBELLE_LO":"PRA 0623 - La Veude","AXE":"LGV","VOIE":1.0,"PK_DEB":62399.0,"PK_FIN":null,"CODE_FAMIL":"OA","LIBELLE_FA":"Ouvrage d’Art","INSEE":"86272","COMMUNE":"THURE","DEPARTEMEN":"VIENNE","voie_":"LGV1","_ph_path":"C:\\Users\\YCHAKER\\Downloads\\visivi_data_\\gp_2024\\thumbnail_LISEA (03003)_PK62+402_V1.JPG","_pk_fmt":"62+399","_sp_url":null,"_ph_url":"data/photos/oa/0061.jpg"},"geometry":{"type":"Point","coordinates":[0.4084696977619246,46.867685558948146]}},{"id":"62","type":"Feature","properties":{"fid":63.0,"ID_TEC_T_G":4.0,"CODE_OBJET":"OAL03-02200","LIBELLE":"PRO 0629","LIBELLE_LO":"PRO 0629 - CR TOULIFAUT","AXE":"LGV","VOIE":1.0,"PK_DEB":62982.0,"PK_FIN":null,"CODE_FAMIL":"OA","LIBELLE_FA":"Ouvrage d’Art","INSEE":"86272","COMMUNE":"THURE","DEPARTEMEN":"VIENNE","voie_":"LGV1","_ph_path":"C:\\Users\\YCHAKER\\Downloads\\visivi_data_\\gp_2024\\thumbnail_LISEA (03025)_PK62+976_V2.JPG","_pk_fmt":"62+982","_sp_url":null,"_ph_url":"data/photos/oa/0062.jpg"},"geometry":{"type":"Point","coordinates":[0.40533437763563906,46.86289832026889]}},{"id":"63","type":"Feature","properties":{"fid":64.0,"ID_TEC_T_G":5.0,"CODE_OBJET":"OAL03-02300","LIBELLE":"PRO 0637","LIBELLE_LO":"PRO 0637 - RD 14","AXE":"LGV","VOIE":1.0,"PK_DEB":63797.0,"PK_FIN":null,"CODE_FAMIL":"OA","LIBELLE_FA":"Ouvrage d’Art","INSEE":"86272","COMMUNE":"THURE","DEPARTEMEN":"VIENNE","voie_":"LGV1","_ph_path":"C:\\Users\\YCHAKER\\Downloads\\visivi_data_\\gp_2024\\thumbnail_LISEA (03056)_PK63+794_V2.JPG","_pk_fmt":"63+797","_sp_url":null,"_ph_url":"data/photos/oa/0063.jpg"},"geometry":{"type":"Point","coordinates":[0.4007015461830916,46.85628346287822]}},{"id":"64","type":"Feature","properties":{"fid":65.0,"ID_TEC_T_G":6.0,"CODE_OBJET":"OAL03-02400","LIBELLE":"PRA 0649","LIBELLE_LO":"PRA 0649 - La Veude Amont","AXE":"LGV","VOIE":1.0,"PK_DEB":64958.0,"PK_FIN":null,"CODE_FAMIL":"OA","LIBELLE_FA":"Ouvrage d’Art","INSEE":"86265","COMMUNE":"SOSSAIS","DEPARTEMEN":"VIENNE","voie_":"LGV1","_ph_path":"C:\\Users\\YCHAKER\\Downloads\\visivi_data_\\gp_2024\\thumbnail_LISEA (03101)_PK64+963_V1.JPG","_pk_fmt":"64+958","_sp_url":null,"_ph_url":"data/photos/oa/0064.jpg"},"geometry":{"type":"Point","coordinates":[0.3940349352243033,46.846881280118374]}},{"id":"65","type":"Feature","properties":{"fid":66.0,"ID_TEC_T_G":7.0,"CODE_OBJET":"OAL03-02700","LIBELLE":"PRO 0676","LIBELLE_LO":"PRO 0676 - VC4","AXE":"LGV","VOIE":1.0,"PK_DEB":67670.0,"PK_FIN":null,"CODE_FAMIL":"OA","LIBELLE_FA":"Ouvrage d’Art","INSEE":"86221","COMMUNE":"SAINT-GENEST-D'AMBIERE","DEPARTEMEN":"VIENNE","voie_":"LGV1","_ph_path":"C:\\Users\\YCHAKER\\Downloads\\visivi_data_\\gp_2024\\thumbnail_LISEA (03207)_PK67+661_V1.JPG","_pk_fmt":"67+670","_sp_url":null,"_ph_url":"data/photos/oa/0065.jpg"},"geometry":{"type":"Point","coordinates":[0.38744018552063647,46.82305428389248]}},{"id":"66","type":"Feature","properties":{"fid":67.0,"ID_TEC_T_G":8.0,"CODE_OBJET":"OAL03-02800","LIBELLE":"PRA 0686","LIBELLE_LO":"PRA 0686 - Piste cyclable","AXE":"LGV","VOIE":1.0,"PK_DEB":68642.0,"PK_FIN":null,"CODE_FAMIL":"OA","LIBELLE_FA":"Ouvrage d’Art","INSEE":"86258","COMMUNE":"SCORBE-CLAIRVAUX","DEPARTEMEN":"VIENNE","voie_":"LGV1","_ph_path":"C:\\Users\\YCHAKER\\Downloads\\visivi_data_\\gp_2024\\thumbnail_LISEA (03242)_PK68+641_V2.JPG","_pk_fmt":"68+642","_sp_url":null,"_ph_url":"data/photos/oa/0066.jpg"},"geometry":{"type":"Point","coordinates":[0.387691594384488,46.81430762694971]}},{"id":"67","type":"Feature","properties":{"fid":68.0,"ID_TEC_T_G":9.0,"CODE_OBJET":"OAL04-01900","LIBELLE":"PRA 0772","LIBELLE_LO":"PRA 0772 - CR La Chaume","AXE":"LGV","VOIE":1.0,"PK_DEB":77240.0,"PK_FIN":null,"CODE_FAMIL":"OA","LIBELLE_FA":"Ouvrage d’Art","INSEE":"86146","COMMUNE":"MARIGNY-BRIZAY","DEPARTEMEN":"VIENNE","voie_":"LGV1","_ph_path":"C:\\Users\\YCHAKER\\Downloads\\visivi_data_\\gp_2024\\thumbnail_LISEA (03579)_PK77+242_V1.JPG","_pk_fmt":"77+240","_sp_url":null,"_ph_url":"data/photos/oa/0067.jpg"},"geometry":{"type":"Point","coordinates":[0.3911023591170321,46.73739590173222]}},{"id":"68","type":"Feature","properties":{"fid":69.0,"ID_TEC_T_G":10.0,"CODE_OBJET":"OAL03-00100","LIBELLE":"PRO 0423","LIBELLE_LO":"PRO 0423 - RD 18","AXE":"LGV","VOIE":1.0,"PK_DEB":42389.0,"PK_FIN":null,"CODE_FAMIL":"OA","LIBELLE_FA":"Ouvrage d’Art","INSEE":"37187","COMMUNE":"PORTS","DEPARTEMEN":"INDRE-ET-LOIRE","voie_":"LGV1","_ph_path":"C:\\Users\\YCHAKER\\Downloads\\visivi_data_\\gp_2024\\thumbnail_LISEA (02212)_PK42+399_V1.JPG","_pk_fmt":"42+389","_sp_url":null,"_ph_url":"data/photos/oa/0068.jpg"},"geometry":{"type":"Point","coordinates":[0.559493913747714,47.01048101291887]}},{"id":"69","type":"Feature","properties":{"fid":70.0,"ID_TEC_T_G":11.0,"CODE_OBJET":"OAL03-00200","LIBELLE":"PRA 0432","LIBELLE_LO":"PRA 0432 - Saut de mouton de port sur Vienne","AXE":"LGV","VOIE":1.0,"PK_DEB":43203.0,"PK_FIN":null,"CODE_FAMIL":"OA","LIBELLE_FA":"Ouvrage d’Art","INSEE":"37187","COMMUNE":"PORTS","DEPARTEMEN":"INDRE-ET-LOIRE","voie_":"LGV1","_ph_path":"C:\\Users\\YCHAKER\\Downloads\\visivi_data_\\gp_2024\\thumbnail_LISEA (02243)_PK43+204_V1.JPG","_pk_fmt":"43+203","_sp_url":null,"_ph_url":"data/photos/oa/0069.jpg"},"geometry":{"type":"Point","coordinates":[0.5545551089982897,47.00405227834478]}},{"id":"70","type":"Feature","properties":{"fid":71.0,"ID_TEC_T_G":12.0,"CODE_OBJET":"OAL03-00400","LIBELLE":"PRA 0438+7","LIBELLE_LO":"PRA 0438+7 - RD 107","AXE":"LGV","VOIE":1.0,"PK_DEB":43879.0,"PK_FIN":null,"CODE_FAMIL":"OA","LIBELLE_FA":"Ouvrage d’Art","INSEE":"37190","COMMUNE":"PUSSIGNY","DEPARTEMEN":"INDRE-ET-LOIRE","voie_":"LGV1","_ph_path":"C:\\Users\\YCHAKER\\Downloads\\visivi_data_\\gp_2024\\thumbnail_LISEA (02271)_PK43+873_V2.JPG","_pk_fmt":"43+879","_sp_url":null,"_ph_url":"data/photos/oa/0070.jpg"},"geometry":{"type":"Point","coordinates":[0.5494417681584001,46.99901349560458]}},{"id":"71","type":"Feature","properties":{"fid":72.0,"ID_TEC_T_G":13.0,"CODE_OBJET":"OAL03-00800","LIBELLE":"PRO 0495","LIBELLE_LO":"PRO 0495 - RD 401 (VC 10)","AXE":"LGV","VOIE":1.0,"PK_DEB":49551.0,"PK_FIN":null,"CODE_FAMIL":"OA","LIBELLE_FA":"Ouvrage d’Art","INSEE":"37148","COMMUNE":"MARIGNY-MARMANDE","DEPARTEMEN":"INDRE-ET-LOIRE","voie_":"LGV1","_ph_path":"C:\\Users\\YCHAKER\\Downloads\\visivi_data_\\gp_2024\\thumbnail_LISEA (02500)_PK49+56_V1.JPG","_pk_fmt":"49+551","_sp_url":null,"_ph_url":"data/photos/oa/0071.jpg"},"geometry":{"type":"Point","coordinates":[0.49190106570849995,46.966951824061574]}},{"id":"72","type":"Feature","properties":{"fid":73.0,"ID_TEC_T_G":14.0,"CODE_OBJET":"OAL03-00900","LIBELLE":"PRO 0508","LIBELLE_LO":"PRO 0508 - RD 110","AXE":"LGV","VOIE":1.0,"PK_DEB":50893.0,"PK_FIN":null,"CODE_FAMIL":"OA","LIBELLE_FA":"Ouvrage d’Art","INSEE":"37148","COMMUNE":"MARIGNY-MARMANDE","DEPARTEMEN":"INDRE-ET-LOIRE","voie_":"LGV1","_ph_path":"C:\\Users\\YCHAKER\\Downloads\\visivi_data_\\gp_2024\\thumbnail_LISEA (02551)_PK50+89_V2.JPG","_pk_fmt":"50+893","_sp_url":null,"_ph_url":"data/photos/oa/0072.jpg"},"geometry":{"type":"Point","coordinates":[0.4790254304297734,46.9587170074605]}},{"id":"73","type":"Feature","properties":{"fid":74.0,"ID_TEC_T_G":15.0,"CODE_OBJET":"OAL03-01000","LIBELLE":"PRA 0533","LIBELLE_LO":"PRA 0533 - RD 76","AXE":"LGV","VOIE":1.0,"PK_DEB":53321.0,"PK_FIN":null,"CODE_FAMIL":"OA","LIBELLE_FA":"Ouvrage d’Art","INSEE":"86162","COMMUNE":"MONDION","DEPARTEMEN":"VIENNE","voie_":"LGV1","_ph_path":"C:\\Users\\YCHAKER\\Downloads\\visivi_data_\\gp_2024\\thumbnail_LISEA (02649)_PK53+329_V2.JPG","_pk_fmt":"53+321","_sp_url":null,"_ph_url":"data/photos/oa/0073.jpg"},"geometry":{"type":"Point","coordinates":[0.45987899717941916,46.94130247238883]}},{"id":"74","type":"Feature","properties":{"fid":75.0,"ID_TEC_T_G":16.0,"CODE_OBJET":"OAL05-02100","LIBELLE":"PRO 0991","LIBELLE_LO":"PRO 0991 - RD 3","AXE":"LGV","VOIE":1.0,"PK_DEB":99100.0,"PK_FIN":null,"CODE_FAMIL":"OA","LIBELLE_FA":"Ouvrage d’Art","INSEE":"86297","COMMUNE":"VOUNEUIL-SOUS-BIARD","DEPARTEMEN":"VIENNE","voie_":"LGV1","_ph_path":"C:\\Users\\YCHAKER\\Downloads\\visivi_data_\\gp_2024\\thumbnail_LISEA (04593)_PK99+09_V1.JPG","_pk_fmt":"99+100","_sp_url":null,"_ph_url":"data/photos/oa/0074.jpg"},"geometry":{"type":"Point","coordinates":[0.2724705684171221,46.562468232810744]}},{"id":"75","type":"Feature","properties":{"fid":76.0,"ID_TEC_T_G":17.0,"CODE_OBJET":"OAL04-02300","LIBELLE":"PRO 0786","LIBELLE_LO":"PRO 0786 - RD20","AXE":"LGV","VOIE":1.0,"PK_DEB":78636.0,"PK_FIN":null,"CODE_FAMIL":"OA","LIBELLE_FA":"Ouvrage d’Art","INSEE":"86146","COMMUNE":"MARIGNY-BRIZAY","DEPARTEMEN":"VIENNE","voie_":"LGV1","_ph_path":"C:\\Users\\YCHAKER\\Downloads\\visivi_data_\\gp_2024\\thumbnail_LISEA (03636)_PK78+646_V1.JPG","_pk_fmt":"78+636","_sp_url":null,"_ph_url":"data/photos/oa/0075.jpg"},"geometry":{"type":"Point","coordinates":[0.3843584122347662,46.7257388750267]}},{"id":"76","type":"Feature","properties":{"fid":77.0,"ID_TEC_T_G":18.0,"CODE_OBJET":"OAL04-02400","LIBELLE":"PRA 0794","LIBELLE_LO":"PRA 0794 - La Liere","AXE":"LGV","VOIE":1.0,"PK_DEB":79400.0,"PK_FIN":null,"CODE_FAMIL":"OA","LIBELLE_FA":"Ouvrage d’Art","INSEE":"86146","COMMUNE":"MARIGNY-BRIZAY","DEPARTEMEN":"VIENNE","voie_":"LGV1","_ph_path":"C:\\Users\\YCHAKER\\Downloads\\visivi_data_\\gp_2024\\thumbnail_LISEA (03662)_PK79+394_V1.JPG","_pk_fmt":"79+400","_sp_url":null,"_ph_url":"data/photos/oa/0076.jpg"},"geometry":{"type":"Point","coordinates":[0.3799872268632771,46.71955194331384]}},{"id":"77","type":"Feature","properties":{"fid":78.0,"ID_TEC_T_G":19.0,"CODE_OBJET":"OAL05-00200","LIBELLE":"PRO FN0 0004","LIBELLE_LO":"PRO FN0 0004 - VC 4","AXE":"FN1","VOIE":1.0,"PK_DEB":477.0,"PK_FIN":null,"CODE_FAMIL":"OA","LIBELLE_FA":"Ouvrage d’Art","INSEE":"86083","COMMUNE":"COULOMBIERS","DEPARTEMEN":"VIENNE","voie_":"FN11","_ph_path":"C:\\Users\\YCHAKER\\Downloads\\visivi_data_\\gp_2024\\thumbnail_LISEA (04892)_PK0+47_RFN1.JPG","_pk_fmt":"0+477","_sp_url":null,"_ph_url":"data/photos/oa/0077.jpg"},"geometry":{"type":"Point","coordinates":[0.21911752896628145,46.502070860524555]}},{"id":"78","type":"Feature","properties":{"fid":79.0,"ID_TEC_T_G":20.0,"CODE_OBJET":"OAL05-00300","LIBELLE":"PRA FN1 0008","LIBELLE_LO":"PRA FN1 0008 - LA RUNE","AXE":"FN1","VOIE":1.0,"PK_DEB":818.0,"PK_FIN":null,"CODE_FAMIL":"OA","LIBELLE_FA":"Ouvrage d’Art","INSEE":"86083","COMMUNE":"COULOMBIERS","DEPARTEMEN":"VIENNE","voie_":"FN11","_ph_path":"C:\\Users\\YCHAKER\\Downloads\\visivi_data_\\gp_2024\\thumbnail_LISEA (04877)_PK0+821_RFN1.JPG","_pk_fmt":"0+818","_sp_url":null,"_ph_url":"data/photos/oa/0078.jpg"},"geometry":{"type":"Point","coordinates":[0.22193073657526224,46.50441867721231]}},{"id":"79","type":"Feature","properties":{"fid":80.0,"ID_TEC_T_G":21.0,"CODE_OBJET":"OAL05-00900","LIBELLE":"PRO 0905","LIBELLE_LO":"PRO 0905 - VC 12","AXE":"LGV","VOIE":1.0,"PK_DEB":90598.0,"PK_FIN":null,"CODE_FAMIL":"OA","LIBELLE_FA":"Ouvrage d’Art","INSEE":"86194","COMMUNE":"POITIERS","DEPARTEMEN":"VIENNE","voie_":"LGV1","_ph_path":"C:\\Users\\YCHAKER\\Downloads\\visivi_data_\\gp_2024\\thumbnail_LISEA (04283)_PK90+602_V2.JPG","_pk_fmt":"90+598","_sp_url":null,"_ph_url":"data/photos/oa/0079.jpg"},"geometry":{"type":"Point","coordinates":[0.33880178448715104,46.62368625684028]}},{"id":"80","type":"Feature","properties":{"fid":81.0,"ID_TEC_T_G":22.0,"CODE_OBJET":"OAL05-01000","LIBELLE":"TRC 0911","LIBELLE_LO":"TRC 0911 - Tranchée couverte de Poitiers","AXE":"LGV","VOIE":1.0,"PK_DEB":91179.0,"PK_FIN":null,"CODE_FAMIL":"OA","LIBELLE_FA":"Ouvrage d’Art","INSEE":"86158","COMMUNE":"MIGNE-AUXANCES","DEPARTEMEN":"VIENNE","voie_":"LGV1","_ph_path":"C:\\Users\\YCHAKER\\Downloads\\visivi_data_\\gp_2024\\thumbnail_LISEA (04303)_PK91+169_V1.JPG","_pk_fmt":"91+179","_sp_url":null,"_ph_url":"data/photos/oa/0080.jpg"},"geometry":{"type":"Point","coordinates":[0.33456513456632353,46.61937638426634]}},{"id":"81","type":"Feature","properties":{"fid":82.0,"ID_TEC_T_G":23.0,"CODE_OBJET":"OAL05-01200","LIBELLE":"PRO 0928","LIBELLE_LO":"PRO 0928 - RD 757","AXE":"LGV","VOIE":1.0,"PK_DEB":92871.0,"PK_FIN":null,"CODE_FAMIL":"OA","LIBELLE_FA":"Ouvrage d’Art","INSEE":"86194","COMMUNE":"POITIERS","DEPARTEMEN":"VIENNE","voie_":"LGV1","_ph_path":"C:\\Users\\YCHAKER\\Downloads\\visivi_data_\\gp_2024\\thumbnail_LISEA (04361)_PK92+872_V2.JPG","_pk_fmt":"92+871","_sp_url":null,"_ph_url":"data/photos/oa/0081.jpg"},"geometry":{"type":"Point","coordinates":[0.32032000938192884,46.60769859624724]}},{"id":"82","type":"Feature","properties":{"fid":83.0,"ID_TEC_T_G":24.0,"CODE_OBJET":"OAL04-02100","LIBELLE":"PRA 0778","LIBELLE_LO":"PRA 0778 - La Liere Amont","AXE":"LGV","VOIE":1.0,"PK_DEB":77870.0,"PK_FIN":null,"CODE_FAMIL":"OA","LIBELLE_FA":"Ouvrage d’Art","INSEE":"86146","COMMUNE":"MARIGNY-BRIZAY","DEPARTEMEN":"VIENNE","voie_":"LGV1","_ph_path":"C:\\Users\\YCHAKER\\Downloads\\visivi_data_\\gp_2024\\thumbnail_LISEA (03606)_PK77+872_V2.JPG","_pk_fmt":"77+870","_sp_url":null,"_ph_url":"data/photos/oa/0082.jpg"},"geometry":{"type":"Point","coordinates":[0.38854974168798473,46.73202342853016]}},{"id":"83","type":"Feature","properties":{"fid":84.0,"ID_TEC_T_G":25.0,"CODE_OBJET":"OAL01-04900","LIBELLE":"PRO HL 0224-1","LIBELLE_LO":"PRO HL 0224-1 - Rui. Les Coudrais","AXE":"LGV","VOIE":1.0,"PK_DEB":22503.0,"PK_FIN":null,"CODE_FAMIL":"OA","LIBELLE_FA":"Ouvrage d’Art","INSEE":"37212","COMMUNE":"SAINTE-CATHERINE-DE-FIERBOIS","DEPARTEMEN":"INDRE-ET-LOIRE","voie_":"LGV1","_ph_path":"C:\\Users\\YCHAKER\\Downloads\\visivi_data_\\gp_2024\\thumbnail_LISEA (01226)_PK22+491_V2.JPG","_pk_fmt":"22+503","_sp_url":null,"_ph_url":"data/photos/oa/0083.jpg"},"geometry":{"type":"Point","coordinates":[0.6750882417431866,47.158663555194096]}},{"id":"84","type":"Feature","properties":{"fid":85.0,"ID_TEC_T_G":26.0,"CODE_OBJET":"OAL02-02800","LIBELLE":"PRA 0414","LIBELLE_LO":"PRA 0414 - VC300","AXE":"LGV","VOIE":1.0,"PK_DEB":41475.0,"PK_FIN":null,"CODE_FAMIL":"OA","LIBELLE_FA":"Ouvrage d’Art","INSEE":"37174","COMMUNE":"NOUATRE","DEPARTEMEN":"INDRE-ET-LOIRE","voie_":"LGV1","_ph_path":"C:\\Users\\YCHAKER\\Downloads\\visivi_data_\\gp_2024\\thumbnail_LISEA (02177)_PK41+47_V1.JPG","_pk_fmt":"41+475","_sp_url":null,"_ph_url":"data/photos/oa/0084.jpg"},"geometry":{"type":"Point","coordinates":[0.5642061670943304,47.01806425208099]}},{"id":"85","type":"Feature","properties":{"fid":86.0,"ID_TEC_T_G":27.0,"CODE_OBJET":"OAL05-02200","LIBELLE":"PRO 1010","LIBELLE_LO":"PRO 1010 - RD 87","AXE":"LGV","VOIE":1.0,"PK_DEB":101000.0,"PK_FIN":null,"CODE_FAMIL":"OA","LIBELLE_FA":"Ouvrage d’Art","INSEE":"86297","COMMUNE":"VOUNEUIL-SOUS-BIARD","DEPARTEMEN":"VIENNE","voie_":"LGV1","_ph_path":"C:\\Users\\YCHAKER\\Downloads\\visivi_data_\\gp_2024\\thumbnail_LISEA (04664)_PK100+997_V2.JPG","_pk_fmt":"101+000","_sp_url":null,"_ph_url":"data/photos/oa/0085.jpg"},"geometry":{"type":"Point","coordinates":[0.25811063632454767,46.54852209534824]}},{"id":"86","type":"Feature","properties":{"fid":87.0,"ID_TEC_T_G":28.0,"CODE_OBJET":"OAL05-02300","LIBELLE":"PRO 1019","LIBELLE_LO":"PRO 1019 - VC1 - Tranchée de Fontaine le Comte","AXE":"LGV","VOIE":1.0,"PK_DEB":101890.0,"PK_FIN":null,"CODE_FAMIL":"OA","LIBELLE_FA":"Ouvrage d’Art","INSEE":"86100","COMMUNE":"FONTAINE-LE-COMTE","DEPARTEMEN":"VIENNE","voie_":"LGV1","_ph_path":"C:\\Users\\YCHAKER\\Downloads\\visivi_data_\\gp_2024\\thumbnail_LISEA (04695)_PK101+879_V2.JPG","_pk_fmt":"101+890","_sp_url":null,"_ph_url":"data/photos/oa/0086.jpg"},"geometry":{"type":"Point","coordinates":[0.2516493853631117,46.54186655285386]}},{"id":"87","type":"Feature","properties":{"fid":88.0,"ID_TEC_T_G":29.0,"CODE_OBJET":"OAL05-02700","LIBELLE":"PRA 1022","LIBELLE_LO":"PRA 1022 - La Bruere","AXE":"LGV","VOIE":1.0,"PK_DEB":102257.0,"PK_FIN":null,"CODE_FAMIL":"OA","LIBELLE_FA":"Ouvrage d’Art","INSEE":"86100","COMMUNE":"FONTAINE-LE-COMTE","DEPARTEMEN":"VIENNE","voie_":"LGV1","_ph_path":"C:\\Users\\YCHAKER\\Downloads\\visivi_data_\\gp_2024\\thumbnail_LISEA (04708)_PK102+264_V1.JPG","_pk_fmt":"102+257","_sp_url":null,"_ph_url":"data/photos/oa/0087.jpg"},"geometry":{"type":"Point","coordinates":[0.24927908703273974,46.538983505795294]}},{"id":"88","type":"Feature","properties":{"fid":89.0,"ID_TEC_T_G":30.0,"CODE_OBJET":"OAL05-02800","LIBELLE":"PRO 1033","LIBELLE_LO":"PRO 1033 - VC 9","AXE":"LGV","VOIE":1.0,"PK_DEB":103335.0,"PK_FIN":null,"CODE_FAMIL":"OA","LIBELLE_FA":"Ouvrage d’Art","INSEE":"86100","COMMUNE":"FONTAINE-LE-COMTE","DEPARTEMEN":"VIENNE","voie_":"LGV1","_ph_path":"C:\\Users\\YCHAKER\\Downloads\\visivi_data_\\gp_2024\\thumbnail_LISEA (04748)_PK103+336_V2.JPG","_pk_fmt":"103+335","_sp_url":null,"_ph_url":"data/photos/oa/0088.jpg"},"geometry":{"type":"Point","coordinates":[0.2435544234271412,46.53013693488528]}},{"id":"89","type":"Feature","properties":{"fid":90.0,"ID_TEC_T_G":31.0,"CODE_OBJET":"OAL05-03000","LIBELLE":"PRA 1038","LIBELLE_LO":"PRA 1038 - La Petite Foy","AXE":"LGV","VOIE":1.0,"PK_DEB":103877.0,"PK_FIN":null,"CODE_FAMIL":"OA","LIBELLE_FA":"Ouvrage d’Art","INSEE":"86100","COMMUNE":"FONTAINE-LE-COMTE","DEPARTEMEN":"VIENNE","voie_":"LGV1","_ph_path":"C:\\Users\\YCHAKER\\Downloads\\visivi_data_\\gp_2024\\thumbnail_LISEA (04767)_PK3+702_RFN1.JPG","_pk_fmt":"103+877","_sp_url":null,"_ph_url":"data/photos/oa/0089.jpg"},"geometry":{"type":"Point","coordinates":[0.2410076794150687,46.52558067063012]}},{"id":"90","type":"Feature","properties":{"fid":91.0,"ID_TEC_T_G":32.0,"CODE_OBJET":"OAL05-03100","LIBELLE":"PRA 1052","LIBELLE_LO":"PRA 1052 - RD 611 (RN 11)","AXE":"LGV","VOIE":1.0,"PK_DEB":105213.0,"PK_FIN":null,"CODE_FAMIL":"OA","LIBELLE_FA":"Ouvrage d’Art","INSEE":"86100","COMMUNE":"FONTAINE-LE-COMTE","DEPARTEMEN":"VIENNE","voie_":"LGV1","_ph_path":"C:\\Users\\YCHAKER\\Downloads\\visivi_data_\\gp_2024\\thumbnail_LISEA (05013)_PK105+218_V2.JPG","_pk_fmt":"105+213","_sp_url":null,"_ph_url":"data/photos/oa/0090.jpg"},"geometry":{"type":"Point","coordinates":[0.23458535156827107,46.51435881559341]}},{"id":"91","type":"Feature","properties":{"fid":92.0,"ID_TEC_T_G":33.0,"CODE_OBJET":"OAL05-03300","LIBELLE":"SDM 1059","LIBELLE_LO":"SDM 1059 - Saut de mouton 2 de Fontaine le Comte","AXE":"LGV","VOIE":1.0,"PK_DEB":105982.0,"PK_FIN":null,"CODE_FAMIL":"OA","LIBELLE_FA":"Ouvrage d’Art","INSEE":"86100","COMMUNE":"FONTAINE-LE-COMTE","DEPARTEMEN":"VIENNE","voie_":"LGV1","_ph_path":"C:\\Users\\YCHAKER\\Downloads\\visivi_data_\\gp_2024\\thumbnail_LISEA (05042)_PK105+969_V2.JPG","_pk_fmt":"105+982","_sp_url":null,"_ph_url":"data/photos/oa/0091.jpg"},"geometry":{"type":"Point","coordinates":[0.23093739284190776,46.50794584613175]}},{"id":"92","type":"Feature","properties":{"fid":93.0,"ID_TEC_T_G":34.0,"CODE_OBJET":"OAL06-00100","LIBELLE":"PRO 1084","LIBELLE_LO":"PRO 1084 - CR Beauvais","AXE":"LGV","VOIE":1.0,"PK_DEB":108404.0,"PK_FIN":null,"CODE_FAMIL":"OA","LIBELLE_FA":"Ouvrage d’Art","INSEE":"86145","COMMUNE":"MARCAY","DEPARTEMEN":"VIENNE","voie_":"LGV1","_ph_path":"C:\\Users\\YCHAKER\\Downloads\\visivi_data_\\gp_2024\\thumbnail_LISEA (05130)_PK108+403_V2.JPG","_pk_fmt":"108+404","_sp_url":null,"_ph_url":"data/photos/oa/0092.jpg"},"geometry":{"type":"Point","coordinates":[0.2194064515304104,46.48764071493514]}},{"id":"93","type":"Feature","properties":{"fid":94.0,"ID_TEC_T_G":35.0,"CODE_OBJET":"OAL06-00200","LIBELLE":"PRO 1101","LIBELLE_LO":"PRO 1101 - RD 95","AXE":"LGV","VOIE":1.0,"PK_DEB":110190.0,"PK_FIN":null,"CODE_FAMIL":"OA","LIBELLE_FA":"Ouvrage d’Art","INSEE":"86145","COMMUNE":"MARCAY","DEPARTEMEN":"VIENNE","voie_":"LGV1","_ph_path":"C:\\Users\\YCHAKER\\Downloads\\visivi_data_\\gp_2024\\thumbnail_LISEA (05201)_PK110+203_V1.JPG","_pk_fmt":"110+190","_sp_url":null,"_ph_url":"data/photos/oa/0093.jpg"},"geometry":{"type":"Point","coordinates":[0.2120750433583153,46.47239907958538]}},{"id":"94","type":"Feature","properties":{"fid":95.0,"ID_TEC_T_G":238.0,"CODE_OBJET":"OAL02-00700","LIBELLE":"PRA HL 0237-1","LIBELLE_LO":"PRA HL 0237-1 - La Pagerie","AXE":"LGV","VOIE":1.0,"PK_DEB":23744.0,"PK_FIN":null,"CODE_FAMIL":"OA","LIBELLE_FA":"Ouvrage d’Art","INSEE":"37212","COMMUNE":"SAINTE-CATHERINE-DE-FIERBOIS","DEPARTEMEN":"INDRE-ET-LOIRE","voie_":"LGV1","_ph_path":"C:\\Users\\YCHAKER\\Downloads\\visivi_data_\\gp_2024\\thumbnail_LISEA (01274)_PK23+748_V1.JPG","_pk_fmt":"23+744","_sp_url":null,"_ph_url":"data/photos/oa/0094.jpg"},"geometry":{"type":"Point","coordinates":[0.679075564079022,47.14760082991446]}},{"id":"95","type":"Feature","properties":{"fid":96.0,"ID_TEC_T_G":239.0,"CODE_OBJET":"OAL12-04300","LIBELLE":"PRA 2237","LIBELLE_LO":"PRA 2237 - AGR + Bief du Né","AXE":"LGV","VOIE":1.0,"PK_DEB":223731.0,"PK_FIN":null,"CODE_FAMIL":"OA","LIBELLE_FA":"Ouvrage d’Art","INSEE":"16258","COMMUNE":"PERIGNAC","DEPARTEMEN":"CHARENTE","voie_":"LGV1","_ph_path":"C:\\Users\\YCHAKER\\Downloads\\visivi_data_\\gp_2024\\thumbnail_LISEA (09842)_PK223+736_V2.JPG","_pk_fmt":"223+731","_sp_url":null,"_ph_url":"data/photos/oa/0095.jpg"},"geometry":{"type":"Point","coordinates":[0.046429335628519385,45.476200980411456]}},{"id":"96","type":"Feature","properties":{"fid":97.0,"ID_TEC_T_G":240.0,"CODE_OBJET":"OAL12-04400","LIBELLE":"PRO 2239","LIBELLE_LO":"PRO 2239 - RD 54","AXE":"LGV","VOIE":1.0,"PK_DEB":223907.0,"PK_FIN":null,"CODE_FAMIL":"OA","LIBELLE_FA":"Ouvrage d’Art","INSEE":"16258","COMMUNE":"PERIGNAC","DEPARTEMEN":"CHARENTE","voie_":"LGV1","_ph_path":"C:\\Users\\YCHAKER\\Downloads\\visivi_data_\\gp_2024\\thumbnail_LISEA (09848)_PK223+898_V1.JPG","_pk_fmt":"223+907","_sp_url":null,"_ph_url":"data/photos/oa/0096.jpg"},"geometry":{"type":"Point","coordinates":[0.045397083720857205,45.47477756310482]}},{"id":"97","type":"Feature","properties":{"fid":98.0,"ID_TEC_T_G":241.0,"CODE_OBJET":"OAL12-04600","LIBELLE":"VIA 2251","LIBELLE_LO":"VIA 2251 - Viaduc de la Fontaine des Filles","AXE":"LGV","VOIE":1.0,"PK_DEB":225121.0,"PK_FIN":null,"CODE_FAMIL":"OA","LIBELLE_FA":"Ouvrage d’Art","INSEE":"16332","COMMUNE":"SAINT-LEGER","DEPARTEMEN":"CHARENTE","voie_":"LGV1","_ph_path":"C:\\Users\\YCHAKER\\Downloads\\visivi_data_\\gp_2024\\thumbnail_LISEA (09894)_PK225+134_V1.JPG","_pk_fmt":"225+121","_sp_url":null,"_ph_url":"data/photos/oa/0097.jpg"},"geometry":{"type":"Point","coordinates":[0.03757418050303293,45.46533877161491]}},{"id":"98","type":"Feature","properties":{"fid":99.0,"ID_TEC_T_G":242.0,"CODE_OBJET":"OAL12-04700","LIBELLE":"PRO 2261","LIBELLE_LO":"PRO 2261 - RD 46 + rando","AXE":"LGV","VOIE":1.0,"PK_DEB":226138.0,"PK_FIN":null,"CODE_FAMIL":"OA","LIBELLE_FA":"Ouvrage d’Art","INSEE":"16046","COMMUNE":"BLANZAC-PORCHERESSE","DEPARTEMEN":"CHARENTE","voie_":"LGV1","_ph_path":"C:\\Users\\YCHAKER\\Downloads\\visivi_data_\\gp_2024\\thumbnail_LISEA (09939)_PK226+129_V2.JPG","_pk_fmt":"226+138","_sp_url":null,"_ph_url":"data/photos/oa/0098.jpg"},"geometry":{"type":"Point","coordinates":[0.03148252640491902,45.45724492470062]}},{"id":"99","type":"Feature","properties":{"fid":100.0,"ID_TEC_T_G":243.0,"CODE_OBJET":"OAL12-04900","LIBELLE":"PRO 2275","LIBELLE_LO":"PRO 2275 - RD 449","AXE":"LGV","VOIE":1.0,"PK_DEB":227536.0,"PK_FIN":null,"CODE_FAMIL":"OA","LIBELLE_FA":"Ouvrage d’Art","INSEE":"16115","COMMUNE":"CRESSAC-SAINT-GENIS","DEPARTEMEN":"CHARENTE","voie_":"LGV1","_ph_path":"C:\\Users\\YCHAKER\\Downloads\\visivi_data_\\gp_2024\\thumbnail_LISEA (09998)_PK227+525_V2.JPG","_pk_fmt":"227+536","_sp_url":null,"_ph_url":"data/photos/oa/0099.jpg"},"geometry":{"type":"Point","coordinates":[0.023437755826301008,45.446002870396946]}},{"id":"100","type":"Feature","properties":{"fid":101.0,"ID_TEC_T_G":244.0,"CODE_OBJET":"OAL12-05300","LIBELLE":"PRA 2297","LIBELLE_LO":"PRA 2297 - L'Arce","AXE":"LGV","VOIE":1.0,"PK_DEB":229725.0,"PK_FIN":null,"CODE_FAMIL":"OA","LIBELLE_FA":"Ouvrage d’Art","INSEE":"16118","COMMUNE":"DEVIAT","DEPARTEMEN":"CHARENTE","voie_":"LGV1","_ph_path":"C:\\Users\\YCHAKER\\Downloads\\visivi_data_\\gp_2024\\thumbnail_LISEA (10079)_PK229+734_V2.JPG","_pk_fmt":"229+725","_sp_url":null,"_ph_url":"data/photos/oa/0100.jpg"},"geometry":{"type":"Point","coordinates":[0.010841576528604983,45.42839785570121]}},{"id":"101","type":"Feature","properties":{"fid":102.0,"ID_TEC_T_G":245.0,"CODE_OBJET":"OAL12-05400","LIBELLE":"PRO 2302","LIBELLE_LO":"PRO 2302 - VC2 + rando","AXE":"LGV","VOIE":1.0,"PK_DEB":230243.0,"PK_FIN":null,"CODE_FAMIL":"OA","LIBELLE_FA":"Ouvrage d’Art","INSEE":"16118","COMMUNE":"DEVIAT","DEPARTEMEN":"CHARENTE","voie_":"LGV1","_ph_path":"C:\\Users\\YCHAKER\\Downloads\\visivi_data_\\gp_2024\\thumbnail_LISEA (10099)_PK230+245_V1.JPG","_pk_fmt":"230+243","_sp_url":null,"_ph_url":"data/photos/oa/0101.jpg"},"geometry":{"type":"Point","coordinates":[0.00785893225620702,45.42422809187282]}},{"id":"102","type":"Feature","properties":{"fid":103.0,"ID_TEC_T_G":246.0,"CODE_OBJET":"OAL12-05500","LIBELLE":"PRA 2304","LIBELLE_LO":"PRA 2304 - La Faye","AXE":"LGV","VOIE":1.0,"PK_DEB":230447.0,"PK_FIN":null,"CODE_FAMIL":"OA","LIBELLE_FA":"Ouvrage d’Art","INSEE":"16118","COMMUNE":"DEVIAT","DEPARTEMEN":"CHARENTE","voie_":"LGV1","_ph_path":"C:\\Users\\YCHAKER\\Downloads\\visivi_data_\\gp_2024\\thumbnail_LISEA (10107)_PK230+449_V1.JPG","_pk_fmt":"230+447","_sp_url":null,"_ph_url":"data/photos/oa/0102.jpg"},"geometry":{"type":"Point","coordinates":[0.006684083508515837,45.42258929086031]}},{"id":"103","type":"Feature","properties":{"fid":104.0,"ID_TEC_T_G":247.0,"CODE_OBJET":"OAL13-00200","LIBELLE":"PRA 2317","LIBELLE_LO":"PRA 2317 - CR10 + rando","AXE":"LGV","VOIE":1.0,"PK_DEB":231706.0,"PK_FIN":null,"CODE_FAMIL":"OA","LIBELLE_FA":"Ouvrage d’Art","INSEE":"16118","COMMUNE":"DEVIAT","DEPARTEMEN":"CHARENTE","voie_":"LGV1","_ph_path":"C:\\Users\\YCHAKER\\Downloads\\visivi_data_\\gp_2024\\thumbnail_LISEA (10151)_PK231+707_V1.JPG","_pk_fmt":"231+706","_sp_url":null,"_ph_url":"data/photos/oa/0103.jpg"},"geometry":{"type":"Point","coordinates":[-0.0010348120616983623,45.41264486467815]}},{"id":"104","type":"Feature","properties":{"fid":105.0,"ID_TEC_T_G":248.0,"CODE_OBJET":"OAL13-00400","LIBELLE":"PRO 2326","LIBELLE_LO":"PRO 2326 - RD 24","AXE":"LGV","VOIE":1.0,"PK_DEB":232669.0,"PK_FIN":null,"CODE_FAMIL":"OA","LIBELLE_FA":"Ouvrage d’Art","INSEE":"16041","COMMUNE":"BESSAC","DEPARTEMEN":"CHARENTE","voie_":"LGV1","_ph_path":"C:\\Users\\YCHAKER\\Downloads\\visivi_data_\\gp_2024\\thumbnail_LISEA (10188)_PK232+658_V1.JPG","_pk_fmt":"232+669","_sp_url":null,"_ph_url":"data/photos/oa/0104.jpg"},"geometry":{"type":"Point","coordinates":[-0.007079462409531426,45.405092982577735]}},{"id":"105","type":"Feature","properties":{"fid":106.0,"ID_TEC_T_G":249.0,"CODE_OBJET":"OAL04-03800","LIBELLE":"PRO 0882","LIBELLE_LO":"PRO 0882 - VC 1","AXE":"LGV","VOIE":1.0,"PK_DEB":88276.0,"PK_FIN":null,"CODE_FAMIL":"OA","LIBELLE_FA":"Ouvrage d’Art","INSEE":"86062","COMMUNE":"CHASSENEUIL-DU-POITOU","DEPARTEMEN":"VIENNE","voie_":"LGV1","_ph_path":"C:\\Users\\YCHAKER\\Downloads\\visivi_data_\\gp_2024\\thumbnail_LISEA (04200)_PK88+276_V1.JPG","_pk_fmt":"88+276","_sp_url":null,"_ph_url":"data/photos/oa/0105.jpg"},"geometry":{"type":"Point","coordinates":[0.3502907701571175,46.64294210707925]}},{"id":"106","type":"Feature","properties":{"fid":107.0,"ID_TEC_T_G":250.0,"CODE_OBJET":"OAL15-01900","LIBELLE":"VIA 2950","LIBELLE_LO":"VIA 2950 - Viaduc du marais de la Virvée","AXE":"LGV","VOIE":1.0,"PK_DEB":295007.0,"PK_FIN":null,"CODE_FAMIL":"OA","LIBELLE_FA":"Ouvrage d’Art","INSEE":"33143","COMMUNE":"CUBZAC-LES-PONTS","DEPARTEMEN":"GIRONDE","voie_":"LGV1","_ph_path":"C:\\Users\\YCHAKER\\Downloads\\visivi_data_\\gp_2024\\thumbnail_LISEA (12555)_PK295+015_V1.JPG","_pk_fmt":"295+007","_sp_url":null,"_ph_url":"data/photos/oa/0106.jpg"},"geometry":{"type":"Point","coordinates":[-0.4388497673884703,44.964436991629626]}},{"id":"107","type":"Feature","properties":{"fid":108.0,"ID_TEC_T_G":251.0,"CODE_OBJET":"OAL04-00600","LIBELLE":"PRA MA0 0017","LIBELLE_LO":"PRA MA0 0017 - PRAD du Mur Nd de la folie","AXE":"MA1","VOIE":1.0,"PK_DEB":1732.0,"PK_FIN":null,"CODE_FAMIL":"OA","LIBELLE_FA":"Ouvrage d’Art","INSEE":"86158","COMMUNE":"MIGNE-AUXANCES","DEPARTEMEN":"VIENNE","voie_":"MA11","_ph_path":"C:\\Users\\YCHAKER\\Downloads\\visivi_data_\\gp_2024\\thumbnail_LISEA (04082)_PK1+727_RMA2.JPG","_pk_fmt":"1+732","_sp_url":null,"_ph_url":"data/photos/oa/0107.jpg"},"geometry":{"type":"Point","coordinates":[0.35173809651252297,46.62351137669865]}},{"id":"108","type":"Feature","properties":{"fid":109.0,"ID_TEC_T_G":252.0,"CODE_OBJET":"OAL15-03100","LIBELLE":"PRA AL0 2998","LIBELLE_LO":"PRA AL0 2998 - Avenue Léon Blum","AXE":"AL1","VOIE":1.0,"PK_DEB":299800.0,"PK_FIN":null,"CODE_FAMIL":"OA","LIBELLE_FA":"Ouvrage d’Art","INSEE":"33003","COMMUNE":"AMBARES-ET-LAGRAVE","DEPARTEMEN":"GIRONDE","voie_":"AL11","_ph_path":"C:\\Users\\YCHAKER\\Downloads\\visivi_data_\\gp_2024\\thumbnail_LISEA (12750)_PK299+805_V2.JPG","_pk_fmt":"299+800","_sp_url":null,"_ph_url":"data/photos/oa/0108.jpg"},"geometry":{"type":"Point","coordinates":[-0.48000708599609454,44.93361351463815]}},{"id":"109","type":"Feature","properties":{"fid":110.0,"ID_TEC_T_G":253.0,"CODE_OBJET":"OAL03-01400","LIBELLE":"PRO 0576","LIBELLE_LO":"PRO 0576 - RD 22","AXE":"LGV","VOIE":1.0,"PK_DEB":57622.0,"PK_FIN":null,"CODE_FAMIL":"OA","LIBELLE_FA":"Ouvrage d’Art","INSEE":"86224","COMMUNE":"ST-GERVAIS-LES-TROIS-CLOCHERS","DEPARTEMEN":"VIENNE","voie_":"LGV1","_ph_path":"C:\\Users\\YCHAKER\\Downloads\\visivi_data_\\gp_2024\\thumbnail_LISEA (02818)_PK57+622_V2.JPG","_pk_fmt":"57+622","_sp_url":null,"_ph_url":"data/photos/oa/0109.jpg"},"geometry":{"type":"Point","coordinates":[0.4342453252786848,46.906899653669605]}},{"id":"110","type":"Feature","properties":{"fid":111.0,"ID_TEC_T_G":254.0,"CODE_OBJET":"OAL13-01300","LIBELLE":"PRA 2390","LIBELLE_LO":"PRA 2390 - CR du Font Guibert + rando","AXE":"LGV","VOIE":1.0,"PK_DEB":239090.0,"PK_FIN":null,"CODE_FAMIL":"OA","LIBELLE_FA":"Ouvrage d’Art","INSEE":"16091","COMMUNE":"CHATIGNAC","DEPARTEMEN":"CHARENTE","voie_":"LGV1","_ph_path":"C:\\Users\\YCHAKER\\Downloads\\visivi_data_\\gp_2024\\thumbnail_LISEA (10440)_PK239+102_V1.JPG","_pk_fmt":"239+090","_sp_url":null,"_ph_url":"data/photos/oa/0110.jpg"},"geometry":{"type":"Point","coordinates":[-0.026622886604721417,45.349868940520686]}},{"id":"111","type":"Feature","properties":{"fid":112.0,"ID_TEC_T_G":255.0,"CODE_OBJET":"OAL12-03200","LIBELLE":"PRA 2183","LIBELLE_LO":"PRA 2183 - VC204 + rando","AXE":"LGV","VOIE":1.0,"PK_DEB":218360.0,"PK_FIN":null,"CODE_FAMIL":"OA","LIBELLE_FA":"Ouvrage d’Art","INSEE":"16263","COMMUNE":"PLASSAC-ROUFFIAC","DEPARTEMEN":"CHARENTE","voie_":"LGV1","_ph_path":"C:\\Users\\YCHAKER\\Downloads\\visivi_data_\\gp_2024\\thumbnail_LISEA (09642)_PK218+369_V2.JPG","_pk_fmt":"218+360","_sp_url":null,"_ph_url":"data/photos/oa/0111.jpg"},"geometry":{"type":"Point","coordinates":[0.053506582108938404,45.52364767402753]}},{"id":"112","type":"Feature","properties":{"fid":113.0,"ID_TEC_T_G":256.0,"CODE_OBJET":"OAL12-03300","LIBELLE":"PRA 2194","LIBELLE_LO":"PRA 2194 - VC3 + rando","AXE":"LGV","VOIE":1.0,"PK_DEB":219426.0,"PK_FIN":null,"CODE_FAMIL":"OA","LIBELLE_FA":"Ouvrage d’Art","INSEE":"16075","COMMUNE":"CHAMPAGNE-VIGNY","DEPARTEMEN":"CHARENTE","voie_":"LGV1","_ph_path":"C:\\Users\\YCHAKER\\Downloads\\visivi_data_\\gp_2024\\thumbnail_LISEA (09678)_PK219+419_V1.JPG","_pk_fmt":"219+426","_sp_url":null,"_ph_url":"data/photos/oa/0112.jpg"},"geometry":{"type":"Point","coordinates":[0.053579602467930525,45.51406004993286]}},{"id":"113","type":"Feature","properties":{"fid":114.0,"ID_TEC_T_G":257.0,"CODE_OBJET":"OAL12-03500","LIBELLE":"PRA 2200","LIBELLE_LO":"PRA 2200 - VC201 + rando","AXE":"LGV","VOIE":1.0,"PK_DEB":220028.0,"PK_FIN":null,"CODE_FAMIL":"OA","LIBELLE_FA":"Ouvrage d’Art","INSEE":"16075","COMMUNE":"CHAMPAGNE-VIGNY","DEPARTEMEN":"CHARENTE","voie_":"LGV1","_ph_path":"C:\\Users\\YCHAKER\\Downloads\\visivi_data_\\gp_2024\\thumbnail_LISEA (09701)_PK220+033_V1.JPG","_pk_fmt":"220+028","_sp_url":null,"_ph_url":"data/photos/oa/0113.jpg"},"geometry":{"type":"Point","coordinates":[0.05405711878824435,45.50864351964183]}},{"id":"114","type":"Feature","properties":{"fid":115.0,"ID_TEC_T_G":258.0,"CODE_OBJET":"OAL12-03600","LIBELLE":"PRO 2212","LIBELLE_LO":"PRO 2212 - RD 436","AXE":"LGV","VOIE":1.0,"PK_DEB":221245.0,"PK_FIN":null,"CODE_FAMIL":"OA","LIBELLE_FA":"Ouvrage d’Art","INSEE":"16036","COMMUNE":"BECHERESSE","DEPARTEMEN":"CHARENTE","voie_":"LGV1","_ph_path":"C:\\Users\\YCHAKER\\Downloads\\visivi_data_\\gp_2024\\thumbnail_LISEA (09751)_PK221+236_V2.JPG","_pk_fmt":"221+245","_sp_url":null,"_ph_url":"data/photos/oa/0114.jpg"},"geometry":{"type":"Point","coordinates":[0.0544354620443749,45.49770500636152]}},{"id":"115","type":"Feature","properties":{"fid":116.0,"ID_TEC_T_G":259.0,"CODE_OBJET":"OAL12-03900","LIBELLE":"PRA 2228","LIBELLE_LO":"PRA 2228 - Ruisseau Fontaine Ladre","AXE":"LGV","VOIE":1.0,"PK_DEB":222880.0,"PK_FIN":null,"CODE_FAMIL":"OA","LIBELLE_FA":"Ouvrage d’Art","INSEE":"16046","COMMUNE":"BLANZAC-PORCHERESSE","DEPARTEMEN":"CHARENTE","voie_":"LGV1","_ph_path":"C:\\Users\\YCHAKER\\Downloads\\visivi_data_\\gp_2024\\thumbnail_LISEA (09811)_PK222+872_V2.JPG","_pk_fmt":"222+880","_sp_url":null,"_ph_url":"data/photos/oa/0115.jpg"},"geometry":{"type":"Point","coordinates":[0.05053581335962683,45.48327971292832]}},{"id":"116","type":"Feature","properties":{"fid":117.0,"ID_TEC_T_G":95.0,"CODE_OBJET":"OAL09-01600","LIBELLE":"PRA 1725","LIBELLE_LO":"PRA 1725 - RD61 + RANDO","AXE":"LGV","VOIE":1.0,"PK_DEB":172454.0,"PK_FIN":null,"CODE_FAMIL":"OA","LIBELLE_FA":"Ouvrage d’Art","INSEE":"16173","COMMUNE":"JUILLE","DEPARTEMEN":"CHARENTE","voie_":"LGV1","_ph_path":"C:\\Users\\YCHAKER\\Downloads\\visivi_data_\\gp_2024\\thumbnail_LISEA (07498)_PK2+221_RJ2.JPG","_pk_fmt":"172+454","_sp_url":null,"_ph_url":"data/photos/oa/0116.jpg"},"geometry":{"type":"Point","coordinates":[0.12658558681509985,45.924038472867444]}},{"id":"117","type":"Feature","properties":{"fid":118.0,"ID_TEC_T_G":96.0,"CODE_OBJET":"OAL09-01800","LIBELLE":"SDM 1731","LIBELLE_LO":"SDM 1731 - Saut de mouton de Juille","AXE":"LGV","VOIE":1.0,"PK_DEB":173119.0,"PK_FIN":null,"CODE_FAMIL":"OA","LIBELLE_FA":"Ouvrage d’Art","INSEE":"16173","COMMUNE":"JUILLE","DEPARTEMEN":"CHARENTE","voie_":"LGV1","_ph_path":"C:\\Users\\YCHAKER\\Downloads\\visivi_data_\\gp_2024\\thumbnail_LISEA (07605)_PK173+126_V2.JPG","_pk_fmt":"173+119","_sp_url":null,"_ph_url":"data/photos/oa/0117.jpg"},"geometry":{"type":"Point","coordinates":[0.12719531613793347,45.91806762121539]}},{"id":"118","type":"Feature","properties":{"fid":119.0,"ID_TEC_T_G":97.0,"CODE_OBJET":"OAL09-02000","LIBELLE":"PRO 1743","LIBELLE_LO":"PRO 1743 - VC5","AXE":"LGV","VOIE":1.0,"PK_DEB":174261.0,"PK_FIN":null,"CODE_FAMIL":"OA","LIBELLE_FA":"Ouvrage d’Art","INSEE":"16196","COMMUNE":"LUXE","DEPARTEMEN":"CHARENTE","voie_":"LGV1","_ph_path":"C:\\Users\\YCHAKER\\Downloads\\visivi_data_\\gp_2024\\thumbnail_LISEA (07649)_PK174+261_V1.JPG","_pk_fmt":"174+261","_sp_url":null,"_ph_url":"data/photos/oa/0118.jpg"},"geometry":{"type":"Point","coordinates":[0.12819378465860323,45.90779889621123]}},{"id":"119","type":"Feature","properties":{"fid":120.0,"ID_TEC_T_G":98.0,"CODE_OBJET":"OAL09-02100","LIBELLE":"PRA 1759","LIBELLE_LO":"PRA 1759 - RD186 + RANDO","AXE":"LGV","VOIE":1.0,"PK_DEB":175890.0,"PK_FIN":null,"CODE_FAMIL":"OA","LIBELLE_FA":"Ouvrage d’Art","INSEE":"16196","COMMUNE":"LUXE","DEPARTEMEN":"CHARENTE","voie_":"LGV1","_ph_path":"C:\\Users\\YCHAKER\\Downloads\\visivi_data_\\gp_2024\\thumbnail_LISEA (07711)_PK175+893_V1.JPG","_pk_fmt":"175+890","_sp_url":null,"_ph_url":"data/photos/oa/0119.jpg"},"geometry":{"type":"Point","coordinates":[0.1275088721398064,45.893179413457595]}},{"id":"120","type":"Feature","properties":{"fid":121.0,"ID_TEC_T_G":99.0,"CODE_OBJET":"OAL10-00100","LIBELLE":"PRO VN1 0002","LIBELLE_LO":"PRO VN1 0002 - RD 116","AXE":"VN1","VOIE":1.0,"PK_DEB":206.0,"PK_FIN":null,"CODE_FAMIL":"OA","LIBELLE_FA":"Ouvrage d’Art","INSEE":"16401","COMMUNE":"VERVANT","DEPARTEMEN":"CHARENTE","voie_":"VN11","_ph_path":"C:\\Users\\YCHAKER\\Downloads\\visivi_data_\\gp_2024\\thumbnail_LISEA (07985)_PK0+466_RV1.JPG","_pk_fmt":"0+206","_sp_url":null,"_ph_url":"data/photos/oa/0120.jpg"},"geometry":{"type":"Point","coordinates":[0.12228522425443122,45.8289335821595]}},{"id":"121","type":"Feature","properties":{"fid":122.0,"ID_TEC_T_G":100.0,"CODE_OBJET":"OAL10-00200","LIBELLE":"PRO VN2 0013","LIBELLE_LO":"PRO VN2 0013 - CR7","AXE":"VN2","VOIE":2.0,"PK_DEB":1331.0,"PK_FIN":null,"CODE_FAMIL":"OA","LIBELLE_FA":"Ouvrage d’Art","INSEE":"16414","COMMUNE":"VILLOGNON","DEPARTEMEN":"CHARENTE","voie_":"VN22","_ph_path":"C:\\Users\\YCHAKER\\Downloads\\visivi_data_\\gp_2024\\thumbnail_LISEA (07839)_PK179+083_V2.JPG","_pk_fmt":"1+331","_sp_url":null,"_ph_url":"data/photos/oa/0121.jpg"},"geometry":{"type":"Point","coordinates":[0.10836576630434247,45.86748033439054]}},{"id":"122","type":"Feature","properties":{"fid":123.0,"ID_TEC_T_G":101.0,"CODE_OBJET":"OAL10-00300","LIBELLE":"PRA VN1 0026","LIBELLE_LO":"PRA VN1 0026 - PGF mixteAccès EF","AXE":"VN1","VOIE":1.0,"PK_DEB":2668.0,"PK_FIN":null,"CODE_FAMIL":"OA","LIBELLE_FA":"Ouvrage d’Art","INSEE":"16414","COMMUNE":"VILLOGNON","DEPARTEMEN":"CHARENTE","voie_":"VN11","_ph_path":"C:\\Users\\YCHAKER\\Downloads\\visivi_data_\\gp_2024\\thumbnail_LISEA (07914)_PK2+663_RV1.JPG","_pk_fmt":"2+668","_sp_url":null,"_ph_url":"data/photos/oa/0122.jpg"},"geometry":{"type":"Point","coordinates":[0.10831208845594838,45.8478665688371]}},{"id":"123","type":"Feature","properties":{"fid":124.0,"ID_TEC_T_G":102.0,"CODE_OBJET":"OAL10-00400","LIBELLE":"PRA 1773","LIBELLE_LO":"PRA 1773 - RD 739","AXE":"LGV","VOIE":1.0,"PK_DEB":177308.0,"PK_FIN":null,"CODE_FAMIL":"OA","LIBELLE_FA":"Ouvrage d’Art","INSEE":"16196","COMMUNE":"LUXE","DEPARTEMEN":"CHARENTE","voie_":"LGV1","_ph_path":"C:\\Users\\YCHAKER\\Downloads\\visivi_data_\\gp_2024\\thumbnail_LISEA (07769)_PK177+31_V1.JPG","_pk_fmt":"177+308","_sp_url":null,"_ph_url":"data/photos/oa/0123.jpg"},"geometry":{"type":"Point","coordinates":[0.12294926206607261,45.88083173594938]}},{"id":"124","type":"Feature","properties":{"fid":125.0,"ID_TEC_T_G":103.0,"CODE_OBJET":"OAL10-00600","LIBELLE":"PRA 1803","LIBELLE_LO":"PRA 1803 - VC3","AXE":"LGV","VOIE":1.0,"PK_DEB":180355.0,"PK_FIN":null,"CODE_FAMIL":"OA","LIBELLE_FA":"Ouvrage d’Art","INSEE":"16414","COMMUNE":"VILLOGNON","DEPARTEMEN":"CHARENTE","voie_":"LGV1","_ph_path":"C:\\Users\\YCHAKER\\Downloads\\visivi_data_\\gp_2024\\thumbnail_LISEA (08013)_PK180+345_V2.JPG","_pk_fmt":"180+355","_sp_url":null,"_ph_url":"data/photos/oa/0124.jpg"},"geometry":{"type":"Point","coordinates":[0.10975403373645806,45.85499264547733]}},{"id":"125","type":"Feature","properties":{"fid":126.0,"ID_TEC_T_G":104.0,"CODE_OBJET":"OAL06-00300","LIBELLE":"PRA 1112","LIBELLE_LO":"PRA 1112 - Le Palais","AXE":"LGV","VOIE":1.0,"PK_DEB":111292.0,"PK_FIN":null,"CODE_FAMIL":"OA","LIBELLE_FA":"Ouvrage d’Art","INSEE":"86145","COMMUNE":"MARCAY","DEPARTEMEN":"VIENNE","voie_":"LGV1","_ph_path":"C:\\Users\\YCHAKER\\Downloads\\visivi_data_\\gp_2024\\thumbnail_LISEA (05240)_PK111+299_V2.JPG","_pk_fmt":"111+292","_sp_url":null,"_ph_url":"data/photos/oa/0125.jpg"},"geometry":{"type":"Point","coordinates":[0.20945492898373574,46.462643761664665]}},{"id":"126","type":"Feature","properties":{"fid":127.0,"ID_TEC_T_G":105.0,"CODE_OBJET":"OAL06-00400","LIBELLE":"PRO 1119","LIBELLE_LO":"PRO 1119 - PGF","AXE":"LGV","VOIE":1.0,"PK_DEB":111927.0,"PK_FIN":null,"CODE_FAMIL":"OA","LIBELLE_FA":"Ouvrage d’Art","INSEE":"86145","COMMUNE":"MARCAY","DEPARTEMEN":"VIENNE","voie_":"LGV1","_ph_path":"C:\\Users\\YCHAKER\\Downloads\\visivi_data_\\gp_2024\\thumbnail_LISEA (05262)_PK111+919_V1.JPG","_pk_fmt":"111+927","_sp_url":null,"_ph_url":"data/photos/oa/0126.jpg"},"geometry":{"type":"Point","coordinates":[0.2087074775426356,46.45694772073896]}},{"id":"127","type":"Feature","properties":{"fid":128.0,"ID_TEC_T_G":106.0,"CODE_OBJET":"OAL06-00600","LIBELLE":"PRO 1130","LIBELLE_LO":"PRO 1130 - RD 27","AXE":"LGV","VOIE":1.0,"PK_DEB":113011.0,"PK_FIN":null,"CODE_FAMIL":"OA","LIBELLE_FA":"Ouvrage d’Art","INSEE":"86147","COMMUNE":"MARIGNY-CHEMEREAU","DEPARTEMEN":"VIENNE","voie_":"LGV1","_ph_path":"C:\\Users\\YCHAKER\\Downloads\\visivi_data_\\gp_2024\\thumbnail_LISEA (05300)_PK113+002_V2.JPG","_pk_fmt":"113+011","_sp_url":null,"_ph_url":"data/photos/oa/0127.jpg"},"geometry":{"type":"Point","coordinates":[0.2084013600712596,46.44719261324075]}},{"id":"128","type":"Feature","properties":{"fid":129.0,"ID_TEC_T_G":107.0,"CODE_OBJET":"OAL06-00700","LIBELLE":"PRO 1137","LIBELLE_LO":"PRO 1137 - CR2","AXE":"LGV","VOIE":1.0,"PK_DEB":113702.0,"PK_FIN":null,"CODE_FAMIL":"OA","LIBELLE_FA":"Ouvrage d’Art","INSEE":"86147","COMMUNE":"MARIGNY-CHEMEREAU","DEPARTEMEN":"VIENNE","voie_":"LGV1","_ph_path":"C:\\Users\\YCHAKER\\Downloads\\visivi_data_\\gp_2024\\thumbnail_LISEA (05325)_PK113+691_V2.JPG","_pk_fmt":"113+702","_sp_url":null,"_ph_url":"data/photos/oa/0128.jpg"},"geometry":{"type":"Point","coordinates":[0.20833302438013962,46.44097305058238]}},{"id":"129","type":"Feature","properties":{"fid":130.0,"ID_TEC_T_G":108.0,"CODE_OBJET":"OAL06-00900","LIBELLE":"PRO 1152","LIBELLE_LO":"PRO 1152 - VC6","AXE":"LGV","VOIE":1.0,"PK_DEB":115261.0,"PK_FIN":null,"CODE_FAMIL":"OA","LIBELLE_FA":"Ouvrage d’Art","INSEE":"86147","COMMUNE":"MARIGNY-CHEMEREAU","DEPARTEMEN":"VIENNE","voie_":"LGV1","_ph_path":"C:\\Users\\YCHAKER\\Downloads\\visivi_data_\\gp_2024\\thumbnail_LISEA (05387)_PK115+27_V1.JPG","_pk_fmt":"115+261","_sp_url":null,"_ph_url":"data/photos/oa/0129.jpg"},"geometry":{"type":"Point","coordinates":[0.2072570923009849,46.426964615217024]}},{"id":"130","type":"Feature","properties":{"fid":131.0,"ID_TEC_T_G":109.0,"CODE_OBJET":"OAL06-01100","LIBELLE":"PRO 1162","LIBELLE_LO":"PRO 1162 - RD 742","AXE":"LGV","VOIE":1.0,"PK_DEB":116212.0,"PK_FIN":null,"CODE_FAMIL":"OA","LIBELLE_FA":"Ouvrage d’Art","INSEE":"86147","COMMUNE":"MARIGNY-CHEMEREAU","DEPARTEMEN":"VIENNE","voie_":"LGV1","_ph_path":"C:\\Users\\YCHAKER\\Downloads\\visivi_data_\\gp_2024\\thumbnail_LISEA (05421)_PK116+206_V2.JPG","_pk_fmt":"116+212","_sp_url":null,"_ph_url":"data/photos/oa/0130.jpg"},"geometry":{"type":"Point","coordinates":[0.20514891099682594,46.418532009525215]}},{"id":"131","type":"Feature","properties":{"fid":132.0,"ID_TEC_T_G":110.0,"CODE_OBJET":"OAL06-01200","LIBELLE":"PRO 1173","LIBELLE_LO":"PRO 1173 - VC1","AXE":"LGV","VOIE":1.0,"PK_DEB":117368.0,"PK_FIN":null,"CODE_FAMIL":"OA","LIBELLE_FA":"Ouvrage d’Art","INSEE":"86147","COMMUNE":"MARIGNY-CHEMEREAU","DEPARTEMEN":"VIENNE","voie_":"LGV1","_ph_path":"C:\\Users\\YCHAKER\\Downloads\\visivi_data_\\gp_2024\\thumbnail_LISEA (05467)_PK117+358_V2.JPG","_pk_fmt":"117+368","_sp_url":null,"_ph_url":"data/photos/oa/0131.jpg"},"geometry":{"type":"Point","coordinates":[0.20103034246067547,46.408523118382405]}},{"id":"132","type":"Feature","properties":{"fid":133.0,"ID_TEC_T_G":111.0,"CODE_OBJET":"OAL05-01700","LIBELLE":"VIA 0970","LIBELLE_LO":"VIA 0970 - Viaduc de la Boivre","AXE":"LGV","VOIE":1.0,"PK_DEB":96975.0,"PK_FIN":null,"CODE_FAMIL":"OA","LIBELLE_FA":"Ouvrage d’Art","INSEE":"86027","COMMUNE":"BIARD","DEPARTEMEN":"VIENNE","voie_":"LGV1","_ph_path":"C:\\Users\\YCHAKER\\Downloads\\visivi_data_\\gp_2024\\thumbnail_LISEA (04506)_PK96+969_V2.JPG","_pk_fmt":"96+975","_sp_url":null,"_ph_url":"data/photos/oa/0132.jpg"},"geometry":{"type":"Point","coordinates":[0.2882441960639048,46.578228956634945]}},{"id":"133","type":"Feature","properties":{"fid":134.0,"ID_TEC_T_G":112.0,"CODE_OBJET":"OAL05-01800","LIBELLE":"PRO 0980","LIBELLE_LO":"PRO 0980 - CR Domaine de Fleury + PGF","AXE":"LGV","VOIE":1.0,"PK_DEB":98004.0,"PK_FIN":null,"CODE_FAMIL":"OA","LIBELLE_FA":"Ouvrage d’Art","INSEE":"86297","COMMUNE":"VOUNEUIL-SOUS-BIARD","DEPARTEMEN":"VIENNE","voie_":"LGV1","_ph_path":"C:\\Users\\YCHAKER\\Downloads\\visivi_data_\\gp_2024\\thumbnail_LISEA (04549)_PK97+994_V1.JPG","_pk_fmt":"98+004","_sp_url":null,"_ph_url":"data/photos/oa/0133.jpg"},"geometry":{"type":"Point","coordinates":[0.28081420144391295,46.57056832853139]}},{"id":"134","type":"Feature","properties":{"fid":135.0,"ID_TEC_T_G":113.0,"CODE_OBJET":"OAL05-02000","LIBELLE":"PRA 0988","LIBELLE_LO":"PRA 0988 - La Droiterie","AXE":"LGV","VOIE":1.0,"PK_DEB":98891.0,"PK_FIN":null,"CODE_FAMIL":"OA","LIBELLE_FA":"Ouvrage d’Art","INSEE":"86297","COMMUNE":"VOUNEUIL-SOUS-BIARD","DEPARTEMEN":"VIENNE","voie_":"LGV1","_ph_path":"C:\\Users\\YCHAKER\\Downloads\\visivi_data_\\gp_2024\\thumbnail_LISEA (04586)_PK98+902_V2.JPG","_pk_fmt":"98+891","_sp_url":null,"_ph_url":"data/photos/oa/0134.jpg"},"geometry":{"type":"Point","coordinates":[0.2740572853968502,46.56400098235916]}},{"id":"135","type":"Feature","properties":{"fid":136.0,"ID_TEC_T_G":114.0,"CODE_OBJET":"OAL01-01300","LIBELLE":"PRO 0030","LIBELLE_LO":"PRO 0030 - VC4","AXE":"LGV","VOIE":1.0,"PK_DEB":3020.0,"PK_FIN":null,"CODE_FAMIL":"OA","LIBELLE_FA":"Ouvrage d’Art","INSEE":"37050","COMMUNE":"CHAMBRAY-LES-TOURS","DEPARTEMEN":"INDRE-ET-LOIRE","voie_":"LGV1","_ph_path":"C:\\Users\\YCHAKER\\Downloads\\visivi_data_\\gp_2024\\thumbnail_LISEA (00282)_PK3+01_V2.JPG","_pk_fmt":"3+020","_sp_url":null,"_ph_url":"data/photos/oa/0135.jpg"},"geometry":{"type":"Point","coordinates":[0.7272023631330424,47.315066865702754]}},{"id":"136","type":"Feature","properties":{"fid":137.0,"ID_TEC_T_G":115.0,"CODE_OBJET":"OAL01-02100","LIBELLE":"PRO 0058","LIBELLE_LO":"PRO 0058 - RD 287","AXE":"LGV","VOIE":1.0,"PK_DEB":5896.0,"PK_FIN":null,"CODE_FAMIL":"OA","LIBELLE_FA":"Ouvrage d’Art","INSEE":"37266","COMMUNE":"VEIGNE","DEPARTEMEN":"INDRE-ET-LOIRE","voie_":"LGV1","_ph_path":"C:\\Users\\YCHAKER\\Downloads\\visivi_data_\\gp_2024\\thumbnail_LISEA (00392)_PK5+897_V1.JPG","_pk_fmt":"5+896","_sp_url":null,"_ph_url":"data/photos/oa/0136.jpg"},"geometry":{"type":"Point","coordinates":[0.6969756264494749,47.29970014085592]}},{"id":"137","type":"Feature","properties":{"fid":138.0,"ID_TEC_T_G":116.0,"CODE_OBJET":"OAL02-00400","LIBELLE":"PRA CA2 0028","LIBELLE_LO":"PRA CA2 0028 - rivière Le Reveillon 2","AXE":"CA2","VOIE":2.0,"PK_DEB":2859.0,"PK_FIN":null,"CODE_FAMIL":"OA","LIBELLE_FA":"Ouvrage d’Art","INSEE":"37142","COMMUNE":"MAILLE","DEPARTEMEN":"INDRE-ET-LOIRE","voie_":"CA22","_ph_path":"C:\\Users\\YCHAKER\\Downloads\\visivi_data_\\gp_2024\\thumbnail_LISEA (01832)_PK2+862_RCA2.JPG","_pk_fmt":"2+859","_sp_url":null,"_ph_url":"data/photos/oa/0137.jpg"},"geometry":{"type":"Point","coordinates":[0.5895897295813707,47.04877031786402]}},{"id":"138","type":"Feature","properties":{"fid":139.0,"ID_TEC_T_G":117.0,"CODE_OBJET":"OAL02-00500","LIBELLE":"PRA 0237","LIBELLE_LO":"PRA 0237 - La Pagerie","AXE":"LGV","VOIE":1.0,"PK_DEB":23744.0,"PK_FIN":null,"CODE_FAMIL":"OA","LIBELLE_FA":"Ouvrage d’Art","INSEE":"37212","COMMUNE":"SAINTE-CATHERINE-DE-FIERBOIS","DEPARTEMEN":"INDRE-ET-LOIRE","voie_":"LGV1","_ph_path":"C:\\Users\\YCHAKER\\Downloads\\visivi_data_\\gp_2024\\thumbnail_LISEA (01274)_PK23+748_V1.JPG","_pk_fmt":"23+744","_sp_url":null,"_ph_url":"data/photos/oa/0138.jpg"},"geometry":{"type":"Point","coordinates":[0.6786248365519253,47.14752759592362]}},{"id":"139","type":"Feature","properties":{"fid":140.0,"ID_TEC_T_G":118.0,"CODE_OBJET":"OAL02-00800","LIBELLE":"PRO 0256","LIBELLE_LO":"PRO 0256 - RD 128","AXE":"LGV","VOIE":1.0,"PK_DEB":25640.0,"PK_FIN":null,"CODE_FAMIL":"OA","LIBELLE_FA":"Ouvrage d’Art","INSEE":"37226","COMMUNE":"SAINTE-MAURE-DE-TOURAINE","DEPARTEMEN":"INDRE-ET-LOIRE","voie_":"LGV1","_ph_path":"C:\\Users\\YCHAKER\\Downloads\\visivi_data_\\gp_2024\\thumbnail_LISEA (01352)_PK25+634_V1.JPG","_pk_fmt":"25+640","_sp_url":null,"_ph_url":"data/photos/oa/0139.jpg"},"geometry":{"type":"Point","coordinates":[0.6816178314778297,47.13063507700125]}},{"id":"140","type":"Feature","properties":{"fid":141.0,"ID_TEC_T_G":119.0,"CODE_OBJET":"OAL02-01100","LIBELLE":"PRO 0273","LIBELLE_LO":"PRO 0273 - VC 9","AXE":"LGV","VOIE":1.0,"PK_DEB":27360.0,"PK_FIN":null,"CODE_FAMIL":"OA","LIBELLE_FA":"Ouvrage d’Art","INSEE":"37226","COMMUNE":"SAINTE-MAURE-DE-TOURAINE","DEPARTEMEN":"INDRE-ET-LOIRE","voie_":"LGV1","_ph_path":"C:\\Users\\YCHAKER\\Downloads\\visivi_data_\\gp_2024\\thumbnail_LISEA (01420)_PK27+36_V1.JPG","_pk_fmt":"27+360","_sp_url":null,"_ph_url":"data/photos/oa/0140.jpg"},"geometry":{"type":"Point","coordinates":[0.6784012624056562,47.11535053207557]}},{"id":"141","type":"Feature","properties":{"fid":142.0,"ID_TEC_T_G":120.0,"CODE_OBJET":"OAL11-01600","LIBELLE":"PRO 1957","LIBELLE_LO":"PRO 1957 - RD 96","AXE":"LGV","VOIE":1.0,"PK_DEB":195774.0,"PK_FIN":null,"CODE_FAMIL":"OA","LIBELLE_FA":"Ouvrage d’Art","INSEE":"16019","COMMUNE":"ASNIERES-SUR-NOUERE","DEPARTEMEN":"CHARENTE","voie_":"LGV1","_ph_path":"C:\\Users\\YCHAKER\\Downloads\\visivi_data_\\gp_2024\\thumbnail_LISEA (08582)_PK195+771_V1.JPG","_pk_fmt":"195+774","_sp_url":null,"_ph_url":"data/photos/oa/0141.jpg"},"geometry":{"type":"Point","coordinates":[0.06022852013530774,45.72461226626583]}},{"id":"142","type":"Feature","properties":{"fid":143.0,"ID_TEC_T_G":121.0,"CODE_OBJET":"OAL11-01700","LIBELLE":"PRO 1968","LIBELLE_LO":"PRO 1968 - PGF","AXE":"LGV","VOIE":1.0,"PK_DEB":196802.0,"PK_FIN":null,"CODE_FAMIL":"OA","LIBELLE_FA":"Ouvrage d’Art","INSEE":"16019","COMMUNE":"ASNIERES-SUR-NOUERE","DEPARTEMEN":"CHARENTE","voie_":"LGV1","_ph_path":"C:\\Users\\YCHAKER\\Downloads\\visivi_data_\\gp_2024\\thumbnail_LISEA (08665)_PK196+798_V1.JPG","_pk_fmt":"196+802","_sp_url":null,"_ph_url":"data/photos/oa/0142.jpg"},"geometry":{"type":"Point","coordinates":[0.06322449343261922,45.715595337379426]}},{"id":"143","type":"Feature","properties":{"fid":144.0,"ID_TEC_T_G":122.0,"CODE_OBJET":"OAL11-01900","LIBELLE":"PRA 1992","LIBELLE_LO":"PRA 1992 - CR de Goutiers aux Plats","AXE":"LGV","VOIE":1.0,"PK_DEB":199275.0,"PK_FIN":null,"CODE_FAMIL":"OA","LIBELLE_FA":"Ouvrage d’Art","INSEE":"16019","COMMUNE":"ASNIERES-SUR-NOUERE","DEPARTEMEN":"CHARENTE","voie_":"LGV1","_ph_path":"C:\\Users\\YCHAKER\\Downloads\\visivi_data_\\gp_2024\\thumbnail_LISEA (08752)_PK199+262_V2.JPG","_pk_fmt":"199+275","_sp_url":null,"_ph_url":"data/photos/oa/0143.jpg"},"geometry":{"type":"Point","coordinates":[0.07018954939136986,45.69386294598343]}},{"id":"144","type":"Feature","properties":{"fid":145.0,"ID_TEC_T_G":123.0,"CODE_OBJET":"OAL11-02000","LIBELLE":"PRA 2002","LIBELLE_LO":"PRA 2002 - RD 37","AXE":"LGV","VOIE":1.0,"PK_DEB":200262.0,"PK_FIN":null,"CODE_FAMIL":"OA","LIBELLE_FA":"Ouvrage d’Art","INSEE":"16138","COMMUNE":"FLEAC","DEPARTEMEN":"CHARENTE","voie_":"LGV1","_ph_path":"C:\\Users\\YCHAKER\\Downloads\\visivi_data_\\gp_2024\\thumbnail_LISEA (08785)_PK200+252_V2.JPG","_pk_fmt":"200+262","_sp_url":null,"_ph_url":"data/photos/oa/0144.jpg"},"geometry":{"type":"Point","coordinates":[0.0731649527836342,45.68522464494839]}},{"id":"145","type":"Feature","properties":{"fid":146.0,"ID_TEC_T_G":124.0,"CODE_OBJET":"OAL11-02100","LIBELLE":"PRA 2004","LIBELLE_LO":"PRA 2004 - Bretelle sortie Nord RN141","AXE":"LGV","VOIE":1.0,"PK_DEB":200467.0,"PK_FIN":null,"CODE_FAMIL":"OA","LIBELLE_FA":"Ouvrage d’Art","INSEE":"16138","COMMUNE":"FLEAC","DEPARTEMEN":"CHARENTE","voie_":"LGV1","_ph_path":"C:\\Users\\YCHAKER\\Downloads\\visivi_data_\\gp_2024\\thumbnail_LISEA (08794)_PK200+461_V2.JPG","_pk_fmt":"200+467","_sp_url":null,"_ph_url":"data/photos/oa/0145.jpg"},"geometry":{"type":"Point","coordinates":[0.07367108172370918,45.68347907224778]}},{"id":"146","type":"Feature","properties":{"fid":147.0,"ID_TEC_T_G":125.0,"CODE_OBJET":"OAL11-02400","LIBELLE":"PRO 2016","LIBELLE_LO":"PRO 2016 - VC4","AXE":"LGV","VOIE":1.0,"PK_DEB":201630.0,"PK_FIN":null,"CODE_FAMIL":"OA","LIBELLE_FA":"Ouvrage d’Art","INSEE":"16138","COMMUNE":"FLEAC","DEPARTEMEN":"CHARENTE","voie_":"LGV1","_ph_path":"C:\\Users\\YCHAKER\\Downloads\\visivi_data_\\gp_2024\\thumbnail_LISEA (08836)_PK201+63_V1.JPG","_pk_fmt":"201+630","_sp_url":null,"_ph_url":"data/photos/oa/0146.jpg"},"geometry":{"type":"Point","coordinates":[0.07504612389535122,45.673001269402704]}},{"id":"147","type":"Feature","properties":{"fid":148.0,"ID_TEC_T_G":126.0,"CODE_OBJET":"OAL11-02600","LIBELLE":"PRO 2027","LIBELLE_LO":"PRO 2027 - RD 120","AXE":"LGV","VOIE":1.0,"PK_DEB":202763.0,"PK_FIN":null,"CODE_FAMIL":"OA","LIBELLE_FA":"Ouvrage d’Art","INSEE":"16187","COMMUNE":"LINARS","DEPARTEMEN":"CHARENTE","voie_":"LGV1","_ph_path":"C:\\Users\\YCHAKER\\Downloads\\visivi_data_\\gp_2024\\thumbnail_LISEA (08875)_PK202+772_V1.JPG","_pk_fmt":"202+763","_sp_url":null,"_ph_url":"data/photos/oa/0147.jpg"},"geometry":{"type":"Point","coordinates":[0.07371966350799027,45.6628578579863]}},{"id":"148","type":"Feature","properties":{"fid":149.0,"ID_TEC_T_G":127.0,"CODE_OBJET":"OAL08-00300","LIBELLE":"PRO 1419","LIBELLE_LO":"PRO 1419 - CR Les Versannes","AXE":"LGV","VOIE":1.0,"PK_DEB":141860.0,"PK_FIN":null,"CODE_FAMIL":"OA","LIBELLE_FA":"Ouvrage d’Art","INSEE":"86068","COMMUNE":"CHAUNAY","DEPARTEMEN":"VIENNE","voie_":"LGV1","_ph_path":"C:\\Users\\YCHAKER\\Downloads\\visivi_data_\\gp_2024\\thumbnail_LISEA (06381)_PK141+866_V1.JPG","_pk_fmt":"141+860","_sp_url":null,"_ph_url":"data/photos/oa/0148.jpg"},"geometry":{"type":"Point","coordinates":[0.13422280016622576,46.198921223932345]}},{"id":"149","type":"Feature","properties":{"fid":150.0,"ID_TEC_T_G":128.0,"CODE_OBJET":"OAL08-00400","LIBELLE":"PRO 1433","LIBELLE_LO":"PRO 1433 - VC202","AXE":"LGV","VOIE":1.0,"PK_DEB":143333.0,"PK_FIN":null,"CODE_FAMIL":"OA","LIBELLE_FA":"Ouvrage d’Art","INSEE":"86068","COMMUNE":"CHAUNAY","DEPARTEMEN":"VIENNE","voie_":"LGV1","_ph_path":"C:\\Users\\YCHAKER\\Downloads\\visivi_data_\\gp_2024\\thumbnail_LISEA (06438)_PK143+346_V1.JPG","_pk_fmt":"143+333","_sp_url":null,"_ph_url":"data/photos/oa/0149.jpg"},"geometry":{"type":"Point","coordinates":[0.1328451874570893,46.18572020357576]}},{"id":"150","type":"Feature","properties":{"fid":151.0,"ID_TEC_T_G":129.0,"CODE_OBJET":"OAL08-00600","LIBELLE":"PRO 1446","LIBELLE_LO":"PRO 1446 - RD112 + RANDO","AXE":"LGV","VOIE":1.0,"PK_DEB":144630.0,"PK_FIN":null,"CODE_FAMIL":"OA","LIBELLE_FA":"Ouvrage d’Art","INSEE":"79212","COMMUNE":"PLIBOU","DEPARTEMEN":"DEUX-SEVRES","voie_":"LGV1","_ph_path":"C:\\Users\\YCHAKER\\Downloads\\visivi_data_\\gp_2024\\thumbnail_LISEA (06483)_PK144+643_V1.JPG","_pk_fmt":"144+630","_sp_url":null,"_ph_url":"data/photos/oa/0150.jpg"},"geometry":{"type":"Point","coordinates":[0.13329900267465872,46.1740390901173]}},{"id":"151","type":"Feature","properties":{"fid":152.0,"ID_TEC_T_G":130.0,"CODE_OBJET":"OAL08-01900","LIBELLE":"PRO 1544","LIBELLE_LO":"PRO 1544 - VC1 + RANDO","AXE":"LGV","VOIE":1.0,"PK_DEB":154380.0,"PK_FIN":null,"CODE_FAMIL":"OA","LIBELLE_FA":"Ouvrage d’Art","INSEE":"16189","COMMUNE":"LONDIGNY","DEPARTEMEN":"CHARENTE","voie_":"LGV1","_ph_path":"C:\\Users\\YCHAKER\\Downloads\\visivi_data_\\gp_2024\\thumbnail_LISEA (06836)_PK154+37_V2.JPG","_pk_fmt":"154+380","_sp_url":null,"_ph_url":"data/photos/oa/0151.jpg"},"geometry":{"type":"Point","coordinates":[0.12500800990835775,46.086516989203176]}},{"id":"152","type":"Feature","properties":{"fid":153.0,"ID_TEC_T_G":131.0,"CODE_OBJET":"OAL08-02100","LIBELLE":"PRO 1575","LIBELLE_LO":"PRO 1575 - VC303 + RANDO","AXE":"LGV","VOIE":1.0,"PK_DEB":157506.0,"PK_FIN":null,"CODE_FAMIL":"OA","LIBELLE_FA":"Ouvrage d’Art","INSEE":"16335","COMMUNE":"SAINT-MARTIN-DU-CLOCHER","DEPARTEMEN":"CHARENTE","voie_":"LGV1","_ph_path":"C:\\Users\\YCHAKER\\Downloads\\visivi_data_\\gp_2024\\thumbnail_LISEA (06952)_PK157+515_V2.JPG","_pk_fmt":"157+506","_sp_url":null,"_ph_url":"data/photos/oa/0152.jpg"},"geometry":{"type":"Point","coordinates":[0.12771618710820462,46.058444732465254]}},{"id":"153","type":"Feature","properties":{"fid":154.0,"ID_TEC_T_G":132.0,"CODE_OBJET":"OAL08-02200","LIBELLE":"PRO 1594","LIBELLE_LO":"PRO 1594 - RD179 + RANDO","AXE":"LGV","VOIE":1.0,"PK_DEB":159420.0,"PK_FIN":null,"CODE_FAMIL":"OA","LIBELLE_FA":"Ouvrage d’Art","INSEE":"16098","COMMUNE":"LA CHEVRERIE","DEPARTEMEN":"CHARENTE","voie_":"LGV1","_ph_path":"C:\\Users\\YCHAKER\\Downloads\\visivi_data_\\gp_2024\\thumbnail_LISEA (07025)_PK159+42_V2.JPG","_pk_fmt":"159+420","_sp_url":null,"_ph_url":"data/photos/oa/0153.jpg"},"geometry":{"type":"Point","coordinates":[0.12658193686510424,46.04122705267522]}},{"id":"154","type":"Feature","properties":{"fid":155.0,"ID_TEC_T_G":133.0,"CODE_OBJET":"OAL13-02700","LIBELLE":"PRA 2460","LIBELLE_LO":"PRA 2460 - Rabouin sud + PGF","AXE":"LGV","VOIE":1.0,"PK_DEB":246092.0,"PK_FIN":null,"CODE_FAMIL":"OA","LIBELLE_FA":"Ouvrage d’Art","INSEE":"16357","COMMUNE":"SAINT-VALLIER","DEPARTEMEN":"CHARENTE","voie_":"LGV1","_ph_path":"C:\\Users\\YCHAKER\\Downloads\\visivi_data_\\gp_2024\\thumbnail_LISEA (10704)_PK246+1_V1.JPG","_pk_fmt":"246+092","_sp_url":null,"_ph_url":"data/photos/oa/0154.jpg"},"geometry":{"type":"Point","coordinates":[-0.06947638157340517,45.29605165743807]}},{"id":"155","type":"Feature","properties":{"fid":156.0,"ID_TEC_T_G":134.0,"CODE_OBJET":"OAL01-05000","LIBELLE":"PRO HL 0115-2","LIBELLE_LO":"PRO HL 0115-2 - La Pichauderie","AXE":"LGV","VOIE":2.0,"PK_DEB":11575.0,"PK_FIN":null,"CODE_FAMIL":"OA","LIBELLE_FA":"Ouvrage d’Art","INSEE":"37250","COMMUNE":"SORIGNY","DEPARTEMEN":"INDRE-ET-LOIRE","voie_":"LGV2","_ph_path":"C:\\Users\\YCHAKER\\Downloads\\visivi_data_\\gp_2024\\thumbnail_LISEA (00611)_PK11+583_V1.JPG","_pk_fmt":"11+575","_sp_url":null,"_ph_url":"data/photos/oa/0155.jpg"},"geometry":{"type":"Point","coordinates":[0.6654285767909642,47.25383940381361]}},{"id":"156","type":"Feature","properties":{"fid":157.0,"ID_TEC_T_G":135.0,"CODE_OBJET":"OAL10-00800","LIBELLE":"PRA 1806","LIBELLE_LO":"PRA 1806 - La Brangerie","AXE":"LGV","VOIE":1.0,"PK_DEB":180615.0,"PK_FIN":null,"CODE_FAMIL":"OA","LIBELLE_FA":"Ouvrage d’Art","INSEE":"16414","COMMUNE":"VILLOGNON","DEPARTEMEN":"CHARENTE","voie_":"LGV1","_ph_path":"C:\\Users\\YCHAKER\\Downloads\\visivi_data_\\gp_2024\\thumbnail_LISEA (08022)_PK180+612_V2.JPG","_pk_fmt":"180+615","_sp_url":null,"_ph_url":"data/photos/oa/0156.jpg"},"geometry":{"type":"Point","coordinates":[0.10875637161461696,45.85271608468803]}},{"id":"157","type":"Feature","properties":{"fid":158.0,"ID_TEC_T_G":136.0,"CODE_OBJET":"OAL12-01300","LIBELLE":"PRA CE2 0037","LIBELLE_LO":"PRA CE2 0037 - RD42","AXE":"CE2","VOIE":2.0,"PK_DEB":3716.0,"PK_FIN":null,"CODE_FAMIL":"OA","LIBELLE_FA":"Ouvrage d’Art","INSEE":"16287","COMMUNE":"ROULLET-SAINT-ESTEPHE","DEPARTEMEN":"CHARENTE","voie_":"CE22","_ph_path":"C:\\Users\\YCHAKER\\Downloads\\visivi_data_\\gp_2024\\thumbnail_LISEA (09410)_PK4+019_RCO2.JPG","_pk_fmt":"3+716","_sp_url":null,"_ph_url":"data/photos/oa/0157.jpg"},"geometry":{"type":"Point","coordinates":[0.06563697351516895,45.57638614700119]}},{"id":"158","type":"Feature","properties":{"fid":159.0,"ID_TEC_T_G":137.0,"CODE_OBJET":"OAL12-01400","LIBELLE":"PRA CE1 0039","LIBELLE_LO":"PRA CE1 0039 - RD42 + rando","AXE":"CE1","VOIE":1.0,"PK_DEB":3984.0,"PK_FIN":null,"CODE_FAMIL":"OA","LIBELLE_FA":"Ouvrage d’Art","INSEE":"16287","COMMUNE":"ROULLET-SAINT-ESTEPHE","DEPARTEMEN":"CHARENTE","voie_":"CE11","_ph_path":"C:\\Users\\YCHAKER\\Downloads\\visivi_data_\\gp_2024\\thumbnail_LISEA (09410)_PK4+019_RCO2.JPG","_pk_fmt":"3+984","_sp_url":null,"_ph_url":"data/photos/oa/0158.jpg"},"geometry":{"type":"Point","coordinates":[0.06659137424368984,45.57606154308429]}},{"id":"159","type":"Feature","properties":{"fid":160.0,"ID_TEC_T_G":138.0,"CODE_OBJET":"OAL12-01600","LIBELLE":"PRA 2056","LIBELLE_LO":"PRA 2056 - LC Angoulême Saintes","AXE":"LGV","VOIE":1.0,"PK_DEB":205609.0,"PK_FIN":null,"CODE_FAMIL":"OA","LIBELLE_FA":"Ouvrage d’Art","INSEE":"16244","COMMUNE":"NERSAC","DEPARTEMEN":"CHARENTE","voie_":"LGV1","_ph_path":"C:\\Users\\YCHAKER\\Downloads\\visivi_data_\\gp_2024\\thumbnail_LISEA (08976)_PK205+617_V1.JPG","_pk_fmt":"205+609","_sp_url":null,"_ph_url":"data/photos/oa/0159.jpg"},"geometry":{"type":"Point","coordinates":[0.07047391711409307,45.63741143339888]}},{"id":"160","type":"Feature","properties":{"fid":161.0,"ID_TEC_T_G":139.0,"CODE_OBJET":"OAL12-01700","LIBELLE":"PRA 2061","LIBELLE_LO":"PRA 2061 - Rue Ampère","AXE":"LGV","VOIE":1.0,"PK_DEB":206190.0,"PK_FIN":null,"CODE_FAMIL":"OA","LIBELLE_FA":"Ouvrage d’Art","INSEE":"16244","COMMUNE":"NERSAC","DEPARTEMEN":"CHARENTE","voie_":"LGV1","_ph_path":"C:\\Users\\YCHAKER\\Downloads\\visivi_data_\\gp_2024\\thumbnail_LISEA (08998)_PK206+191_V1.JPG","_pk_fmt":"206+190","_sp_url":null,"_ph_url":"data/photos/oa/0160.jpg"},"geometry":{"type":"Point","coordinates":[0.07063229508870647,45.632197642822305]}},{"id":"161","type":"Feature","properties":{"fid":162.0,"ID_TEC_T_G":140.0,"CODE_OBJET":"OAL08-00700","LIBELLE":"PRO 1456","LIBELLE_LO":"PRO 1456 - VC1","AXE":"LGV","VOIE":1.0,"PK_DEB":145621.0,"PK_FIN":null,"CODE_FAMIL":"OA","LIBELLE_FA":"Ouvrage d’Art","INSEE":"79212","COMMUNE":"PLIBOU","DEPARTEMEN":"DEUX-SEVRES","voie_":"LGV1","_ph_path":"C:\\Users\\YCHAKER\\Downloads\\visivi_data_\\gp_2024\\thumbnail_LISEA (06515)_PK145+608_V2.JPG","_pk_fmt":"145+621","_sp_url":null,"_ph_url":"data/photos/oa/0161.jpg"},"geometry":{"type":"Point","coordinates":[0.13335080954004302,46.1651198966749]}},{"id":"162","type":"Feature","properties":{"fid":163.0,"ID_TEC_T_G":141.0,"CODE_OBJET":"OAL08-00900","LIBELLE":"PRO 1474","LIBELLE_LO":"PRO 1474 - VC4 + RANDO","AXE":"LGV","VOIE":1.0,"PK_DEB":147427.0,"PK_FIN":null,"CODE_FAMIL":"OA","LIBELLE_FA":"Ouvrage d’Art","INSEE":"79212","COMMUNE":"PLIBOU","DEPARTEMEN":"DEUX-SEVRES","voie_":"LGV1","_ph_path":"C:\\Users\\YCHAKER\\Downloads\\visivi_data_\\gp_2024\\thumbnail_LISEA (06579)_PK147+418_V2.JPG","_pk_fmt":"147+427","_sp_url":null,"_ph_url":"data/photos/oa/0162.jpg"},"geometry":{"type":"Point","coordinates":[0.13260211047154705,46.14886131308268]}},{"id":"163","type":"Feature","properties":{"fid":164.0,"ID_TEC_T_G":142.0,"CODE_OBJET":"OAL08-01000","LIBELLE":"PRA 1490","LIBELLE_LO":"PRA 1490 - RD948","AXE":"LGV","VOIE":1.0,"PK_DEB":148994.0,"PK_FIN":null,"CODE_FAMIL":"OA","LIBELLE_FA":"Ouvrage d’Art","INSEE":"79307","COMMUNE":"SAUZE-VAUSSAIS","DEPARTEMEN":"DEUX-SEVRES","voie_":"LGV1","_ph_path":"C:\\Users\\YCHAKER\\Downloads\\visivi_data_\\gp_2024\\thumbnail_LISEA (06636)_PK149+0_V1.JPG","_pk_fmt":"148+994","_sp_url":null,"_ph_url":"data/photos/oa/0163.jpg"},"geometry":{"type":"Point","coordinates":[0.13055274765815997,46.13482443854325]}},{"id":"164","type":"Feature","properties":{"fid":165.0,"ID_TEC_T_G":143.0,"CODE_OBJET":"OAL08-01100","LIBELLE":"PRA 1492","LIBELLE_LO":"PRA 1492 - Passage piéton","AXE":"LGV","VOIE":1.0,"PK_DEB":149265.0,"PK_FIN":null,"CODE_FAMIL":"OA","LIBELLE_FA":"Ouvrage d’Art","INSEE":"79307","COMMUNE":"SAUZE-VAUSSAIS","DEPARTEMEN":"DEUX-SEVRES","voie_":"LGV1","_ph_path":"C:\\Users\\YCHAKER\\Downloads\\visivi_data_\\gp_2024\\thumbnail_LISEA (06646)_PK149+266_V2.JPG","_pk_fmt":"149+265","_sp_url":null,"_ph_url":"data/photos/oa/0164.jpg"},"geometry":{"type":"Point","coordinates":[0.1302053797033296,46.132395079058355]}},{"id":"165","type":"Feature","properties":{"fid":166.0,"ID_TEC_T_G":144.0,"CODE_OBJET":"OAL08-01200","LIBELLE":"PRA 1497","LIBELLE_LO":"PRA 1497 - RD113 + RANDO","AXE":"LGV","VOIE":1.0,"PK_DEB":149715.0,"PK_FIN":null,"CODE_FAMIL":"OA","LIBELLE_FA":"Ouvrage d’Art","INSEE":"79307","COMMUNE":"SAUZE-VAUSSAIS","DEPARTEMEN":"DEUX-SEVRES","voie_":"LGV1","_ph_path":"C:\\Users\\YCHAKER\\Downloads\\visivi_data_\\gp_2024\\thumbnail_LISEA (06663)_PK149+717_V1.JPG","_pk_fmt":"149+715","_sp_url":null,"_ph_url":"data/photos/oa/0165.jpg"},"geometry":{"type":"Point","coordinates":[0.12962975686169223,46.12836886583862]}},{"id":"166","type":"Feature","properties":{"fid":167.0,"ID_TEC_T_G":145.0,"CODE_OBJET":"OAL08-01300","LIBELLE":"PRO 1505","LIBELLE_LO":"PRO 1505 - VC14 + RANDO","AXE":"LGV","VOIE":1.0,"PK_DEB":150498.0,"PK_FIN":null,"CODE_FAMIL":"OA","LIBELLE_FA":"Ouvrage d’Art","INSEE":"79307","COMMUNE":"SAUZE-VAUSSAIS","DEPARTEMEN":"DEUX-SEVRES","voie_":"LGV1","_ph_path":"C:\\Users\\YCHAKER\\Downloads\\visivi_data_\\gp_2024\\thumbnail_LISEA (06694)_PK150+487_V2.JPG","_pk_fmt":"150+498","_sp_url":null,"_ph_url":"data/photos/oa/0166.jpg"},"geometry":{"type":"Point","coordinates":[0.12862693498861452,46.12135334062133]}},{"id":"167","type":"Feature","properties":{"fid":168.0,"ID_TEC_T_G":146.0,"CODE_OBJET":"OAL08-01400","LIBELLE":"PRO 1516","LIBELLE_LO":"PRO 1516 - CR Bois du Bail","AXE":"LGV","VOIE":1.0,"PK_DEB":151600.0,"PK_FIN":null,"CODE_FAMIL":"OA","LIBELLE_FA":"Ouvrage d’Art","INSEE":"79307","COMMUNE":"SAUZE-VAUSSAIS","DEPARTEMEN":"DEUX-SEVRES","voie_":"LGV1","_ph_path":"C:\\Users\\YCHAKER\\Downloads\\visivi_data_\\gp_2024\\thumbnail_LISEA (06737)_PK151+587_V1.JPG","_pk_fmt":"151+600","_sp_url":null,"_ph_url":"data/photos/oa/0167.jpg"},"geometry":{"type":"Point","coordinates":[0.12743897101692447,46.1114696056621]}},{"id":"168","type":"Feature","properties":{"fid":169.0,"ID_TEC_T_G":147.0,"CODE_OBJET":"OAL08-01600","LIBELLE":"PRO 1530","LIBELLE_LO":"PRO 1530 - CR Le Massonnet + RANDO","AXE":"LGV","VOIE":1.0,"PK_DEB":152995.0,"PK_FIN":null,"CODE_FAMIL":"OA","LIBELLE_FA":"Ouvrage d’Art","INSEE":"16189","COMMUNE":"LONDIGNY","DEPARTEMEN":"CHARENTE","voie_":"LGV1","_ph_path":"C:\\Users\\YCHAKER\\Downloads\\visivi_data_\\gp_2024\\thumbnail_LISEA (06786)_PK152+987_V2.JPG","_pk_fmt":"152+995","_sp_url":null,"_ph_url":"data/photos/oa/0168.jpg"},"geometry":{"type":"Point","coordinates":[0.12597408335145646,46.098952199823856]}},{"id":"169","type":"Feature","properties":{"fid":170.0,"ID_TEC_T_G":148.0,"CODE_OBJET":"OAL08-01700","LIBELLE":"PRA 1536","LIBELLE_LO":"PRA 1536 - VC3 + OH Bras de la Péruse","AXE":"LGV","VOIE":1.0,"PK_DEB":153551.0,"PK_FIN":null,"CODE_FAMIL":"OA","LIBELLE_FA":"Ouvrage d’Art","INSEE":"16189","COMMUNE":"LONDIGNY","DEPARTEMEN":"CHARENTE","voie_":"LGV1","_ph_path":"C:\\Users\\YCHAKER\\Downloads\\visivi_data_\\gp_2024\\thumbnail_LISEA (06806)_PK153+555_V1.JPG","_pk_fmt":"153+551","_sp_url":null,"_ph_url":"data/photos/oa/0169.jpg"},"geometry":{"type":"Point","coordinates":[0.12519580386855342,46.0939457870977]}},{"id":"170","type":"Feature","properties":{"fid":171.0,"ID_TEC_T_G":149.0,"CODE_OBJET":"OAL12-01900","LIBELLE":"VIA 2077","LIBELLE_LO":"VIA 2077 - Viaduc de la Boeme","AXE":"LGV","VOIE":1.0,"PK_DEB":207793.0,"PK_FIN":null,"CODE_FAMIL":"OA","LIBELLE_FA":"Ouvrage d’Art","INSEE":"16113","COMMUNE":"LA COURONNE","DEPARTEMEN":"CHARENTE","voie_":"LGV1","_ph_path":"C:\\Users\\YCHAKER\\Downloads\\visivi_data_\\gp_2024\\thumbnail_LISEA (09055)_PK207+8_V2.JPG","_pk_fmt":"207+793","_sp_url":null,"_ph_url":"data/photos/oa/0170.jpg"},"geometry":{"type":"Point","coordinates":[0.06871219552298424,45.61783335107156]}},{"id":"171","type":"Feature","properties":{"fid":172.0,"ID_TEC_T_G":150.0,"CODE_OBJET":"OAL12-02000","LIBELLE":"PRO 2082","LIBELLE_LO":"PRO 2082 - RD 41","AXE":"LGV","VOIE":1.0,"PK_DEB":208245.0,"PK_FIN":null,"CODE_FAMIL":"OA","LIBELLE_FA":"Ouvrage d’Art","INSEE":"16113","COMMUNE":"LA COURONNE","DEPARTEMEN":"CHARENTE","voie_":"LGV1","_ph_path":"C:\\Users\\YCHAKER\\Downloads\\visivi_data_\\gp_2024\\thumbnail_LISEA (09073)_PK208+245_V1.JPG","_pk_fmt":"208+245","_sp_url":null,"_ph_url":"data/photos/oa/0171.jpg"},"geometry":{"type":"Point","coordinates":[0.06772538016494604,45.61382893073825]}},{"id":"172","type":"Feature","properties":{"fid":173.0,"ID_TEC_T_G":151.0,"CODE_OBJET":"OAL12-02200","LIBELLE":"PRA 2102","LIBELLE_LO":"PRA 2102 - RN 10","AXE":"LGV","VOIE":1.0,"PK_DEB":210262.0,"PK_FIN":null,"CODE_FAMIL":"OA","LIBELLE_FA":"Ouvrage d’Art","INSEE":"16287","COMMUNE":"ROULLET-SAINT-ESTEPHE","DEPARTEMEN":"CHARENTE","voie_":"LGV1","_ph_path":"C:\\Users\\YCHAKER\\Downloads\\visivi_data_\\gp_2024\\thumbnail_LISEA (09141)_PK210+239_V1.JPG","_pk_fmt":"210+262","_sp_url":null,"_ph_url":"data/photos/oa/0172.jpg"},"geometry":{"type":"Point","coordinates":[0.06609348426415927,45.595910685020606]}},{"id":"173","type":"Feature","properties":{"fid":174.0,"ID_TEC_T_G":152.0,"CODE_OBJET":"OAL12-02300","LIBELLE":"PRA 2106","LIBELLE_LO":"PRA 2106 - RD 910","AXE":"LGV","VOIE":1.0,"PK_DEB":210671.0,"PK_FIN":null,"CODE_FAMIL":"OA","LIBELLE_FA":"Ouvrage d’Art","INSEE":"16287","COMMUNE":"ROULLET-SAINT-ESTEPHE","DEPARTEMEN":"CHARENTE","voie_":"LGV1","_ph_path":"C:\\Users\\YCHAKER\\Downloads\\visivi_data_\\gp_2024\\thumbnail_LISEA (09157)_PK210+669_V1.JPG","_pk_fmt":"210+671","_sp_url":null,"_ph_url":"data/photos/oa/0173.jpg"},"geometry":{"type":"Point","coordinates":[0.0661015704786939,45.59206130684789]}},{"id":"174","type":"Feature","properties":{"fid":175.0,"ID_TEC_T_G":153.0,"CODE_OBJET":"OAL12-02400","LIBELLE":"PRA 2123","LIBELLE_LO":"PRA 2123 - RD 42","AXE":"LGV","VOIE":1.0,"PK_DEB":212387.0,"PK_FIN":null,"CODE_FAMIL":"OA","LIBELLE_FA":"Ouvrage d’Art","INSEE":"16287","COMMUNE":"ROULLET-SAINT-ESTEPHE","DEPARTEMEN":"CHARENTE","voie_":"LGV1","_ph_path":"C:\\Users\\YCHAKER\\Downloads\\visivi_data_\\gp_2024\\thumbnail_LISEA (09215)_PK212+376_V2.JPG","_pk_fmt":"212+387","_sp_url":null,"_ph_url":"data/photos/oa/0174.jpg"},"geometry":{"type":"Point","coordinates":[0.06497068113582828,45.57661295828426]}},{"id":"175","type":"Feature","properties":{"fid":176.0,"ID_TEC_T_G":154.0,"CODE_OBJET":"OAL12-02600","LIBELLE":"PRO 2146","LIBELLE_LO":"PRO 2146 - CR 10 + Rando","AXE":"LGV","VOIE":1.0,"PK_DEB":214605.0,"PK_FIN":null,"CODE_FAMIL":"OA","LIBELLE_FA":"Ouvrage d’Art","INSEE":"16101","COMMUNE":"CLAIX","DEPARTEMEN":"CHARENTE","voie_":"LGV1","_ph_path":"C:\\Users\\YCHAKER\\Downloads\\visivi_data_\\gp_2024\\thumbnail_LISEA (09496)_PK214+592_V1.JPG","_pk_fmt":"214+605","_sp_url":null,"_ph_url":"data/photos/oa/0175.jpg"},"geometry":{"type":"Point","coordinates":[0.06330533047324191,45.55668957631049]}},{"id":"176","type":"Feature","properties":{"fid":177.0,"ID_TEC_T_G":155.0,"CODE_OBJET":"OAL12-02700","LIBELLE":"VIA 2150","LIBELLE_LO":"VIA 2150 - Viaduc du Claix","AXE":"LGV","VOIE":1.0,"PK_DEB":215041.0,"PK_FIN":null,"CODE_FAMIL":"OA","LIBELLE_FA":"Ouvrage d’Art","INSEE":"16101","COMMUNE":"CLAIX","DEPARTEMEN":"CHARENTE","voie_":"LGV1","_ph_path":"C:\\Users\\YCHAKER\\Downloads\\visivi_data_\\gp_2024\\thumbnail_LISEA (09512)_PK215+033_V2.JPG","_pk_fmt":"215+041","_sp_url":null,"_ph_url":"data/photos/oa/0176.jpg"},"geometry":{"type":"Point","coordinates":[0.062714780928683,45.55278535334818]}},{"id":"177","type":"Feature","properties":{"fid":178.0,"ID_TEC_T_G":156.0,"CODE_OBJET":"OAL12-02900","LIBELLE":"PGF 2162","LIBELLE_LO":"PGF 2162 - PGF + rando","AXE":"LGV","VOIE":1.0,"PK_DEB":216298.0,"PK_FIN":null,"CODE_FAMIL":"OA","LIBELLE_FA":"Ouvrage d’Art","INSEE":"16101","COMMUNE":"CLAIX","DEPARTEMEN":"CHARENTE","voie_":"LGV1","_ph_path":"C:\\Users\\YCHAKER\\Downloads\\visivi_data_\\gp_2024\\thumbnail_LISEA (09564)_PK216+298_V1.JPG","_pk_fmt":"216+298","_sp_url":null,"_ph_url":"data/photos/oa/0177.jpg"},"geometry":{"type":"Point","coordinates":[0.05915116786601842,45.54175675512016]}},{"id":"178","type":"Feature","properties":{"fid":179.0,"ID_TEC_T_G":157.0,"CODE_OBJET":"OAL12-03100","LIBELLE":"PRO 2179","LIBELLE_LO":"PRO 2179 - RD 107","AXE":"LGV","VOIE":1.0,"PK_DEB":217971.0,"PK_FIN":null,"CODE_FAMIL":"OA","LIBELLE_FA":"Ouvrage d’Art","INSEE":"16263","COMMUNE":"PLASSAC-ROUFFIAC","DEPARTEMEN":"CHARENTE","voie_":"LGV1","_ph_path":"C:\\Users\\YCHAKER\\Downloads\\visivi_data_\\gp_2024\\thumbnail_LISEA (09628)_PK217+967_V2.JPG","_pk_fmt":"217+971","_sp_url":null,"_ph_url":"data/photos/oa/0178.jpg"},"geometry":{"type":"Point","coordinates":[0.05409443723996706,45.52712223237259]}},{"id":"179","type":"Feature","properties":{"fid":180.0,"ID_TEC_T_G":158.0,"CODE_OBJET":"OAL01-00700","LIBELLE":"PRA MS0 0018","LIBELLE_LO":"PRA MS0 0018 - Rui.La Longue Plaine","AXE":"MS1","VOIE":1.0,"PK_DEB":1810.0,"PK_FIN":null,"CODE_FAMIL":"OA","LIBELLE_FA":"Ouvrage d’Art","INSEE":"37159","COMMUNE":"MONTS","DEPARTEMEN":"INDRE-ET-LOIRE","voie_":"MS11","_ph_path":"C:\\Users\\YCHAKER\\Downloads\\visivi_data_\\gp_2024\\thumbnail_LISEA (00861)_PK2+196_RMS1.JPG","_pk_fmt":"1+810","_sp_url":null,"_ph_url":"data/photos/oa/0179.jpg"},"geometry":{"type":"Point","coordinates":[0.6467864276751525,47.23953457773468]}},{"id":"180","type":"Feature","properties":{"fid":181.0,"ID_TEC_T_G":159.0,"CODE_OBJET":"OAL01-00800","LIBELLE":"PRO 0018","LIBELLE_LO":"PRO 0018 - CR 41","AXE":"LGV","VOIE":1.0,"PK_DEB":1882.0,"PK_FIN":null,"CODE_FAMIL":"OA","LIBELLE_FA":"Ouvrage d’Art","INSEE":"37050","COMMUNE":"CHAMBRAY-LES-TOURS","DEPARTEMEN":"INDRE-ET-LOIRE","voie_":"LGV1","_ph_path":"C:\\Users\\YCHAKER\\Downloads\\visivi_data_\\gp_2024\\thumbnail_LISEA (00238)_PK1+882_V1.JPG","_pk_fmt":"1+882","_sp_url":null,"_ph_url":"data/photos/oa/0180.jpg"},"geometry":{"type":"Point","coordinates":[0.7350250470335506,47.32382057349866]}},{"id":"181","type":"Feature","properties":{"fid":182.0,"ID_TEC_T_G":160.0,"CODE_OBJET":"OAL01-01000","LIBELLE":"PRA 0025","LIBELLE_LO":"PRA 0025 - Rui. La Fontaine","AXE":"LGV","VOIE":1.0,"PK_DEB":2525.0,"PK_FIN":null,"CODE_FAMIL":"OA","LIBELLE_FA":"Ouvrage d’Art","INSEE":"37050","COMMUNE":"CHAMBRAY-LES-TOURS","DEPARTEMEN":"INDRE-ET-LOIRE","voie_":"LGV1","_ph_path":"C:\\Users\\YCHAKER\\Downloads\\visivi_data_\\gp_2024\\thumbnail_LISEA (00263)_PK2+532_V2.JPG","_pk_fmt":"2+525","_sp_url":null,"_ph_url":"data/photos/oa/0181.jpg"},"geometry":{"type":"Point","coordinates":[0.7301902921098136,47.319032666102565]}},{"id":"182","type":"Feature","properties":{"fid":183.0,"ID_TEC_T_G":161.0,"CODE_OBJET":"OAL01-01200","LIBELLE":"PRO MS0 0029","LIBELLE_LO":"PRO MS0 0029 - VC2 + RANDO","AXE":"MS1","VOIE":1.0,"PK_DEB":2945.0,"PK_FIN":null,"CODE_FAMIL":"OA","LIBELLE_FA":"Ouvrage d’Art","INSEE":"37250","COMMUNE":"SORIGNY","DEPARTEMEN":"INDRE-ET-LOIRE","voie_":"MS11","_ph_path":"C:\\Users\\YCHAKER\\Downloads\\visivi_data_\\gp_2024\\thumbnail_LISEA (00907)_PK3+361_RMS1.JPG","_pk_fmt":"2+945","_sp_url":null,"_ph_url":"data/photos/oa/0182.jpg"},"geometry":{"type":"Point","coordinates":[0.6543737929781294,47.230687246670435]}},{"id":"183","type":"Feature","properties":{"fid":184.0,"ID_TEC_T_G":162.0,"CODE_OBJET":"OAL07-01900","LIBELLE":"PRO 1372","LIBELLE_LO":"PRO 1372 - VC 303","AXE":"LGV","VOIE":1.0,"PK_DEB":137172.0,"PK_FIN":null,"CODE_FAMIL":"OA","LIBELLE_FA":"Ouvrage d’Art","INSEE":"86068","COMMUNE":"CHAUNAY","DEPARTEMEN":"VIENNE","voie_":"LGV1","_ph_path":"C:\\Users\\YCHAKER\\Downloads\\visivi_data_\\gp_2024\\thumbnail_LISEA (06211)_PK137+161_V1.JPG","_pk_fmt":"137+172","_sp_url":null,"_ph_url":"data/photos/oa/0183.jpg"},"geometry":{"type":"Point","coordinates":[0.1418969669025972,46.24066521930133]}},{"id":"184","type":"Feature","properties":{"fid":185.0,"ID_TEC_T_G":163.0,"CODE_OBJET":"OAL07-02000","LIBELLE":"PRO 1381","LIBELLE_LO":"PRO 1381 - VC 3 + rando","AXE":"LGV","VOIE":1.0,"PK_DEB":138133.0,"PK_FIN":null,"CODE_FAMIL":"OA","LIBELLE_FA":"Ouvrage d’Art","INSEE":"79338","COMMUNE":"VANZAY","DEPARTEMEN":"DEUX-SEVRES","voie_":"LGV1","_ph_path":"C:\\Users\\YCHAKER\\Downloads\\visivi_data_\\gp_2024\\thumbnail_LISEA (06247)_PK138+125_V2.JPG","_pk_fmt":"138+133","_sp_url":null,"_ph_url":"data/photos/oa/0184.jpg"},"geometry":{"type":"Point","coordinates":[0.1417568007765853,46.232018346520505]}},{"id":"185","type":"Feature","properties":{"fid":186.0,"ID_TEC_T_G":164.0,"CODE_OBJET":"OAL07-02100","LIBELLE":"PRO 1390","LIBELLE_LO":"PRO 1390 - CR Les Brousses","AXE":"LGV","VOIE":1.0,"PK_DEB":138970.0,"PK_FIN":null,"CODE_FAMIL":"OA","LIBELLE_FA":"Ouvrage d’Art","INSEE":"86068","COMMUNE":"CHAUNAY","DEPARTEMEN":"VIENNE","voie_":"LGV1","_ph_path":"C:\\Users\\YCHAKER\\Downloads\\visivi_data_\\gp_2024\\thumbnail_LISEA (06278)_PK138+967_V2.JPG","_pk_fmt":"138+970","_sp_url":null,"_ph_url":"data/photos/oa/0185.jpg"},"geometry":{"type":"Point","coordinates":[0.14098441280561916,46.22450000232655]}},{"id":"186","type":"Feature","properties":{"fid":187.0,"ID_TEC_T_G":165.0,"CODE_OBJET":"OAL08-00100","LIBELLE":"PRO 1409","LIBELLE_LO":"PRO 1409 - CR Le Four Chaud + RANDO","AXE":"LGV","VOIE":1.0,"PK_DEB":140858.0,"PK_FIN":null,"CODE_FAMIL":"OA","LIBELLE_FA":"Ouvrage d’Art","INSEE":"86068","COMMUNE":"CHAUNAY","DEPARTEMEN":"VIENNE","voie_":"LGV1","_ph_path":"C:\\Users\\YCHAKER\\Downloads\\visivi_data_\\gp_2024\\thumbnail_LISEA (06342)_PK140+847_V2.JPG","_pk_fmt":"140+858","_sp_url":null,"_ph_url":"data/photos/oa/0186.jpg"},"geometry":{"type":"Point","coordinates":[0.13703772362041794,46.207734761899616]}},{"id":"187","type":"Feature","properties":{"fid":188.0,"ID_TEC_T_G":166.0,"CODE_OBJET":"OAL08-00200","LIBELLE":"PRA 1414","LIBELLE_LO":"PRA 1414 - OH la bouleure","AXE":"LGV","VOIE":1.0,"PK_DEB":141448.0,"PK_FIN":null,"CODE_FAMIL":"OA","LIBELLE_FA":"Ouvrage d’Art","INSEE":"86068","COMMUNE":"CHAUNAY","DEPARTEMEN":"VIENNE","voie_":"LGV1","_ph_path":"C:\\Users\\YCHAKER\\Downloads\\visivi_data_\\gp_2024\\thumbnail_LISEA (06364)_PK141+447_V1.JPG","_pk_fmt":"141+448","_sp_url":null,"_ph_url":"data/photos/oa/0187.jpg"},"geometry":{"type":"Point","coordinates":[0.13531048123183861,46.20255629665283]}},{"id":"188","type":"Feature","properties":{"fid":189.0,"ID_TEC_T_G":167.0,"CODE_OBJET":"OAL04-01000","LIBELLE":"PRO 0695","LIBELLE_LO":"PRO 0695 - PGF","AXE":"LGV","VOIE":1.0,"PK_DEB":69500.0,"PK_FIN":null,"CODE_FAMIL":"OA","LIBELLE_FA":"Ouvrage d’Art","INSEE":"86258","COMMUNE":"SCORBE-CLAIRVAUX","DEPARTEMEN":"VIENNE","voie_":"LGV1","_ph_path":"C:\\Users\\YCHAKER\\Downloads\\visivi_data_\\gp_2024\\thumbnail_LISEA (03277)_PK69+495_V1.JPG","_pk_fmt":"69+500","_sp_url":null,"_ph_url":"data/photos/oa/0188.jpg"},"geometry":{"type":"Point","coordinates":[0.38792410377324027,46.80657593491525]}},{"id":"189","type":"Feature","properties":{"fid":190.0,"ID_TEC_T_G":168.0,"CODE_OBJET":"OAL04-01100","LIBELLE":"PRO 0698","LIBELLE_LO":"PRO 0698 - RD 43","AXE":"LGV","VOIE":1.0,"PK_DEB":69880.0,"PK_FIN":null,"CODE_FAMIL":"OA","LIBELLE_FA":"Ouvrage d’Art","INSEE":"86258","COMMUNE":"SCORBE-CLAIRVAUX","DEPARTEMEN":"VIENNE","voie_":"LGV1","_ph_path":"C:\\Users\\YCHAKER\\Downloads\\visivi_data_\\gp_2024\\thumbnail_LISEA (03291)_PK69+87_V2.JPG","_pk_fmt":"69+880","_sp_url":null,"_ph_url":"data/photos/oa/0189.jpg"},"geometry":{"type":"Point","coordinates":[0.3880285716304347,46.8031598284007]}},{"id":"190","type":"Feature","properties":{"fid":191.0,"ID_TEC_T_G":169.0,"CODE_OBJET":"OAL04-01300","LIBELLE":"PRO 0713","LIBELLE_LO":"PRO 0713 - VC10","AXE":"LGV","VOIE":1.0,"PK_DEB":71394.0,"PK_FIN":null,"CODE_FAMIL":"OA","LIBELLE_FA":"Ouvrage d’Art","INSEE":"86258","COMMUNE":"SCORBE-CLAIRVAUX","DEPARTEMEN":"VIENNE","voie_":"LGV1","_ph_path":"C:\\Users\\YCHAKER\\Downloads\\visivi_data_\\gp_2024\\thumbnail_LISEA (03354)_PK71+388_V2.JPG","_pk_fmt":"71+394","_sp_url":null,"_ph_url":"data/photos/oa/0190.jpg"},"geometry":{"type":"Point","coordinates":[0.38882310503330003,46.78954124502923]}},{"id":"191","type":"Feature","properties":{"fid":192.0,"ID_TEC_T_G":170.0,"CODE_OBJET":"OAL04-01500","LIBELLE":"PRA 0729","LIBELLE_LO":"PRA 0729 - Le Premeau","AXE":"LGV","VOIE":1.0,"PK_DEB":72939.0,"PK_FIN":null,"CODE_FAMIL":"OA","LIBELLE_FA":"Ouvrage d’Art","INSEE":"86081","COMMUNE":"COLOMBIERS","DEPARTEMEN":"VIENNE","voie_":"LGV1","_ph_path":"C:\\Users\\YCHAKER\\Downloads\\visivi_data_\\gp_2024\\thumbnail_LISEA (03413)_PK72+935_V2.JPG","_pk_fmt":"72+939","_sp_url":null,"_ph_url":"data/photos/oa/0191.jpg"},"geometry":{"type":"Point","coordinates":[0.39167782070449664,46.775770339098194]}},{"id":"192","type":"Feature","properties":{"fid":193.0,"ID_TEC_T_G":171.0,"CODE_OBJET":"OAL04-01600","LIBELLE":"PRO 0735","LIBELLE_LO":"PRO 0735 - VC6","AXE":"LGV","VOIE":1.0,"PK_DEB":73544.0,"PK_FIN":null,"CODE_FAMIL":"OA","LIBELLE_FA":"Ouvrage d’Art","INSEE":"86081","COMMUNE":"COLOMBIERS","DEPARTEMEN":"VIENNE","voie_":"LGV1","_ph_path":"C:\\Users\\YCHAKER\\Downloads\\visivi_data_\\gp_2024\\thumbnail_LISEA (03436)_PK73+532_V2.JPG","_pk_fmt":"73+544","_sp_url":null,"_ph_url":"data/photos/oa/0192.jpg"},"geometry":{"type":"Point","coordinates":[0.39296653197451703,46.77040319081537]}},{"id":"193","type":"Feature","properties":{"fid":194.0,"ID_TEC_T_G":172.0,"CODE_OBJET":"OAL04-01800","LIBELLE":"PRO 0766","LIBELLE_LO":"PRO 0766 - RD 82","AXE":"LGV","VOIE":1.0,"PK_DEB":76618.0,"PK_FIN":null,"CODE_FAMIL":"OA","LIBELLE_FA":"Ouvrage d’Art","INSEE":"86146","COMMUNE":"MARIGNY-BRIZAY","DEPARTEMEN":"VIENNE","voie_":"LGV1","_ph_path":"C:\\Users\\YCHAKER\\Downloads\\visivi_data_\\gp_2024\\thumbnail_LISEA (03555)_PK76+614_V1.JPG","_pk_fmt":"76+618","_sp_url":null,"_ph_url":"data/photos/oa/0193.jpg"},"geometry":{"type":"Point","coordinates":[0.3929963067747617,46.74284163387734]}},{"id":"194","type":"Feature","properties":{"fid":195.0,"ID_TEC_T_G":173.0,"CODE_OBJET":"OAL01-00400","LIBELLE":"PRO HL 0013-1","LIBELLE_LO":"PRO HL 0013-1 - VC7","AXE":"LGV","VOIE":1.0,"PK_DEB":1365.0,"PK_FIN":null,"CODE_FAMIL":"OA","LIBELLE_FA":"Ouvrage d’Art","INSEE":"37050","COMMUNE":"CHAMBRAY-LES-TOURS","DEPARTEMEN":"INDRE-ET-LOIRE","voie_":"LGV1","_ph_path":"C:\\Users\\YCHAKER\\Downloads\\visivi_data_\\gp_2024\\thumbnail_LISEA (00218)_PK1+347_V1.JPG","_pk_fmt":"1+365","_sp_url":null,"_ph_url":"data/photos/oa/0194.jpg"},"geometry":{"type":"Point","coordinates":[0.7400111922728261,47.32723920833874]}},{"id":"195","type":"Feature","properties":{"fid":196.0,"ID_TEC_T_G":174.0,"CODE_OBJET":"OAL01-00200","LIBELLE":"PRO 0012","LIBELLE_LO":"PRO 0012 - VC 7","AXE":"LGV","VOIE":1.0,"PK_DEB":1294.0,"PK_FIN":null,"CODE_FAMIL":"OA","LIBELLE_FA":"Ouvrage d’Art","INSEE":"37050","COMMUNE":"CHAMBRAY-LES-TOURS","DEPARTEMEN":"INDRE-ET-LOIRE","voie_":"LGV1","_ph_path":"C:\\Users\\YCHAKER\\Downloads\\visivi_data_\\gp_2024\\thumbnail_LISEA (00216)_PK1+293_V1.JPG","_pk_fmt":"1+294","_sp_url":null,"_ph_url":"data/photos/oa/0195.jpg"},"geometry":{"type":"Point","coordinates":[0.7395506123632439,47.328131023876594]}},{"id":"196","type":"Feature","properties":{"fid":197.0,"ID_TEC_T_G":175.0,"CODE_OBJET":"OAL01-00300","LIBELLE":"PRA MS2 0013","LIBELLE_LO":"PRA MS2 0013 - Accès Plate-forme","AXE":"MS2","VOIE":2.0,"PK_DEB":1359.0,"PK_FIN":null,"CODE_FAMIL":"OA","LIBELLE_FA":"Ouvrage d’Art","INSEE":"37159","COMMUNE":"MONTS","DEPARTEMEN":"INDRE-ET-LOIRE","voie_":"MS22","_ph_path":"C:\\Users\\YCHAKER\\Downloads\\visivi_data_\\gp_2024\\thumbnail_LISEA (00830)_PK1+38_RMS1.JPG","_pk_fmt":"1+359","_sp_url":null,"_ph_url":"data/photos/oa/0196.jpg"},"geometry":{"type":"Point","coordinates":[0.6449711436503222,47.24695319920498]}},{"id":"197","type":"Feature","properties":{"fid":198.0,"ID_TEC_T_G":176.0,"CODE_OBJET":"OAL13-00500","LIBELLE":"PRA 2334","LIBELLE_LO":"PRA 2334 - VC6 + rando","AXE":"LGV","VOIE":1.0,"PK_DEB":233470.0,"PK_FIN":null,"CODE_FAMIL":"OA","LIBELLE_FA":"Ouvrage d’Art","INSEE":"16267","COMMUNE":"POULLIGNAC","DEPARTEMEN":"CHARENTE","voie_":"LGV1","_ph_path":"C:\\Users\\YCHAKER\\Downloads\\visivi_data_\\gp_2024\\thumbnail_LISEA (10220)_PK233+471_V1.JPG","_pk_fmt":"233+470","_sp_url":null,"_ph_url":"data/photos/oa/0197.jpg"},"geometry":{"type":"Point","coordinates":[-0.012120968595083296,45.39881410763171]}},{"id":"198","type":"Feature","properties":{"fid":199.0,"ID_TEC_T_G":177.0,"CODE_OBJET":"OAL10-00900","LIBELLE":"PRA 1811","LIBELLE_LO":"PRA 1811 - PGF","AXE":"LGV","VOIE":1.0,"PK_DEB":181103.0,"PK_FIN":null,"CODE_FAMIL":"OA","LIBELLE_FA":"Ouvrage d’Art","INSEE":"16414","COMMUNE":"VILLOGNON","DEPARTEMEN":"CHARENTE","voie_":"LGV1","_ph_path":"C:\\Users\\YCHAKER\\Downloads\\visivi_data_\\gp_2024\\thumbnail_LISEA (08040)_PK181+11_V2.JPG","_pk_fmt":"181+103","_sp_url":null,"_ph_url":"data/photos/oa/0198.jpg"},"geometry":{"type":"Point","coordinates":[0.10691432037642312,45.848556369607046]}},{"id":"199","type":"Feature","properties":{"fid":200.0,"ID_TEC_T_G":178.0,"CODE_OBJET":"OAL11-00100","LIBELLE":"PRO 1826","LIBELLE_LO":"PRO 1826 - RD116","AXE":"LGV","VOIE":1.0,"PK_DEB":182651.0,"PK_FIN":null,"CODE_FAMIL":"OA","LIBELLE_FA":"Ouvrage d’Art","INSEE":"16423","COMMUNE":"XAMBES","DEPARTEMEN":"CHARENTE","voie_":"LGV1","_ph_path":"C:\\Users\\YCHAKER\\Downloads\\visivi_data_\\gp_2024\\thumbnail_LISEA (08098)_PK182+645_V2.JPG","_pk_fmt":"182+651","_sp_url":null,"_ph_url":"data/photos/oa/0199.jpg"},"geometry":{"type":"Point","coordinates":[0.1019170563249123,45.835065225412436]}},{"id":"200","type":"Feature","properties":{"fid":201.0,"ID_TEC_T_G":179.0,"CODE_OBJET":"OAL11-00200","LIBELLE":"PRO 1832","LIBELLE_LO":"PRO 1832 - RD32","AXE":"LGV","VOIE":1.0,"PK_DEB":183206.0,"PK_FIN":null,"CODE_FAMIL":"OA","LIBELLE_FA":"Ouvrage d’Art","INSEE":"16423","COMMUNE":"XAMBES","DEPARTEMEN":"CHARENTE","voie_":"LGV1","_ph_path":"C:\\Users\\YCHAKER\\Downloads\\visivi_data_\\gp_2024\\thumbnail_LISEA (08118)_PK183+201_V1.JPG","_pk_fmt":"183+206","_sp_url":null,"_ph_url":"data/photos/oa/0200.jpg"},"geometry":{"type":"Point","coordinates":[0.10034244426218687,45.83019806721363]}},{"id":"201","type":"Feature","properties":{"fid":202.0,"ID_TEC_T_G":180.0,"CODE_OBJET":"OAL11-00300","LIBELLE":"PRO 1848","LIBELLE_LO":"PRO 1848 - PGF","AXE":"LGV","VOIE":1.0,"PK_DEB":184862.0,"PK_FIN":null,"CODE_FAMIL":"OA","LIBELLE_FA":"Ouvrage d’Art","INSEE":"16423","COMMUNE":"XAMBES","DEPARTEMEN":"CHARENTE","voie_":"LGV1","_ph_path":"C:\\Users\\YCHAKER\\Downloads\\visivi_data_\\gp_2024\\thumbnail_LISEA (08181)_PK184+862_V1.JPG","_pk_fmt":"184+862","_sp_url":null,"_ph_url":"data/photos/oa/0201.jpg"},"geometry":{"type":"Point","coordinates":[0.09563445780999642,45.81564017670941]}},{"id":"202","type":"Feature","properties":{"fid":203.0,"ID_TEC_T_G":181.0,"CODE_OBJET":"OAL11-00500","LIBELLE":"PRO 1866","LIBELLE_LO":"PRO 1866 - RD 737","AXE":"LGV","VOIE":1.0,"PK_DEB":186702.0,"PK_FIN":null,"CODE_FAMIL":"OA","LIBELLE_FA":"Ouvrage d’Art","INSEE":"16419","COMMUNE":"VOUHARTE","DEPARTEMEN":"CHARENTE","voie_":"LGV1","_ph_path":"C:\\Users\\YCHAKER\\Downloads\\visivi_data_\\gp_2024\\thumbnail_LISEA (08248)_PK186+701_V1.JPG","_pk_fmt":"186+702","_sp_url":null,"_ph_url":"data/photos/oa/0202.jpg"},"geometry":{"type":"Point","coordinates":[0.08910013083356398,45.799747861474714]}},{"id":"203","type":"Feature","properties":{"fid":204.0,"ID_TEC_T_G":182.0,"CODE_OBJET":"OAL11-00600","LIBELLE":"PRO 1875","LIBELLE_LO":"PRO 1875 - RD 114","AXE":"LGV","VOIE":1.0,"PK_DEB":187551.0,"PK_FIN":null,"CODE_FAMIL":"OA","LIBELLE_FA":"Ouvrage d’Art","INSEE":"16226","COMMUNE":"MONTIGNAC-CHARENTE","DEPARTEMEN":"CHARENTE","voie_":"LGV1","_ph_path":"C:\\Users\\YCHAKER\\Downloads\\visivi_data_\\gp_2024\\thumbnail_LISEA (08280)_PK187+548_V1.JPG","_pk_fmt":"187+551","_sp_url":null,"_ph_url":"data/photos/oa/0203.jpg"},"geometry":{"type":"Point","coordinates":[0.08411382675524218,45.79294499414022]}},{"id":"204","type":"Feature","properties":{"fid":205.0,"ID_TEC_T_G":183.0,"CODE_OBJET":"OAL11-00900","LIBELLE":"PRA 1902","LIBELLE_LO":"PRA 1902 - Godinauds","AXE":"LGV","VOIE":1.0,"PK_DEB":190285.0,"PK_FIN":null,"CODE_FAMIL":"OA","LIBELLE_FA":"Ouvrage d’Art","INSEE":"16320","COMMUNE":"SAINT-GENIS-D'HIERSAC","DEPARTEMEN":"CHARENTE","voie_":"LGV1","_ph_path":"C:\\Users\\YCHAKER\\Downloads\\visivi_data_\\gp_2024\\thumbnail_LISEA (08383)_PK190+285_V2.JPG","_pk_fmt":"190+285","_sp_url":null,"_ph_url":"data/photos/oa/0204.jpg"},"geometry":{"type":"Point","coordinates":[0.06421065225807447,45.77269907383854]}},{"id":"205","type":"Feature","properties":{"fid":206.0,"ID_TEC_T_G":184.0,"CODE_OBJET":"OAL11-01100","LIBELLE":"PRA 1904","LIBELLE_LO":"PRA 1904 - RD 11","AXE":"LGV","VOIE":1.0,"PK_DEB":190483.0,"PK_FIN":null,"CODE_FAMIL":"OA","LIBELLE_FA":"Ouvrage d’Art","INSEE":"16320","COMMUNE":"SAINT-GENIS-D'HIERSAC","DEPARTEMEN":"CHARENTE","voie_":"LGV1","_ph_path":"C:\\Users\\YCHAKER\\Downloads\\visivi_data_\\gp_2024\\thumbnail_LISEA (08390)_PK190+486_V1.JPG","_pk_fmt":"190+483","_sp_url":null,"_ph_url":"data/photos/oa/0205.jpg"},"geometry":{"type":"Point","coordinates":[0.06308378503909665,45.771101264571584]}},{"id":"206","type":"Feature","properties":{"fid":207.0,"ID_TEC_T_G":185.0,"CODE_OBJET":"OAL11-01200","LIBELLE":"PRO 1910","LIBELLE_LO":"PRO 1910 - CR de Grosbot","AXE":"LGV","VOIE":1.0,"PK_DEB":191020.0,"PK_FIN":null,"CODE_FAMIL":"OA","LIBELLE_FA":"Ouvrage d’Art","INSEE":"16320","COMMUNE":"SAINT-GENIS-D'HIERSAC","DEPARTEMEN":"CHARENTE","voie_":"LGV1","_ph_path":"C:\\Users\\YCHAKER\\Downloads\\visivi_data_\\gp_2024\\thumbnail_LISEA (08411)_PK191+027_V1.JPG","_pk_fmt":"191+020","_sp_url":null,"_ph_url":"data/photos/oa/0206.jpg"},"geometry":{"type":"Point","coordinates":[0.06041549634267339,45.766643871526085]}},{"id":"207","type":"Feature","properties":{"fid":208.0,"ID_TEC_T_G":186.0,"CODE_OBJET":"OAL11-01400","LIBELLE":"PRO 1935","LIBELLE_LO":"PRO 1935 - RD 939","AXE":"LGV","VOIE":1.0,"PK_DEB":193595.0,"PK_FIN":null,"CODE_FAMIL":"OA","LIBELLE_FA":"Ouvrage d’Art","INSEE":"16210","COMMUNE":"MARSAC","DEPARTEMEN":"CHARENTE","voie_":"LGV1","_ph_path":"C:\\Users\\YCHAKER\\Downloads\\visivi_data_\\gp_2024\\thumbnail_LISEA (08502)_PK193+586_V1.JPG","_pk_fmt":"193+595","_sp_url":null,"_ph_url":"data/photos/oa/0207.jpg"},"geometry":{"type":"Point","coordinates":[0.05529831940756732,45.74389085124512]}},{"id":"208","type":"Feature","properties":{"fid":209.0,"ID_TEC_T_G":187.0,"CODE_OBJET":"OAL11-01500","LIBELLE":"PRA 1943","LIBELLE_LO":"PRA 1943 - CR10 + AGR","AXE":"LGV","VOIE":1.0,"PK_DEB":194286.0,"PK_FIN":null,"CODE_FAMIL":"OA","LIBELLE_FA":"Ouvrage d’Art","INSEE":"16210","COMMUNE":"MARSAC","DEPARTEMEN":"CHARENTE","voie_":"LGV1","_ph_path":"C:\\Users\\YCHAKER\\Downloads\\visivi_data_\\gp_2024\\thumbnail_LISEA (08526)_PK194+292_V1.JPG","_pk_fmt":"194+286","_sp_url":null,"_ph_url":"data/photos/oa/0208.jpg"},"geometry":{"type":"Point","coordinates":[0.056150519473964065,45.737737553841015]}},{"id":"209","type":"Feature","properties":{"fid":210.0,"ID_TEC_T_G":188.0,"CODE_OBJET":"OAL13-02900","LIBELLE":"PRA 2473","LIBELLE_LO":"PRA 2473 - Chez Balais","AXE":"LGV","VOIE":1.0,"PK_DEB":247341.0,"PK_FIN":null,"CODE_FAMIL":"OA","LIBELLE_FA":"Ouvrage d’Art","INSEE":"16357","COMMUNE":"SAINT-VALLIER","DEPARTEMEN":"CHARENTE","voie_":"LGV1","_ph_path":"C:\\Users\\YCHAKER\\Downloads\\visivi_data_\\gp_2024\\thumbnail_LISEA (10752)_PK247+349_V1.JPG","_pk_fmt":"247+341","_sp_url":null,"_ph_url":"data/photos/oa/0209.jpg"},"geometry":{"type":"Point","coordinates":[-0.0813763309531805,45.28857753385201]}},{"id":"210","type":"Feature","properties":{"fid":211.0,"ID_TEC_T_G":189.0,"CODE_OBJET":"OAL13-03000","LIBELLE":"PRA 2477","LIBELLE_LO":"PRA 2477 - VC 112 + rando","AXE":"LGV","VOIE":1.0,"PK_DEB":247702.0,"PK_FIN":null,"CODE_FAMIL":"OA","LIBELLE_FA":"Ouvrage d’Art","INSEE":"16357","COMMUNE":"SAINT-VALLIER","DEPARTEMEN":"CHARENTE","voie_":"LGV1","_ph_path":"C:\\Users\\YCHAKER\\Downloads\\visivi_data_\\gp_2024\\thumbnail_LISEA (10766)_PK247+697_V1.JPG","_pk_fmt":"247+702","_sp_url":null,"_ph_url":"data/photos/oa/0210.jpg"},"geometry":{"type":"Point","coordinates":[-0.08482134396420275,45.286422681240225]}},{"id":"211","type":"Feature","properties":{"fid":212.0,"ID_TEC_T_G":190.0,"CODE_OBJET":"OAL13-03100","LIBELLE":"PRA 2483","LIBELLE_LO":"PRA 2483 - RD 7 + rando","AXE":"LGV","VOIE":1.0,"PK_DEB":248354.0,"PK_FIN":null,"CODE_FAMIL":"OA","LIBELLE_FA":"Ouvrage d’Art","INSEE":"16357","COMMUNE":"SAINT-VALLIER","DEPARTEMEN":"CHARENTE","voie_":"LGV1","_ph_path":"C:\\Users\\YCHAKER\\Downloads\\visivi_data_\\gp_2024\\thumbnail_LISEA (10795)_PK248+353_V1.JPG","_pk_fmt":"248+354","_sp_url":null,"_ph_url":"data/photos/oa/0211.jpg"},"geometry":{"type":"Point","coordinates":[-0.09103340588731006,45.282510236178844]}},{"id":"212","type":"Feature","properties":{"fid":213.0,"ID_TEC_T_G":191.0,"CODE_OBJET":"OAL13-03200","LIBELLE":"PRO 2492","LIBELLE_LO":"PRO 2492 - RD 134","AXE":"LGV","VOIE":1.0,"PK_DEB":249269.0,"PK_FIN":null,"CODE_FAMIL":"OA","LIBELLE_FA":"Ouvrage d’Art","INSEE":"16357","COMMUNE":"SAINT-VALLIER","DEPARTEMEN":"CHARENTE","voie_":"LGV1","_ph_path":"C:\\Users\\YCHAKER\\Downloads\\visivi_data_\\gp_2024\\thumbnail_LISEA (10831)_PK249+269_V1.JPG","_pk_fmt":"249+269","_sp_url":null,"_ph_url":"data/photos/oa/0212.jpg"},"geometry":{"type":"Point","coordinates":[-0.099679404228212,45.27697293509342]}},{"id":"213","type":"Feature","properties":{"fid":214.0,"ID_TEC_T_G":192.0,"CODE_OBJET":"OAL14-00100","LIBELLE":"PRA 2518","LIBELLE_LO":"PRA 2518 - La Nauve du Merle + AGR + rando","AXE":"LGV","VOIE":1.0,"PK_DEB":251790.0,"PK_FIN":null,"CODE_FAMIL":"OA","LIBELLE_FA":"Ouvrage d’Art","INSEE":"17054","COMMUNE":"BORESSE-ET-MARTRON","DEPARTEMEN":"CHARENTE-MARITIME","voie_":"LGV1","_ph_path":"C:\\Users\\YCHAKER\\Downloads\\visivi_data_\\gp_2024\\thumbnail_LISEA (10920)_PK251+802_V1.JPG","_pk_fmt":"251+790","_sp_url":null,"_ph_url":"data/photos/oa/0213.jpg"},"geometry":{"type":"Point","coordinates":[-0.12317147565409083,45.26148799155924]}},{"id":"214","type":"Feature","properties":{"fid":215.0,"ID_TEC_T_G":193.0,"CODE_OBJET":"OAL14-00400","LIBELLE":"PRO 2526","LIBELLE_LO":"PRO 2526 - RD 142","AXE":"LGV","VOIE":1.0,"PK_DEB":252630.0,"PK_FIN":null,"CODE_FAMIL":"OA","LIBELLE_FA":"Ouvrage d’Art","INSEE":"17054","COMMUNE":"BORESSE-ET-MARTRON","DEPARTEMEN":"CHARENTE-MARITIME","voie_":"LGV1","_ph_path":"C:\\Users\\YCHAKER\\Downloads\\visivi_data_\\gp_2024\\thumbnail_LISEA (10952)_PK252+631_V1.JPG","_pk_fmt":"252+630","_sp_url":null,"_ph_url":"data/photos/oa/0214.jpg"},"geometry":{"type":"Point","coordinates":[-0.12980786910907716,45.2555644951017]}},{"id":"215","type":"Feature","properties":{"fid":216.0,"ID_TEC_T_G":194.0,"CODE_OBJET":"OAL14-00500","LIBELLE":"PRA 2529","LIBELLE_LO":"PRA 2529 - L'Agrière + PGF","AXE":"LGV","VOIE":1.0,"PK_DEB":252915.0,"PK_FIN":null,"CODE_FAMIL":"OA","LIBELLE_FA":"Ouvrage d’Art","INSEE":"17054","COMMUNE":"BORESSE-ET-MARTRON","DEPARTEMEN":"CHARENTE-MARITIME","voie_":"LGV1","_ph_path":"C:\\Users\\YCHAKER\\Downloads\\visivi_data_\\gp_2024\\thumbnail_LISEA (10963)_PK252+911_V1.JPG","_pk_fmt":"252+915","_sp_url":null,"_ph_url":"data/photos/oa/0215.jpg"},"geometry":{"type":"Point","coordinates":[-0.13176792963919096,45.25342248575307]}},{"id":"216","type":"Feature","properties":{"fid":217.0,"ID_TEC_T_G":195.0,"CODE_OBJET":"OAL14-00700","LIBELLE":"PRO 2537","LIBELLE_LO":"PRO 2537 - CR de Châteauroux + AGR","AXE":"LGV","VOIE":1.0,"PK_DEB":253680.0,"PK_FIN":null,"CODE_FAMIL":"OA","LIBELLE_FA":"Ouvrage d’Art","INSEE":"17260","COMMUNE":"NEUVICQ","DEPARTEMEN":"CHARENTE-MARITIME","voie_":"LGV1","_ph_path":"C:\\Users\\YCHAKER\\Downloads\\visivi_data_\\gp_2024\\thumbnail_LISEA (10994)_PK253+681_V1.JPG","_pk_fmt":"253+680","_sp_url":null,"_ph_url":"data/photos/oa/0216.jpg"},"geometry":{"type":"Point","coordinates":[-0.1363857300900389,45.247337097056125]}},{"id":"217","type":"Feature","properties":{"fid":218.0,"ID_TEC_T_G":196.0,"CODE_OBJET":"OAL14-00800","LIBELLE":"PRA 2539","LIBELLE_LO":"PRA 2539 - Le Châteauroux","AXE":"LGV","VOIE":1.0,"PK_DEB":253936.0,"PK_FIN":null,"CODE_FAMIL":"OA","LIBELLE_FA":"Ouvrage d’Art","INSEE":"17260","COMMUNE":"NEUVICQ","DEPARTEMEN":"CHARENTE-MARITIME","voie_":"LGV1","_ph_path":"C:\\Users\\YCHAKER\\Downloads\\visivi_data_\\gp_2024\\thumbnail_LISEA (11003)_PK253+946_V1.JPG","_pk_fmt":"253+936","_sp_url":null,"_ph_url":"data/photos/oa/0217.jpg"},"geometry":{"type":"Point","coordinates":[-0.13778459604087517,45.245239542914256]}},{"id":"218","type":"Feature","properties":{"fid":219.0,"ID_TEC_T_G":197.0,"CODE_OBJET":"OAL14-01000","LIBELLE":"PRA 2546","LIBELLE_LO":"PRA 2546 - Les 4 Puits","AXE":"LGV","VOIE":1.0,"PK_DEB":254637.0,"PK_FIN":null,"CODE_FAMIL":"OA","LIBELLE_FA":"Ouvrage d’Art","INSEE":"17260","COMMUNE":"NEUVICQ","DEPARTEMEN":"CHARENTE-MARITIME","voie_":"LGV1","_ph_path":"C:\\Users\\YCHAKER\\Downloads\\visivi_data_\\gp_2024\\thumbnail_LISEA (11027)_PK254+622_V1.JPG","_pk_fmt":"254+637","_sp_url":null,"_ph_url":"data/photos/oa/0218.jpg"},"geometry":{"type":"Point","coordinates":[-0.14172224045849882,45.23959428485927]}},{"id":"219","type":"Feature","properties":{"fid":220.0,"ID_TEC_T_G":198.0,"CODE_OBJET":"OAL14-01200","LIBELLE":"PRA 2557","LIBELLE_LO":"PRA 2557 - OH + AGR + rando","AXE":"LGV","VOIE":1.0,"PK_DEB":255652.0,"PK_FIN":null,"CODE_FAMIL":"OA","LIBELLE_FA":"Ouvrage d’Art","INSEE":"17241","COMMUNE":"MONTGUYON","DEPARTEMEN":"CHARENTE-MARITIME","voie_":"LGV1","_ph_path":"C:\\Users\\YCHAKER\\Downloads\\visivi_data_\\gp_2024\\thumbnail_LISEA (11063)_PK255+64_V1.JPG","_pk_fmt":"255+652","_sp_url":null,"_ph_url":"data/photos/oa/0219.jpg"},"geometry":{"type":"Point","coordinates":[-0.14750868129229686,45.23141750843144]}},{"id":"220","type":"Feature","properties":{"fid":221.0,"ID_TEC_T_G":199.0,"CODE_OBJET":"OAL14-01300","LIBELLE":"VIA 2559","LIBELLE_LO":"VIA 2559 - Viaduc de la Goujonne","AXE":"LGV","VOIE":1.0,"PK_DEB":255886.0,"PK_FIN":null,"CODE_FAMIL":"OA","LIBELLE_FA":"Ouvrage d’Art","INSEE":"17241","COMMUNE":"MONTGUYON","DEPARTEMEN":"CHARENTE-MARITIME","voie_":"LGV1","_ph_path":"C:\\Users\\YCHAKER\\Downloads\\visivi_data_\\gp_2024\\thumbnail_LISEA (11072)_PK255+884_V1.JPG","_pk_fmt":"255+886","_sp_url":null,"_ph_url":"data/photos/oa/0220.jpg"},"geometry":{"type":"Point","coordinates":[-0.14883228140006258,45.2295290125711]}},{"id":"221","type":"Feature","properties":{"fid":222.0,"ID_TEC_T_G":200.0,"CODE_OBJET":"OAL14-01400","LIBELLE":"PRA 2561","LIBELLE_LO":"PRA 2561 - RD 158A","AXE":"LGV","VOIE":1.0,"PK_DEB":256108.0,"PK_FIN":null,"CODE_FAMIL":"OA","LIBELLE_FA":"Ouvrage d’Art","INSEE":"17241","COMMUNE":"MONTGUYON","DEPARTEMEN":"CHARENTE-MARITIME","voie_":"LGV1","_ph_path":"C:\\Users\\YCHAKER\\Downloads\\visivi_data_\\gp_2024\\thumbnail_LISEA (11080)_PK256+1_V1.JPG","_pk_fmt":"256+108","_sp_url":null,"_ph_url":"data/photos/oa/0221.jpg"},"geometry":{"type":"Point","coordinates":[-0.1500704018814142,45.2277343579082]}},{"id":"222","type":"Feature","properties":{"fid":223.0,"ID_TEC_T_G":201.0,"CODE_OBJET":"OAL14-01600","LIBELLE":"PRA 2575","LIBELLE_LO":"PRA 2575 - AGR","AXE":"LGV","VOIE":1.0,"PK_DEB":257482.0,"PK_FIN":null,"CODE_FAMIL":"OA","LIBELLE_FA":"Ouvrage d’Art","INSEE":"17241","COMMUNE":"MONTGUYON","DEPARTEMEN":"CHARENTE-MARITIME","voie_":"LGV1","_ph_path":"C:\\Users\\YCHAKER\\Downloads\\visivi_data_\\gp_2024\\thumbnail_LISEA (11136)_PK257+494_V1.JPG","_pk_fmt":"257+482","_sp_url":null,"_ph_url":"data/photos/oa/0222.jpg"},"geometry":{"type":"Point","coordinates":[-0.15882523131523657,45.21704272674932]}},{"id":"223","type":"Feature","properties":{"fid":224.0,"ID_TEC_T_G":202.0,"CODE_OBJET":"OAL14-01700","LIBELLE":"PRA 2576","LIBELLE_LO":"PRA 2576 - Le Gat","AXE":"LGV","VOIE":1.0,"PK_DEB":257547.0,"PK_FIN":null,"CODE_FAMIL":"OA","LIBELLE_FA":"Ouvrage d’Art","INSEE":"17241","COMMUNE":"MONTGUYON","DEPARTEMEN":"CHARENTE-MARITIME","voie_":"LGV1","_ph_path":"C:\\Users\\YCHAKER\\Downloads\\visivi_data_\\gp_2024\\thumbnail_LISEA (11138)_PK257+547_V1.JPG","_pk_fmt":"257+547","_sp_url":null,"_ph_url":"data/photos/oa/0223.jpg"},"geometry":{"type":"Point","coordinates":[-0.15929608041602,45.21656131098382]}},{"id":"224","type":"Feature","properties":{"fid":225.0,"ID_TEC_T_G":203.0,"CODE_OBJET":"OAL12-04100","LIBELLE":"PRO 2232","LIBELLE_LO":"PRO 2232 - RD 5","AXE":"LGV","VOIE":1.0,"PK_DEB":223203.0,"PK_FIN":null,"CODE_FAMIL":"OA","LIBELLE_FA":"Ouvrage d’Art","INSEE":"16046","COMMUNE":"BLANZAC-PORCHERESSE","DEPARTEMEN":"CHARENTE","voie_":"LGV1","_ph_path":"C:\\Users\\YCHAKER\\Downloads\\visivi_data_\\gp_2024\\thumbnail_LISEA (09823)_PK223+192_V2.JPG","_pk_fmt":"223+203","_sp_url":null,"_ph_url":"data/photos/oa/0224.jpg"},"geometry":{"type":"Point","coordinates":[0.049128220237132716,45.48054557284673]}},{"id":"225","type":"Feature","properties":{"fid":226.0,"ID_TEC_T_G":204.0,"CODE_OBJET":"OAL14-01900","LIBELLE":"PRO 2586","LIBELLE_LO":"PRO 2586 - RD 730","AXE":"LGV","VOIE":1.0,"PK_DEB":258594.0,"PK_FIN":null,"CODE_FAMIL":"OA","LIBELLE_FA":"Ouvrage d’Art","INSEE":"17241","COMMUNE":"MONTGUYON","DEPARTEMEN":"CHARENTE-MARITIME","voie_":"LGV1","_ph_path":"C:\\Users\\YCHAKER\\Downloads\\visivi_data_\\gp_2024\\thumbnail_LISEA (11180)_PK258+599_V2.JPG","_pk_fmt":"258+594","_sp_url":null,"_ph_url":"data/photos/oa/0225.jpg"},"geometry":{"type":"Point","coordinates":[-0.16805369565143144,45.20946168000107]}},{"id":"226","type":"Feature","properties":{"fid":227.0,"ID_TEC_T_G":205.0,"CODE_OBJET":"OAL14-02100","LIBELLE":"PRO 2593","LIBELLE_LO":"PRO 2593 - VC 5","AXE":"LGV","VOIE":1.0,"PK_DEB":259295.0,"PK_FIN":null,"CODE_FAMIL":"OA","LIBELLE_FA":"Ouvrage d’Art","INSEE":"17241","COMMUNE":"MONTGUYON","DEPARTEMEN":"CHARENTE-MARITIME","voie_":"LGV1","_ph_path":"C:\\Users\\YCHAKER\\Downloads\\visivi_data_\\gp_2024\\thumbnail_LISEA (11208)_PK259+294_V1.JPG","_pk_fmt":"259+295","_sp_url":null,"_ph_url":"data/photos/oa/0226.jpg"},"geometry":{"type":"Point","coordinates":[-0.17480164393054407,45.20533969408748]}},{"id":"227","type":"Feature","properties":{"fid":228.0,"ID_TEC_T_G":206.0,"CODE_OBJET":"OAL14-02300","LIBELLE":"PRA 2600","LIBELLE_LO":"PRA 2600 - RD 910 bis","AXE":"LGV","VOIE":1.0,"PK_DEB":259965.0,"PK_FIN":null,"CODE_FAMIL":"OA","LIBELLE_FA":"Ouvrage d’Art","INSEE":"17241","COMMUNE":"MONTGUYON","DEPARTEMEN":"CHARENTE-MARITIME","voie_":"LGV1","_ph_path":"C:\\Users\\YCHAKER\\Downloads\\visivi_data_\\gp_2024\\thumbnail_LISEA (11234)_PK259+961_V2.JPG","_pk_fmt":"259+965","_sp_url":null,"_ph_url":"data/photos/oa/0227.jpg"},"geometry":{"type":"Point","coordinates":[-0.1818270213217254,45.20191947750623]}},{"id":"228","type":"Feature","properties":{"fid":229.0,"ID_TEC_T_G":207.0,"CODE_OBJET":"OAL14-02400","LIBELLE":"PRA 2606","LIBELLE_LO":"PRA 2606 - La Nauve Le Noret + rando","AXE":"LGV","VOIE":1.0,"PK_DEB":260600.0,"PK_FIN":null,"CODE_FAMIL":"OA","LIBELLE_FA":"Ouvrage d’Art","INSEE":"17241","COMMUNE":"MONTGUYON","DEPARTEMEN":"CHARENTE-MARITIME","voie_":"LGV1","_ph_path":"C:\\Users\\YCHAKER\\Downloads\\visivi_data_\\gp_2024\\thumbnail_LISEA (11259)_PK260+602_V1.JPG","_pk_fmt":"260+600","_sp_url":null,"_ph_url":"data/photos/oa/0228.jpg"},"geometry":{"type":"Point","coordinates":[-0.1889144510593363,45.19917697750205]}},{"id":"229","type":"Feature","properties":{"fid":230.0,"ID_TEC_T_G":208.0,"CODE_OBJET":"OAL10-00700","LIBELLE":"PRO HL 1803","LIBELLE_LO":"PRO HL 1803 - La Brangerie","AXE":"LGV","VOIE":1.0,"PK_DEB":180359.0,"PK_FIN":null,"CODE_FAMIL":"OA","LIBELLE_FA":"Ouvrage d’Art","INSEE":"16414","COMMUNE":"VILLOGNON","DEPARTEMEN":"CHARENTE","voie_":"LGV1","_ph_path":"C:\\Users\\YCHAKER\\Downloads\\visivi_data_\\gp_2024\\thumbnail_LISEA (08013)_PK180+345_V2.JPG","_pk_fmt":"180+359","_sp_url":null,"_ph_url":"data/photos/oa/0229.jpg"},"geometry":{"type":"Point","coordinates":[0.1089759127126902,45.855126542112984]}},{"id":"230","type":"Feature","properties":{"fid":231.0,"ID_TEC_T_G":209.0,"CODE_OBJET":"OAL14-04500","LIBELLE":"PRA 2777","LIBELLE_LO":"PRA 2777 - Le Meudon + PGF + rando","AXE":"LGV","VOIE":1.0,"PK_DEB":277715.0,"PK_FIN":null,"CODE_FAMIL":"OA","LIBELLE_FA":"Ouvrage d’Art","INSEE":"33233","COMMUNE":"LARUSCADE","DEPARTEMEN":"GIRONDE","voie_":"LGV1","_ph_path":"C:\\Users\\YCHAKER\\Downloads\\visivi_data_\\gp_2024\\thumbnail_LISEA (11890)_PK277+717_V1.JPG","_pk_fmt":"277+715","_sp_url":null,"_ph_url":"data/photos/oa/0230.jpg"},"geometry":{"type":"Point","coordinates":[-0.3584855612400026,45.10759425210655]}},{"id":"231","type":"Feature","properties":{"fid":232.0,"ID_TEC_T_G":210.0,"CODE_OBJET":"OAL14-04600","LIBELLE":"PRA 2794","LIBELLE_LO":"PRA 2794 - VC 11","AXE":"LGV","VOIE":1.0,"PK_DEB":279401.0,"PK_FIN":null,"CODE_FAMIL":"OA","LIBELLE_FA":"Ouvrage d’Art","INSEE":"33233","COMMUNE":"LARUSCADE","DEPARTEMEN":"GIRONDE","voie_":"LGV1","_ph_path":"C:\\Users\\YCHAKER\\Downloads\\visivi_data_\\gp_2024\\thumbnail_LISEA (11952)_PK279+395_V1.JPG","_pk_fmt":"279+401","_sp_url":null,"_ph_url":"data/photos/oa/0231.jpg"},"geometry":{"type":"Point","coordinates":[-0.36857221553269487,45.094203364070815]}},{"id":"232","type":"Feature","properties":{"fid":233.0,"ID_TEC_T_G":211.0,"CODE_OBJET":"OAL14-04700","LIBELLE":"VIA 2796","LIBELLE_LO":"VIA 2796 - Viaduc de la Saye","AXE":"LGV","VOIE":1.0,"PK_DEB":279598.0,"PK_FIN":null,"CODE_FAMIL":"OA","LIBELLE_FA":"Ouvrage d’Art","INSEE":"33233","COMMUNE":"LARUSCADE","DEPARTEMEN":"GIRONDE","voie_":"LGV1","_ph_path":"C:\\Users\\YCHAKER\\Downloads\\visivi_data_\\gp_2024\\thumbnail_LISEA (11959)_PK279+602_V1.JPG","_pk_fmt":"279+598","_sp_url":null,"_ph_url":"data/photos/oa/0232.jpg"},"geometry":{"type":"Point","coordinates":[-0.3697479065494074,45.09262907086191]}},{"id":"233","type":"Feature","properties":{"fid":234.0,"ID_TEC_T_G":212.0,"CODE_OBJET":"OAL14-04800","LIBELLE":"PRA 2799","LIBELLE_LO":"PRA 2799 - Le Baudet (OH + rando)","AXE":"LGV","VOIE":1.0,"PK_DEB":279901.0,"PK_FIN":null,"CODE_FAMIL":"OA","LIBELLE_FA":"Ouvrage d’Art","INSEE":"33114","COMMUNE":"CAVIGNAC","DEPARTEMEN":"GIRONDE","voie_":"LGV1","_ph_path":"C:\\Users\\YCHAKER\\Downloads\\visivi_data_\\gp_2024\\thumbnail_LISEA (11969)_PK279+909_V1.JPG","_pk_fmt":"279+901","_sp_url":null,"_ph_url":"data/photos/oa/0233.jpg"},"geometry":{"type":"Point","coordinates":[-0.3715794262472732,45.09023580445227]}},{"id":"234","type":"Feature","properties":{"fid":235.0,"ID_TEC_T_G":213.0,"CODE_OBJET":"OAL15-00200","LIBELLE":"PRO 2820","LIBELLE_LO":"PRO 2820 - RD 18 + VF BN","AXE":"LGV","VOIE":1.0,"PK_DEB":282038.0,"PK_FIN":null,"CODE_FAMIL":"OA","LIBELLE_FA":"Ouvrage d’Art","INSEE":"33272","COMMUNE":"MARSAS","DEPARTEMEN":"GIRONDE","voie_":"LGV1","_ph_path":"C:\\Users\\YCHAKER\\Downloads\\visivi_data_\\gp_2024\\thumbnail_LISEA (12049)_PK282+033_V2.JPG","_pk_fmt":"282+038","_sp_url":null,"_ph_url":"data/photos/oa/0234.jpg"},"geometry":{"type":"Point","coordinates":[-0.38578850174739665,45.07398061313966]}},{"id":"235","type":"Feature","properties":{"fid":236.0,"ID_TEC_T_G":214.0,"CODE_OBJET":"OAL15-00300","LIBELLE":"PRO 2830","LIBELLE_LO":"PRO 2830 - RD 142 + Rando + VF BN","AXE":"LGV","VOIE":1.0,"PK_DEB":283015.0,"PK_FIN":null,"CODE_FAMIL":"OA","LIBELLE_FA":"Ouvrage d’Art","INSEE":"33272","COMMUNE":"MARSAS","DEPARTEMEN":"GIRONDE","voie_":"LGV1","_ph_path":"C:\\Users\\YCHAKER\\Downloads\\visivi_data_\\gp_2024\\thumbnail_LISEA (12085)_PK283+016_V1.JPG","_pk_fmt":"283+015","_sp_url":null,"_ph_url":"data/photos/oa/0235.jpg"},"geometry":{"type":"Point","coordinates":[-0.3915372303413627,45.06604151531167]}},{"id":"236","type":"Feature","properties":{"fid":237.0,"ID_TEC_T_G":215.0,"CODE_OBJET":"OAL15-00500","LIBELLE":"PRO 2862","LIBELLE_LO":"PRO 2862 - RD 248 E4 + VF BN","AXE":"LGV","VOIE":1.0,"PK_DEB":286187.0,"PK_FIN":null,"CODE_FAMIL":"OA","LIBELLE_FA":"Ouvrage d’Art","INSEE":"33183","COMMUNE":"GAURIAGUET","DEPARTEMEN":"GIRONDE","voie_":"LGV1","_ph_path":"C:\\Users\\YCHAKER\\Downloads\\visivi_data_\\gp_2024\\thumbnail_LISEA (12201)_PK286+179_V1.JPG","_pk_fmt":"286+187","_sp_url":null,"_ph_url":"data/photos/oa/0236.jpg"},"geometry":{"type":"Point","coordinates":[-0.40791379381674786,45.03995443317141]}},{"id":"237","type":"Feature","properties":{"fid":238.0,"ID_TEC_T_G":216.0,"CODE_OBJET":"OAL15-00600","LIBELLE":"PRO 2882","LIBELLE_LO":"PRO 2882 - RD 133 + Rando + VF BN","AXE":"LGV","VOIE":1.0,"PK_DEB":288241.0,"PK_FIN":null,"CODE_FAMIL":"OA","LIBELLE_FA":"Ouvrage d’Art","INSEE":"33018","COMMUNE":"AUBIE-ET-ESPESSAS","DEPARTEMEN":"GIRONDE","voie_":"LGV1","_ph_path":"C:\\Users\\YCHAKER\\Downloads\\visivi_data_\\gp_2024\\thumbnail_LISEA (12285)_PK288+227_V1.JPG","_pk_fmt":"288+241","_sp_url":null,"_ph_url":"data/photos/oa/0237.jpg"},"geometry":{"type":"Point","coordinates":[-0.41745605002577896,45.02279211237178]}},{"id":"238","type":"Feature","properties":{"fid":239.0,"ID_TEC_T_G":217.0,"CODE_OBJET":"OAL15-01000","LIBELLE":"PRO 2898","LIBELLE_LO":"PRO 2898 - RD 10 + VF BN","AXE":"LGV","VOIE":1.0,"PK_DEB":289842.0,"PK_FIN":null,"CODE_FAMIL":"OA","LIBELLE_FA":"Ouvrage d’Art","INSEE":"33366","COMMUNE":"SAINT-ANDRE-DE-CUBZAC","DEPARTEMEN":"GIRONDE","voie_":"LGV1","_ph_path":"C:\\Users\\YCHAKER\\Downloads\\visivi_data_\\gp_2024\\thumbnail_LISEA (12347)_PK289+836_V1.JPG","_pk_fmt":"289+842","_sp_url":null,"_ph_url":"data/photos/oa/0238.jpg"},"geometry":{"type":"Point","coordinates":[-0.4222149880750527,45.008811057819585]}},{"id":"239","type":"Feature","properties":{"fid":240.0,"ID_TEC_T_G":218.0,"CODE_OBJET":"OAL14-02600","LIBELLE":"PRO 2622","LIBELLE_LO":"PRO 2622 - CR du Ramard + Rando + AGR","AXE":"LGV","VOIE":1.0,"PK_DEB":262240.0,"PK_FIN":null,"CODE_FAMIL":"OA","LIBELLE_FA":"Ouvrage d’Art","INSEE":"17110","COMMUNE":"CLERAC","DEPARTEMEN":"CHARENTE-MARITIME","voie_":"LGV1","_ph_path":"C:\\Users\\YCHAKER\\Downloads\\visivi_data_\\gp_2024\\thumbnail_LISEA (11319)_PK262+255_V1.JPG","_pk_fmt":"262+240","_sp_url":null,"_ph_url":"data/photos/oa/0239.jpg"},"geometry":{"type":"Point","coordinates":[-0.20793247430860795,45.193058527550974]}},{"id":"240","type":"Feature","properties":{"fid":241.0,"ID_TEC_T_G":219.0,"CODE_OBJET":"OAL14-02700","LIBELLE":"VIA 2624","LIBELLE_LO":"VIA 2624 - Lary + PGF","AXE":"LGV","VOIE":1.0,"PK_DEB":262433.0,"PK_FIN":null,"CODE_FAMIL":"OA","LIBELLE_FA":"Ouvrage d’Art","INSEE":"17110","COMMUNE":"CLERAC","DEPARTEMEN":"CHARENTE-MARITIME","voie_":"LGV1","_ph_path":"C:\\Users\\YCHAKER\\Downloads\\visivi_data_\\gp_2024\\thumbnail_LISEA (11324)_PK262+419_V1.JPG","_pk_fmt":"262+433","_sp_url":null,"_ph_url":"data/photos/oa/0240.jpg"},"geometry":{"type":"Point","coordinates":[-0.21016121444767544,45.19234237431772]}},{"id":"241","type":"Feature","properties":{"fid":242.0,"ID_TEC_T_G":220.0,"CODE_OBJET":"OAL14-02800","LIBELLE":"PRO 2629","LIBELLE_LO":"PRO 2629 - RD 134","AXE":"LGV","VOIE":1.0,"PK_DEB":262938.0,"PK_FIN":null,"CODE_FAMIL":"OA","LIBELLE_FA":"Ouvrage d’Art","INSEE":"17110","COMMUNE":"CLERAC","DEPARTEMEN":"CHARENTE-MARITIME","voie_":"LGV1","_ph_path":"C:\\Users\\YCHAKER\\Downloads\\visivi_data_\\gp_2024\\thumbnail_LISEA (11342)_PK262+947_V1.JPG","_pk_fmt":"262+938","_sp_url":null,"_ph_url":"data/photos/oa/0241.jpg"},"geometry":{"type":"Point","coordinates":[-0.21602119317306734,45.19045923551193]}},{"id":"242","type":"Feature","properties":{"fid":243.0,"ID_TEC_T_G":221.0,"CODE_OBJET":"OAL02-00600","LIBELLE":"PRA HL 0237-2","LIBELLE_LO":"PRA HL 0237-2 - La Pagerie","AXE":"LGV","VOIE":2.0,"PK_DEB":23744.0,"PK_FIN":null,"CODE_FAMIL":"OA","LIBELLE_FA":"Ouvrage d’Art","INSEE":"37212","COMMUNE":"SAINTE-CATHERINE-DE-FIERBOIS","DEPARTEMEN":"INDRE-ET-LOIRE","voie_":"LGV2","_ph_path":"C:\\Users\\YCHAKER\\Downloads\\visivi_data_\\gp_2024\\thumbnail_LISEA (01274)_PK23+748_V1.JPG","_pk_fmt":"23+744","_sp_url":null,"_ph_url":"data/photos/oa/0242.jpg"},"geometry":{"type":"Point","coordinates":[0.6781970841393818,47.14744464492992]}},{"id":"243","type":"Feature","properties":{"fid":244.0,"ID_TEC_T_G":222.0,"CODE_OBJET":"OAL12-01200","LIBELLE":"PRA CE1 0036","LIBELLE_LO":"PRA CE1 0036 - AGR","AXE":"CE1","VOIE":1.0,"PK_DEB":3666.0,"PK_FIN":null,"CODE_FAMIL":"OA","LIBELLE_FA":"Ouvrage d’Art","INSEE":"16287","COMMUNE":"ROULLET-SAINT-ESTEPHE","DEPARTEMEN":"CHARENTE","voie_":"CE11","_ph_path":"C:\\Users\\YCHAKER\\Downloads\\visivi_data_\\gp_2024\\thumbnail_LISEA (09399)_PK3+678_RCO2.JPG","_pk_fmt":"3+666","_sp_url":null,"_ph_url":"data/photos/oa/0243.jpg"},"geometry":{"type":"Point","coordinates":[0.0683300945611544,45.57866383050836]}},{"id":"244","type":"Feature","properties":{"fid":245.0,"ID_TEC_T_G":223.0,"CODE_OBJET":"OAL07-01400","LIBELLE":"PRO 1344","LIBELLE_LO":"PRO 1344 - VC Grand Bois","AXE":"LGV","VOIE":1.0,"PK_DEB":134353.0,"PK_FIN":null,"CODE_FAMIL":"OA","LIBELLE_FA":"Ouvrage d’Art","INSEE":"86039","COMMUNE":"BRUX","DEPARTEMEN":"VIENNE","voie_":"LGV1","_ph_path":"C:\\Users\\YCHAKER\\Downloads\\visivi_data_\\gp_2024\\thumbnail_LISEA (06107)_PK134+365_V1.JPG","_pk_fmt":"134+353","_sp_url":null,"_ph_url":"data/photos/oa/0244.jpg"},"geometry":{"type":"Point","coordinates":[0.13788856693777743,46.265870929838975]}},{"id":"245","type":"Feature","properties":{"fid":246.0,"ID_TEC_T_G":224.0,"CODE_OBJET":"OAL07-01700","LIBELLE":"PRO 1362","LIBELLE_LO":"PRO 1362 - CR Le Chemerault","AXE":"LGV","VOIE":1.0,"PK_DEB":136159.0,"PK_FIN":null,"CODE_FAMIL":"OA","LIBELLE_FA":"Ouvrage d’Art","INSEE":"86039","COMMUNE":"BRUX","DEPARTEMEN":"VIENNE","voie_":"LGV1","_ph_path":"C:\\Users\\YCHAKER\\Downloads\\visivi_data_\\gp_2024\\thumbnail_LISEA (06172)_PK136+15_V2.JPG","_pk_fmt":"136+159","_sp_url":null,"_ph_url":"data/photos/oa/0245.jpg"},"geometry":{"type":"Point","coordinates":[0.1411527701386376,46.249766976680995]}},{"id":"246","type":"Feature","properties":{"fid":247.0,"ID_TEC_T_G":225.0,"CODE_OBJET":"OHL01-20900","LIBELLE":"PRA 0234","LIBELLE_LO":"PRA 0234 - la Tinellière","AXE":"LGV","VOIE":1.0,"PK_DEB":23452.0,"PK_FIN":null,"CODE_FAMIL":"OA","LIBELLE_FA":"Ouvrage d’Art","INSEE":"37212","COMMUNE":"SAINTE-CATHERINE-DE-FIERBOIS","DEPARTEMEN":"INDRE-ET-LOIRE","voie_":"LGV1","_ph_path":"C:\\Users\\YCHAKER\\Downloads\\visivi_data_\\gp_2024\\thumbnail_LISEA (01262)_PK23+445_V1.JPG","_pk_fmt":"23+452","_sp_url":null,"_ph_url":"data/photos/oa/0246.jpg"},"geometry":{"type":"Point","coordinates":[0.6775703892322765,47.15005336836069]}},{"id":"247","type":"Feature","properties":{"fid":248.0,"ID_TEC_T_G":226.0,"CODE_OBJET":"OHL15-13500","LIBELLE":"OHD 2936+1","LIBELLE_LO":"OHD 2936+1 - Meillac","AXE":"LGV","VOIE":1.0,"PK_DEB":293613.0,"PK_FIN":null,"CODE_FAMIL":"OA","LIBELLE_FA":"Ouvrage d’Art","INSEE":"33143","COMMUNE":"CUBZAC-LES-PONTS","DEPARTEMEN":"GIRONDE","voie_":"LGV1","_ph_path":"C:\\Users\\YCHAKER\\Downloads\\visivi_data_\\gp_2024\\thumbnail_LISEA (12492)_PK293+608_V1.JPG","_pk_fmt":"293+613","_sp_url":null,"_ph_url":"data/photos/oa/0247.jpg"},"geometry":{"type":"Point","coordinates":[-0.43089343006106084,44.97563485086915]}},{"id":"248","type":"Feature","properties":{"fid":249.0,"ID_TEC_T_G":227.0,"CODE_OBJET":"OAL01-00900","LIBELLE":"PRO MS0 0024","LIBELLE_LO":"PRO MS0 0024 - Allée historique + PGF","AXE":"MS1","VOIE":1.0,"PK_DEB":2442.0,"PK_FIN":null,"CODE_FAMIL":"OA","LIBELLE_FA":"Ouvrage d’Art","INSEE":"37250","COMMUNE":"SORIGNY","DEPARTEMEN":"INDRE-ET-LOIRE","voie_":"MS11","_ph_path":"C:\\Users\\YCHAKER\\Downloads\\visivi_data_\\gp_2024\\thumbnail_LISEA (00886)_PK2+845_RMS1.JPG","_pk_fmt":"2+442","_sp_url":null,"_ph_url":"data/photos/oa/0248.jpg"},"geometry":{"type":"Point","coordinates":[0.6507930376609301,47.234470450036845]}},{"id":"249","type":"Feature","properties":{"fid":250.0,"ID_TEC_T_G":228.0,"CODE_OBJET":"OAL15-00800","LIBELLE":"PRA 2895","LIBELLE_LO":"PRA 2895 - Lafont (Soubiale)","AXE":"LGV","VOIE":1.0,"PK_DEB":289470.0,"PK_FIN":null,"CODE_FAMIL":"OA","LIBELLE_FA":"Ouvrage d’Art","INSEE":"33366","COMMUNE":"SAINT-ANDRE-DE-CUBZAC","DEPARTEMEN":"GIRONDE","voie_":"LGV1","_ph_path":"C:\\Users\\YCHAKER\\Downloads\\visivi_data_\\gp_2024\\thumbnail_LISEA (12333)_PK289+476_V1.JPG","_pk_fmt":"289+470","_sp_url":null,"_ph_url":"data/photos/oa/0249.jpg"},"geometry":{"type":"Point","coordinates":[-0.4203470498524237,45.01190905194111]}},{"id":"250","type":"Feature","properties":{"fid":251.0,"ID_TEC_T_G":229.0,"CODE_OBJET":"OAL14-01100","LIBELLE":"PRO 2549","LIBELLE_LO":"PRO 2549 - CR les 4 Puits","AXE":"LGV","VOIE":1.0,"PK_DEB":254872.0,"PK_FIN":null,"CODE_FAMIL":"OA","LIBELLE_FA":"Ouvrage d’Art","INSEE":"17260","COMMUNE":"NEUVICQ","DEPARTEMEN":"CHARENTE-MARITIME","voie_":"LGV1","_ph_path":"C:\\Users\\YCHAKER\\Downloads\\visivi_data_\\gp_2024\\thumbnail_LISEA (11036)_PK254+879_V1.JPG","_pk_fmt":"254+872","_sp_url":null,"_ph_url":"data/photos/oa/0250.jpg"},"geometry":{"type":"Point","coordinates":[-0.1430734850138626,45.23770809285389]}},{"id":"251","type":"Feature","properties":{"fid":252.0,"ID_TEC_T_G":230.0,"CODE_OBJET":"OAL04-02500","LIBELLE":"PRA 0796","LIBELLE_LO":"PRA 0796 - La Pallu","AXE":"LGV","VOIE":1.0,"PK_DEB":79644.0,"PK_FIN":null,"CODE_FAMIL":"OA","LIBELLE_FA":"Ouvrage d’Art","INSEE":"86115","COMMUNE":"JAUNAY-CLAN","DEPARTEMEN":"VIENNE","voie_":"LGV1","_ph_path":"C:\\Users\\YCHAKER\\Downloads\\visivi_data_\\gp_2024\\thumbnail_LISEA (03671)_PK79+644_V2.JPG","_pk_fmt":"79+644","_sp_url":null,"_ph_url":"data/photos/oa/0251.jpg"},"geometry":{"type":"Point","coordinates":[0.37858607115464166,46.71756485485539]}},{"id":"252","type":"Feature","properties":{"fid":253.0,"ID_TEC_T_G":231.0,"CODE_OBJET":"OAL04-02600","LIBELLE":"PRA 0797","LIBELLE_LO":"PRA 0797 - Le Champallu","AXE":"LGV","VOIE":1.0,"PK_DEB":79735.0,"PK_FIN":null,"CODE_FAMIL":"OA","LIBELLE_FA":"Ouvrage d’Art","INSEE":"86115","COMMUNE":"JAUNAY-CLAN","DEPARTEMEN":"VIENNE","voie_":"LGV1","_ph_path":"C:\\Users\\YCHAKER\\Downloads\\visivi_data_\\gp_2024\\thumbnail_LISEA (03674)_PK79+727_V1.JPG","_pk_fmt":"79+735","_sp_url":null,"_ph_url":"data/photos/oa/0252.jpg"},"geometry":{"type":"Point","coordinates":[0.37807367980662687,46.71683914463574]}},{"id":"253","type":"Feature","properties":{"fid":254.0,"ID_TEC_T_G":232.0,"CODE_OBJET":"OAL04-02800","LIBELLE":"PRO 0815","LIBELLE_LO":"PRO 0815 - AXE BRETELLES","AXE":"LGV","VOIE":1.0,"PK_DEB":81537.0,"PK_FIN":null,"CODE_FAMIL":"OA","LIBELLE_FA":"Ouvrage d’Art","INSEE":"86115","COMMUNE":"JAUNAY-CLAN","DEPARTEMEN":"VIENNE","voie_":"LGV1","_ph_path":"C:\\Users\\YCHAKER\\Downloads\\visivi_data_\\gp_2024\\thumbnail_LISEA (03743)_PK81+53_V2.JPG","_pk_fmt":"81+537","_sp_url":null,"_ph_url":"data/photos/oa/0253.jpg"},"geometry":{"type":"Point","coordinates":[0.3688513382768626,46.70190944058573]}},{"id":"254","type":"Feature","properties":{"fid":255.0,"ID_TEC_T_G":233.0,"CODE_OBJET":"OAL04-03100","LIBELLE":"PRO 0833","LIBELLE_LO":"PRO 0833 - VC5","AXE":"LGV","VOIE":1.0,"PK_DEB":83331.0,"PK_FIN":null,"CODE_FAMIL":"OA","LIBELLE_FA":"Ouvrage d’Art","INSEE":"86115","COMMUNE":"JAUNAY-CLAN","DEPARTEMEN":"VIENNE","voie_":"LGV1","_ph_path":"C:\\Users\\YCHAKER\\Downloads\\visivi_data_\\gp_2024\\thumbnail_LISEA (03818)_PK83+324_V1.JPG","_pk_fmt":"83+331","_sp_url":null,"_ph_url":"data/photos/oa/0254.jpg"},"geometry":{"type":"Point","coordinates":[0.36052628428816114,46.68680557492241]}},{"id":"255","type":"Feature","properties":{"fid":256.0,"ID_TEC_T_G":234.0,"CODE_OBJET":"OAL04-03200","LIBELLE":"PRO 0836","LIBELLE_LO":"PRO 0836 - RD 62","AXE":"LGV","VOIE":1.0,"PK_DEB":83683.0,"PK_FIN":null,"CODE_FAMIL":"OA","LIBELLE_FA":"Ouvrage d’Art","INSEE":"86115","COMMUNE":"JAUNAY-CLAN","DEPARTEMEN":"VIENNE","voie_":"LGV1","_ph_path":"C:\\Users\\YCHAKER\\Downloads\\visivi_data_\\gp_2024\\thumbnail_LISEA (03832)_PK83+672_V1.JPG","_pk_fmt":"83+683","_sp_url":null,"_ph_url":"data/photos/oa/0255.jpg"},"geometry":{"type":"Point","coordinates":[0.35910304917015906,46.68379186858647]}},{"id":"256","type":"Feature","properties":{"fid":257.0,"ID_TEC_T_G":235.0,"CODE_OBJET":"OAL04-03300","LIBELLE":"PRO 0843","LIBELLE_LO":"PRO 0843 - VC 7","AXE":"LGV","VOIE":1.0,"PK_DEB":84316.0,"PK_FIN":null,"CODE_FAMIL":"OA","LIBELLE_FA":"Ouvrage d’Art","INSEE":"86062","COMMUNE":"CHASSENEUIL-DU-POITOU","DEPARTEMEN":"VIENNE","voie_":"LGV1","_ph_path":"C:\\Users\\YCHAKER\\Downloads\\visivi_data_\\gp_2024\\thumbnail_LISEA (03857)_PK84+319_V1.JPG","_pk_fmt":"84+316","_sp_url":null,"_ph_url":"data/photos/oa/0256.jpg"},"geometry":{"type":"Point","coordinates":[0.3571095999349322,46.678266164254055]}},{"id":"257","type":"Feature","properties":{"fid":258.0,"ID_TEC_T_G":236.0,"CODE_OBJET":"OAL04-03500","LIBELLE":"PRO 0867","LIBELLE_LO":"PRO 0867 - RD 18","AXE":"LGV","VOIE":1.0,"PK_DEB":86727.0,"PK_FIN":null,"CODE_FAMIL":"OA","LIBELLE_FA":"Ouvrage d’Art","INSEE":"86062","COMMUNE":"CHASSENEUIL-DU-POITOU","DEPARTEMEN":"VIENNE","voie_":"LGV1","_ph_path":"C:\\Users\\YCHAKER\\Downloads\\visivi_data_\\gp_2024\\thumbnail_LISEA (04147)_PK86+733_V1.JPG","_pk_fmt":"86+727","_sp_url":null,"_ph_url":"data/photos/oa/0257.jpg"},"geometry":{"type":"Point","coordinates":[0.353645884086444,46.656687065697746]}},{"id":"258","type":"Feature","properties":{"fid":259.0,"ID_TEC_T_G":237.0,"CODE_OBJET":"OAL04-03600","LIBELLE":"PRO HL 0867-1","LIBELLE_LO":"PRO HL 0867-1 - RD 18","AXE":"LGV","VOIE":1.0,"PK_DEB":86727.0,"PK_FIN":null,"CODE_FAMIL":"OA","LIBELLE_FA":"Ouvrage d’Art","INSEE":"86062","COMMUNE":"CHASSENEUIL-DU-POITOU","DEPARTEMEN":"VIENNE","voie_":"LGV1","_ph_path":"C:\\Users\\YCHAKER\\Downloads\\visivi_data_\\gp_2024\\thumbnail_LISEA (03944)_PK5+486_RMA1.JPG","_pk_fmt":"86+727","_sp_url":null,"_ph_url":"data/photos/oa/0258.jpg"},"geometry":{"type":"Point","coordinates":[0.35524271039321914,46.65669138855028]}},{"id":"259","type":"Feature","properties":{"fid":260.0,"ID_TEC_T_G":300.0,"CODE_OBJET":"OAL13-01600","LIBELLE":"PRA 2409","LIBELLE_LO":"PRA 2409 - OH La Viveronne","AXE":"LGV","VOIE":1.0,"PK_DEB":240975.0,"PK_FIN":null,"CODE_FAMIL":"OA","LIBELLE_FA":"Ouvrage d’Art","INSEE":"16066","COMMUNE":"BROSSAC","DEPARTEMEN":"CHARENTE","voie_":"LGV1","_ph_path":"C:\\Users\\YCHAKER\\Downloads\\visivi_data_\\gp_2024\\thumbnail_LISEA (10506)_PK240+977_V1.JPG","_pk_fmt":"240+975","_sp_url":null,"_ph_url":"data/photos/oa/0259.jpg"},"geometry":{"type":"Point","coordinates":[-0.03195279973754324,45.33335718022813]}},{"id":"260","type":"Feature","properties":{"fid":261.0,"ID_TEC_T_G":301.0,"CODE_OBJET":"OAL13-01700","LIBELLE":"PRA 2413","LIBELLE_LO":"PRA 2413 - VC2 + rando","AXE":"LGV","VOIE":1.0,"PK_DEB":241320.0,"PK_FIN":null,"CODE_FAMIL":"OA","LIBELLE_FA":"Ouvrage d’Art","INSEE":"16066","COMMUNE":"BROSSAC","DEPARTEMEN":"CHARENTE","voie_":"LGV1","_ph_path":"C:\\Users\\YCHAKER\\Downloads\\visivi_data_\\gp_2024\\thumbnail_LISEA (10517)_PK241+315_V1.JPG","_pk_fmt":"241+320","_sp_url":null,"_ph_url":"data/photos/oa/0260.jpg"},"geometry":{"type":"Point","coordinates":[-0.03361400949429451,45.33049362511116]}},{"id":"261","type":"Feature","properties":{"fid":262.0,"ID_TEC_T_G":302.0,"CODE_OBJET":"OAL13-01800","LIBELLE":"PRA 2414","LIBELLE_LO":"PRA 2414 - OH Pompinier 1","AXE":"LGV","VOIE":1.0,"PK_DEB":241444.0,"PK_FIN":null,"CODE_FAMIL":"OA","LIBELLE_FA":"Ouvrage d’Art","INSEE":"16066","COMMUNE":"BROSSAC","DEPARTEMEN":"CHARENTE","voie_":"LGV1","_ph_path":"C:\\Users\\YCHAKER\\Downloads\\visivi_data_\\gp_2024\\thumbnail_LISEA (10522)_PK241+452_V1.JPG","_pk_fmt":"241+444","_sp_url":null,"_ph_url":"data/photos/oa/0261.jpg"},"geometry":{"type":"Point","coordinates":[-0.03424233919782407,45.3294713783917]}},{"id":"262","type":"Feature","properties":{"fid":263.0,"ID_TEC_T_G":303.0,"CODE_OBJET":"OAL13-02100","LIBELLE":"PRA 2426","LIBELLE_LO":"PRA 2426 - AGR","AXE":"LGV","VOIE":1.0,"PK_DEB":242684.0,"PK_FIN":null,"CODE_FAMIL":"OA","LIBELLE_FA":"Ouvrage d’Art","INSEE":"16066","COMMUNE":"BROSSAC","DEPARTEMEN":"CHARENTE","voie_":"LGV1","_ph_path":"C:\\Users\\YCHAKER\\Downloads\\visivi_data_\\gp_2024\\thumbnail_LISEA (10568)_PK242+688_V2.JPG","_pk_fmt":"242+684","_sp_url":null,"_ph_url":"data/photos/oa/0262.jpg"},"geometry":{"type":"Point","coordinates":[-0.041970964466140674,45.319734695160875]}},{"id":"263","type":"Feature","properties":{"fid":264.0,"ID_TEC_T_G":304.0,"CODE_OBJET":"OAL13-02300","LIBELLE":"PRO 2435","LIBELLE_LO":"PRO 2435 - RD 191 + rando","AXE":"LGV","VOIE":1.0,"PK_DEB":243579.0,"PK_FIN":null,"CODE_FAMIL":"OA","LIBELLE_FA":"Ouvrage d’Art","INSEE":"16066","COMMUNE":"BROSSAC","DEPARTEMEN":"CHARENTE","voie_":"LGV1","_ph_path":"C:\\Users\\YCHAKER\\Downloads\\visivi_data_\\gp_2024\\thumbnail_LISEA (10605)_PK243+583_V2.JPG","_pk_fmt":"243+579","_sp_url":null,"_ph_url":"data/photos/oa/0263.jpg"},"geometry":{"type":"Point","coordinates":[-0.048679727493027715,45.313223037459395]}},{"id":"264","type":"Feature","properties":{"fid":265.0,"ID_TEC_T_G":305.0,"CODE_OBJET":"OAL05-00600","LIBELLE":"PRA FN1 0024","LIBELLE_LO":"PRA FN1 0024 - RD 611 (RN 11)","AXE":"FN1","VOIE":1.0,"PK_DEB":2401.0,"PK_FIN":null,"CODE_FAMIL":"OA","LIBELLE_FA":"Ouvrage d’Art","INSEE":"86100","COMMUNE":"FONTAINE-LE-COMTE","DEPARTEMEN":"VIENNE","voie_":"FN11","_ph_path":"C:\\Users\\YCHAKER\\Downloads\\visivi_data_\\gp_2024\\thumbnail_LISEA (04819)_PK2+408_RFN1.JPG","_pk_fmt":"2+401","_sp_url":null,"_ph_url":"data/photos/oa/0264.jpg"},"geometry":{"type":"Point","coordinates":[0.2354037336086114,46.51461864717848]}},{"id":"265","type":"Feature","properties":{"fid":266.0,"ID_TEC_T_G":306.0,"CODE_OBJET":"OAL09-02600","LIBELLE":"PRO HL 1728-2","LIBELLE_LO":"PRO HL 1728-2 - OH Le bief","AXE":"LGV","VOIE":2.0,"PK_DEB":172808.0,"PK_FIN":null,"CODE_FAMIL":"OA","LIBELLE_FA":"Ouvrage d’Art","INSEE":"16185","COMMUNE":"LIGNE","DEPARTEMEN":"CHARENTE","voie_":"LGV2","_ph_path":"C:\\Users\\YCHAKER\\Downloads\\visivi_data_\\gp_2024\\thumbnail_LISEA (07513)_PK1+818_RJ2.JPG","_pk_fmt":"172+808","_sp_url":null,"_ph_url":"data/photos/oa/0265.jpg"},"geometry":{"type":"Point","coordinates":[0.12193110442024324,45.92062503367479]}},{"id":"266","type":"Feature","properties":{"fid":267.0,"ID_TEC_T_G":307.0,"CODE_OBJET":"OAL05-02400","LIBELLE":"PRO HL 1019","LIBELLE_LO":"PRO HL 1019 - A10 - existant","AXE":"LGV","VOIE":1.0,"PK_DEB":101889.0,"PK_FIN":null,"CODE_FAMIL":"OA","LIBELLE_FA":"Ouvrage d’Art","INSEE":"86100","COMMUNE":"FONTAINE-LE-COMTE","DEPARTEMEN":"VIENNE","voie_":"LGV1","_ph_path":"C:\\Users\\YCHAKER\\Downloads\\visivi_data_\\gp_2024\\thumbnail_LISEA (04696)_PK101+907_V1.JPG","_pk_fmt":"101+889","_sp_url":null,"_ph_url":"data/photos/oa/0266.jpg"},"geometry":{"type":"Point","coordinates":[0.2519384845066117,46.54155177863495]}},{"id":"267","type":"Feature","properties":{"fid":268.0,"ID_TEC_T_G":308.0,"CODE_OBJET":"OAL15-01100","LIBELLE":"PAS 2904","LIBELLE_LO":"PAS 2904 - Passerelle de St-André-de-Cubzac","AXE":"LGV","VOIE":1.0,"PK_DEB":290419.0,"PK_FIN":null,"CODE_FAMIL":"OA","LIBELLE_FA":"Ouvrage d’Art","INSEE":"33366","COMMUNE":"SAINT-ANDRE-DE-CUBZAC","DEPARTEMEN":"GIRONDE","voie_":"LGV1","_ph_path":"C:\\Users\\YCHAKER\\Downloads\\visivi_data_\\gp_2024\\thumbnail_LISEA (12369)_PK290+415_V1.JPG","_pk_fmt":"290+419","_sp_url":null,"_ph_url":"data/photos/oa/0267.jpg"},"geometry":{"type":"Point","coordinates":[-0.4246052605019202,45.00389340707495]}},{"id":"268","type":"Feature","properties":{"fid":269.0,"ID_TEC_T_G":309.0,"CODE_OBJET":"OAL03-01200","LIBELLE":"PRA 0552","LIBELLE_LO":"PRA 0552 - L'Ormeau du Roi","AXE":"LGV","VOIE":1.0,"PK_DEB":55240.0,"PK_FIN":null,"CODE_FAMIL":"OA","LIBELLE_FA":"Ouvrage d’Art","INSEE":"86162","COMMUNE":"MONDION","DEPARTEMEN":"VIENNE","voie_":"LGV1","_ph_path":"C:\\Users\\YCHAKER\\Downloads\\visivi_data_\\gp_2024\\thumbnail_LISEA (02721)_PK55+25_V1.JPG","_pk_fmt":"55+240","_sp_url":null,"_ph_url":"data/photos/oa/0268.jpg"},"geometry":{"type":"Point","coordinates":[0.44994397253490753,46.92542968695257]}},{"id":"269","type":"Feature","properties":{"fid":270.0,"ID_TEC_T_G":310.0,"CODE_OBJET":"OAL01-02200","LIBELLE":"PRO 0067","LIBELLE_LO":"PRO 0067 - VC 13","AXE":"LGV","VOIE":1.0,"PK_DEB":6702.0,"PK_FIN":null,"CODE_FAMIL":"OA","LIBELLE_FA":"Ouvrage d’Art","INSEE":"37266","COMMUNE":"VEIGNE","DEPARTEMEN":"INDRE-ET-LOIRE","voie_":"LGV1","_ph_path":"C:\\Users\\YCHAKER\\Downloads\\visivi_data_\\gp_2024\\thumbnail_LISEA (00422)_PK6+69_V1.JPG","_pk_fmt":"6+702","_sp_url":null,"_ph_url":"data/photos/oa/0269.jpg"},"geometry":{"type":"Point","coordinates":[0.6900141008927403,47.29422491669694]}},{"id":"270","type":"Feature","properties":{"fid":271.0,"ID_TEC_T_G":311.0,"CODE_OBJET":"OAL13-00100","LIBELLE":"PRA 2308","LIBELLE_LO":"PRA 2308 - RD 74 + rando","AXE":"LGV","VOIE":1.0,"PK_DEB":230860.0,"PK_FIN":null,"CODE_FAMIL":"OA","LIBELLE_FA":"Ouvrage d’Art","INSEE":"16118","COMMUNE":"DEVIAT","DEPARTEMEN":"CHARENTE","voie_":"LGV1","_ph_path":"C:\\Users\\YCHAKER\\Downloads\\visivi_data_\\gp_2024\\thumbnail_LISEA (10121)_PK230+854_V1.JPG","_pk_fmt":"230+860","_sp_url":null,"_ph_url":"data/photos/oa/0270.jpg"},"geometry":{"type":"Point","coordinates":[0.004252434893174198,45.4192858126487]}},{"id":"271","type":"Feature","properties":{"fid":272.0,"ID_TEC_T_G":312.0,"CODE_OBJET":"OAL04-03000","LIBELLE":"PRO 0823","LIBELLE_LO":"PRO 0823 - RD 138","AXE":"LGV","VOIE":1.0,"PK_DEB":82350.0,"PK_FIN":null,"CODE_FAMIL":"OA","LIBELLE_FA":"Ouvrage d’Art","INSEE":"86115","COMMUNE":"JAUNAY-CLAN","DEPARTEMEN":"VIENNE","voie_":"LGV1","_ph_path":"C:\\Users\\YCHAKER\\Downloads\\visivi_data_\\gp_2024\\thumbnail_LISEA (03776)_PK82+347_V1.JPG","_pk_fmt":"82+350","_sp_url":null,"_ph_url":"data/photos/oa/0271.jpg"},"geometry":{"type":"Point","coordinates":[0.36506677644565927,46.695074017773486]}},{"id":"272","type":"Feature","properties":{"fid":273.0,"ID_TEC_T_G":313.0,"CODE_OBJET":"OAL05-01100","LIBELLE":"PRO 0918","LIBELLE_LO":"PRO 0918 - CR La Garde","AXE":"LGV","VOIE":1.0,"PK_DEB":91840.0,"PK_FIN":null,"CODE_FAMIL":"OA","LIBELLE_FA":"Ouvrage d’Art","INSEE":"86194","COMMUNE":"POITIERS","DEPARTEMEN":"VIENNE","voie_":"LGV1","_ph_path":"C:\\Users\\YCHAKER\\Downloads\\visivi_data_\\gp_2024\\thumbnail_LISEA (04324)_PK91+852_V1.JPG","_pk_fmt":"91+840","_sp_url":null,"_ph_url":"data/photos/oa/0272.jpg"},"geometry":{"type":"Point","coordinates":[0.3290933762938427,46.614727697626606]}},{"id":"273","type":"Feature","properties":{"fid":274.0,"ID_TEC_T_G":314.0,"CODE_OBJET":"OAL05-01600","LIBELLE":"PRO 0965","LIBELLE_LO":"PRO 0965 - RD 6","AXE":"LGV","VOIE":1.0,"PK_DEB":96589.0,"PK_FIN":null,"CODE_FAMIL":"OA","LIBELLE_FA":"Ouvrage d’Art","INSEE":"86027","COMMUNE":"BIARD","DEPARTEMEN":"VIENNE","voie_":"LGV1","_ph_path":"C:\\Users\\YCHAKER\\Downloads\\visivi_data_\\gp_2024\\thumbnail_LISEA (04495)_PK96+578_V2.JPG","_pk_fmt":"96+589","_sp_url":null,"_ph_url":"data/photos/oa/0273.jpg"},"geometry":{"type":"Point","coordinates":[0.2908601047843698,46.581190599505355]}},{"id":"274","type":"Feature","properties":{"fid":275.0,"ID_TEC_T_G":315.0,"CODE_OBJET":"OAL05-01900","LIBELLE":"PRO 0986","LIBELLE_LO":"PRO 0986 - RD 3D","AXE":"LGV","VOIE":1.0,"PK_DEB":98684.0,"PK_FIN":null,"CODE_FAMIL":"OA","LIBELLE_FA":"Ouvrage d’Art","INSEE":"86297","COMMUNE":"VOUNEUIL-SOUS-BIARD","DEPARTEMEN":"VIENNE","voie_":"LGV1","_ph_path":"C:\\Users\\YCHAKER\\Downloads\\visivi_data_\\gp_2024\\thumbnail_LISEA (04578)_PK98+674_V2.JPG","_pk_fmt":"98+684","_sp_url":null,"_ph_url":"data/photos/oa/0274.jpg"},"geometry":{"type":"Point","coordinates":[0.2756226945371871,46.56552824105312]}},{"id":"275","type":"Feature","properties":{"fid":276.0,"ID_TEC_T_G":316.0,"CODE_OBJET":"OAL01-01700","LIBELLE":"TRC 0040","LIBELLE_LO":"TRC 0040 - Tranchée couverte de Veigné","AXE":"LGV","VOIE":1.0,"PK_DEB":3979.0,"PK_FIN":null,"CODE_FAMIL":"OA","LIBELLE_FA":"Ouvrage d’Art","INSEE":"37266","COMMUNE":"VEIGNE","DEPARTEMEN":"INDRE-ET-LOIRE","voie_":"LGV1","_ph_path":"C:\\Users\\YCHAKER\\Downloads\\visivi_data_\\gp_2024\\thumbnail_LISEA (00318)_PK3+984_V2.JPG","_pk_fmt":"3+979","_sp_url":null,"_ph_url":"data/photos/oa/0275.jpg"},"geometry":{"type":"Point","coordinates":[0.7181625717401726,47.30888029158963]}},{"id":"276","type":"Feature","properties":{"fid":277.0,"ID_TEC_T_G":317.0,"CODE_OBJET":"OAL15-03400","LIBELLE":"PRO AL0 3011","LIBELLE_LO":"PRO AL0 3011 - René Coty + VF BP","AXE":"AL1","VOIE":1.0,"PK_DEB":301086.0,"PK_FIN":null,"CODE_FAMIL":"OA","LIBELLE_FA":"Ouvrage d’Art","INSEE":"33003","COMMUNE":"AMBARES-ET-LAGRAVE","DEPARTEMEN":"GIRONDE","voie_":"AL11","_ph_path":"C:\\Users\\YCHAKER\\Downloads\\visivi_data_\\gp_2024\\thumbnail_LISEA (12797)_PK301+075_V1.JPG","_pk_fmt":"301+086","_sp_url":null,"_ph_url":"data/photos/oa/0276.jpg"},"geometry":{"type":"Point","coordinates":[-0.49525502165242535,44.92927000687969]}},{"id":"277","type":"Feature","properties":{"fid":278.0,"ID_TEC_T_G":336.0,"CODE_OBJET":"OAL01-01400","LIBELLE":"PRA MS0 0036","LIBELLE_LO":"PRA MS0 0036 - Saut de mouton 2 de Sorigny","AXE":"MS1","VOIE":1.0,"PK_DEB":3573.0,"PK_FIN":null,"CODE_FAMIL":"OA","LIBELLE_FA":"Ouvrage d’Art","INSEE":"37250","COMMUNE":"SORIGNY","DEPARTEMEN":"INDRE-ET-LOIRE","voie_":"MS11","_ph_path":"C:\\Users\\YCHAKER\\Downloads\\visivi_data_\\gp_2024\\thumbnail_LISEA (00930)_PK4+0_RMS1.JPG","_pk_fmt":"3+573","_sp_url":null,"_ph_url":"data/photos/oa/0277.jpg"},"geometry":{"type":"Point","coordinates":[0.658345466767883,47.225340690631754]}},{"id":"278","type":"Feature","properties":{"fid":279.0,"ID_TEC_T_G":337.0,"CODE_OBJET":"OAL02-01300","LIBELLE":"PRO 0289","LIBELLE_LO":"PRO 0289 - RD 760","AXE":"LGV","VOIE":1.0,"PK_DEB":28982.0,"PK_FIN":null,"CODE_FAMIL":"OA","LIBELLE_FA":"Ouvrage d’Art","INSEE":"37247","COMMUNE":"SEPMES","DEPARTEMEN":"INDRE-ET-LOIRE","voie_":"LGV1","_ph_path":"C:\\Users\\YCHAKER\\Downloads\\visivi_data_\\gp_2024\\thumbnail_LISEA (01485)_PK28+974_V2.JPG","_pk_fmt":"28+982","_sp_url":null,"_ph_url":"data/photos/oa/0278.jpg"},"geometry":{"type":"Point","coordinates":[0.6703723027304352,47.10184819595326]}},{"id":"279","type":"Feature","properties":{"fid":280.0,"ID_TEC_T_G":338.0,"CODE_OBJET":"OAL12-04800","LIBELLE":"PRA 2270","LIBELLE_LO":"PRA 2270 - La Grande Eau","AXE":"LGV","VOIE":1.0,"PK_DEB":227091.0,"PK_FIN":null,"CODE_FAMIL":"OA","LIBELLE_FA":"Ouvrage d’Art","INSEE":"16046","COMMUNE":"BLANZAC-PORCHERESSE","DEPARTEMEN":"CHARENTE","voie_":"LGV1","_ph_path":"C:\\Users\\YCHAKER\\Downloads\\visivi_data_\\gp_2024\\thumbnail_LISEA (09981)_PK227+095_V1.JPG","_pk_fmt":"227+091","_sp_url":null,"_ph_url":"data/photos/oa/0279.jpg"},"geometry":{"type":"Point","coordinates":[0.02598525312332133,45.44958613764326]}},{"id":"280","type":"Feature","properties":{"fid":281.0,"ID_TEC_T_G":339.0,"CODE_OBJET":"OAL12-05200","LIBELLE":"PRO HL 2294-1","LIBELLE_LO":"PRO HL 2294-1 - Le Journaud","AXE":"LGV","VOIE":1.0,"PK_DEB":229482.0,"PK_FIN":null,"CODE_FAMIL":"OA","LIBELLE_FA":"Ouvrage d’Art","INSEE":"16115","COMMUNE":"CRESSAC-SAINT-GENIS","DEPARTEMEN":"CHARENTE","voie_":"LGV1","_ph_path":"C:\\Users\\YCHAKER\\Downloads\\visivi_data_\\gp_2024\\thumbnail_LISEA (10070)_PK229+49_V2.JPG","_pk_fmt":"229+482","_sp_url":null,"_ph_url":"data/photos/oa/0280.jpg"},"geometry":{"type":"Point","coordinates":[0.013189769599728082,45.430045696780866]}},{"id":"281","type":"Feature","properties":{"fid":282.0,"ID_TEC_T_G":340.0,"CODE_OBJET":"OAL02-01900","LIBELLE":"PRO 0348","LIBELLE_LO":"PRO 0348 - RD 910(RN 10)","AXE":"LGV","VOIE":1.0,"PK_DEB":34836.0,"PK_FIN":null,"CODE_FAMIL":"OA","LIBELLE_FA":"Ouvrage d’Art","INSEE":"37142","COMMUNE":"MAILLE","DEPARTEMEN":"INDRE-ET-LOIRE","voie_":"LGV1","_ph_path":"C:\\Users\\YCHAKER\\Downloads\\visivi_data_\\gp_2024\\thumbnail_LISEA (01722)_PK34+832_V1.JPG","_pk_fmt":"34+836","_sp_url":null,"_ph_url":"data/photos/oa/0281.jpg"},"geometry":{"type":"Point","coordinates":[0.6148064644016117,47.06594815613203]}},{"id":"282","type":"Feature","properties":{"fid":283.0,"ID_TEC_T_G":341.0,"CODE_OBJET":"OAL02-00900","LIBELLE":"PRA 0265","LIBELLE_LO":"PRA 0265 - La Crosneraie 1","AXE":"LGV","VOIE":1.0,"PK_DEB":26525.0,"PK_FIN":null,"CODE_FAMIL":"OA","LIBELLE_FA":"Ouvrage d’Art","INSEE":"37226","COMMUNE":"SAINTE-MAURE-DE-TOURAINE","DEPARTEMEN":"INDRE-ET-LOIRE","voie_":"LGV1","_ph_path":"C:\\Users\\YCHAKER\\Downloads\\visivi_data_\\gp_2024\\thumbnail_LISEA (01387)_PK26+532_V2.JPG","_pk_fmt":"26+525","_sp_url":null,"_ph_url":"data/photos/oa/0282.jpg"},"geometry":{"type":"Point","coordinates":[0.6806628847797931,47.122699623235036]}},{"id":"283","type":"Feature","properties":{"fid":284.0,"ID_TEC_T_G":342.0,"CODE_OBJET":"OAL05-00400","LIBELLE":"PRA FS2 0009","LIBELLE_LO":"PRA FS2 0009 - Accès délaissés","AXE":"FS2","VOIE":2.0,"PK_DEB":944.0,"PK_FIN":null,"CODE_FAMIL":"OA","LIBELLE_FA":"Ouvrage d’Art","INSEE":"86100","COMMUNE":"FONTAINE-LE-COMTE","DEPARTEMEN":"VIENNE","voie_":"FS22","_ph_path":"C:\\Users\\YCHAKER\\Downloads\\visivi_data_\\gp_2024\\thumbnail_LISEA (04938)_PK0+823_RFS1.JPG","_pk_fmt":"0+944","_sp_url":null,"_ph_url":"data/photos/oa/0283.jpg"},"geometry":{"type":"Point","coordinates":[0.2369739251496525,46.51113540737371]}},{"id":"284","type":"Feature","properties":{"fid":285.0,"ID_TEC_T_G":343.0,"CODE_OBJET":"OAL12-01100","LIBELLE":"PRA CE2 0033","LIBELLE_LO":"PRA CE2 0033 - AGR","AXE":"CE2","VOIE":2.0,"PK_DEB":3392.0,"PK_FIN":null,"CODE_FAMIL":"OA","LIBELLE_FA":"Ouvrage d’Art","INSEE":"16287","COMMUNE":"ROULLET-SAINT-ESTEPHE","DEPARTEMEN":"CHARENTE","voie_":"CE22","_ph_path":"C:\\Users\\YCHAKER\\Downloads\\visivi_data_\\gp_2024\\thumbnail_LISEA (09399)_PK3+678_RCO2.JPG","_pk_fmt":"3+392","_sp_url":null,"_ph_url":"data/photos/oa/0284.jpg"},"geometry":{"type":"Point","coordinates":[0.0675386272804973,45.57898763895538]}},{"id":"285","type":"Feature","properties":{"fid":286.0,"ID_TEC_T_G":344.0,"CODE_OBJET":"OAL01-03100","LIBELLE":"PRO 0115","LIBELLE_LO":"PRO 0115 - Bret. Sud Echangeur de Sorigny","AXE":"LGV","VOIE":1.0,"PK_DEB":11567.0,"PK_FIN":null,"CODE_FAMIL":"OA","LIBELLE_FA":"Ouvrage d’Art","INSEE":"37250","COMMUNE":"SORIGNY","DEPARTEMEN":"INDRE-ET-LOIRE","voie_":"LGV1","_ph_path":"C:\\Users\\YCHAKER\\Downloads\\visivi_data_\\gp_2024\\thumbnail_LISEA (00611)_PK11+583_V1.JPG","_pk_fmt":"11+567","_sp_url":null,"_ph_url":"data/photos/oa/0285.jpg"},"geometry":{"type":"Point","coordinates":[0.6661542003795313,47.253759589786654]}},{"id":"286","type":"Feature","properties":{"fid":287.0,"ID_TEC_T_G":345.0,"CODE_OBJET":"OAL09-00200","LIBELLE":"PRA JU2 0012","LIBELLE_LO":"PRA JU2 0012 - OH le Chalançon 2","AXE":"JU2","VOIE":2.0,"PK_DEB":1149.0,"PK_FIN":null,"CODE_FAMIL":"OA","LIBELLE_FA":"Ouvrage d’Art","INSEE":"16196","COMMUNE":"LUXE","DEPARTEMEN":"CHARENTE","voie_":"JU22","_ph_path":"C:\\Users\\YCHAKER\\Downloads\\visivi_data_\\gp_2024\\thumbnail_LISEA (07540)_PK1+143_RJ2.JPG","_pk_fmt":"1+149","_sp_url":null,"_ph_url":"data/photos/oa/0286.jpg"},"geometry":{"type":"Point","coordinates":[0.1253416378564457,45.91444688051891]}},{"id":"287","type":"Feature","properties":{"fid":288.0,"ID_TEC_T_G":346.0,"CODE_OBJET":"OAL14-00300","LIBELLE":"PRA 2525","LIBELLE_LO":"PRA 2525 - Martron","AXE":"LGV","VOIE":1.0,"PK_DEB":252475.0,"PK_FIN":null,"CODE_FAMIL":"OA","LIBELLE_FA":"Ouvrage d’Art","INSEE":"17054","COMMUNE":"BORESSE-ET-MARTRON","DEPARTEMEN":"CHARENTE-MARITIME","voie_":"LGV1","_ph_path":"C:\\Users\\YCHAKER\\Downloads\\visivi_data_\\gp_2024\\thumbnail_LISEA (10947)_PK252+489_V1.JPG","_pk_fmt":"252+475","_sp_url":null,"_ph_url":"data/photos/oa/0287.jpg"},"geometry":{"type":"Point","coordinates":[-0.12867413430036936,45.25670767399589]}},{"id":"288","type":"Feature","properties":{"fid":289.0,"ID_TEC_T_G":347.0,"CODE_OBJET":"OAL04-00800","LIBELLE":"PRA MA0 0029","LIBELLE_LO":"PRA MA0 0029 - VF + VC La Rivardiere","AXE":"MA1","VOIE":1.0,"PK_DEB":2997.0,"PK_FIN":null,"CODE_FAMIL":"OA","LIBELLE_FA":"Ouvrage d’Art","INSEE":"86158","COMMUNE":"MIGNE-AUXANCES","DEPARTEMEN":"VIENNE","voie_":"MA11","_ph_path":"C:\\Users\\YCHAKER\\Downloads\\visivi_data_\\gp_2024\\thumbnail_LISEA (04037)_PK2+985_RMA1.JPG","_pk_fmt":"2+997","_sp_url":null,"_ph_url":"data/photos/oa/0288.jpg"},"geometry":{"type":"Point","coordinates":[0.3491532367447445,46.63473952092318]}},{"id":"289","type":"Feature","properties":{"fid":290.0,"ID_TEC_T_G":348.0,"CODE_OBJET":"OAL12-00400","LIBELLE":"SDM CE1 0009","LIBELLE_LO":"SDM CE1 0009 - Saut de mouton de la Couronne","AXE":"CE1","VOIE":1.0,"PK_DEB":915.0,"PK_FIN":null,"CODE_FAMIL":"OA","LIBELLE_FA":"Ouvrage d’Art","INSEE":"16113","COMMUNE":"LA COURONNE","DEPARTEMEN":"CHARENTE","voie_":"CE11","_ph_path":"C:\\Users\\YCHAKER\\Downloads\\visivi_data_\\gp_2024\\thumbnail_LISEA (09295)_PK0+918_RCO2.JPG","_pk_fmt":"0+915","_sp_url":null,"_ph_url":"data/photos/oa/0289.jpg"},"geometry":{"type":"Point","coordinates":[0.09586170651427586,45.5934054424688]}},{"id":"290","type":"Feature","properties":{"fid":291.0,"ID_TEC_T_G":349.0,"CODE_OBJET":"OAL01-00500","LIBELLE":"PRO 0015","LIBELLE_LO":"PRO 0015 - RD 37","AXE":"LGV","VOIE":1.0,"PK_DEB":1520.0,"PK_FIN":null,"CODE_FAMIL":"OA","LIBELLE_FA":"Ouvrage d’Art","INSEE":"37050","COMMUNE":"CHAMBRAY-LES-TOURS","DEPARTEMEN":"INDRE-ET-LOIRE","voie_":"LGV1","_ph_path":"C:\\Users\\YCHAKER\\Downloads\\visivi_data_\\gp_2024\\thumbnail_LISEA (00224)_PK1+511_V1.JPG","_pk_fmt":"1+520","_sp_url":null,"_ph_url":"data/photos/oa/0290.jpg"},"geometry":{"type":"Point","coordinates":[0.737722967918857,47.32652325177409]}},{"id":"291","type":"Feature","properties":{"fid":292.0,"ID_TEC_T_G":350.0,"CODE_OBJET":"OAL01-03600","LIBELLE":"SDM 0152","LIBELLE_LO":"SDM 0152 - Saut de mouton 1 de Sorigny","AXE":"LGV","VOIE":1.0,"PK_DEB":15158.0,"PK_FIN":null,"CODE_FAMIL":"OA","LIBELLE_FA":"Ouvrage d’Art","INSEE":"37250","COMMUNE":"SORIGNY","DEPARTEMEN":"INDRE-ET-LOIRE","voie_":"LGV1","_ph_path":"C:\\Users\\YCHAKER\\Downloads\\visivi_data_\\gp_2024\\thumbnail_LISEA (00944)_PK4+425_RMS1.JPG","_pk_fmt":"15+158","_sp_url":null,"_ph_url":"data/photos/oa/0291.jpg"},"geometry":{"type":"Point","coordinates":[0.6597945719525626,47.2217976413144]}},{"id":"292","type":"Feature","properties":{"fid":293.0,"ID_TEC_T_G":351.0,"CODE_OBJET":"OAL01-05600","LIBELLE":"PSO MS2 0019","LIBELLE_LO":"PSO MS2 0019 - Passage piéton","AXE":"MS2","VOIE":2.0,"PK_DEB":1930.0,"PK_FIN":null,"CODE_FAMIL":"OA","LIBELLE_FA":"Ouvrage d’Art","INSEE":"37159","COMMUNE":"MONTS","DEPARTEMEN":"INDRE-ET-LOIRE","voie_":"MS22","_ph_path":"C:\\Users\\YCHAKER\\Downloads\\visivi_data_\\gp_2024\\thumbnail_LISEA (00851)_PK1+938_RMS1.JPG","_pk_fmt":"1+930","_sp_url":null,"_ph_url":"data/photos/oa/0292.jpg"},"geometry":{"type":"Point","coordinates":[0.6455895646727278,47.24175123762785]}},{"id":"293","type":"Feature","properties":{"fid":294.0,"ID_TEC_T_G":352.0,"CODE_OBJET":"OAL01-01100","LIBELLE":"PRO HL 0025-2","LIBELLE_LO":"PRO HL 0025-2 - Rui. La Fontaine","AXE":"LGV","VOIE":2.0,"PK_DEB":2525.0,"PK_FIN":null,"CODE_FAMIL":"OA","LIBELLE_FA":"Ouvrage d’Art","INSEE":"37050","COMMUNE":"CHAMBRAY-LES-TOURS","DEPARTEMEN":"INDRE-ET-LOIRE","voie_":"LGV2","_ph_path":"C:\\Users\\YCHAKER\\Downloads\\visivi_data_\\gp_2024\\thumbnail_LISEA (00263)_PK2+532_V2.JPG","_pk_fmt":"2+525","_sp_url":null,"_ph_url":"data/photos/oa/0293.jpg"},"geometry":{"type":"Point","coordinates":[0.7307215306442645,47.31882273145062]}},{"id":"294","type":"Feature","properties":{"fid":295.0,"ID_TEC_T_G":353.0,"CODE_OBJET":"OAL01-02500","LIBELLE":"PRO 0089","LIBELLE_LO":"PRO 0089 - CR 100","AXE":"LGV","VOIE":1.0,"PK_DEB":8974.0,"PK_FIN":null,"CODE_FAMIL":"OA","LIBELLE_FA":"Ouvrage d’Art","INSEE":"37154","COMMUNE":"MONTBAZON","DEPARTEMEN":"INDRE-ET-LOIRE","voie_":"LGV1","_ph_path":"C:\\Users\\YCHAKER\\Downloads\\visivi_data_\\gp_2024\\thumbnail_LISEA (00509)_PK8+963_V2.JPG","_pk_fmt":"8+974","_sp_url":null,"_ph_url":"data/photos/oa/0294.jpg"},"geometry":{"type":"Point","coordinates":[0.6777816664522442,47.275611813414606]}},{"id":"295","type":"Feature","properties":{"fid":296.0,"ID_TEC_T_G":354.0,"CODE_OBJET":"OAL02-02100","LIBELLE":"PRA 0369","LIBELLE_LO":"PRA 0369 - RD 91","AXE":"LGV","VOIE":1.0,"PK_DEB":36971.0,"PK_FIN":null,"CODE_FAMIL":"OA","LIBELLE_FA":"Ouvrage d’Art","INSEE":"37142","COMMUNE":"MAILLE","DEPARTEMEN":"INDRE-ET-LOIRE","voie_":"LGV1","_ph_path":"C:\\Users\\YCHAKER\\Downloads\\visivi_data_\\gp_2024\\thumbnail_LISEA (01809)_PK3+426_RCA2.JPG","_pk_fmt":"36+971","_sp_url":null,"_ph_url":"data/photos/oa/0295.jpg"},"geometry":{"type":"Point","coordinates":[0.5952649046374705,47.05211002987337]}},{"id":"296","type":"Feature","properties":{"fid":297.0,"ID_TEC_T_G":355.0,"CODE_OBJET":"OAL02-02900","LIBELLE":"VIA 0418","LIBELLE_LO":"VIA 0418 - Viaduc de la Vienne","AXE":"LGV","VOIE":1.0,"PK_DEB":41768.0,"PK_FIN":null,"CODE_FAMIL":"OA","LIBELLE_FA":"Ouvrage d’Art","INSEE":"37174","COMMUNE":"NOUATRE","DEPARTEMEN":"INDRE-ET-LOIRE","voie_":"LGV1","_ph_path":"C:\\Users\\YCHAKER\\Downloads\\visivi_data_\\gp_2024\\thumbnail_LISEA (02187)_PK41+778_V1.JPG","_pk_fmt":"41+768","_sp_url":null,"_ph_url":"data/photos/oa/0296.jpg"},"geometry":{"type":"Point","coordinates":[0.5626977611073671,47.01564049857994]}},{"id":"297","type":"Feature","properties":{"fid":298.0,"ID_TEC_T_G":356.0,"CODE_OBJET":"OAL13-00600","LIBELLE":"PRA 2337","LIBELLE_LO":"PRA 2337 - La Gorre","AXE":"LGV","VOIE":1.0,"PK_DEB":233706.0,"PK_FIN":null,"CODE_FAMIL":"OA","LIBELLE_FA":"Ouvrage d’Art","INSEE":"16267","COMMUNE":"POULLIGNAC","DEPARTEMEN":"CHARENTE","voie_":"LGV1","_ph_path":"C:\\Users\\YCHAKER\\Downloads\\visivi_data_\\gp_2024\\thumbnail_LISEA (10230)_PK233+717_V1.JPG","_pk_fmt":"233+706","_sp_url":null,"_ph_url":"data/photos/oa/0297.jpg"},"geometry":{"type":"Point","coordinates":[-0.013557015833163143,45.396940012598925]}},{"id":"298","type":"Feature","properties":{"fid":299.0,"ID_TEC_T_G":357.0,"CODE_OBJET":"OAL15-02000","LIBELLE":"PRA 2955","LIBELLE_LO":"PRA 2955 - Estey Verdun","AXE":"LGV","VOIE":1.0,"PK_DEB":295486.0,"PK_FIN":null,"CODE_FAMIL":"OA","LIBELLE_FA":"Ouvrage d’Art","INSEE":"33143","COMMUNE":"CUBZAC-LES-PONTS","DEPARTEMEN":"GIRONDE","voie_":"LGV1","_ph_path":"C:\\Users\\YCHAKER\\Downloads\\visivi_data_\\gp_2024\\thumbnail_LISEA (12577)_PK295+488_V1.JPG","_pk_fmt":"295+486","_sp_url":null,"_ph_url":"data/photos/oa/0298.jpg"},"geometry":{"type":"Point","coordinates":[-0.44238822014074886,44.960941871649545]}},{"id":"299","type":"Feature","properties":{"fid":300.0,"ID_TEC_T_G":358.0,"CODE_OBJET":"OAL06-01000","LIBELLE":"VIA 1158","LIBELLE_LO":"VIA 1158 - Viaduc de la Vonne","AXE":"LGV","VOIE":1.0,"PK_DEB":115771.0,"PK_FIN":null,"CODE_FAMIL":"OA","LIBELLE_FA":"Ouvrage d’Art","INSEE":"86147","COMMUNE":"MARIGNY-CHEMEREAU","DEPARTEMEN":"VIENNE","voie_":"LGV1","_ph_path":"C:\\Users\\YCHAKER\\Downloads\\visivi_data_\\gp_2024\\thumbnail_LISEA (05404)_PK115+772_V2.JPG","_pk_fmt":"115+771","_sp_url":null,"_ph_url":"data/photos/oa/0299.jpg"},"geometry":{"type":"Point","coordinates":[0.2062764287204635,46.42242065061908]}},{"id":"300","type":"Feature","properties":{"fid":301.0,"ID_TEC_T_G":359.0,"CODE_OBJET":"OAL07-01600","LIBELLE":"PRO 1355","LIBELLE_LO":"PRO 1355 - RD 99","AXE":"LGV","VOIE":1.0,"PK_DEB":135530.0,"PK_FIN":null,"CODE_FAMIL":"OA","LIBELLE_FA":"Ouvrage d’Art","INSEE":"86039","COMMUNE":"BRUX","DEPARTEMEN":"VIENNE","voie_":"LGV1","_ph_path":"C:\\Users\\YCHAKER\\Downloads\\visivi_data_\\gp_2024\\thumbnail_LISEA (06150)_PK135+516_V2.JPG","_pk_fmt":"135+530","_sp_url":null,"_ph_url":"data/photos/oa/0300.jpg"},"geometry":{"type":"Point","coordinates":[0.14029039085626496,46.25540137566297]}},{"id":"301","type":"Feature","properties":{"fid":302.0,"ID_TEC_T_G":360.0,"CODE_OBJET":"OAL07-01800","LIBELLE":"PRA 1367","LIBELLE_LO":"PRA 1367 -  Bonvent","AXE":"LGV","VOIE":1.0,"PK_DEB":136668.0,"PK_FIN":null,"CODE_FAMIL":"OA","LIBELLE_FA":"Ouvrage d’Art","INSEE":"86039","COMMUNE":"BRUX","DEPARTEMEN":"VIENNE","voie_":"LGV1","_ph_path":"C:\\Users\\YCHAKER\\Downloads\\visivi_data_\\gp_2024\\thumbnail_LISEA (06190)_PK136+662_V1.JPG","_pk_fmt":"136+668","_sp_url":null,"_ph_url":"data/photos/oa/0301.jpg"},"geometry":{"type":"Point","coordinates":[0.14165162864766576,46.245200064127765]}},{"id":"302","type":"Feature","properties":{"fid":303.0,"ID_TEC_T_G":361.0,"CODE_OBJET":"OAL09-00900","LIBELLE":"PRO 1677","LIBELLE_LO":"PRO 1677 - RD 736 + RANDO","AXE":"LGV","VOIE":1.0,"PK_DEB":167686.0,"PK_FIN":null,"CODE_FAMIL":"OA","LIBELLE_FA":"Ouvrage d’Art","INSEE":"16083","COMMUNE":"CHARME","DEPARTEMEN":"CHARENTE","voie_":"LGV1","_ph_path":"C:\\Users\\YCHAKER\\Downloads\\visivi_data_\\gp_2024\\thumbnail_LISEA (07329)_PK167+696_V1.JPG","_pk_fmt":"167+686","_sp_url":null,"_ph_url":"data/photos/oa/0302.jpg"},"geometry":{"type":"Point","coordinates":[0.12249455576969334,45.96688199279227]}},{"id":"303","type":"Feature","properties":{"fid":304.0,"ID_TEC_T_G":362.0,"CODE_OBJET":"OAL09-01300","LIBELLE":"PRA 1703","LIBELLE_LO":"PRA 1703 - OH Le Puymarteau","AXE":"LGV","VOIE":1.0,"PK_DEB":170262.0,"PK_FIN":null,"CODE_FAMIL":"OA","LIBELLE_FA":"Ouvrage d’Art","INSEE":"16083","COMMUNE":"CHARME","DEPARTEMEN":"CHARENTE","voie_":"LGV1","_ph_path":"C:\\Users\\YCHAKER\\Downloads\\visivi_data_\\gp_2024\\thumbnail_LISEA (07421)_PK170+27_V2.JPG","_pk_fmt":"170+262","_sp_url":null,"_ph_url":"data/photos/oa/0303.jpg"},"geometry":{"type":"Point","coordinates":[0.12469953110869,45.94373363280782]}},{"id":"304","type":"Feature","properties":{"fid":305.0,"ID_TEC_T_G":363.0,"CODE_OBJET":"OAL09-01900","LIBELLE":"PRA 1734","LIBELLE_LO":"PRA 1734 - CR Pont Double + RANDO + OH","AXE":"LGV","VOIE":1.0,"PK_DEB":173416.0,"PK_FIN":null,"CODE_FAMIL":"OA","LIBELLE_FA":"Ouvrage d’Art","INSEE":"16196","COMMUNE":"LUXE","DEPARTEMEN":"CHARENTE","voie_":"LGV1","_ph_path":"C:\\Users\\YCHAKER\\Downloads\\visivi_data_\\gp_2024\\thumbnail_LISEA (07615)_PK173+418_V1.JPG","_pk_fmt":"173+416","_sp_url":null,"_ph_url":"data/photos/oa/0304.jpg"},"geometry":{"type":"Point","coordinates":[0.12745434239405717,45.91539261537565]}},{"id":"305","type":"Feature","properties":{"fid":306.0,"ID_TEC_T_G":364.0,"CODE_OBJET":"OAL14-04900","LIBELLE":"PRO 2808","LIBELLE_LO":"PRO 2808 - VC 3","AXE":"LGV","VOIE":1.0,"PK_DEB":280763.0,"PK_FIN":null,"CODE_FAMIL":"OA","LIBELLE_FA":"Ouvrage d’Art","INSEE":"33114","COMMUNE":"CAVIGNAC","DEPARTEMEN":"GIRONDE","voie_":"LGV1","_ph_path":"C:\\Users\\YCHAKER\\Downloads\\visivi_data_\\gp_2024\\thumbnail_LISEA (12002)_PK280+754_V1.JPG","_pk_fmt":"280+763","_sp_url":null,"_ph_url":"data/photos/oa/0305.jpg"},"geometry":{"type":"Point","coordinates":[-0.377024964969577,45.083503223018994]}},{"id":"306","type":"Feature","properties":{"fid":307.0,"ID_TEC_T_G":365.0,"CODE_OBJET":"OAL15-00100","LIBELLE":"PRA 2818","LIBELLE_LO":"PRA 2818 - Le Créon / Fontgerveau","AXE":"LGV","VOIE":1.0,"PK_DEB":281830.0,"PK_FIN":null,"CODE_FAMIL":"OA","LIBELLE_FA":"Ouvrage d’Art","INSEE":"33272","COMMUNE":"MARSAS","DEPARTEMEN":"GIRONDE","voie_":"LGV1","_ph_path":"C:\\Users\\YCHAKER\\Downloads\\visivi_data_\\gp_2024\\thumbnail_LISEA (12042)_PK281+839_V1.JPG","_pk_fmt":"281+830","_sp_url":null,"_ph_url":"data/photos/oa/0306.jpg"},"geometry":{"type":"Point","coordinates":[-0.38421829924241424,45.07536189773505]}},{"id":"307","type":"Feature","properties":{"fid":308.0,"ID_TEC_T_G":366.0,"CODE_OBJET":"OAL15-01200","LIBELLE":"PRO 2914","LIBELLE_LO":"PRO 2914 - RD 1510","AXE":"LGV","VOIE":1.0,"PK_DEB":291415.0,"PK_FIN":null,"CODE_FAMIL":"OA","LIBELLE_FA":"Ouvrage d’Art","INSEE":"33366","COMMUNE":"SAINT-ANDRE-DE-CUBZAC","DEPARTEMEN":"GIRONDE","voie_":"LGV1","_ph_path":"C:\\Users\\YCHAKER\\Downloads\\visivi_data_\\gp_2024\\thumbnail_LISEA (12405)_PK291+405_V1.JPG","_pk_fmt":"291+415","_sp_url":null,"_ph_url":"data/photos/oa/0307.jpg"},"geometry":{"type":"Point","coordinates":[-0.42617961681585886,44.99498315657368]}},{"id":"308","type":"Feature","properties":{"fid":309.0,"ID_TEC_T_G":367.0,"CODE_OBJET":"OAL09-02200","LIBELLE":"PRA 1763","LIBELLE_LO":"PRA 1763 - VC118 + RANDO","AXE":"LGV","VOIE":1.0,"PK_DEB":176266.0,"PK_FIN":null,"CODE_FAMIL":"OA","LIBELLE_FA":"Ouvrage d’Art","INSEE":"16196","COMMUNE":"LUXE","DEPARTEMEN":"CHARENTE","voie_":"LGV1","_ph_path":"C:\\Users\\YCHAKER\\Downloads\\visivi_data_\\gp_2024\\thumbnail_LISEA (07725)_PK176+265_V1.JPG","_pk_fmt":"176+266","_sp_url":null,"_ph_url":"data/photos/oa/0308.jpg"},"geometry":{"type":"Point","coordinates":[0.12666050595085832,45.889842735240805]}},{"id":"309","type":"Feature","properties":{"fid":310.0,"ID_TEC_T_G":368.0,"CODE_OBJET":"OAL12-04500","LIBELLE":"PRO 2246","LIBELLE_LO":"PRO 2246 - VC 210","AXE":"LGV","VOIE":1.0,"PK_DEB":224659.0,"PK_FIN":null,"CODE_FAMIL":"OA","LIBELLE_FA":"Ouvrage d’Art","INSEE":"16258","COMMUNE":"PERIGNAC","DEPARTEMEN":"CHARENTE","voie_":"LGV1","_ph_path":"C:\\Users\\YCHAKER\\Downloads\\visivi_data_\\gp_2024\\thumbnail_LISEA (09878)_PK224+66_V1.JPG","_pk_fmt":"224+659","_sp_url":null,"_ph_url":"data/photos/oa/0309.jpg"},"geometry":{"type":"Point","coordinates":[0.04058475803193319,45.468910995030924]}},{"id":"310","type":"Feature","properties":{"fid":311.0,"ID_TEC_T_G":369.0,"CODE_OBJET":"OAL11-02200","LIBELLE":"PRA 2005","LIBELLE_LO":"PRA 2005 - Future RN 141","AXE":"LGV","VOIE":1.0,"PK_DEB":200512.0,"PK_FIN":null,"CODE_FAMIL":"OA","LIBELLE_FA":"Ouvrage d’Art","INSEE":"16138","COMMUNE":"FLEAC","DEPARTEMEN":"CHARENTE","voie_":"LGV1","_ph_path":"C:\\Users\\YCHAKER\\Downloads\\visivi_data_\\gp_2024\\thumbnail_LISEA (08796)_PK200+513_V2.JPG","_pk_fmt":"200+512","_sp_url":null,"_ph_url":"data/photos/oa/0310.jpg"},"geometry":{"type":"Point","coordinates":[0.07379269121257402,45.683012295015956]}},{"id":"311","type":"Feature","properties":{"fid":312.0,"ID_TEC_T_G":370.0,"CODE_OBJET":"OAL04-02900","LIBELLE":"PRO 0821","LIBELLE_LO":"PRO 0821 - RD 169","AXE":"LGV","VOIE":1.0,"PK_DEB":82167.0,"PK_FIN":null,"CODE_FAMIL":"OA","LIBELLE_FA":"Ouvrage d’Art","INSEE":"86115","COMMUNE":"JAUNAY-CLAN","DEPARTEMEN":"VIENNE","voie_":"LGV1","_ph_path":"C:\\Users\\YCHAKER\\Downloads\\visivi_data_\\gp_2024\\thumbnail_LISEA (03768)_PK82+157_V1.JPG","_pk_fmt":"82+167","_sp_url":null,"_ph_url":"data/photos/oa/0311.jpg"},"geometry":{"type":"Point","coordinates":[0.3659149263634843,46.69661516527126]}},{"id":"312","type":"Feature","properties":{"fid":313.0,"ID_TEC_T_G":371.0,"CODE_OBJET":"OAL04-02000","LIBELLE":"PRA 0773","LIBELLE_LO":"PRA 0773 - Belloir","AXE":"LGV","VOIE":1.0,"PK_DEB":77383.0,"PK_FIN":null,"CODE_FAMIL":"OA","LIBELLE_FA":"Ouvrage d’Art","INSEE":"86146","COMMUNE":"MARIGNY-BRIZAY","DEPARTEMEN":"VIENNE","voie_":"LGV1","_ph_path":"C:\\Users\\YCHAKER\\Downloads\\visivi_data_\\gp_2024\\thumbnail_LISEA (03585)_PK77+382_V2.JPG","_pk_fmt":"77+383","_sp_url":null,"_ph_url":"data/photos/oa/0312.jpg"},"geometry":{"type":"Point","coordinates":[0.3906514347654958,46.736143090221695]}},{"id":"313","type":"Feature","properties":{"fid":314.0,"ID_TEC_T_G":372.0,"CODE_OBJET":"OAL02-02200","LIBELLE":"PRA 0373","LIBELLE_LO":"PRA 0373 - rivière Reveillon","AXE":"LGV","VOIE":1.0,"PK_DEB":37390.0,"PK_FIN":null,"CODE_FAMIL":"OA","LIBELLE_FA":"Ouvrage d’Art","INSEE":"37142","COMMUNE":"MAILLE","DEPARTEMEN":"INDRE-ET-LOIRE","voie_":"LGV1","_ph_path":"C:\\Users\\YCHAKER\\Downloads\\visivi_data_\\gp_2024\\thumbnail_LISEA (02026)_PK37+392_V1.JPG","_pk_fmt":"37+390","_sp_url":null,"_ph_url":"data/photos/oa/0313.jpg"},"geometry":{"type":"Point","coordinates":[0.5916258505405111,47.04930746543713]}},{"id":"314","type":"Feature","properties":{"fid":315.0,"ID_TEC_T_G":373.0,"CODE_OBJET":"OAL03-01100","LIBELLE":"PRO 0543","LIBELLE_LO":"PRO 0543 - PGF","AXE":"LGV","VOIE":1.0,"PK_DEB":54353.0,"PK_FIN":null,"CODE_FAMIL":"OA","LIBELLE_FA":"Ouvrage d’Art","INSEE":"86162","COMMUNE":"MONDION","DEPARTEMEN":"VIENNE","voie_":"LGV1","_ph_path":"C:\\Users\\YCHAKER\\Downloads\\visivi_data_\\gp_2024\\thumbnail_LISEA (02689)_PK54+365_V2.JPG","_pk_fmt":"54+353","_sp_url":null,"_ph_url":"data/photos/oa/0314.jpg"},"geometry":{"type":"Point","coordinates":[0.45434259764986124,46.932821527970276]}},{"id":"315","type":"Feature","properties":{"fid":316.0,"ID_TEC_T_G":374.0,"CODE_OBJET":"OAL12-02800","LIBELLE":"PRA 2154","LIBELLE_LO":"PRA 2154 - RD 103","AXE":"LGV","VOIE":1.0,"PK_DEB":215473.0,"PK_FIN":null,"CODE_FAMIL":"OA","LIBELLE_FA":"Ouvrage d’Art","INSEE":"16101","COMMUNE":"CLAIX","DEPARTEMEN":"CHARENTE","voie_":"LGV1","_ph_path":"C:\\Users\\YCHAKER\\Downloads\\visivi_data_\\gp_2024\\thumbnail_LISEA (09529)_PK215+472_V2.JPG","_pk_fmt":"215+473","_sp_url":null,"_ph_url":"data/photos/oa/0315.jpg"},"geometry":{"type":"Point","coordinates":[0.06183911951544019,45.548947662422414]}},{"id":"316","type":"Feature","properties":{"fid":317.0,"ID_TEC_T_G":375.0,"CODE_OBJET":"OAL01-01900","LIBELLE":"PRA 0046","LIBELLE_LO":"PRA 0046 - VF Tours Vierzon","AXE":"LGV","VOIE":1.0,"PK_DEB":4597.0,"PK_FIN":null,"CODE_FAMIL":"OA","LIBELLE_FA":"Ouvrage d’Art","INSEE":"37266","COMMUNE":"VEIGNE","DEPARTEMEN":"INDRE-ET-LOIRE","voie_":"LGV1","_ph_path":"C:\\Users\\YCHAKER\\Downloads\\visivi_data_\\gp_2024\\thumbnail_LISEA (00340)_PK4+586_V2.JPG","_pk_fmt":"4+597","_sp_url":null,"_ph_url":"data/photos/oa/0316.jpg"},"geometry":{"type":"Point","coordinates":[0.7113663172848735,47.30601339212205]}},{"id":"317","type":"Feature","properties":{"fid":318.0,"ID_TEC_T_G":376.0,"CODE_OBJET":"OAL13-00300","LIBELLE":"PRO 2322","LIBELLE_LO":"PRO 2322 - PGF","AXE":"LGV","VOIE":1.0,"PK_DEB":232300.0,"PK_FIN":null,"CODE_FAMIL":"OA","LIBELLE_FA":"Ouvrage d’Art","INSEE":"16118","COMMUNE":"DEVIAT","DEPARTEMEN":"CHARENTE","voie_":"LGV1","_ph_path":"C:\\Users\\YCHAKER\\Downloads\\visivi_data_\\gp_2024\\thumbnail_LISEA (10174)_PK232+309_V1.JPG","_pk_fmt":"232+300","_sp_url":null,"_ph_url":"data/photos/oa/0317.jpg"},"geometry":{"type":"Point","coordinates":[-0.004762440978108911,45.40798610147663]}},{"id":"318","type":"Feature","properties":{"fid":319.0,"ID_TEC_T_G":377.0,"CODE_OBJET":"OAL01-01600","LIBELLE":"TOU 0044 (1)","LIBELLE_LO":"TOU 0044 (1) - Tranchée ouverte de Veigné","AXE":"LGV","VOIE":1.0,"PK_DEB":3716.0,"PK_FIN":null,"CODE_FAMIL":"OA","LIBELLE_FA":"Ouvrage d’Art","INSEE":"37266","COMMUNE":"VEIGNE","DEPARTEMEN":"INDRE-ET-LOIRE","voie_":"LGV1","_ph_path":"C:\\Users\\YCHAKER\\Downloads\\visivi_data_\\gp_2024\\thumbnail_LISEA (00309)_PK3+702_V2.JPG","_pk_fmt":"3+716","_sp_url":null,"_ph_url":"data/photos/oa/0318.jpg"},"geometry":{"type":"Point","coordinates":[0.7210358594670104,47.31048399968735]}},{"id":"319","type":"Feature","properties":{"fid":320.0,"ID_TEC_T_G":378.0,"CODE_OBJET":"OAL11-00400","LIBELLE":"PRA 1854","LIBELLE_LO":"PRA 1854 - CR St Amant","AXE":"LGV","VOIE":1.0,"PK_DEB":185486.0,"PK_FIN":null,"CODE_FAMIL":"OA","LIBELLE_FA":"Ouvrage d’Art","INSEE":"16419","COMMUNE":"VOUHARTE","DEPARTEMEN":"CHARENTE","voie_":"LGV1","_ph_path":"C:\\Users\\YCHAKER\\Downloads\\visivi_data_\\gp_2024\\thumbnail_LISEA (08203)_PK185+476_V1.JPG","_pk_fmt":"185+486","_sp_url":null,"_ph_url":"data/photos/oa/0319.jpg"},"geometry":{"type":"Point","coordinates":[0.09385429073124879,45.8101651359408]}},{"id":"320","type":"Feature","properties":{"fid":321.0,"ID_TEC_T_G":379.0,"CODE_OBJET":"OAL15-03300","LIBELLE":"EST AL0 3005","LIBELLE_LO":"EST AL0 3005 - Estacade d'Ambares","AXE":"AL1","VOIE":1.0,"PK_DEB":300381.0,"PK_FIN":null,"CODE_FAMIL":"OA","LIBELLE_FA":"Ouvrage d’Art","INSEE":"33003","COMMUNE":"AMBARES-ET-LAGRAVE","DEPARTEMEN":"GIRONDE","voie_":"AL11","_ph_path":"C:\\Users\\YCHAKER\\Downloads\\visivi_data_\\gp_2024\\thumbnail_LISEA (12771)_PK300+39_V2.JPG","_pk_fmt":"300+381","_sp_url":null,"_ph_url":"data/photos/oa/0320.jpg"},"geometry":{"type":"Point","coordinates":[-0.4868744398196808,44.9317344792397]}},{"id":"321","type":"Feature","properties":{"fid":322.0,"ID_TEC_T_G":380.0,"CODE_OBJET":"OAL13-02200","LIBELLE":"PRO 2429","LIBELLE_LO":"PRO 2429 - VC3","AXE":"LGV","VOIE":1.0,"PK_DEB":242977.0,"PK_FIN":null,"CODE_FAMIL":"OA","LIBELLE_FA":"Ouvrage d’Art","INSEE":"16066","COMMUNE":"BROSSAC","DEPARTEMEN":"CHARENTE","voie_":"LGV1","_ph_path":"C:\\Users\\YCHAKER\\Downloads\\visivi_data_\\gp_2024\\thumbnail_LISEA (10580)_PK242+977_V1.JPG","_pk_fmt":"242+977","_sp_url":null,"_ph_url":"data/photos/oa/0321.jpg"},"geometry":{"type":"Point","coordinates":[-0.044135869525692435,45.31758386089077]}},{"id":"322","type":"Feature","properties":{"fid":323.0,"ID_TEC_T_G":381.0,"CODE_OBJET":"OAL10-01000","LIBELLE":"SDM 1815","LIBELLE_LO":"SDM 1815 - Saut de Mouton de Villognon","AXE":"LGV","VOIE":1.0,"PK_DEB":181499.0,"PK_FIN":null,"CODE_FAMIL":"OA","LIBELLE_FA":"Ouvrage d’Art","INSEE":"16414","COMMUNE":"VILLOGNON","DEPARTEMEN":"CHARENTE","voie_":"LGV1","_ph_path":"C:\\Users\\YCHAKER\\Downloads\\visivi_data_\\gp_2024\\thumbnail_LISEA (08054)_PK181+498_V1.JPG","_pk_fmt":"181+499","_sp_url":null,"_ph_url":"data/photos/oa/0322.jpg"},"geometry":{"type":"Point","coordinates":[0.1055727451408284,45.8451131571177]}},{"id":"323","type":"Feature","properties":{"fid":324.0,"ID_TEC_T_G":382.0,"CODE_OBJET":"OAL11-00700","LIBELLE":"OHD 1893","LIBELLE_LO":"OHD 1893 - OHD Charente Médiane","AXE":"LGV","VOIE":1.0,"PK_DEB":189279.0,"PK_FIN":null,"CODE_FAMIL":"OA","LIBELLE_FA":"Ouvrage d’Art","INSEE":"16419","COMMUNE":"VOUHARTE","DEPARTEMEN":"CHARENTE","voie_":"LGV1","_ph_path":"C:\\Users\\YCHAKER\\Downloads\\visivi_data_\\gp_2024\\thumbnail_LISEA (08348)_PK189+283_V1.JPG","_pk_fmt":"189+279","_sp_url":null,"_ph_url":"data/photos/oa/0323.jpg"},"geometry":{"type":"Point","coordinates":[0.0709653571606199,45.78041490509648]}},{"id":"324","type":"Feature","properties":{"fid":325.0,"ID_TEC_T_G":383.0,"CODE_OBJET":"OAL11-00800","LIBELLE":"VIA 1896","LIBELLE_LO":"VIA 1896 - Viaduc Charente Mediane","AXE":"LGV","VOIE":1.0,"PK_DEB":189636.0,"PK_FIN":null,"CODE_FAMIL":"OA","LIBELLE_FA":"Ouvrage d’Art","INSEE":"16320","COMMUNE":"SAINT-GENIS-D'HIERSAC","DEPARTEMEN":"CHARENTE","voie_":"LGV1","_ph_path":"C:\\Users\\YCHAKER\\Downloads\\visivi_data_\\gp_2024\\thumbnail_LISEA (08360)_PK189+648_V2.JPG","_pk_fmt":"189+636","_sp_url":null,"_ph_url":"data/photos/oa/0324.jpg"},"geometry":{"type":"Point","coordinates":[0.0683937694175643,45.777754232988585]}},{"id":"325","type":"Feature","properties":{"fid":326.0,"ID_TEC_T_G":384.0,"CODE_OBJET":"OAL12-03400","LIBELLE":"PRA 2196","LIBELLE_LO":"PRA 2196 - L'Ecly","AXE":"LGV","VOIE":1.0,"PK_DEB":219691.0,"PK_FIN":null,"CODE_FAMIL":"OA","LIBELLE_FA":"Ouvrage d’Art","INSEE":"16075","COMMUNE":"CHAMPAGNE-VIGNY","DEPARTEMEN":"CHARENTE","voie_":"LGV1","_ph_path":"C:\\Users\\YCHAKER\\Downloads\\visivi_data_\\gp_2024\\thumbnail_LISEA (09687)_PK219+676_V2.JPG","_pk_fmt":"219+691","_sp_url":null,"_ph_url":"data/photos/oa/0325.jpg"},"geometry":{"type":"Point","coordinates":[0.05378792283006282,45.511684101667335]}},{"id":"326","type":"Feature","properties":{"fid":327.0,"ID_TEC_T_G":385.0,"CODE_OBJET":"OAL13-03300","LIBELLE":"VIA 2507","LIBELLE_LO":"VIA 2507 - Viaduc du Palais","AXE":"LGV","VOIE":1.0,"PK_DEB":250731.0,"PK_FIN":null,"CODE_FAMIL":"OA","LIBELLE_FA":"Ouvrage d’Art","INSEE":"17054","COMMUNE":"BORESSE-ET-MARTRON","DEPARTEMEN":"CHARENTE-MARITIME","voie_":"LGV1","_ph_path":"C:\\Users\\YCHAKER\\Downloads\\visivi_data_\\gp_2024\\thumbnail_LISEA (10880)_PK250+722_V1.JPG","_pk_fmt":"250+731","_sp_url":null,"_ph_url":"data/photos/oa/0326.jpg"},"geometry":{"type":"Point","coordinates":[-0.11342118636547309,45.26808917529699]}},{"id":"327","type":"Feature","properties":{"fid":328.0,"ID_TEC_T_G":386.0,"CODE_OBJET":"OAL14-00200","LIBELLE":"PRO 2522","LIBELLE_LO":"PRO 2522 - AGR","AXE":"LGV","VOIE":1.0,"PK_DEB":252225.0,"PK_FIN":null,"CODE_FAMIL":"OA","LIBELLE_FA":"Ouvrage d’Art","INSEE":"17054","COMMUNE":"BORESSE-ET-MARTRON","DEPARTEMEN":"CHARENTE-MARITIME","voie_":"LGV1","_ph_path":"C:\\Users\\YCHAKER\\Downloads\\visivi_data_\\gp_2024\\thumbnail_LISEA (10938)_PK252+234_V1.JPG","_pk_fmt":"252+225","_sp_url":null,"_ph_url":"data/photos/oa/0327.jpg"},"geometry":{"type":"Point","coordinates":[-0.12675651828449347,45.258505264129454]}},{"id":"328","type":"Feature","properties":{"fid":329.0,"ID_TEC_T_G":318.0,"CODE_OBJET":"OAL05-00800","LIBELLE":"PRO 0902","LIBELLE_LO":"PRO 0902 - VC 10 - Rue des Cosses","AXE":"LGV","VOIE":1.0,"PK_DEB":90250.0,"PK_FIN":null,"CODE_FAMIL":"OA","LIBELLE_FA":"Ouvrage d’Art","INSEE":"86158","COMMUNE":"MIGNE-AUXANCES","DEPARTEMEN":"VIENNE","voie_":"LGV1","_ph_path":"C:\\Users\\YCHAKER\\Downloads\\visivi_data_\\gp_2024\\thumbnail_LISEA (04271)_PK90+262_V1.JPG","_pk_fmt":"90+250","_sp_url":null,"_ph_url":"data/photos/oa/0328.jpg"},"geometry":{"type":"Point","coordinates":[0.3410905217286055,46.62638980496583]}},{"id":"329","type":"Feature","properties":{"fid":330.0,"ID_TEC_T_G":319.0,"CODE_OBJET":"OAL11-01300","LIBELLE":"PRO 1922","LIBELLE_LO":"PRO 1922 - VC6 + rando","AXE":"LGV","VOIE":1.0,"PK_DEB":192236.0,"PK_FIN":null,"CODE_FAMIL":"OA","LIBELLE_FA":"Ouvrage d’Art","INSEE":"16320","COMMUNE":"SAINT-GENIS-D'HIERSAC","DEPARTEMEN":"CHARENTE","voie_":"LGV1","_ph_path":"C:\\Users\\YCHAKER\\Downloads\\visivi_data_\\gp_2024\\thumbnail_LISEA (08451)_PK192+24_V1.JPG","_pk_fmt":"192+236","_sp_url":null,"_ph_url":"data/photos/oa/0329.jpg"},"geometry":{"type":"Point","coordinates":[0.05637053231251158,45.756083551144826]}},{"id":"330","type":"Feature","properties":{"fid":331.0,"ID_TEC_T_G":320.0,"CODE_OBJET":"OAL11-02300","LIBELLE":"PRA 2008","LIBELLE_LO":"PRA 2008 - Ancienne RN 141","AXE":"LGV","VOIE":1.0,"PK_DEB":200818.0,"PK_FIN":null,"CODE_FAMIL":"OA","LIBELLE_FA":"Ouvrage d’Art","INSEE":"16138","COMMUNE":"FLEAC","DEPARTEMEN":"CHARENTE","voie_":"LGV1","_ph_path":"C:\\Users\\YCHAKER\\Downloads\\visivi_data_\\gp_2024\\thumbnail_LISEA (08808)_PK200+819_V1.JPG","_pk_fmt":"200+818","_sp_url":null,"_ph_url":"data/photos/oa/0330.jpg"},"geometry":{"type":"Point","coordinates":[0.07438913977904481,45.68029713334438]}},{"id":"331","type":"Feature","properties":{"fid":332.0,"ID_TEC_T_G":321.0,"CODE_OBJET":"OAL01-01500","LIBELLE":"PRO 0037","LIBELLE_LO":"PRO 0037 - VC11","AXE":"LGV","VOIE":1.0,"PK_DEB":3657.0,"PK_FIN":null,"CODE_FAMIL":"OA","LIBELLE_FA":"Ouvrage d’Art","INSEE":"37266","COMMUNE":"VEIGNE","DEPARTEMEN":"INDRE-ET-LOIRE","voie_":"LGV1","_ph_path":"C:\\Users\\YCHAKER\\Downloads\\visivi_data_\\gp_2024\\thumbnail_LISEA (00308)_PK3+671_V2.JPG","_pk_fmt":"3+657","_sp_url":null,"_ph_url":"data/photos/oa/0331.jpg"},"geometry":{"type":"Point","coordinates":[0.7215790473303985,47.31080146868213]}},{"id":"332","type":"Feature","properties":{"fid":333.0,"ID_TEC_T_G":322.0,"CODE_OBJET":"OAL15-00700","LIBELLE":"PAS 2891","LIBELLE_LO":"PAS 2891 - Passerelle de St-Antoine","AXE":"LGV","VOIE":1.0,"PK_DEB":289076.0,"PK_FIN":null,"CODE_FAMIL":"OA","LIBELLE_FA":"Ouvrage d’Art","INSEE":"33371","COMMUNE":"SAINT-ANTOINE","DEPARTEMEN":"GIRONDE","voie_":"LGV1","_ph_path":"C:\\Users\\YCHAKER\\Downloads\\visivi_data_\\gp_2024\\thumbnail_LISEA (12318)_PK289+091_V1.JPG","_pk_fmt":"289+076","_sp_url":null,"_ph_url":"data/photos/oa/0332.jpg"},"geometry":{"type":"Point","coordinates":[-0.4194443097764583,45.01527318736848]}},{"id":"333","type":"Feature","properties":{"fid":334.0,"ID_TEC_T_G":323.0,"CODE_OBJET":"OAL15-01500","LIBELLE":"PRO 2922","LIBELLE_LO":"PRO 2922 - Bretelle A 10 40b","AXE":"LGV","VOIE":1.0,"PK_DEB":292280.0,"PK_FIN":null,"CODE_FAMIL":"OA","LIBELLE_FA":"Ouvrage d’Art","INSEE":"33366","COMMUNE":"SAINT-ANDRE-DE-CUBZAC","DEPARTEMEN":"GIRONDE","voie_":"LGV1","_ph_path":"C:\\Users\\YCHAKER\\Downloads\\visivi_data_\\gp_2024\\thumbnail_LISEA (12438)_PK292+277_V2.JPG","_pk_fmt":"292+280","_sp_url":null,"_ph_url":"data/photos/oa/0333.jpg"},"geometry":{"type":"Point","coordinates":[-0.42665226880475,44.98714182145134]}},{"id":"334","type":"Feature","properties":{"fid":335.0,"ID_TEC_T_G":324.0,"CODE_OBJET":"OAL03-00300","LIBELLE":"PRA 0438+2","LIBELLE_LO":"PRA 0438+2 -  La Veude","AXE":"LGV","VOIE":1.0,"PK_DEB":43826.0,"PK_FIN":null,"CODE_FAMIL":"OA","LIBELLE_FA":"Ouvrage d’Art","INSEE":"37187","COMMUNE":"PORTS","DEPARTEMEN":"INDRE-ET-LOIRE","voie_":"LGV1","_ph_path":"C:\\Users\\YCHAKER\\Downloads\\visivi_data_\\gp_2024\\thumbnail_LISEA (02269)_PK43+829_V1.JPG","_pk_fmt":"43+826","_sp_url":null,"_ph_url":"data/photos/oa/0334.jpg"},"geometry":{"type":"Point","coordinates":[0.5498773395829192,46.999389125022105]}},{"id":"335","type":"Feature","properties":{"fid":336.0,"ID_TEC_T_G":325.0,"CODE_OBJET":"OAL03-00600","LIBELLE":"PRO 0462","LIBELLE_LO":"PRO 0462 - VC 5","AXE":"LGV","VOIE":1.0,"PK_DEB":46222.0,"PK_FIN":null,"CODE_FAMIL":"OA","LIBELLE_FA":"Ouvrage d’Art","INSEE":"37190","COMMUNE":"PUSSIGNY","DEPARTEMEN":"INDRE-ET-LOIRE","voie_":"LGV1","_ph_path":"C:\\Users\\YCHAKER\\Downloads\\visivi_data_\\gp_2024\\thumbnail_LISEA (02366)_PK46+226_V1.JPG","_pk_fmt":"46+222","_sp_url":null,"_ph_url":"data/photos/oa/0335.jpg"},"geometry":{"type":"Point","coordinates":[0.5279791532364709,46.98390310105437]}},{"id":"336","type":"Feature","properties":{"fid":337.0,"ID_TEC_T_G":326.0,"CODE_OBJET":"OAL03-00700","LIBELLE":"PRO 0479","LIBELLE_LO":"PRO 0479 - RD 20","AXE":"LGV","VOIE":1.0,"PK_DEB":47924.0,"PK_FIN":null,"CODE_FAMIL":"OA","LIBELLE_FA":"Ouvrage d’Art","INSEE":"37005","COMMUNE":"ANTOGNY-LE-TILLAC","DEPARTEMEN":"INDRE-ET-LOIRE","voie_":"LGV1","_ph_path":"C:\\Users\\YCHAKER\\Downloads\\visivi_data_\\gp_2024\\thumbnail_LISEA (02435)_PK47+919_V2.JPG","_pk_fmt":"47+924","_sp_url":null,"_ph_url":"data/photos/oa/0336.jpg"},"geometry":{"type":"Point","coordinates":[0.5096859227079859,46.975100274821045]}},{"id":"337","type":"Feature","properties":{"fid":338.0,"ID_TEC_T_G":327.0,"CODE_OBJET":"OAL03-01300","LIBELLE":"PRO 0563","LIBELLE_LO":"PRO 0563 - RD 749","AXE":"LGV","VOIE":1.0,"PK_DEB":56397.0,"PK_FIN":null,"CODE_FAMIL":"OA","LIBELLE_FA":"Ouvrage d’Art","INSEE":"86224","COMMUNE":"ST-GERVAIS-LES-TROIS-CLOCHERS","DEPARTEMEN":"VIENNE","voie_":"LGV1","_ph_path":"C:\\Users\\YCHAKER\\Downloads\\visivi_data_\\gp_2024\\thumbnail_LISEA (02769)_PK56+394_V1.JPG","_pk_fmt":"56+397","_sp_url":null,"_ph_url":"data/photos/oa/0337.jpg"},"geometry":{"type":"Point","coordinates":[0.4424007675734554,46.91639227284536]}},{"id":"338","type":"Feature","properties":{"fid":339.0,"ID_TEC_T_G":328.0,"CODE_OBJET":"OAL03-01600","LIBELLE":"PRA 0593","LIBELLE_LO":"PRA 0593 - Ru de Font Benette","AXE":"LGV","VOIE":1.0,"PK_DEB":59374.0,"PK_FIN":null,"CODE_FAMIL":"OA","LIBELLE_FA":"Ouvrage d’Art","INSEE":"86224","COMMUNE":"ST-GERVAIS-LES-TROIS-CLOCHERS","DEPARTEMEN":"VIENNE","voie_":"LGV1","_ph_path":"C:\\Users\\YCHAKER\\Downloads\\visivi_data_\\gp_2024\\thumbnail_LISEA (02883)_PK59+369_V2.JPG","_pk_fmt":"59+374","_sp_url":null,"_ph_url":"data/photos/oa/0338.jpg"},"geometry":{"type":"Point","coordinates":[0.4247641326853169,46.892536008246786]}},{"id":"339","type":"Feature","properties":{"fid":340.0,"ID_TEC_T_G":329.0,"CODE_OBJET":"OAL03-01800","LIBELLE":"PRO 0610","LIBELLE_LO":"PRO 0610 - VC1","AXE":"LGV","VOIE":1.0,"PK_DEB":61092.0,"PK_FIN":null,"CODE_FAMIL":"OA","LIBELLE_FA":"Ouvrage d’Art","INSEE":"86272","COMMUNE":"THURE","DEPARTEMEN":"VIENNE","voie_":"LGV1","_ph_path":"C:\\Users\\YCHAKER\\Downloads\\visivi_data_\\gp_2024\\thumbnail_LISEA (02951)_PK61+102_V1.JPG","_pk_fmt":"61+092","_sp_url":null,"_ph_url":"data/photos/oa/0339.jpg"},"geometry":{"type":"Point","coordinates":[0.4155494322104141,46.878402841182094]}},{"id":"340","type":"Feature","properties":{"fid":341.0,"ID_TEC_T_G":330.0,"CODE_OBJET":"OAL03-02600","LIBELLE":"PRA 0668","LIBELLE_LO":"PRA 0668 - La Chinière","AXE":"LGV","VOIE":1.0,"PK_DEB":66842.0,"PK_FIN":null,"CODE_FAMIL":"OA","LIBELLE_FA":"Ouvrage d’Art","INSEE":"86221","COMMUNE":"SAINT-GENEST-D'AMBIERE","DEPARTEMEN":"VIENNE","voie_":"LGV1","_ph_path":"C:\\Users\\YCHAKER\\Downloads\\visivi_data_\\gp_2024\\thumbnail_LISEA (03174)_PK66+853_V1.JPG","_pk_fmt":"66+842","_sp_url":null,"_ph_url":"data/photos/oa/0340.jpg"},"geometry":{"type":"Point","coordinates":[0.387952861595851,46.830497387010794]}},{"id":"341","type":"Feature","properties":{"fid":342.0,"ID_TEC_T_G":331.0,"CODE_OBJET":"OAL03-02900","LIBELLE":"PRA 0687","LIBELLE_LO":"PRA 0687 - RD 725","AXE":"LGV","VOIE":1.0,"PK_DEB":68708.0,"PK_FIN":null,"CODE_FAMIL":"OA","LIBELLE_FA":"Ouvrage d’Art","INSEE":"86258","COMMUNE":"SCORBE-CLAIRVAUX","DEPARTEMEN":"VIENNE","voie_":"LGV1","_ph_path":"C:\\Users\\YCHAKER\\Downloads\\visivi_data_\\gp_2024\\thumbnail_LISEA (03244)_PK68+697_V2.JPG","_pk_fmt":"68+708","_sp_url":null,"_ph_url":"data/photos/oa/0341.jpg"},"geometry":{"type":"Point","coordinates":[0.38770878374313295,46.81371358763253]}},{"id":"342","type":"Feature","properties":{"fid":343.0,"ID_TEC_T_G":332.0,"CODE_OBJET":"OAL05-00100","LIBELLE":"PRO FS0 0001","LIBELLE_LO":"PRO FS0 0001 - VC2","AXE":"FS1","VOIE":1.0,"PK_DEB":78.0,"PK_FIN":null,"CODE_FAMIL":"OA","LIBELLE_FA":"Ouvrage d’Art","INSEE":"86100","COMMUNE":"FONTAINE-LE-COMTE","DEPARTEMEN":"VIENNE","voie_":"FS11","_ph_path":"C:\\Users\\YCHAKER\\Downloads\\visivi_data_\\gp_2024\\thumbnail_LISEA (04915)_PK0+181_RFS2.JPG","_pk_fmt":"0+078","_sp_url":null,"_ph_url":"data/photos/oa/0342.jpg"},"geometry":{"type":"Point","coordinates":[0.2457148468848394,46.51441748296581]}},{"id":"343","type":"Feature","properties":{"fid":344.0,"ID_TEC_T_G":333.0,"CODE_OBJET":"OAL05-00500","LIBELLE":"SDM FS2 0012","LIBELLE_LO":"SDM FS2 0012 - Saut de mouton 4 de Fontaine le Comt","AXE":"FS2","VOIE":2.0,"PK_DEB":1237.0,"PK_FIN":null,"CODE_FAMIL":"OA","LIBELLE_FA":"Ouvrage d’Art","INSEE":"86100","COMMUNE":"FONTAINE-LE-COMTE","DEPARTEMEN":"VIENNE","voie_":"FS22","_ph_path":"C:\\Users\\YCHAKER\\Downloads\\visivi_data_\\gp_2024\\thumbnail_LISEA (04948)_PK1+089_RFS1.JPG","_pk_fmt":"1+237","_sp_url":null,"_ph_url":"data/photos/oa/0343.jpg"},"geometry":{"type":"Point","coordinates":[0.23426778654034383,46.5094106462682]}},{"id":"344","type":"Feature","properties":{"fid":345.0,"ID_TEC_T_G":334.0,"CODE_OBJET":"OAL05-00700","LIBELLE":"PRA 0892","LIBELLE_LO":"PRA 0892 - VF + VC La Rivardiere","AXE":"LGV","VOIE":1.0,"PK_DEB":89226.0,"PK_FIN":null,"CODE_FAMIL":"OA","LIBELLE_FA":"Ouvrage d’Art","INSEE":"86158","COMMUNE":"MIGNE-AUXANCES","DEPARTEMEN":"VIENNE","voie_":"LGV1","_ph_path":"C:\\Users\\YCHAKER\\Downloads\\visivi_data_\\gp_2024\\thumbnail_LISEA (04232)_PK89+229_V2.JPG","_pk_fmt":"89+226","_sp_url":null,"_ph_url":"data/photos/oa/0344.jpg"},"geometry":{"type":"Point","coordinates":[0.3466417742655279,46.634768870043445]}},{"id":"345","type":"Feature","properties":{"fid":346.0,"ID_TEC_T_G":335.0,"CODE_OBJET":"OAL02-02600","LIBELLE":"PRA 0397","LIBELLE_LO":"PRA 0397 - RD 109+ VF","AXE":"LGV","VOIE":1.0,"PK_DEB":39737.0,"PK_FIN":null,"CODE_FAMIL":"OA","LIBELLE_FA":"Ouvrage d’Art","INSEE":"37142","COMMUNE":"MAILLE","DEPARTEMEN":"INDRE-ET-LOIRE","voie_":"LGV1","_ph_path":"C:\\Users\\YCHAKER\\Downloads\\visivi_data_\\gp_2024\\thumbnail_LISEA (02114)_PK39+739_V2.JPG","_pk_fmt":"39+737","_sp_url":null,"_ph_url":"data/photos/oa/0345.jpg"},"geometry":{"type":"Point","coordinates":[0.5733045523613125,47.03242437270623]}},{"id":"346","type":"Feature","properties":{"fid":347.0,"ID_TEC_T_G":260.0,"CODE_OBJET":"OAL13-00800","LIBELLE":"PRO 2356","LIBELLE_LO":"PRO 2356 - RD 130","AXE":"LGV","VOIE":1.0,"PK_DEB":235626.0,"PK_FIN":null,"CODE_FAMIL":"OA","LIBELLE_FA":"Ouvrage d’Art","INSEE":"16354","COMMUNE":"SAINTE-SOULINE","DEPARTEMEN":"CHARENTE","voie_":"LGV1","_ph_path":"C:\\Users\\YCHAKER\\Downloads\\visivi_data_\\gp_2024\\thumbnail_LISEA (10305)_PK235+627_V1.JPG","_pk_fmt":"235+626","_sp_url":null,"_ph_url":"data/photos/oa/0346.jpg"},"geometry":{"type":"Point","coordinates":[-0.022337216338981933,45.38084702421853]}},{"id":"347","type":"Feature","properties":{"fid":348.0,"ID_TEC_T_G":261.0,"CODE_OBJET":"OAL13-00900","LIBELLE":"PRA 2357","LIBELLE_LO":"PRA 2357 - CR5 + AGR + rando","AXE":"LGV","VOIE":1.0,"PK_DEB":235722.0,"PK_FIN":null,"CODE_FAMIL":"OA","LIBELLE_FA":"Ouvrage d’Art","INSEE":"16354","COMMUNE":"SAINTE-SOULINE","DEPARTEMEN":"CHARENTE","voie_":"LGV1","_ph_path":"C:\\Users\\YCHAKER\\Downloads\\visivi_data_\\gp_2024\\thumbnail_LISEA (10308)_PK235+719_V1.JPG","_pk_fmt":"235+722","_sp_url":null,"_ph_url":"data/photos/oa/0347.jpg"},"geometry":{"type":"Point","coordinates":[-0.022668266938297526,45.38001010912415]}},{"id":"348","type":"Feature","properties":{"fid":349.0,"ID_TEC_T_G":262.0,"CODE_OBJET":"OAL13-01000","LIBELLE":"PRO 2370","LIBELLE_LO":"PRO 2370 - RD 142","AXE":"LGV","VOIE":1.0,"PK_DEB":236996.0,"PK_FIN":null,"CODE_FAMIL":"OA","LIBELLE_FA":"Ouvrage d’Art","INSEE":"16354","COMMUNE":"SAINTE-SOULINE","DEPARTEMEN":"CHARENTE","voie_":"LGV1","_ph_path":"C:\\Users\\YCHAKER\\Downloads\\visivi_data_\\gp_2024\\thumbnail_LISEA (10360)_PK236+992_V1.JPG","_pk_fmt":"236+996","_sp_url":null,"_ph_url":"data/photos/oa/0348.jpg"},"geometry":{"type":"Point","coordinates":[-0.025320801985490037,45.36870756829533]}},{"id":"349","type":"Feature","properties":{"fid":350.0,"ID_TEC_T_G":263.0,"CODE_OBJET":"OAL13-01200","LIBELLE":"PRA 2382","LIBELLE_LO":"PRA 2382 - RD 198 + RD 7 + rando","AXE":"LGV","VOIE":1.0,"PK_DEB":238217.0,"PK_FIN":null,"CODE_FAMIL":"OA","LIBELLE_FA":"Ouvrage d’Art","INSEE":"16091","COMMUNE":"CHATIGNAC","DEPARTEMEN":"CHARENTE","voie_":"LGV1","_ph_path":"C:\\Users\\YCHAKER\\Downloads\\visivi_data_\\gp_2024\\thumbnail_LISEA (10408)_PK238+216_V1.JPG","_pk_fmt":"238+217","_sp_url":null,"_ph_url":"data/photos/oa/0349.jpg"},"geometry":{"type":"Point","coordinates":[-0.02604908624891058,45.357721835433466]}},{"id":"350","type":"Feature","properties":{"fid":351.0,"ID_TEC_T_G":264.0,"CODE_OBJET":"OAL13-01400","LIBELLE":"PRA 2393","LIBELLE_LO":"PRA 2393 - La Maury","AXE":"LGV","VOIE":1.0,"PK_DEB":239322.0,"PK_FIN":null,"CODE_FAMIL":"OA","LIBELLE_FA":"Ouvrage d’Art","INSEE":"16066","COMMUNE":"BROSSAC","DEPARTEMEN":"CHARENTE","voie_":"LGV1","_ph_path":"C:\\Users\\YCHAKER\\Downloads\\visivi_data_\\gp_2024\\thumbnail_LISEA (10449)_PK239+333_V1.JPG","_pk_fmt":"239+322","_sp_url":null,"_ph_url":"data/photos/oa/0350.jpg"},"geometry":{"type":"Point","coordinates":[-0.02694763081186577,45.347794819831776]}},{"id":"351","type":"Feature","properties":{"fid":352.0,"ID_TEC_T_G":265.0,"CODE_OBJET":"OAL13-02800","LIBELLE":"PRO 2467","LIBELLE_LO":"PRO 2467 - VC 104 + rando","AXE":"LGV","VOIE":1.0,"PK_DEB":246704.0,"PK_FIN":null,"CODE_FAMIL":"OA","LIBELLE_FA":"Ouvrage d’Art","INSEE":"16357","COMMUNE":"SAINT-VALLIER","DEPARTEMEN":"CHARENTE","voie_":"LGV1","_ph_path":"C:\\Users\\YCHAKER\\Downloads\\visivi_data_\\gp_2024\\thumbnail_LISEA (10727)_PK246+691_V1.JPG","_pk_fmt":"246+704","_sp_url":null,"_ph_url":"data/photos/oa/0351.jpg"},"geometry":{"type":"Point","coordinates":[-0.07531745863438444,45.29239931663121]}},{"id":"352","type":"Feature","properties":{"fid":353.0,"ID_TEC_T_G":266.0,"CODE_OBJET":"OAL13-02400","LIBELLE":"VIA 2449","LIBELLE_LO":"VIA 2449 - Viaduc des Lorettes Nord","AXE":"LGV","VOIE":1.0,"PK_DEB":244950.0,"PK_FIN":null,"CODE_FAMIL":"OA","LIBELLE_FA":"Ouvrage d’Art","INSEE":"16357","COMMUNE":"SAINT-VALLIER","DEPARTEMEN":"CHARENTE","voie_":"LGV1","_ph_path":"C:\\Users\\YCHAKER\\Downloads\\visivi_data_\\gp_2024\\thumbnail_LISEA (10660)_PK244+937_V1.JPG","_pk_fmt":"244+950","_sp_url":null,"_ph_url":"data/photos/oa/0352.jpg"},"geometry":{"type":"Point","coordinates":[-0.059317972375513686,45.303419655690696]}},{"id":"353","type":"Feature","properties":{"fid":354.0,"ID_TEC_T_G":267.0,"CODE_OBJET":"OAL15-01600","LIBELLE":"PRO 2931","LIBELLE_LO":"PRO 2931 - RD 137E7 + rando","AXE":"LGV","VOIE":1.0,"PK_DEB":293140.0,"PK_FIN":null,"CODE_FAMIL":"OA","LIBELLE_FA":"Ouvrage d’Art","INSEE":"33366","COMMUNE":"SAINT-ANDRE-DE-CUBZAC","DEPARTEMEN":"GIRONDE","voie_":"LGV1","_ph_path":"C:\\Users\\YCHAKER\\Downloads\\visivi_data_\\gp_2024\\thumbnail_LISEA (12472)_PK293+129_V1.JPG","_pk_fmt":"293+140","_sp_url":null,"_ph_url":"data/photos/oa/0353.jpg"},"geometry":{"type":"Point","coordinates":[-0.428821216065016,44.97963457308985]}},{"id":"354","type":"Feature","properties":{"fid":355.0,"ID_TEC_T_G":268.0,"CODE_OBJET":"OAL15-01700","LIBELLE":"PRO 2940","LIBELLE_LO":"PRO 2940 - RD 137E6 + Rando","AXE":"LGV","VOIE":1.0,"PK_DEB":293970.0,"PK_FIN":null,"CODE_FAMIL":"OA","LIBELLE_FA":"Ouvrage d’Art","INSEE":"33143","COMMUNE":"CUBZAC-LES-PONTS","DEPARTEMEN":"GIRONDE","voie_":"LGV1","_ph_path":"C:\\Users\\YCHAKER\\Downloads\\visivi_data_\\gp_2024\\thumbnail_LISEA (12507)_PK293+971_V1.JPG","_pk_fmt":"293+970","_sp_url":null,"_ph_url":"data/photos/oa/0354.jpg"},"geometry":{"type":"Point","coordinates":[-0.4328638022685156,44.97273587530603]}},{"id":"355","type":"Feature","properties":{"fid":356.0,"ID_TEC_T_G":269.0,"CODE_OBJET":"OAL15-01800","LIBELLE":"EST 2946","LIBELLE_LO":"EST 2946 - Estacade de la Falaise","AXE":"LGV","VOIE":1.0,"PK_DEB":294565.0,"PK_FIN":null,"CODE_FAMIL":"OA","LIBELLE_FA":"Ouvrage d’Art","INSEE":"33143","COMMUNE":"CUBZAC-LES-PONTS","DEPARTEMEN":"GIRONDE","voie_":"LGV1","_ph_path":"C:\\Users\\YCHAKER\\Downloads\\visivi_data_\\gp_2024\\thumbnail_LISEA (12535)_PK294+566_V1.JPG","_pk_fmt":"294+565","_sp_url":null,"_ph_url":"data/photos/oa/0355.jpg"},"geometry":{"type":"Point","coordinates":[-0.43609298393959844,44.967895755136084]}},{"id":"356","type":"Feature","properties":{"fid":357.0,"ID_TEC_T_G":270.0,"CODE_OBJET":"OAL15-02200","LIBELLE":"VIA 2963","LIBELLE_LO":"VIA 2963 - Viaduc d'accès Nord de la Dordogne","AXE":"LGV","VOIE":1.0,"PK_DEB":296330.0,"PK_FIN":null,"CODE_FAMIL":"OA","LIBELLE_FA":"Ouvrage d’Art","INSEE":"33470","COMMUNE":"SAINT-ROMAIN-LA-VIRVEE","DEPARTEMEN":"GIRONDE","voie_":"LGV1","_ph_path":"C:\\Users\\YCHAKER\\Downloads\\visivi_data_\\gp_2024\\thumbnail_LISEA (12616)_PK296+321_V1.JPG","_pk_fmt":"296+330","_sp_url":null,"_ph_url":"data/photos/oa/0356.jpg"},"geometry":{"type":"Point","coordinates":[-0.4490975669944428,44.95512625503852]}},{"id":"357","type":"Feature","properties":{"fid":358.0,"ID_TEC_T_G":271.0,"CODE_OBJET":"OAL15-02300","LIBELLE":"VIA 2969","LIBELLE_LO":"VIA 2969 - Viaduc Principal de la Dordogne","AXE":"LGV","VOIE":1.0,"PK_DEB":296902.0,"PK_FIN":null,"CODE_FAMIL":"OA","LIBELLE_FA":"Ouvrage d’Art","INSEE":"33433","COMMUNE":"SAINT-LOUBES","DEPARTEMEN":"GIRONDE","voie_":"LGV1","_ph_path":"C:\\Users\\YCHAKER\\Downloads\\visivi_data_\\gp_2024\\thumbnail_LISEA (12641)_PK296+892_V1.JPG","_pk_fmt":"296+902","_sp_url":null,"_ph_url":"data/photos/oa/0357.jpg"},"geometry":{"type":"Point","coordinates":[-0.4537581586228111,44.95107037911762]}},{"id":"358","type":"Feature","properties":{"fid":359.0,"ID_TEC_T_G":272.0,"CODE_OBJET":"OAL15-02500","LIBELLE":"PRA 2984","LIBELLE_LO":"PRA 2984 - Le Mondeau","AXE":"LGV","VOIE":1.0,"PK_DEB":298435.0,"PK_FIN":null,"CODE_FAMIL":"OA","LIBELLE_FA":"Ouvrage d’Art","INSEE":"33487","COMMUNE":"SAINT-VINCENT-DE-PAUL","DEPARTEMEN":"GIRONDE","voie_":"LGV1","_ph_path":"C:\\Users\\YCHAKER\\Downloads\\visivi_data_\\gp_2024\\thumbnail_LISEA (12704)_PK298+444_V1.JPG","_pk_fmt":"298+435","_sp_url":null,"_ph_url":"data/photos/oa/0358.jpg"},"geometry":{"type":"Point","coordinates":[-0.466032260656523,44.94036493967405]}},{"id":"359","type":"Feature","properties":{"fid":360.0,"ID_TEC_T_G":273.0,"CODE_OBJET":"OAL15-02700","LIBELLE":"PRA 2988","LIBELLE_LO":"PRA 2988 - VC 30","AXE":"LGV","VOIE":1.0,"PK_DEB":298790.0,"PK_FIN":null,"CODE_FAMIL":"OA","LIBELLE_FA":"Ouvrage d’Art","INSEE":"33003","COMMUNE":"AMBARES-ET-LAGRAVE","DEPARTEMEN":"GIRONDE","voie_":"LGV1","_ph_path":"C:\\Users\\YCHAKER\\Downloads\\visivi_data_\\gp_2024\\thumbnail_LISEA (12716)_PK298+805_V1.JPG","_pk_fmt":"298+790","_sp_url":null,"_ph_url":"data/photos/oa/0359.jpg"},"geometry":{"type":"Point","coordinates":[-0.4689078606940069,44.937901533095705]}},{"id":"360","type":"Feature","properties":{"fid":361.0,"ID_TEC_T_G":274.0,"CODE_OBJET":"OAL15-02800","LIBELLE":"PRO 2992","LIBELLE_LO":"PRO 2992 - RD 1010","AXE":"LGV","VOIE":1.0,"PK_DEB":299183.0,"PK_FIN":null,"CODE_FAMIL":"OA","LIBELLE_FA":"Ouvrage d’Art","INSEE":"33003","COMMUNE":"AMBARES-ET-LAGRAVE","DEPARTEMEN":"GIRONDE","voie_":"LGV1","_ph_path":"C:\\Users\\YCHAKER\\Downloads\\visivi_data_\\gp_2024\\thumbnail_LISEA (12729)_PK299+175_V1.JPG","_pk_fmt":"299+183","_sp_url":null,"_ph_url":"data/photos/oa/0360.jpg"},"geometry":{"type":"Point","coordinates":[-0.4727614035174781,44.93567626565048]}},{"id":"361","type":"Feature","properties":{"fid":362.0,"ID_TEC_T_G":275.0,"CODE_OBJET":"OAL15-03000","LIBELLE":"PRA AL0 2995","LIBELLE_LO":"PRA AL0 2995 - VF BN","AXE":"LGV","VOIE":1.0,"PK_DEB":299538.0,"PK_FIN":null,"CODE_FAMIL":"OA","LIBELLE_FA":"Ouvrage d’Art","INSEE":"33003","COMMUNE":"AMBARES-ET-LAGRAVE","DEPARTEMEN":"GIRONDE","voie_":"LGV1","_ph_path":"C:\\Users\\YCHAKER\\Downloads\\visivi_data_\\gp_2024\\thumbnail_LISEA (12740)_PK299+528_V1.JPG","_pk_fmt":"299+538","_sp_url":null,"_ph_url":"data/photos/oa/0361.jpg"},"geometry":{"type":"Point","coordinates":[-0.47688417548441775,44.934419876566615]}},{"id":"362","type":"Feature","properties":{"fid":363.0,"ID_TEC_T_G":276.0,"CODE_OBJET":"OAL13-02500","LIBELLE":"PRA 2454","LIBELLE_LO":"PRA 2454 - VC1","AXE":"LGV","VOIE":1.0,"PK_DEB":245449.0,"PK_FIN":null,"CODE_FAMIL":"OA","LIBELLE_FA":"Ouvrage d’Art","INSEE":"16357","COMMUNE":"SAINT-VALLIER","DEPARTEMEN":"CHARENTE","voie_":"LGV1","_ph_path":"C:\\Users\\YCHAKER\\Downloads\\visivi_data_\\gp_2024\\thumbnail_LISEA (10681)_PK245+454_V1.JPG","_pk_fmt":"245+449","_sp_url":null,"_ph_url":"data/photos/oa/0362.jpg"},"geometry":{"type":"Point","coordinates":[-0.0636018767974467,45.30009827419802]}},{"id":"363","type":"Feature","properties":{"fid":364.0,"ID_TEC_T_G":277.0,"CODE_OBJET":"OAL11-01000","LIBELLE":"PRO HL 1903-2","LIBELLE_LO":"PRO HL 1903-2 - Godinauds","AXE":"LGV","VOIE":2.0,"PK_DEB":190285.0,"PK_FIN":null,"CODE_FAMIL":"OA","LIBELLE_FA":"Ouvrage d’Art","INSEE":"16320","COMMUNE":"SAINT-GENIS-D'HIERSAC","DEPARTEMEN":"CHARENTE","voie_":"LGV2","_ph_path":"C:\\Users\\YCHAKER\\Downloads\\visivi_data_\\gp_2024\\thumbnail_LISEA (08383)_PK190+285_V2.JPG","_pk_fmt":"190+285","_sp_url":null,"_ph_url":"data/photos/oa/0363.jpg"},"geometry":{"type":"Point","coordinates":[0.06363988336661598,45.77290246495786]}},{"id":"364","type":"Feature","properties":{"fid":365.0,"ID_TEC_T_G":278.0,"CODE_OBJET":"OAL11-02800","LIBELLE":"PRO HL 2032","LIBELLE_LO":"PRO HL 2032 - La Nouère","AXE":"LGV","VOIE":2.0,"PK_DEB":203208.0,"PK_FIN":null,"CODE_FAMIL":"OA","LIBELLE_FA":"Ouvrage d’Art","INSEE":"16187","COMMUNE":"LINARS","DEPARTEMEN":"CHARENTE","voie_":"LGV2","_ph_path":"C:\\Users\\YCHAKER\\Downloads\\visivi_data_\\gp_2024\\thumbnail_LISEA (08893)_PK203+257_V1.JPG","_pk_fmt":"203+208","_sp_url":null,"_ph_url":"data/photos/oa/0364.jpg"},"geometry":{"type":"Point","coordinates":[0.0720300600467964,45.65860746435932]}},{"id":"365","type":"Feature","properties":{"fid":366.0,"ID_TEC_T_G":279.0,"CODE_OBJET":"OAL12-01000","LIBELLE":"PRO CE1 HL 0022","LIBELLE_LO":"PRO CE1 HL 0022 - La petite Boëme","AXE":"CE1","VOIE":1.0,"PK_DEB":2290.0,"PK_FIN":null,"CODE_FAMIL":"OA","LIBELLE_FA":"Ouvrage d’Art","INSEE":"16287","COMMUNE":"ROULLET-SAINT-ESTEPHE","DEPARTEMEN":"CHARENTE","voie_":"CE11","_ph_path":"C:\\Users\\YCHAKER\\Downloads\\visivi_data_\\gp_2024\\thumbnail_LISEA (09348)_PK2+277_RCO2.JPG","_pk_fmt":"2+290","_sp_url":null,"_ph_url":"data/photos/oa/0365.jpg"},"geometry":{"type":"Point","coordinates":[0.08112177997150412,45.58682664648163]}},{"id":"366","type":"Feature","properties":{"fid":367.0,"ID_TEC_T_G":280.0,"CODE_OBJET":"OAL12-04000","LIBELLE":"PRO HL 2231-1","LIBELLE_LO":"PRO HL 2231-1 - Ruisseau Fontaine Ladre","AXE":"LGV","VOIE":1.0,"PK_DEB":223144.0,"PK_FIN":null,"CODE_FAMIL":"OA","LIBELLE_FA":"Ouvrage d’Art","INSEE":"16046","COMMUNE":"BLANZAC-PORCHERESSE","DEPARTEMEN":"CHARENTE","voie_":"LGV1","_ph_path":"C:\\Users\\YCHAKER\\Downloads\\visivi_data_\\gp_2024\\thumbnail_LISEA (09822)_PK223+165_V2.JPG","_pk_fmt":"223+144","_sp_url":null,"_ph_url":"data/photos/oa/0366.jpg"},"geometry":{"type":"Point","coordinates":[0.05049143408250383,45.48065190731343]}},{"id":"367","type":"Feature","properties":{"fid":368.0,"ID_TEC_T_G":281.0,"CODE_OBJET":"OAL14-02900","LIBELLE":"PRO HL 2629-1","LIBELLE_LO":"PRO HL 2629-1 - RD 134 sur L'Espie (2)","AXE":"LGV","VOIE":1.0,"PK_DEB":262938.0,"PK_FIN":null,"CODE_FAMIL":"OA","LIBELLE_FA":"Ouvrage d’Art","INSEE":"17110","COMMUNE":"CLERAC","DEPARTEMEN":"CHARENTE-MARITIME","voie_":"LGV1","_ph_path":"C:\\Users\\YCHAKER\\Downloads\\visivi_data_\\gp_2024\\thumbnail_LISEA (11342)_PK262+947_V1.JPG","_pk_fmt":"262+938","_sp_url":null,"_ph_url":"data/photos/oa/0367.jpg"},"geometry":{"type":"Point","coordinates":[-0.21535343982321606,45.1894721417763]}},{"id":"368","type":"Feature","properties":{"fid":369.0,"ID_TEC_T_G":282.0,"CODE_OBJET":"OAL14-03300","LIBELLE":"PRO HL 2678-2","LIBELLE_LO":"PRO HL 2678-2 - RD 158 C sur Le Meudon Amont","AXE":"LGV","VOIE":2.0,"PK_DEB":267798.0,"PK_FIN":null,"CODE_FAMIL":"OA","LIBELLE_FA":"Ouvrage d’Art","INSEE":"17038","COMMUNE":"BEDENAC","DEPARTEMEN":"CHARENTE-MARITIME","voie_":"LGV2","_ph_path":"C:\\Users\\YCHAKER\\Downloads\\visivi_data_\\gp_2024\\thumbnail_LISEA (11519)_PK267+839_V2.JPG","_pk_fmt":"267+798","_sp_url":null,"_ph_url":"data/photos/oa/0368.jpg"},"geometry":{"type":"Point","coordinates":[-0.2713643615110983,45.16985991674474]}},{"id":"369","type":"Feature","properties":{"fid":370.0,"ID_TEC_T_G":283.0,"CODE_OBJET":"OAL15-02900","LIBELLE":"PRO HL 2992-1","LIBELLE_LO":"PRO HL 2992-1 - RD 1010 sur VF BP","AXE":"LGV","VOIE":1.0,"PK_DEB":299233.0,"PK_FIN":null,"CODE_FAMIL":"OA","LIBELLE_FA":"Ouvrage d’Art","INSEE":"33003","COMMUNE":"AMBARES-ET-LAGRAVE","DEPARTEMEN":"GIRONDE","voie_":"LGV1","_ph_path":"C:\\Users\\YCHAKER\\Downloads\\visivi_data_\\gp_2024\\thumbnail_LISEA (12731)_PK299+234_V1.JPG","_pk_fmt":"299+233","_sp_url":null,"_ph_url":"data/photos/oa/0369.jpg"},"geometry":{"type":"Point","coordinates":[-0.4728240984038661,44.9346747347145]}},{"id":"370","type":"Feature","properties":{"fid":371.0,"ID_TEC_T_G":284.0,"CODE_OBJET":"OAL12-05000","LIBELLE":"PRO 2282","LIBELLE_LO":"PRO 2282 - PGF + CR de Cressac","AXE":"LGV","VOIE":1.0,"PK_DEB":228212.0,"PK_FIN":null,"CODE_FAMIL":"OA","LIBELLE_FA":"Ouvrage d’Art","INSEE":"16115","COMMUNE":"CRESSAC-SAINT-GENIS","DEPARTEMEN":"CHARENTE","voie_":"LGV1","_ph_path":"C:\\Users\\YCHAKER\\Downloads\\visivi_data_\\gp_2024\\thumbnail_LISEA (10025)_PK228+208_V1.JPG","_pk_fmt":"228+212","_sp_url":null,"_ph_url":"data/photos/oa/0370.jpg"},"geometry":{"type":"Point","coordinates":[0.019524536249631234,45.44053509743053]}},{"id":"371","type":"Feature","properties":{"fid":372.0,"ID_TEC_T_G":285.0,"CODE_OBJET":"OAL03-02500","LIBELLE":"PRO 0652","LIBELLE_LO":"PRO 0652 - RD 23","AXE":"LGV","VOIE":1.0,"PK_DEB":65223.0,"PK_FIN":null,"CODE_FAMIL":"OA","LIBELLE_FA":"Ouvrage d’Art","INSEE":"86221","COMMUNE":"SAINT-GENEST-D'AMBIERE","DEPARTEMEN":"VIENNE","voie_":"LGV1","_ph_path":"C:\\Users\\YCHAKER\\Downloads\\visivi_data_\\gp_2024\\thumbnail_LISEA (03112)_PK65+237_V1.JPG","_pk_fmt":"65+223","_sp_url":null,"_ph_url":"data/photos/oa/0371.jpg"},"geometry":{"type":"Point","coordinates":[0.39279150974935295,46.84465666708819]}},{"id":"372","type":"Feature","properties":{"fid":373.0,"ID_TEC_T_G":286.0,"CODE_OBJET":"OAL15-03700","LIBELLE":"PSO AL2 3004","LIBELLE_LO":"PSO AL2 3004 - passage piéton","AXE":"AL2","VOIE":2.0,"PK_DEB":300405.0,"PK_FIN":null,"CODE_FAMIL":"OA","LIBELLE_FA":"Ouvrage d’Art","INSEE":"33003","COMMUNE":"AMBARES-ET-LAGRAVE","DEPARTEMEN":"GIRONDE","voie_":"AL22","_ph_path":"C:\\Users\\YCHAKER\\Downloads\\visivi_data_\\gp_2024\\thumbnail_LISEA (12771)_PK300+39_V2.JPG","_pk_fmt":"300+405","_sp_url":null,"_ph_url":"data/photos/oa/0372.jpg"},"geometry":{"type":"Point","coordinates":[-0.4873013734700738,44.93192907984659]}},{"id":"373","type":"Feature","properties":{"fid":374.0,"ID_TEC_T_G":287.0,"CODE_OBJET":"OAL13-02000","LIBELLE":"PRA 2424","LIBELLE_LO":"PRA 2424 - OH Fontaine de Barret","AXE":"LGV","VOIE":1.0,"PK_DEB":242500.0,"PK_FIN":null,"CODE_FAMIL":"OA","LIBELLE_FA":"Ouvrage d’Art","INSEE":"16066","COMMUNE":"BROSSAC","DEPARTEMEN":"CHARENTE","voie_":"LGV1","_ph_path":"C:\\Users\\YCHAKER\\Downloads\\visivi_data_\\gp_2024\\thumbnail_LISEA (10561)_PK242+503_V1.JPG","_pk_fmt":"242+500","_sp_url":null,"_ph_url":"data/photos/oa/0373.jpg"},"geometry":{"type":"Point","coordinates":[-0.04066223847251772,45.32112028026489]}},{"id":"374","type":"Feature","properties":{"fid":375.0,"ID_TEC_T_G":288.0,"CODE_OBJET":"OAL15-01400","LIBELLE":"PRO 2919","LIBELLE_LO":"PRO 2919 - RD 670","AXE":"LGV","VOIE":1.0,"PK_DEB":291904.0,"PK_FIN":null,"CODE_FAMIL":"OA","LIBELLE_FA":"Ouvrage d’Art","INSEE":"33366","COMMUNE":"SAINT-ANDRE-DE-CUBZAC","DEPARTEMEN":"GIRONDE","voie_":"LGV1","_ph_path":"C:\\Users\\YCHAKER\\Downloads\\visivi_data_\\gp_2024\\thumbnail_LISEA (12423)_PK291+905_V1.JPG","_pk_fmt":"291+904","_sp_url":null,"_ph_url":"data/photos/oa/0374.jpg"},"geometry":{"type":"Point","coordinates":[-0.4263766705564689,44.99057837010699]}},{"id":"375","type":"Feature","properties":{"fid":376.0,"ID_TEC_T_G":289.0,"CODE_OBJET":"OAL14-03000","LIBELLE":"PRO 2639","LIBELLE_LO":"PRO 2639 - RD 158B","AXE":"LGV","VOIE":1.0,"PK_DEB":263850.0,"PK_FIN":null,"CODE_FAMIL":"OA","LIBELLE_FA":"Ouvrage d’Art","INSEE":"17110","COMMUNE":"CLERAC","DEPARTEMEN":"CHARENTE-MARITIME","voie_":"LGV1","_ph_path":"C:\\Users\\YCHAKER\\Downloads\\visivi_data_\\gp_2024\\thumbnail_LISEA (11373)_PK263+863_V1.JPG","_pk_fmt":"263+850","_sp_url":null,"_ph_url":"data/photos/oa/0375.jpg"},"geometry":{"type":"Point","coordinates":[-0.22659498672137415,45.18706396718148]}},{"id":"376","type":"Feature","properties":{"fid":377.0,"ID_TEC_T_G":290.0,"CODE_OBJET":"OAL02-01000","LIBELLE":"PRO HL 0265-1","LIBELLE_LO":"PRO HL 0265-1 - La Crosneraie 1","AXE":"LGV","VOIE":1.0,"PK_DEB":26530.0,"PK_FIN":null,"CODE_FAMIL":"OA","LIBELLE_FA":"Ouvrage d’Art","INSEE":"37226","COMMUNE":"SAINTE-MAURE-DE-TOURAINE","DEPARTEMEN":"INDRE-ET-LOIRE","voie_":"LGV1","_ph_path":"C:\\Users\\YCHAKER\\Downloads\\visivi_data_\\gp_2024\\thumbnail_LISEA (01387)_PK26+532_V2.JPG","_pk_fmt":"26+530","_sp_url":null,"_ph_url":"data/photos/oa/0376.jpg"},"geometry":{"type":"Point","coordinates":[0.6812061626833598,47.122605340765325]}},{"id":"377","type":"Feature","properties":{"fid":378.0,"ID_TEC_T_G":291.0,"CODE_OBJET":"OAL14-03200","LIBELLE":"PRO 2666","LIBELLE_LO":"PRO 2666 - CR de Souillac + rando","AXE":"LGV","VOIE":1.0,"PK_DEB":266565.0,"PK_FIN":null,"CODE_FAMIL":"OA","LIBELLE_FA":"Ouvrage d’Art","INSEE":"17110","COMMUNE":"CLERAC","DEPARTEMEN":"CHARENTE-MARITIME","voie_":"LGV1","_ph_path":"C:\\Users\\YCHAKER\\Downloads\\visivi_data_\\gp_2024\\thumbnail_LISEA (11471)_PK266+553_V1.JPG","_pk_fmt":"266+565","_sp_url":null,"_ph_url":"data/photos/oa/0377.jpg"},"geometry":{"type":"Point","coordinates":[-0.2575491229830943,45.1762506695435]}},{"id":"378","type":"Feature","properties":{"fid":379.0,"ID_TEC_T_G":292.0,"CODE_OBJET":"OAL14-03500","LIBELLE":"PRA 2681","LIBELLE_LO":"PRA 2681 - Verdillon / La Fontaine Mazaubert","AXE":"LGV","VOIE":1.0,"PK_DEB":268084.0,"PK_FIN":null,"CODE_FAMIL":"OA","LIBELLE_FA":"Ouvrage d’Art","INSEE":"17110","COMMUNE":"CLERAC","DEPARTEMEN":"CHARENTE-MARITIME","voie_":"LGV1","_ph_path":"C:\\Users\\YCHAKER\\Downloads\\visivi_data_\\gp_2024\\thumbnail_LISEA (11528)_PK268+083_V1.JPG","_pk_fmt":"268+084","_sp_url":null,"_ph_url":"data/photos/oa/0378.jpg"},"geometry":{"type":"Point","coordinates":[-0.2721155548552784,45.16733758965654]}},{"id":"379","type":"Feature","properties":{"fid":380.0,"ID_TEC_T_G":293.0,"CODE_OBJET":"OAL14-03600","LIBELLE":"PRA 2694","LIBELLE_LO":"PRA 2694 - RD 145","AXE":"LGV","VOIE":1.0,"PK_DEB":269408.0,"PK_FIN":null,"CODE_FAMIL":"OA","LIBELLE_FA":"Ouvrage d’Art","INSEE":"17110","COMMUNE":"CLERAC","DEPARTEMEN":"CHARENTE-MARITIME","voie_":"LGV1","_ph_path":"C:\\Users\\YCHAKER\\Downloads\\visivi_data_\\gp_2024\\thumbnail_LISEA (11580)_PK269+414_V1.JPG","_pk_fmt":"269+408","_sp_url":null,"_ph_url":"data/photos/oa/0379.jpg"},"geometry":{"type":"Point","coordinates":[-0.2821707642457558,45.15776240762379]}},{"id":"380","type":"Feature","properties":{"fid":381.0,"ID_TEC_T_G":294.0,"CODE_OBJET":"OAL14-03800","LIBELLE":"PRO 2717","LIBELLE_LO":"PRO 2717 - RD 247 E1","AXE":"LGV","VOIE":1.0,"PK_DEB":271662.0,"PK_FIN":null,"CODE_FAMIL":"OA","LIBELLE_FA":"Ouvrage d’Art","INSEE":"33230","COMMUNE":"LAPOUYADE","DEPARTEMEN":"GIRONDE","voie_":"LGV1","_ph_path":"C:\\Users\\YCHAKER\\Downloads\\visivi_data_\\gp_2024\\thumbnail_LISEA (11666)_PK271+656_V1.JPG","_pk_fmt":"271+662","_sp_url":null,"_ph_url":"data/photos/oa/0380.jpg"},"geometry":{"type":"Point","coordinates":[-0.29939593657733954,45.14159764690495]}},{"id":"381","type":"Feature","properties":{"fid":382.0,"ID_TEC_T_G":295.0,"CODE_OBJET":"OAL14-03900","LIBELLE":"PRA 2730","LIBELLE_LO":"PRA 2730 - CR du Bois Noir","AXE":"LGV","VOIE":1.0,"PK_DEB":273020.0,"PK_FIN":null,"CODE_FAMIL":"OA","LIBELLE_FA":"Ouvrage d’Art","INSEE":"33230","COMMUNE":"LAPOUYADE","DEPARTEMEN":"GIRONDE","voie_":"LGV1","_ph_path":"C:\\Users\\YCHAKER\\Downloads\\visivi_data_\\gp_2024\\thumbnail_LISEA (11718)_PK273+024_V1.JPG","_pk_fmt":"273+020","_sp_url":null,"_ph_url":"data/photos/oa/0381.jpg"},"geometry":{"type":"Point","coordinates":[-0.312920872225814,45.13402170279885]}},{"id":"382","type":"Feature","properties":{"fid":383.0,"ID_TEC_T_G":296.0,"CODE_OBJET":"OAL14-04200","LIBELLE":"VIA 2749","LIBELLE_LO":"VIA 2749 - Le Meudon + PGF","AXE":"LGV","VOIE":1.0,"PK_DEB":274864.0,"PK_FIN":null,"CODE_FAMIL":"OA","LIBELLE_FA":"Ouvrage d’Art","INSEE":"33233","COMMUNE":"LARUSCADE","DEPARTEMEN":"GIRONDE","voie_":"LGV1","_ph_path":"C:\\Users\\YCHAKER\\Downloads\\visivi_data_\\gp_2024\\thumbnail_LISEA (11787)_PK274+874_V1.JPG","_pk_fmt":"274+864","_sp_url":null,"_ph_url":"data/photos/oa/0382.jpg"},"geometry":{"type":"Point","coordinates":[-0.33319156694819013,45.12566474305674]}},{"id":"383","type":"Feature","properties":{"fid":384.0,"ID_TEC_T_G":297.0,"CODE_OBJET":"OAL14-04300","LIBELLE":"PRA 2758","LIBELLE_LO":"PRA 2758 - RD 142","AXE":"LGV","VOIE":1.0,"PK_DEB":275853.0,"PK_FIN":null,"CODE_FAMIL":"OA","LIBELLE_FA":"Ouvrage d’Art","INSEE":"33233","COMMUNE":"LARUSCADE","DEPARTEMEN":"GIRONDE","voie_":"LGV1","_ph_path":"C:\\Users\\YCHAKER\\Downloads\\visivi_data_\\gp_2024\\thumbnail_LISEA (11823)_PK275+852_V1.JPG","_pk_fmt":"275+853","_sp_url":null,"_ph_url":"data/photos/oa/0383.jpg"},"geometry":{"type":"Point","coordinates":[-0.3432613810334234,45.12034998750443]}},{"id":"384","type":"Feature","properties":{"fid":385.0,"ID_TEC_T_G":298.0,"CODE_OBJET":"OAL14-04400","LIBELLE":"PRA 2770","LIBELLE_LO":"PRA 2770 - RD 22","AXE":"LGV","VOIE":1.0,"PK_DEB":277025.0,"PK_FIN":null,"CODE_FAMIL":"OA","LIBELLE_FA":"Ouvrage d’Art","INSEE":"33233","COMMUNE":"LARUSCADE","DEPARTEMEN":"GIRONDE","voie_":"LGV1","_ph_path":"C:\\Users\\YCHAKER\\Downloads\\visivi_data_\\gp_2024\\thumbnail_LISEA (11864)_PK277+023_V1.JPG","_pk_fmt":"277+025","_sp_url":null,"_ph_url":"data/photos/oa/0384.jpg"},"geometry":{"type":"Point","coordinates":[-0.35348823692341996,45.112687900433414]}},{"id":"385","type":"Feature","properties":{"fid":386.0,"ID_TEC_T_G":299.0,"CODE_OBJET":"OAL13-01500","LIBELLE":"PRO 2399","LIBELLE_LO":"PRO 2399 - RD 70 + rando","AXE":"LGV","VOIE":1.0,"PK_DEB":239960.0,"PK_FIN":null,"CODE_FAMIL":"OA","LIBELLE_FA":"Ouvrage d’Art","INSEE":"16066","COMMUNE":"BROSSAC","DEPARTEMEN":"CHARENTE","voie_":"LGV1","_ph_path":"C:\\Users\\YCHAKER\\Downloads\\visivi_data_\\gp_2024\\thumbnail_LISEA (10471)_PK239+95_V1.JPG","_pk_fmt":"239+960","_sp_url":null,"_ph_url":"data/photos/oa/0385.jpg"},"geometry":{"type":"Point","coordinates":[-0.028327617002788182,45.34213249850115]}},{"id":"386","type":"Feature","properties":{"fid":387.0,"ID_TEC_T_G":387.0,"CODE_OBJET":"OAL14-00600","LIBELLE":"PRO 2531","LIBELLE_LO":"PRO 2531 - VC 201","AXE":"LGV","VOIE":1.0,"PK_DEB":253067.0,"PK_FIN":null,"CODE_FAMIL":"OA","LIBELLE_FA":"Ouvrage d’Art","INSEE":"17260","COMMUNE":"NEUVICQ","DEPARTEMEN":"CHARENTE-MARITIME","voie_":"LGV1","_ph_path":"C:\\Users\\YCHAKER\\Downloads\\visivi_data_\\gp_2024\\thumbnail_LISEA (10969)_PK253+058_V1.JPG","_pk_fmt":"253+067","_sp_url":null,"_ph_url":"data/photos/oa/0386.jpg"},"geometry":{"type":"Point","coordinates":[-0.1327778438504469,45.252225678755515]}},{"id":"387","type":"Feature","properties":{"fid":388.0,"ID_TEC_T_G":388.0,"CODE_OBJET":"OAL01-00600","LIBELLE":"SDM MS2 0015","LIBELLE_LO":"SDM MS2 0015 - Saut de mouton de Monts","AXE":"MS2","VOIE":2.0,"PK_DEB":1590.0,"PK_FIN":null,"CODE_FAMIL":"OA","LIBELLE_FA":"Ouvrage d’Art","INSEE":"37159","COMMUNE":"MONTS","DEPARTEMEN":"INDRE-ET-LOIRE","voie_":"MS22","_ph_path":"C:\\Users\\YCHAKER\\Downloads\\visivi_data_\\gp_2024\\thumbnail_LISEA (00838)_PK1+593_RMS1.JPG","_pk_fmt":"1+590","_sp_url":null,"_ph_url":"data/photos/oa/0387.jpg"},"geometry":{"type":"Point","coordinates":[0.6449634524009624,47.244886155475136]}},{"id":"388","type":"Feature","properties":{"fid":389.0,"ID_TEC_T_G":389.0,"CODE_OBJET":"OAL07-00900","LIBELLE":"PRA 1300","LIBELLE_LO":"PRA 1300 - VC 17","AXE":"LGV","VOIE":1.0,"PK_DEB":129952.0,"PK_FIN":null,"CODE_FAMIL":"OA","LIBELLE_FA":"Ouvrage d’Art","INSEE":"79230","COMMUNE":"ROM","DEPARTEMEN":"DEUX-SEVRES","voie_":"LGV1","_ph_path":"C:\\Users\\YCHAKER\\Downloads\\visivi_data_\\gp_2024\\thumbnail_LISEA (05949)_PK129+964_V2.JPG","_pk_fmt":"129+952","_sp_url":null,"_ph_url":"data/photos/oa/0388.jpg"},"geometry":{"type":"Point","coordinates":[0.13670540381412166,46.30522597255662]}},{"id":"389","type":"Feature","properties":{"fid":390.0,"ID_TEC_T_G":390.0,"CODE_OBJET":"OAL07-01100","LIBELLE":"PRA 1309","LIBELLE_LO":"PRA 1309 - La Dive","AXE":"LGV","VOIE":1.0,"PK_DEB":130902.0,"PK_FIN":null,"CODE_FAMIL":"OA","LIBELLE_FA":"Ouvrage d’Art","INSEE":"79230","COMMUNE":"ROM","DEPARTEMEN":"DEUX-SEVRES","voie_":"LGV1","_ph_path":"C:\\Users\\YCHAKER\\Downloads\\visivi_data_\\gp_2024\\thumbnail_LISEA (05982)_PK130+9_V1.JPG","_pk_fmt":"130+902","_sp_url":null,"_ph_url":"data/photos/oa/0389.jpg"},"geometry":{"type":"Point","coordinates":[0.13493546867944062,46.2967589411638]}},{"id":"390","type":"Feature","properties":{"fid":391.0,"ID_TEC_T_G":391.0,"CODE_OBJET":"OAL04-00400","LIBELLE":"EST MA0 0012","LIBELLE_LO":"EST MA0 0012 - Estacade de la Folie","AXE":"MA1","VOIE":1.0,"PK_DEB":1186.0,"PK_FIN":null,"CODE_FAMIL":"OA","LIBELLE_FA":"Ouvrage d’Art","INSEE":"86194","COMMUNE":"POITIERS","DEPARTEMEN":"VIENNE","voie_":"MA11","_ph_path":"C:\\Users\\YCHAKER\\Downloads\\visivi_data_\\gp_2024\\thumbnail_LISEA (04099)_PK1+172_RMA2.JPG","_pk_fmt":"1+186","_sp_url":null,"_ph_url":"data/photos/oa/0390.jpg"},"geometry":{"type":"Point","coordinates":[0.35243039517007885,46.61861091843871]}},{"id":"391","type":"Feature","properties":{"fid":392.0,"ID_TEC_T_G":392.0,"CODE_OBJET":"OAL04-01200","LIBELLE":"PRA 0710","LIBELLE_LO":"PRA 0710 - Les Grands Bois","AXE":"LGV","VOIE":1.0,"PK_DEB":71017.0,"PK_FIN":null,"CODE_FAMIL":"OA","LIBELLE_FA":"Ouvrage d’Art","INSEE":"86258","COMMUNE":"SCORBE-CLAIRVAUX","DEPARTEMEN":"VIENNE","voie_":"LGV1","_ph_path":"C:\\Users\\YCHAKER\\Downloads\\visivi_data_\\gp_2024\\thumbnail_LISEA (03338)_PK71+022_V2.JPG","_pk_fmt":"71+017","_sp_url":null,"_ph_url":"data/photos/oa/0391.jpg"},"geometry":{"type":"Point","coordinates":[0.38845581454037087,46.79292948463845]}},{"id":"392","type":"Feature","properties":{"fid":393.0,"ID_TEC_T_G":393.0,"CODE_OBJET":"OAL14-00900","LIBELLE":"PRO 2543","LIBELLE_LO":"PRO 2543 - RD 157","AXE":"LGV","VOIE":1.0,"PK_DEB":254264.0,"PK_FIN":null,"CODE_FAMIL":"OA","LIBELLE_FA":"Ouvrage d’Art","INSEE":"17260","COMMUNE":"NEUVICQ","DEPARTEMEN":"CHARENTE-MARITIME","voie_":"LGV1","_ph_path":"C:\\Users\\YCHAKER\\Downloads\\visivi_data_\\gp_2024\\thumbnail_LISEA (11015)_PK254+258_V1.JPG","_pk_fmt":"254+264","_sp_url":null,"_ph_url":"data/photos/oa/0392.jpg"},"geometry":{"type":"Point","coordinates":[-0.13959649142477537,45.242592965278575]}},{"id":"393","type":"Feature","properties":{"fid":394.0,"ID_TEC_T_G":394.0,"CODE_OBJET":"OAL15-00900","LIBELLE":"PRO HL 2895-1","LIBELLE_LO":"PRO HL 2895-1 - RD 10 sur Lafont (Soubiale)","AXE":"LGV","VOIE":1.0,"PK_DEB":289485.0,"PK_FIN":null,"CODE_FAMIL":"OA","LIBELLE_FA":"Ouvrage d’Art","INSEE":"33366","COMMUNE":"SAINT-ANDRE-DE-CUBZAC","DEPARTEMEN":"GIRONDE","voie_":"LGV1","_ph_path":"C:\\Users\\YCHAKER\\Downloads\\visivi_data_\\gp_2024\\thumbnail_LISEA (12337)_PK289+579_V1.JPG","_pk_fmt":"289+485","_sp_url":null,"_ph_url":"data/photos/oa/0393.jpg"},"geometry":{"type":"Point","coordinates":[-0.4187754071974503,45.010591940021165]}},{"id":"394","type":"Feature","properties":{"fid":395.0,"ID_TEC_T_G":395.0,"CODE_OBJET":"OAL01-01800","LIBELLE":"PRO 0044","LIBELLE_LO":"PRO 0044 - RD910","AXE":"LGV","VOIE":1.0,"PK_DEB":4370.0,"PK_FIN":null,"CODE_FAMIL":"OA","LIBELLE_FA":"Ouvrage d’Art","INSEE":"37266","COMMUNE":"VEIGNE","DEPARTEMEN":"INDRE-ET-LOIRE","voie_":"LGV1","_ph_path":"C:\\Users\\YCHAKER\\Downloads\\visivi_data_\\gp_2024\\thumbnail_LISEA (00332)_PK4+376_V2.JPG","_pk_fmt":"4+370","_sp_url":null,"_ph_url":"data/photos/oa/0394.jpg"},"geometry":{"type":"Point","coordinates":[0.7140186705496101,47.30700393532567]}},{"id":"395","type":"Feature","properties":{"fid":396.0,"ID_TEC_T_G":396.0,"CODE_OBJET":"OAL02-00300","LIBELLE":"PRA CA2 0020","LIBELLE_LO":"PRA CA2 0020 - RD 158","AXE":"CA2","VOIE":2.0,"PK_DEB":2050.0,"PK_FIN":null,"CODE_FAMIL":"OA","LIBELLE_FA":"Ouvrage d’Art","INSEE":"37142","COMMUNE":"MAILLE","DEPARTEMEN":"INDRE-ET-LOIRE","voie_":"CA22","_ph_path":"C:\\Users\\YCHAKER\\Downloads\\visivi_data_\\gp_2024\\thumbnail_LISEA (01864)_PK2+06_RCA2.JPG","_pk_fmt":"2+050","_sp_url":null,"_ph_url":"data/photos/oa/0395.jpg"},"geometry":{"type":"Point","coordinates":[0.5860137296758551,47.04204198484559]}},{"id":"396","type":"Feature","properties":{"fid":397.0,"ID_TEC_T_G":397.0,"CODE_OBJET":"OAL01-03000","LIBELLE":"PRO 0114","LIBELLE_LO":"PRO 0114 - Bret. Centre Echangeur de Sorigny","AXE":"LGV","VOIE":1.0,"PK_DEB":11453.0,"PK_FIN":null,"CODE_FAMIL":"OA","LIBELLE_FA":"Ouvrage d’Art","INSEE":"37250","COMMUNE":"SORIGNY","DEPARTEMEN":"INDRE-ET-LOIRE","voie_":"LGV1","_ph_path":"C:\\Users\\YCHAKER\\Downloads\\visivi_data_\\gp_2024\\thumbnail_LISEA (00607)_PK11+45_V1.JPG","_pk_fmt":"11+453","_sp_url":null,"_ph_url":"data/photos/oa/0396.jpg"},"geometry":{"type":"Point","coordinates":[0.6664559675028406,47.2547860160574]}},{"id":"397","type":"Feature","properties":{"fid":398.0,"ID_TEC_T_G":398.0,"CODE_OBJET":"OAL01-03300","LIBELLE":"PRA 0116","LIBELLE_LO":"PRA 0116 - Rui. La Pichauderie (total)","AXE":"LGV","VOIE":1.0,"PK_DEB":11650.0,"PK_FIN":null,"CODE_FAMIL":"OA","LIBELLE_FA":"Ouvrage d’Art","INSEE":"37250","COMMUNE":"SORIGNY","DEPARTEMEN":"INDRE-ET-LOIRE","voie_":"LGV1","_ph_path":"C:\\Users\\YCHAKER\\Downloads\\visivi_data_\\gp_2024\\thumbnail_LISEA (00614)_PK11+654_V1.JPG","_pk_fmt":"11+650","_sp_url":null,"_ph_url":"data/photos/oa/0397.jpg"},"geometry":{"type":"Point","coordinates":[0.6659525395125516,47.25304414189302]}},{"id":"398","type":"Feature","properties":{"fid":399.0,"ID_TEC_T_G":399.0,"CODE_OBJET":"OAL01-03900","LIBELLE":"PRA 0170","LIBELLE_LO":"PRA 0170 - Rui.Le Montison","AXE":"LGV","VOIE":1.0,"PK_DEB":17054.0,"PK_FIN":null,"CODE_FAMIL":"OA","LIBELLE_FA":"Ouvrage d’Art","INSEE":"37278","COMMUNE":"VILLEPERDUE","DEPARTEMEN":"INDRE-ET-LOIRE","voie_":"LGV1","_ph_path":"C:\\Users\\YCHAKER\\Downloads\\visivi_data_\\gp_2024\\thumbnail_LISEA (01015)_PK17+049_V2.JPG","_pk_fmt":"17+054","_sp_url":null,"_ph_url":"data/photos/oa/0398.jpg"},"geometry":{"type":"Point","coordinates":[0.6568071984514087,47.20483770483281]}},{"id":"399","type":"Feature","properties":{"fid":400.0,"ID_TEC_T_G":400.0,"CODE_OBJET":"OAL01-04200","LIBELLE":"PRA 0188","LIBELLE_LO":"PRA 0188 - Rui. Montison axe Ouest","AXE":"LGV","VOIE":1.0,"PK_DEB":18888.0,"PK_FIN":null,"CODE_FAMIL":"OA","LIBELLE_FA":"Ouvrage d’Art","INSEE":"37278","COMMUNE":"VILLEPERDUE","DEPARTEMEN":"INDRE-ET-LOIRE","voie_":"LGV1","_ph_path":"C:\\Users\\YCHAKER\\Downloads\\visivi_data_\\gp_2024\\thumbnail_LISEA (01088)_PK18+899_V2.JPG","_pk_fmt":"18+888","_sp_url":null,"_ph_url":"data/photos/oa/0399.jpg"},"geometry":{"type":"Point","coordinates":[0.6566906776531944,47.18841017755396]}},{"id":"400","type":"Feature","properties":{"fid":401.0,"ID_TEC_T_G":401.0,"CODE_OBJET":"OAL01-04600","LIBELLE":"PRA 0212","LIBELLE_LO":"PRA 0212 - Rui. La Godefroy","AXE":"LGV","VOIE":1.0,"PK_DEB":21255.0,"PK_FIN":null,"CODE_FAMIL":"OA","LIBELLE_FA":"Ouvrage d’Art","INSEE":"37212","COMMUNE":"SAINTE-CATHERINE-DE-FIERBOIS","DEPARTEMEN":"INDRE-ET-LOIRE","voie_":"LGV1","_ph_path":"C:\\Users\\YCHAKER\\Downloads\\visivi_data_\\gp_2024\\thumbnail_LISEA (01179)_PK21+246_V2.JPG","_pk_fmt":"21+255","_sp_url":null,"_ph_url":"data/photos/oa/0400.jpg"},"geometry":{"type":"Point","coordinates":[0.6659865804950245,47.16816813048884]}},{"id":"401","type":"Feature","properties":{"fid":402.0,"ID_TEC_T_G":402.0,"CODE_OBJET":"OAL04-00100","LIBELLE":"MSO MA2 0004","LIBELLE_LO":"MSO MA2 0004 - Mur de l'estacade de la Folie SUD V2","AXE":"MA2","VOIE":2.0,"PK_DEB":436.0,"PK_FIN":null,"CODE_FAMIL":"OA","LIBELLE_FA":"Ouvrage d’Art","INSEE":"86194","COMMUNE":"POITIERS","DEPARTEMEN":"VIENNE","voie_":"MA22","_ph_path":"C:\\Users\\YCHAKER\\Downloads\\visivi_data_\\gp_2024\\thumbnail_LISEA (04117)_PK0+653_RMA2.JPG","_pk_fmt":"0+436","_sp_url":null,"_ph_url":"data/photos/oa/0401.jpg"},"geometry":{"type":"Point","coordinates":[0.3512688319831461,46.613816267428255]}},{"id":"402","type":"Feature","properties":{"fid":403.0,"ID_TEC_T_G":403.0,"CODE_OBJET":"OAL11-01800","LIBELLE":"PRO 1975","LIBELLE_LO":"PRO 1975 - VC6 + rando","AXE":"LGV","VOIE":1.0,"PK_DEB":197580.0,"PK_FIN":null,"CODE_FAMIL":"OA","LIBELLE_FA":"Ouvrage d’Art","INSEE":"16019","COMMUNE":"ASNIERES-SUR-NOUERE","DEPARTEMEN":"CHARENTE","voie_":"LGV1","_ph_path":"C:\\Users\\YCHAKER\\Downloads\\visivi_data_\\gp_2024\\thumbnail_LISEA (08691)_PK197+58_V1.JPG","_pk_fmt":"197+580","_sp_url":null,"_ph_url":"data/photos/oa/0402.jpg"},"geometry":{"type":"Point","coordinates":[0.06544472210498614,45.708753423309204]}},{"id":"403","type":"Feature","properties":{"fid":404.0,"ID_TEC_T_G":404.0,"CODE_OBJET":"OAL11-02500","LIBELLE":"PRO 2021","LIBELLE_LO":"PRO 2021 - CR1 + Rando + AGR","AXE":"LGV","VOIE":1.0,"PK_DEB":202196.0,"PK_FIN":null,"CODE_FAMIL":"OA","LIBELLE_FA":"Ouvrage d’Art","INSEE":"16138","COMMUNE":"FLEAC","DEPARTEMEN":"CHARENTE","voie_":"LGV1","_ph_path":"C:\\Users\\YCHAKER\\Downloads\\visivi_data_\\gp_2024\\thumbnail_LISEA (08855)_PK202+207_V1.JPG","_pk_fmt":"202+196","_sp_url":null,"_ph_url":"data/photos/oa/0403.jpg"},"geometry":{"type":"Point","coordinates":[0.0747032840796434,45.66791003157479]}},{"id":"404","type":"Feature","properties":{"fid":405.0,"ID_TEC_T_G":405.0,"CODE_OBJET":"OAL01-03200","LIBELLE":"PRO HL 0116-2","LIBELLE_LO":"PRO HL 0116-2 - Rui. La Pichauderie","AXE":"LGV","VOIE":2.0,"PK_DEB":11635.0,"PK_FIN":null,"CODE_FAMIL":"OA","LIBELLE_FA":"Ouvrage d’Art","INSEE":"37250","COMMUNE":"SORIGNY","DEPARTEMEN":"INDRE-ET-LOIRE","voie_":"LGV2","_ph_path":"C:\\Users\\YCHAKER\\Downloads\\visivi_data_\\gp_2024\\thumbnail_LISEA (00613)_PK11+63_V1.JPG","_pk_fmt":"11+635","_sp_url":null,"_ph_url":"data/photos/oa/0404.jpg"},"geometry":{"type":"Point","coordinates":[0.6655812683551865,47.253234028299524]}},{"id":"405","type":"Feature","properties":{"fid":406.0,"ID_TEC_T_G":406.0,"CODE_OBJET":"OAL02-01200","LIBELLE":"PRA 0279","LIBELLE_LO":"PRA 0279 - Rui \"Le Houteau\"","AXE":"LGV","VOIE":1.0,"PK_DEB":27932.0,"PK_FIN":null,"CODE_FAMIL":"OA","LIBELLE_FA":"Ouvrage d’Art","INSEE":"37226","COMMUNE":"SAINTE-MAURE-DE-TOURAINE","DEPARTEMEN":"INDRE-ET-LOIRE","voie_":"LGV1","_ph_path":"C:\\Users\\YCHAKER\\Downloads\\visivi_data_\\gp_2024\\thumbnail_LISEA (01442)_PK27+926_V1.JPG","_pk_fmt":"27+932","_sp_url":null,"_ph_url":"data/photos/oa/0405.jpg"},"geometry":{"type":"Point","coordinates":[0.6761173058581954,47.11044002692326]}},{"id":"406","type":"Feature","properties":{"fid":407.0,"ID_TEC_T_G":407.0,"CODE_OBJET":"OAL02-01400","LIBELLE":"VIA 0305","LIBELLE_LO":"VIA 0305 - Viaduc de la Manse","AXE":"LGV","VOIE":1.0,"PK_DEB":30521.0,"PK_FIN":null,"CODE_FAMIL":"OA","LIBELLE_FA":"Ouvrage d’Art","INSEE":"37247","COMMUNE":"SEPMES","DEPARTEMEN":"INDRE-ET-LOIRE","voie_":"LGV1","_ph_path":"C:\\Users\\YCHAKER\\Downloads\\visivi_data_\\gp_2024\\thumbnail_LISEA (01544)_PK30+517_V1.JPG","_pk_fmt":"30+521","_sp_url":null,"_ph_url":"data/photos/oa/0406.jpg"},"geometry":{"type":"Point","coordinates":[0.6586807911032337,47.09055856947011]}},{"id":"407","type":"Feature","properties":{"fid":408.0,"ID_TEC_T_G":408.0,"CODE_OBJET":"OAL09-00100","LIBELLE":"PRA JU2 0011","LIBELLE_LO":"PRA JU2 0011 - CR Piétons + RANDO","AXE":"JU2","VOIE":2.0,"PK_DEB":1129.0,"PK_FIN":null,"CODE_FAMIL":"OA","LIBELLE_FA":"Ouvrage d’Art","INSEE":"16196","COMMUNE":"LUXE","DEPARTEMEN":"CHARENTE","voie_":"JU22","_ph_path":"C:\\Users\\YCHAKER\\Downloads\\visivi_data_\\gp_2024\\thumbnail_LISEA (07541)_PK1+122_RJ2.JPG","_pk_fmt":"1+129","_sp_url":null,"_ph_url":"data/photos/oa/0407.jpg"},"geometry":{"type":"Point","coordinates":[0.12530556044051705,45.914265007404076]}},{"id":"408","type":"Feature","properties":{"fid":409.0,"ID_TEC_T_G":409.0,"CODE_OBJET":"OAL08-02000","LIBELLE":"PRO 1555","LIBELLE_LO":"PRO 1555 - RD26","AXE":"LGV","VOIE":1.0,"PK_DEB":155504.0,"PK_FIN":null,"CODE_FAMIL":"OA","LIBELLE_FA":"Ouvrage d’Art","INSEE":"16189","COMMUNE":"LONDIGNY","DEPARTEMEN":"CHARENTE","voie_":"LGV1","_ph_path":"C:\\Users\\YCHAKER\\Downloads\\visivi_data_\\gp_2024\\thumbnail_LISEA (06875)_PK155+498_V2.JPG","_pk_fmt":"155+504","_sp_url":null,"_ph_url":"data/photos/oa/0408.jpg"},"geometry":{"type":"Point","coordinates":[0.12621491414700806,46.07642677836046]}},{"id":"409","type":"Feature","properties":{"fid":410.0,"ID_TEC_T_G":410.0,"CODE_OBJET":"OAL13-02600","LIBELLE":"VIA 2458","LIBELLE_LO":"VIA 2458 - Viaduc des Lorettes Sud","AXE":"LGV","VOIE":1.0,"PK_DEB":245880.0,"PK_FIN":null,"CODE_FAMIL":"OA","LIBELLE_FA":"Ouvrage d’Art","INSEE":"16357","COMMUNE":"SAINT-VALLIER","DEPARTEMEN":"CHARENTE","voie_":"LGV1","_ph_path":"C:\\Users\\YCHAKER\\Downloads\\visivi_data_\\gp_2024\\thumbnail_LISEA (10696)_PK245+865_V1.JPG","_pk_fmt":"245+880","_sp_url":null,"_ph_url":"data/photos/oa/0409.jpg"},"geometry":{"type":"Point","coordinates":[-0.0675086408951982,45.297364747454374]}},{"id":"410","type":"Feature","properties":{"fid":411.0,"ID_TEC_T_G":411.0,"CODE_OBJET":"OAL15-00400","LIBELLE":"PRO 2847","LIBELLE_LO":"PRO 2847 - VC 4 + Rando + VF BN","AXE":"LGV","VOIE":1.0,"PK_DEB":284691.0,"PK_FIN":null,"CODE_FAMIL":"OA","LIBELLE_FA":"Ouvrage d’Art","INSEE":"33183","COMMUNE":"GAURIAGUET","DEPARTEMEN":"GIRONDE","voie_":"LGV1","_ph_path":"C:\\Users\\YCHAKER\\Downloads\\visivi_data_\\gp_2024\\thumbnail_LISEA (12144)_PK284+689_V1.JPG","_pk_fmt":"284+691","_sp_url":null,"_ph_url":"data/photos/oa/0410.jpg"},"geometry":{"type":"Point","coordinates":[-0.4000825358457903,45.05222021394408]}},{"id":"411","type":"Feature","properties":{"fid":412.0,"ID_TEC_T_G":412.0,"CODE_OBJET":"OAL15-01300","LIBELLE":"PRO 2917","LIBELLE_LO":"PRO 2917 - Bretelle A 10 40a","AXE":"LGV","VOIE":1.0,"PK_DEB":291665.0,"PK_FIN":null,"CODE_FAMIL":"OA","LIBELLE_FA":"Ouvrage d’Art","INSEE":"33366","COMMUNE":"SAINT-ANDRE-DE-CUBZAC","DEPARTEMEN":"GIRONDE","voie_":"LGV1","_ph_path":"C:\\Users\\YCHAKER\\Downloads\\visivi_data_\\gp_2024\\thumbnail_LISEA (12415)_PK291+682_V1.JPG","_pk_fmt":"291+665","_sp_url":null,"_ph_url":"data/photos/oa/0411.jpg"},"geometry":{"type":"Point","coordinates":[-0.4262903528048498,44.99256674364229]}},{"id":"412","type":"Feature","properties":{"fid":413.0,"ID_TEC_T_G":413.0,"CODE_OBJET":"OAL02-02700","LIBELLE":"PRA HL 0397-2","LIBELLE_LO":"PRA HL 0397-2 - RD 109+ VF","AXE":"LGV","VOIE":2.0,"PK_DEB":39758.0,"PK_FIN":null,"CODE_FAMIL":"OA","LIBELLE_FA":"Ouvrage d’Art","INSEE":"37142","COMMUNE":"MAILLE","DEPARTEMEN":"INDRE-ET-LOIRE","voie_":"LGV2","_ph_path":"C:\\Users\\YCHAKER\\Downloads\\visivi_data_\\gp_2024\\thumbnail_LISEA (02113)_PK39+711_V2.JPG","_pk_fmt":"39+758","_sp_url":null,"_ph_url":"data/photos/oa/0412.jpg"},"geometry":{"type":"Point","coordinates":[0.5730029128514313,47.032720270637604]}},{"id":"413","type":"Feature","properties":{"fid":414.0,"ID_TEC_T_G":414.0,"CODE_OBJET":"OAL05-02900","LIBELLE":"PRA 1036","LIBELLE_LO":"PRA 1036 - Passage piéton Le Cossy","AXE":"LGV","VOIE":1.0,"PK_DEB":103671.0,"PK_FIN":null,"CODE_FAMIL":"OA","LIBELLE_FA":"Ouvrage d’Art","INSEE":"86100","COMMUNE":"FONTAINE-LE-COMTE","DEPARTEMEN":"VIENNE","voie_":"LGV1","_ph_path":"C:\\Users\\YCHAKER\\Downloads\\visivi_data_\\gp_2024\\thumbnail_LISEA (04760)_PK3+89_RFN1.JPG","_pk_fmt":"103+671","_sp_url":null,"_ph_url":"data/photos/oa/0413.jpg"},"geometry":{"type":"Point","coordinates":[0.24195595051840516,46.527306337355185]}},{"id":"414","type":"Feature","properties":{"fid":415.0,"ID_TEC_T_G":415.0,"CODE_OBJET":"OAL13-01900","LIBELLE":"PRA 2418","LIBELLE_LO":"PRA 2418 - RD 731","AXE":"LGV","VOIE":1.0,"PK_DEB":241812.0,"PK_FIN":null,"CODE_FAMIL":"OA","LIBELLE_FA":"Ouvrage d’Art","INSEE":"16066","COMMUNE":"BROSSAC","DEPARTEMEN":"CHARENTE","voie_":"LGV1","_ph_path":"C:\\Users\\YCHAKER\\Downloads\\visivi_data_\\gp_2024\\thumbnail_LISEA (10535)_PK241+807_V1.JPG","_pk_fmt":"241+812","_sp_url":null,"_ph_url":"data/photos/oa/0414.jpg"},"geometry":{"type":"Point","coordinates":[-0.036299382748268286,45.32648793712995]}},{"id":"415","type":"Feature","properties":{"fid":416.0,"ID_TEC_T_G":416.0,"CODE_OBJET":"OAL14-01500","LIBELLE":"PRA 2568","LIBELLE_LO":"PRA 2568 - La Butte + Rando","AXE":"LGV","VOIE":1.0,"PK_DEB":256764.0,"PK_FIN":null,"CODE_FAMIL":"OA","LIBELLE_FA":"Ouvrage d’Art","INSEE":"17241","COMMUNE":"MONTGUYON","DEPARTEMEN":"CHARENTE-MARITIME","voie_":"LGV1","_ph_path":"C:\\Users\\YCHAKER\\Downloads\\visivi_data_\\gp_2024\\thumbnail_LISEA (11107)_PK256+761_V1.JPG","_pk_fmt":"256+764","_sp_url":null,"_ph_url":"data/photos/oa/0415.jpg"},"geometry":{"type":"Point","coordinates":[-0.1538738949428153,45.22247615290264]}},{"id":"416","type":"Feature","properties":{"fid":417.0,"ID_TEC_T_G":417.0,"CODE_OBJET":"OAL04-03700","LIBELLE":"SDM 0871","LIBELLE_LO":"SDM 0871 - Saut de mouton de Chasseneuil du Poitou","AXE":"LGV","VOIE":1.0,"PK_DEB":87058.0,"PK_FIN":null,"CODE_FAMIL":"OA","LIBELLE_FA":"Ouvrage d’Art","INSEE":"86062","COMMUNE":"CHASSENEUIL-DU-POITOU","DEPARTEMEN":"VIENNE","voie_":"LGV1","_ph_path":"C:\\Users\\YCHAKER\\Downloads\\visivi_data_\\gp_2024\\thumbnail_LISEA (04158)_PK5+139_RMA2.JPG","_pk_fmt":"87+058","_sp_url":null,"_ph_url":"data/photos/oa/0416.jpg"},"geometry":{"type":"Point","coordinates":[0.3531535944271012,46.65373140310621]}},{"id":"417","type":"Feature","properties":{"fid":418.0,"ID_TEC_T_G":418.0,"CODE_OBJET":"OAL12-04200","LIBELLE":"PRA 2235","LIBELLE_LO":"PRA 2235 - Le Né","AXE":"LGV","VOIE":1.0,"PK_DEB":223526.0,"PK_FIN":null,"CODE_FAMIL":"OA","LIBELLE_FA":"Ouvrage d’Art","INSEE":"16046","COMMUNE":"BLANZAC-PORCHERESSE","DEPARTEMEN":"CHARENTE","voie_":"LGV1","_ph_path":"C:\\Users\\YCHAKER\\Downloads\\visivi_data_\\gp_2024\\thumbnail_LISEA (09835)_PK223+535_V1.JPG","_pk_fmt":"223+526","_sp_url":null,"_ph_url":"data/photos/oa/0417.jpg"},"geometry":{"type":"Point","coordinates":[0.04752856781969185,45.4778580384602]}},{"id":"418","type":"Feature","properties":{"fid":419.0,"ID_TEC_T_G":419.0,"CODE_OBJET":"OAL14-03400","LIBELLE":"PRO 2678","LIBELLE_LO":"PRO 2678 - RD 158C","AXE":"LGV","VOIE":1.0,"PK_DEB":267840.0,"PK_FIN":null,"CODE_FAMIL":"OA","LIBELLE_FA":"Ouvrage d’Art","INSEE":"17110","COMMUNE":"CLERAC","DEPARTEMEN":"CHARENTE-MARITIME","voie_":"LGV1","_ph_path":"C:\\Users\\YCHAKER\\Downloads\\visivi_data_\\gp_2024\\thumbnail_LISEA (11519)_PK267+839_V2.JPG","_pk_fmt":"267+840","_sp_url":null,"_ph_url":"data/photos/oa/0418.jpg"},"geometry":{"type":"Point","coordinates":[-0.26999928771560594,45.16891682310209]}},{"id":"419","type":"Feature","properties":{"fid":420.0,"ID_TEC_T_G":420.0,"CODE_OBJET":"OAL14-03700","LIBELLE":"PRA 2709","LIBELLE_LO":"PRA 2709 - Pas de Lapouyade","AXE":"LGV","VOIE":1.0,"PK_DEB":270872.0,"PK_FIN":null,"CODE_FAMIL":"OA","LIBELLE_FA":"Ouvrage d’Art","INSEE":"33230","COMMUNE":"LAPOUYADE","DEPARTEMEN":"GIRONDE","voie_":"LGV1","_ph_path":"C:\\Users\\YCHAKER\\Downloads\\visivi_data_\\gp_2024\\thumbnail_LISEA (11637)_PK270+881_V1.JPG","_pk_fmt":"270+872","_sp_url":null,"_ph_url":"data/photos/oa/0419.jpg"},"geometry":{"type":"Point","coordinates":[-0.292731395063537,45.14686977939046]}},{"id":"420","type":"Feature","properties":{"fid":421.0,"ID_TEC_T_G":421.0,"CODE_OBJET":"OAL14-04000","LIBELLE":"PRA 2740","LIBELLE_LO":"PRA 2740 - Ruisseau Le Bois Noir","AXE":"LGV","VOIE":1.0,"PK_DEB":274021.0,"PK_FIN":null,"CODE_FAMIL":"OA","LIBELLE_FA":"Ouvrage d’Art","INSEE":"33230","COMMUNE":"LAPOUYADE","DEPARTEMEN":"GIRONDE","voie_":"LGV1","_ph_path":"C:\\Users\\YCHAKER\\Downloads\\visivi_data_\\gp_2024\\thumbnail_LISEA (11754)_PK274+019_V1.JPG","_pk_fmt":"274+021","_sp_url":null,"_ph_url":"data/photos/oa/0420.jpg"},"geometry":{"type":"Point","coordinates":[-0.32393002610682553,45.12949557626556]}},{"id":"421","type":"Feature","properties":{"fid":422.0,"ID_TEC_T_G":422.0,"CODE_OBJET":"OAL14-04100","LIBELLE":"PRA 2742","LIBELLE_LO":"PRA 2742 - VC 109 + rando","AXE":"LGV","VOIE":1.0,"PK_DEB":274164.0,"PK_FIN":null,"CODE_FAMIL":"OA","LIBELLE_FA":"Ouvrage d’Art","INSEE":"33233","COMMUNE":"LARUSCADE","DEPARTEMEN":"GIRONDE","voie_":"LGV1","_ph_path":"C:\\Users\\YCHAKER\\Downloads\\visivi_data_\\gp_2024\\thumbnail_LISEA (11760)_PK274+171_V1.JPG","_pk_fmt":"274+164","_sp_url":null,"_ph_url":"data/photos/oa/0421.jpg"},"geometry":{"type":"Point","coordinates":[-0.3255075150397209,45.128859340492404]}},{"id":"422","type":"Feature","properties":{"fid":423.0,"ID_TEC_T_G":423.0,"CODE_OBJET":"OAL13-00700","LIBELLE":"PRO 2346","LIBELLE_LO":"PRO 2346 - CR Berneuil + rando + AGR","AXE":"LGV","VOIE":1.0,"PK_DEB":234629.0,"PK_FIN":null,"CODE_FAMIL":"OA","LIBELLE_FA":"Ouvrage d’Art","INSEE":"16354","COMMUNE":"SAINTE-SOULINE","DEPARTEMEN":"CHARENTE","voie_":"LGV1","_ph_path":"C:\\Users\\YCHAKER\\Downloads\\visivi_data_\\gp_2024\\thumbnail_LISEA (10267)_PK234+618_V1.JPG","_pk_fmt":"234+629","_sp_url":null,"_ph_url":"data/photos/oa/0422.jpg"},"geometry":{"type":"Point","coordinates":[-0.018438281036710368,45.38938311433243]}},{"id":"423","type":"Feature","properties":{"fid":424.0,"ID_TEC_T_G":424.0,"CODE_OBJET":"OAL04-03900","LIBELLE":"VIA 0886","LIBELLE_LO":"VIA 0886 - Viaduc Auxance Ouest","AXE":"LGV","VOIE":1.0,"PK_DEB":88644.0,"PK_FIN":null,"CODE_FAMIL":"OA","LIBELLE_FA":"Ouvrage d’Art","INSEE":"86158","COMMUNE":"MIGNE-AUXANCES","DEPARTEMEN":"VIENNE","voie_":"LGV1","_ph_path":"C:\\Users\\YCHAKER\\Downloads\\visivi_data_\\gp_2024\\thumbnail_LISEA (04212)_PK88+649_V2.JPG","_pk_fmt":"88+644","_sp_url":null,"_ph_url":"data/photos/oa/0423.jpg"},"geometry":{"type":"Point","coordinates":[0.3489573839237951,46.63975498731832]}},{"id":"424","type":"Feature","properties":{"fid":425.0,"ID_TEC_T_G":425.0,"CODE_OBJET":"OAL09-01700","LIBELLE":"PRO HL 1725-1","LIBELLE_LO":"PRO HL 1725-1 - RD61 + RANDO","AXE":"LGV","VOIE":1.0,"PK_DEB":172485.0,"PK_FIN":null,"CODE_FAMIL":"OA","LIBELLE_FA":"Ouvrage d’Art","INSEE":"16173","COMMUNE":"JUILLE","DEPARTEMEN":"CHARENTE","voie_":"LGV1","_ph_path":"C:\\Users\\YCHAKER\\Downloads\\visivi_data_\\gp_2024\\thumbnail_LISEA (07584)_PK172+471_V1.JPG","_pk_fmt":"172+485","_sp_url":null,"_ph_url":"data/photos/oa/0424.jpg"},"geometry":{"type":"Point","coordinates":[0.1292276917703386,45.923884782473735]}},{"id":"425","type":"Feature","properties":{"fid":426.0,"ID_TEC_T_G":426.0,"CODE_OBJET":"OAL12-00800","LIBELLE":"PRO CE1 HL 0019","LIBELLE_LO":"PRO CE1 HL 0019 - La vieille Boëme","AXE":"CE1","VOIE":1.0,"PK_DEB":1973.0,"PK_FIN":null,"CODE_FAMIL":"OA","LIBELLE_FA":"Ouvrage d’Art","INSEE":"16287","COMMUNE":"ROULLET-SAINT-ESTEPHE","DEPARTEMEN":"CHARENTE","voie_":"CE11","_ph_path":"C:\\Users\\YCHAKER\\Downloads\\visivi_data_\\gp_2024\\thumbnail_LISEA (09335)_PK1+973_RCO2.JPG","_pk_fmt":"1+973","_sp_url":null,"_ph_url":"data/photos/oa/0425.jpg"},"geometry":{"type":"Point","coordinates":[0.08478287305281405,45.58802939557829]}},{"id":"426","type":"Feature","properties":{"fid":427.0,"ID_TEC_T_G":427.0,"CODE_OBJET":"OAL09-02300","LIBELLE":"VIA 1768","LIBELLE_LO":"VIA 1768 - Viaduc Charente Nord","AXE":"LGV","VOIE":1.0,"PK_DEB":176848.0,"PK_FIN":null,"CODE_FAMIL":"OA","LIBELLE_FA":"Ouvrage d’Art","INSEE":"16196","COMMUNE":"LUXE","DEPARTEMEN":"CHARENTE","voie_":"LGV1","_ph_path":"C:\\Users\\YCHAKER\\Downloads\\visivi_data_\\gp_2024\\thumbnail_LISEA (07747)_PK176+863_V2.JPG","_pk_fmt":"176+848","_sp_url":null,"_ph_url":"data/photos/oa/0426.jpg"},"geometry":{"type":"Point","coordinates":[0.124800244229287,45.884763713236495]}},{"id":"427","type":"Feature","properties":{"fid":428.0,"ID_TEC_T_G":428.0,"CODE_OBJET":"OAL10-00500","LIBELLE":"PRO 1795","LIBELLE_LO":"PRO 1795 - RD 69","AXE":"LGV","VOIE":1.0,"PK_DEB":179514.0,"PK_FIN":null,"CODE_FAMIL":"OA","LIBELLE_FA":"Ouvrage d’Art","INSEE":"16414","COMMUNE":"VILLOGNON","DEPARTEMEN":"CHARENTE","voie_":"LGV1","_ph_path":"C:\\Users\\YCHAKER\\Downloads\\visivi_data_\\gp_2024\\thumbnail_LISEA (07855)_PK4+307_RV1.JPG","_pk_fmt":"179+514","_sp_url":null,"_ph_url":"data/photos/oa/0427.jpg"},"geometry":{"type":"Point","coordinates":[0.1132761654569789,45.86214269255718]}},{"id":"428","type":"Feature","properties":{"fid":429.0,"ID_TEC_T_G":429.0,"CODE_OBJET":"OAL14-01800","LIBELLE":"PRO 2579","LIBELLE_LO":"PRO 2579 - VC 3 + rando + AGR","AXE":"LGV","VOIE":1.0,"PK_DEB":257909.0,"PK_FIN":null,"CODE_FAMIL":"OA","LIBELLE_FA":"Ouvrage d’Art","INSEE":"17241","COMMUNE":"MONTGUYON","DEPARTEMEN":"CHARENTE-MARITIME","voie_":"LGV1","_ph_path":"C:\\Users\\YCHAKER\\Downloads\\visivi_data_\\gp_2024\\thumbnail_LISEA (11152)_PK257+911_V2.JPG","_pk_fmt":"257+909","_sp_url":null,"_ph_url":"data/photos/oa/0428.jpg"},"geometry":{"type":"Point","coordinates":[-0.1621208003444195,45.213987333210596]}},{"id":"429","type":"Feature","properties":{"fid":430.0,"ID_TEC_T_G":430.0,"CODE_OBJET":"OAL05-03400","LIBELLE":"SDM 1064","LIBELLE_LO":"SDM 1064 - Saut de mouton 3 de Fontaine le Comte","AXE":"LGV","VOIE":1.0,"PK_DEB":106428.0,"PK_FIN":null,"CODE_FAMIL":"OA","LIBELLE_FA":"Ouvrage d’Art","INSEE":"86100","COMMUNE":"FONTAINE-LE-COMTE","DEPARTEMEN":"VIENNE","voie_":"LGV1","_ph_path":"C:\\Users\\YCHAKER\\Downloads\\visivi_data_\\gp_2024\\thumbnail_LISEA (05059)_PK106+447_V2.JPG","_pk_fmt":"106+428","_sp_url":null,"_ph_url":"data/photos/oa/0429.jpg"},"geometry":{"type":"Point","coordinates":[0.2287943244658633,46.50417723903588]}},{"id":"430","type":"Feature","properties":{"fid":431.0,"ID_TEC_T_G":431.0,"CODE_OBJET":"OAL13-01100","LIBELLE":"PRA 2378","LIBELLE_LO":"PRA 2378 - CR3 + rando","AXE":"LGV","VOIE":1.0,"PK_DEB":237822.0,"PK_FIN":null,"CODE_FAMIL":"OA","LIBELLE_FA":"Ouvrage d’Art","INSEE":"16354","COMMUNE":"SAINTE-SOULINE","DEPARTEMEN":"CHARENTE","voie_":"LGV1","_ph_path":"C:\\Users\\YCHAKER\\Downloads\\visivi_data_\\gp_2024\\thumbnail_LISEA (10394)_PK237+825_V1.JPG","_pk_fmt":"237+822","_sp_url":null,"_ph_url":"data/photos/oa/0430.jpg"},"geometry":{"type":"Point","coordinates":[-0.025859359814747785,45.361275285954385]}},{"id":"431","type":"Feature","properties":{"fid":432.0,"ID_TEC_T_G":432.0,"CODE_OBJET":"OAL05-03200","LIBELLE":"SDM 1058","LIBELLE_LO":"SDM 1058 - Saut de mouton 1 de Fontaine le Comte","AXE":"LGV","VOIE":1.0,"PK_DEB":105818.0,"PK_FIN":null,"CODE_FAMIL":"OA","LIBELLE_FA":"Ouvrage d’Art","INSEE":"86100","COMMUNE":"FONTAINE-LE-COMTE","DEPARTEMEN":"VIENNE","voie_":"LGV1","_ph_path":"C:\\Users\\YCHAKER\\Downloads\\visivi_data_\\gp_2024\\thumbnail_LISEA (05036)_PK105+802_V1.JPG","_pk_fmt":"105+818","_sp_url":null,"_ph_url":"data/photos/oa/0431.jpg"},"geometry":{"type":"Point","coordinates":[0.23180252228884005,46.50941541645855]}},{"id":"432","type":"Feature","properties":{"fid":433.0,"ID_TEC_T_G":433.0,"CODE_OBJET":"OAL05-03500","LIBELLE":"PRA 1076","LIBELLE_LO":"PRA 1076 - LA RUNE","AXE":"LGV","VOIE":1.0,"PK_DEB":107680.0,"PK_FIN":null,"CODE_FAMIL":"OA","LIBELLE_FA":"Ouvrage d’Art","INSEE":"86083","COMMUNE":"COULOMBIERS","DEPARTEMEN":"VIENNE","voie_":"LGV1","_ph_path":"C:\\Users\\YCHAKER\\Downloads\\visivi_data_\\gp_2024\\thumbnail_LISEA (05101)_PK107+673_V1.JPG","_pk_fmt":"107+680","_sp_url":null,"_ph_url":"data/photos/oa/0432.jpg"},"geometry":{"type":"Point","coordinates":[0.22276099207614933,46.49379837845326]}},{"id":"433","type":"Feature","properties":{"fid":434.0,"ID_TEC_T_G":434.0,"CODE_OBJET":"OAL12-03800","LIBELLE":"PRO HL 2224-2","LIBELLE_LO":"PRO HL 2224-2 - Ruisseau Fontaine Ladre","AXE":"LGV","VOIE":2.0,"PK_DEB":222400.0,"PK_FIN":null,"CODE_FAMIL":"OA","LIBELLE_FA":"Ouvrage d’Art","INSEE":"16046","COMMUNE":"BLANZAC-PORCHERESSE","DEPARTEMEN":"CHARENTE","voie_":"LGV2","_ph_path":"C:\\Users\\YCHAKER\\Downloads\\visivi_data_\\gp_2024\\thumbnail_LISEA (09795)_PK222+42_V2.JPG","_pk_fmt":"222+400","_sp_url":null,"_ph_url":"data/photos/oa/0433.jpg"},"geometry":{"type":"Point","coordinates":[0.05161111938445819,45.48723244113094]}},{"id":"434","type":"Feature","properties":{"fid":435.0,"ID_TEC_T_G":435.0,"CODE_OBJET":"OAL01-02000","LIBELLE":"TOU 0044 (2)","LIBELLE_LO":"TOU 0044 (2) - Tranchée ouverte de Veigné","AXE":"LGV","VOIE":1.0,"PK_DEB":4696.0,"PK_FIN":null,"CODE_FAMIL":"OA","LIBELLE_FA":"Ouvrage d’Art","INSEE":"37266","COMMUNE":"VEIGNE","DEPARTEMEN":"INDRE-ET-LOIRE","voie_":"LGV1","_ph_path":"C:\\Users\\YCHAKER\\Downloads\\visivi_data_\\gp_2024\\thumbnail_LISEA (00344)_PK4+694_V2.JPG","_pk_fmt":"4+696","_sp_url":null,"_ph_url":"data/photos/oa/0434.jpg"},"geometry":{"type":"Point","coordinates":[0.7101477778223284,47.30560022079667]}},{"id":"435","type":"Feature","properties":{"fid":436.0,"ID_TEC_T_G":436.0,"CODE_OBJET":"OAL06-00500","LIBELLE":"PRA 1122","LIBELLE_LO":"PRA 1122 - RD 141","AXE":"LGV","VOIE":1.0,"PK_DEB":112224.0,"PK_FIN":null,"CODE_FAMIL":"OA","LIBELLE_FA":"Ouvrage d’Art","INSEE":"86145","COMMUNE":"MARCAY","DEPARTEMEN":"VIENNE","voie_":"LGV1","_ph_path":"C:\\Users\\YCHAKER\\Downloads\\visivi_data_\\gp_2024\\thumbnail_LISEA (05272)_PK112+214_V1.JPG","_pk_fmt":"112+224","_sp_url":null,"_ph_url":"data/photos/oa/0435.jpg"},"geometry":{"type":"Point","coordinates":[0.20852406030820594,46.454280648218784]}},{"id":"436","type":"Feature","properties":{"fid":437.0,"ID_TEC_T_G":437.0,"CODE_OBJET":"OAL06-00800","LIBELLE":"PRA 1145","LIBELLE_LO":"PRA 1145 - Le Vieux Puits 2","AXE":"LGV","VOIE":1.0,"PK_DEB":114585.0,"PK_FIN":null,"CODE_FAMIL":"OA","LIBELLE_FA":"Ouvrage d’Art","INSEE":"86147","COMMUNE":"MARIGNY-CHEMEREAU","DEPARTEMEN":"VIENNE","voie_":"LGV1","_ph_path":"C:\\Users\\YCHAKER\\Downloads\\visivi_data_\\gp_2024\\thumbnail_LISEA (05359)_PK114+579_V2.JPG","_pk_fmt":"114+585","_sp_url":null,"_ph_url":"data/photos/oa/0436.jpg"},"geometry":{"type":"Point","coordinates":[0.20813499691278065,46.43302006434065]}},{"id":"437","type":"Feature","properties":{"fid":438.0,"ID_TEC_T_G":438.0,"CODE_OBJET":"OAL04-02700","LIBELLE":"PRO 0807","LIBELLE_LO":"PRO 0807 - RD 15","AXE":"LGV","VOIE":1.0,"PK_DEB":80725.0,"PK_FIN":null,"CODE_FAMIL":"OA","LIBELLE_FA":"Ouvrage d’Art","INSEE":"86115","COMMUNE":"JAUNAY-CLAN","DEPARTEMEN":"VIENNE","voie_":"LGV1","_ph_path":"C:\\Users\\YCHAKER\\Downloads\\visivi_data_\\gp_2024\\thumbnail_LISEA (03714)_PK80+725_V2.JPG","_pk_fmt":"80+725","_sp_url":null,"_ph_url":"data/photos/oa/0437.jpg"},"geometry":{"type":"Point","coordinates":[0.37264594820857977,46.708742732193244]}},{"id":"438","type":"Feature","properties":{"fid":439.0,"ID_TEC_T_G":439.0,"CODE_OBJET":"OAL04-03400","LIBELLE":"PRA 0857","LIBELLE_LO":"PRA 0857 - VC 4","AXE":"LGV","VOIE":1.0,"PK_DEB":85732.0,"PK_FIN":null,"CODE_FAMIL":"OA","LIBELLE_FA":"Ouvrage d’Art","INSEE":"86062","COMMUNE":"CHASSENEUIL-DU-POITOU","DEPARTEMEN":"VIENNE","voie_":"LGV1","_ph_path":"C:\\Users\\YCHAKER\\Downloads\\visivi_data_\\gp_2024\\thumbnail_LISEA (03907)_PK85+723_V1.JPG","_pk_fmt":"85+732","_sp_url":null,"_ph_url":"data/photos/oa/0438.jpg"},"geometry":{"type":"Point","coordinates":[0.3549582118992168,46.66562875857624]}},{"id":"439","type":"Feature","properties":{"fid":440.0,"ID_TEC_T_G":440.0,"CODE_OBJET":"OAL04-00300","LIBELLE":"MSO MA2 0009","LIBELLE_LO":"MSO MA2 0009 - Mur INGALE","AXE":"MA2","VOIE":2.0,"PK_DEB":900.0,"PK_FIN":null,"CODE_FAMIL":"OA","LIBELLE_FA":"Ouvrage d’Art","INSEE":"86194","COMMUNE":"POITIERS","DEPARTEMEN":"VIENNE","voie_":"MA22","_ph_path":"C:\\Users\\YCHAKER\\Downloads\\visivi_data_\\gp_2024\\thumbnail_LISEA (04101)_PK1+108_RMA2.JPG","_pk_fmt":"0+900","_sp_url":null,"_ph_url":"data/photos/oa/0439.jpg"},"geometry":{"type":"Point","coordinates":[0.3523515033824376,46.61805975977962]}},{"id":"440","type":"Feature","properties":{"fid":441.0,"ID_TEC_T_G":441.0,"CODE_OBJET":"OAL14-02500","LIBELLE":"PRO 2614","LIBELLE_LO":"PRO 2614 - CR Charlemagne + Rando + AGR","AXE":"LGV","VOIE":1.0,"PK_DEB":261431.0,"PK_FIN":null,"CODE_FAMIL":"OA","LIBELLE_FA":"Ouvrage d’Art","INSEE":"17110","COMMUNE":"CLERAC","DEPARTEMEN":"CHARENTE-MARITIME","voie_":"LGV1","_ph_path":"C:\\Users\\YCHAKER\\Downloads\\visivi_data_\\gp_2024\\thumbnail_LISEA (11288)_PK261+431_V1.JPG","_pk_fmt":"261+431","_sp_url":null,"_ph_url":"data/photos/oa/0440.jpg"},"geometry":{"type":"Point","coordinates":[-0.19854375129011992,45.19607182546181]}},{"id":"441","type":"Feature","properties":{"fid":442.0,"ID_TEC_T_G":442.0,"CODE_OBJET":"OAL14-02000","LIBELLE":"PRO 2587","LIBELLE_LO":"PRO 2587 - AGR + Rando","AXE":"LGV","VOIE":1.0,"PK_DEB":258680.0,"PK_FIN":null,"CODE_FAMIL":"OA","LIBELLE_FA":"Ouvrage d’Art","INSEE":"17241","COMMUNE":"MONTGUYON","DEPARTEMEN":"CHARENTE-MARITIME","voie_":"LGV1","_ph_path":"C:\\Users\\YCHAKER\\Downloads\\visivi_data_\\gp_2024\\thumbnail_LISEA (11183)_PK258+68_V1.JPG","_pk_fmt":"258+680","_sp_url":null,"_ph_url":"data/photos/oa/0441.jpg"},"geometry":{"type":"Point","coordinates":[-0.1688425224806203,45.2089299200132]}},{"id":"442","type":"Feature","properties":{"fid":443.0,"ID_TEC_T_G":443.0,"CODE_OBJET":"OAL14-02200","LIBELLE":"VIA 2598","LIBELLE_LO":"VIA 2598 - Viaduc du Mouzon","AXE":"LGV","VOIE":1.0,"PK_DEB":259811.0,"PK_FIN":null,"CODE_FAMIL":"OA","LIBELLE_FA":"Ouvrage d’Art","INSEE":"17241","COMMUNE":"MONTGUYON","DEPARTEMEN":"CHARENTE-MARITIME","voie_":"LGV1","_ph_path":"C:\\Users\\YCHAKER\\Downloads\\visivi_data_\\gp_2024\\thumbnail_LISEA (11228)_PK259+807_V1.JPG","_pk_fmt":"259+811","_sp_url":null,"_ph_url":"data/photos/oa/0442.jpg"},"geometry":{"type":"Point","coordinates":[-0.1801783115125154,45.202658978188424]}},{"id":"443","type":"Feature","properties":{"fid":444.0,"ID_TEC_T_G":444.0,"CODE_OBJET":"OAL06-01400","LIBELLE":"PRO 1182","LIBELLE_LO":"PRO 1182 - RD 96","AXE":"LGV","VOIE":1.0,"PK_DEB":118265.0,"PK_FIN":null,"CODE_FAMIL":"OA","LIBELLE_FA":"Ouvrage d’Art","INSEE":"86045","COMMUNE":"CELLE-LEVESCAULT","DEPARTEMEN":"VIENNE","voie_":"LGV1","_ph_path":"C:\\Users\\YCHAKER\\Downloads\\visivi_data_\\gp_2024\\thumbnail_LISEA (05502)_PK118+26_V1.JPG","_pk_fmt":"118+265","_sp_url":null,"_ph_url":"data/photos/oa/0443.jpg"},"geometry":{"type":"Point","coordinates":[0.19731538760114808,46.400864075528546]}},{"id":"444","type":"Feature","properties":{"fid":445.0,"ID_TEC_T_G":445.0,"CODE_OBJET":"OAL14-03100","LIBELLE":"PRO HL 2639-1","LIBELLE_LO":"PRO HL 2639-1 - RD 158 B sur L'Espie (1)","AXE":"LGV","VOIE":1.0,"PK_DEB":263850.0,"PK_FIN":null,"CODE_FAMIL":"OA","LIBELLE_FA":"Ouvrage d’Art","INSEE":"17110","COMMUNE":"CLERAC","DEPARTEMEN":"CHARENTE-MARITIME","voie_":"LGV1","_ph_path":"C:\\Users\\YCHAKER\\Downloads\\visivi_data_\\gp_2024\\thumbnail_LISEA (11373)_PK263+863_V1.JPG","_pk_fmt":"263+850","_sp_url":null,"_ph_url":"data/photos/oa/0444.jpg"},"geometry":{"type":"Point","coordinates":[-0.2262174081728192,45.186452085788886]}},{"id":"445","type":"Feature","properties":{"fid":446.0,"ID_TEC_T_G":446.0,"CODE_OBJET":"OAL15-02100","LIBELLE":"PRO HL 2963-2","LIBELLE_LO":"PRO HL 2963-2 - RD 737 sur La Virvée","AXE":"LGV","VOIE":2.0,"PK_DEB":296296.0,"PK_FIN":null,"CODE_FAMIL":"OA","LIBELLE_FA":"Ouvrage d’Art","INSEE":"33143","COMMUNE":"CUBZAC-LES-PONTS","DEPARTEMEN":"GIRONDE","voie_":"LGV2","_ph_path":"C:\\Users\\YCHAKER\\Downloads\\visivi_data_\\gp_2024\\thumbnail_LISEA (12615)_PK296+301_V1.JPG","_pk_fmt":"296+296","_sp_url":null,"_ph_url":"data/photos/oa/0445.jpg"},"geometry":{"type":"Point","coordinates":[-0.44942474358289675,44.95559137708852]}},{"id":"446","type":"Feature","properties":{"fid":447.0,"ID_TEC_T_G":447.0,"CODE_OBJET":"OAL04-00900","LIBELLE":"VIA MA1 0035","LIBELLE_LO":"VIA MA1 0035 - Viaduc Auxance Est","AXE":"MA1","VOIE":1.0,"PK_DEB":3534.0,"PK_FIN":null,"CODE_FAMIL":"OA","LIBELLE_FA":"Ouvrage d’Art","INSEE":"86158","COMMUNE":"MIGNE-AUXANCES","DEPARTEMEN":"VIENNE","voie_":"MA11","_ph_path":"C:\\Users\\YCHAKER\\Downloads\\visivi_data_\\gp_2024\\thumbnail_LISEA (04018)_PK3+525_RMA2.JPG","_pk_fmt":"3+534","_sp_url":null,"_ph_url":"data/photos/oa/0446.jpg"},"geometry":{"type":"Point","coordinates":[0.34951994000931963,46.63955587832446]}},{"id":"447","type":"Feature","properties":{"fid":448.0,"ID_TEC_T_G":448.0,"CODE_OBJET":"OAL12-05100","LIBELLE":"PRA 2294","LIBELLE_LO":"PRA 2294 - RD 7","AXE":"LGV","VOIE":1.0,"PK_DEB":229435.0,"PK_FIN":null,"CODE_FAMIL":"OA","LIBELLE_FA":"Ouvrage d’Art","INSEE":"16115","COMMUNE":"CRESSAC-SAINT-GENIS","DEPARTEMEN":"CHARENTE","voie_":"LGV1","_ph_path":"C:\\Users\\YCHAKER\\Downloads\\visivi_data_\\gp_2024\\thumbnail_LISEA (10068)_PK229+435_V1.JPG","_pk_fmt":"229+435","_sp_url":null,"_ph_url":"data/photos/oa/0447.jpg"},"geometry":{"type":"Point","coordinates":[0.012517669375376551,45.43073234639939]}},{"id":"448","type":"Feature","properties":{"fid":449.0,"ID_TEC_T_G":449.0,"CODE_OBJET":"OAL11-03200","LIBELLE":"PRA 2050","LIBELLE_LO":"PRA 2050 - CR Trois Palis","AXE":"LGV","VOIE":1.0,"PK_DEB":205053.0,"PK_FIN":null,"CODE_FAMIL":"OA","LIBELLE_FA":"Ouvrage d’Art","INSEE":"16187","COMMUNE":"LINARS","DEPARTEMEN":"CHARENTE","voie_":"LGV1","_ph_path":"C:\\Users\\YCHAKER\\Downloads\\visivi_data_\\gp_2024\\thumbnail_LISEA (08956)_PK205+048_V1.JPG","_pk_fmt":"205+053","_sp_url":null,"_ph_url":"data/photos/oa/0448.jpg"},"geometry":{"type":"Point","coordinates":[0.0703278713083218,45.64241415791838]}},{"id":"449","type":"Feature","properties":{"fid":450.0,"ID_TEC_T_G":450.0,"CODE_OBJET":"OAL12-00100","LIBELLE":"MSO CE2 0001","LIBELLE_LO":"MSO CE2 0001 - Murs de la Couronne","AXE":"CE2","VOIE":2.0,"PK_DEB":800.0,"PK_FIN":null,"CODE_FAMIL":"OA","LIBELLE_FA":"Ouvrage d’Art","INSEE":"16113","COMMUNE":"LA COURONNE","DEPARTEMEN":"CHARENTE","voie_":"CE22","_ph_path":"C:\\Users\\YCHAKER\\Downloads\\visivi_data_\\gp_2024\\thumbnail_LISEA (09276)_PK0+413_RCO2.JPG","_pk_fmt":"0+800","_sp_url":null,"_ph_url":"data/photos/oa/0449.jpg"},"geometry":{"type":"Point","coordinates":[0.09786195103201871,45.59789921720758]}},{"id":"450","type":"Feature","properties":{"fid":451.0,"ID_TEC_T_G":451.0,"CODE_OBJET":"OAL12-00200","LIBELLE":"MSO CE1 0001","LIBELLE_LO":"MSO CE1 0001 - Murs de la Couronne","AXE":"CE1","VOIE":1.0,"PK_DEB":125.0,"PK_FIN":null,"CODE_FAMIL":"OA","LIBELLE_FA":"Ouvrage d’Art","INSEE":"16113","COMMUNE":"LA COURONNE","DEPARTEMEN":"CHARENTE","voie_":"CE11","_ph_path":"C:\\Users\\YCHAKER\\Downloads\\visivi_data_\\gp_2024\\thumbnail_LISEA (09273)_PK0+34_RCO2.JPG","_pk_fmt":"0+125","_sp_url":null,"_ph_url":"data/photos/oa/0450.jpg"},"geometry":{"type":"Point","coordinates":[0.09918320873381274,45.600040291472375]}},{"id":"451","type":"Feature","properties":{"fid":452.0,"ID_TEC_T_G":452.0,"CODE_OBJET":"OAL12-00500","LIBELLE":"PRA CE1 0011","LIBELLE_LO":"PRA CE1 0011 - RD 103","AXE":"CE1","VOIE":1.0,"PK_DEB":1180.0,"PK_FIN":null,"CODE_FAMIL":"OA","LIBELLE_FA":"Ouvrage d’Art","INSEE":"16113","COMMUNE":"LA COURONNE","DEPARTEMEN":"CHARENTE","voie_":"CE11","_ph_path":"C:\\Users\\YCHAKER\\Downloads\\visivi_data_\\gp_2024\\thumbnail_LISEA (09305)_PK1+201_RCO2.JPG","_pk_fmt":"1+180","_sp_url":null,"_ph_url":"data/photos/oa/0451.jpg"},"geometry":{"type":"Point","coordinates":[0.09355629852555596,45.59164017501987]}},{"id":"452","type":"Feature","properties":{"fid":453.0,"ID_TEC_T_G":453.0,"CODE_OBJET":"OAL05-02500","LIBELLE":"TRC 1021","LIBELLE_LO":"TRC 1021 - Tranchée couverte de Fontaine le Comte","AXE":"LGV","VOIE":1.0,"PK_DEB":102065.0,"PK_FIN":null,"CODE_FAMIL":"OA","LIBELLE_FA":"Ouvrage d’Art","INSEE":"86100","COMMUNE":"FONTAINE-LE-COMTE","DEPARTEMEN":"VIENNE","voie_":"LGV1","_ph_path":"C:\\Users\\YCHAKER\\Downloads\\visivi_data_\\gp_2024\\thumbnail_LISEA (04699)_PK102+0_V2.JPG","_pk_fmt":"102+065","_sp_url":null,"_ph_url":"data/photos/oa/0452.jpg"},"geometry":{"type":"Point","coordinates":[0.2508526418825141,46.54093636083625]}},{"id":"453","type":"Feature","properties":{"fid":454.0,"ID_TEC_T_G":454.0,"CODE_OBJET":"OAL15-02400","LIBELLE":"VIA 2973","LIBELLE_LO":"VIA 2973 - Viaduc d'accès Sud de la Dordogne","AXE":"LGV","VOIE":1.0,"PK_DEB":297391.0,"PK_FIN":null,"CODE_FAMIL":"OA","LIBELLE_FA":"Ouvrage d’Art","INSEE":"33433","COMMUNE":"SAINT-LOUBES","DEPARTEMEN":"GIRONDE","voie_":"LGV1","_ph_path":"C:\\Users\\YCHAKER\\Downloads\\visivi_data_\\gp_2024\\thumbnail_LISEA (12663)_PK297+393_V1.JPG","_pk_fmt":"297+391","_sp_url":null,"_ph_url":"data/photos/oa/0453.jpg"},"geometry":{"type":"Point","coordinates":[-0.45776398992294165,44.94758365685408]}},{"id":"454","type":"Feature","properties":{"fid":455.0,"ID_TEC_T_G":455.0,"CODE_OBJET":"OAL07-02200","LIBELLE":"PRO 1398","LIBELLE_LO":"PRO 1398 - RD 35","AXE":"LGV","VOIE":1.0,"PK_DEB":139800.0,"PK_FIN":null,"CODE_FAMIL":"OA","LIBELLE_FA":"Ouvrage d’Art","INSEE":"86068","COMMUNE":"CHAUNAY","DEPARTEMEN":"VIENNE","voie_":"LGV1","_ph_path":"C:\\Users\\YCHAKER\\Downloads\\visivi_data_\\gp_2024\\thumbnail_LISEA (06307)_PK139+788_V1.JPG","_pk_fmt":"139+800","_sp_url":null,"_ph_url":"data/photos/oa/0454.jpg"},"geometry":{"type":"Point","coordinates":[0.13962276564395742,46.21708340244835]}},{"id":"455","type":"Feature","properties":{"fid":456.0,"ID_TEC_T_G":456.0,"CODE_OBJET":"OAL08-00500","LIBELLE":"PRA 1435","LIBELLE_LO":"PRA 1435 - OH Le Chavenon","AXE":"LGV","VOIE":1.0,"PK_DEB":143462.0,"PK_FIN":null,"CODE_FAMIL":"OA","LIBELLE_FA":"Ouvrage d’Art","INSEE":"86068","COMMUNE":"CHAUNAY","DEPARTEMEN":"VIENNE","voie_":"LGV1","_ph_path":"C:\\Users\\YCHAKER\\Downloads\\visivi_data_\\gp_2024\\thumbnail_LISEA (06442)_PK143+46_V2.JPG","_pk_fmt":"143+462","_sp_url":null,"_ph_url":"data/photos/oa/0455.jpg"},"geometry":{"type":"Point","coordinates":[0.1328860262247059,46.18455144452948]}},{"id":"456","type":"Feature","properties":{"fid":457.0,"ID_TEC_T_G":457.0,"CODE_OBJET":"OAL08-00800","LIBELLE":"PRO 1466","LIBELLE_LO":"PRO 1466 - VC2","AXE":"LGV","VOIE":1.0,"PK_DEB":146593.0,"PK_FIN":null,"CODE_FAMIL":"OA","LIBELLE_FA":"Ouvrage d’Art","INSEE":"79212","COMMUNE":"PLIBOU","DEPARTEMEN":"DEUX-SEVRES","voie_":"LGV1","_ph_path":"C:\\Users\\YCHAKER\\Downloads\\visivi_data_\\gp_2024\\thumbnail_LISEA (06549)_PK146+584_V1.JPG","_pk_fmt":"146+593","_sp_url":null,"_ph_url":"data/photos/oa/0456.jpg"},"geometry":{"type":"Point","coordinates":[0.13324204976254023,46.15636243649604]}},{"id":"457","type":"Feature","properties":{"fid":458.0,"ID_TEC_T_G":458.0,"CODE_OBJET":"OAL08-01500","LIBELLE":"PRO 1521","LIBELLE_LO":"PRO 1521 - CR Bois de Bareau + RANDO +PGF + AGR","AXE":"LGV","VOIE":1.0,"PK_DEB":152146.0,"PK_FIN":null,"CODE_FAMIL":"OA","LIBELLE_FA":"Ouvrage d’Art","INSEE":"79307","COMMUNE":"SAUZE-VAUSSAIS","DEPARTEMEN":"DEUX-SEVRES","voie_":"LGV1","_ph_path":"C:\\Users\\YCHAKER\\Downloads\\visivi_data_\\gp_2024\\thumbnail_LISEA (06758)_PK152+154_V2.JPG","_pk_fmt":"152+146","_sp_url":null,"_ph_url":"data/photos/oa/0457.jpg"},"geometry":{"type":"Point","coordinates":[0.12708515445855903,46.106594807501814]}},{"id":"458","type":"Feature","properties":{"fid":459.0,"ID_TEC_T_G":459.0,"CODE_OBJET":"OAL08-01800","LIBELLE":"PRA 1537","LIBELLE_LO":"PRA 1537 - OH La Péruse","AXE":"LGV","VOIE":1.0,"PK_DEB":153701.0,"PK_FIN":null,"CODE_FAMIL":"OA","LIBELLE_FA":"Ouvrage d’Art","INSEE":"16189","COMMUNE":"LONDIGNY","DEPARTEMEN":"CHARENTE","voie_":"LGV1","_ph_path":"C:\\Users\\YCHAKER\\Downloads\\visivi_data_\\gp_2024\\thumbnail_LISEA (06811)_PK153+705_V2.JPG","_pk_fmt":"153+701","_sp_url":null,"_ph_url":"data/photos/oa/0458.jpg"},"geometry":{"type":"Point","coordinates":[0.12507825870940736,46.09262407145338]}},{"id":"459","type":"Feature","properties":{"fid":460.0,"ID_TEC_T_G":460.0,"CODE_OBJET":"OAL06-01700","LIBELLE":"PRO 1218","LIBELLE_LO":"PRO 1218 - VC 7","AXE":"LGV","VOIE":1.0,"PK_DEB":121839.0,"PK_FIN":null,"CODE_FAMIL":"OA","LIBELLE_FA":"Ouvrage d’Art","INSEE":"86045","COMMUNE":"CELLE-LEVESCAULT","DEPARTEMEN":"VIENNE","voie_":"LGV1","_ph_path":"C:\\Users\\YCHAKER\\Downloads\\visivi_data_\\gp_2024\\thumbnail_LISEA (05642)_PK121+827_V1.JPG","_pk_fmt":"121+839","_sp_url":null,"_ph_url":"data/photos/oa/0459.jpg"},"geometry":{"type":"Point","coordinates":[0.17667147516202372,46.37222958008088]}},{"id":"460","type":"Feature","properties":{"fid":461.0,"ID_TEC_T_G":461.0,"CODE_OBJET":"OAL07-00400","LIBELLE":"PRO 1260","LIBELLE_LO":"PRO 1260 - PGF","AXE":"LGV","VOIE":1.0,"PK_DEB":126028.0,"PK_FIN":null,"CODE_FAMIL":"OA","LIBELLE_FA":"Ouvrage d’Art","INSEE":"79230","COMMUNE":"ROM","DEPARTEMEN":"DEUX-SEVRES","voie_":"LGV1","_ph_path":"C:\\Users\\YCHAKER\\Downloads\\visivi_data_\\gp_2024\\thumbnail_LISEA (05801)_PK126+026_V2.JPG","_pk_fmt":"126+028","_sp_url":null,"_ph_url":"data/photos/oa/0460.jpg"},"geometry":{"type":"Point","coordinates":[0.1507448358462784,46.33916596721664]}},{"id":"461","type":"Feature","properties":{"fid":462.0,"ID_TEC_T_G":462.0,"CODE_OBJET":"OAL07-00700","LIBELLE":"PRO 1284","LIBELLE_LO":"PRO 1284 - RD 57 + rando","AXE":"LGV","VOIE":1.0,"PK_DEB":128405.0,"PK_FIN":null,"CODE_FAMIL":"OA","LIBELLE_FA":"Ouvrage d’Art","INSEE":"79230","COMMUNE":"ROM","DEPARTEMEN":"DEUX-SEVRES","voie_":"LGV1","_ph_path":"C:\\Users\\YCHAKER\\Downloads\\visivi_data_\\gp_2024\\thumbnail_LISEA (05887)_PK128+399_V1.JPG","_pk_fmt":"128+405","_sp_url":null,"_ph_url":"data/photos/oa/0461.jpg"},"geometry":{"type":"Point","coordinates":[0.14168034564902326,46.31871409874972]}},{"id":"462","type":"Feature","properties":{"fid":463.0,"ID_TEC_T_G":463.0,"CODE_OBJET":"OAL12-02100","LIBELLE":"PRA 2099","LIBELLE_LO":"PRA 2099 - VC de Fustifort","AXE":"LGV","VOIE":1.0,"PK_DEB":209994.0,"PK_FIN":null,"CODE_FAMIL":"OA","LIBELLE_FA":"Ouvrage d’Art","INSEE":"16287","COMMUNE":"ROULLET-SAINT-ESTEPHE","DEPARTEMEN":"CHARENTE","voie_":"LGV1","_ph_path":"C:\\Users\\YCHAKER\\Downloads\\visivi_data_\\gp_2024\\thumbnail_LISEA (09134)_PK210+007_V2.JPG","_pk_fmt":"209+994","_sp_url":null,"_ph_url":"data/photos/oa/0462.jpg"},"geometry":{"type":"Point","coordinates":[0.06608198181200235,45.59815673711812]}},{"id":"463","type":"Feature","properties":{"fid":464.0,"ID_TEC_T_G":464.0,"CODE_OBJET":"OAL12-02500","LIBELLE":"SDM 2125","LIBELLE_LO":"SDM 2125 - Saut de mouton de Roullet Saint Estephe","AXE":"LGV","VOIE":1.0,"PK_DEB":212595.0,"PK_FIN":null,"CODE_FAMIL":"OA","LIBELLE_FA":"Ouvrage d’Art","INSEE":"16287","COMMUNE":"ROULLET-SAINT-ESTEPHE","DEPARTEMEN":"CHARENTE","voie_":"LGV1","_ph_path":"C:\\Users\\YCHAKER\\Downloads\\visivi_data_\\gp_2024\\thumbnail_LISEA (09223)_PK4+215_RCO2.JPG","_pk_fmt":"212+595","_sp_url":null,"_ph_url":"data/photos/oa/0463.jpg"},"geometry":{"type":"Point","coordinates":[0.06481462598907387,45.57474637111173]}},{"id":"464","type":"Feature","properties":{"fid":465.0,"ID_TEC_T_G":465.0,"CODE_OBJET":"OAL12-03000","LIBELLE":"PRA 2170","LIBELLE_LO":"PRA 2170 - RD 22","AXE":"LGV","VOIE":1.0,"PK_DEB":217006.0,"PK_FIN":null,"CODE_FAMIL":"OA","LIBELLE_FA":"Ouvrage d’Art","INSEE":"16263","COMMUNE":"PLASSAC-ROUFFIAC","DEPARTEMEN":"CHARENTE","voie_":"LGV1","_ph_path":"C:\\Users\\YCHAKER\\Downloads\\visivi_data_\\gp_2024\\thumbnail_LISEA (09590)_PK216+993_V1.JPG","_pk_fmt":"217+006","_sp_url":null,"_ph_url":"data/photos/oa/0464.jpg"},"geometry":{"type":"Point","coordinates":[0.05674443969304676,45.53561769561041]}},{"id":"465","type":"Feature","properties":{"fid":466.0,"ID_TEC_T_G":466.0,"CODE_OBJET":"OAL12-03700","LIBELLE":"PRA 2220","LIBELLE_LO":"PRA 2220 - VC7 + rando","AXE":"LGV","VOIE":1.0,"PK_DEB":222022.0,"PK_FIN":null,"CODE_FAMIL":"OA","LIBELLE_FA":"Ouvrage d’Art","INSEE":"16075","COMMUNE":"CHAMPAGNE-VIGNY","DEPARTEMEN":"CHARENTE","voie_":"LGV1","_ph_path":"C:\\Users\\YCHAKER\\Downloads\\visivi_data_\\gp_2024\\thumbnail_LISEA (09781)_PK222+024_V1.JPG","_pk_fmt":"222+022","_sp_url":null,"_ph_url":"data/photos/oa/0465.jpg"},"geometry":{"type":"Point","coordinates":[0.053238843681379495,45.490754113274185]}},{"id":"466","type":"Feature","properties":{"fid":467.0,"ID_TEC_T_G":467.0,"CODE_OBJET":"OAL04-01400","LIBELLE":"PRA 0718","LIBELLE_LO":"PRA 0718 - l'Envigne","AXE":"LGV","VOIE":1.0,"PK_DEB":71881.0,"PK_FIN":null,"CODE_FAMIL":"OA","LIBELLE_FA":"Ouvrage d’Art","INSEE":"86146","COMMUNE":"MARIGNY-BRIZAY","DEPARTEMEN":"VIENNE","voie_":"LGV1","_ph_path":"C:\\Users\\YCHAKER\\Downloads\\visivi_data_\\gp_2024\\thumbnail_LISEA (03374)_PK71+892_V2.JPG","_pk_fmt":"71+881","_sp_url":null,"_ph_url":"data/photos/oa/0466.jpg"},"geometry":{"type":"Point","coordinates":[0.3895106280386844,46.78518568315743]}},{"id":"467","type":"Feature","properties":{"fid":468.0,"ID_TEC_T_G":468.0,"CODE_OBJET":"OAL09-00500","LIBELLE":"PRO 1630","LIBELLE_LO":"PRO 1630 - RD 182","AXE":"LGV","VOIE":1.0,"PK_DEB":162957.0,"PK_FIN":null,"CODE_FAMIL":"OA","LIBELLE_FA":"Ouvrage d’Art","INSEE":"16273","COMMUNE":"RAIX","DEPARTEMEN":"CHARENTE","voie_":"LGV1","_ph_path":"C:\\Users\\YCHAKER\\Downloads\\visivi_data_\\gp_2024\\thumbnail_LISEA (07152)_PK162+968_V2.JPG","_pk_fmt":"162+957","_sp_url":null,"_ph_url":"data/photos/oa/0467.jpg"},"geometry":{"type":"Point","coordinates":[0.1239653821771982,46.00942591805643]}},{"id":"468","type":"Feature","properties":{"fid":469.0,"ID_TEC_T_G":469.0,"CODE_OBJET":"OAL12-00600","LIBELLE":"EST CE0 0017","LIBELLE_LO":"EST CE0 0017 - Estacade de la Couronne","AXE":"CE1","VOIE":1.0,"PK_DEB":1681.0,"PK_FIN":null,"CODE_FAMIL":"OA","LIBELLE_FA":"Ouvrage d’Art","INSEE":"16113","COMMUNE":"LA COURONNE","DEPARTEMEN":"CHARENTE","voie_":"CE11","_ph_path":"C:\\Users\\YCHAKER\\Downloads\\visivi_data_\\gp_2024\\thumbnail_LISEA (09323)_PK1+679_RCO2.JPG","_pk_fmt":"1+681","_sp_url":null,"_ph_url":"data/photos/oa/0468.jpg"},"geometry":{"type":"Point","coordinates":[0.08807325244868978,45.58952218623966]}},{"id":"469","type":"Feature","properties":{"fid":470.0,"ID_TEC_T_G":470.0,"CODE_OBJET":"OAL12-01800","LIBELLE":"PRO 2067","LIBELLE_LO":"PRO 2067 - RD 699","AXE":"LGV","VOIE":1.0,"PK_DEB":206771.0,"PK_FIN":null,"CODE_FAMIL":"OA","LIBELLE_FA":"Ouvrage d’Art","INSEE":"16244","COMMUNE":"NERSAC","DEPARTEMEN":"CHARENTE","voie_":"LGV1","_ph_path":"C:\\Users\\YCHAKER\\Downloads\\visivi_data_\\gp_2024\\thumbnail_LISEA (09019)_PK206+76_V2.JPG","_pk_fmt":"206+771","_sp_url":null,"_ph_url":"data/photos/oa/0469.jpg"},"geometry":{"type":"Point","coordinates":[0.07048825848709585,45.62696032887832]}},{"id":"470","type":"Feature","properties":{"fid":471.0,"ID_TEC_T_G":471.0,"CODE_OBJET":"OAL02-02500","LIBELLE":"SDM 0382","LIBELLE_LO":"SDM 0382 - Saut de mouton 2 de maille","AXE":"LGV","VOIE":1.0,"PK_DEB":38236.0,"PK_FIN":null,"CODE_FAMIL":"OA","LIBELLE_FA":"Ouvrage d’Art","INSEE":"37142","COMMUNE":"MAILLE","DEPARTEMEN":"INDRE-ET-LOIRE","voie_":"LGV1","_ph_path":"C:\\Users\\YCHAKER\\Downloads\\visivi_data_\\gp_2024\\thumbnail_LISEA (02058)_PK38+237_V2.JPG","_pk_fmt":"38+236","_sp_url":null,"_ph_url":"data/photos/oa/0470.jpg"},"geometry":{"type":"Point","coordinates":[0.5841034808146315,47.0437760573932]}},{"id":"471","type":"Feature","properties":{"fid":472.0,"ID_TEC_T_G":472.0,"CODE_OBJET":"OAL04-01700","LIBELLE":"TRC 0751","LIBELLE_LO":"TRC 0751 - Tranchée couverte de marigny-brizay","AXE":"LGV","VOIE":1.0,"PK_DEB":75132.0,"PK_FIN":null,"CODE_FAMIL":"OA","LIBELLE_FA":"Ouvrage d’Art","INSEE":"86146","COMMUNE":"MARIGNY-BRIZAY","DEPARTEMEN":"VIENNE","voie_":"LGV1","_ph_path":"C:\\Users\\YCHAKER\\Downloads\\visivi_data_\\gp_2024\\thumbnail_LISEA (03495)_PK75+13_V1.JPG","_pk_fmt":"75+132","_sp_url":null,"_ph_url":"data/photos/oa/0471.jpg"},"geometry":{"type":"Point","coordinates":[0.3945725359088339,46.75617713429992]}},{"id":"472","type":"Feature","properties":{"fid":473.0,"ID_TEC_T_G":473.0,"CODE_OBJET":"OAL15-02600","LIBELLE":"PRA 2985","LIBELLE_LO":"PRA 2985 - Saut de mouton de St Vincent de Paul","AXE":"LGV","VOIE":1.0,"PK_DEB":298515.0,"PK_FIN":null,"CODE_FAMIL":"OA","LIBELLE_FA":"Ouvrage d’Art","INSEE":"33487","COMMUNE":"SAINT-VINCENT-DE-PAUL","DEPARTEMEN":"GIRONDE","voie_":"LGV1","_ph_path":"C:\\Users\\YCHAKER\\Downloads\\visivi_data_\\gp_2024\\thumbnail_LISEA (12707)_PK298+528_V1.JPG","_pk_fmt":"298+515","_sp_url":null,"_ph_url":"data/photos/oa/0472.jpg"},"geometry":{"type":"Point","coordinates":[-0.466690688036057,44.93981223699963]}},{"id":"473","type":"Feature","properties":{"fid":474.0,"ID_TEC_T_G":474.0,"CODE_OBJET":"OAL15-03200","LIBELLE":"SDM AL0 3005","LIBELLE_LO":"SDM AL0 3005 - Saut de mouton d'Ambares","AXE":"AL1","VOIE":1.0,"PK_DEB":300347.0,"PK_FIN":null,"CODE_FAMIL":"OA","LIBELLE_FA":"Ouvrage d’Art","INSEE":"33003","COMMUNE":"AMBARES-ET-LAGRAVE","DEPARTEMEN":"GIRONDE","voie_":"AL11","_ph_path":"C:\\Users\\YCHAKER\\Downloads\\visivi_data_\\gp_2024\\thumbnail_LISEA (12769)_PK300+335_V2.JPG","_pk_fmt":"300+347","_sp_url":null,"_ph_url":"data/photos/oa/0473.jpg"},"geometry":{"type":"Point","coordinates":[-0.48648366698367024,44.93184834551891]}}]}