{"type":"FeatureCollection","features":[{"type":"Feature","properties":{"name":"PRO 0991 - RD 3","LIBELLE":"PRO 0991 - RD 3","LIBELLE_COURT":"PRO 0991","COMMUNE":"VOUNEUIL-SOUS-BIARD","SITUATION":"LGV","PKEF":"99,1","TYPE":"PRO - PRAD","INFRA_PORTEE":"RD 3","INFRA_FRANCHIE":"LGV","HAUTEUR_LIBRE":"6,115","LONGUEUR_BIAISE":"53,99"},"geometry":{"type":"Polygon","coordinates":[[[0.272153,46.562513],[0.272077,46.562411],[0.272786,46.562418],[0.272856,46.562521],[0.272153,46.562513]]]}},{"type":"Feature","properties":{"name":"PRA 0988 - La Droiterie","LIBELLE":"PRA 0988 - La Droiterie","LIBELLE_COURT":"PRA 0988","COMMUNE":"VOUNEUIL-SOUS-BIARD","SITUATION":"LGV","PKEF":"98,891","TYPE":"PRA - Voûte","INFRA_PORTEE":"LGV","INFRA_FRANCHIE":"La Droiterie","HAUTEUR_LIBRE":"3,79","LONGUEUR_BIAISE":"-"},"geometry":{"type":"Polygon","coordinates":[[[0.273753,46.564137],[0.27375,46.564135],[0.273835,46.564076],[0.273814,46.564024],[0.273699,46.56401],[0.273699,46.564007],[0.273817,46.564022],[0.274275,46.563921],[0.274346,46.56387],[0.274349,46.563872],[0.274279,46.563921],[0.274305,46.563976],[0.274432,46.563992],[0.274431,46.563995],[0.274302,46.563978],[0.273839,46.564077],[0.273753,46.564137]]]}},{"type":"Feature","properties":{"name":"PRO 0986 - RD 3D","LIBELLE":"PRO 0986 - RD 3D","LIBELLE_COURT":"PRO 0986","COMMUNE":"VOUNEUIL-SOUS-BIARD","SITUATION":"LGV","PKEF":"98,684","TYPE":"PRO - PRAD","INFRA_PORTEE":"RD 3D","INFRA_FRANCHIE":"LGV","HAUTEUR_LIBRE":"6,1","LONGUEUR_BIAISE":"39,09"},"geometry":{"type":"Polygon","coordinates":[[[0.275468,46.565684],[0.275363,46.565581],[0.275781,46.565378],[0.275884,46.565479],[0.275468,46.565684]]]}},{"type":"Feature","properties":{"name":"PRO 0980 - CR Domaine de Fleury + PGF","LIBELLE":"PRO 0980 - CR Domaine de Fleury + PGF","LIBELLE_COURT":"PRO 0980","COMMUNE":"VOUNEUIL-SOUS-BIARD","SITUATION":"LGV","PKEF":"98,004","TYPE":"PRO - Portique PGF","INFRA_PORTEE":"CR des 4 vents + PGF","INFRA_FRANCHIE":"LGV","HAUTEUR_LIBRE":"6,564","LONGUEUR_BIAISE":"13,9"},"geometry":{"type":"Polygon","coordinates":[[[0.28082,46.570681],[0.280646,46.570511],[0.280795,46.570439],[0.280964,46.570607],[0.28082,46.570681]]]}},{"type":"Feature","properties":{"name":"VIA 0970 - Viaduc de la Boivre","LIBELLE":"VIA 0970 - Viaduc de la Boivre","LIBELLE_COURT":"VIA 0970","COMMUNE":"BIARD","SITUATION":"LGV","PKEF":"96,975","TYPE":"Viaduc","INFRA_PORTEE":"LGV","INFRA_FRANCHIE":"La Boivre","HAUTEUR_LIBRE":"","LONGUEUR_BIAISE":"147,6"},"geometry":{"type":"Polygon","coordinates":[[[0.288735,46.578885],[0.287602,46.577629],[0.287745,46.577567],[0.288883,46.578822],[0.288735,46.578885]]]}},{"type":"Feature","properties":{"name":"PRO 0965 - RD 6","LIBELLE":"PRO 0965 - RD 6","LIBELLE_COURT":"PRO 0965","COMMUNE":"BIARD","SITUATION":"LGV","PKEF":"96,589","TYPE":"PRO - PRAD","INFRA_PORTEE":"RD 6","INFRA_FRANCHIE":"LGV","HAUTEUR_LIBRE":"10,45","LONGUEUR_BIAISE":"50,92"},"geometry":{"type":"Polygon","coordinates":[[[0.290264,46.581505],[0.290167,46.581399],[0.291364,46.580908],[0.291456,46.581014],[0.290264,46.581505]]]}},{"type":"Feature","properties":{"name":"PRO 0952 - CR à Chars","LIBELLE":"PRO 0952 - CR à Chars","LIBELLE_COURT":"PRO 0952","COMMUNE":"BIARD","SITUATION":"LGV","PKEF":"95,237","TYPE":"PRO - PRAD","INFRA_PORTEE":"CR à Chars","INFRA_FRANCHIE":"LGV","HAUTEUR_LIBRE":"6,47","LONGUEUR_BIAISE":"39,74"},"geometry":{"type":"Polygon","coordinates":[[[0.30016,46.591576],[0.300113,46.591529],[0.300558,46.591303],[0.300608,46.591346],[0.30016,46.591576]]]}},{"type":"Feature","properties":{"name":"PRO 0936 - RD 30 (ex. RN 149)","LIBELLE":"PRO 0936 - RD 30 (ex. RN 149)","LIBELLE_COURT":"PRO 0936","COMMUNE":"POITIERS","SITUATION":"LGV","PKEF":"93,632","TYPE":"PRO - Portique","INFRA_PORTEE":"RD 30 (ex. RN 149)","INFRA_FRANCHIE":"LGV","HAUTEUR_LIBRE":"6,829","LONGUEUR_BIAISE":"45,206"},"geometry":{"type":"Polygon","coordinates":[[[0.313795,46.602591],[0.31365,46.602482],[0.313921,46.602378],[0.314066,46.602489],[0.313795,46.602591]]]}},{"type":"Feature","properties":{"name":"PRO 0928 - RD 757","LIBELLE":"PRO 0928 - RD 757","LIBELLE_COURT":"PRO 0928","COMMUNE":"POITIERS","SITUATION":"LGV","PKEF":"92,871","TYPE":"PRO - Poutrelles enrobées","INFRA_PORTEE":"RD 757","INFRA_FRANCHIE":"LGV + V3+ V4","HAUTEUR_LIBRE":"6,69","LONGUEUR_BIAISE":"75,3"},"geometry":{"type":"Polygon","coordinates":[[[0.320198,46.608051],[0.320055,46.607935],[0.320458,46.607317],[0.320601,46.607433],[0.320198,46.608051]]]}},{"type":"Feature","properties":{"name":"PRO 0918 - CR La Garde","LIBELLE":"PRO 0918 - CR La Garde","LIBELLE_COURT":"PRO 0918","COMMUNE":"POITIERS","SITUATION":"LGV","PKEF":"91,84","TYPE":"PRO - PRAD","INFRA_PORTEE":"CR La Garde","INFRA_FRANCHIE":"LGV","HAUTEUR_LIBRE":"7,924","LONGUEUR_BIAISE":"45,3"},"geometry":{"type":"Polygon","coordinates":[[[0.328912,46.614913],[0.328797,46.614822],[0.329277,46.614539],[0.329385,46.614637],[0.328912,46.614913]]]}},{"type":"Feature","properties":{"name":"TRC 0911 - Tranchée couverte de Poitiers","LIBELLE":"TRC 0911 - Tranchée couverte de Poitiers","LIBELLE_COURT":"TRC 0911","COMMUNE":"MIGNE-AUXANCES","SITUATION":"LGV","PKEF":"91,179","TYPE":"Tranchée couverte","INFRA_PORTEE":"RN 147","INFRA_FRANCHIE":"LGV","HAUTEUR_LIBRE":"6,42","LONGUEUR_BIAISE":"52"},"geometry":{"type":"Polygon","coordinates":[[[0.334723,46.619644],[0.334171,46.619134],[0.334151,46.619136],[0.334096,46.619098],[0.334138,46.619077],[0.334196,46.619131],[0.334401,46.619106],[0.334954,46.619615],[0.334974,46.619613],[0.335045,46.619665],[0.335003,46.619686],[0.334929,46.619618],[0.334723,46.619644]]]}},{"type":"Feature","properties":{"name":"PRO 0905 - VC 12","LIBELLE":"PRO 0905 - VC 12","LIBELLE_COURT":"PRO 0905","COMMUNE":"POITIERS","SITUATION":"LGV","PKEF":"90,598","TYPE":"PRO - PRAD","INFRA_PORTEE":"VC 12","INFRA_FRANCHIE":"LGV","HAUTEUR_LIBRE":"9,268","LONGUEUR_BIAISE":"53,64"},"geometry":{"type":"Polygon","coordinates":[[[0.338655,46.623934],[0.33858,46.62385],[0.338947,46.623439],[0.339018,46.623518],[0.338655,46.623934]]]}},{"type":"Feature","properties":{"name":"PRO 0902 - VC 10 - Rue des Cosses","LIBELLE":"PRO 0902 - VC 10 - Rue des Cosses","LIBELLE_COURT":"PRO 0902","COMMUNE":"MIGNE-AUXANCES","SITUATION":"LGV","PKEF":"90,25","TYPE":"PRO - PRAD","INFRA_PORTEE":"VC 10 - Rue des Cosses","INFRA_FRANCHIE":"LGV","HAUTEUR_LIBRE":"6,011","LONGUEUR_BIAISE":"39,64"},"geometry":{"type":"Polygon","coordinates":[[[0.340899,46.626518],[0.340833,46.626438],[0.341281,46.626263],[0.341347,46.626343],[0.340899,46.626518]]]}},{"type":"Feature","properties":{"name":"PRA 0892 - VF + VC La Rivardiere","LIBELLE":"PRA 0892 - VF + VC La Rivardiere","LIBELLE_COURT":"PRA 0892","COMMUNE":"MIGNE-AUXANCES","SITUATION":"LGV","PKEF":"89,226","TYPE":"Viaduc","INFRA_PORTEE":"LGV","INFRA_FRANCHIE":"VF + VC La Rivardiere","HAUTEUR_LIBRE":"VC: 5,51 VF: 12,47","LONGUEUR_BIAISE":"90,4"},"geometry":{"type":"Polygon","coordinates":[[[0.346167,46.634475],[0.346362,46.63443],[0.346536,46.634389],[0.346716,46.634335],[0.346719,46.634339],[0.346538,46.634393],[0.346971,46.635194],[0.346795,46.635235],[0.346364,46.634434],[0.346169,46.634479],[0.346167,46.634475]]]}},{"type":"Feature","properties":{"name":"VIA 0886 - Viaduc Auxance Ouest","LIBELLE":"VIA 0886 - Viaduc Auxance Ouest","LIBELLE_COURT":"VIA 0886","COMMUNE":"MIGNE-AUXANCES","SITUATION":"LGV","PKEF":"88,644","TYPE":"Viaduc","INFRA_PORTEE":"LGV","INFRA_FRANCHIE":"L'Auxance + RD87 + VLT","HAUTEUR_LIBRE":"","LONGUEUR_BIAISE":"444,4"},"geometry":{"type":"Polygon","coordinates":[[[0.349633,46.64174],[0.349539,46.641475],[0.349488,46.641332],[0.349277,46.640759],[0.348971,46.639963],[0.348734,46.639376],[0.348357,46.638483],[0.34806,46.637814],[0.348221,46.63778],[0.348517,46.638448],[0.34882,46.63916],[0.349111,46.639875],[0.349495,46.640875],[0.349653,46.641307],[0.349703,46.641447],[0.349797,46.641713],[0.349633,46.64174]]]}},{"type":"Feature","properties":{"name":"PRO 0882 - VC 1","LIBELLE":"PRO 0882 - VC 1","LIBELLE_COURT":"PRO 0882","COMMUNE":"CHASSENEUIL-DU-POITOU","SITUATION":"LGV","PKEF":"88,276","TYPE":"PRO - PRAD","INFRA_PORTEE":"VC 1","INFRA_FRANCHIE":"LGV + RAC MA1 + RAC MA2","HAUTEUR_LIBRE":"6,99","LONGUEUR_BIAISE":"75,48"},"geometry":{"type":"Polygon","coordinates":[[[0.349831,46.643071],[0.3498,46.64299],[0.350744,46.642811],[0.350778,46.642895],[0.349831,46.643071]]]}},{"type":"Feature","properties":{"name":"SDM 0871 - Saut de mouton de Chasseneuil du Poitou","LIBELLE":"SDM 0871 - Saut de mouton de Chasseneuil du Poitou","LIBELLE_COURT":"SDM 0871","COMMUNE":"CHASSENEUIL-DU-POITOU","SITUATION":"LGV","PKEF":"87,058","TYPE":"Saut-de-mouton - Murs terre armée","INFRA_PORTEE":"RAC MA2","INFRA_FRANCHIE":"LGV","HAUTEUR_LIBRE":"6,443","LONGUEUR_BIAISE":""},"geometry":{"type":"Polygon","coordinates":[[[0.352843,46.652077],[0.352849,46.652077],[0.353085,46.652958],[0.353065,46.65296],[0.353274,46.6538],[0.35328,46.6538],[0.353427,46.654383],[0.35322,46.654408],[0.353239,46.654497],[0.35322,46.654498],[0.35339,46.655286],[0.353384,46.655287],[0.353214,46.654495],[0.353232,46.654493],[0.353214,46.654407],[0.352923,46.653224],[0.352917,46.653225],[0.352888,46.653089],[0.353083,46.65306],[0.353058,46.652957],[0.353078,46.652954],[0.352843,46.652077]]]}},{"type":"Feature","properties":{"name":"PRO 0867 - RD 18","LIBELLE":"PRO 0867 - RD 18","LIBELLE_COURT":"PRO 0867","COMMUNE":"CHASSENEUIL-DU-POITOU","SITUATION":"LGV","PKEF":"86,727","TYPE":"PRO - Mixte","INFRA_PORTEE":"RD 18","INFRA_FRANCHIE":"LGV + RAC MA1 + RAC MA2","HAUTEUR_LIBRE":"LGV : 8,730 RAC V1: 8,716 RAV V2: 6,150","LONGUEUR_BIAISE":"105,7"},"geometry":{"type":"Polygon","coordinates":[[[0.352839,46.656744],[0.352839,46.656632],[0.354453,46.65663],[0.354453,46.656742],[0.352839,46.656744]]]}},{"type":"Feature","properties":{"name":"PRO HL 0867-1 - RD 18","LIBELLE":"PRO HL 0867-1 - RD 18","LIBELLE_COURT":"PRO HL 0867-1","COMMUNE":"CHASSENEUIL-DU-POITOU","SITUATION":"LGV V1","PKEF":"86,727","TYPE":"PRO - PRAD","INFRA_PORTEE":"RD 18","INFRA_FRANCHIE":"A10","HAUTEUR_LIBRE":"5,05","LONGUEUR_BIAISE":"62,08"},"geometry":{"type":"Polygon","coordinates":[[[0.35478,46.656636],[0.355703,46.656635],[0.355706,46.656747],[0.354782,46.656748],[0.35478,46.656636]]]}},{"type":"Feature","properties":{"name":"PRA 0857 - VC 4","LIBELLE":"PRA 0857 - VC 4","LIBELLE_COURT":"PRA 0857","COMMUNE":"CHASSENEUIL-DU-POITOU","SITUATION":"LGV","PKEF":"85,732","TYPE":"PRA - Cadre/Dalot BA","INFRA_PORTEE":"LGV + RAC MA2","INFRA_FRANCHIE":"VC 4","HAUTEUR_LIBRE":"4,483","LONGUEUR_BIAISE":"15,268"},"geometry":{"type":"Polygon","coordinates":[[[0.354613,46.665659],[0.354613,46.665653],[0.354761,46.665657],[0.354745,46.665529],[0.354584,46.665505],[0.354587,46.665498],[0.354754,46.665523],[0.355139,46.66559],[0.355294,46.665583],[0.355294,46.66559],[0.35515,46.665596],[0.355166,46.665725],[0.355322,46.66575],[0.35532,46.665757],[0.355157,46.665731],[0.354772,46.665664],[0.354613,46.665659]]]}},{"type":"Feature","properties":{"name":"PRO 0843 - VC 7","LIBELLE":"PRO 0843 - VC 7","LIBELLE_COURT":"PRO 0843","COMMUNE":"CHASSENEUIL-DU-POITOU","SITUATION":"LGV","PKEF":"84,316","TYPE":"PRO - PRAD","INFRA_PORTEE":"VC 7","INFRA_FRANCHIE":"LGV","HAUTEUR_LIBRE":"6,17","LONGUEUR_BIAISE":"38,74"},"geometry":{"type":"Polygon","coordinates":[[[0.356875,46.678343],[0.356851,46.67826],[0.357356,46.678191],[0.357382,46.678274],[0.356875,46.678343]]]}},{"type":"Feature","properties":{"name":"PRO 0836 - RD 62","LIBELLE":"PRO 0836 - RD 62","LIBELLE_COURT":"PRO 0836","COMMUNE":"JAUNAY-CLAN","SITUATION":"LGV","PKEF":"83,683","TYPE":"PRO - PRAD","INFRA_PORTEE":"RD 62","INFRA_FRANCHIE":"LGV","HAUTEUR_LIBRE":"6,3","LONGUEUR_BIAISE":"38,74"},"geometry":{"type":"Polygon","coordinates":[[[0.358876,46.683902],[0.358824,46.683781],[0.359337,46.683672],[0.359391,46.683797],[0.358876,46.683902]]]}},{"type":"Feature","properties":{"name":"PRO 0833 - VC5","LIBELLE":"PRO 0833 - VC5","LIBELLE_COURT":"PRO 0833","COMMUNE":"JAUNAY-CLAN","SITUATION":"LGV","PKEF":"83,331","TYPE":"PRO - PRAD","INFRA_PORTEE":"VC5","INFRA_FRANCHIE":"LGV","HAUTEUR_LIBRE":"8,26","LONGUEUR_BIAISE":"45"},"geometry":{"type":"Polygon","coordinates":[[[0.36024,46.686918],[0.360203,46.686848],[0.36079,46.686705],[0.360824,46.686777],[0.36024,46.686918]]]}},{"type":"Feature","properties":{"name":"PRO 0823 - RD 138","LIBELLE":"PRO 0823 - RD 138","LIBELLE_COURT":"PRO 0823","COMMUNE":"JAUNAY-CLAN","SITUATION":"LGV","PKEF":"82,35","TYPE":"PRO - PRAD","INFRA_PORTEE":"RD 138","INFRA_FRANCHIE":"LGV","HAUTEUR_LIBRE":"6,13","LONGUEUR_BIAISE":"39,64"},"geometry":{"type":"Polygon","coordinates":[[[0.364703,46.695222],[0.36465,46.695128],[0.365444,46.69492],[0.365497,46.695014],[0.364703,46.695222]]]}},{"type":"Feature","properties":{"name":"PRO 0821 - RD 169","LIBELLE":"PRO 0821 - RD 169","LIBELLE_COURT":"PRO 0821","COMMUNE":"JAUNAY-CLAN","SITUATION":"LGV","PKEF":"82,167","TYPE":"PRO - Portique","INFRA_PORTEE":"RD 169","INFRA_FRANCHIE":"LGV","HAUTEUR_LIBRE":"7,74","LONGUEUR_BIAISE":"20,94"},"geometry":{"type":"Polygon","coordinates":[[[0.36589,46.696719],[0.365742,46.696451],[0.365922,46.696465],[0.366082,46.696739],[0.36589,46.696719]]]}},{"type":"Feature","properties":{"name":"PRO 0815 - AXE BRETELLES","LIBELLE":"PRO 0815 - AXE BRETELLES","LIBELLE_COURT":"PRO 0815","COMMUNE":"JAUNAY-CLAN","SITUATION":"LGV","PKEF":"81,537","TYPE":"PRO - PRAD","INFRA_PORTEE":"Bretelle d'accès Aire de service A10","INFRA_FRANCHIE":"LGV","HAUTEUR_LIBRE":"8,363","LONGUEUR_BIAISE":"50,82"},"geometry":{"type":"Polygon","coordinates":[[[0.3685,46.702098],[0.368418,46.701948],[0.369189,46.701748],[0.369271,46.701898],[0.3685,46.702098]]]}},{"type":"Feature","properties":{"name":"PRO 0807 - RD 15","LIBELLE":"PRO 0807 - RD 15","LIBELLE_COURT":"PRO 0807","COMMUNE":"JAUNAY-CLAN","SITUATION":"LGV","PKEF":"80,725","TYPE":"PRO - PRAD","INFRA_PORTEE":"RD 15","INFRA_FRANCHIE":"LGV","HAUTEUR_LIBRE":"6,86","LONGUEUR_BIAISE":"50,585"},"geometry":{"type":"Polygon","coordinates":[[[0.372343,46.708771],[0.372296,46.708682],[0.37296,46.708715],[0.373011,46.708803],[0.372343,46.708771]]]}},{"type":"Feature","properties":{"name":"PRO 0089 - CR 100","LIBELLE":"PRO 0089 - CR 100","LIBELLE_COURT":"PRO 0089","COMMUNE":"MONTS","SITUATION":"LGV","PKEF":"8,974","TYPE":"PRO - PRAD","INFRA_PORTEE":"CR 100","INFRA_FRANCHIE":"LGV","HAUTEUR_LIBRE":"6,37","LONGUEUR_BIAISE":"43,976"},"geometry":{"type":"Polygon","coordinates":[[[0.677524,47.275745],[0.677979,47.275398],[0.678049,47.275468],[0.677602,47.275809],[0.677524,47.275745]]]}},{"type":"Feature","properties":{"name":"PRA 0797 - Le Champallu","LIBELLE":"PRA 0797 - Le Champallu","LIBELLE_COURT":"PRA 0797","COMMUNE":"JAUNAY-CLAN","SITUATION":"LGV","PKEF":"79,735","TYPE":"PRA - Cadre/Dalot BA","INFRA_PORTEE":"LGV","INFRA_FRANCHIE":"Le Champallu","HAUTEUR_LIBRE":"4,94","LONGUEUR_BIAISE":"11,8"},"geometry":{"type":"Polygon","coordinates":[[[0.377973,46.716995],[0.377961,46.716991],[0.37802,46.716907],[0.37796,46.716822],[0.377832,46.716807],[0.377834,46.716798],[0.377968,46.716814],[0.37811,46.716762],[0.378178,46.716681],[0.378189,46.716685],[0.378123,46.716763],[0.37818,46.716853],[0.378322,46.716871],[0.37832,46.716879],[0.378172,46.71686],[0.378035,46.716907],[0.377973,46.716995]]]}},{"type":"Feature","properties":{"name":"PRA 0796 - La Pallu","LIBELLE":"PRA 0796 - La Pallu","LIBELLE_COURT":"PRA 0796","COMMUNE":"MARIGNY-BRIZAY","SITUATION":"LGV","PKEF":"79,644","TYPE":"PRA - Cadre/Dalot BA","INFRA_PORTEE":"LGV","INFRA_FRANCHIE":"La Pallu","HAUTEUR_LIBRE":"5,03","LONGUEUR_BIAISE":"20,6"},"geometry":{"type":"Polygon","coordinates":[[[0.378503,46.717744],[0.378497,46.717741],[0.378564,46.717676],[0.37845,46.717513],[0.378332,46.7175],[0.378333,46.717496],[0.378454,46.71751],[0.378605,46.717457],[0.378658,46.717393],[0.378663,46.717395],[0.378611,46.717457],[0.378724,46.717616],[0.378838,46.717629],[0.378837,46.717633],[0.378721,46.717619],[0.378572,46.717677],[0.378503,46.717744]]]}},{"type":"Feature","properties":{"name":"PRA 0794 - La Liere","LIBELLE":"PRA 0794 - La Liere","LIBELLE_COURT":"PRA 0794","COMMUNE":"MARIGNY-BRIZAY","SITUATION":"LGV","PKEF":"79,4","TYPE":"PRA - Cadre/Dalot BA","INFRA_PORTEE":"LGV","INFRA_FRANCHIE":"La Liere","HAUTEUR_LIBRE":"2,5","LONGUEUR_BIAISE":""},"geometry":{"type":"Polygon","coordinates":[[[0.379866,46.719692],[0.379859,46.719689],[0.379898,46.71964],[0.379865,46.7196],[0.379808,46.719616],[0.379805,46.71961],[0.379869,46.719593],[0.380072,46.719455],[0.380107,46.719404],[0.380113,46.719406],[0.380079,46.719455],[0.380106,46.719499],[0.38017,46.719486],[0.380172,46.719491],[0.380103,46.719504],[0.379908,46.719639],[0.379866,46.719692]]]}},{"type":"Feature","properties":{"name":"PRO 0786 - RD20","LIBELLE":"PRO 0786 - RD20","LIBELLE_COURT":"PRO 0786","COMMUNE":"MARIGNY-BRIZAY","SITUATION":"LGV","PKEF":"78,636","TYPE":"PRO - PRAD","INFRA_PORTEE":"RD20","INFRA_FRANCHIE":"LGV","HAUTEUR_LIBRE":"6,7","LONGUEUR_BIAISE":"44,4"},"geometry":{"type":"Polygon","coordinates":[[[0.384197,46.72596],[0.384136,46.725865],[0.384521,46.725515],[0.384582,46.72561],[0.384197,46.72596]]]}},{"type":"Feature","properties":{"name":"PRA 0778 - La Liere Amont","LIBELLE":"PRA 0778 - La Liere Amont","LIBELLE_COURT":"PRA 0778","COMMUNE":"MARIGNY-BRIZAY","SITUATION":"LGV","PKEF":"77,87","TYPE":"PRA - Cadre/Dalot BA","INFRA_PORTEE":"LGV + VLT","INFRA_FRANCHIE":"La Liere Amont","HAUTEUR_LIBRE":"2","LONGUEUR_BIAISE":""},"geometry":{"type":"Polygon","coordinates":[[[0.388236,46.732077],[0.388232,46.732074],[0.388274,46.732048],[0.388272,46.732022],[0.388223,46.732004],[0.388225,46.732001],[0.388277,46.732019],[0.388809,46.731998],[0.388855,46.731973],[0.388858,46.731976],[0.388814,46.732],[0.388815,46.732025],[0.388863,46.732047],[0.38886,46.73205],[0.38881,46.732027],[0.388279,46.73205],[0.388236,46.732077]]]}},{"type":"Feature","properties":{"name":"PRA 0773 - Belloir","LIBELLE":"PRA 0773 - Belloir","LIBELLE_COURT":"PRA 0773","COMMUNE":"MARIGNY-BRIZAY","SITUATION":"LGV","PKEF":"77,383","TYPE":"PRA - Cadre/Dalot BA","INFRA_PORTEE":"LGV + VLT","INFRA_FRANCHIE":"Belloir","HAUTEUR_LIBRE":"2,1","LONGUEUR_BIAISE":"-"},"geometry":{"type":"Polygon","coordinates":[[[0.390379,46.736251],[0.390374,46.736249],[0.390401,46.736214],[0.390389,46.73619],[0.390342,46.736175],[0.390344,46.736171],[0.390393,46.736187],[0.390907,46.736079],[0.390933,46.736046],[0.390937,46.736047],[0.390912,46.73608],[0.390922,46.736103],[0.390964,46.736119],[0.390962,46.736122],[0.390917,46.736106],[0.390406,46.736214],[0.390379,46.736251]]]}},{"type":"Feature","properties":{"name":"PRA 0772 - CR La Chaume","LIBELLE":"PRA 0772 - CR La Chaume","LIBELLE_COURT":"PRA 0772","COMMUNE":"MARIGNY-BRIZAY","SITUATION":"LGV","PKEF":"77,24","TYPE":"PRA - Cadre/Dalot BA","INFRA_PORTEE":"LGV","INFRA_FRANCHIE":"CR La Chaume","HAUTEUR_LIBRE":"4,23","LONGUEUR_BIAISE":"6,2"},"geometry":{"type":"Polygon","coordinates":[[[0.390927,46.737485],[0.390923,46.73748],[0.391024,46.737436],[0.391006,46.737385],[0.390883,46.737388],[0.390882,46.737382],[0.391013,46.737379],[0.39117,46.737353],[0.391292,46.737299],[0.391297,46.737304],[0.39118,46.737355],[0.391202,46.737408],[0.391329,46.737405],[0.39133,46.737411],[0.391195,46.737414],[0.391034,46.737438],[0.390927,46.737485]]]}},{"type":"Feature","properties":{"name":"PRO 0766 - RD 82","LIBELLE":"PRO 0766 - RD 82","LIBELLE_COURT":"PRO 0766","COMMUNE":"MARIGNY-BRIZAY","SITUATION":"LGV","PKEF":"76,618","TYPE":"PRO - PRAD","INFRA_PORTEE":"RD 82","INFRA_FRANCHIE":"LGV","HAUTEUR_LIBRE":"6,015","LONGUEUR_BIAISE":"39,64"},"geometry":{"type":"Polygon","coordinates":[[[0.392751,46.742917],[0.392728,46.742834],[0.393234,46.742768],[0.393256,46.74285],[0.392751,46.742917]]]}},{"type":"Feature","properties":{"name":"TRC 0751 - Tranchée couverte de marigny-brizay","LIBELLE":"TRC 0751 - Tranchée couverte de marigny-brizay","LIBELLE_COURT":"TRC 0751","COMMUNE":"MARIGNY-BRIZAY","SITUATION":"LGV","PKEF":"75,132","TYPE":"Tranchée couverte","INFRA_PORTEE":"RD21 + piste agricole","INFRA_FRANCHIE":"LGV","HAUTEUR_LIBRE":"","LONGUEUR_BIAISE":"-"},"geometry":{"type":"Polygon","coordinates":[[[0.39466,46.755448],[0.394659,46.755481],[0.394657,46.755569],[0.394657,46.755588],[0.394657,46.755597],[0.394655,46.755646],[0.394655,46.755651],[0.394654,46.755704],[0.394652,46.755754],[0.394651,46.755779],[0.394649,46.755851],[0.394645,46.755965],[0.394643,46.756021],[0.394637,46.756181],[0.394637,46.756194],[0.394636,46.756214],[0.394635,46.756251],[0.394634,46.75627],[0.394633,46.756284],[0.394632,46.756324],[0.394629,46.756375],[0.394629,46.756378],[0.394629,46.756379],[0.394628,46.756415],[0.394626,46.756455],[0.394618,46.756609],[0.394618,46.756623],[0.394616,46.756664],[0.394613,46.756709],[0.394613,46.756714],[0.394613,46.756723],[0.394611,46.756754],[0.39461,46.75678],[0.394605,46.756867],[0.394604,46.756897],[0.394603,46.756908],[0.394477,46.756905],[0.394478,46.756894],[0.394479,46.756864],[0.394484,46.756782],[0.394485,46.756751],[0.394487,46.75672],[0.394487,46.756711],[0.394488,46.756706],[0.39449,46.756661],[0.394492,46.756617],[0.394493,46.756606],[0.3945,46.756452],[0.394502,46.756412],[0.394503,46.756373],[0.394505,46.75634],[0.394505,46.756339],[0.394507,46.756282],[0.394508,46.756267],[0.394509,46.756249],[0.39451,46.756211],[0.394511,46.756199],[0.394511,46.756192],[0.394511,46.756178],[0.394517,46.756019],[0.394519,46.755963],[0.394523,46.755849],[0.394525,46.755777],[0.394526,46.755752],[0.394528,46.755702],[0.394529,46.75565],[0.394529,46.755645],[0.394531,46.755595],[0.394531,46.755586],[0.394531,46.755568],[0.394533,46.75548],[0.394534,46.755447],[0.39466,46.755448]]]}},{"type":"Feature","properties":{"name":"PRO 0735 - VC6","LIBELLE":"PRO 0735 - VC6","LIBELLE_COURT":"PRO 0735","COMMUNE":"COLOMBIERS","SITUATION":"LGV","PKEF":"73,544","TYPE":"PRO - PRAD","INFRA_PORTEE":"VC6","INFRA_FRANCHIE":"LGV","HAUTEUR_LIBRE":"6,092","LONGUEUR_BIAISE":"39,64"},"geometry":{"type":"Polygon","coordinates":[[[0.3927,46.77041],[0.392717,46.770339],[0.393229,46.770396],[0.393212,46.770467],[0.3927,46.77041]]]}},{"type":"Feature","properties":{"name":"PRA 0729 - Le Premeau","LIBELLE":"PRA 0729 - Le Premeau","LIBELLE_COURT":"PRA 0729","COMMUNE":"COLOMBIERS","SITUATION":"LGV","PKEF":"72,939","TYPE":"PRA - Cadre/Dalot BA","INFRA_PORTEE":"LGV","INFRA_FRANCHIE":"Le Premeau","HAUTEUR_LIBRE":"2,5","LONGUEUR_BIAISE":""},"geometry":{"type":"Polygon","coordinates":[[[0.391371,46.775703],[0.39137,46.775699],[0.391413,46.775696],[0.391429,46.775672],[0.391412,46.775647],[0.391418,46.775645],[0.391436,46.775672],[0.391965,46.775857],[0.392011,46.775856],[0.392011,46.77586],[0.391969,46.775861],[0.391949,46.775888],[0.391968,46.775913],[0.391962,46.775915],[0.391943,46.775888],[0.391417,46.775699],[0.391371,46.775703]]]}},{"type":"Feature","properties":{"name":"PRA 0718 - l'Envigne","LIBELLE":"PRA 0718 - l'Envigne","LIBELLE_COURT":"PRA 0718","COMMUNE":"SCORBE-CLAIRVAUX","SITUATION":"LGV","PKEF":"71,881","TYPE":"PRA - Cadre/Dalot BA","INFRA_PORTEE":"LGV","INFRA_FRANCHIE":"l'Envigne","HAUTEUR_LIBRE":"2,5","LONGUEUR_BIAISE":"16,29763"},"geometry":{"type":"Polygon","coordinates":[[[0.389288,46.785307],[0.389285,46.785303],[0.389408,46.785257],[0.389432,46.785129],[0.389339,46.785101],[0.389342,46.785097],[0.389439,46.785126],[0.389614,46.785103],[0.389719,46.785065],[0.389722,46.785069],[0.38962,46.785106],[0.389596,46.785239],[0.389684,46.785263],[0.389682,46.785267],[0.389589,46.785242],[0.389414,46.78526],[0.389288,46.785307]]]}},{"type":"Feature","properties":{"name":"PRO 0713 - VC10","LIBELLE":"PRO 0713 - VC10","LIBELLE_COURT":"PRO 0713","COMMUNE":"SCORBE-CLAIRVAUX","SITUATION":"LGV","PKEF":"71,394","TYPE":"PRO - PRAD","INFRA_PORTEE":"VC10","INFRA_FRANCHIE":"LGV","HAUTEUR_LIBRE":"6,09","LONGUEUR_BIAISE":"39,64"},"geometry":{"type":"Polygon","coordinates":[[[0.38854,46.789559],[0.388549,46.789489],[0.389102,46.789523],[0.389093,46.789591],[0.38854,46.789559]]]}},{"type":"Feature","properties":{"name":"PRA 0710 - Les Grands Bois","LIBELLE":"PRA 0710 - Les Grands Bois","LIBELLE_COURT":"PRA 0710","COMMUNE":"SCORBE-CLAIRVAUX","SITUATION":"LGV","PKEF":"71,017","TYPE":"PRA - Cadre/Dalot BA","INFRA_PORTEE":"LGV","INFRA_FRANCHIE":"Les Grands Bois","HAUTEUR_LIBRE":"1,5","LONGUEUR_BIAISE":"-"},"geometry":{"type":"Polygon","coordinates":[[[0.388237,46.792959],[0.388234,46.792957],[0.388281,46.79293],[0.388282,46.792903],[0.388239,46.79288],[0.388242,46.792878],[0.388286,46.792901],[0.388629,46.792919],[0.388679,46.792898],[0.388681,46.7929],[0.388633,46.792921],[0.38863,46.792952],[0.388671,46.792978],[0.388668,46.79298],[0.388626,46.792953],[0.388285,46.792931],[0.388237,46.792959]]]}},{"type":"Feature","properties":{"name":"VIA 0079 - Viaduc de l'Indre","LIBELLE":"VIA 0079 - Viaduc de l'Indre","LIBELLE_COURT":"VIA 0079","COMMUNE":"VEIGNE","SITUATION":"LGV","PKEF":"7,914","TYPE":"Viaduc","INFRA_PORTEE":"LGV","INFRA_FRANCHIE":"L'Indre","HAUTEUR_LIBRE":"","LONGUEUR_BIAISE":"463"},"geometry":{"type":"Polygon","coordinates":[[[0.681881,47.282481],[0.68365,47.285759],[0.683724,47.285894],[0.684042,47.28646],[0.683882,47.286502],[0.683721,47.286217],[0.683564,47.285935],[0.68349,47.2858],[0.683306,47.285463],[0.683169,47.285211],[0.683084,47.285053],[0.683006,47.284907],[0.68279,47.284506],[0.681721,47.282521],[0.681881,47.282481]]]}},{"type":"Feature","properties":{"name":"PRA 0075 - PPF","LIBELLE":"PRA 0075 - PPF","LIBELLE_COURT":"PRA 0075","COMMUNE":"VEIGNE","SITUATION":"LGV","PKEF":"7,57","TYPE":"PRA - Cadre/Dalot BA","INFRA_PORTEE":"LGV","INFRA_FRANCHIE":"PPF","HAUTEUR_LIBRE":"2,04","LONGUEUR_BIAISE":"3,7"},"geometry":{"type":"Polygon","coordinates":[[[0.684289,47.287465],[0.684273,47.28744],[0.684702,47.287319],[0.684717,47.287344],[0.684289,47.287465]]]}},{"type":"Feature","properties":{"name":"PRO 0698 - RD 43","LIBELLE":"PRO 0698 - RD 43","LIBELLE_COURT":"PRO 0698","COMMUNE":"SCORBE-CLAIRVAUX","SITUATION":"LGV","PKEF":"69,88","TYPE":"PRO - PRAD","INFRA_PORTEE":"RD 43","INFRA_FRANCHIE":"LGV","HAUTEUR_LIBRE":"6,02","LONGUEUR_BIAISE":"43,809"},"geometry":{"type":"Polygon","coordinates":[[[0.387743,46.803102],[0.38775,46.803009],[0.388311,46.803215],[0.388304,46.803309],[0.387743,46.803102]]]}},{"type":"Feature","properties":{"name":"PRO 0695 - PGF","LIBELLE":"PRO 0695 - PGF","LIBELLE_COURT":"PRO 0695","COMMUNE":"SCORBE-CLAIRVAUX","SITUATION":"LGV","PKEF":"69,5","TYPE":"PRO - Portique PGF","INFRA_PORTEE":"PGF","INFRA_FRANCHIE":"LGV","HAUTEUR_LIBRE":"6,05","LONGUEUR_BIAISE":"14,7"},"geometry":{"type":"Polygon","coordinates":[[[0.387617,46.806636],[0.38762,46.806516],[0.388226,46.806523],[0.388222,46.806644],[0.387617,46.806636]]]}},{"type":"Feature","properties":{"name":"PRA 0687 - RD 725","LIBELLE":"PRA 0687 - RD 725","LIBELLE_COURT":"PRA 0687","COMMUNE":"SCORBE-CLAIRVAUX","SITUATION":"LGV","PKEF":"68,708","TYPE":"PRA - Portique","INFRA_PORTEE":"LGV","INFRA_FRANCHIE":"RD 725","HAUTEUR_LIBRE":"5,39","LONGUEUR_BIAISE":"11,1"},"geometry":{"type":"Polygon","coordinates":[[[0.387481,46.813786],[0.38748,46.813781],[0.387614,46.813763],[0.387617,46.813675],[0.387475,46.813652],[0.387477,46.813648],[0.387625,46.813671],[0.387794,46.81366],[0.387941,46.813641],[0.387943,46.813646],[0.387801,46.813664],[0.3878,46.813754],[0.387945,46.813774],[0.387944,46.813779],[0.387793,46.813758],[0.387621,46.813767],[0.387481,46.813786]]]}},{"type":"Feature","properties":{"name":"PRA 0686 - Piste cyclable","LIBELLE":"PRA 0686 - Piste cyclable","LIBELLE_COURT":"PRA 0686","COMMUNE":"SAINT-GENEST-D'AMBIERE","SITUATION":"LGV","PKEF":"68,642","TYPE":"PRA - Cadre/Dalot BA","INFRA_PORTEE":"LGV","INFRA_FRANCHIE":"Piste cyclable","HAUTEUR_LIBRE":"3","LONGUEUR_BIAISE":"4,41"},"geometry":{"type":"Polygon","coordinates":[[[0.387428,46.814364],[0.387425,46.81436],[0.387521,46.81433],[0.387519,46.814299],[0.387423,46.814274],[0.387425,46.81427],[0.387525,46.814295],[0.387853,46.81428],[0.387945,46.81425],[0.387949,46.814254],[0.387861,46.814283],[0.387864,46.814316],[0.387964,46.814338],[0.387961,46.814343],[0.387857,46.814319],[0.387527,46.814332],[0.387428,46.814364]]]}},{"type":"Feature","properties":{"name":"PRO 0676 - VC4","LIBELLE":"PRO 0676 - VC4","LIBELLE_COURT":"PRO 0676","COMMUNE":"SAINT-GENEST-D'AMBIERE","SITUATION":"LGV","PKEF":"67,67","TYPE":"PRO - Portique","INFRA_PORTEE":"VC4","INFRA_FRANCHIE":"LGV","HAUTEUR_LIBRE":"6,03","LONGUEUR_BIAISE":"16,05"},"geometry":{"type":"Polygon","coordinates":[[[0.387347,46.823015],[0.387542,46.823014],[0.38754,46.823092],[0.387345,46.823089],[0.387347,46.823015]]]}},{"type":"Feature","properties":{"name":"PRA 0668 - La Chinière","LIBELLE":"PRA 0668 - La Chinière","LIBELLE_COURT":"PRA 0668","COMMUNE":"SAINT-GENEST-D'AMBIERE","SITUATION":"LGV","PKEF":"66,842","TYPE":"PRA - Cadre/Dalot BA","INFRA_PORTEE":"LGV","INFRA_FRANCHIE":"La Chinière","HAUTEUR_LIBRE":"3","LONGUEUR_BIAISE":""},"geometry":{"type":"Polygon","coordinates":[[[0.387672,46.83054],[0.387671,46.830539],[0.387703,46.830526],[0.3877,46.830506],[0.387664,46.830498],[0.387665,46.830497],[0.3877,46.830504],[0.38824,46.830462],[0.388272,46.830449],[0.388273,46.830451],[0.388241,46.830464],[0.388245,46.830484],[0.38828,46.830491],[0.388279,46.830493],[0.388244,46.830485],[0.387704,46.830527],[0.387672,46.83054]]]}},{"type":"Feature","properties":{"name":"PRO 0652 - RD 23","LIBELLE":"PRO 0652 - RD 23","LIBELLE_COURT":"PRO 0652","COMMUNE":"SAINT-GENEST-D'AMBIERE","SITUATION":"LGV","PKEF":"65,223","TYPE":"PRO - Portique","INFRA_PORTEE":"RD 23","INFRA_FRANCHIE":"LGV","HAUTEUR_LIBRE":"6,695","LONGUEUR_BIAISE":"17,086"},"geometry":{"type":"Polygon","coordinates":[[[0.392693,46.844659],[0.39285,46.844574],[0.392901,46.844652],[0.392732,46.84474],[0.392693,46.844659]]]}},{"type":"Feature","properties":{"name":"PRA 0649 - La Veude Amont","LIBELLE":"PRA 0649 - La Veude Amont","LIBELLE_COURT":"PRA 0649","COMMUNE":"SOSSAIS","SITUATION":"LGV","PKEF":"64,958","TYPE":"PRA - Cadre/Dalot BA","INFRA_PORTEE":"LGV","INFRA_FRANCHIE":"La Veude Amont + boviduc","HAUTEUR_LIBRE":"2,6","LONGUEUR_BIAISE":""},"geometry":{"type":"Polygon","coordinates":[[[0.393904,46.846964],[0.393899,46.846961],[0.393961,46.846915],[0.393924,46.846856],[0.39383,46.846848],[0.393831,46.846844],[0.393928,46.846852],[0.394104,46.846843],[0.394167,46.846792],[0.394171,46.846795],[0.39411,46.846844],[0.394146,46.846905],[0.394239,46.846909],[0.394239,46.846913],[0.394142,46.846909],[0.393968,46.846916],[0.393904,46.846964]]]}},{"type":"Feature","properties":{"name":"PRO 0637 - RD 14","LIBELLE":"PRO 0637 - RD 14","LIBELLE_COURT":"PRO 0637","COMMUNE":"THURE","SITUATION":"LGV","PKEF":"63,797","TYPE":"PRO - Dalle BA","INFRA_PORTEE":"RD 14","INFRA_FRANCHIE":"LGV","HAUTEUR_LIBRE":"6,28","LONGUEUR_BIAISE":"39,34"},"geometry":{"type":"Polygon","coordinates":[[[0.400437,46.856322],[0.400897,46.856157],[0.400963,46.856244],[0.400503,46.856409],[0.400437,46.856322]]]}},{"type":"Feature","properties":{"name":"PRO 0630 - PGF","LIBELLE":"PRO 0630 - PGF","LIBELLE_COURT":"PRO 0630","COMMUNE":"THURE","SITUATION":"LGV","PKEF":"63,071","TYPE":"PRO - Portique PGF","INFRA_PORTEE":"PGF","INFRA_FRANCHIE":"LGV","HAUTEUR_LIBRE":"6","LONGUEUR_BIAISE":"14,7"},"geometry":{"type":"Polygon","coordinates":[[[0.404721,46.862127],[0.404901,46.862071],[0.404979,46.862191],[0.404799,46.862244],[0.404721,46.862127]]]}},{"type":"Feature","properties":{"name":"PRO 0629 - CR TOULIFAUT","LIBELLE":"PRO 0629 - CR TOULIFAUT","LIBELLE_COURT":"PRO 0629","COMMUNE":"THURE","SITUATION":"LGV","PKEF":"62,982","TYPE":"PRO - Dalle BA","INFRA_PORTEE":"CR TOULIFAUT","INFRA_FRANCHIE":"LGV","HAUTEUR_LIBRE":"6,342","LONGUEUR_BIAISE":"39,34"},"geometry":{"type":"Polygon","coordinates":[[[0.405076,46.862937],[0.405543,46.862791],[0.40559,46.86286],[0.405121,46.863005],[0.405076,46.862937]]]}},{"type":"Feature","properties":{"name":"PRA 0623 - La Veude","LIBELLE":"PRA 0623 - La Veude","LIBELLE_COURT":"PRA 0623","COMMUNE":"THURE","SITUATION":"LGV","PKEF":"62,399","TYPE":"PRA - Cadre/Dalot BA","INFRA_PORTEE":"LGV","INFRA_FRANCHIE":"La Veude","HAUTEUR_LIBRE":"3,1","LONGUEUR_BIAISE":"-"},"geometry":{"type":"Polygon","coordinates":[[[0.408309,46.867856],[0.408304,46.867855],[0.408337,46.867799],[0.408286,46.867762],[0.408212,46.86778],[0.408211,46.867776],[0.408288,46.867758],[0.408592,46.86757],[0.408627,46.867522],[0.408632,46.867524],[0.408598,46.867569],[0.408647,46.867611],[0.408721,46.86759],[0.408723,46.867594],[0.408646,46.867615],[0.408343,46.867798],[0.408309,46.867856]]]}},{"type":"Feature","properties":{"name":"PRO 0610 - VC1","LIBELLE":"PRO 0610 - VC1","LIBELLE_COURT":"PRO 0610","COMMUNE":"THURE","SITUATION":"LGV","PKEF":"61,092","TYPE":"PRO - PRAD","INFRA_PORTEE":"VC1","INFRA_FRANCHIE":"LGV + VE","HAUTEUR_LIBRE":"6,655","LONGUEUR_BIAISE":"54,12"},"geometry":{"type":"Polygon","coordinates":[[[0.415201,46.878466],[0.415853,46.878265],[0.415895,46.878337],[0.415245,46.878536],[0.415201,46.878466]]]}},{"type":"Feature","properties":{"name":"PRO 0067 - VC 13","LIBELLE":"PRO 0067 - VC 13","LIBELLE_COURT":"PRO 0067","COMMUNE":"VEIGNE","SITUATION":"LGV","PKEF":"6,702","TYPE":"PRO - PRAD","INFRA_PORTEE":"VC 13","INFRA_FRANCHIE":"LGV","HAUTEUR_LIBRE":"6,02","LONGUEUR_BIAISE":"44,01"},"geometry":{"type":"Polygon","coordinates":[[[0.689832,47.29437],[0.690127,47.294003],[0.690189,47.294076],[0.689898,47.294444],[0.689832,47.29437]]]}},{"type":"Feature","properties":{"name":"PRA 0596 - RD 74","LIBELLE":"PRA 0596 - RD 74","LIBELLE_COURT":"PRA 0596","COMMUNE":"ST-GERVAIS-LES-TROIS-CLOCHERS","SITUATION":"LGV","PKEF":"59,667","TYPE":"PRA - Cadre/Dalot BA","INFRA_PORTEE":"LGV","INFRA_FRANCHIE":"RD 74","HAUTEUR_LIBRE":"5,451","LONGUEUR_BIAISE":"9,708"},"geometry":{"type":"Polygon","coordinates":[[[0.422988,46.890205],[0.422987,46.890202],[0.423116,46.890172],[0.423067,46.890099],[0.422926,46.890104],[0.422925,46.890101],[0.423069,46.890096],[0.423241,46.890072],[0.423374,46.890028],[0.423375,46.89003],[0.423247,46.890073],[0.42329,46.890145],[0.423442,46.89013],[0.423442,46.890133],[0.423288,46.890148],[0.423122,46.890173],[0.422988,46.890205]]]}},{"type":"Feature","properties":{"name":"PRA 0593 - Ru de Font Benette","LIBELLE":"PRA 0593 - Ru de Font Benette","LIBELLE_COURT":"PRA 0593","COMMUNE":"ST-GERVAIS-LES-TROIS-CLOCHERS","SITUATION":"LGV","PKEF":"59,374","TYPE":"PRA - Voûte","INFRA_PORTEE":"LGV","INFRA_FRANCHIE":"Ru de Font Benette","HAUTEUR_LIBRE":"-","LONGUEUR_BIAISE":"-"},"geometry":{"type":"Polygon","coordinates":[[[0.424437,46.892663],[0.424435,46.892661],[0.424528,46.892622],[0.4245,46.892558],[0.42437,46.892548],[0.424371,46.892546],[0.424503,46.892555],[0.424994,46.892448],[0.425101,46.892402],[0.425103,46.892405],[0.424999,46.892449],[0.425029,46.892518],[0.425157,46.892523],[0.425156,46.892526],[0.425026,46.892521],[0.424532,46.892623],[0.424437,46.892663]]]}},{"type":"Feature","properties":{"name":"PRA 0590 - VC 6","LIBELLE":"PRA 0590 - VC 6","LIBELLE_COURT":"PRA 0590","COMMUNE":"ST-GERVAIS-LES-TROIS-CLOCHERS","SITUATION":"LGV","PKEF":"59,09","TYPE":"PRA - Cadre/Dalot BA","INFRA_PORTEE":"LGV","INFRA_FRANCHIE":"VC 6","HAUTEUR_LIBRE":"4,75","LONGUEUR_BIAISE":"7,7"},"geometry":{"type":"Polygon","coordinates":[[[0.426053,46.894993],[0.426051,46.894991],[0.42617,46.894924],[0.42613,46.894867],[0.42598,46.894875],[0.42598,46.894873],[0.426133,46.894864],[0.426395,46.894781],[0.426508,46.89471],[0.42651,46.894712],[0.426399,46.894782],[0.426438,46.89484],[0.426597,46.894828],[0.426597,46.894831],[0.426435,46.894843],[0.426175,46.894925],[0.426053,46.894993]]]}},{"type":"Feature","properties":{"name":"PRO 0576 - RD 22","LIBELLE":"PRO 0576 - RD 22","LIBELLE_COURT":"PRO 0576","COMMUNE":"ST-GERVAIS-LES-TROIS-CLOCHERS","SITUATION":"LGV","PKEF":"57,622","TYPE":"PRO - PRAD","INFRA_PORTEE":"RD 22","INFRA_FRANCHIE":"LGV","HAUTEUR_LIBRE":"10,88","LONGUEUR_BIAISE":"60,5"},"geometry":{"type":"Polygon","coordinates":[[[0.433772,46.906825],[0.434643,46.906874],[0.434708,46.906971],[0.43385,46.906924],[0.433772,46.906825]]]}},{"type":"Feature","properties":{"name":"PRO 0563 - RD 749","LIBELLE":"PRO 0563 - RD 749","LIBELLE_COURT":"PRO 0563","COMMUNE":"ST-GERVAIS-LES-TROIS-CLOCHERS","SITUATION":"LGV","PKEF":"56,397","TYPE":"PRO - PRAD","INFRA_PORTEE":"RD 749","INFRA_FRANCHIE":"LGV","HAUTEUR_LIBRE":"6,09","LONGUEUR_BIAISE":"45,41"},"geometry":{"type":"Polygon","coordinates":[[[0.442186,46.91654],[0.44252,46.916156],[0.442605,46.916252],[0.442276,46.916628],[0.442186,46.91654]]]}},{"type":"Feature","properties":{"name":"PRA 0552 - L'Ormeau du Roi","LIBELLE":"PRA 0552 - L'Ormeau du Roi","LIBELLE_COURT":"PRA 0552","COMMUNE":"MONDION","SITUATION":"LGV","PKEF":"55,24","TYPE":"PRA - Cadre/Dalot BA","INFRA_PORTEE":"LGV","INFRA_FRANCHIE":"L'Ormeau du Roi","HAUTEUR_LIBRE":"2,1","LONGUEUR_BIAISE":"2"},"geometry":{"type":"Polygon","coordinates":[[[0.449801,46.925507],[0.449798,46.925506],[0.449825,46.925483],[0.449809,46.925457],[0.449764,46.925457],[0.449764,46.925455],[0.449812,46.925454],[0.450046,46.925378],[0.450081,46.925355],[0.450084,46.925357],[0.450051,46.925379],[0.450068,46.925405],[0.450129,46.925401],[0.45013,46.925404],[0.450066,46.925408],[0.44983,46.925484],[0.449801,46.925507]]]}},{"type":"Feature","properties":{"name":"PRO 0543 - PGF","LIBELLE":"PRO 0543 - PGF","LIBELLE_COURT":"PRO 0543","COMMUNE":"MONDION","SITUATION":"LGV","PKEF":"54,353","TYPE":"PRO - Portique PGF","INFRA_PORTEE":"PGF","INFRA_FRANCHIE":"LGV","HAUTEUR_LIBRE":"6,322","LONGUEUR_BIAISE":"14,7"},"geometry":{"type":"Polygon","coordinates":[[[0.454213,46.932779],[0.454386,46.932728],[0.454459,46.932858],[0.454283,46.932912],[0.454213,46.932779]]]}},{"type":"Feature","properties":{"name":"PRA 0533 - RD 76","LIBELLE":"PRA 0533 - RD 76","LIBELLE_COURT":"PRA 0533","COMMUNE":"MONDION","SITUATION":"LGV","PKEF":"53,321","TYPE":"PRA - Cadre/Dalot BA","INFRA_PORTEE":"LGV","INFRA_FRANCHIE":"RD 76","HAUTEUR_LIBRE":"5,142","LONGUEUR_BIAISE":"9,745"},"geometry":{"type":"Polygon","coordinates":[[[0.459683,46.941389],[0.459679,46.941384],[0.459808,46.941342],[0.459752,46.941274],[0.459604,46.941294],[0.459603,46.941289],[0.459756,46.941268],[0.459931,46.941255],[0.460061,46.941215],[0.460064,46.94122],[0.459942,46.941258],[0.459999,46.941326],[0.460144,46.941314],[0.460145,46.941319],[0.459994,46.941332],[0.459819,46.941345],[0.459683,46.941389]]]}},{"type":"Feature","properties":{"name":"PRO 0508 - RD 110","LIBELLE":"PRO 0508 - RD 110","LIBELLE_COURT":"PRO 0508","COMMUNE":"MARIGNY-MARMANDE","SITUATION":"LGV","PKEF":"50,893","TYPE":"PRO - PRAD","INFRA_PORTEE":"RD 110","INFRA_FRANCHIE":"LGV","HAUTEUR_LIBRE":"6,49","LONGUEUR_BIAISE":"42,771"},"geometry":{"type":"Polygon","coordinates":[[[0.478832,46.958844],[0.479114,46.958508],[0.479218,46.95859],[0.478936,46.958927],[0.478832,46.958844]]]}},{"type":"Feature","properties":{"name":"PRO 0058 - RD 287","LIBELLE":"PRO 0058 - RD 287","LIBELLE_COURT":"PRO 0058","COMMUNE":"VEIGNE","SITUATION":"LGV","PKEF":"5,896","TYPE":"PRO - PRAD","INFRA_PORTEE":"RD 287","INFRA_FRANCHIE":"LGV","HAUTEUR_LIBRE":"6,08","LONGUEUR_BIAISE":"40,1"},"geometry":{"type":"Polygon","coordinates":[[[0.69669,47.29977],[0.697106,47.299546],[0.697251,47.299634],[0.69683,47.299861],[0.69669,47.29977]]]}},{"type":"Feature","properties":{"name":"PRO 0495 - RD 401 (VC 10)","LIBELLE":"PRO 0495 - RD 401 (VC 10)","LIBELLE_COURT":"PRO 0495","COMMUNE":"MARIGNY-MARMANDE","SITUATION":"LGV","PKEF":"49,551","TYPE":"PRO - PRAD","INFRA_PORTEE":"RD 401 (VC 10)","INFRA_FRANCHIE":"LGV","HAUTEUR_LIBRE":"6,33","LONGUEUR_BIAISE":"39,34"},"geometry":{"type":"Polygon","coordinates":[[[0.491677,46.967082],[0.492022,46.966777],[0.492138,46.966803],[0.49177,46.96713],[0.491677,46.967082]]]}},{"type":"Feature","properties":{"name":"PRO 0479 - RD 20","LIBELLE":"PRO 0479 - RD 20","LIBELLE_COURT":"PRO 0479","COMMUNE":"ANTOGNY-LE-TILLAC","SITUATION":"LGV","PKEF":"47,924","TYPE":"PRO - Portique","INFRA_PORTEE":"RD 20","INFRA_FRANCHIE":"LGV","HAUTEUR_LIBRE":"6,695","LONGUEUR_BIAISE":"-"},"geometry":{"type":"Polygon","coordinates":[[[0.509333,46.975025],[0.509521,46.974951],[0.510017,46.975173],[0.50983,46.975245],[0.509333,46.975025]]]}},{"type":"Feature","properties":{"name":"PRO 0462 - VC 5","LIBELLE":"PRO 0462 - VC 5","LIBELLE_COURT":"PRO 0462","COMMUNE":"PUSSIGNY","SITUATION":"LGV","PKEF":"46,222","TYPE":"PRO - PRAD","INFRA_PORTEE":"VC 5","INFRA_FRANCHIE":"LGV","HAUTEUR_LIBRE":"6,37","LONGUEUR_BIAISE":"39,34"},"geometry":{"type":"Polygon","coordinates":[[[0.527739,46.984015],[0.528099,46.983717],[0.52822,46.983788],[0.527861,46.984083],[0.527739,46.984015]]]}},{"type":"Feature","properties":{"name":"PRA 0438+7 - RD 107","LIBELLE":"PRA 0438+7 - RD 107","LIBELLE_COURT":"PRA 0438+7","COMMUNE":"PUSSIGNY","SITUATION":"LGV","PKEF":"43,879","TYPE":"PRA - Cadre/Dalot BA","INFRA_PORTEE":"LGV","INFRA_FRANCHIE":"RD 107","HAUTEUR_LIBRE":"5,252","LONGUEUR_BIAISE":"14,04"},"geometry":{"type":"Polygon","coordinates":[[[0.549196,46.99905],[0.549195,46.999047],[0.549285,46.999028],[0.549248,46.998943],[0.549057,46.998923],[0.549058,46.99892],[0.549251,46.998941],[0.549586,46.998989],[0.549688,46.998973],[0.549689,46.998976],[0.549592,46.998992],[0.549624,46.999077],[0.54983,46.999107],[0.549829,46.99911],[0.54962,46.999079],[0.54929,46.999031],[0.549196,46.99905]]]}},{"type":"Feature","properties":{"name":"PRA 0438+2 -  La Veude","LIBELLE":"PRA 0438+2 -  La Veude","LIBELLE_COURT":"PRA 0438+2","COMMUNE":"PORTS","SITUATION":"LGV","PKEF":"43,826","TYPE":"PRA - Cadre/Dalot BA","INFRA_PORTEE":"LGV","INFRA_FRANCHIE":"La Veude","HAUTEUR_LIBRE":"2,5","LONGUEUR_BIAISE":"13,805"},"geometry":{"type":"Polygon","coordinates":[[[0.549536,46.999386],[0.5495,46.999279],[0.54937,46.999255],[0.549372,46.999251],[0.549504,46.999276],[0.550244,46.999396],[0.550231,46.999413],[0.550263,46.999502],[0.550359,46.99952],[0.550358,46.999523],[0.549536,46.999386]]]}},{"type":"Feature","properties":{"name":"PRA 0437 - la Veude de Ponçay Décharge","LIBELLE":"PRA 0437 - la Veude de Ponçay Décharge","LIBELLE_COURT":"PRA 0437","COMMUNE":"PORTS","SITUATION":"LGV","PKEF":"43,7","TYPE":"PRA - Cadre/Dalot BA","INFRA_PORTEE":"LGV","INFRA_FRANCHIE":"La Veude de Ponçay décharge","HAUTEUR_LIBRE":"2,5?","LONGUEUR_BIAISE":"-"},"geometry":{"type":"Polygon","coordinates":[[[0.550511,47.000376],[0.550505,47.000374],[0.55059,47.000342],[0.550582,47.00031],[0.55049,47.000296],[0.550491,47.000293],[0.550586,47.000308],[0.551172,47.000243],[0.551241,47.000217],[0.551243,47.00022],[0.551177,47.000244],[0.551183,47.000278],[0.551254,47.000286],[0.551253,47.000289],[0.551179,47.00028],[0.550595,47.000343],[0.550511,47.000376]]]}},{"type":"Feature","properties":{"name":"PRA 0432 - Saut de mouton de port sur Vienne","LIBELLE":"PRA 0432 - Saut de mouton de port sur Vienne","LIBELLE_COURT":"PRA 0432","COMMUNE":"PORTS","SITUATION":"LGV","PKEF":"43,203","TYPE":"PRA - Portique","INFRA_PORTEE":"LGV","INFRA_FRANCHIE":"A10","HAUTEUR_LIBRE":"5,05 sous éclairage","LONGUEUR_BIAISE":"186"},"geometry":{"type":"Polygon","coordinates":[[[0.554429,47.004295],[0.554143,47.003781],[0.554582,47.003665],[0.554864,47.00418],[0.554429,47.004295]]]}},{"type":"Feature","properties":{"name":"PRO 0423 - RD 18","LIBELLE":"PRO 0423 - RD 18","LIBELLE_COURT":"PRO 0423","COMMUNE":"PORTS","SITUATION":"LGV","PKEF":"42,389","TYPE":"PRO - Dalle BA","INFRA_PORTEE":"RD 18","INFRA_FRANCHIE":"LGV","HAUTEUR_LIBRE":"6,05","LONGUEUR_BIAISE":"42,916"},"geometry":{"type":"Polygon","coordinates":[[[0.559162,47.010625],[0.559736,47.010239],[0.559815,47.010328],[0.559228,47.010716],[0.559162,47.010625]]]}},{"type":"Feature","properties":{"name":"VIA 0418 - Viaduc de la Vienne","LIBELLE":"VIA 0418 - Viaduc de la Vienne","LIBELLE_COURT":"VIA 0418","COMMUNE":"PORTS","SITUATION":"LGV","PKEF":"41,768","TYPE":"Viaduc","INFRA_PORTEE":"LGV","INFRA_FRANCHIE":"La Vienne","HAUTEUR_LIBRE":"","LONGUEUR_BIAISE":"346,2"},"geometry":{"type":"Polygon","coordinates":[[[0.563543,47.017157],[0.561699,47.014173],[0.561705,47.014171],[0.561727,47.014208],[0.561871,47.014166],[0.561849,47.01413],[0.561855,47.014128],[0.5637,47.017112],[0.563693,47.017114],[0.563668,47.017073],[0.563524,47.017114],[0.563549,47.017155],[0.563543,47.017157]]]}},{"type":"Feature","properties":{"name":"PRA 0414 - VC300","LIBELLE":"PRA 0414 - VC300","LIBELLE_COURT":"PRA 0414","COMMUNE":"NOUATRE","SITUATION":"LGV","PKEF":"41,475","TYPE":"PRA - Cadre/Dalot BA","INFRA_PORTEE":"LGV","INFRA_FRANCHIE":"VC300","HAUTEUR_LIBRE":"5,03","LONGUEUR_BIAISE":"11,867"},"geometry":{"type":"Polygon","coordinates":[[[0.564094,47.018274],[0.564089,47.018272],[0.564174,47.018181],[0.564106,47.018095],[0.56401,47.018151],[0.564005,47.018148],[0.564107,47.018089],[0.564221,47.017957],[0.564302,47.017864],[0.564307,47.017867],[0.564228,47.017958],[0.564281,47.018041],[0.564393,47.017992],[0.564396,47.017996],[0.564279,47.018048],[0.564181,47.018182],[0.564094,47.018274]]]}},{"type":"Feature","properties":{"name":"PAS 0049 - Passerelle du Chemin Blanc","LIBELLE":"PAS 0049 - Passerelle du Chemin Blanc","LIBELLE_COURT":"PAS 0049","COMMUNE":"VEIGNE","SITUATION":"LGV","PKEF":"4,94","TYPE":"Passerelle","INFRA_PORTEE":"Chemin Blanc","INFRA_FRANCHIE":"LGV","HAUTEUR_LIBRE":"","LONGUEUR_BIAISE":"13,41"},"geometry":{"type":"Polygon","coordinates":[[[0.707385,47.304512],[0.707413,47.304522],[0.707321,47.304645],[0.707292,47.304636],[0.707385,47.304512]]]}},{"type":"Feature","properties":{"name":"TOU 0044 (2) - Tranchée ouverte de Veigné","LIBELLE":"TOU 0044 (2) - Tranchée ouverte de Veigné","LIBELLE_COURT":"TOU 0044 (2)","COMMUNE":"VEIGNE","SITUATION":"LGV","PKEF":"4,696","TYPE":"Tranchée ouverte","INFRA_PORTEE":"","INFRA_FRANCHIE":"LGV","HAUTEUR_LIBRE":"","LONGUEUR_BIAISE":"1200"},"geometry":{"type":"Polygon","coordinates":[[[0.716851,47.308319],[0.71678,47.308286],[0.716681,47.308227],[0.716682,47.308224],[0.716277,47.308038],[0.715787,47.307817],[0.715582,47.307727],[0.715471,47.307679],[0.715359,47.30763],[0.715248,47.307582],[0.715136,47.307534],[0.715017,47.307494],[0.714904,47.307447],[0.714798,47.307392],[0.714558,47.307292],[0.714233,47.30716],[0.714005,47.307069],[0.713765,47.306974],[0.713548,47.306889],[0.713433,47.306845],[0.713319,47.306801],[0.713204,47.306757],[0.713088,47.306712],[0.712966,47.306677],[0.712852,47.306634],[0.71274,47.306582],[0.712214,47.306389],[0.711771,47.306228],[0.711373,47.306084],[0.711145,47.306003],[0.710719,47.30585],[0.710451,47.305755],[0.710204,47.305667],[0.70987,47.305547],[0.709504,47.305416],[0.70916,47.305294],[0.708857,47.305185],[0.708536,47.305071],[0.708318,47.304993],[0.707807,47.30481],[0.707504,47.304702],[0.707226,47.304602],[0.707011,47.304525],[0.70679,47.304445],[0.706484,47.304334],[0.706308,47.30427],[0.706036,47.30417],[0.705816,47.304088],[0.705447,47.30395],[0.705071,47.303806],[0.704786,47.303695],[0.704525,47.303591],[0.70423,47.303473],[0.703929,47.303349],[0.703609,47.303216],[0.703222,47.303051],[0.703317,47.302947],[0.703417,47.302991],[0.703606,47.303071],[0.703779,47.303145],[0.704164,47.303304],[0.704501,47.303441],[0.704836,47.303574],[0.70518,47.303708],[0.706577,47.30423],[0.707622,47.304607],[0.708483,47.304914],[0.709955,47.30544],[0.710455,47.305619],[0.711437,47.30597],[0.712267,47.30627],[0.712826,47.306476],[0.712943,47.30652],[0.713059,47.306563],[0.713175,47.306607],[0.71329,47.306651],[0.713413,47.306687],[0.713528,47.306731],[0.713637,47.306784],[0.714222,47.307014],[0.714325,47.307056],[0.714892,47.307289],[0.715118,47.307384],[0.715343,47.307479],[0.715462,47.30752],[0.715574,47.307568],[0.715678,47.307625],[0.716316,47.307909],[0.716783,47.308124],[0.716903,47.308164],[0.716974,47.308199],[0.716851,47.308319]]]}},{"type":"Feature","properties":{"name":"PRA 0046 - VF Joue-les-Tours - Châteauroux","LIBELLE":"PRA 0046 - VF Joue-les-Tours - Châteauroux","LIBELLE_COURT":"PRA 0046","COMMUNE":"VEIGNE","SITUATION":"LGV","PKEF":"4,597","TYPE":"PRA - Portique","INFRA_PORTEE":"VF Joué-lès-Tours - Châteauroux","INFRA_FRANCHIE":"LGV","HAUTEUR_LIBRE":"8,358","LONGUEUR_BIAISE":"13,618"},"geometry":{"type":"Polygon","coordinates":[[[0.711293,47.306056],[0.711361,47.305942],[0.711438,47.305971],[0.711372,47.306084],[0.711293,47.306056]]]}},{"type":"Feature","properties":{"name":"PRO 0044 - RD910","LIBELLE":"PRO 0044 - RD910","LIBELLE_COURT":"PRO 0044","COMMUNE":"VEIGNE","SITUATION":"LGV","PKEF":"4,37","TYPE":"PRO - Portique","INFRA_PORTEE":"RD910","INFRA_FRANCHIE":"LGV","HAUTEUR_LIBRE":"10,009","LONGUEUR_BIAISE":"14,31"},"geometry":{"type":"Polygon","coordinates":[[[0.713747,47.306967],[0.713836,47.30686],[0.714291,47.307042],[0.714195,47.307145],[0.713747,47.306967]]]}},{"type":"Feature","properties":{"name":"PRA CE2 0037 - RD42","LIBELLE":"PRA CE2 0037 - RD42","LIBELLE_COURT":"PRA CE2 0037","COMMUNE":"ROULLET-SAINT-ESTEPHE","SITUATION":"CE2","PKEF":"4,015","TYPE":"PRA - Voûte","INFRA_PORTEE":"RAC CE2","INFRA_FRANCHIE":"RD42","HAUTEUR_LIBRE":"5,1","LONGUEUR_BIAISE":""},"geometry":{"type":"Polygon","coordinates":[[[0.065265,45.576571],[0.065263,45.576567],[0.065428,45.576515],[0.065365,45.576422],[0.065228,45.576473],[0.065226,45.576469],[0.065368,45.576416],[0.065835,45.576256],[0.06595,45.576178],[0.065955,45.576181],[0.065843,45.576257],[0.065907,45.576353],[0.066044,45.57634],[0.066045,45.576345],[0.065903,45.576358],[0.065437,45.576518],[0.065265,45.576571]]]}},{"type":"Feature","properties":{"name":"PRA HL 0397-2 - RD 109+ VF","LIBELLE":"PRA HL 0397-2 - RD 109+ VF","LIBELLE_COURT":"PRA HL 0397-2","COMMUNE":"MAILLE","SITUATION":"LGV V2","PKEF":"39,758","TYPE":"PRO - Cadre/Dalot BA","INFRA_PORTEE":"RD 109 + VF","INFRA_FRANCHIE":"La Chapelle","HAUTEUR_LIBRE":"1","LONGUEUR_BIAISE":"4,1"},"geometry":{"type":"Polygon","coordinates":[[[0.57288,47.032676],[0.572908,47.032651],[0.573124,47.032766],[0.573096,47.032791],[0.57288,47.032676]]]}},{"type":"Feature","properties":{"name":"PRA 0397 - RD 109+ VF","LIBELLE":"PRA 0397 - RD 109+ VF","LIBELLE_COURT":"PRA 0397","COMMUNE":"MAILLE","SITUATION":"LGV","PKEF":"39,737","TYPE":"PRA - Dalle BA","INFRA_PORTEE":"LGV","INFRA_FRANCHIE":"RD 109 + VF","HAUTEUR_LIBRE":"RD: 4,72 VF: 4,592","LONGUEUR_BIAISE":"54,955"},"geometry":{"type":"Polygon","coordinates":[[[0.573074,47.032246],[0.573195,47.032135],[0.573534,47.032606],[0.57342,47.03272],[0.573074,47.032246]]]}},{"type":"Feature","properties":{"name":"SDM 0382 - Saut de mouton 2 de maille","LIBELLE":"SDM 0382 - Saut de mouton 2 de maille","LIBELLE_COURT":"SDM 0382","COMMUNE":"MAILLE","SITUATION":"LGV","PKEF":"38,236","TYPE":"Saut-de-mouton","INFRA_PORTEE":"LGV","INFRA_FRANCHIE":"VF Paris Bordeaux + VC5 + CR35","HAUTEUR_LIBRE":"LC : 6,83 VC: 9,525 CR: 8,80","LONGUEUR_BIAISE":"46,63"},"geometry":{"type":"Polygon","coordinates":[[[0.583825,47.043618],[0.583833,47.04347],[0.584277,47.043842],[0.584284,47.044001],[0.583825,47.043618]]]}},{"type":"Feature","properties":{"name":"PRA 0380 - RD 158","LIBELLE":"PRA 0380 - RD 158","LIBELLE_COURT":"PRA 0380","COMMUNE":"MAILLE","SITUATION":"LGV","PKEF":"38,013","TYPE":"PRA - Voûte","INFRA_PORTEE":"LGV","INFRA_FRANCHIE":"RD 158","HAUTEUR_LIBRE":"6,098","LONGUEUR_BIAISE":"-"},"geometry":{"type":"Polygon","coordinates":[[[0.585715,47.04547],[0.585711,47.045468],[0.585801,47.045407],[0.585808,47.045397],[0.585747,47.045338],[0.585651,47.045371],[0.585606,47.045396],[0.585603,47.045393],[0.585648,47.045369],[0.585746,47.045335],[0.586034,47.045099],[0.586029,47.045088],[0.586037,47.045051],[0.586073,47.044984],[0.586079,47.044986],[0.586043,47.045053],[0.586036,47.045088],[0.586039,47.045096],[0.586121,47.045126],[0.586176,47.045093],[0.586211,47.045055],[0.586217,47.045057],[0.586181,47.045096],[0.586132,47.045127],[0.58612,47.04513],[0.585813,47.045397],[0.585805,47.04541],[0.585715,47.04547]]]}},{"type":"Feature","properties":{"name":"SDM 0378 - Saut de mouton 1 de maille","LIBELLE":"SDM 0378 - Saut de mouton 1 de maille","LIBELLE_COURT":"SDM 0378","COMMUNE":"MAILLE","SITUATION":"LGV","PKEF":"37,837","TYPE":"Saut-de-mouton","INFRA_PORTEE":"LGV","INFRA_FRANCHIE":"RAC CA2","HAUTEUR_LIBRE":"6,508","LONGUEUR_BIAISE":"10,101"},"geometry":{"type":"Polygon","coordinates":[[[0.587738,47.046716],[0.587627,47.046713],[0.587296,47.046223],[0.587411,47.046226],[0.587738,47.046716]]]}},{"type":"Feature","properties":{"name":"PRA 0373 - rivière Reveillon","LIBELLE":"PRA 0373 - rivière Reveillon","LIBELLE_COURT":"PRA 0373","COMMUNE":"MAILLE","SITUATION":"LGV","PKEF":"37,39","TYPE":"PRA - Cadre/Dalot BA","INFRA_PORTEE":"LGV + RAC CA1","INFRA_FRANCHIE":"rivière Reveillon","HAUTEUR_LIBRE":"5,2","LONGUEUR_BIAISE":"-"},"geometry":{"type":"Polygon","coordinates":[[[0.591282,47.049526],[0.591277,47.049523],[0.591345,47.049438],[0.5913,47.049374],[0.591135,47.049357],[0.591135,47.049352],[0.591304,47.04937],[0.591887,47.049183],[0.591953,47.049098],[0.591959,47.0491],[0.591894,47.049183],[0.591938,47.049243],[0.592099,47.049262],[0.592098,47.049267],[0.591934,47.049247],[0.591352,47.049438],[0.591282,47.049526]]]}},{"type":"Feature","properties":{"name":"PRA 0369 - RD 91","LIBELLE":"PRA 0369 - RD 91","LIBELLE_COURT":"PRA 0369","COMMUNE":"MAILLE","SITUATION":"LGV","PKEF":"36,971","TYPE":"PRA - Cadre/Dalot BA","INFRA_PORTEE":"LGV + RAC CA1 + RAC CA2","INFRA_FRANCHIE":"RD 91","HAUTEUR_LIBRE":"5,38","LONGUEUR_BIAISE":"10,325"},"geometry":{"type":"Polygon","coordinates":[[[0.594983,47.052215],[0.59487,47.052148],[0.595558,47.052004],[0.595651,47.052073],[0.594983,47.052215]]]}},{"type":"Feature","properties":{"name":"TRC 0360 - Tranchée couverte de Maille","LIBELLE":"TRC 0360 - Tranchée couverte de Maille","LIBELLE_COURT":"TRC 0360","COMMUNE":"MAILLE","SITUATION":"LGV","PKEF":"36,02","TYPE":"Tranchée couverte","INFRA_PORTEE":"CR 0358-41","INFRA_FRANCHIE":"LGV","HAUTEUR_LIBRE":"6,4","LONGUEUR_BIAISE":"-"},"geometry":{"type":"Polygon","coordinates":[[[0.604649,47.05882],[0.604374,47.058663],[0.604404,47.058644],[0.603498,47.057991],[0.603454,47.058019],[0.603198,47.057784],[0.603226,47.057766],[0.60352,47.057976],[0.603615,47.057914],[0.60332,47.057704],[0.603349,47.057685],[0.603681,47.05787],[0.603637,47.057899],[0.604553,47.058546],[0.604583,47.058527],[0.6048,47.058721],[0.604772,47.05874],[0.604526,47.058564],[0.604432,47.058626],[0.604677,47.058801],[0.604649,47.05882]]]}},{"type":"Feature","properties":{"name":"PRO 0348 - RD 910(RN 10)","LIBELLE":"PRO 0348 - RD 910(RN 10)","LIBELLE_COURT":"PRO 0348","COMMUNE":"MAILLE","SITUATION":"LGV","PKEF":"34,836","TYPE":"PRO - Voûte","INFRA_PORTEE":"RD 910 (RN 10)","INFRA_FRANCHIE":"LGV","HAUTEUR_LIBRE":"6,4","LONGUEUR_BIAISE":"-"},"geometry":{"type":"Polygon","coordinates":[[[0.614568,47.065865],[0.614703,47.065773],[0.61512,47.066083],[0.615,47.066162],[0.614568,47.065865]]]}},{"type":"Feature","properties":{"name":"PRA 0341 - VC 6","LIBELLE":"PRA 0341 - VC 6","LIBELLE_COURT":"PRA 0341","COMMUNE":"DRACHE","SITUATION":"LGV","PKEF":"34,147","TYPE":"PRA - Cadre/Dalot BA","INFRA_PORTEE":"LGV","INFRA_FRANCHIE":"VC 6","HAUTEUR_LIBRE":"4,66","LONGUEUR_BIAISE":"-"},"geometry":{"type":"Polygon","coordinates":[[[0.621297,47.070319],[0.621292,47.070315],[0.621385,47.070253],[0.621341,47.070186],[0.621183,47.070211],[0.621181,47.070206],[0.621344,47.07018],[0.621563,47.070119],[0.621654,47.070047],[0.62166,47.07005],[0.621572,47.07012],[0.621627,47.070182],[0.62177,47.07015],[0.621773,47.070155],[0.621624,47.070188],[0.621393,47.070256],[0.621297,47.070319]]]}},{"type":"Feature","properties":{"name":"PRO 0332 - VC 363","LIBELLE":"PRO 0332 - VC 363","LIBELLE_COURT":"PRO 0332","COMMUNE":"DRACHE","SITUATION":"LGV","PKEF":"33,275","TYPE":"PRO - PRAD","INFRA_PORTEE":"VC 363","INFRA_FRANCHIE":"LGV","HAUTEUR_LIBRE":"6,028","LONGUEUR_BIAISE":"39,64"},"geometry":{"type":"Polygon","coordinates":[[[0.630453,47.075155],[0.630355,47.075112],[0.630726,47.074759],[0.630807,47.074818],[0.630453,47.075155]]]}},{"type":"Feature","properties":{"name":"PRO 0323 - VC 5","LIBELLE":"PRO 0323 - VC 5","LIBELLE_COURT":"PRO 0323","COMMUNE":"DRACHE","SITUATION":"LGV","PKEF":"32,367","TYPE":"PRO - PRAD","INFRA_PORTEE":"VC 5","INFRA_FRANCHIE":"LGV","HAUTEUR_LIBRE":"6,35","LONGUEUR_BIAISE":"40,986"},"geometry":{"type":"Polygon","coordinates":[[[0.640293,47.079933],[0.640179,47.079911],[0.640377,47.079473],[0.640478,47.079535],[0.640293,47.079933]]]}},{"type":"Feature","properties":{"name":"PRO 0315 - RD 59","LIBELLE":"PRO 0315 - RD 59","LIBELLE_COURT":"PRO 0315","COMMUNE":"DRACHE","SITUATION":"LGV","PKEF":"31,564","TYPE":"PRO - PRAD","INFRA_PORTEE":"RD 59","INFRA_FRANCHIE":"LGV","HAUTEUR_LIBRE":"6,03","LONGUEUR_BIAISE":"39,658"},"geometry":{"type":"Polygon","coordinates":[[[0.648633,47.084195],[0.648524,47.084135],[0.648973,47.083885],[0.649067,47.083957],[0.648633,47.084195]]]}},{"type":"Feature","properties":{"name":"PAS AL0 3011 - Passerelle rue René Coty","LIBELLE":"PAS AL0 3011 - Passerelle rue René Coty","LIBELLE_COURT":"PAS AL0 3011","COMMUNE":"AMBARES-ET-LAGRAVE","SITUATION":"AL1","PKEF":"301,11","TYPE":"Passerelle","INFRA_PORTEE":"Rue René Coty + piste cyclable","INFRA_FRANCHIE":"LGV + LC","HAUTEUR_LIBRE":"LGV : 6.89  LC : 5.89","LONGUEUR_BIAISE":"55,437"},"geometry":{"type":"Polygon","coordinates":[[[-0.495546,44.929222],[-0.495526,44.929189],[-0.495228,44.929279],[-0.495247,44.929312],[-0.495546,44.929222]]]}},{"type":"Feature","properties":{"name":"PRO AL0 3011 - René Coty + VF BP","LIBELLE":"PRO AL0 3011 - René Coty + VF BP","LIBELLE_COURT":"PRO AL0 3011","COMMUNE":"AMBARES-ET-LAGRAVE","SITUATION":"AL1","PKEF":"301,086","TYPE":"PRO - Poutrelles enrobées","INFRA_PORTEE":"Rue René Coty + piste cyclable","INFRA_FRANCHIE":"LGV + LC","HAUTEUR_LIBRE":"LGV : 6.89  LC : 5.89","LONGUEUR_BIAISE":"49,667"},"geometry":{"type":"Polygon","coordinates":[[[-0.495262,44.929483],[-0.495784,44.929298],[-0.495166,44.929072],[-0.494777,44.929179],[-0.495262,44.929483]]]}},{"type":"Feature","properties":{"name":"PSO AL2 3004 - passage piéton","LIBELLE":"PSO AL2 3004 - passage piéton","LIBELLE_COURT":"PSO AL2 3004","COMMUNE":"AMBARES-ET-LAGRAVE","SITUATION":"AL2","PKEF":"300,405","TYPE":"PRA - Cadre/Dalot BA","INFRA_PORTEE":"RAC AL2","INFRA_FRANCHIE":"Accès délaissé","HAUTEUR_LIBRE":"2","LONGUEUR_BIAISE":"2,5"},"geometry":{"type":"Polygon","coordinates":[[[-0.487314,44.932014],[-0.487304,44.93199],[-0.487333,44.931983],[-0.487344,44.932009],[-0.487346,44.932009],[-0.487334,44.931982],[-0.48733,44.931983],[-0.487284,44.931879],[-0.487287,44.931878],[-0.487277,44.931853],[-0.487275,44.931854],[-0.487285,44.931877],[-0.487257,44.931883],[-0.487246,44.93186],[-0.487244,44.931861],[-0.487256,44.931885],[-0.487259,44.931884],[-0.487306,44.931988],[-0.487302,44.931989],[-0.487312,44.932015],[-0.487314,44.932014]]]}},{"type":"Feature","properties":{"name":"EST AL0 3005 - Estacade d'Ambares","LIBELLE":"EST AL0 3005 - Estacade d'Ambares","LIBELLE_COURT":"EST AL0 3005","COMMUNE":"AMBARES-ET-LAGRAVE","SITUATION":"AL1","PKEF":"300,381","TYPE":"Estacade","INFRA_PORTEE":"LGV","INFRA_FRANCHIE":"-","HAUTEUR_LIBRE":"-","LONGUEUR_BIAISE":"337,5"},"geometry":{"type":"Polygon","coordinates":[[[-0.489267,44.931085],[-0.489555,44.931001],[-0.489522,44.930943],[-0.489234,44.931027],[-0.48897,44.931104],[-0.488683,44.931188],[-0.488442,44.931257],[-0.488178,44.931333],[-0.48789,44.931416],[-0.487649,44.931485],[-0.487385,44.93156],[-0.487108,44.931639],[-0.485762,44.932018],[-0.485508,44.932089],[-0.485243,44.932163],[-0.484954,44.932243],[-0.484711,44.93231],[-0.484446,44.932383],[-0.484191,44.932453],[-0.484223,44.932511],[-0.484477,44.932441],[-0.484743,44.932368],[-0.484985,44.932301],[-0.485275,44.932221],[-0.48554,44.932147],[-0.485794,44.932076],[-0.48714,44.931696],[-0.4872,44.93168],[-0.488716,44.931245],[-0.489003,44.931162],[-0.489267,44.931085]]]}},{"type":"Feature","properties":{"name":"SDM AL0 3005 - Saut de mouton d'Ambares","LIBELLE":"SDM AL0 3005 - Saut de mouton d'Ambares","LIBELLE_COURT":"SDM AL0 3005","COMMUNE":"AMBARES-ET-LAGRAVE","SITUATION":"AL1","PKEF":"300,347","TYPE":"Saut-de-mouton","INFRA_PORTEE":"LGV V1","INFRA_FRANCHIE":"V2 LC Paris Bordeaux","HAUTEUR_LIBRE":"?","LONGUEUR_BIAISE":"113,089"},"geometry":{"type":"Polygon","coordinates":[[[-0.487141,44.931768],[-0.487169,44.931696],[-0.487204,44.931607],[-0.486597,44.931779],[-0.486424,44.931823],[-0.485821,44.931932],[-0.485799,44.932003],[-0.485773,44.932087],[-0.486289,44.931943],[-0.486497,44.931883],[-0.486843,44.931821],[-0.487141,44.931768]]]}},{"type":"Feature","properties":{"name":"OHD 3002+0","LIBELLE":"OHD 3002+0","LIBELLE_COURT":"OHD 3002+0","COMMUNE":"AMBARES-ET-LAGRAVE","SITUATION":"AL1","PKEF":"300,16","TYPE":"Ouvrage hydraulique","INFRA_PORTEE":"LGV","INFRA_FRANCHIE":"","HAUTEUR_LIBRE":"1,56","LONGUEUR_BIAISE":"4,2"},"geometry":{"type":"Polygon","coordinates":[[[-0.484171,44.932346],[-0.484092,44.932203],[-0.484071,44.932209],[-0.48415,44.932352],[-0.484171,44.932346]]]}},{"type":"Feature","properties":{"name":"VIA 0305 - Viaduc de la Manse","LIBELLE":"VIA 0305 - Viaduc de la Manse","LIBELLE_COURT":"VIA 0305","COMMUNE":"SEPMES","SITUATION":"LGV","PKEF":"30,521","TYPE":"Viaduc","INFRA_PORTEE":"LGV","INFRA_FRANCHIE":"La Manse","HAUTEUR_LIBRE":"","LONGUEUR_BIAISE":"119,84"},"geometry":{"type":"Polygon","coordinates":[[[0.65915,47.091008],[0.6585,47.090505],[0.65808,47.090187],[0.658206,47.090109],[0.658818,47.090574],[0.659278,47.090931],[0.65915,47.091008]]]}},{"type":"Feature","properties":{"name":"PRA CE1 0039 - RD42 + rando","LIBELLE":"PRA CE1 0039 - RD42 + rando","LIBELLE_COURT":"PRA CE1 0039","COMMUNE":"ROULLET-SAINT-ESTEPHE","SITUATION":"CE1","PKEF":"3,984","TYPE":"PRA - Portique","INFRA_PORTEE":"RAC CE1","INFRA_FRANCHIE":"RD42 + rando","HAUTEUR_LIBRE":"4,85","LONGUEUR_BIAISE":"11,93"},"geometry":{"type":"Polygon","coordinates":[[[0.066434,45.576184],[0.066431,45.57618],[0.06653,45.576131],[0.066484,45.576048],[0.066363,45.57606],[0.066363,45.576055],[0.066488,45.576044],[0.066644,45.575992],[0.066745,45.575942],[0.066749,45.575946],[0.066652,45.575993],[0.0667,45.576075],[0.066792,45.576065],[0.066793,45.57607],[0.066696,45.57608],[0.066538,45.576133],[0.066434,45.576184]]]}},{"type":"Feature","properties":{"name":"TRC 0040 - Tranchée couverte de Veigné","LIBELLE":"TRC 0040 - Tranchée couverte de Veigné","LIBELLE_COURT":"TRC 0040","COMMUNE":"VEIGNE","SITUATION":"LGV","PKEF":"3,979","TYPE":"Tranchée couverte","INFRA_PORTEE":"A85","INFRA_FRANCHIE":"LGV","HAUTEUR_LIBRE":"","LONGUEUR_BIAISE":""},"geometry":{"type":"Polygon","coordinates":[[[0.719325,47.309579],[0.719009,47.309407],[0.718592,47.309186],[0.718172,47.308969],[0.717748,47.308755],[0.71732,47.308544],[0.716851,47.308319],[0.716974,47.308199],[0.717337,47.308372],[0.717768,47.308583],[0.718153,47.308776],[0.718619,47.309015],[0.719142,47.309292],[0.71946,47.309464],[0.719325,47.309579]]]}},{"type":"Feature","properties":{"name":"PRA MS0 0036 - Saut de mouton 2 de Sorigny","LIBELLE":"PRA MS0 0036 - Saut de mouton 2 de Sorigny","LIBELLE_COURT":"PRA MS0 0036","COMMUNE":"SORIGNY","SITUATION":"MS1","PKEF":"3,974","TYPE":"PRA - Portique","INFRA_PORTEE":"RAC MS1 + MS2","INFRA_FRANCHIE":"A10","HAUTEUR_LIBRE":"5,1","LONGUEUR_BIAISE":"85"},"geometry":{"type":"Polygon","coordinates":[[[0.658178,47.226163],[0.658128,47.2254],[0.658099,47.224959],[0.658312,47.224953],[0.658282,47.224478],[0.658496,47.224472],[0.658561,47.225487],[0.658583,47.225815],[0.65837,47.225821],[0.658391,47.226157],[0.658178,47.226163]]]}},{"type":"Feature","properties":{"name":"TOU 0044 (1) - Tranchée ouverte de Veigné","LIBELLE":"TOU 0044 (1) - Tranchée ouverte de Veigné","LIBELLE_COURT":"TOU 0044 (1)","COMMUNE":"VEIGNE","SITUATION":"LGV","PKEF":"3,716","TYPE":"Tranchée ouverte","INFRA_PORTEE":"","INFRA_FRANCHIE":"LGV","HAUTEUR_LIBRE":"","LONGUEUR_BIAISE":"337"},"geometry":{"type":"Polygon","coordinates":[[[0.719325,47.309579],[0.71946,47.309464],[0.719557,47.309517],[0.719648,47.309584],[0.720159,47.309871],[0.720362,47.309988],[0.720664,47.310164],[0.720963,47.310342],[0.721062,47.310402],[0.721162,47.310462],[0.72126,47.310522],[0.721359,47.310583],[0.721457,47.310643],[0.721555,47.310704],[0.721653,47.310765],[0.721752,47.310827],[0.721848,47.310888],[0.721944,47.310949],[0.722041,47.311011],[0.722147,47.311067],[0.722242,47.311129],[0.72233,47.311198],[0.722425,47.31126],[0.72252,47.311323],[0.7227,47.311443],[0.722575,47.311529],[0.722396,47.31141],[0.722301,47.311348],[0.722205,47.311285],[0.722101,47.31123],[0.722005,47.311167],[0.721918,47.311099],[0.721726,47.310976],[0.721629,47.310915],[0.721553,47.310868],[0.721435,47.310794],[0.721337,47.310733],[0.721239,47.310673],[0.721141,47.310612],[0.721042,47.310553],[0.720944,47.310493],[0.720845,47.310433],[0.720646,47.310315],[0.720447,47.310197],[0.720346,47.310139],[0.720246,47.310081],[0.720044,47.309965],[0.719841,47.309849],[0.719638,47.309735],[0.719535,47.309678],[0.719422,47.309631],[0.719325,47.309579]]]}},{"type":"Feature","properties":{"name":"PRA CE2 0033 - AGR","LIBELLE":"PRA CE2 0033 - AGR","LIBELLE_COURT":"PRA CE2 0033","COMMUNE":"ROULLET-SAINT-ESTEPHE","SITUATION":"CE2","PKEF":"3,691","TYPE":"PRA - Voûte","INFRA_PORTEE":"RAC CE2","INFRA_FRANCHIE":"AGR","HAUTEUR_LIBRE":"4,679","LONGUEUR_BIAISE":"-"},"geometry":{"type":"Polygon","coordinates":[[[0.067251,45.579157],[0.067248,45.579154],[0.067297,45.579122],[0.06732,45.579103],[0.067328,45.57909],[0.067313,45.579071],[0.067282,45.579068],[0.067236,45.579078],[0.067194,45.57909],[0.067192,45.579087],[0.067235,45.579075],[0.067282,45.579065],[0.067316,45.579068],[0.067687,45.578909],[0.067712,45.578881],[0.067772,45.578848],[0.067775,45.57885],[0.067716,45.578883],[0.067692,45.578909],[0.0677,45.578921],[0.067716,45.578931],[0.067754,45.578927],[0.067826,45.578909],[0.067827,45.578912],[0.067755,45.57893],[0.067714,45.578934],[0.06771,45.578932],[0.067333,45.579089],[0.067324,45.579105],[0.0673,45.579125],[0.067251,45.579157]]]}},{"type":"Feature","properties":{"name":"PRA CE1 0036 - AGR","LIBELLE":"PRA CE1 0036 - AGR","LIBELLE_COURT":"PRA CE1 0036","COMMUNE":"ROULLET-SAINT-ESTEPHE","SITUATION":"CE1","PKEF":"3,666","TYPE":"PRA - Cadre/Dalot BA","INFRA_PORTEE":"RAC CE1","INFRA_FRANCHIE":"AGR","HAUTEUR_LIBRE":"4,2","LONGUEUR_BIAISE":"7,1"},"geometry":{"type":"Polygon","coordinates":[[[0.06824,45.578756],[0.068237,45.578754],[0.068298,45.578706],[0.068263,45.578657],[0.068165,45.578673],[0.068164,45.57867],[0.068265,45.578653],[0.068352,45.578619],[0.068414,45.578572],[0.068418,45.578574],[0.068358,45.57862],[0.068397,45.578671],[0.06848,45.578658],[0.068481,45.578661],[0.068395,45.578675],[0.068304,45.578707],[0.06824,45.578756]]]}},{"type":"Feature","properties":{"name":"PRO 0037 - VC11","LIBELLE":"PRO 0037 - VC11","LIBELLE_COURT":"PRO 0037","COMMUNE":"VEIGNE","SITUATION":"LGV","PKEF":"3,657","TYPE":"PRO - Portique","INFRA_PORTEE":"VC11","INFRA_FRANCHIE":"LGV","HAUTEUR_LIBRE":"6,5","LONGUEUR_BIAISE":"14,31"},"geometry":{"type":"Polygon","coordinates":[[[0.721444,47.310795],[0.721558,47.31071],[0.721716,47.310808],[0.721599,47.310893],[0.721444,47.310795]]]}},{"type":"Feature","properties":{"name":"VIA MA1 0035 - Viaduc Auxance Est","LIBELLE":"VIA MA1 0035 - Viaduc Auxance Est","LIBELLE_COURT":"VIA MA1 0035","COMMUNE":"MIGNE-AUXANCES","SITUATION":"MA1","PKEF":"3,534","TYPE":"Viaduc","INFRA_PORTEE":"RAC MA1 + MA2","INFRA_FRANCHIE":"L'Auxance + RD87 + VLT","HAUTEUR_LIBRE":"","LONGUEUR_BIAISE":"447,2"},"geometry":{"type":"Polygon","coordinates":[[[0.349914,46.641595],[0.349825,46.641301],[0.349784,46.64116],[0.349674,46.64076],[0.349547,46.64025],[0.349467,46.639899],[0.34937,46.639422],[0.349266,46.638824],[0.349199,46.638362],[0.349129,46.637771],[0.349106,46.637526],[0.349274,46.637518],[0.349358,46.638284],[0.349395,46.638558],[0.349515,46.639289],[0.349618,46.63981],[0.349717,46.640247],[0.349843,46.64075],[0.34995,46.641137],[0.349991,46.641279],[0.350079,46.641571],[0.349914,46.641595]]]}},{"type":"Feature","properties":{"name":"PRO MS0 0029 - VC2 + RANDO","LIBELLE":"PRO MS0 0029 - VC2 + RANDO","LIBELLE_COURT":"PRO MS0 0029","COMMUNE":"SORIGNY","SITUATION":"MS1","PKEF":"3,346","TYPE":"PRO - PRAD","INFRA_PORTEE":"VC2 + RANDO","INFRA_FRANCHIE":"RAC MS1 + MS2","HAUTEUR_LIBRE":"6,244","LONGUEUR_BIAISE":"42,64"},"geometry":{"type":"Polygon","coordinates":[[[0.654044,47.230708],[0.654124,47.230626],[0.654701,47.230666],[0.654625,47.230748],[0.654044,47.230708]]]}},{"type":"Feature","properties":{"name":"PRO 0030 - VC4","LIBELLE":"PRO 0030 - VC4","LIBELLE_COURT":"PRO 0030","COMMUNE":"CHAMBRAY-LES-TOURS","SITUATION":"LGV","PKEF":"3,02","TYPE":"PRO - PRAD","INFRA_PORTEE":"VC4","INFRA_FRANCHIE":"LGV","HAUTEUR_LIBRE":"6,17","LONGUEUR_BIAISE":"40,986"},"geometry":{"type":"Polygon","coordinates":[[[0.727066,47.315272],[0.726988,47.315194],[0.727341,47.314856],[0.727415,47.314936],[0.727066,47.315272]]]}},{"type":"Feature","properties":{"name":"PRA AL0 2998 - Avenue Léon Blum","LIBELLE":"PRA AL0 2998 - Avenue Léon Blum","LIBELLE_COURT":"PRA AL0 2998","COMMUNE":"AMBARES-ET-LAGRAVE","SITUATION":"AL1","PKEF":"299,8","TYPE":"PRA - Poutrelles enrobées","INFRA_PORTEE":"LGV","INFRA_FRANCHIE":"Avenue Léon Blum","HAUTEUR_LIBRE":"5,152","LONGUEUR_BIAISE":"54,875"},"geometry":{"type":"Polygon","coordinates":[[[-0.48038,44.933579],[-0.480367,44.933461],[-0.479665,44.933643],[-0.479615,44.933776],[-0.48038,44.933579]]]}},{"type":"Feature","properties":{"name":"PRA AL0 2995 - VF BN","LIBELLE":"PRA AL0 2995 - VF BN","LIBELLE_COURT":"PRA AL0 2995","COMMUNE":"AMBARES-ET-LAGRAVE","SITUATION":"LGV","PKEF":"299,538","TYPE":"PRA - Portique","INFRA_PORTEE":"LGV","INFRA_FRANCHIE":"VF BN","HAUTEUR_LIBRE":"5,207","LONGUEUR_BIAISE":"16,27"},"geometry":{"type":"Polygon","coordinates":[[[-0.477151,44.93441],[-0.477097,44.934305],[-0.476561,44.934442],[-0.476616,44.934549],[-0.477151,44.93441]]]}},{"type":"Feature","properties":{"name":"PRO HL 2992-1 - RD 1010 sur VF BP","LIBELLE":"PRO HL 2992-1 - RD 1010 sur VF BP","LIBELLE_COURT":"PRO HL 2992-1","COMMUNE":"AMBARES-ET-LAGRAVE","SITUATION":"LGV V1","PKEF":"299,233","TYPE":"PRO - Poutrelles enrobées","INFRA_PORTEE":"RD 1010","INFRA_FRANCHIE":"VF BP + VLT 2993-1","HAUTEUR_LIBRE":"LGV : 6.960  LC : 6,530","LONGUEUR_BIAISE":"73,483"},"geometry":{"type":"Polygon","coordinates":[[[-0.472912,44.934999],[-0.472922,44.934887],[-0.472929,44.934775],[-0.472932,44.934663],[-0.472931,44.934551],[-0.472927,44.934438],[-0.472919,44.934327],[-0.472732,44.934354],[-0.472738,44.934465],[-0.472741,44.934577],[-0.472741,44.934688],[-0.472737,44.934799],[-0.47273,44.934911],[-0.47272,44.935022],[-0.472912,44.934999]]]}},{"type":"Feature","properties":{"name":"PRO 2992 - RD 1010","LIBELLE":"PRO 2992 - RD 1010","LIBELLE_COURT":"PRO 2992","COMMUNE":"AMBARES-ET-LAGRAVE","SITUATION":"LGV","PKEF":"299,183","TYPE":"PRO - Cadre/Dalot BA","INFRA_PORTEE":"RD 1010","INFRA_FRANCHIE":"LGV","HAUTEUR_LIBRE":"6,14","LONGUEUR_BIAISE":"-"},"geometry":{"type":"Polygon","coordinates":[[[-0.472656,44.935797],[-0.472847,44.935718],[-0.472867,44.935555],[-0.472678,44.935632],[-0.472656,44.935797]]]}},{"type":"Feature","properties":{"name":"PRA 2988 - VC 30","LIBELLE":"PRA 2988 - VC 30","LIBELLE_COURT":"PRA 2988","COMMUNE":"AMBARES-ET-LAGRAVE","SITUATION":"LGV","PKEF":"298,79","TYPE":"PRA - Cadre/Dalot BA","INFRA_PORTEE":"LGV","INFRA_FRANCHIE":"VC 30","HAUTEUR_LIBRE":"4,5","LONGUEUR_BIAISE":"-"},"geometry":{"type":"Polygon","coordinates":[[[-0.469099,44.938053],[-0.469102,44.93805],[-0.468985,44.937977],[-0.469066,44.937913],[-0.46921,44.937965],[-0.469212,44.937962],[-0.469063,44.937904],[-0.468846,44.937823],[-0.46873,44.937757],[-0.468726,44.93776],[-0.46883,44.937827],[-0.468752,44.937889],[-0.468613,44.937838],[-0.46861,44.937842],[-0.468752,44.937899],[-0.46897,44.937978],[-0.469099,44.938053]]]}},{"type":"Feature","properties":{"name":"PRA 2985 - Saut de mouton de St Vincent de Paul","LIBELLE":"PRA 2985 - Saut de mouton de St Vincent de Paul","LIBELLE_COURT":"PRA 2985","COMMUNE":"SAINT-VINCENT-DE-PAUL","SITUATION":"LGV","PKEF":"298,515","TYPE":"PRA - Portique","INFRA_PORTEE":"LGV","INFRA_FRANCHIE":"A10","HAUTEUR_LIBRE":"5,027","LONGUEUR_BIAISE":"64,62"},"geometry":{"type":"Polygon","coordinates":[[[-0.466455,44.939938],[-0.466424,44.940127],[-0.466635,44.940146],[-0.466678,44.939897],[-0.466888,44.939915],[-0.466925,44.939696],[-0.466959,44.939498],[-0.466746,44.93948],[-0.466704,44.939726],[-0.466494,44.939708],[-0.466455,44.939938]]]}},{"type":"Feature","properties":{"name":"PRA 2984 - Le Mondeau","LIBELLE":"PRA 2984 - Le Mondeau","LIBELLE_COURT":"PRA 2984","COMMUNE":"SAINT-VINCENT-DE-PAUL","SITUATION":"LGV","PKEF":"298,435","TYPE":"PRA - Cadre/Dalot BA","INFRA_PORTEE":"LGV","INFRA_FRANCHIE":"Le Mondeau","HAUTEUR_LIBRE":"1,39","LONGUEUR_BIAISE":""},"geometry":{"type":"Polygon","coordinates":[[[-0.466294,44.940448],[-0.466311,44.940414],[-0.465778,44.940282],[-0.465742,44.940262],[-0.465738,44.940266],[-0.46577,44.940283],[-0.465756,44.940314],[-0.465714,44.940314],[-0.465714,44.940319],[-0.46576,44.940319],[-0.466294,44.940448]]]}},{"type":"Feature","properties":{"name":"VIA 2973 - Viaduc d'accès Sud de la Dordogne","LIBELLE":"VIA 2973 - Viaduc d'accès Sud de la Dordogne","LIBELLE_COURT":"VIA 2973","COMMUNE":"SAINT-LOUBES","SITUATION":"LGV","PKEF":"297,391","TYPE":"Viaduc","INFRA_PORTEE":"LGV","INFRA_FRANCHIE":"RD115","HAUTEUR_LIBRE":"","LONGUEUR_BIAISE":"177,5"},"geometry":{"type":"Polygon","coordinates":[[[-0.458338,44.946999],[-0.457073,44.9481],[-0.45719,44.948168],[-0.458455,44.947067],[-0.458338,44.946999]]]}},{"type":"Feature","properties":{"name":"VIA 2969 - Viaduc Principal de la Dordogne","LIBELLE":"VIA 2969 - Viaduc Principal de la Dordogne","LIBELLE_COURT":"VIA 2969","COMMUNE":"SAINT-LOUBES","SITUATION":"LGV","PKEF":"296,902","TYPE":"Viaduc","INFRA_PORTEE":"LGV","INFRA_FRANCHIE":"La Dordogne","HAUTEUR_LIBRE":"-","LONGUEUR_BIAISE":"799"},"geometry":{"type":"Polygon","coordinates":[[[-0.457073,44.9481],[-0.450328,44.95397],[-0.450446,44.954039],[-0.45719,44.948168],[-0.457073,44.9481]]]}},{"type":"Feature","properties":{"name":"VIA 2963 - Viaduc d'accès Nord de la Dordogne","LIBELLE":"VIA 2963 - Viaduc d'accès Nord de la Dordogne","LIBELLE_COURT":"VIA 2963","COMMUNE":"SAINT-ROMAIN-LA-VIRVEE","SITUATION":"LGV","PKEF":"296,33","TYPE":"Viaduc","INFRA_PORTEE":"LGV","INFRA_FRANCHIE":"La Virvée + RD737","HAUTEUR_LIBRE":"","LONGUEUR_BIAISE":"342,5"},"geometry":{"type":"Polygon","coordinates":[[[-0.450446,44.954039],[-0.450328,44.95397],[-0.447749,44.956214],[-0.447867,44.956283],[-0.450446,44.954039]]]}},{"type":"Feature","properties":{"name":"PRO HL 2963-2 - RD 737 sur La Virvée","LIBELLE":"PRO HL 2963-2 - RD 737 sur La Virvée","LIBELLE_COURT":"PRO HL 2963-2","COMMUNE":"CUBZAC-LES-PONTS","SITUATION":"LGV V2","PKEF":"296,296","TYPE":"PRO - PRAD","INFRA_PORTEE":"RD 737","INFRA_FRANCHIE":"La Virvée","HAUTEUR_LIBRE":"2,845","LONGUEUR_BIAISE":"13"},"geometry":{"type":"Polygon","coordinates":[[[-0.449393,44.955676],[-0.449532,44.955632],[-0.449454,44.955499],[-0.449316,44.955546],[-0.449393,44.955676]]]}},{"type":"Feature","properties":{"name":"PRA 2955 - Estey Verdun","LIBELLE":"PRA 2955 - Estey Verdun","LIBELLE_COURT":"PRA 2955","COMMUNE":"CUBZAC-LES-PONTS","SITUATION":"LGV","PKEF":"295,486","TYPE":"PRA - Portique","INFRA_PORTEE":"LGV","INFRA_FRANCHIE":"Estey Verdun","HAUTEUR_LIBRE":"3,625","LONGUEUR_BIAISE":"17,464"},"geometry":{"type":"Polygon","coordinates":[[[-0.442564,44.961033],[-0.442567,44.961031],[-0.442531,44.960997],[-0.44261,44.960892],[-0.442717,44.960864],[-0.442716,44.960861],[-0.442607,44.96089],[-0.442222,44.960885],[-0.442194,44.960857],[-0.442191,44.960859],[-0.442216,44.960886],[-0.44214,44.960989],[-0.442023,44.961],[-0.442023,44.961003],[-0.442143,44.960992],[-0.442525,44.960997],[-0.442564,44.961033]]]}},{"type":"Feature","properties":{"name":"VIA 2950 - Viaduc du marais de la Virvée","LIBELLE":"VIA 2950 - Viaduc du marais de la Virvée","LIBELLE_COURT":"VIA 2950","COMMUNE":"CUBZAC-LES-PONTS","SITUATION":"LGV","PKEF":"295,007","TYPE":"Viaduc","INFRA_PORTEE":"LGV","INFRA_FRANCHIE":"La Virvée","HAUTEUR_LIBRE":"-","LONGUEUR_BIAISE":"153,2"},"geometry":{"type":"Polygon","coordinates":[[[-0.439442,44.963889],[-0.439315,44.963829],[-0.438978,44.964192],[-0.438696,44.964503],[-0.438553,44.964663],[-0.438266,44.96499],[-0.438396,44.965047],[-0.438505,44.964921],[-0.438916,44.96446],[-0.439191,44.964159],[-0.439442,44.963889]]]}},{"type":"Feature","properties":{"name":"EST 2946 - Estacade de la Falaise","LIBELLE":"EST 2946 - Estacade de la Falaise","LIBELLE_COURT":"EST 2946","COMMUNE":"CUBZAC-LES-PONTS","SITUATION":"LGV","PKEF":"294,565","TYPE":"Estacade","INFRA_PORTEE":"LGV","INFRA_FRANCHIE":"-","HAUTEUR_LIBRE":"-","LONGUEUR_BIAISE":"337,5"},"geometry":{"type":"Polygon","coordinates":[[[-0.435093,44.969219],[-0.435233,44.969266],[-0.435337,44.969111],[-0.435459,44.968928],[-0.435571,44.968762],[-0.435706,44.968563],[-0.43583,44.968381],[-0.436081,44.968018],[-0.436326,44.967672],[-0.436598,44.967297],[-0.436865,44.966939],[-0.43713,44.966593],[-0.436993,44.966539],[-0.436863,44.966708],[-0.436727,44.966886],[-0.436581,44.967082],[-0.43646,44.967245],[-0.436328,44.967425],[-0.436187,44.967622],[-0.436069,44.967787],[-0.435941,44.967968],[-0.435804,44.968167],[-0.43569,44.968333],[-0.435565,44.968515],[-0.43543,44.968714],[-0.435318,44.968881],[-0.435196,44.969064],[-0.435102,44.969206],[-0.435093,44.969219]]]}},{"type":"Feature","properties":{"name":"PRO 2940 - RD 137E6 + Rando","LIBELLE":"PRO 2940 - RD 137E6 + Rando","LIBELLE_COURT":"PRO 2940","COMMUNE":"CUBZAC-LES-PONTS","SITUATION":"LGV","PKEF":"293,97","TYPE":"PRO - PRAD","INFRA_PORTEE":"RD 137E6 + Rando","INFRA_FRANCHIE":"LGV","HAUTEUR_LIBRE":"6,209","LONGUEUR_BIAISE":"40,018"},"geometry":{"type":"Polygon","coordinates":[[[-0.433099,44.972795],[-0.433173,44.972697],[-0.432602,44.972675],[-0.432551,44.972775],[-0.433099,44.972795]]]}},{"type":"Feature","properties":{"name":"OHD 2936+1 - Meillac","LIBELLE":"OHD 2936+1 - Meillac","LIBELLE_COURT":"OHD 2936+1","COMMUNE":"CUBZAC-LES-PONTS","SITUATION":"LGV","PKEF":"293,613","TYPE":"Ouvrage hydraulique","INFRA_PORTEE":"LGV","INFRA_FRANCHIE":"Meillac","HAUTEUR_LIBRE":"1,5","LONGUEUR_BIAISE":"3,61"},"geometry":{"type":"Polygon","coordinates":[[[-0.430723,44.9756],[-0.431044,44.975701],[-0.431064,44.97567],[-0.430743,44.975568],[-0.430723,44.9756]]]}},{"type":"Feature","properties":{"name":"PRO 2931 - RD 137E7 + rando","LIBELLE":"PRO 2931 - RD 137E7 + rando","LIBELLE_COURT":"PRO 2931","COMMUNE":"SAINT-ANDRE-DE-CUBZAC","SITUATION":"LGV","PKEF":"293,14","TYPE":"PRO - PRAD","INFRA_PORTEE":"RD 137E7 + rando","INFRA_FRANCHIE":"LGV","HAUTEUR_LIBRE":"6,01","LONGUEUR_BIAISE":"41,752"},"geometry":{"type":"Polygon","coordinates":[[[-0.429049,44.979812],[-0.429103,44.979713],[-0.428599,44.979458],[-0.428539,44.979554],[-0.429049,44.979812]]]}},{"type":"Feature","properties":{"name":"PRO 2922 - Bretelle A 10 40b","LIBELLE":"PRO 2922 - Bretelle A 10 40b","LIBELLE_COURT":"PRO 2922","COMMUNE":"SAINT-ANDRE-DE-CUBZAC","SITUATION":"LGV","PKEF":"292,28","TYPE":"PRO - Cadre/Dalot BA","INFRA_PORTEE":"Bretelle A 10 40b","INFRA_FRANCHIE":"LGV","HAUTEUR_LIBRE":"6,413","LONGUEUR_BIAISE":""},"geometry":{"type":"Polygon","coordinates":[[[-0.426531,44.987346],[-0.426734,44.98723],[-0.426777,44.986935],[-0.426574,44.987051],[-0.426531,44.987346]]]}},{"type":"Feature","properties":{"name":"PRO 2919 - RD 670","LIBELLE":"PRO 2919 - RD 670","LIBELLE_COURT":"PRO 2919","COMMUNE":"SAINT-ANDRE-DE-CUBZAC","SITUATION":"LGV","PKEF":"291,904","TYPE":"PRO - Cadre/Dalot BA","INFRA_PORTEE":"RD 670","INFRA_FRANCHIE":"LGV","HAUTEUR_LIBRE":"6,05","LONGUEUR_BIAISE":"16,821"},"geometry":{"type":"Polygon","coordinates":[[[-0.426465,44.990696],[-0.426472,44.990532],[-0.42629,44.99046],[-0.426282,44.990624],[-0.426465,44.990696]]]}},{"type":"Feature","properties":{"name":"PRO 2917 - Bretelle A 10 40a","LIBELLE":"PRO 2917 - Bretelle A 10 40a","LIBELLE_COURT":"PRO 2917","COMMUNE":"SAINT-ANDRE-DE-CUBZAC","SITUATION":"LGV","PKEF":"291,665","TYPE":"PRO - Cadre/Dalot BA","INFRA_PORTEE":"Bretelle A 10 40a","INFRA_FRANCHIE":"LGV","HAUTEUR_LIBRE":"6,71","LONGUEUR_BIAISE":"41,163"},"geometry":{"type":"Polygon","coordinates":[[[-0.426177,44.992932],[-0.42638,44.992795],[-0.426407,44.9922],[-0.426202,44.992336],[-0.426177,44.992932]]]}},{"type":"Feature","properties":{"name":"PRO 2914 - RD 1510","LIBELLE":"PRO 2914 - RD 1510","LIBELLE_COURT":"PRO 2914","COMMUNE":"SAINT-ANDRE-DE-CUBZAC","SITUATION":"LGV","PKEF":"291,415","TYPE":"PRO - Cadre/Dalot BA","INFRA_PORTEE":"RD 1510","INFRA_FRANCHIE":"LGV","HAUTEUR_LIBRE":"6,2","LONGUEUR_BIAISE":"21,043"},"geometry":{"type":"Polygon","coordinates":[[[-0.426477,44.995338],[-0.42646,44.995113],[-0.426366,44.995033],[-0.426271,44.994957],[-0.426172,44.994884],[-0.426067,44.994812],[-0.425959,44.994744],[-0.425849,44.994679],[-0.425859,44.994713],[-0.425869,44.994746],[-0.425879,44.994779],[-0.425889,44.994813],[-0.425898,44.994846],[-0.425908,44.994879],[-0.426012,44.994948],[-0.426113,44.99502],[-0.426212,44.995097],[-0.426303,44.995174],[-0.426391,44.995255],[-0.426477,44.995338]]]}},{"type":"Feature","properties":{"name":"PAS 2904 - Passerelle de St-André-de-Cubzac","LIBELLE":"PAS 2904 - Passerelle de St-André-de-Cubzac","LIBELLE_COURT":"PAS 2904","COMMUNE":"SAINT-ANDRE-DE-CUBZAC","SITUATION":"LGV","PKEF":"290,419","TYPE":"Passerelle","INFRA_PORTEE":"Chemin piétonnier","INFRA_FRANCHIE":"LGV + LC + RD10","HAUTEUR_LIBRE":"LGV : 8.01  LC : 6.18    RD10 : 6.00","LONGUEUR_BIAISE":"174,5"},"geometry":{"type":"Polygon","coordinates":[[[-0.425724,45.004134],[-0.425742,45.004089],[-0.425673,45.004074],[-0.42567,45.004082],[-0.423551,45.003674],[-0.423554,45.003666],[-0.423487,45.003652],[-0.423467,45.003698],[-0.423535,45.003712],[-0.423537,45.003706],[-0.425658,45.004113],[-0.425656,45.00412],[-0.425724,45.004134]]]}},{"type":"Feature","properties":{"name":"PRO 2898 - RD 10 + VF BN","LIBELLE":"PRO 2898 - RD 10 + VF BN","LIBELLE_COURT":"PRO 2898","COMMUNE":"SAINT-ANDRE-DE-CUBZAC","SITUATION":"LGV","PKEF":"289,842","TYPE":"PRO - PRAD","INFRA_PORTEE":"RD 10","INFRA_FRANCHIE":"LGV + VF BN","HAUTEUR_LIBRE":"LGV : 8.397 LC : 5.779","LONGUEUR_BIAISE":"106,602"},"geometry":{"type":"Polygon","coordinates":[[[-0.422978,45.009029],[-0.423046,45.008929],[-0.421461,45.008594],[-0.421419,45.008701],[-0.422978,45.009029]]]}},{"type":"Feature","properties":{"name":"PRO HL 2895-1 - RD 10 sur Lafont (Soubiale)","LIBELLE":"PRO HL 2895-1 - RD 10 sur Lafont (Soubiale)","LIBELLE_COURT":"PRO HL 2895-1","COMMUNE":"SAINT-ANDRE-DE-CUBZAC","SITUATION":"LGV V1","PKEF":"289,485","TYPE":"PRO - Cadre/Dalot BA","INFRA_PORTEE":"RD 10","INFRA_FRANCHIE":"Lafont (Soubiale)","HAUTEUR_LIBRE":"2","LONGUEUR_BIAISE":"3,5"},"geometry":{"type":"Polygon","coordinates":[[[-0.418889,45.010654],[-0.418906,45.01063],[-0.418664,45.010542],[-0.418647,45.010566],[-0.418889,45.010654]]]}},{"type":"Feature","properties":{"name":"PRA 2895 - Lafont (Soubiale)","LIBELLE":"PRA 2895 - Lafont (Soubiale)","LIBELLE_COURT":"PRA 2895","COMMUNE":"AUBIE-ET-ESPESSAS","SITUATION":"LGV","PKEF":"289,47","TYPE":"PRA - Cadre/Dalot BA","INFRA_PORTEE":"LGV + VLT","INFRA_FRANCHIE":"Lafont (Soubiale)","HAUTEUR_LIBRE":"2","LONGUEUR_BIAISE":"-"},"geometry":{"type":"Polygon","coordinates":[[[-0.420538,45.011996],[-0.420175,45.011818],[-0.420153,45.01184],[-0.420517,45.012018],[-0.420538,45.011996]]]}},{"type":"Feature","properties":{"name":"PAS 2891 - Passerelle de St-Antoine","LIBELLE":"PAS 2891 - Passerelle de St-Antoine","LIBELLE_COURT":"PAS 2891","COMMUNE":"AUBIE-ET-ESPESSAS","SITUATION":"LGV","PKEF":"289,076","TYPE":"Passerelle","INFRA_PORTEE":"Chemin piétonnier","INFRA_FRANCHIE":"LGV + LC + voirie","HAUTEUR_LIBRE":"LGV : 7.32    LC : 6,67","LONGUEUR_BIAISE":"88"},"geometry":{"type":"Polygon","coordinates":[[[-0.41993,45.015362],[-0.41994,45.015326],[-0.418853,45.015171],[-0.418855,45.015164],[-0.418793,45.015156],[-0.418762,45.0152],[-0.41884,45.015214],[-0.418843,45.015205],[-0.41993,45.015362]]]}},{"type":"Feature","properties":{"name":"PRO 2882 - RD 133 + Rando + VF BN","LIBELLE":"PRO 2882 - RD 133 + Rando + VF BN","LIBELLE_COURT":"PRO 2882","COMMUNE":"AUBIE-ET-ESPESSAS","SITUATION":"LGV","PKEF":"288,241","TYPE":"PRO - PRAD","INFRA_PORTEE":"RD 133 + Rando","INFRA_FRANCHIE":"LGV + VF BN","HAUTEUR_LIBRE":"LGV : 6.59 LC : 5.75","LONGUEUR_BIAISE":"92,404"},"geometry":{"type":"Polygon","coordinates":[[[-0.418017,45.022967],[-0.418049,45.022874],[-0.416891,45.022613],[-0.416867,45.022709],[-0.418017,45.022967]]]}},{"type":"Feature","properties":{"name":"PRO 2862 - RD 248 E4 + VF BN","LIBELLE":"PRO 2862 - RD 248 E4 + VF BN","LIBELLE_COURT":"PRO 2862","COMMUNE":"GAURIAGUET","SITUATION":"LGV","PKEF":"286,187","TYPE":"PRO - PRAD","INFRA_PORTEE":"RD 248 E4","INFRA_FRANCHIE":"LGV + VF BN","HAUTEUR_LIBRE":"LGV : 6.08 LC : 5.77","LONGUEUR_BIAISE":"84,7"},"geometry":{"type":"Polygon","coordinates":[[[-0.4084,45.040176],[-0.408464,45.040088],[-0.407445,45.039738],[-0.407384,45.039828],[-0.4084,45.040176]]]}},{"type":"Feature","properties":{"name":"PRO 2847 - VC 4 + Rando + VF BN","LIBELLE":"PRO 2847 - VC 4 + Rando + VF BN","LIBELLE_COURT":"PRO 2847","COMMUNE":"GAURIAGUET","SITUATION":"LGV","PKEF":"284,691","TYPE":"PRO - PRAD","INFRA_PORTEE":"VC 4 + Rando","INFRA_FRANCHIE":"LGV + VF BN + accès riverain","HAUTEUR_LIBRE":"LGV: 6,36 LC: 5,76","LONGUEUR_BIAISE":"113,1"},"geometry":{"type":"Polygon","coordinates":[[[-0.40082,45.0525],[-0.400875,45.052408],[-0.399339,45.051938],[-0.399284,45.05203],[-0.40082,45.0525]]]}},{"type":"Feature","properties":{"name":"PRO 2830 - RD 142 + Rando + VF BN","LIBELLE":"PRO 2830 - RD 142 + Rando + VF BN","LIBELLE_COURT":"PRO 2830","COMMUNE":"MARSAS","SITUATION":"LGV","PKEF":"283,015","TYPE":"PRO - Portique","INFRA_PORTEE":"RD 142 + Rando","INFRA_FRANCHIE":"LGV + VF BN","HAUTEUR_LIBRE":"6,22","LONGUEUR_BIAISE":"21,94"},"geometry":{"type":"Polygon","coordinates":[[[-0.391621,45.066141],[-0.391714,45.065991],[-0.391456,45.06594],[-0.391359,45.06609],[-0.391621,45.066141]]]}},{"type":"Feature","properties":{"name":"PRO 2820 - RD 18 + VF BN","LIBELLE":"PRO 2820 - RD 18 + VF BN","LIBELLE_COURT":"PRO 2820","COMMUNE":"MARSAS","SITUATION":"LGV","PKEF":"282,038","TYPE":"PRO - PRAD","INFRA_PORTEE":"RD 18","INFRA_FRANCHIE":"LGV + VF BN","HAUTEUR_LIBRE":"LGV: 6,085 LC: 5,965","LONGUEUR_BIAISE":"108,323"},"geometry":{"type":"Polygon","coordinates":[[[-0.386146,45.07453],[-0.386269,45.074437],[-0.385415,45.073419],[-0.385322,45.073537],[-0.386146,45.07453]]]}},{"type":"Feature","properties":{"name":"PRA 2818 - Le Créon / Fontgerveau","LIBELLE":"PRA 2818 - Le Créon / Fontgerveau","LIBELLE_COURT":"PRA 2818","COMMUNE":"MARSAS","SITUATION":"LGV","PKEF":"281,83","TYPE":"PRA - Cadre/Dalot BA","INFRA_PORTEE":"LGV","INFRA_FRANCHIE":"Le Créon / Fontgerveau","HAUTEUR_LIBRE":"2","LONGUEUR_BIAISE":"-"},"geometry":{"type":"Polygon","coordinates":[[[-0.384368,45.075482],[-0.384058,45.075219],[-0.38404,45.075239],[-0.384344,45.075497],[-0.384368,45.075482]]]}},{"type":"Feature","properties":{"name":"PRO 2808 - VC 3","LIBELLE":"PRO 2808 - VC 3","LIBELLE_COURT":"PRO 2808","COMMUNE":"CAVIGNAC","SITUATION":"LGV","PKEF":"280,763","TYPE":"PRO - PRAD","INFRA_PORTEE":"VC 3","INFRA_FRANCHIE":"LGV","HAUTEUR_LIBRE":"6,025","LONGUEUR_BIAISE":"39,64"},"geometry":{"type":"Polygon","coordinates":[[[-0.377231,45.08363],[-0.377278,45.08357],[-0.376826,45.083376],[-0.376773,45.083437],[-0.377231,45.08363]]]}},{"type":"Feature","properties":{"name":"PRO 0289 - RD 760","LIBELLE":"PRO 0289 - RD 760","LIBELLE_COURT":"PRO 0289","COMMUNE":"SEPMES","SITUATION":"LGV","PKEF":"28,982","TYPE":"PRO - PRAD","INFRA_PORTEE":"RD 760","INFRA_FRANCHIE":"LGV","HAUTEUR_LIBRE":"6,08","LONGUEUR_BIAISE":"39,64"},"geometry":{"type":"Polygon","coordinates":[[[0.67019,47.101998],[0.670113,47.101892],[0.67055,47.101699],[0.670631,47.101803],[0.67019,47.101998]]]}},{"type":"Feature","properties":{"name":"PRA 2799 - Le Baudet (OH + rando)","LIBELLE":"PRA 2799 - Le Baudet (OH + rando)","LIBELLE_COURT":"PRA 2799","COMMUNE":"CAVIGNAC","SITUATION":"LGV","PKEF":"279,901","TYPE":"PRA - Cadre/Dalot BA","INFRA_PORTEE":"LGV","INFRA_FRANCHIE":"Le Baudet (OH + rando)","HAUTEUR_LIBRE":"2,5","LONGUEUR_BIAISE":""},"geometry":{"type":"Polygon","coordinates":[[[-0.371689,45.090302],[-0.371665,45.090263],[-0.371689,45.090234],[-0.371771,45.090206],[-0.371769,45.090203],[-0.371685,45.090231],[-0.3715,45.090206],[-0.371473,45.09017],[-0.371468,45.090172],[-0.371494,45.090206],[-0.37147,45.090241],[-0.371387,45.090264],[-0.371389,45.090268],[-0.371474,45.090244],[-0.37166,45.090263],[-0.371685,45.090304],[-0.371689,45.090302]]]}},{"type":"Feature","properties":{"name":"VIA 2796 - Viaduc de la Saye","LIBELLE":"VIA 2796 - Viaduc de la Saye","LIBELLE_COURT":"VIA 2796","COMMUNE":"CAVIGNAC","SITUATION":"LGV","PKEF":"279,598","TYPE":"Viaduc","INFRA_PORTEE":"LGV","INFRA_FRANCHIE":"La Saye","HAUTEUR_LIBRE":"","LONGUEUR_BIAISE":"152,8"},"geometry":{"type":"Polygon","coordinates":[[[-0.370143,45.091992],[-0.36922,45.093215],[-0.369353,45.093265],[-0.370275,45.092044],[-0.370143,45.091992]]]}},{"type":"Feature","properties":{"name":"PRA 2794 - VC 11","LIBELLE":"PRA 2794 - VC 11","LIBELLE_COURT":"PRA 2794","COMMUNE":"LARUSCADE","SITUATION":"LGV","PKEF":"279,401","TYPE":"PRA - Cadre/Dalot BA","INFRA_PORTEE":"LGV","INFRA_FRANCHIE":"VC 11","HAUTEUR_LIBRE":"4,4","LONGUEUR_BIAISE":"7,1"},"geometry":{"type":"Polygon","coordinates":[[[-0.368735,45.094323],[-0.368657,45.09427],[-0.368696,45.094218],[-0.368803,45.09423],[-0.368803,45.094226],[-0.368693,45.094214],[-0.368492,45.094139],[-0.368401,45.094072],[-0.368397,45.094075],[-0.368486,45.09414],[-0.368448,45.09419],[-0.368327,45.094172],[-0.368326,45.094176],[-0.368451,45.094194],[-0.368651,45.094271],[-0.368731,45.094326],[-0.368735,45.094323]]]}},{"type":"Feature","properties":{"name":"PRA 2777 - Le Meudon + PGF + rando","LIBELLE":"PRA 2777 - Le Meudon + PGF + rando","LIBELLE_COURT":"PRA 2777","COMMUNE":"LARUSCADE","SITUATION":"LGV","PKEF":"277,715","TYPE":"Viaduc","INFRA_PORTEE":"LGV","INFRA_FRANCHIE":"Le Meudon + PGF + rando","HAUTEUR_LIBRE":"7,9","LONGUEUR_BIAISE":"116,8"},"geometry":{"type":"Polygon","coordinates":[[[-0.358989,45.107136],[-0.358841,45.107068],[-0.357985,45.10805],[-0.35814,45.108111],[-0.358989,45.107136]]]}},{"type":"Feature","properties":{"name":"PRA 2770 - RD 22","LIBELLE":"PRA 2770 - RD 22","LIBELLE_COURT":"PRA 2770","COMMUNE":"LARUSCADE","SITUATION":"LGV","PKEF":"277,025","TYPE":"PRA - Cadre/Dalot BA","INFRA_PORTEE":"LGV","INFRA_FRANCHIE":"RD 22","HAUTEUR_LIBRE":"4,89","LONGUEUR_BIAISE":""},"geometry":{"type":"Polygon","coordinates":[[[-0.353874,45.112689],[-0.353658,45.112661],[-0.353409,45.11263],[-0.353269,45.112554],[-0.353261,45.112561],[-0.353391,45.112631],[-0.353311,45.112703],[-0.353045,45.112668],[-0.353043,45.112677],[-0.353316,45.112713],[-0.353564,45.112748],[-0.353684,45.112816],[-0.353692,45.112809],[-0.353582,45.112746],[-0.353663,45.112671],[-0.353872,45.112698],[-0.353874,45.112689]]]}},{"type":"Feature","properties":{"name":"PRA 2758 - RD 142","LIBELLE":"PRA 2758 - RD 142","LIBELLE_COURT":"PRA 2758","COMMUNE":"LARUSCADE","SITUATION":"LGV","PKEF":"275,853","TYPE":"PRA - Portique","INFRA_PORTEE":"LGV","INFRA_FRANCHIE":"RD 142","HAUTEUR_LIBRE":"4,56","LONGUEUR_BIAISE":""},"geometry":{"type":"Polygon","coordinates":[[[-0.343388,45.12051],[-0.343323,45.120447],[-0.343352,45.120208],[-0.343351,45.120089],[-0.343345,45.120089],[-0.343333,45.120203],[-0.343213,45.12024],[-0.343143,45.120184],[-0.343139,45.120187],[-0.343202,45.120248],[-0.343174,45.120492],[-0.343174,45.120612],[-0.343181,45.120612],[-0.343192,45.120498],[-0.343315,45.120461],[-0.343384,45.120512],[-0.343388,45.12051]]]}},{"type":"Feature","properties":{"name":"VIA 2749 - Le Meudon + PGF","LIBELLE":"VIA 2749 - Le Meudon + PGF","LIBELLE_COURT":"VIA 2749","COMMUNE":"LARUSCADE","SITUATION":"LGV","PKEF":"274,864","TYPE":"Viaduc","INFRA_PORTEE":"LGV","INFRA_FRANCHIE":"Le Meudon + PGF","HAUTEUR_LIBRE":"8,98","LONGUEUR_BIAISE":"127,8"},"geometry":{"type":"Polygon","coordinates":[[[-0.332455,45.125926],[-0.332539,45.126022],[-0.333929,45.125403],[-0.333843,45.125308],[-0.332455,45.125926]]]}},{"type":"Feature","properties":{"name":"PRA 2742 - VC 109 + rando","LIBELLE":"PRA 2742 - VC 109 + rando","LIBELLE_COURT":"PRA 2742","COMMUNE":"LARUSCADE","SITUATION":"LGV","PKEF":"274,164","TYPE":"PRA - Cadre/Dalot BA","INFRA_PORTEE":"LGV","INFRA_FRANCHIE":"VC 109 + rando","HAUTEUR_LIBRE":"4,4","LONGUEUR_BIAISE":""},"geometry":{"type":"Polygon","coordinates":[[[-0.325681,45.129004],[-0.325589,45.128919],[-0.325511,45.128768],[-0.325489,45.128688],[-0.325479,45.12869],[-0.3255,45.128765],[-0.325431,45.128791],[-0.325371,45.128736],[-0.325363,45.12874],[-0.325428,45.128801],[-0.325505,45.128951],[-0.325535,45.129059],[-0.325545,45.129058],[-0.325517,45.128955],[-0.325586,45.128929],[-0.325673,45.129008],[-0.325681,45.129004]]]}},{"type":"Feature","properties":{"name":"PRA 2740 - Ruisseau Le Bois Noir","LIBELLE":"PRA 2740 - Ruisseau Le Bois Noir","LIBELLE_COURT":"PRA 2740","COMMUNE":"LARUSCADE","SITUATION":"LGV","PKEF":"274,021","TYPE":"PRA - Voûte","INFRA_PORTEE":"LGV","INFRA_FRANCHIE":"Ruisseau Le Bois Noir","HAUTEUR_LIBRE":"3,5","LONGUEUR_BIAISE":"-"},"geometry":{"type":"Polygon","coordinates":[[[-0.32426,45.129615],[-0.324131,45.129582],[-0.323777,45.129365],[-0.323787,45.129293],[-0.323779,45.129293],[-0.32377,45.129362],[-0.323722,45.129397],[-0.323638,45.129408],[-0.323639,45.129414],[-0.323726,45.129402],[-0.324076,45.129632],[-0.324065,45.129704],[-0.324072,45.129703],[-0.324082,45.12963],[-0.324133,45.129588],[-0.324257,45.12962],[-0.32426,45.129615]]]}},{"type":"Feature","properties":{"name":"PRA 2730 - CR du Bois Noir","LIBELLE":"PRA 2730 - CR du Bois Noir","LIBELLE_COURT":"PRA 2730","COMMUNE":"LAPOUYADE","SITUATION":"LGV","PKEF":"273,02","TYPE":"PRA - Cadre/Dalot BA","INFRA_PORTEE":"LGV","INFRA_FRANCHIE":"CR du Bois Noir","HAUTEUR_LIBRE":"4,481","LONGUEUR_BIAISE":""},"geometry":{"type":"Polygon","coordinates":[[[-0.312967,45.134179],[-0.312937,45.134088],[-0.312999,45.13406],[-0.313103,45.13412],[-0.313108,45.134116],[-0.313,45.134053],[-0.312915,45.133958],[-0.312886,45.133864],[-0.312878,45.133865],[-0.312907,45.133955],[-0.31284,45.133984],[-0.312742,45.133926],[-0.312737,45.13393],[-0.31284,45.133991],[-0.312928,45.134085],[-0.31296,45.13418],[-0.312967,45.134179]]]}},{"type":"Feature","properties":{"name":"PRO 2717 - RD 247 E1","LIBELLE":"PRO 2717 - RD 247 E1","LIBELLE_COURT":"PRO 2717","COMMUNE":"LAPOUYADE","SITUATION":"LGV","PKEF":"271,662","TYPE":"PRO - PRAD","INFRA_PORTEE":"RD 247 E1","INFRA_FRANCHIE":"LGV","HAUTEUR_LIBRE":"6,05","LONGUEUR_BIAISE":"43,806"},"geometry":{"type":"Polygon","coordinates":[[[-0.299422,45.141828],[-0.299555,45.141747],[-0.299382,45.141362],[-0.299253,45.141453],[-0.299422,45.141828]]]}},{"type":"Feature","properties":{"name":"PRA 2709 - Pas de Lapouyade","LIBELLE":"PRA 2709 - Pas de Lapouyade","LIBELLE_COURT":"PRA 2709","COMMUNE":"CLERAC","SITUATION":"LGV","PKEF":"270,872","TYPE":"PRA - Portique","INFRA_PORTEE":"LGV","INFRA_FRANCHIE":"Pas de Lapouyade","HAUTEUR_LIBRE":"5,65","LONGUEUR_BIAISE":"16,2"},"geometry":{"type":"Polygon","coordinates":[[[-0.292922,45.146799],[-0.292785,45.146721],[-0.292539,45.146941],[-0.29268,45.147017],[-0.292922,45.146799]]]}},{"type":"Feature","properties":{"name":"PRA 0279 - Rui \"Le Houteau\"","LIBELLE":"PRA 0279 - Rui \"Le Houteau\"","LIBELLE_COURT":"PRA 0279","COMMUNE":"SAINTE-MAURE-DE-TOURAINE","SITUATION":"LGV","PKEF":"27,932","TYPE":"PRA - Cadre/Dalot BA","INFRA_PORTEE":"LGV","INFRA_FRANCHIE":"Rui \"Le Houteau\"","HAUTEUR_LIBRE":"1,51","LONGUEUR_BIAISE":"3,3"},"geometry":{"type":"Polygon","coordinates":[[[0.676009,47.110491],[0.676006,47.110488],[0.676028,47.110475],[0.676018,47.110454],[0.675985,47.110453],[0.675986,47.110449],[0.676022,47.11045],[0.676174,47.11041],[0.676216,47.110385],[0.67622,47.110388],[0.67618,47.110411],[0.676192,47.110433],[0.676245,47.110435],[0.676245,47.110438],[0.676188,47.110436],[0.676034,47.110476],[0.676009,47.110491]]]}},{"type":"Feature","properties":{"name":"PRO 0273 - VC 9","LIBELLE":"PRO 0273 - VC 9","LIBELLE_COURT":"PRO 0273","COMMUNE":"SAINTE-MAURE-DE-TOURAINE","SITUATION":"LGV","PKEF":"27,36","TYPE":"PRO - Portique","INFRA_PORTEE":"VC 9","INFRA_FRANCHIE":"LGV","HAUTEUR_LIBRE":"6,1","LONGUEUR_BIAISE":"16,076"},"geometry":{"type":"Polygon","coordinates":[[[0.678334,47.115438],[0.678255,47.115247],[0.678464,47.115263],[0.678544,47.115455],[0.678334,47.115438]]]}},{"type":"Feature","properties":{"name":"PRA 2694 - RD 145","LIBELLE":"PRA 2694 - RD 145","LIBELLE_COURT":"PRA 2694","COMMUNE":"CLERAC","SITUATION":"LGV","PKEF":"269,408","TYPE":"PRA - Cadre/Dalot BA","INFRA_PORTEE":"LGV","INFRA_FRANCHIE":"RD 145","HAUTEUR_LIBRE":"4,76","LONGUEUR_BIAISE":"10,253"},"geometry":{"type":"Polygon","coordinates":[[[-0.28229,45.157911],[-0.282208,45.15784],[-0.282268,45.157776],[-0.282379,45.157812],[-0.28238,45.157811],[-0.282267,45.157773],[-0.282138,45.157685],[-0.282059,45.157612],[-0.282058,45.157613],[-0.282137,45.157685],[-0.282073,45.157751],[-0.281985,45.157719],[-0.281984,45.15772],[-0.282074,45.157752],[-0.282204,45.15784],[-0.282288,45.157911],[-0.28229,45.157911]]]}},{"type":"Feature","properties":{"name":"PRA 2681 - Verdillon / La Fontaine Mazaubert","LIBELLE":"PRA 2681 - Verdillon / La Fontaine Mazaubert","LIBELLE_COURT":"PRA 2681","COMMUNE":"CLERAC","SITUATION":"LGV","PKEF":"268,084","TYPE":"PRA - Portique","INFRA_PORTEE":"LGV","INFRA_FRANCHIE":"Verdillon / La Fontaine Mazaubert","HAUTEUR_LIBRE":"4","LONGUEUR_BIAISE":""},"geometry":{"type":"Polygon","coordinates":[[[-0.272278,45.167542],[-0.27225,45.167439],[-0.272355,45.167358],[-0.272551,45.167329],[-0.272551,45.167326],[-0.272353,45.167355],[-0.271987,45.167238],[-0.271957,45.167133],[-0.271956,45.167133],[-0.271982,45.167238],[-0.271876,45.167317],[-0.271675,45.167346],[-0.271676,45.16735],[-0.271879,45.167321],[-0.272245,45.167438],[-0.272276,45.167543],[-0.272278,45.167542]]]}},{"type":"Feature","properties":{"name":"PRO 2678 - RD 158C","LIBELLE":"PRO 2678 - RD 158C","LIBELLE_COURT":"PRO 2678","COMMUNE":"CLERAC","SITUATION":"LGV","PKEF":"267,84","TYPE":"PRO - PRAD","INFRA_PORTEE":"RD 158C","INFRA_FRANCHIE":"LGV","HAUTEUR_LIBRE":"6,09","LONGUEUR_BIAISE":"39,64"},"geometry":{"type":"Polygon","coordinates":[[[-0.270143,45.169081],[-0.270232,45.169012],[-0.269862,45.168754],[-0.26977,45.168823],[-0.270143,45.169081]]]}},{"type":"Feature","properties":{"name":"PRO HL 2678-2 - RD 158 C sur Le Meudon Amont","LIBELLE":"PRO HL 2678-2 - RD 158 C sur Le Meudon Amont","LIBELLE_COURT":"PRO HL 2678-2","COMMUNE":"BEDENAC","SITUATION":"LGV V2","PKEF":"267,798","TYPE":"PRO - Voûte","INFRA_PORTEE":"RD 158 C","INFRA_FRANCHIE":"Le Meudon Amont","HAUTEUR_LIBRE":"4,265","LONGUEUR_BIAISE":"-"},"geometry":{"type":"Polygon","coordinates":[[[-0.271164,45.170035],[-0.271612,45.169717],[-0.271567,45.169682],[-0.271112,45.170001],[-0.271164,45.170035]]]}},{"type":"Feature","properties":{"name":"PRO 2666 - CR de Souillac + rando","LIBELLE":"PRO 2666 - CR de Souillac + rando","LIBELLE_COURT":"PRO 2666","COMMUNE":"CLERAC","SITUATION":"LGV","PKEF":"266,565","TYPE":"PRO - PRAD","INFRA_PORTEE":"CR de Souillac + rando","INFRA_FRANCHIE":"LGV","HAUTEUR_LIBRE":"6,4","LONGUEUR_BIAISE":"39,64"},"geometry":{"type":"Polygon","coordinates":[[[-0.25766,45.17643],[-0.257743,45.176389],[-0.257447,45.176075],[-0.25736,45.176112],[-0.25766,45.17643]]]}},{"type":"Feature","properties":{"name":"PRO HL 2639-1 - RD 158 B sur L'Espie (1)","LIBELLE":"PRO HL 2639-1 - RD 158 B sur L'Espie (1)","LIBELLE_COURT":"PRO HL 2639-1","COMMUNE":"CLERAC","SITUATION":"LGV V1","PKEF":"263,85","TYPE":"PRO - Voûte","INFRA_PORTEE":"RD 158 B","INFRA_FRANCHIE":"L'Espie (1)","HAUTEUR_LIBRE":"3,5","LONGUEUR_BIAISE":"-"},"geometry":{"type":"Polygon","coordinates":[[[-0.225994,45.186518],[-0.226456,45.18643],[-0.226439,45.186386],[-0.225972,45.186476],[-0.225994,45.186518]]]}},{"type":"Feature","properties":{"name":"PRO 2639 - RD 158B","LIBELLE":"PRO 2639 - RD 158B","LIBELLE_COURT":"PRO 2639","COMMUNE":"CLERAC","SITUATION":"LGV","PKEF":"263,85","TYPE":"PRO - PRAD","INFRA_PORTEE":"RD 158B","INFRA_FRANCHIE":"LGV","HAUTEUR_LIBRE":"6,16","LONGUEUR_BIAISE":"39,64"},"geometry":{"type":"Polygon","coordinates":[[[-0.22664,45.187252],[-0.226763,45.187213],[-0.226545,45.186872],[-0.226423,45.186912],[-0.22664,45.187252]]]}},{"type":"Feature","properties":{"name":"PRO 2629 - RD 134","LIBELLE":"PRO 2629 - RD 134","LIBELLE_COURT":"PRO 2629","COMMUNE":"CLERAC","SITUATION":"LGV","PKEF":"262,938","TYPE":"PRO - PRAD","INFRA_PORTEE":"RD 134","INFRA_FRANCHIE":"LGV","HAUTEUR_LIBRE":"6,24","LONGUEUR_BIAISE":"39,64"},"geometry":{"type":"Polygon","coordinates":[[[-0.216081,45.190656],[-0.216189,45.190622],[-0.215963,45.190273],[-0.215851,45.190301],[-0.216081,45.190656]]]}},{"type":"Feature","properties":{"name":"PRO HL 2629-1 - RD 134 sur L'Espie (2)","LIBELLE":"PRO HL 2629-1 - RD 134 sur L'Espie (2)","LIBELLE_COURT":"PRO HL 2629-1","COMMUNE":"CLERAC","SITUATION":"LGV V1","PKEF":"262,938","TYPE":"PRO - Voûte","INFRA_PORTEE":"RD 134 + VLT","INFRA_FRANCHIE":"L'Espie (2)","HAUTEUR_LIBRE":"3","LONGUEUR_BIAISE":"-"},"geometry":{"type":"Polygon","coordinates":[[[-0.215181,45.189495],[-0.215208,45.189544],[-0.215534,45.18945],[-0.215511,45.189404],[-0.215181,45.189495]]]}},{"type":"Feature","properties":{"name":"VIA 2624 - Lary + PGF","LIBELLE":"VIA 2624 - Lary + PGF","LIBELLE_COURT":"VIA 2624","COMMUNE":"CLERAC","SITUATION":"LGV","PKEF":"262,433","TYPE":"Viaduc","INFRA_PORTEE":"LGV","INFRA_FRANCHIE":"Lary + PGF","HAUTEUR_LIBRE":"11,95?","LONGUEUR_BIAISE":"119,8"},"geometry":{"type":"Polygon","coordinates":[[[-0.209494,45.19262],[-0.210895,45.19217],[-0.210828,45.192065],[-0.209427,45.192515],[-0.209494,45.19262]]]}},{"type":"Feature","properties":{"name":"PRO 2622 - CR du Ramard + Rando + AGR","LIBELLE":"PRO 2622 - CR du Ramard + Rando + AGR","LIBELLE_COURT":"PRO 2622","COMMUNE":"CLERAC","SITUATION":"LGV","PKEF":"262,24","TYPE":"PRO - PRAD","INFRA_PORTEE":"CR du Ramard + Rando + AGR","INFRA_FRANCHIE":"LGV","HAUTEUR_LIBRE":"6,376","LONGUEUR_BIAISE":"39,64"},"geometry":{"type":"Polygon","coordinates":[[[-0.207993,45.193245],[-0.208089,45.193219],[-0.207865,45.19287],[-0.207772,45.1929],[-0.207993,45.193245]]]}},{"type":"Feature","properties":{"name":"PRO 2614 - CR Charlemagne + Rando + AGR","LIBELLE":"PRO 2614 - CR Charlemagne + Rando + AGR","LIBELLE_COURT":"PRO 2614","COMMUNE":"CLERAC","SITUATION":"LGV","PKEF":"261,431","TYPE":"PRO - PRAD","INFRA_PORTEE":"CR Charlemagne + Rando + AGR","INFRA_FRANCHIE":"LGV","HAUTEUR_LIBRE":"6,966","LONGUEUR_BIAISE":"39,64"},"geometry":{"type":"Polygon","coordinates":[[[-0.198612,45.196269],[-0.198707,45.196239],[-0.198478,45.195886],[-0.198385,45.195916],[-0.198612,45.196269]]]}},{"type":"Feature","properties":{"name":"PRA 2606 - La Nauve Le Noret + rando","LIBELLE":"PRA 2606 - La Nauve Le Noret + rando","LIBELLE_COURT":"PRA 2606","COMMUNE":"MONTGUYON","SITUATION":"LGV","PKEF":"260,6","TYPE":"PRA - Cadre/Dalot BA","INFRA_PORTEE":"LGV","INFRA_FRANCHIE":"La Nauve Le Noret + rando","HAUTEUR_LIBRE":"2,2","LONGUEUR_BIAISE":"3,99"},"geometry":{"type":"Polygon","coordinates":[[[-0.188986,45.199308],[-0.188999,45.199258],[-0.189024,45.199242],[-0.189092,45.199236],[-0.189091,45.199233],[-0.189022,45.199239],[-0.18883,45.199101],[-0.188845,45.199048],[-0.18884,45.199047],[-0.188825,45.199099],[-0.188804,45.199113],[-0.188699,45.199088],[-0.188697,45.199091],[-0.188805,45.199117],[-0.188995,45.199257],[-0.188981,45.199307],[-0.188986,45.199308]]]}},{"type":"Feature","properties":{"name":"PRO HL 0265-1 - La Crosneraie 1","LIBELLE":"PRO HL 0265-1 - La Crosneraie 1","LIBELLE_COURT":"PRO HL 0265-1","COMMUNE":"SAINTE-MAURE-DE-TOURAINE","SITUATION":"LGV V1","PKEF":"26,53","TYPE":"PRO - Cadre/Dalot BA","INFRA_PORTEE":"VLT 0266-1","INFRA_FRANCHIE":"La Crosneraie 1","HAUTEUR_LIBRE":"2,1","LONGUEUR_BIAISE":"5,6"},"geometry":{"type":"Polygon","coordinates":[[[0.681146,47.122664],[0.681143,47.122663],[0.681155,47.122646],[0.681133,47.122602],[0.681105,47.122593],[0.681107,47.12259],[0.681136,47.1226],[0.681249,47.122571],[0.681262,47.122546],[0.681266,47.122547],[0.681253,47.122571],[0.681278,47.122612],[0.681314,47.122625],[0.681312,47.122628],[0.681275,47.122614],[0.68116,47.122646],[0.681146,47.122664]]]}},{"type":"Feature","properties":{"name":"PRA 0265 - La Crosneraie 1","LIBELLE":"PRA 0265 - La Crosneraie 1","LIBELLE_COURT":"PRA 0265","COMMUNE":"SAINTE-MAURE-DE-TOURAINE","SITUATION":"LGV","PKEF":"26,525","TYPE":"PRA - Cadre/Dalot BA","INFRA_PORTEE":"LGV","INFRA_FRANCHIE":"La Crosneraie 1","HAUTEUR_LIBRE":"2,1","LONGUEUR_BIAISE":"5,6"},"geometry":{"type":"Polygon","coordinates":[[[0.680467,47.122769],[0.680463,47.122767],[0.680509,47.122735],[0.680496,47.12269],[0.680439,47.122673],[0.680441,47.12267],[0.6805,47.122688],[0.680821,47.122662],[0.680868,47.122627],[0.680872,47.122629],[0.680826,47.122663],[0.680835,47.122701],[0.680893,47.122723],[0.680891,47.122726],[0.680831,47.122703],[0.680514,47.122736],[0.680467,47.122769]]]}},{"type":"Feature","properties":{"name":"PRA 2600 - RD 910 bis","LIBELLE":"PRA 2600 - RD 910 bis","LIBELLE_COURT":"PRA 2600","COMMUNE":"MONTGUYON","SITUATION":"LGV","PKEF":"259,965","TYPE":"PRA - Cadre/Dalot BA","INFRA_PORTEE":"LGV","INFRA_FRANCHIE":"RD 910 bis","HAUTEUR_LIBRE":"6,38","LONGUEUR_BIAISE":"11,3"},"geometry":{"type":"Polygon","coordinates":[[[-0.181849,45.202087],[-0.18182,45.201997],[-0.181925,45.20195],[-0.18203,45.202013],[-0.182033,45.202011],[-0.181926,45.201945],[-0.181838,45.201846],[-0.181796,45.201726],[-0.181791,45.201727],[-0.181832,45.201844],[-0.181722,45.201891],[-0.181591,45.201806],[-0.181587,45.201809],[-0.181722,45.201895],[-0.181814,45.201995],[-0.181844,45.202088],[-0.181849,45.202087]]]}},{"type":"Feature","properties":{"name":"VIA 2598 - Viaduc du Mouzon","LIBELLE":"VIA 2598 - Viaduc du Mouzon","LIBELLE_COURT":"VIA 2598","COMMUNE":"MONTGUYON","SITUATION":"LGV","PKEF":"259,811","TYPE":"Viaduc","INFRA_PORTEE":"LGV","INFRA_FRANCHIE":"Le Mouzon","HAUTEUR_LIBRE":"","LONGUEUR_BIAISE":"245,8"},"geometry":{"type":"Polygon","coordinates":[[[-0.178903,45.203313],[-0.179281,45.203137],[-0.179688,45.202948],[-0.18009,45.202762],[-0.180353,45.202639],[-0.180617,45.202522],[-0.181109,45.202302],[-0.181541,45.202109],[-0.181458,45.202015],[-0.181026,45.202208],[-0.180532,45.202428],[-0.180256,45.202552],[-0.180004,45.202669],[-0.179602,45.202855],[-0.179194,45.203044],[-0.178818,45.203224],[-0.178903,45.203313]]]}},{"type":"Feature","properties":{"name":"PRO 2593 - VC 5","LIBELLE":"PRO 2593 - VC 5","LIBELLE_COURT":"PRO 2593","COMMUNE":"MONTGUYON","SITUATION":"LGV","PKEF":"259,295","TYPE":"PRO - PRAD","INFRA_PORTEE":"VC 5","INFRA_FRANCHIE":"LGV","HAUTEUR_LIBRE":"7,006","LONGUEUR_BIAISE":"39,64"},"geometry":{"type":"Polygon","coordinates":[[[-0.174933,45.205521],[-0.175014,45.205477],[-0.17467,45.205161],[-0.174588,45.205205],[-0.174933,45.205521]]]}},{"type":"Feature","properties":{"name":"PRO 2587 - AGR + Rando","LIBELLE":"PRO 2587 - AGR + Rando","LIBELLE_COURT":"PRO 2587","COMMUNE":"MONTGUYON","SITUATION":"LGV","PKEF":"258,68","TYPE":"PRO - PRAD","INFRA_PORTEE":"AGR + Rando","INFRA_FRANCHIE":"LGV","HAUTEUR_LIBRE":"6,03","LONGUEUR_BIAISE":"39,64"},"geometry":{"type":"Polygon","coordinates":[[[-0.168986,45.209092],[-0.16906,45.209043],[-0.168696,45.208769],[-0.168621,45.208818],[-0.168986,45.209092]]]}},{"type":"Feature","properties":{"name":"PRO 2586 - RD 730","LIBELLE":"PRO 2586 - RD 730","LIBELLE_COURT":"PRO 2586","COMMUNE":"MONTGUYON","SITUATION":"LGV","PKEF":"258,594","TYPE":"PRO - PRAD","INFRA_PORTEE":"RD 730","INFRA_FRANCHIE":"LGV","HAUTEUR_LIBRE":"6,36","LONGUEUR_BIAISE":"43,8"},"geometry":{"type":"Polygon","coordinates":[[[-0.168395,45.209604],[-0.168534,45.209522],[-0.16774,45.209329],[-0.16763,45.209418],[-0.168395,45.209604]]]}},{"type":"Feature","properties":{"name":"PRO 2579 - VC 3 + rando + AGR","LIBELLE":"PRO 2579 - VC 3 + rando + AGR","LIBELLE_COURT":"PRO 2579","COMMUNE":"MONTGUYON","SITUATION":"LGV","PKEF":"257,909","TYPE":"PRO - PRAD","INFRA_PORTEE":"VC 3 + rando + AGR","INFRA_FRANCHIE":"LGV","HAUTEUR_LIBRE":"6,481","LONGUEUR_BIAISE":"39,64"},"geometry":{"type":"Polygon","coordinates":[[[-0.162295,45.214137],[-0.162359,45.214081],[-0.161945,45.213838],[-0.161878,45.213893],[-0.162295,45.214137]]]}},{"type":"Feature","properties":{"name":"PRA 2576 - Le Gat","LIBELLE":"PRA 2576 - Le Gat","LIBELLE_COURT":"PRA 2576","COMMUNE":"MONTGUYON","SITUATION":"LGV","PKEF":"257,547","TYPE":"PRA - Voûte","INFRA_PORTEE":"LGV","INFRA_FRANCHIE":"Le Gat","HAUTEUR_LIBRE":"2","LONGUEUR_BIAISE":"-"},"geometry":{"type":"Polygon","coordinates":[[[-0.159449,45.216704],[-0.159449,45.216661],[-0.159478,45.216636],[-0.159507,45.216629],[-0.159505,45.216626],[-0.159476,45.216634],[-0.159095,45.216435],[-0.159095,45.216395],[-0.159091,45.216395],[-0.159092,45.216434],[-0.159061,45.216464],[-0.158982,45.216482],[-0.158983,45.216484],[-0.159063,45.216466],[-0.159446,45.216661],[-0.159445,45.216704],[-0.159449,45.216704]]]}},{"type":"Feature","properties":{"name":"PRA 2575 - AGR","LIBELLE":"PRA 2575 - AGR","LIBELLE_COURT":"PRA 2575","COMMUNE":"MONTGUYON","SITUATION":"LGV","PKEF":"257,482","TYPE":"PRA - Cadre/Dalot BA","INFRA_PORTEE":"LGV","INFRA_FRANCHIE":"AGR","HAUTEUR_LIBRE":"3","LONGUEUR_BIAISE":"3,6"},"geometry":{"type":"Polygon","coordinates":[[[-0.158972,45.21716],[-0.158914,45.217106],[-0.158935,45.217086],[-0.159034,45.217102],[-0.159035,45.217099],[-0.158932,45.217082],[-0.158688,45.216956],[-0.158628,45.216896],[-0.158625,45.216898],[-0.158684,45.216956],[-0.15866,45.216975],[-0.158564,45.216954],[-0.158563,45.216956],[-0.158661,45.216978],[-0.158908,45.217107],[-0.158968,45.217162],[-0.158972,45.21716]]]}},{"type":"Feature","properties":{"name":"PRA 2568 - La Butte + Rando","LIBELLE":"PRA 2568 - La Butte + Rando","LIBELLE_COURT":"PRA 2568","COMMUNE":"MONTGUYON","SITUATION":"LGV","PKEF":"256,764","TYPE":"PRA - Cadre/Dalot BA","INFRA_PORTEE":"LGV","INFRA_FRANCHIE":"La Butte + Rando","HAUTEUR_LIBRE":"-","LONGUEUR_BIAISE":"3,8"},"geometry":{"type":"Polygon","coordinates":[[[-0.154035,45.222551],[-0.15404,45.222549],[-0.154015,45.222513],[-0.15402,45.222486],[-0.154096,45.222469],[-0.154094,45.222465],[-0.154015,45.222483],[-0.153742,45.222439],[-0.153706,45.222387],[-0.153701,45.222389],[-0.153736,45.22244],[-0.15373,45.222471],[-0.153608,45.222495],[-0.153609,45.222499],[-0.153735,45.222474],[-0.154009,45.222513],[-0.154035,45.222551]]]}},{"type":"Feature","properties":{"name":"PRA 2561 - RD 158A","LIBELLE":"PRA 2561 - RD 158A","LIBELLE_COURT":"PRA 2561","COMMUNE":"MONTGUYON","SITUATION":"LGV","PKEF":"256,108","TYPE":"PRA - Cadre/Dalot BA","INFRA_PORTEE":"LGV","INFRA_FRANCHIE":"RD 158A","HAUTEUR_LIBRE":"4,62","LONGUEUR_BIAISE":"8,9"},"geometry":{"type":"Polygon","coordinates":[[[-0.15026,45.227876],[-0.150158,45.227807],[-0.150204,45.227743],[-0.150342,45.227757],[-0.150343,45.227752],[-0.150199,45.227737],[-0.149989,45.227663],[-0.149849,45.227566],[-0.149843,45.22757],[-0.149979,45.227664],[-0.149934,45.227728],[-0.149746,45.227707],[-0.149744,45.227713],[-0.149939,45.227735],[-0.150149,45.227809],[-0.150256,45.227879],[-0.15026,45.227876]]]}},{"type":"Feature","properties":{"name":"VIA 2559 - Viaduc de la Goujonne","LIBELLE":"VIA 2559 - Viaduc de la Goujonne","LIBELLE_COURT":"VIA 2559","COMMUNE":"MONTGUYON","SITUATION":"LGV","PKEF":"255,886","TYPE":"Viaduc","INFRA_PORTEE":"LGV","INFRA_FRANCHIE":"La Goujonne","HAUTEUR_LIBRE":"","LONGUEUR_BIAISE":"137"},"geometry":{"type":"Polygon","coordinates":[[[-0.148514,45.230115],[-0.149298,45.228994],[-0.14915,45.228943],[-0.148367,45.230064],[-0.148514,45.230115]]]}},{"type":"Feature","properties":{"name":"PRA 2557 - OH + AGR + rando","LIBELLE":"PRA 2557 - OH + AGR + rando","LIBELLE_COURT":"PRA 2557","COMMUNE":"MONTGUYON","SITUATION":"LGV","PKEF":"255,652","TYPE":"PRA - Voûte","INFRA_PORTEE":"LGV","INFRA_FRANCHIE":"OH + AGR + rando","HAUTEUR_LIBRE":"4","LONGUEUR_BIAISE":"-"},"geometry":{"type":"Polygon","coordinates":[[[-0.147762,45.231547],[-0.147682,45.231501],[-0.147705,45.231466],[-0.147809,45.231481],[-0.14781,45.231477],[-0.147702,45.231462],[-0.147336,45.231334],[-0.147252,45.231281],[-0.147249,45.231284],[-0.147331,45.231335],[-0.147305,45.231372],[-0.147198,45.231351],[-0.147197,45.231354],[-0.147308,45.231375],[-0.147675,45.231502],[-0.147759,45.231549],[-0.147762,45.231547]]]}},{"type":"Feature","properties":{"name":"PRO 2549 - CR les 4 Puits","LIBELLE":"PRO 2549 - CR les 4 Puits","LIBELLE_COURT":"PRO 2549","COMMUNE":"NEUVICQ","SITUATION":"LGV","PKEF":"254,872","TYPE":"PRO - PRAD","INFRA_PORTEE":"CR les 4 Puits","INFRA_FRANCHIE":"LGV + PCVE","HAUTEUR_LIBRE":"7,266","LONGUEUR_BIAISE":"53,94"},"geometry":{"type":"Polygon","coordinates":[[[-0.143391,45.237858],[-0.143435,45.237796],[-0.142727,45.237549],[-0.142682,45.237612],[-0.143391,45.237858]]]}},{"type":"Feature","properties":{"name":"PRA 2546 - Les 4 Puits","LIBELLE":"PRA 2546 - Les 4 Puits","LIBELLE_COURT":"PRA 2546","COMMUNE":"NEUVICQ","SITUATION":"LGV","PKEF":"254,637","TYPE":"PRA - Voûte","INFRA_PORTEE":"LGV + PCVE","INFRA_FRANCHIE":"Les 4 Puits","HAUTEUR_LIBRE":"2","LONGUEUR_BIAISE":"-"},"geometry":{"type":"Polygon","coordinates":[[[-0.14221,45.239781],[-0.142183,45.239719],[-0.142201,45.239676],[-0.142295,45.239626],[-0.142291,45.239622],[-0.142196,45.239674],[-0.141239,45.239459],[-0.141216,45.239408],[-0.141207,45.23941],[-0.14123,45.239459],[-0.141204,45.23951],[-0.141114,45.239556],[-0.141118,45.239562],[-0.141212,45.239514],[-0.142176,45.239719],[-0.142204,45.239782],[-0.14221,45.239781]]]}},{"type":"Feature","properties":{"name":"PRO 2543 - RD 157","LIBELLE":"PRO 2543 - RD 157","LIBELLE_COURT":"PRO 2543","COMMUNE":"NEUVICQ","SITUATION":"LGV","PKEF":"254,264","TYPE":"PRO - PRAD","INFRA_PORTEE":"RD 157","INFRA_FRANCHIE":"LGV + PCVE","HAUTEUR_LIBRE":"LGV : 6,72 PCVE : 6,42","LONGUEUR_BIAISE":"54,24"},"geometry":{"type":"Polygon","coordinates":[[[-0.139898,45.242747],[-0.139951,45.24267],[-0.139278,45.242436],[-0.139225,45.242512],[-0.139898,45.242747]]]}},{"type":"Feature","properties":{"name":"PRA 2539 - Le Châteauroux","LIBELLE":"PRA 2539 - Le Châteauroux","LIBELLE_COURT":"PRA 2539","COMMUNE":"NEUVICQ","SITUATION":"LGV","PKEF":"253,936","TYPE":"PRA - Voûte","INFRA_PORTEE":"LGV + PCVE","INFRA_FRANCHIE":"Le Châteauroux","HAUTEUR_LIBRE":"4,18","LONGUEUR_BIAISE":"-"},"geometry":{"type":"Polygon","coordinates":[[[-0.138183,45.245678],[-0.138206,45.245566],[-0.138256,45.245531],[-0.138401,45.245513],[-0.1384,45.245509],[-0.138253,45.245528],[-0.137364,45.244907],[-0.137399,45.244754],[-0.137394,45.244753],[-0.137359,45.244905],[-0.137311,45.244945],[-0.137185,45.24496],[-0.137186,45.244964],[-0.137314,45.244949],[-0.138201,45.245564],[-0.138178,45.245677],[-0.138183,45.245678]]]}},{"type":"Feature","properties":{"name":"PRO 2537 - CR de Châteauroux + AGR","LIBELLE":"PRO 2537 - CR de Châteauroux + AGR","LIBELLE_COURT":"PRO 2537","COMMUNE":"NEUVICQ","SITUATION":"LGV","PKEF":"253,68","TYPE":"PRO - PRAD","INFRA_PORTEE":"CR de Châteauroux + AGR","INFRA_FRANCHIE":"LGV","HAUTEUR_LIBRE":"6,49","LONGUEUR_BIAISE":"39,64"},"geometry":{"type":"Polygon","coordinates":[[[-0.136606,45.247455],[-0.136649,45.247389],[-0.136172,45.247223],[-0.136136,45.247288],[-0.136352,45.247366],[-0.136606,45.247455]]]}},{"type":"Feature","properties":{"name":"PRO 2531 - VC 201","LIBELLE":"PRO 2531 - VC 201","LIBELLE_COURT":"PRO 2531","COMMUNE":"NEUVICQ","SITUATION":"LGV","PKEF":"253,067","TYPE":"PRO - PRAD","INFRA_PORTEE":"VC 201","INFRA_FRANCHIE":"LGV","HAUTEUR_LIBRE":"6,27","LONGUEUR_BIAISE":"39,64"},"geometry":{"type":"Polygon","coordinates":[[[-0.132981,45.252358],[-0.133033,45.252284],[-0.132569,45.252093],[-0.132514,45.252168],[-0.132981,45.252358]]]}},{"type":"Feature","properties":{"name":"PRA 2529 - L'Agrière + PGF","LIBELLE":"PRA 2529 - L'Agrière + PGF","LIBELLE_COURT":"PRA 2529","COMMUNE":"BORESSE-ET-MARTRON","SITUATION":"LGV","PKEF":"252,915","TYPE":"Viaduc","INFRA_PORTEE":"LGV","INFRA_FRANCHIE":"L'Agrière + PGF","HAUTEUR_LIBRE":"18,76","LONGUEUR_BIAISE":"102,8"},"geometry":{"type":"Polygon","coordinates":[[[-0.131461,45.25389],[-0.132215,45.253022],[-0.132067,45.252959],[-0.131312,45.253825],[-0.131461,45.25389]]]}},{"type":"Feature","properties":{"name":"PRO 2526 - RD 142","LIBELLE":"PRO 2526 - RD 142","LIBELLE_COURT":"PRO 2526","COMMUNE":"BORESSE-ET-MARTRON","SITUATION":"LGV","PKEF":"252,63","TYPE":"PRO - PRAD","INFRA_PORTEE":"RD 142","INFRA_FRANCHIE":"LGV","HAUTEUR_LIBRE":"6,31","LONGUEUR_BIAISE":"39,01"},"geometry":{"type":"Polygon","coordinates":[[[-0.129963,45.255731],[-0.130053,45.255662],[-0.129651,45.255397],[-0.129557,45.255468],[-0.129963,45.255731]]]}},{"type":"Feature","properties":{"name":"PRA 2525 - Martron","LIBELLE":"PRA 2525 - Martron","LIBELLE_COURT":"PRA 2525","COMMUNE":"BORESSE-ET-MARTRON","SITUATION":"LGV","PKEF":"252,475","TYPE":"PRA - Cadre/Dalot BA","INFRA_PORTEE":"LGV","INFRA_FRANCHIE":"Martron","HAUTEUR_LIBRE":"2","LONGUEUR_BIAISE":"-"},"geometry":{"type":"Polygon","coordinates":[[[-0.128871,45.25686],[-0.128873,45.256858],[-0.128835,45.256839],[-0.128556,45.256556],[-0.128544,45.256524],[-0.128541,45.256525],[-0.128551,45.256555],[-0.128525,45.25657],[-0.128486,45.256556],[-0.128484,45.256558],[-0.128525,45.256573],[-0.128802,45.256854],[-0.128808,45.256886],[-0.128811,45.256886],[-0.128806,45.256855],[-0.128835,45.256843],[-0.128871,45.25686]]]}},{"type":"Feature","properties":{"name":"PRO 2522 - AGR","LIBELLE":"PRO 2522 - AGR","LIBELLE_COURT":"PRO 2522","COMMUNE":"BORESSE-ET-MARTRON","SITUATION":"LGV","PKEF":"252,225","TYPE":"PRO - PRAD","INFRA_PORTEE":"AGR","INFRA_FRANCHIE":"LGV","HAUTEUR_LIBRE":"6,37","LONGUEUR_BIAISE":"39,64"},"geometry":{"type":"Polygon","coordinates":[[[-0.126923,45.258647],[-0.126991,45.258591],[-0.126574,45.258358],[-0.126513,45.258416],[-0.126923,45.258647]]]}},{"type":"Feature","properties":{"name":"PRA 2518 - La Nauve du Merle + AGR + rando","LIBELLE":"PRA 2518 - La Nauve du Merle + AGR + rando","LIBELLE_COURT":"PRA 2518","COMMUNE":"BORESSE-ET-MARTRON","SITUATION":"LGV","PKEF":"251,79","TYPE":"Viaduc","INFRA_PORTEE":"LGV","INFRA_FRANCHIE":"La Nauve du Merle + AGR + rando","HAUTEUR_LIBRE":"18,368","LONGUEUR_BIAISE":"102,8"},"geometry":{"type":"Polygon","coordinates":[[[-0.12274,45.261912],[-0.123704,45.261167],[-0.123576,45.261078],[-0.122604,45.261827],[-0.12274,45.261912]]]}},{"type":"Feature","properties":{"name":"VIA 2507 - Viaduc du Palais","LIBELLE":"VIA 2507 - Viaduc du Palais","LIBELLE_COURT":"VIA 2507","COMMUNE":"BORESSE-ET-MARTRON","SITUATION":"LGV","PKEF":"250,731","TYPE":"Viaduc","INFRA_PORTEE":"LGV","INFRA_FRANCHIE":"Le Palais + RD260","HAUTEUR_LIBRE":"","LONGUEUR_BIAISE":"183"},"geometry":{"type":"Polygon","coordinates":[[[-0.112612,45.268691],[-0.114341,45.267573],[-0.11423,45.267487],[-0.112501,45.268605],[-0.112612,45.268691]]]}},{"type":"Feature","properties":{"name":"PRO 0256 - RD 128","LIBELLE":"PRO 0256 - RD 128","LIBELLE_COURT":"PRO 0256","COMMUNE":"SAINTE-MAURE-DE-TOURAINE","SITUATION":"LGV","PKEF":"25,64","TYPE":"PRO - PRAD","INFRA_PORTEE":"RD 128","INFRA_FRANCHIE":"LGV","HAUTEUR_LIBRE":"6,03","LONGUEUR_BIAISE":"39,64"},"geometry":{"type":"Polygon","coordinates":[[[0.681299,47.13068],[0.681282,47.130597],[0.681951,47.130591],[0.681958,47.130672],[0.681299,47.13068]]]}},{"type":"Feature","properties":{"name":"PRO 2492 - RD 134","LIBELLE":"PRO 2492 - RD 134","LIBELLE_COURT":"PRO 2492","COMMUNE":"SAINT-VALLIER","SITUATION":"LGV","PKEF":"249,269","TYPE":"PRO - PRAD","INFRA_PORTEE":"RD 134","INFRA_FRANCHIE":"LGV","HAUTEUR_LIBRE":"6,252","LONGUEUR_BIAISE":"39,651"},"geometry":{"type":"Polygon","coordinates":[[[-0.099784,45.277161],[-0.099876,45.277112],[-0.099568,45.276785],[-0.099486,45.276842],[-0.099784,45.277161]]]}},{"type":"Feature","properties":{"name":"PRA 2483 - RD 7 + rando","LIBELLE":"PRA 2483 - RD 7 + rando","LIBELLE_COURT":"PRA 2483","COMMUNE":"SAINT-VALLIER","SITUATION":"LGV","PKEF":"248,354","TYPE":"PRA - Cadre/Dalot BA","INFRA_PORTEE":"LGV","INFRA_FRANCHIE":"RD 7 + rando","HAUTEUR_LIBRE":"4,616","LONGUEUR_BIAISE":"9,82"},"geometry":{"type":"Polygon","coordinates":[[[-0.091025,45.282274],[-0.09102,45.282275],[-0.091037,45.282393],[-0.090955,45.282443],[-0.090871,45.282376],[-0.090867,45.282379],[-0.090954,45.282448],[-0.091022,45.282625],[-0.091073,45.282768],[-0.091078,45.282767],[-0.091027,45.282626],[-0.091104,45.282576],[-0.091197,45.282647],[-0.091201,45.282644],[-0.091104,45.282571],[-0.091042,45.282395],[-0.091025,45.282274]]]}},{"type":"Feature","properties":{"name":"PRA 2477 - VC 112 + rando","LIBELLE":"PRA 2477 - VC 112 + rando","LIBELLE_COURT":"PRA 2477","COMMUNE":"SAINT-VALLIER","SITUATION":"LGV","PKEF":"247,702","TYPE":"PRA - Cadre/Dalot BA","INFRA_PORTEE":"LGV","INFRA_FRANCHIE":"VC 112 + rando","HAUTEUR_LIBRE":"4,43","LONGUEUR_BIAISE":"7,39"},"geometry":{"type":"Polygon","coordinates":[[[-0.084737,45.28625],[-0.084732,45.286252],[-0.084785,45.286334],[-0.084726,45.28637],[-0.08463,45.286314],[-0.084627,45.286317],[-0.084726,45.286375],[-0.084849,45.286511],[-0.084905,45.286602],[-0.084909,45.286601],[-0.084854,45.286511],[-0.084914,45.286475],[-0.085006,45.286529],[-0.085009,45.286526],[-0.084914,45.28647],[-0.08479,45.286335],[-0.084737,45.28625]]]}},{"type":"Feature","properties":{"name":"PRA 2473 - Chez Balais","LIBELLE":"PRA 2473 - Chez Balais","LIBELLE_COURT":"PRA 2473","COMMUNE":"SAINT-VALLIER","SITUATION":"LGV","PKEF":"247,341","TYPE":"PRA - Voûte","INFRA_PORTEE":"LGV","INFRA_FRANCHIE":"Chez Balais","HAUTEUR_LIBRE":"2,5","LONGUEUR_BIAISE":"-"},"geometry":{"type":"Polygon","coordinates":[[[-0.081137,45.288181],[-0.081134,45.28818],[-0.081127,45.288258],[-0.081066,45.288286],[-0.080979,45.288282],[-0.080978,45.288285],[-0.081067,45.288289],[-0.081617,45.288891],[-0.08161,45.288971],[-0.081614,45.288971],[-0.08162,45.288892],[-0.081676,45.288865],[-0.081764,45.288869],[-0.081765,45.288866],[-0.081675,45.288862],[-0.081131,45.288259],[-0.081137,45.288181]]]}},{"type":"Feature","properties":{"name":"PRO 2467 - VC 104 + rando","LIBELLE":"PRO 2467 - VC 104 + rando","LIBELLE_COURT":"PRO 2467","COMMUNE":"SAINT-VALLIER","SITUATION":"LGV","PKEF":"246,704","TYPE":"PRO - PRAD","INFRA_PORTEE":"VC 104 + rando","INFRA_FRANCHIE":"LGV","HAUTEUR_LIBRE":"6,26","LONGUEUR_BIAISE":"39,64"},"geometry":{"type":"Polygon","coordinates":[[[-0.075496,45.292591],[-0.075563,45.292545],[-0.075139,45.292207],[-0.07506,45.292253],[-0.075496,45.292591]]]}},{"type":"Feature","properties":{"name":"PRA 2460 - Rabouin sud + PGF","LIBELLE":"PRA 2460 - Rabouin sud + PGF","LIBELLE_COURT":"PRA 2460","COMMUNE":"SAINT-VALLIER","SITUATION":"LGV","PKEF":"246,092","TYPE":"PRA - Voûte","INFRA_PORTEE":"LGV","INFRA_FRANCHIE":"Rabouin sud + PGF","HAUTEUR_LIBRE":"4,24","LONGUEUR_BIAISE":"-"},"geometry":{"type":"Polygon","coordinates":[[[-0.069715,45.296316],[-0.069718,45.296314],[-0.069672,45.296274],[-0.069649,45.296245],[-0.069633,45.296218],[-0.069691,45.296183],[-0.069722,45.296193],[-0.069754,45.296206],[-0.069844,45.296261],[-0.069846,45.296259],[-0.069756,45.296204],[-0.069723,45.296191],[-0.06969,45.29618],[-0.069669,45.296176],[-0.069714,45.296148],[-0.06971,45.296145],[-0.069694,45.296154],[-0.069342,45.295879],[-0.069356,45.295871],[-0.06935,45.295866],[-0.069327,45.295879],[-0.069306,45.295874],[-0.069289,45.295845],[-0.069278,45.29583],[-0.069236,45.29579],[-0.069233,45.295792],[-0.069275,45.295831],[-0.069286,45.295846],[-0.069302,45.295874],[-0.069246,45.295913],[-0.069212,45.295903],[-0.069187,45.295892],[-0.069163,45.295878],[-0.069135,45.295856],[-0.069132,45.295858],[-0.069161,45.29588],[-0.069185,45.295894],[-0.069211,45.295905],[-0.069246,45.295916],[-0.069254,45.295925],[-0.069225,45.295944],[-0.069233,45.295948],[-0.069247,45.295939],[-0.069599,45.296214],[-0.069584,45.296224],[-0.069589,45.296227],[-0.069623,45.296205],[-0.069628,45.296217],[-0.069645,45.296246],[-0.069668,45.296275],[-0.069715,45.296316]]]}},{"type":"Feature","properties":{"name":"VIA 2458 - Viaduc des Lorettes Sud","LIBELLE":"VIA 2458 - Viaduc des Lorettes Sud","LIBELLE_COURT":"VIA 2458","COMMUNE":"SAINT-VALLIER","SITUATION":"LGV","PKEF":"245,88","TYPE":"Viaduc","INFRA_PORTEE":"LGV","INFRA_FRANCHIE":"Les Poussonnes","HAUTEUR_LIBRE":"","LONGUEUR_BIAISE":"183"},"geometry":{"type":"Polygon","coordinates":[[[-0.066714,45.297975],[-0.068417,45.296839],[-0.068305,45.296753],[-0.066599,45.297892],[-0.066714,45.297975]]]}},{"type":"Feature","properties":{"name":"PRA 2454 - VC1","LIBELLE":"PRA 2454 - VC1","LIBELLE_COURT":"PRA 2454","COMMUNE":"SAINT-VALLIER","SITUATION":"LGV","PKEF":"245,449","TYPE":"PRA - Cadre/Dalot BA","INFRA_PORTEE":"LGV","INFRA_FRANCHIE":"VC1","HAUTEUR_LIBRE":"4,43","LONGUEUR_BIAISE":"7,39125"},"geometry":{"type":"Polygon","coordinates":[[[-0.063502,45.299935],[-0.063498,45.299936],[-0.063548,45.300005],[-0.063489,45.300047],[-0.063407,45.300003],[-0.063405,45.300006],[-0.063489,45.300051],[-0.063644,45.300194],[-0.063722,45.300292],[-0.063726,45.30029],[-0.06365,45.300194],[-0.063708,45.300149],[-0.063817,45.300204],[-0.06382,45.300201],[-0.063708,45.300145],[-0.063554,45.300005],[-0.063502,45.299935]]]}},{"type":"Feature","properties":{"name":"VIA 2449 - Viaduc des Lorettes Nord","LIBELLE":"VIA 2449 - Viaduc des Lorettes Nord","LIBELLE_COURT":"VIA 2449","COMMUNE":"BROSSAC","SITUATION":"LGV","PKEF":"244,95","TYPE":"Viaduc","INFRA_PORTEE":"LGV","INFRA_FRANCHIE":"Les Lorettes","HAUTEUR_LIBRE":"","LONGUEUR_BIAISE":"183"},"geometry":{"type":"Polygon","coordinates":[[[-0.060145,45.302831],[-0.060021,45.302754],[-0.05849,45.304009],[-0.058615,45.304084],[-0.060145,45.302831]]]}},{"type":"Feature","properties":{"name":"PRO 2435 - RD 191 + rando","LIBELLE":"PRO 2435 - RD 191 + rando","LIBELLE_COURT":"PRO 2435","COMMUNE":"BROSSAC","SITUATION":"LGV","PKEF":"243,579","TYPE":"PRO - PRAD","INFRA_PORTEE":"RD 191 + rando","INFRA_FRANCHIE":"LGV","HAUTEUR_LIBRE":"6,07","LONGUEUR_BIAISE":"55,472"},"geometry":{"type":"Polygon","coordinates":[[[-0.048731,45.313526],[-0.048827,45.313452],[-0.048632,45.312941],[-0.04853,45.312997],[-0.048731,45.313526]]]}},{"type":"Feature","properties":{"name":"PRO 2429 - VC3","LIBELLE":"PRO 2429 - VC3","LIBELLE_COURT":"PRO 2429","COMMUNE":"BROSSAC","SITUATION":"LGV","PKEF":"242,977","TYPE":"PRO - PRAD","INFRA_PORTEE":"VC3","INFRA_FRANCHIE":"LGV","HAUTEUR_LIBRE":"6,462","LONGUEUR_BIAISE":"45,451"},"geometry":{"type":"Polygon","coordinates":[[[-0.044403,45.317685],[-0.044463,45.317622],[-0.043872,45.317486],[-0.043788,45.317543],[-0.044403,45.317685]]]}},{"type":"Feature","properties":{"name":"PRA 2426 - AGR","LIBELLE":"PRA 2426 - AGR","LIBELLE_COURT":"PRA 2426","COMMUNE":"BROSSAC","SITUATION":"LGV","PKEF":"242,684","TYPE":"PRA - Cadre/Dalot BA","INFRA_PORTEE":"LGV","INFRA_FRANCHIE":"AGR","HAUTEUR_LIBRE":"4,49","LONGUEUR_BIAISE":"6"},"geometry":{"type":"Polygon","coordinates":[[[-0.041838,45.319565],[-0.041832,45.319567],[-0.041881,45.319662],[-0.041836,45.319706],[-0.041678,45.319706],[-0.041678,45.31971],[-0.041839,45.31971],[-0.042062,45.319815],[-0.042111,45.319911],[-0.042117,45.319909],[-0.042069,45.319816],[-0.042109,45.319772],[-0.042261,45.319769],[-0.042261,45.319765],[-0.042106,45.319767],[-0.041887,45.319662],[-0.041838,45.319565]]]}},{"type":"Feature","properties":{"name":"PRA 2424 - OH Fontaine de Barret","LIBELLE":"PRA 2424 - OH Fontaine de Barret","LIBELLE_COURT":"PRA 2424","COMMUNE":"BROSSAC","SITUATION":"LGV","PKEF":"242,5","TYPE":"PRA - Voûte","INFRA_PORTEE":"LGV","INFRA_FRANCHIE":"OH Fontaine de Barret","HAUTEUR_LIBRE":"3,171","LONGUEUR_BIAISE":"-"},"geometry":{"type":"Polygon","coordinates":[[[-0.041239,45.321242],[-0.041249,45.321215],[-0.040085,45.321],[-0.040075,45.321026],[-0.041239,45.321242]]]}},{"type":"Feature","properties":{"name":"PRA 2418 - RD 731","LIBELLE":"PRA 2418 - RD 731","LIBELLE_COURT":"PRA 2418","COMMUNE":"BROSSAC","SITUATION":"LGV","PKEF":"241,812","TYPE":"PRA - Dalle BA","INFRA_PORTEE":"LGV","INFRA_FRANCHIE":"RD 731","HAUTEUR_LIBRE":"7,202","LONGUEUR_BIAISE":"48,073"},"geometry":{"type":"Polygon","coordinates":[[[-0.036194,45.326766],[-0.036501,45.326343],[-0.036404,45.326215],[-0.036098,45.326633],[-0.036194,45.326766]]]}},{"type":"Feature","properties":{"name":"PRA 2414 - OH Pompinier 1","LIBELLE":"PRA 2414 - OH Pompinier 1","LIBELLE_COURT":"PRA 2414","COMMUNE":"BROSSAC","SITUATION":"LGV","PKEF":"241,444","TYPE":"PRA - Voûte","INFRA_PORTEE":"LGV","INFRA_FRANCHIE":"OH Pompinier 1","HAUTEUR_LIBRE":"2","LONGUEUR_BIAISE":"-"},"geometry":{"type":"Polygon","coordinates":[[[-0.033796,45.32935],[-0.033793,45.329353],[-0.033849,45.329383],[-0.033838,45.329409],[-0.033776,45.329415],[-0.033777,45.329419],[-0.033842,45.329412],[-0.034631,45.329564],[-0.034691,45.329595],[-0.034694,45.329592],[-0.034637,45.329563],[-0.034647,45.329535],[-0.03471,45.329531],[-0.03471,45.329527],[-0.034643,45.329532],[-0.033854,45.329381],[-0.033796,45.32935]]]}},{"type":"Feature","properties":{"name":"PRA 2413 - VC2 + rando","LIBELLE":"PRA 2413 - VC2 + rando","LIBELLE_COURT":"PRA 2413","COMMUNE":"BROSSAC","SITUATION":"LGV","PKEF":"241,32","TYPE":"PRA - Cadre/Dalot BA","INFRA_PORTEE":"LGV","INFRA_FRANCHIE":"VC2 + rando","HAUTEUR_LIBRE":"4,44","LONGUEUR_BIAISE":"7,35"},"geometry":{"type":"Polygon","coordinates":[[[-0.033412,45.33036],[-0.033408,45.330363],[-0.033525,45.330438],[-0.033492,45.330489],[-0.033342,45.330479],[-0.033342,45.330483],[-0.03349,45.330493],[-0.033698,45.330554],[-0.033802,45.330619],[-0.033805,45.330617],[-0.033704,45.330553],[-0.033737,45.3305],[-0.033915,45.330512],[-0.033915,45.330508],[-0.033734,45.330497],[-0.033529,45.330436],[-0.033412,45.33036]]]}},{"type":"Feature","properties":{"name":"PRA 2409 - OH La Viveronne","LIBELLE":"PRA 2409 - OH La Viveronne","LIBELLE_COURT":"PRA 2409","COMMUNE":"BROSSAC","SITUATION":"LGV","PKEF":"240,975","TYPE":"PRA - Voûte","INFRA_PORTEE":"LGV + VLT 2410-1","INFRA_FRANCHIE":"OH La Viveronne","HAUTEUR_LIBRE":"2,5","LONGUEUR_BIAISE":"-"},"geometry":{"type":"Polygon","coordinates":[[[-0.032367,45.333645],[-0.032371,45.333644],[-0.032335,45.333594],[-0.032366,45.333569],[-0.032442,45.333581],[-0.032443,45.333578],[-0.032365,45.333565],[-0.031576,45.333122],[-0.031532,45.333064],[-0.031528,45.333065],[-0.03157,45.333122],[-0.031535,45.333154],[-0.03146,45.333132],[-0.031458,45.333136],[-0.031536,45.333158],[-0.032329,45.333594],[-0.032367,45.333645]]]}},{"type":"Feature","properties":{"name":"PRO 2399 - RD 70 + rando","LIBELLE":"PRO 2399 - RD 70 + rando","LIBELLE_COURT":"PRO 2399","COMMUNE":"BROSSAC","SITUATION":"LGV","PKEF":"239,96","TYPE":"PRO - PRAD","INFRA_PORTEE":"RD 70 + rando","INFRA_FRANCHIE":"LGV","HAUTEUR_LIBRE":"10,107","LONGUEUR_BIAISE":"56,8"},"geometry":{"type":"Polygon","coordinates":[[[-0.028695,45.342233],[-0.028719,45.342151],[-0.027952,45.342032],[-0.027933,45.342115],[-0.028695,45.342233]]]}},{"type":"Feature","properties":{"name":"PRA 2393 - La Maury","LIBELLE":"PRA 2393 - La Maury","LIBELLE_COURT":"PRA 2393","COMMUNE":"BROSSAC","SITUATION":"LGV","PKEF":"239,322","TYPE":"PRA - Voûte","INFRA_PORTEE":"LGV","INFRA_FRANCHIE":"La Maury","HAUTEUR_LIBRE":"2,5","LONGUEUR_BIAISE":"-"},"geometry":{"type":"Polygon","coordinates":[[[-0.027436,45.348032],[-0.02744,45.34803],[-0.02738,45.347961],[-0.027392,45.347934],[-0.027485,45.347895],[-0.027483,45.347892],[-0.027388,45.347931],[-0.026526,45.347633],[-0.02648,45.347577],[-0.026475,45.347579],[-0.02652,45.347633],[-0.026488,45.347671],[-0.026412,45.347697],[-0.026414,45.347701],[-0.026491,45.347673],[-0.027374,45.347961],[-0.027436,45.348032]]]}},{"type":"Feature","properties":{"name":"PRA 2390 - CR du Font Guibert + rando","LIBELLE":"PRA 2390 - CR du Font Guibert + rando","LIBELLE_COURT":"PRA 2390","COMMUNE":"CHATIGNAC","SITUATION":"LGV","PKEF":"239,09","TYPE":"PRA - Cadre/Dalot BA","INFRA_PORTEE":"LGV","INFRA_FRANCHIE":"CR du Font Guibert + rando","HAUTEUR_LIBRE":"4,676","LONGUEUR_BIAISE":"6"},"geometry":{"type":"Polygon","coordinates":[[[-0.026877,45.349948],[-0.026879,45.349945],[-0.026728,45.349905],[-0.026737,45.349848],[-0.026896,45.349831],[-0.026895,45.349827],[-0.026732,45.349845],[-0.026517,45.349836],[-0.026414,45.349801],[-0.026411,45.349804],[-0.026512,45.349838],[-0.026503,45.34989],[-0.0264,45.349902],[-0.026401,45.349906],[-0.026508,45.349893],[-0.026723,45.349907],[-0.026877,45.349948]]]}},{"type":"Feature","properties":{"name":"PRA 2382 - RD 198 + RD 7 + rando","LIBELLE":"PRA 2382 - RD 198 + RD 7 + rando","LIBELLE_COURT":"PRA 2382","COMMUNE":"CHATIGNAC","SITUATION":"LGV","PKEF":"238,217","TYPE":"PRA - Cadre/Dalot BA","INFRA_PORTEE":"LGV","INFRA_FRANCHIE":"RD 198 + RD 7 + rando","HAUTEUR_LIBRE":"4,77","LONGUEUR_BIAISE":"10,6"},"geometry":{"type":"Polygon","coordinates":[[[-0.026244,45.357798],[-0.026246,45.357794],[-0.026135,45.357766],[-0.026141,45.357684],[-0.026247,45.357663],[-0.026246,45.357659],[-0.026135,45.357681],[-0.025966,45.357677],[-0.025815,45.357638],[-0.025813,45.357641],[-0.02596,45.35768],[-0.025956,45.357761],[-0.025799,45.357793],[-0.025801,45.357797],[-0.025962,45.357764],[-0.026129,45.357769],[-0.026244,45.357798]]]}},{"type":"Feature","properties":{"name":"PRA 2378 - CR3 + rando","LIBELLE":"PRA 2378 - CR3 + rando","LIBELLE_COURT":"PRA 2378","COMMUNE":"SAINTE-SOULINE","SITUATION":"LGV","PKEF":"237,822","TYPE":"PRA - Cadre/Dalot BA","INFRA_PORTEE":"LGV","INFRA_FRANCHIE":"CR3 + rando","HAUTEUR_LIBRE":"4,2","LONGUEUR_BIAISE":"5,047"},"geometry":{"type":"Polygon","coordinates":[[[-0.026096,45.361286],[-0.026095,45.361281],[-0.025947,45.361283],[-0.025951,45.36124],[-0.026107,45.361188],[-0.026104,45.361182],[-0.025943,45.361236],[-0.025773,45.361268],[-0.02568,45.361269],[-0.02568,45.361272],[-0.025769,45.361271],[-0.025767,45.361313],[-0.025667,45.361332],[-0.025668,45.361334],[-0.025771,45.361315],[-0.025938,45.361289],[-0.026096,45.361286]]]}},{"type":"Feature","properties":{"name":"PRO 2370 - RD 142","LIBELLE":"PRO 2370 - RD 142","LIBELLE_COURT":"PRO 2370","COMMUNE":"SAINTE-SOULINE","SITUATION":"LGV","PKEF":"236,996","TYPE":"PRO - PRAD","INFRA_PORTEE":"RD 142","INFRA_FRANCHIE":"LGV","HAUTEUR_LIBRE":"6,49","LONGUEUR_BIAISE":"41,026"},"geometry":{"type":"Polygon","coordinates":[[[-0.025583,45.368834],[-0.025593,45.368745],[-0.025012,45.36857],[-0.025002,45.368658],[-0.025583,45.368834]]]}},{"type":"Feature","properties":{"name":"PRA 2357 - CR5 + AGR + rando","LIBELLE":"PRA 2357 - CR5 + AGR + rando","LIBELLE_COURT":"PRA 2357","COMMUNE":"SAINTE-SOULINE","SITUATION":"LGV","PKEF":"235,722","TYPE":"PRA - Cadre/Dalot BA","INFRA_PORTEE":"LGV","INFRA_FRANCHIE":"CR5 + AGR + rando","HAUTEUR_LIBRE":"4,43","LONGUEUR_BIAISE":"7,3"},"geometry":{"type":"Polygon","coordinates":[[[-0.022886,45.380153],[-0.02289,45.38015],[-0.022777,45.380058],[-0.022794,45.380005],[-0.022973,45.379955],[-0.022971,45.379951],[-0.022789,45.380003],[-0.022564,45.379964],[-0.022451,45.379869],[-0.022447,45.379871],[-0.022559,45.379965],[-0.022539,45.380015],[-0.02238,45.380061],[-0.022382,45.380064],[-0.022543,45.380018],[-0.022771,45.380059],[-0.022886,45.380153]]]}},{"type":"Feature","properties":{"name":"PRO 2356 - RD 130","LIBELLE":"PRO 2356 - RD 130","LIBELLE_COURT":"PRO 2356","COMMUNE":"SAINTE-SOULINE","SITUATION":"LGV","PKEF":"235,626","TYPE":"PRO - PRAD","INFRA_PORTEE":"RD 130","INFRA_FRANCHIE":"LGV","HAUTEUR_LIBRE":"8,082","LONGUEUR_BIAISE":"47,793"},"geometry":{"type":"Polygon","coordinates":[[[-0.022612,45.381006],[-0.022642,45.380925],[-0.022026,45.380676],[-0.021996,45.380757],[-0.022612,45.381006]]]}},{"type":"Feature","properties":{"name":"PRO 2346 - CR Berneuil + rando + AGR","LIBELLE":"PRO 2346 - CR Berneuil + rando + AGR","LIBELLE_COURT":"PRO 2346","COMMUNE":"SAINTE-SOULINE","SITUATION":"LGV","PKEF":"234,629","TYPE":"PRO - PRAD","INFRA_PORTEE":"CR Berneuil + rando + AGR","INFRA_FRANCHIE":"LGV","HAUTEUR_LIBRE":"6,291","LONGUEUR_BIAISE":"41,026"},"geometry":{"type":"Polygon","coordinates":[[[-0.018736,45.389431],[-0.018774,45.389362],[-0.018168,45.389337],[-0.01813,45.389406],[-0.018736,45.389431]]]}},{"type":"Feature","properties":{"name":"PRA 2337 - La Gorre","LIBELLE":"PRA 2337 - La Gorre","LIBELLE_COURT":"PRA 2337","COMMUNE":"POULLIGNAC","SITUATION":"LGV","PKEF":"233,706","TYPE":"PRA - Voûte","INFRA_PORTEE":"LGV","INFRA_FRANCHIE":"La Gorre","HAUTEUR_LIBRE":"5,16","LONGUEUR_BIAISE":"-"},"geometry":{"type":"Polygon","coordinates":[[[-0.014012,45.397137],[-0.014015,45.397136],[-0.013926,45.397009],[-0.013949,45.396954],[-0.014135,45.39689],[-0.014133,45.396887],[-0.013945,45.396952],[-0.013176,45.396862],[-0.013082,45.396729],[-0.013079,45.39673],[-0.013172,45.396863],[-0.013155,45.396924],[-0.012979,45.396987],[-0.01298,45.396989],[-0.013159,45.396926],[-0.013922,45.397009],[-0.014012,45.397137]]]}},{"type":"Feature","properties":{"name":"PRA 2334 - VC6 + rando","LIBELLE":"PRA 2334 - VC6 + rando","LIBELLE_COURT":"PRA 2334","COMMUNE":"POULLIGNAC","SITUATION":"LGV","PKEF":"233,47","TYPE":"PRA - Cadre/Dalot BA","INFRA_PORTEE":"LGV","INFRA_FRANCHIE":"VC6 + rando","HAUTEUR_LIBRE":"4,558","LONGUEUR_BIAISE":"6,2"},"geometry":{"type":"Polygon","coordinates":[[[-0.012317,45.398966],[-0.01232,45.398963],[-0.012219,45.398886],[-0.012257,45.398838],[-0.012426,45.398861],[-0.012427,45.398857],[-0.012254,45.398834],[-0.012021,45.39874],[-0.011934,45.398675],[-0.01193,45.398678],[-0.012015,45.398741],[-0.01198,45.398791],[-0.011848,45.398773],[-0.011847,45.398776],[-0.011982,45.398795],[-0.012213,45.398887],[-0.012317,45.398966]]]}},{"type":"Feature","properties":{"name":"PRO 2326 - RD 24","LIBELLE":"PRO 2326 - RD 24","LIBELLE_COURT":"PRO 2326","COMMUNE":"BESSAC","SITUATION":"LGV","PKEF":"232,669","TYPE":"PRO - PRAD","INFRA_PORTEE":"RD 24","INFRA_FRANCHIE":"LGV","HAUTEUR_LIBRE":"7,971","LONGUEUR_BIAISE":"42,59"},"geometry":{"type":"Polygon","coordinates":[[[-0.007615,45.405371],[-0.007767,45.405298],[-0.006552,45.404821],[-0.006523,45.404935],[-0.007615,45.405371]]]}},{"type":"Feature","properties":{"name":"PRO 2322 - PGF","LIBELLE":"PRO 2322 - PGF","LIBELLE_COURT":"PRO 2322","COMMUNE":"DEVIAT","SITUATION":"LGV","PKEF":"232,3","TYPE":"PRO - Portique PGF","INFRA_PORTEE":"PGF","INFRA_FRANCHIE":"LGV","HAUTEUR_LIBRE":"6,06","LONGUEUR_BIAISE":"15,2"},"geometry":{"type":"Polygon","coordinates":[[[-0.004797,45.408077],[-0.004887,45.407964],[-0.004723,45.407897],[-0.004632,45.408011],[-0.004797,45.408077]]]}},{"type":"Feature","properties":{"name":"PRA 2317 - CR10 + rando","LIBELLE":"PRA 2317 - CR10 + rando","LIBELLE_COURT":"PRA 2317","COMMUNE":"DEVIAT","SITUATION":"LGV","PKEF":"231,706","TYPE":"PRA - Cadre/Dalot BA","INFRA_PORTEE":"LGV","INFRA_FRANCHIE":"CR10 + rando","HAUTEUR_LIBRE":"4,505","LONGUEUR_BIAISE":"7,3"},"geometry":{"type":"Polygon","coordinates":[[[-0.00121,45.412789],[-0.001214,45.412786],[-0.001117,45.412711],[-0.001155,45.412663],[-0.001281,45.412682],[-0.001282,45.412678],[-0.001152,45.412659],[-0.000954,45.412581],[-0.000872,45.412517],[-0.000868,45.412519],[-0.000948,45.412582],[-0.00091,45.412628],[-0.000776,45.412609],[-0.000775,45.412613],[-0.000913,45.412632],[-0.001111,45.412711],[-0.00121,45.412789]]]}},{"type":"Feature","properties":{"name":"PRA 2308 - RD 74 + rando","LIBELLE":"PRA 2308 - RD 74 + rando","LIBELLE_COURT":"PRA 2308","COMMUNE":"DEVIAT","SITUATION":"LGV","PKEF":"230,86","TYPE":"PRA - Cadre/Dalot BA","INFRA_PORTEE":"LGV","INFRA_FRANCHIE":"RD 74 + rando","HAUTEUR_LIBRE":"4,602","LONGUEUR_BIAISE":"8,9"},"geometry":{"type":"Polygon","coordinates":[[[0.004078,45.419433],[0.004073,45.41943],[0.004171,45.419358],[0.004123,45.419297],[0.003985,45.419315],[0.003983,45.41931],[0.004126,45.419292],[0.004331,45.419213],[0.00443,45.41914],[0.004435,45.419143],[0.004339,45.419213],[0.004387,45.419276],[0.004519,45.419259],[0.00452,45.419264],[0.004384,45.419281],[0.004179,45.419359],[0.004078,45.419433]]]}},{"type":"Feature","properties":{"name":"PRA 2304 - La Faye","LIBELLE":"PRA 2304 - La Faye","LIBELLE_COURT":"PRA 2304","COMMUNE":"DEVIAT","SITUATION":"LGV","PKEF":"230,447","TYPE":"PRA - Voûte","INFRA_PORTEE":"LGV","INFRA_FRANCHIE":"La Faye","HAUTEUR_LIBRE":"2,12","LONGUEUR_BIAISE":"-"},"geometry":{"type":"Polygon","coordinates":[[[0.006513,45.422729],[0.006509,45.422727],[0.006554,45.422668],[0.006523,45.422621],[0.006427,45.422607],[0.006428,45.422604],[0.006526,45.422618],[0.006809,45.422517],[0.00685,45.422455],[0.006854,45.422457],[0.006814,45.422517],[0.006849,45.422561],[0.006938,45.422571],[0.006937,45.422574],[0.006847,45.422564],[0.006559,45.422668],[0.006513,45.422729]]]}},{"type":"Feature","properties":{"name":"PRO 2302 - VC2 + rando","LIBELLE":"PRO 2302 - VC2 + rando","LIBELLE_COURT":"PRO 2302","COMMUNE":"DEVIAT","SITUATION":"LGV","PKEF":"230,243","TYPE":"PRO - PRAD","INFRA_PORTEE":"VC2 + rando","INFRA_FRANCHIE":"LGV","HAUTEUR_LIBRE":"6,223","LONGUEUR_BIAISE":"40,98"},"geometry":{"type":"Polygon","coordinates":[[[0.007634,45.424352],[0.007586,45.424289],[0.008077,45.424115],[0.008118,45.424181],[0.007634,45.424352]]]}},{"type":"Feature","properties":{"name":"PRA HL 0237-2 - La Pagerie","LIBELLE":"PRA HL 0237-2 - La Pagerie","LIBELLE_COURT":"PRA HL 0237-2","COMMUNE":"SAINTE-CATHERINE-DE-FIERBOIS","SITUATION":"LGV V2","PKEF":"23,744","TYPE":"PRO - Cadre/Dalot BA","INFRA_PORTEE":"VLT 0243-2","INFRA_FRANCHIE":"La Pagerie","HAUTEUR_LIBRE":"2,1","LONGUEUR_BIAISE":"5,2"},"geometry":{"type":"Polygon","coordinates":[[[0.67807,47.147468],[0.678069,47.147466],[0.678125,47.147451],[0.678142,47.147411],[0.678109,47.147379],[0.678112,47.147377],[0.678147,47.14741],[0.678276,47.147433],[0.678329,47.147418],[0.678331,47.147421],[0.67828,47.147435],[0.678263,47.147477],[0.678298,47.14751],[0.678294,47.147512],[0.678258,47.147478],[0.678128,47.147454],[0.67807,47.147468]]]}},{"type":"Feature","properties":{"name":"PRA 0237 - La Pagerie","LIBELLE":"PRA 0237 - La Pagerie","LIBELLE_COURT":"PRA 0237","COMMUNE":"SAINTE-CATHERINE-DE-FIERBOIS","SITUATION":"LGV","PKEF":"23,744","TYPE":"PRA - Cadre/Dalot BA","INFRA_PORTEE":"LGV","INFRA_FRANCHIE":"La Pagerie","HAUTEUR_LIBRE":"2,278","LONGUEUR_BIAISE":"5,1"},"geometry":{"type":"Polygon","coordinates":[[[0.678469,47.147551],[0.678467,47.147548],[0.67854,47.147524],[0.678554,47.147484],[0.678509,47.147448],[0.678513,47.147446],[0.678559,47.147484],[0.678718,47.14751],[0.67879,47.147494],[0.678792,47.147497],[0.678721,47.147512],[0.678705,47.147555],[0.678747,47.147598],[0.678744,47.1476],[0.678701,47.147556],[0.678543,47.147526],[0.678469,47.147551]]]}},{"type":"Feature","properties":{"name":"PRA HL 0237-1 - La Pagerie","LIBELLE":"PRA HL 0237-1 - La Pagerie","LIBELLE_COURT":"PRA HL 0237-1","COMMUNE":"SAINTE-CATHERINE-DE-FIERBOIS","SITUATION":"LGV V1","PKEF":"23,744","TYPE":"PRO - Cadre/Dalot BA","INFRA_PORTEE":"VLT 0243-1","INFRA_FRANCHIE":"La Pagerie","HAUTEUR_LIBRE":"2,1","LONGUEUR_BIAISE":"5,2"},"geometry":{"type":"Polygon","coordinates":[[[0.678955,47.147631],[0.678953,47.147629],[0.679012,47.147612],[0.679028,47.147573],[0.67899,47.147537],[0.678994,47.147535],[0.679032,47.147572],[0.679178,47.147598],[0.67923,47.14758],[0.679232,47.147583],[0.679182,47.1476],[0.679167,47.147639],[0.679197,47.147665],[0.679194,47.147667],[0.679163,47.14764],[0.679016,47.147614],[0.678955,47.147631]]]}},{"type":"Feature","properties":{"name":"PRA 0234 - la Tinellière","LIBELLE":"PRA 0234 - la Tinellière","LIBELLE_COURT":"PRA 0234","COMMUNE":"SAINTE-CATHERINE-DE-FIERBOIS","SITUATION":"LGV","PKEF":"23,452","TYPE":"Ouvrage hydraulique","INFRA_PORTEE":"LGV","INFRA_FRANCHIE":"Rui.  la Tinellière","HAUTEUR_LIBRE":"2,292","LONGUEUR_BIAISE":"3,1"},"geometry":{"type":"Polygon","coordinates":[[[0.67742,47.150059],[0.677472,47.150047],[0.677482,47.150024],[0.677442,47.149988],[0.677446,47.149986],[0.677488,47.150024],[0.677647,47.150057],[0.67771,47.150041],[0.677712,47.150044],[0.677651,47.150059],[0.677641,47.15008],[0.677678,47.150117],[0.677674,47.150118],[0.677636,47.150081],[0.677476,47.150049],[0.677422,47.150062],[0.67742,47.150059]]]}},{"type":"Feature","properties":{"name":"PRA 2297 - L'Arce","LIBELLE":"PRA 2297 - L'Arce","LIBELLE_COURT":"PRA 2297","COMMUNE":"CRESSAC-SAINT-GENIS","SITUATION":"LGV","PKEF":"229,725","TYPE":"Viaduc","INFRA_PORTEE":"LGV","INFRA_FRANCHIE":"L'Arce","HAUTEUR_LIBRE":"&gt; 12m","LONGUEUR_BIAISE":"79,763"},"geometry":{"type":"Polygon","coordinates":[[[0.011027,45.428782],[0.010502,45.428059],[0.010662,45.428008],[0.011179,45.428733],[0.011027,45.428782]]]}},{"type":"Feature","properties":{"name":"PRO HL 2294-1 - Le Journaud","LIBELLE":"PRO HL 2294-1 - Le Journaud","LIBELLE_COURT":"PRO HL 2294-1","COMMUNE":"CRESSAC-SAINT-GENIS","SITUATION":"LGV V1","PKEF":"229,482","TYPE":"PRO - Cadre/Dalot BA","INFRA_PORTEE":"RD7 + VLT","INFRA_FRANCHIE":"Le Journaud","HAUTEUR_LIBRE":"2","LONGUEUR_BIAISE":"-"},"geometry":{"type":"Polygon","coordinates":[[[0.01306,45.429987],[0.013083,45.429966],[0.01334,45.430113],[0.013316,45.430134],[0.01306,45.429987]]]}},{"type":"Feature","properties":{"name":"PRA 2294 - RD 7","LIBELLE":"PRA 2294 - RD 7","LIBELLE_COURT":"PRA 2294","COMMUNE":"CRESSAC-SAINT-GENIS","SITUATION":"LGV","PKEF":"229,435","TYPE":"PRA - Voûte","INFRA_PORTEE":"LGV","INFRA_FRANCHIE":"RD 7","HAUTEUR_LIBRE":"5,204","LONGUEUR_BIAISE":"-"},"geometry":{"type":"Polygon","coordinates":[[[0.012319,45.431001],[0.012315,45.430999],[0.012381,45.4309],[0.012332,45.430875],[0.01222,45.43094],[0.012217,45.430938],[0.012332,45.430872],[0.012656,45.43056],[0.012713,45.430465],[0.012717,45.430467],[0.01266,45.430559],[0.012697,45.430581],[0.012817,45.430524],[0.012819,45.430526],[0.012697,45.430585],[0.012385,45.430899],[0.012319,45.431001]]]}},{"type":"Feature","properties":{"name":"PRO 2282 - PGF + CR de Cressac","LIBELLE":"PRO 2282 - PGF + CR de Cressac","LIBELLE_COURT":"PRO 2282","COMMUNE":"CRESSAC-SAINT-GENIS","SITUATION":"LGV","PKEF":"228,212","TYPE":"PRO - Portique PGF","INFRA_PORTEE":"PGF + CR de Cressac","INFRA_FRANCHIE":"LGV","HAUTEUR_LIBRE":"6,046","LONGUEUR_BIAISE":"16,1"},"geometry":{"type":"Polygon","coordinates":[[[0.019396,45.44051],[0.019576,45.440449],[0.019663,45.440569],[0.01948,45.440624],[0.019396,45.44051]]]}},{"type":"Feature","properties":{"name":"PRO 2275 - RD 449","LIBELLE":"PRO 2275 - RD 449","LIBELLE_COURT":"PRO 2275","COMMUNE":"CRESSAC-SAINT-GENIS","SITUATION":"LGV","PKEF":"227,536","TYPE":"PRO - PRAD","INFRA_PORTEE":"RD 449","INFRA_FRANCHIE":"LGV","HAUTEUR_LIBRE":"6,04","LONGUEUR_BIAISE":"40,98"},"geometry":{"type":"Polygon","coordinates":[[[0.023216,45.446127],[0.023173,45.446056],[0.023682,45.445875],[0.023711,45.445947],[0.023216,45.446127]]]}},{"type":"Feature","properties":{"name":"PRA 2270 - La Grande Eau","LIBELLE":"PRA 2270 - La Grande Eau","LIBELLE_COURT":"PRA 2270","COMMUNE":"BLANZAC-PORCHERESSE","SITUATION":"LGV","PKEF":"227,091","TYPE":"PRA - Voûte","INFRA_PORTEE":"LGV","INFRA_FRANCHIE":"La Grande Eau","HAUTEUR_LIBRE":"2,79","LONGUEUR_BIAISE":"-"},"geometry":{"type":"Polygon","coordinates":[[[0.025475,45.4499],[0.02547,45.4499],[0.025493,45.449787],[0.025466,45.449746],[0.025323,45.449693],[0.025325,45.44969],[0.02547,45.449743],[0.026472,45.449388],[0.026504,45.449272],[0.026509,45.449273],[0.026478,45.449388],[0.026506,45.449425],[0.02665,45.449479],[0.026648,45.449483],[0.026502,45.449428],[0.025499,45.449787],[0.025475,45.4499]]]}},{"type":"Feature","properties":{"name":"PRO 2261 - RD 46 + rando","LIBELLE":"PRO 2261 - RD 46 + rando","LIBELLE_COURT":"PRO 2261","COMMUNE":"BLANZAC-PORCHERESSE","SITUATION":"LGV","PKEF":"226,138","TYPE":"PRO - PRAD","INFRA_PORTEE":"RD 46 + rando","INFRA_FRANCHIE":"LGV","HAUTEUR_LIBRE":"10,69","LONGUEUR_BIAISE":"50,09"},"geometry":{"type":"Polygon","coordinates":[[[0.031214,45.457392],[0.031151,45.457313],[0.031748,45.457099],[0.031806,45.457178],[0.031214,45.457392]]]}},{"type":"Feature","properties":{"name":"VIA 2251 - Viaduc de la Fontaine des Filles","LIBELLE":"VIA 2251 - Viaduc de la Fontaine des Filles","LIBELLE_COURT":"VIA 2251","COMMUNE":"SAINT-LEGER","SITUATION":"LGV","PKEF":"225,121","TYPE":"Viaduc","INFRA_PORTEE":"LGV","INFRA_FRANCHIE":"La Fontaine des Filles + VC 204 + RD 10","HAUTEUR_LIBRE":"","LONGUEUR_BIAISE":"120,097"},"geometry":{"type":"Polygon","coordinates":[[[0.037896,45.465837],[0.03711,45.464899],[0.037253,45.464841],[0.038038,45.465779],[0.037896,45.465837]]]}},{"type":"Feature","properties":{"name":"PRO 2246 - VC 210","LIBELLE":"PRO 2246 - VC 210","LIBELLE_COURT":"PRO 2246","COMMUNE":"PERIGNAC","SITUATION":"LGV","PKEF":"224,659","TYPE":"PRO - PRAD","INFRA_PORTEE":"VC 210","INFRA_FRANCHIE":"LGV","HAUTEUR_LIBRE":"6,318","LONGUEUR_BIAISE":"39,64"},"geometry":{"type":"Polygon","coordinates":[[[0.040263,45.469096],[0.040208,45.469029],[0.040934,45.468735],[0.04094,45.468828],[0.040263,45.469096]]]}},{"type":"Feature","properties":{"name":"PRO 2239 - RD 54","LIBELLE":"PRO 2239 - RD 54","LIBELLE_COURT":"PRO 2239","COMMUNE":"PERIGNAC","SITUATION":"LGV","PKEF":"223,907","TYPE":"PRO - PRAD","INFRA_PORTEE":"RD 54","INFRA_FRANCHIE":"LGV","HAUTEUR_LIBRE":"7,411","LONGUEUR_BIAISE":"42,72"},"geometry":{"type":"Polygon","coordinates":[[[0.045146,45.474918],[0.04508,45.474846],[0.045628,45.474647],[0.045689,45.474721],[0.045146,45.474918]]]}},{"type":"Feature","properties":{"name":"PRA 2237 - AGR + Bief du Né","LIBELLE":"PRA 2237 - AGR + Bief du Né","LIBELLE_COURT":"PRA 2237","COMMUNE":"PERIGNAC","SITUATION":"LGV","PKEF":"223,731","TYPE":"PRA - Cadre/Dalot BA","INFRA_PORTEE":"LGV","INFRA_FRANCHIE":"AGR + Bief du Né","HAUTEUR_LIBRE":"4,03","LONGUEUR_BIAISE":"8,3"},"geometry":{"type":"Polygon","coordinates":[[[0.046267,45.476323],[0.046263,45.47632],[0.046338,45.476267],[0.046298,45.476209],[0.046162,45.476227],[0.046161,45.476223],[0.046301,45.476205],[0.046512,45.476134],[0.04659,45.476085],[0.046594,45.476088],[0.046519,45.476135],[0.046564,45.476193],[0.046664,45.476179],[0.046665,45.476183],[0.046561,45.476197],[0.046344,45.476268],[0.046267,45.476323]]]}},{"type":"Feature","properties":{"name":"PRA 2235 - Le Né","LIBELLE":"PRA 2235 - Le Né","LIBELLE_COURT":"PRA 2235","COMMUNE":"BLANZAC-PORCHERESSE","SITUATION":"LGV","PKEF":"223,526","TYPE":"PRA - Dalle BA","INFRA_PORTEE":"LGV","INFRA_FRANCHIE":"Le Né","HAUTEUR_LIBRE":"5,122","LONGUEUR_BIAISE":"36,38"},"geometry":{"type":"Polygon","coordinates":[[[0.047548,45.47805],[0.04733,45.477696],[0.047515,45.477687],[0.04774,45.478047],[0.047548,45.47805]]]}},{"type":"Feature","properties":{"name":"PRO 2232 - RD 5","LIBELLE":"PRO 2232 - RD 5","LIBELLE_COURT":"PRO 2232","COMMUNE":"BLANZAC-PORCHERESSE","SITUATION":"LGV","PKEF":"223,203","TYPE":"PRO - PRAD","INFRA_PORTEE":"RD 5","INFRA_FRANCHIE":"LGV","HAUTEUR_LIBRE":"6,01","LONGUEUR_BIAISE":"45,41"},"geometry":{"type":"Polygon","coordinates":[[[0.048787,45.48057],[0.048764,45.480473],[0.04944,45.48052],[0.049496,45.480619],[0.048787,45.48057]]]}},{"type":"Feature","properties":{"name":"PRO HL 2231-1 - Ruisseau Fontaine Ladre","LIBELLE":"PRO HL 2231-1 - Ruisseau Fontaine Ladre","LIBELLE_COURT":"PRO HL 2231-1","COMMUNE":"BLANZAC-PORCHERESSE","SITUATION":"LGV V1","PKEF":"223,144","TYPE":"PRO - Voûte","INFRA_PORTEE":"RD5 + accès parcelle","INFRA_FRANCHIE":"Ruisseau Fontaine Ladre","HAUTEUR_LIBRE":"3,24","LONGUEUR_BIAISE":"-"},"geometry":{"type":"Polygon","coordinates":[[[0.05043,45.480735],[0.050453,45.480549],[0.050553,45.48056],[0.050519,45.480743],[0.05043,45.480735]]]}},{"type":"Feature","properties":{"name":"PRA 2228 - Ruisseau Fontaine Ladre","LIBELLE":"PRA 2228 - Ruisseau Fontaine Ladre","LIBELLE_COURT":"PRA 2228","COMMUNE":"BLANZAC-PORCHERESSE","SITUATION":"LGV","PKEF":"222,88","TYPE":"PRA - Cadre/Dalot BA","INFRA_PORTEE":"LGV","INFRA_FRANCHIE":"Ruisseau Fontaine Ladre","HAUTEUR_LIBRE":"2,03","LONGUEUR_BIAISE":"6"},"geometry":{"type":"Polygon","coordinates":[[[0.050408,45.483358],[0.050404,45.483357],[0.050429,45.483325],[0.050414,45.483289],[0.050358,45.483274],[0.050359,45.483272],[0.050417,45.483287],[0.050638,45.483238],[0.05066,45.483205],[0.050664,45.483206],[0.050643,45.483238],[0.050656,45.483263],[0.050684,45.48328],[0.050682,45.483282],[0.050653,45.483265],[0.050433,45.483326],[0.050408,45.483358]]]}},{"type":"Feature","properties":{"name":"PRO HL 2224-2 - Ruisseau Fontaine Ladre","LIBELLE":"PRO HL 2224-2 - Ruisseau Fontaine Ladre","LIBELLE_COURT":"PRO HL 2224-2","COMMUNE":"BLANZAC-PORCHERESSE","SITUATION":"LGV V2","PKEF":"222,4","TYPE":"PRO - Cadre/Dalot BA","INFRA_PORTEE":"VLT","INFRA_FRANCHIE":"Ruisseau Fontaine Ladre","HAUTEUR_LIBRE":"2","LONGUEUR_BIAISE":"4,5"},"geometry":{"type":"Polygon","coordinates":[[[0.051549,45.487256],[0.051539,45.487231],[0.051669,45.487206],[0.051679,45.487231],[0.051549,45.487256]]]}},{"type":"Feature","properties":{"name":"PRA 2220 - VC7 + rando","LIBELLE":"PRA 2220 - VC7 + rando","LIBELLE_COURT":"PRA 2220","COMMUNE":"CHAMPAGNE-VIGNY","SITUATION":"LGV","PKEF":"222,022","TYPE":"PRA - Cadre/Dalot BA","INFRA_PORTEE":"LGV","INFRA_FRANCHIE":"VC7 + rando","HAUTEUR_LIBRE":"4,43","LONGUEUR_BIAISE":""},"geometry":{"type":"Polygon","coordinates":[[[0.052935,45.490873],[0.052934,45.490871],[0.053107,45.490804],[0.053094,45.490749],[0.05291,45.49073],[0.052911,45.490727],[0.053097,45.490746],[0.05337,45.490709],[0.053448,45.49068],[0.05345,45.490683],[0.053374,45.49071],[0.053389,45.490765],[0.053495,45.490779],[0.053494,45.490782],[0.053386,45.490768],[0.053111,45.490806],[0.052935,45.490873]]]}},{"type":"Feature","properties":{"name":"PRO 2212 - RD 436","LIBELLE":"PRO 2212 - RD 436","LIBELLE_COURT":"PRO 2212","COMMUNE":"BECHERESSE","SITUATION":"LGV","PKEF":"221,245","TYPE":"PRO - PRAD","INFRA_PORTEE":"RD 436","INFRA_FRANCHIE":"LGV","HAUTEUR_LIBRE":"9,43","LONGUEUR_BIAISE":"46,24"},"geometry":{"type":"Polygon","coordinates":[[[0.05411,45.497759],[0.054103,45.497677],[0.054758,45.49765],[0.054765,45.497732],[0.05411,45.497759]]]}},{"type":"Feature","properties":{"name":"PRA 2200 - VC201 + rando","LIBELLE":"PRA 2200 - VC201 + rando","LIBELLE_COURT":"PRA 2200","COMMUNE":"CHAMPAGNE-VIGNY","SITUATION":"LGV","PKEF":"220,028","TYPE":"PRA - Cadre/Dalot BA","INFRA_PORTEE":"LGV","INFRA_FRANCHIE":"VC201 + rando","HAUTEUR_LIBRE":"4,561","LONGUEUR_BIAISE":"7,3"},"geometry":{"type":"Polygon","coordinates":[[[0.053816,45.508693],[0.053814,45.508689],[0.053931,45.508669],[0.053931,45.508617],[0.053834,45.508585],[0.053836,45.508582],[0.053937,45.508614],[0.054177,45.50862],[0.054279,45.508603],[0.05428,45.508607],[0.054183,45.508624],[0.05418,45.50868],[0.054276,45.508707],[0.054274,45.50871],[0.054174,45.508683],[0.053937,45.508672],[0.053816,45.508693]]]}},{"type":"Feature","properties":{"name":"PRO HL 0224-1 - Rui. Les Coudrais","LIBELLE":"PRO HL 0224-1 - Rui. Les Coudrais","LIBELLE_COURT":"PRO HL 0224-1","COMMUNE":"SAINTE-CATHERINE-DE-FIERBOIS","SITUATION":"LGV V1","PKEF":"22,503","TYPE":"PRO - Cadre/Dalot BA","INFRA_PORTEE":"RD 101","INFRA_FRANCHIE":"Rui. Les Coudrais","HAUTEUR_LIBRE":"2,1","LONGUEUR_BIAISE":"3,5"},"geometry":{"type":"Polygon","coordinates":[[[0.674951,47.158591],[0.674952,47.158589],[0.674988,47.158603],[0.675036,47.158588],[0.675039,47.158551],[0.675042,47.158551],[0.675039,47.15859],[0.675153,47.158696],[0.675208,47.158705],[0.675207,47.158708],[0.675153,47.158699],[0.675121,47.158712],[0.675114,47.158752],[0.67511,47.158752],[0.675118,47.158711],[0.674988,47.158606],[0.674951,47.158591]]]}},{"type":"Feature","properties":{"name":"PRA 0224-7 - PGF + OH les coudrais","LIBELLE":"PRA 0224-7 - PGF + OH les coudrais","LIBELLE_COURT":"PRA 0224-7","COMMUNE":"SAINTE-CATHERINE-DE-FIERBOIS","SITUATION":"LGV","PKEF":"22,477","TYPE":"PRA - Portique","INFRA_PORTEE":"LGV","INFRA_FRANCHIE":"PGF + OH les coudrais","HAUTEUR_LIBRE":"5,07","LONGUEUR_BIAISE":"17,4"},"geometry":{"type":"Polygon","coordinates":[[[0.672619,47.158265],[0.672785,47.158243],[0.672871,47.158116],[0.672803,47.158027],[0.672804,47.158027],[0.67288,47.15811],[0.673035,47.15816],[0.673198,47.158145],[0.673199,47.158148],[0.673039,47.158169],[0.672953,47.158296],[0.673031,47.158394],[0.673025,47.158397],[0.672937,47.158304],[0.672786,47.158253],[0.67262,47.158269],[0.672619,47.158265]]]}},{"type":"Feature","properties":{"name":"PRA 0224-2 - RD 101","LIBELLE":"PRA 0224-2 - RD 101","LIBELLE_COURT":"PRA 0224-2","COMMUNE":"SAINTE-CATHERINE-DE-FIERBOIS","SITUATION":"LGV","PKEF":"22,42","TYPE":"PRA - Cadre/Dalot BA","INFRA_PORTEE":"LGV","INFRA_FRANCHIE":"RD 101 (ex VC7)","HAUTEUR_LIBRE":"5,11","LONGUEUR_BIAISE":"8,2"},"geometry":{"type":"Polygon","coordinates":[[[0.672342,47.158683],[0.672472,47.158696],[0.672517,47.158631],[0.672416,47.158568],[0.672419,47.158565],[0.672523,47.15863],[0.672682,47.158681],[0.672829,47.158694],[0.672828,47.158697],[0.672685,47.158685],[0.672638,47.158747],[0.672741,47.158813],[0.672738,47.158816],[0.672632,47.158748],[0.672475,47.1587],[0.672341,47.158686],[0.672342,47.158683]]]}},{"type":"Feature","properties":{"name":"PRA 2196 - L'Ecly","LIBELLE":"PRA 2196 - L'Ecly","LIBELLE_COURT":"PRA 2196","COMMUNE":"CHAMPAGNE-VIGNY","SITUATION":"LGV","PKEF":"219,691","TYPE":"Viaduc","INFRA_PORTEE":"LGV","INFRA_FRANCHIE":"L'Ecly","HAUTEUR_LIBRE":"&gt; 15m","LONGUEUR_BIAISE":"84,019"},"geometry":{"type":"Polygon","coordinates":[[[0.053662,45.512112],[0.053739,45.511245],[0.053916,45.511254],[0.053838,45.512122],[0.053662,45.512112]]]}},{"type":"Feature","properties":{"name":"PRA 2194 - VC3 + rando","LIBELLE":"PRA 2194 - VC3 + rando","LIBELLE_COURT":"PRA 2194","COMMUNE":"CHAMPAGNE-VIGNY","SITUATION":"LGV","PKEF":"219,426","TYPE":"PRA - Cadre/Dalot BA","INFRA_PORTEE":"LGV","INFRA_FRANCHIE":"VC3 + rando","HAUTEUR_LIBRE":"4,511","LONGUEUR_BIAISE":"7,2"},"geometry":{"type":"Polygon","coordinates":[[[0.053339,45.514113],[0.053337,45.514109],[0.053462,45.514089],[0.053469,45.514034],[0.053332,45.513992],[0.053334,45.513988],[0.053475,45.514031],[0.053691,45.514037],[0.05384,45.51401],[0.053841,45.514014],[0.053697,45.51404],[0.053693,45.514097],[0.053808,45.514125],[0.053806,45.514129],[0.053687,45.5141],[0.053467,45.514093],[0.053339,45.514113]]]}},{"type":"Feature","properties":{"name":"PRA 2183 - VC204 + rando","LIBELLE":"PRA 2183 - VC204 + rando","LIBELLE_COURT":"PRA 2183","COMMUNE":"PLASSAC-ROUFFIAC","SITUATION":"LGV","PKEF":"218,36","TYPE":"PRA - Voûte","INFRA_PORTEE":"LGV","INFRA_FRANCHIE":"VC204 + rando","HAUTEUR_LIBRE":"4,79","LONGUEUR_BIAISE":"-"},"geometry":{"type":"Polygon","coordinates":[[[0.053084,45.523715],[0.053083,45.523711],[0.053141,45.523706],[0.053203,45.523692],[0.05322,45.523686],[0.053228,45.52368],[0.053232,45.523669],[0.053232,45.523659],[0.053227,45.523654],[0.053222,45.52365],[0.053208,45.523645],[0.053195,45.523642],[0.053065,45.523632],[0.053065,45.523628],[0.053196,45.523638],[0.053203,45.52364],[0.053226,45.523647],[0.053229,45.523649],[0.053769,45.523622],[0.053778,45.523615],[0.053787,45.523611],[0.053799,45.523607],[0.053886,45.523584],[0.053888,45.523588],[0.053802,45.52361],[0.053785,45.523617],[0.053773,45.523624],[0.053768,45.523635],[0.053771,45.523644],[0.053782,45.523651],[0.053797,45.523656],[0.053896,45.523667],[0.053896,45.523671],[0.053807,45.523662],[0.053791,45.523659],[0.053224,45.523689],[0.05321,45.523694],[0.053142,45.52371],[0.053084,45.523715]]]}},{"type":"Feature","properties":{"name":"PRO 2179 - RD 107","LIBELLE":"PRO 2179 - RD 107","LIBELLE_COURT":"PRO 2179","COMMUNE":"PLASSAC-ROUFFIAC","SITUATION":"LGV","PKEF":"217,971","TYPE":"PRO - PRAD","INFRA_PORTEE":"RD 107","INFRA_FRANCHIE":"LGV","HAUTEUR_LIBRE":"8,5","LONGUEUR_BIAISE":"43,8"},"geometry":{"type":"Polygon","coordinates":[[[0.053779,45.527196],[0.053765,45.527115],[0.054379,45.527052],[0.054387,45.527133],[0.053779,45.527196]]]}},{"type":"Feature","properties":{"name":"PRA 2170 - RD 22","LIBELLE":"PRA 2170 - RD 22","LIBELLE_COURT":"PRA 2170","COMMUNE":"PLASSAC-ROUFFIAC","SITUATION":"LGV","PKEF":"217,006","TYPE":"PRA - Cadre/Dalot BA","INFRA_PORTEE":"LGV","INFRA_FRANCHIE":"RD 22","HAUTEUR_LIBRE":"5,03","LONGUEUR_BIAISE":"10,4"},"geometry":{"type":"Polygon","coordinates":[[[0.056481,45.535756],[0.056478,45.535753],[0.056617,45.535687],[0.056587,45.535606],[0.05638,45.5356],[0.056381,45.535596],[0.056591,45.535602],[0.056863,45.535548],[0.056988,45.535491],[0.056991,45.535495],[0.05687,45.53555],[0.0569,45.535628],[0.057068,45.535635],[0.057068,45.535639],[0.056896,45.535632],[0.056624,45.535688],[0.056481,45.535756]]]}},{"type":"Feature","properties":{"name":"PGF 2162 - PGF + rando","LIBELLE":"PGF 2162 - PGF + rando","LIBELLE_COURT":"PGF 2162","COMMUNE":"CLAIX","SITUATION":"LGV","PKEF":"216,298","TYPE":"PRO - Portique PGF","INFRA_PORTEE":"PGF + rando","INFRA_FRANCHIE":"LGV","HAUTEUR_LIBRE":"6,069","LONGUEUR_BIAISE":"15,2"},"geometry":{"type":"Polygon","coordinates":[[[0.059084,45.541839],[0.059034,45.54171],[0.059218,45.541675],[0.059268,45.541803],[0.059084,45.541839]]]}},{"type":"Feature","properties":{"name":"PRA 2154 - RD 103","LIBELLE":"PRA 2154 - RD 103","LIBELLE_COURT":"PRA 2154","COMMUNE":"CLAIX","SITUATION":"LGV","PKEF":"215,473","TYPE":"PRA - Voûte","INFRA_PORTEE":"LGV","INFRA_FRANCHIE":"RD 103","HAUTEUR_LIBRE":"4,67","LONGUEUR_BIAISE":"-"},"geometry":{"type":"Polygon","coordinates":[[[0.061476,45.548984],[0.061536,45.54898],[0.061574,45.548968],[0.061584,45.548959],[0.061586,45.548935],[0.061579,45.548926],[0.061552,45.548915],[0.061523,45.54891],[0.061476,45.548908],[0.061476,45.548906],[0.062215,45.54891],[0.062215,45.548912],[0.062167,45.548914],[0.062138,45.548919],[0.062111,45.548929],[0.062104,45.548938],[0.062105,45.548962],[0.062116,45.548972],[0.062153,45.548983],[0.062214,45.548988],[0.062213,45.548992],[0.061476,45.548988],[0.061476,45.548984]]]}},{"type":"Feature","properties":{"name":"VIA 2150 - Viaduc du Claix","LIBELLE":"VIA 2150 - Viaduc du Claix","LIBELLE_COURT":"VIA 2150","COMMUNE":"CLAIX","SITUATION":"LGV","PKEF":"215,041","TYPE":"Viaduc","INFRA_PORTEE":"LGV","INFRA_FRANCHIE":"Le Claix + RDT 2150","HAUTEUR_LIBRE":"","LONGUEUR_BIAISE":"450"},"geometry":{"type":"Polygon","coordinates":[[[0.063002,45.554877],[0.062966,45.554631],[0.062915,45.55429],[0.062867,45.55399],[0.062797,45.553582],[0.06273,45.553204],[0.062662,45.552847],[0.062601,45.552535],[0.062549,45.552282],[0.062494,45.552021],[0.062443,45.551788],[0.06238,45.551509],[0.062307,45.551195],[0.062245,45.550938],[0.06219,45.550716],[0.062353,45.550696],[0.062419,45.550965],[0.062512,45.551353],[0.062582,45.55166],[0.062653,45.551986],[0.062719,45.552297],[0.062784,45.552615],[0.062827,45.552835],[0.062883,45.553129],[0.06293,45.553389],[0.06297,45.553616],[0.063012,45.55386],[0.063052,45.554107],[0.063088,45.554338],[0.063121,45.554556],[0.063166,45.554865],[0.063002,45.554877]]]}},{"type":"Feature","properties":{"name":"PRO 2146 - CR 10 + Rando","LIBELLE":"PRO 2146 - CR 10 + Rando","LIBELLE_COURT":"PRO 2146","COMMUNE":"CLAIX","SITUATION":"LGV","PKEF":"214,605","TYPE":"PRO - PRAD","INFRA_PORTEE":"CR 10 + Rando","INFRA_FRANCHIE":"LGV","HAUTEUR_LIBRE":"6,476","LONGUEUR_BIAISE":"40,98"},"geometry":{"type":"Polygon","coordinates":[[[0.063026,45.556735],[0.06302,45.556664],[0.063573,45.556637],[0.063579,45.556708],[0.063026,45.556735]]]}},{"type":"Feature","properties":{"name":"MSO 2138","LIBELLE":"MSO 2138","LIBELLE_COURT":"MSO 2138","COMMUNE":"ROULLET-SAINT-ESTEPHE","SITUATION":"LGV","PKEF":"213,85","TYPE":"Mur de soutènement","INFRA_PORTEE":"RAC CE2","INFRA_FRANCHIE":"-","HAUTEUR_LIBRE":"-","LONGUEUR_BIAISE":"-"},"geometry":{"type":"LineString","coordinates":[[0.063943,45.564282],[0.063808,45.562664]]}},{"type":"Feature","properties":{"name":"SDM 2125 - Saut de mouton de Roullet Saint Estephe","LIBELLE":"SDM 2125 - Saut de mouton de Roullet Saint Estephe","LIBELLE_COURT":"SDM 2125","COMMUNE":"ROULLET-SAINT-ESTEPHE","SITUATION":"LGV","PKEF":"212,595","TYPE":"Saut-de-mouton - Murs terre armée","INFRA_PORTEE":"RAC CE2","INFRA_FRANCHIE":"LGV","HAUTEUR_LIBRE":"","LONGUEUR_BIAISE":"-"},"geometry":{"type":"Polygon","coordinates":[[[0.065027,45.575845],[0.064975,45.575226],[0.064751,45.575152],[0.064711,45.574651],[0.064653,45.574284],[0.064581,45.573424],[0.064586,45.573424],[0.064658,45.574281],[0.064881,45.574346],[0.064926,45.574901],[0.06498,45.575224],[0.065032,45.575845],[0.065027,45.575845]]]}},{"type":"Feature","properties":{"name":"PRA 2123 - RD 42","LIBELLE":"PRA 2123 - RD 42","LIBELLE_COURT":"PRA 2123","COMMUNE":"ROULLET-SAINT-ESTEPHE","SITUATION":"LGV","PKEF":"212,387","TYPE":"PRA - Portique","INFRA_PORTEE":"LGV","INFRA_FRANCHIE":"RD 42","HAUTEUR_LIBRE":"4,85","LONGUEUR_BIAISE":"11,9"},"geometry":{"type":"Polygon","coordinates":[[[0.06472,45.576751],[0.064717,45.576747],[0.064853,45.576701],[0.064846,45.576607],[0.06474,45.576611],[0.06474,45.576607],[0.064852,45.576602],[0.065084,45.576522],[0.065226,45.576469],[0.065228,45.576473],[0.065091,45.576524],[0.065099,45.576618],[0.065263,45.576567],[0.065265,45.576571],[0.065093,45.576625],[0.064859,45.576703],[0.06472,45.576751]]]}},{"type":"Feature","properties":{"name":"PRA 2106 - RD 910","LIBELLE":"PRA 2106 - RD 910","LIBELLE_COURT":"PRA 2106","COMMUNE":"ROULLET-SAINT-ESTEPHE","SITUATION":"LGV","PKEF":"210,671","TYPE":"PRA - Cadre/Dalot BA","INFRA_PORTEE":"LGV","INFRA_FRANCHIE":"RD 910","HAUTEUR_LIBRE":"4,88","LONGUEUR_BIAISE":"11,56"},"geometry":{"type":"Polygon","coordinates":[[[0.065774,45.591943],[0.065776,45.59194],[0.06592,45.59198],[0.065968,45.591899],[0.065823,45.591783],[0.065827,45.591781],[0.065973,45.591899],[0.066277,45.592139],[0.066427,45.59218],[0.066425,45.592183],[0.06628,45.592143],[0.066236,45.592226],[0.066382,45.59234],[0.066378,45.592342],[0.066231,45.592226],[0.065923,45.591984],[0.065774,45.591943]]]}},{"type":"Feature","properties":{"name":"PRA 2102 - RN 10","LIBELLE":"PRA 2102 - RN 10","LIBELLE_COURT":"PRA 2102","COMMUNE":"ROULLET-SAINT-ESTEPHE","SITUATION":"LGV","PKEF":"210,262","TYPE":"PRA - Poutrelles enrobées","INFRA_PORTEE":"LGV","INFRA_FRANCHIE":"RN 10","HAUTEUR_LIBRE":"6,485","LONGUEUR_BIAISE":"118,65"},"geometry":{"type":"Polygon","coordinates":[[[0.066005,45.596442],[0.066007,45.595313],[0.066175,45.595414],[0.066179,45.596528],[0.066005,45.596442]]]}},{"type":"Feature","properties":{"name":"PRA 0212 - Rui. La Godefroy","LIBELLE":"PRA 0212 - Rui. La Godefroy","LIBELLE_COURT":"PRA 0212","COMMUNE":"SAINTE-CATHERINE-DE-FIERBOIS","SITUATION":"LGV","PKEF":"21,255","TYPE":"PRA - Cadre/Dalot BA","INFRA_PORTEE":"LGV","INFRA_FRANCHIE":"Rui. La Godefroy + Rando","HAUTEUR_LIBRE":"2,6","LONGUEUR_BIAISE":"4,1"},"geometry":{"type":"Polygon","coordinates":[[[0.665903,47.16816],[0.665927,47.168127],[0.666071,47.168173],[0.666048,47.168206],[0.665903,47.16816]]]}},{"type":"Feature","properties":{"name":"PRA 2099 - VC de Fustifort","LIBELLE":"PRA 2099 - VC de Fustifort","LIBELLE_COURT":"PRA 2099","COMMUNE":"ROULLET-SAINT-ESTEPHE","SITUATION":"LGV","PKEF":"209,994","TYPE":"PRA - Cadre/Dalot BA","INFRA_PORTEE":"LGV","INFRA_FRANCHIE":"VC de Fustifort","HAUTEUR_LIBRE":"7,5","LONGUEUR_BIAISE":"12,912"},"geometry":{"type":"Polygon","coordinates":[[[0.06563,45.598335],[0.065628,45.598332],[0.065914,45.598252],[0.065916,45.598153],[0.065652,45.598152],[0.065652,45.598149],[0.065921,45.59815],[0.066242,45.59806],[0.066506,45.59795],[0.066509,45.597952],[0.066247,45.598062],[0.066248,45.598158],[0.066472,45.598164],[0.066472,45.598167],[0.066243,45.598161],[0.065919,45.598255],[0.06563,45.598335]]]}},{"type":"Feature","properties":{"name":"PRO 2082 - RD 41","LIBELLE":"PRO 2082 - RD 41","LIBELLE_COURT":"PRO 2082","COMMUNE":"LA COURONNE","SITUATION":"LGV","PKEF":"208,245","TYPE":"PRO - PRAD","INFRA_PORTEE":"RD 41","INFRA_FRANCHIE":"LGV","HAUTEUR_LIBRE":"6,51","LONGUEUR_BIAISE":"39,738"},"geometry":{"type":"Polygon","coordinates":[[[0.06747,45.613934],[0.067461,45.613829],[0.067959,45.613728],[0.067999,45.613829],[0.06747,45.613934]]]}},{"type":"Feature","properties":{"name":"VIA 2077 - Viaduc de la Boeme","LIBELLE":"VIA 2077 - Viaduc de la Boeme","LIBELLE_COURT":"VIA 2077","COMMUNE":"NERSAC","SITUATION":"LGV","PKEF":"207,793","TYPE":"Viaduc","INFRA_PORTEE":"LGV","INFRA_FRANCHIE":"la Boème + PGF + VC204","HAUTEUR_LIBRE":"","LONGUEUR_BIAISE":"450"},"geometry":{"type":"Polygon","coordinates":[[[0.069131,45.619875],[0.069121,45.619834],[0.06911,45.61979],[0.069089,45.619705],[0.069085,45.619688],[0.06907,45.619627],[0.068143,45.615864],[0.06813,45.615811],[0.068293,45.615791],[0.068306,45.615845],[0.069233,45.619607],[0.069248,45.619668],[0.069253,45.619685],[0.069273,45.61977],[0.069285,45.619814],[0.069295,45.619855],[0.069131,45.619875]]]}},{"type":"Feature","properties":{"name":"PRO 2067 - RD 699","LIBELLE":"PRO 2067 - RD 699","LIBELLE_COURT":"PRO 2067","COMMUNE":"NERSAC","SITUATION":"LGV","PKEF":"206,771","TYPE":"PRO - PRAD","INFRA_PORTEE":"RD 699","INFRA_FRANCHIE":"LGV","HAUTEUR_LIBRE":"6,338","LONGUEUR_BIAISE":"39,64"},"geometry":{"type":"Polygon","coordinates":[[[0.070242,45.627024],[0.070231,45.626922],[0.07074,45.626895],[0.070748,45.627001],[0.070242,45.627024]]]}},{"type":"Feature","properties":{"name":"PRA 2061 - Rue Ampère","LIBELLE":"PRA 2061 - Rue Ampère","LIBELLE_COURT":"PRA 2061","COMMUNE":"NERSAC","SITUATION":"LGV","PKEF":"206,19","TYPE":"PRA - Portique","INFRA_PORTEE":"LGV","INFRA_FRANCHIE":"Rue Ampère","HAUTEUR_LIBRE":"4,923","LONGUEUR_BIAISE":"14,952"},"geometry":{"type":"Polygon","coordinates":[[[0.070409,45.632291],[0.070408,45.632287],[0.070542,45.632263],[0.070545,45.632143],[0.070413,45.63212],[0.070414,45.632116],[0.07055,45.63214],[0.070716,45.632129],[0.070856,45.632105],[0.070857,45.632109],[0.070722,45.632133],[0.070718,45.632253],[0.070844,45.632273],[0.070843,45.632277],[0.070712,45.632256],[0.070547,45.632267],[0.070409,45.632291]]]}},{"type":"Feature","properties":{"name":"PRA 2056 - LC Angoulême Saintes","LIBELLE":"PRA 2056 - LC Angoulême Saintes","LIBELLE_COURT":"PRA 2056","COMMUNE":"NERSAC","SITUATION":"LGV","PKEF":"205,609","TYPE":"PRA - Poutrelles enrobées","INFRA_PORTEE":"LGV","INFRA_FRANCHIE":"LC Angoulême Saintes","HAUTEUR_LIBRE":"7,176","LONGUEUR_BIAISE":"18,868"},"geometry":{"type":"Polygon","coordinates":[[[0.070146,45.637421],[0.070143,45.637418],[0.070366,45.637454],[0.070371,45.637306],[0.070141,45.637239],[0.070143,45.637235],[0.070377,45.637304],[0.070576,45.637363],[0.070802,45.637402],[0.0708,45.637406],[0.070582,45.637368],[0.070576,45.637515],[0.070785,45.637577],[0.070783,45.637581],[0.07057,45.637518],[0.070371,45.637459],[0.070146,45.637421]]]}},{"type":"Feature","properties":{"name":"VIA 2053 - Viaduc Charente Sud","LIBELLE":"VIA 2053 - Viaduc Charente Sud","LIBELLE_COURT":"VIA 2053","COMMUNE":"NERSAC","SITUATION":"LGV","PKEF":"205,323","TYPE":"Viaduc","INFRA_PORTEE":"LGV","INFRA_FRANCHIE":"La Charente Sud","HAUTEUR_LIBRE":"","LONGUEUR_BIAISE":"378,64"},"geometry":{"type":"Polygon","coordinates":[[[0.070437,45.641299],[0.070432,45.641464],[0.070427,45.641597],[0.070424,45.641715],[0.07026,45.641712],[0.070301,45.640375],[0.070362,45.638404],[0.070364,45.638334],[0.070366,45.638277],[0.070529,45.63828],[0.070528,45.638337],[0.070525,45.638406],[0.070466,45.640377],[0.070465,45.640377],[0.070437,45.641299]]]}},{"type":"Feature","properties":{"name":"PRA 2050 - CR Trois Palis","LIBELLE":"PRA 2050 - CR Trois Palis","LIBELLE_COURT":"PRA 2050","COMMUNE":"LINARS","SITUATION":"LGV","PKEF":"205,053","TYPE":"PRA - Voûte","INFRA_PORTEE":"LGV","INFRA_FRANCHIE":"CR Trois Palis","HAUTEUR_LIBRE":"5,065","LONGUEUR_BIAISE":"-"},"geometry":{"type":"Polygon","coordinates":[[[0.07003,45.642452],[0.07003,45.642449],[0.070079,45.64245],[0.070093,45.642449],[0.070106,45.642447],[0.070119,45.642445],[0.070132,45.642441],[0.070144,45.642438],[0.070156,45.642433],[0.070158,45.642431],[0.070159,45.642428],[0.07016,45.642425],[0.070161,45.642423],[0.070162,45.64242],[0.070163,45.642417],[0.070163,45.642414],[0.070163,45.642411],[0.070163,45.642408],[0.070163,45.642405],[0.070162,45.642402],[0.070161,45.642399],[0.07016,45.642397],[0.070158,45.642394],[0.070157,45.642392],[0.070155,45.642389],[0.070153,45.642387],[0.070151,45.642385],[0.070148,45.642383],[0.070146,45.642382],[0.070143,45.64238],[0.070081,45.642371],[0.070032,45.64237],[0.070032,45.642368],[0.070633,45.642375],[0.070633,45.642377],[0.070618,45.642377],[0.070614,45.642377],[0.070609,45.642377],[0.070604,45.642377],[0.070599,45.642378],[0.070595,45.642378],[0.07059,45.642378],[0.070576,45.642378],[0.070563,45.64238],[0.070549,45.642382],[0.070536,45.642384],[0.070523,45.642388],[0.07051,45.642391],[0.070508,45.642394],[0.070506,45.642397],[0.070504,45.642401],[0.070503,45.642404],[0.070502,45.642408],[0.070501,45.642411],[0.070501,45.642415],[0.070501,45.642418],[0.070501,45.642422],[0.070501,45.642425],[0.070502,45.642429],[0.070503,45.642432],[0.070505,45.642435],[0.070506,45.642439],[0.070515,45.642442],[0.070523,45.642445],[0.070531,45.642447],[0.07054,45.642449],[0.070549,45.642451],[0.070558,45.642453],[0.070579,45.642455],[0.070631,45.642456],[0.070631,45.642459],[0.07003,45.642452]]]}},{"type":"Feature","properties":{"name":"PRO 2044 - RD 72","LIBELLE":"PRO 2044 - RD 72","LIBELLE_COURT":"PRO 2044","COMMUNE":"LINARS","SITUATION":"LGV","PKEF":"204,429","TYPE":"PRO - PRAD","INFRA_PORTEE":"RD 72","INFRA_FRANCHIE":"LGV","HAUTEUR_LIBRE":"6,1","LONGUEUR_BIAISE":"47,87"},"geometry":{"type":"Polygon","coordinates":[[[0.07021,45.647985],[0.070212,45.647873],[0.070759,45.64807],[0.070758,45.648181],[0.07021,45.647985]]]}},{"type":"Feature","properties":{"name":"PRA 2036 - VC125","LIBELLE":"PRA 2036 - VC125","LIBELLE_COURT":"PRA 2036","COMMUNE":"LINARS","SITUATION":"LGV","PKEF":"203,618","TYPE":"PRA - Cadre/Dalot BA","INFRA_PORTEE":"LGV","INFRA_FRANCHIE":"VC125","HAUTEUR_LIBRE":"4,4","LONGUEUR_BIAISE":"7,95"},"geometry":{"type":"Polygon","coordinates":[[[0.071692,45.655401],[0.071689,45.655398],[0.071769,45.655341],[0.071753,45.655275],[0.071657,45.655286],[0.071656,45.655282],[0.071762,45.655268],[0.071954,45.655194],[0.072096,45.655146],[0.072098,45.655149],[0.071966,45.655199],[0.071981,45.655262],[0.072127,45.655244],[0.072127,45.655248],[0.071971,45.65527],[0.07178,45.655341],[0.071692,45.655401]]]}},{"type":"Feature","properties":{"name":"PRA 2034 - PGF + Nouère","LIBELLE":"PRA 2034 - PGF + Nouère","LIBELLE_COURT":"PRA 2034","COMMUNE":"LINARS","SITUATION":"LGV","PKEF":"203,421","TYPE":"Viaduc","INFRA_PORTEE":"LGV","INFRA_FRANCHIE":"PGF + Nouère","HAUTEUR_LIBRE":"6","LONGUEUR_BIAISE":"79,73"},"geometry":{"type":"Polygon","coordinates":[[[0.072302,45.657399],[0.072108,45.656617],[0.072281,45.656596],[0.072469,45.657379],[0.072302,45.657399]]]}},{"type":"Feature","properties":{"name":"PRA 2032 - VC2","LIBELLE":"PRA 2032 - VC2","LIBELLE_COURT":"PRA 2032","COMMUNE":"LINARS","SITUATION":"LGV","PKEF":"203,25","TYPE":"PRA - Cadre/Dalot BA","INFRA_PORTEE":"LGV","INFRA_FRANCHIE":"VC2","HAUTEUR_LIBRE":"4,43","LONGUEUR_BIAISE":"9,6"},"geometry":{"type":"Polygon","coordinates":[[[0.072436,45.658627],[0.072434,45.658624],[0.072548,45.658577],[0.072533,45.658516],[0.072404,45.658498],[0.072406,45.658492],[0.072531,45.658509],[0.072781,45.658479],[0.072899,45.658431],[0.072904,45.658437],[0.072785,45.658486],[0.072801,45.658545],[0.072938,45.658565],[0.072937,45.658568],[0.0728,45.658552],[0.07255,45.658584],[0.072436,45.658627]]]}},{"type":"Feature","properties":{"name":"PRO HL 2032 - La Nouère","LIBELLE":"PRO HL 2032 - La Nouère","LIBELLE_COURT":"PRO HL 2032","COMMUNE":"LINARS","SITUATION":"LGV V2","PKEF":"203,208","TYPE":"PRO - Portique","INFRA_PORTEE":"VC2","INFRA_FRANCHIE":"La Nouère","HAUTEUR_LIBRE":"3,129","LONGUEUR_BIAISE":"12"},"geometry":{"type":"Polygon","coordinates":[[[0.071906,45.658663],[0.071885,45.658581],[0.07215,45.658548],[0.072171,45.65863],[0.071906,45.658663]]]}},{"type":"Feature","properties":{"name":"PRO 2027 - RD 120","LIBELLE":"PRO 2027 - RD 120","LIBELLE_COURT":"PRO 2027","COMMUNE":"LINARS","SITUATION":"LGV","PKEF":"202,763","TYPE":"PRO - PRAD","INFRA_PORTEE":"RD 120","INFRA_FRANCHIE":"LGV","HAUTEUR_LIBRE":"6,084","LONGUEUR_BIAISE":"43,81"},"geometry":{"type":"Polygon","coordinates":[[[0.073431,45.663058],[0.073409,45.662967],[0.07407,45.662625],[0.074078,45.662721],[0.073431,45.663058]]]}},{"type":"Feature","properties":{"name":"PRO 2021 - CR1 + Rando + AGR","LIBELLE":"PRO 2021 - CR1 + Rando + AGR","LIBELLE_COURT":"PRO 2021","COMMUNE":"FLEAC","SITUATION":"LGV","PKEF":"202,196","TYPE":"PRO - PRAD","INFRA_PORTEE":"CR1 + Rando + AGR","INFRA_FRANCHIE":"LGV","HAUTEUR_LIBRE":"6,107","LONGUEUR_BIAISE":"39,64"},"geometry":{"type":"Polygon","coordinates":[[[0.074433,45.667962],[0.074424,45.66789],[0.074973,45.667855],[0.074983,45.667927],[0.074433,45.667962]]]}},{"type":"Feature","properties":{"name":"PRO 2016 - VC4","LIBELLE":"PRO 2016 - VC4","LIBELLE_COURT":"PRO 2016","COMMUNE":"FLEAC","SITUATION":"LGV","PKEF":"201,63","TYPE":"PRO - PRAD","INFRA_PORTEE":"VC4","INFRA_FRANCHIE":"LGV","HAUTEUR_LIBRE":"6,348","LONGUEUR_BIAISE":"39,64"},"geometry":{"type":"Polygon","coordinates":[[[0.074755,45.673038],[0.074755,45.672966],[0.075341,45.672966],[0.075341,45.673038],[0.074755,45.673038]]]}},{"type":"Feature","properties":{"name":"PRA 2008 - Ancienne RN 141","LIBELLE":"PRA 2008 - Ancienne RN 141","LIBELLE_COURT":"PRA 2008","COMMUNE":"FLEAC","SITUATION":"LGV","PKEF":"200,818","TYPE":"PRA - Portique","INFRA_PORTEE":"LGV","INFRA_FRANCHIE":"Ancienne RN 141","HAUTEUR_LIBRE":"5,83","LONGUEUR_BIAISE":"14,842"},"geometry":{"type":"Polygon","coordinates":[[[0.074138,45.680396],[0.074137,45.680393],[0.074285,45.680372],[0.074308,45.680253],[0.074129,45.680236],[0.07413,45.680233],[0.074313,45.68025],[0.07449,45.680223],[0.07469,45.680193],[0.074691,45.680196],[0.074489,45.680227],[0.074474,45.680342],[0.074606,45.680359],[0.074605,45.680362],[0.074469,45.680345],[0.074285,45.680376],[0.074138,45.680396]]]}},{"type":"Feature","properties":{"name":"PRA 2005 - Future RN 141","LIBELLE":"PRA 2005 - Future RN 141","LIBELLE_COURT":"PRA 2005","COMMUNE":"FLEAC","SITUATION":"LGV","PKEF":"200,512","TYPE":"PRA - Dalle BA","INFRA_PORTEE":"LGV","INFRA_FRANCHIE":"Future RN 141","HAUTEUR_LIBRE":"7,28","LONGUEUR_BIAISE":"53,899"},"geometry":{"type":"Polygon","coordinates":[[[0.073646,45.683252],[0.073777,45.682727],[0.073942,45.68278],[0.07381,45.683307],[0.073646,45.683252]]]}},{"type":"Feature","properties":{"name":"PRA 2004 - Bretelle sortie Nord RN141","LIBELLE":"PRA 2004 - Bretelle sortie Nord RN141","LIBELLE_COURT":"PRA 2004","COMMUNE":"FLEAC","SITUATION":"LGV","PKEF":"200,467","TYPE":"PRA - Cadre/Dalot BA","INFRA_PORTEE":"LGV","INFRA_FRANCHIE":"Bretelle sortie Nord RN141","HAUTEUR_LIBRE":"6,985","LONGUEUR_BIAISE":"11,8"},"geometry":{"type":"Polygon","coordinates":[[[0.07334,45.683572],[0.073338,45.683569],[0.073516,45.683515],[0.073539,45.683421],[0.073418,45.683401],[0.073419,45.683398],[0.073544,45.683419],[0.073856,45.683375],[0.074008,45.683325],[0.07401,45.683328],[0.07386,45.683377],[0.073837,45.683471],[0.073973,45.683488],[0.073973,45.683491],[0.073831,45.683473],[0.07352,45.683517],[0.07334,45.683572]]]}},{"type":"Feature","properties":{"name":"PRA 2002 - RD 37","LIBELLE":"PRA 2002 - RD 37","LIBELLE_COURT":"PRA 2002","COMMUNE":"FLEAC","SITUATION":"LGV","PKEF":"200,262","TYPE":"PRA - Cadre/Dalot BA","INFRA_PORTEE":"LGV","INFRA_FRANCHIE":"RD 37","HAUTEUR_LIBRE":"5,63","LONGUEUR_BIAISE":"10"},"geometry":{"type":"Polygon","coordinates":[[[0.072745,45.685037],[0.072748,45.685033],[0.072956,45.685117],[0.073033,45.68507],[0.072924,45.684897],[0.07293,45.684895],[0.073041,45.685072],[0.073368,45.685322],[0.073546,45.685387],[0.073542,45.685391],[0.07337,45.685328],[0.073301,45.685375],[0.073414,45.685556],[0.073408,45.685558],[0.073292,45.685373],[0.072957,45.685123],[0.072745,45.685037]]]}},{"type":"Feature","properties":{"name":"PRA 0201 - Rui. Le Montison Amont","LIBELLE":"PRA 0201 - Rui. Le Montison Amont","LIBELLE_COURT":"PRA 0201","COMMUNE":"SAINTE-CATHERINE-DE-FIERBOIS","SITUATION":"LGV","PKEF":"20,165","TYPE":"PRA - Cadre/Dalot BA","INFRA_PORTEE":"LGV","INFRA_FRANCHIE":"Rui. Le Montison Amont","HAUTEUR_LIBRE":"2","LONGUEUR_BIAISE":"3,6"},"geometry":{"type":"Polygon","coordinates":[[[0.66024,47.177187],[0.660256,47.177157],[0.660689,47.177255],[0.660673,47.177287],[0.66024,47.177187]]]}},{"type":"Feature","properties":{"name":"PRA MA0 0029 - VF + VC La Rivardiere","LIBELLE":"PRA MA0 0029 - VF + VC La Rivardiere","LIBELLE_COURT":"PRA MA0 0029","COMMUNE":"MIGNE-AUXANCES","SITUATION":"MA1","PKEF":"2,997","TYPE":"Viaduc","INFRA_PORTEE":"RAC MA1 + MA2","INFRA_FRANCHIE":"LC + VC La Rivardiere","HAUTEUR_LIBRE":"VF: 14,12 VC: 12,43","LONGUEUR_BIAISE":"90,4"},"geometry":{"type":"Polygon","coordinates":[[[0.349041,46.635193],[0.349094,46.63428],[0.349266,46.634278],[0.349215,46.635191],[0.349041,46.635193]]]}},{"type":"Feature","properties":{"name":"PRA CA2 0028 - rivière Le Reveillon 2","LIBELLE":"PRA CA2 0028 - rivière Le Reveillon 2","LIBELLE_COURT":"PRA CA2 0028","COMMUNE":"MAILLE","SITUATION":"CA2","PKEF":"2,859","TYPE":"PRA - Cadre/Dalot BA","INFRA_PORTEE":"RAC CA2","INFRA_FRANCHIE":"rivière Le Reveillon 2","HAUTEUR_LIBRE":"3,5","LONGUEUR_BIAISE":"-"},"geometry":{"type":"Polygon","coordinates":[[[0.589486,47.048878],[0.58948,47.048876],[0.589511,47.048839],[0.589467,47.048771],[0.589345,47.048759],[0.589345,47.048754],[0.589468,47.048766],[0.58967,47.048701],[0.589667,47.048697],[0.589699,47.048674],[0.589705,47.048677],[0.589677,47.048698],[0.589722,47.04876],[0.589844,47.048772],[0.589844,47.048777],[0.589718,47.048765],[0.589513,47.048831],[0.58952,47.048841],[0.589517,47.048843],[0.589486,47.048878]]]}},{"type":"Feature","properties":{"name":"PRO MS0 0024 - Allée historique + PGF","LIBELLE":"PRO MS0 0024 - Allée historique + PGF","LIBELLE_COURT":"PRO MS0 0024","COMMUNE":"SORIGNY","SITUATION":"MS1","PKEF":"2,843","TYPE":"PRO - Portique PGF","INFRA_PORTEE":"Allée historique + PGF","INFRA_FRANCHIE":"RAC MS1 + MS2","HAUTEUR_LIBRE":"6,5","LONGUEUR_BIAISE":""},"geometry":{"type":"Polygon","coordinates":[[[0.650635,47.234528],[0.650845,47.234308],[0.65095,47.234414],[0.650742,47.234631],[0.650635,47.234528]]]}},{"type":"Feature","properties":{"name":"PRA VN1 0026 - PGF mixteAccès EF","LIBELLE":"PRA VN1 0026 - PGF mixteAccès EF","LIBELLE_COURT":"PRA VN1 0026","COMMUNE":"VILLOGNON","SITUATION":"VN1","PKEF":"2,668","TYPE":"PRA - Portique","INFRA_PORTEE":"RAC VN1","INFRA_FRANCHIE":"PGF mixte + VLT","HAUTEUR_LIBRE":"4,526","LONGUEUR_BIAISE":"11,6"},"geometry":{"type":"Polygon","coordinates":[[[0.108111,45.848043],[0.108106,45.848041],[0.108231,45.847919],[0.108228,45.847817],[0.108105,45.847704],[0.10811,45.847701],[0.108235,45.847817],[0.108401,45.847817],[0.108483,45.847736],[0.108487,45.847738],[0.108406,45.847818],[0.108407,45.847918],[0.108525,45.84803],[0.108521,45.848032],[0.1084,45.847918],[0.108237,45.847919],[0.108111,45.848043]]]}},{"type":"Feature","properties":{"name":"PRO HL 0025-2 - Rui. La Fontaine","LIBELLE":"PRO HL 0025-2 - Rui. La Fontaine","LIBELLE_COURT":"PRO HL 0025-2","COMMUNE":"CHAMBRAY-LES-TOURS","SITUATION":"LGV V2","PKEF":"2,525","TYPE":"PRO - Cadre/Dalot BA","INFRA_PORTEE":"VC4","INFRA_FRANCHIE":"Rui. La Fontaine","HAUTEUR_LIBRE":"2,35","LONGUEUR_BIAISE":"3,5"},"geometry":{"type":"Polygon","coordinates":[[[0.730098,47.319112],[0.730114,47.319079],[0.730094,47.319056],[0.73005,47.319053],[0.73005,47.319051],[0.730096,47.319054],[0.730262,47.318989],[0.730278,47.318955],[0.730281,47.318955],[0.730266,47.318989],[0.730288,47.319012],[0.730338,47.319014],[0.730338,47.319017],[0.730286,47.319014],[0.730118,47.319079],[0.730101,47.319112],[0.730098,47.319112]]]}},{"type":"Feature","properties":{"name":"PRA 0025 - Rui. La Fontaine","LIBELLE":"PRA 0025 - Rui. La Fontaine","LIBELLE_COURT":"PRA 0025","COMMUNE":"CHAMBRAY-LES-TOURS","SITUATION":"LGV","PKEF":"2,525","TYPE":"PRA - Cadre/Dalot BA","INFRA_PORTEE":"LGV","INFRA_FRANCHIE":"Rui. La Fontaine","HAUTEUR_LIBRE":"1,75","LONGUEUR_BIAISE":"3,6"},"geometry":{"type":"Polygon","coordinates":[[[0.73063,47.318899],[0.730653,47.318865],[0.730635,47.318843],[0.730581,47.318838],[0.730582,47.318836],[0.730637,47.318841],[0.730786,47.318776],[0.730821,47.318719],[0.730824,47.31872],[0.73079,47.318776],[0.730812,47.318809],[0.730881,47.318804],[0.730882,47.318806],[0.73081,47.318811],[0.730656,47.318865],[0.730632,47.3189],[0.73063,47.318899]]]}},{"type":"Feature","properties":{"name":"PRA FN1 0024 - RD 611 (RN 11)","LIBELLE":"PRA FN1 0024 - RD 611 (RN 11)","LIBELLE_COURT":"PRA FN1 0024","COMMUNE":"FONTAINE-LE-COMTE","SITUATION":"FN1","PKEF":"2,401","TYPE":"PRA - Poutrelles enrobées","INFRA_PORTEE":"RAC FN1","INFRA_FRANCHIE":"RD 611 (RN 11) + VLT 1050","HAUTEUR_LIBRE":"5,29","LONGUEUR_BIAISE":"56,054"},"geometry":{"type":"Polygon","coordinates":[[[0.235475,46.514861],[0.235221,46.514374],[0.23533,46.514376],[0.235585,46.514873],[0.235475,46.514861]]]}},{"type":"Feature","properties":{"name":"PRO CE1 HL 0022 - La petite Boëme","LIBELLE":"PRO CE1 HL 0022 - La petite Boëme","LIBELLE_COURT":"PRO CE1 HL 0022","COMMUNE":"ROULLET-SAINT-ESTEPHE","SITUATION":"CE1","PKEF":"2,29","TYPE":"PRO - Portique","INFRA_PORTEE":"VLT","INFRA_FRANCHIE":"La petite Boëme","HAUTEUR_LIBRE":"2,106","LONGUEUR_BIAISE":"11,6"},"geometry":{"type":"Polygon","coordinates":[[[0.081007,45.586821],[0.081022,45.586757],[0.081223,45.586827],[0.081203,45.586889],[0.081007,45.586821]]]}},{"type":"Feature","properties":{"name":"PRA CE0 0022 - La petite Boëme","LIBELLE":"PRA CE0 0022 - La petite Boëme","LIBELLE_COURT":"PRA CE0 0022","COMMUNE":"ROULLET-SAINT-ESTEPHE","SITUATION":"CE1","PKEF":"2,279","TYPE":"PRA - Portique","INFRA_PORTEE":"RAC CE1 + CE2","INFRA_FRANCHIE":"La petite Boëme","HAUTEUR_LIBRE":"2,1","LONGUEUR_BIAISE":"12,616"},"geometry":{"type":"Polygon","coordinates":[[[0.080942,45.587169],[0.080974,45.587006],[0.08118,45.587079],[0.081143,45.58724],[0.080942,45.587169]]]}},{"type":"Feature","properties":{"name":"PRA MS0 0018 - Rui.La Longue Plaine","LIBELLE":"PRA MS0 0018 - Rui.La Longue Plaine","LIBELLE_COURT":"PRA MS0 0018","COMMUNE":"MONTS","SITUATION":"MS1","PKEF":"2,211","TYPE":"PRA - Voûte","INFRA_PORTEE":"RAC MS1 + RAC MS2","INFRA_FRANCHIE":"Rui.La Longue Plaine","HAUTEUR_LIBRE":"2,6","LONGUEUR_BIAISE":"-"},"geometry":{"type":"Polygon","coordinates":[[[0.64622,47.239629],[0.646366,47.239555],[0.646364,47.239506],[0.646221,47.239434],[0.646224,47.239432],[0.646368,47.239504],[0.647222,47.239511],[0.647361,47.239444],[0.647363,47.239446],[0.647226,47.239512],[0.647225,47.23956],[0.647368,47.239634],[0.647366,47.239636],[0.647221,47.239561],[0.64637,47.239557],[0.646223,47.239631],[0.64622,47.239629]]]}},{"type":"Feature","properties":{"name":"TRC MA0 0022 - Tranchée couverte de Migne Auxance","LIBELLE":"TRC MA0 0022 - Tranchée couverte de Migne Auxance","LIBELLE_COURT":"TRC MA0 0022","COMMUNE":"MIGNE-AUXANCES","SITUATION":"MA1","PKEF":"2,188","TYPE":"Tranchée couverte","INFRA_PORTEE":"A10 + RDT MA0 0022","INFRA_FRANCHIE":"RAC MA1 + MA2","HAUTEUR_LIBRE":"5,71","LONGUEUR_BIAISE":"-"},"geometry":{"type":"Polygon","coordinates":[[[0.350509,46.628447],[0.350349,46.628427],[0.350833,46.626607],[0.350987,46.626649],[0.350509,46.628447]]]}},{"type":"Feature","properties":{"name":"PRA CA2 0020 - RD 158","LIBELLE":"PRA CA2 0020 - RD 158","LIBELLE_COURT":"PRA CA2 0020","COMMUNE":"MAILLE","SITUATION":"CA2","PKEF":"2,05","TYPE":"PRA - Cadre/Dalot BA","INFRA_PORTEE":"RAC CA2","INFRA_FRANCHIE":"RD 158","HAUTEUR_LIBRE":"6,23","LONGUEUR_BIAISE":""},"geometry":{"type":"Polygon","coordinates":[[[0.585806,47.042189],[0.585804,47.042187],[0.585968,47.042095],[0.585959,47.042019],[0.585789,47.042026],[0.585789,47.042023],[0.585963,47.042016],[0.586052,47.041989],[0.58616,47.041965],[0.586195,47.042039],[0.586062,47.042071],[0.585973,47.042097],[0.585806,47.042189]]]}},{"type":"Feature","properties":{"name":"PRA CA1 0020 - RD 158","LIBELLE":"PRA CA1 0020 - RD 158","LIBELLE_COURT":"PRA CA1 0020","COMMUNE":"MAILLE","SITUATION":"CA1","PKEF":"2,041","TYPE":"PRA - Cadre/Dalot BA","INFRA_PORTEE":"RAC CA1","INFRA_FRANCHIE":"RD 158","HAUTEUR_LIBRE":"6,14","LONGUEUR_BIAISE":""},"geometry":{"type":"Polygon","coordinates":[[[0.5866,47.041984],[0.586439,47.041985],[0.586349,47.042003],[0.586195,47.042039],[0.58616,47.041965],[0.586323,47.041927],[0.586413,47.041908],[0.586578,47.041853],[0.58658,47.041856],[0.586417,47.04191],[0.586442,47.041982],[0.5866,47.041981],[0.5866,47.041984]]]}},{"type":"Feature","properties":{"name":"PRA 1992 - CR de Goutiers aux Plats","LIBELLE":"PRA 1992 - CR de Goutiers aux Plats","LIBELLE_COURT":"PRA 1992","COMMUNE":"ASNIERES-SUR-NOUERE","SITUATION":"LGV","PKEF":"199,275","TYPE":"PRA - Cadre/Dalot BA","INFRA_PORTEE":"LGV + tiroir de maintenance + tiroir de montage","INFRA_FRANCHIE":"CR de Goutiers aux Plats","HAUTEUR_LIBRE":"4,48","LONGUEUR_BIAISE":"7,2"},"geometry":{"type":"Polygon","coordinates":[[[0.069731,45.693857],[0.069728,45.693853],[0.069889,45.693846],[0.069909,45.693793],[0.069775,45.693733],[0.069777,45.693731],[0.069914,45.693791],[0.070481,45.693878],[0.070628,45.693871],[0.070628,45.693874],[0.070485,45.693881],[0.070468,45.693939],[0.070595,45.693989],[0.070593,45.693992],[0.070463,45.693941],[0.069892,45.693849],[0.069731,45.693857]]]}},{"type":"Feature","properties":{"name":"PRO 1975 - VC6 + rando","LIBELLE":"PRO 1975 - VC6 + rando","LIBELLE_COURT":"PRO 1975","COMMUNE":"ASNIERES-SUR-NOUERE","SITUATION":"LGV","PKEF":"197,58","TYPE":"PRO - PRAD","INFRA_PORTEE":"VC6 + rando","INFRA_FRANCHIE":"LGV","HAUTEUR_LIBRE":"7,329","LONGUEUR_BIAISE":"76,68"},"geometry":{"type":"Polygon","coordinates":[[[0.064949,45.708717],[0.064975,45.708636],[0.065941,45.708792],[0.065914,45.708874],[0.064949,45.708717]]]}},{"type":"Feature","properties":{"name":"PRO 1968 - PGF","LIBELLE":"PRO 1968 - PGF","LIBELLE_COURT":"PRO 1968","COMMUNE":"ASNIERES-SUR-NOUERE","SITUATION":"LGV","PKEF":"196,802","TYPE":"PRO - Portique PGF","INFRA_PORTEE":"PGF","INFRA_FRANCHIE":"LGV","HAUTEUR_LIBRE":"6,423","LONGUEUR_BIAISE":"20,78"},"geometry":{"type":"Polygon","coordinates":[[[0.063082,45.715636],[0.063123,45.715517],[0.063373,45.715556],[0.063331,45.715677],[0.063082,45.715636]]]}},{"type":"Feature","properties":{"name":"PRO 1957 - RD 96","LIBELLE":"PRO 1957 - RD 96","LIBELLE_COURT":"PRO 1957","COMMUNE":"ASNIERES-SUR-NOUERE","SITUATION":"LGV","PKEF":"195,774","TYPE":"PRO - PRAD","INFRA_PORTEE":"RD 96","INFRA_FRANCHIE":"LGV","HAUTEUR_LIBRE":"6,08","LONGUEUR_BIAISE":"40,24"},"geometry":{"type":"Polygon","coordinates":[[[0.059873,45.724601],[0.059903,45.724512],[0.060548,45.724616],[0.060518,45.724705],[0.059873,45.724601]]]}},{"type":"Feature","properties":{"name":"PRA 1943 - CR10 + AGR","LIBELLE":"PRA 1943 - CR10 + AGR","LIBELLE_COURT":"PRA 1943","COMMUNE":"MARSAC","SITUATION":"LGV","PKEF":"194,286","TYPE":"PRA - Cadre/Dalot BA","INFRA_PORTEE":"LGV","INFRA_FRANCHIE":"CR10 + AGR","HAUTEUR_LIBRE":"4,43","LONGUEUR_BIAISE":"7,2"},"geometry":{"type":"Polygon","coordinates":[[[0.055891,45.737812],[0.055889,45.73781],[0.056027,45.737753],[0.056033,45.7377],[0.055913,45.7376],[0.055916,45.737598],[0.056037,45.737699],[0.056275,45.737723],[0.056416,45.737663],[0.056418,45.737665],[0.056278,45.737725],[0.056265,45.737778],[0.056361,45.737858],[0.056358,45.73786],[0.056261,45.737779],[0.05603,45.737755],[0.055891,45.737812]]]}},{"type":"Feature","properties":{"name":"PRO 1935 - RD 939","LIBELLE":"PRO 1935 - RD 939","LIBELLE_COURT":"PRO 1935","COMMUNE":"MARSAC","SITUATION":"LGV","PKEF":"193,595","TYPE":"PRO - PRAD","INFRA_PORTEE":"RD 939","INFRA_FRANCHIE":"LGV","HAUTEUR_LIBRE":"6,369","LONGUEUR_BIAISE":"45,375"},"geometry":{"type":"Polygon","coordinates":[[[0.05499,45.744022],[0.054941,45.743928],[0.055626,45.743753],[0.055675,45.743847],[0.05499,45.744022]]]}},{"type":"Feature","properties":{"name":"PRO 1922 - VC6 + rando","LIBELLE":"PRO 1922 - VC6 + rando","LIBELLE_COURT":"PRO 1922","COMMUNE":"SAINT-GENIS-D'HIERSAC","SITUATION":"LGV","PKEF":"192,236","TYPE":"PRO - PRAD","INFRA_PORTEE":"VC6 + rando","INFRA_FRANCHIE":"LGV","HAUTEUR_LIBRE":"6,26","LONGUEUR_BIAISE":"39,64"},"geometry":{"type":"Polygon","coordinates":[[[0.056073,45.756153],[0.056055,45.75608],[0.056669,45.756005],[0.056687,45.756077],[0.056073,45.756153]]]}},{"type":"Feature","properties":{"name":"PRO 1910 - CR de Grosbot","LIBELLE":"PRO 1910 - CR de Grosbot","LIBELLE_COURT":"PRO 1910","COMMUNE":"SAINT-GENIS-D'HIERSAC","SITUATION":"LGV","PKEF":"191,02","TYPE":"PRO - PRAD","INFRA_PORTEE":"CR de Grosbot","INFRA_FRANCHIE":"LGV","HAUTEUR_LIBRE":"6,029","LONGUEUR_BIAISE":"39,64"},"geometry":{"type":"Polygon","coordinates":[[[0.060207,45.766731],[0.060176,45.76667],[0.060647,45.766551],[0.060678,45.766611],[0.060207,45.766731]]]}},{"type":"Feature","properties":{"name":"PRA 1904 - RD 11","LIBELLE":"PRA 1904 - RD 11","LIBELLE_COURT":"PRA 1904","COMMUNE":"SAINT-GENIS-D'HIERSAC","SITUATION":"LGV","PKEF":"190,483","TYPE":"PRA - Cadre/Dalot BA","INFRA_PORTEE":"LGV","INFRA_FRANCHIE":"RD 11","HAUTEUR_LIBRE":"4,9","LONGUEUR_BIAISE":"10,3"},"geometry":{"type":"Polygon","coordinates":[[[0.062712,45.771188],[0.06271,45.771185],[0.06286,45.771129],[0.062859,45.771058],[0.062671,45.771057],[0.062671,45.771054],[0.062864,45.771055],[0.063312,45.771057],[0.063453,45.771014],[0.063455,45.771016],[0.063317,45.771059],[0.063315,45.771141],[0.06346,45.771145],[0.06346,45.771149],[0.063313,45.771144],[0.062864,45.771131],[0.062712,45.771188]]]}},{"type":"Feature","properties":{"name":"PRA 1902 - Godinauds","LIBELLE":"PRA 1902 - Godinauds","LIBELLE_COURT":"PRA 1902","COMMUNE":"SAINT-GENIS-D'HIERSAC","SITUATION":"LGV","PKEF":"190,285","TYPE":"PRA - Voûte","INFRA_PORTEE":"LGV","INFRA_FRANCHIE":"Godinauds","HAUTEUR_LIBRE":"","LONGUEUR_BIAISE":"-"},"geometry":{"type":"Polygon","coordinates":[[[0.063932,45.772902],[0.063928,45.772901],[0.063987,45.772808],[0.063955,45.772761],[0.063822,45.772747],[0.063823,45.772743],[0.063958,45.772758],[0.064425,45.772589],[0.064483,45.772511],[0.064487,45.772513],[0.06443,45.772588],[0.064469,45.772642],[0.064608,45.772653],[0.064607,45.772657],[0.064466,45.772644],[0.063992,45.772808],[0.063932,45.772902]]]}},{"type":"Feature","properties":{"name":"PRO HL 1903-2 - Godinauds","LIBELLE":"PRO HL 1903-2 - Godinauds","LIBELLE_COURT":"PRO HL 1903-2","COMMUNE":"SAINT-GENIS-D'HIERSAC","SITUATION":"LGV V2","PKEF":"190,285","TYPE":"PRO - Cadre/Dalot BA","INFRA_PORTEE":"RD 117","INFRA_FRANCHIE":"Godinauds","HAUTEUR_LIBRE":"2","LONGUEUR_BIAISE":"4,1"},"geometry":{"type":"Polygon","coordinates":[[[0.063601,45.772935],[0.06358,45.77291],[0.063687,45.772869],[0.06371,45.772898],[0.063601,45.772935]]]}},{"type":"Feature","properties":{"name":"PRA 0198 - Saut de mouton de st catherine fierbois","LIBELLE":"PRA 0198 - Saut de mouton de st catherine fierbois","LIBELLE_COURT":"PRA 0198","COMMUNE":"VILLEPERDUE","SITUATION":"LGV","PKEF":"19,811","TYPE":"PRA - Portique","INFRA_PORTEE":"LGV","INFRA_FRANCHIE":"RD910","HAUTEUR_LIBRE":"6,1","LONGUEUR_BIAISE":"28,778"},"geometry":{"type":"Polygon","coordinates":[[[0.658897,47.180128],[0.658901,47.180124],[0.658969,47.18015],[0.659113,47.180038],[0.65899,47.17982],[0.658996,47.179819],[0.659124,47.180036],[0.659296,47.180331],[0.659385,47.180369],[0.659381,47.180374],[0.659293,47.18034],[0.659148,47.180452],[0.659277,47.180678],[0.659271,47.180679],[0.659132,47.180458],[0.65896,47.180156],[0.658897,47.180128]]]}},{"type":"Feature","properties":{"name":"VIA 1896 - Viaduc Charente Mediane","LIBELLE":"VIA 1896 - Viaduc Charente Mediane","LIBELLE_COURT":"VIA 1896","COMMUNE":"VOUHARTE","SITUATION":"LGV","PKEF":"189,636","TYPE":"Viaduc","INFRA_PORTEE":"LGV","INFRA_FRANCHIE":"La Charente médiane","HAUTEUR_LIBRE":"3,3","LONGUEUR_BIAISE":"522"},"geometry":{"type":"Polygon","coordinates":[[[0.07021,45.779775],[0.069935,45.7795],[0.069692,45.779255],[0.069486,45.779043],[0.069251,45.778801],[0.068985,45.778523],[0.068722,45.778244],[0.068205,45.777687],[0.067648,45.777071],[0.067315,45.776693],[0.067094,45.776439],[0.066512,45.775756],[0.066656,45.775698],[0.066925,45.776017],[0.067236,45.776379],[0.067551,45.77674],[0.06787,45.777099],[0.068154,45.777415],[0.068441,45.77773],[0.068732,45.778043],[0.069025,45.778355],[0.06936,45.778706],[0.069699,45.779056],[0.070042,45.779405],[0.070346,45.779708],[0.07021,45.779775]]]}},{"type":"Feature","properties":{"name":"OHD 1893 - OHD Charente Médiane","LIBELLE":"OHD 1893 - OHD Charente Médiane","LIBELLE_COURT":"OHD 1893","COMMUNE":"VOUHARTE","SITUATION":"LGV","PKEF":"189,279","TYPE":"Ouvrage hydraulique","INFRA_PORTEE":"LGV","INFRA_FRANCHIE":"La Charente médiane","HAUTEUR_LIBRE":"3,1","LONGUEUR_BIAISE":"49,53"},"geometry":{"type":"Polygon","coordinates":[[[0.070936,45.780705],[0.070562,45.780344],[0.070995,45.780124],[0.071369,45.780485],[0.070936,45.780705]]]}},{"type":"Feature","properties":{"name":"PRA 1889 - VC5","LIBELLE":"PRA 1889 - VC5","LIBELLE_COURT":"PRA 1889","COMMUNE":"VOUHARTE","SITUATION":"LGV","PKEF":"188,92","TYPE":"PRA - Cadre/Dalot BA","INFRA_PORTEE":"LGV","INFRA_FRANCHIE":"VC5","HAUTEUR_LIBRE":"3,736","LONGUEUR_BIAISE":"4,8"},"geometry":{"type":"Polygon","coordinates":[[[0.073656,45.783105],[0.073651,45.783103],[0.073709,45.783044],[0.073674,45.783014],[0.073576,45.783041],[0.073576,45.783036],[0.073674,45.78301],[0.073806,45.782936],[0.073867,45.782872],[0.073871,45.782875],[0.073814,45.782937],[0.073847,45.782967],[0.073949,45.782944],[0.07395,45.782947],[0.073846,45.782971],[0.073717,45.783045],[0.073656,45.783105]]]}},{"type":"Feature","properties":{"name":"PRO 1875 - RD 114","LIBELLE":"PRO 1875 - RD 114","LIBELLE_COURT":"PRO 1875","COMMUNE":"MONTIGNAC-CHARENTE","SITUATION":"LGV","PKEF":"187,551","TYPE":"PRO - PRAD","INFRA_PORTEE":"RD 114","INFRA_FRANCHIE":"LGV","HAUTEUR_LIBRE":"6,042","LONGUEUR_BIAISE":"41,026"},"geometry":{"type":"Polygon","coordinates":[[[0.083834,45.793027],[0.083808,45.792963],[0.084407,45.792863],[0.084424,45.792932],[0.083834,45.793027]]]}},{"type":"Feature","properties":{"name":"PRO 1866 - RD 737","LIBELLE":"PRO 1866 - RD 737","LIBELLE_COURT":"PRO 1866","COMMUNE":"VOUHARTE","SITUATION":"LGV","PKEF":"186,702","TYPE":"PRO - PRAD","INFRA_PORTEE":"RD 737","INFRA_FRANCHIE":"LGV","HAUTEUR_LIBRE":"6,05","LONGUEUR_BIAISE":"42,8"},"geometry":{"type":"Polygon","coordinates":[[[0.088947,45.799949],[0.088874,45.799869],[0.089264,45.79954],[0.089319,45.799634],[0.088947,45.799949]]]}},{"type":"Feature","properties":{"name":"PRA 1854 - CR St Amant","LIBELLE":"PRA 1854 - CR St Amant","LIBELLE_COURT":"PRA 1854","COMMUNE":"VOUHARTE","SITUATION":"LGV","PKEF":"185,486","TYPE":"PRA - Cadre/Dalot BA","INFRA_PORTEE":"LGV","INFRA_FRANCHIE":"CR St Amant","HAUTEUR_LIBRE":"5,03","LONGUEUR_BIAISE":"6"},"geometry":{"type":"Polygon","coordinates":[[[0.093548,45.810282],[0.093545,45.810278],[0.093691,45.810222],[0.093673,45.81017],[0.093499,45.810162],[0.093499,45.810156],[0.093679,45.810164],[0.094013,45.810113],[0.094141,45.810062],[0.094143,45.810064],[0.094019,45.810113],[0.094032,45.810158],[0.094182,45.810171],[0.094181,45.810174],[0.094028,45.810161],[0.093698,45.810224],[0.093548,45.810282]]]}},{"type":"Feature","properties":{"name":"PRO 1848 - PGF","LIBELLE":"PRO 1848 - PGF","LIBELLE_COURT":"PRO 1848","COMMUNE":"XAMBES","SITUATION":"LGV","PKEF":"184,862","TYPE":"PRO - Portique PGF","INFRA_PORTEE":"PGF + RANDO","INFRA_FRANCHIE":"LGV","HAUTEUR_LIBRE":"6,09","LONGUEUR_BIAISE":"14,7"},"geometry":{"type":"Polygon","coordinates":[[[0.095562,45.815719],[0.095523,45.815591],[0.095704,45.815562],[0.095745,45.81569],[0.095562,45.815719]]]}},{"type":"Feature","properties":{"name":"PRO 1832 - RD32","LIBELLE":"PRO 1832 - RD32","LIBELLE_COURT":"PRO 1832","COMMUNE":"XAMBES","SITUATION":"LGV","PKEF":"183,206","TYPE":"PRO - PRAD","INFRA_PORTEE":"RD32","INFRA_FRANCHIE":"LGV","HAUTEUR_LIBRE":"6,134","LONGUEUR_BIAISE":"39,64"},"geometry":{"type":"Polygon","coordinates":[[[0.100073,45.830283],[0.100048,45.830206],[0.100603,45.830118],[0.100628,45.830195],[0.100073,45.830283]]]}},{"type":"Feature","properties":{"name":"PRO 1826 - RD116","LIBELLE":"PRO 1826 - RD116","LIBELLE_COURT":"PRO 1826","COMMUNE":"XAMBES","SITUATION":"LGV","PKEF":"182,651","TYPE":"PRO - PRAD","INFRA_PORTEE":"RD116","INFRA_FRANCHIE":"LGV","HAUTEUR_LIBRE":"6,17","LONGUEUR_BIAISE":"39,64"},"geometry":{"type":"Polygon","coordinates":[[[0.101627,45.835158],[0.101599,45.835072],[0.102194,45.834975],[0.102222,45.835061],[0.101627,45.835158]]]}},{"type":"Feature","properties":{"name":"SDM 1815 - Saut de Mouton de Villognon","LIBELLE":"SDM 1815 - Saut de Mouton de Villognon","LIBELLE_COURT":"SDM 1815","COMMUNE":"VILLOGNON","SITUATION":"LGV","PKEF":"181,499","TYPE":"Saut-de-mouton","INFRA_PORTEE":"LGV","INFRA_FRANCHIE":"VF Paris-Bdx 2V/2V","HAUTEUR_LIBRE":"6,938","LONGUEUR_BIAISE":"30,822"},"geometry":{"type":"Polygon","coordinates":[[[0.105423,45.845605],[0.10555,45.845364],[0.105225,45.84528],[0.105227,45.845277],[0.10535,45.845307],[0.105581,45.844867],[0.105589,45.844869],[0.105733,45.844594],[0.105738,45.844595],[0.105594,45.844871],[0.105911,45.844952],[0.105909,45.844956],[0.105793,45.844926],[0.105428,45.845606],[0.105423,45.845605]]]}},{"type":"Feature","properties":{"name":"PRA 1811 - PGF","LIBELLE":"PRA 1811 - PGF","LIBELLE_COURT":"PRA 1811","COMMUNE":"VILLOGNON","SITUATION":"LGV","PKEF":"181,103","TYPE":"PRA - Cadre/Dalot BA","INFRA_PORTEE":"LGV","INFRA_FRANCHIE":"PGF","HAUTEUR_LIBRE":"4","LONGUEUR_BIAISE":"12"},"geometry":{"type":"Polygon","coordinates":[[[0.106709,45.848784],[0.106704,45.848783],[0.106785,45.848634],[0.106747,45.848537],[0.106566,45.848436],[0.106569,45.848433],[0.106753,45.848535],[0.107043,45.848481],[0.10713,45.84832],[0.107135,45.848321],[0.10705,45.848478],[0.107088,45.848577],[0.107269,45.848678],[0.107265,45.848681],[0.107082,45.848578],[0.106791,45.848633],[0.106709,45.848784]]]}},{"type":"Feature","properties":{"name":"PRA 1806 - La Brangerie","LIBELLE":"PRA 1806 - La Brangerie","LIBELLE_COURT":"PRA 1806","COMMUNE":"VILLOGNON","SITUATION":"LGV","PKEF":"180,615","TYPE":"PRA - Voûte","INFRA_PORTEE":"LGV + RAC VN1","INFRA_FRANCHIE":"La Brangerie","HAUTEUR_LIBRE":"3","LONGUEUR_BIAISE":"-"},"geometry":{"type":"Polygon","coordinates":[[[0.108166,45.853084],[0.108161,45.853083],[0.108191,45.853022],[0.108154,45.852981],[0.108084,45.852963],[0.108085,45.85296],[0.108157,45.852978],[0.10931,45.852413],[0.109368,45.852299],[0.109372,45.8523],[0.109314,45.852413],[0.109358,45.852456],[0.109462,45.852481],[0.109461,45.852484],[0.109353,45.852457],[0.108196,45.853022],[0.108166,45.853084]]]}},{"type":"Feature","properties":{"name":"PRO HL 1803 - La Brangerie","LIBELLE":"PRO HL 1803 - La Brangerie","LIBELLE_COURT":"PRO HL 1803","COMMUNE":"VILLOGNON","SITUATION":"LGV V1","PKEF":"180,359","TYPE":"PRO - Cadre/Dalot BA","INFRA_PORTEE":"VC3","INFRA_FRANCHIE":"La Brangerie","HAUTEUR_LIBRE":"2,41","LONGUEUR_BIAISE":"5,748"},"geometry":{"type":"Polygon","coordinates":[[[0.108957,45.85516],[0.108925,45.855097],[0.108995,45.855094],[0.109026,45.855156],[0.108957,45.85516]]]}},{"type":"Feature","properties":{"name":"PRA 1803 - VC3","LIBELLE":"PRA 1803 - VC3","LIBELLE_COURT":"PRA 1803","COMMUNE":"VILLOGNON","SITUATION":"LGV","PKEF":"180,355","TYPE":"PRA - Voûte","INFRA_PORTEE":"LGV + RAC VN1","INFRA_FRANCHIE":"VC3","HAUTEUR_LIBRE":"4,68","LONGUEUR_BIAISE":"-"},"geometry":{"type":"Polygon","coordinates":[[[0.109189,45.855134],[0.109188,45.855131],[0.10924,45.855121],[0.109249,45.855119],[0.109258,45.855117],[0.109267,45.855114],[0.109275,45.855112],[0.109284,45.855108],[0.109292,45.855105],[0.109294,45.855104],[0.109296,45.855103],[0.109298,45.855102],[0.109299,45.8551],[0.109301,45.855099],[0.109302,45.855097],[0.109304,45.855096],[0.109305,45.855094],[0.109306,45.855092],[0.109307,45.85509],[0.109307,45.855088],[0.109308,45.855086],[0.109308,45.855084],[0.109308,45.855082],[0.109308,45.85508],[0.109308,45.855079],[0.109307,45.855078],[0.109307,45.855077],[0.109306,45.855076],[0.109306,45.855075],[0.109305,45.855075],[0.109305,45.855074],[0.109304,45.855074],[0.109303,45.855073],[0.109302,45.855073],[0.109302,45.855072],[0.109294,45.855069],[0.109286,45.855067],[0.109278,45.855065],[0.10927,45.855063],[0.109262,45.855063],[0.109253,45.855062],[0.109248,45.855063],[0.109244,45.855063],[0.109239,45.855063],[0.109235,45.855063],[0.10923,45.855063],[0.109226,45.855063],[0.109218,45.855063],[0.109211,45.855064],[0.109204,45.855065],[0.109197,45.855066],[0.109189,45.855067],[0.109182,45.855068],[0.109165,45.855072],[0.109164,45.855069],[0.110293,45.854853],[0.110295,45.854856],[0.110267,45.854861],[0.110246,45.854867],[0.110225,45.854875],[0.110208,45.854883],[0.110195,45.854891],[0.110193,45.854893],[0.110192,45.854894],[0.110191,45.854896],[0.11019,45.854897],[0.110189,45.854899],[0.110188,45.854901],[0.110188,45.854903],[0.110187,45.854904],[0.110187,45.854906],[0.110187,45.854908],[0.110187,45.85491],[0.110187,45.854912],[0.110188,45.854914],[0.110188,45.854916],[0.110189,45.854918],[0.11019,45.85492],[0.110191,45.854921],[0.110192,45.854923],[0.110193,45.854924],[0.110195,45.854926],[0.110197,45.854927],[0.110198,45.854928],[0.1102,45.854929],[0.110202,45.85493],[0.110204,45.85493],[0.110206,45.854931],[0.110208,45.854931],[0.11021,45.854931],[0.110212,45.854931],[0.110214,45.854931],[0.110216,45.85493],[0.110218,45.85493],[0.110251,45.85493],[0.110267,45.854929],[0.110293,45.854924],[0.110316,45.85492],[0.110317,45.854924],[0.109189,45.855134]]]}},{"type":"Feature","properties":{"name":"PRA 0188 - Rui. Montison axe Ouest","LIBELLE":"PRA 0188 - Rui. Montison axe Ouest","LIBELLE_COURT":"PRA 0188","COMMUNE":"VILLEPERDUE","SITUATION":"LGV","PKEF":"18,888","TYPE":"PRA - Cadre/Dalot BA","INFRA_PORTEE":"LGV","INFRA_FRANCHIE":"Rui. Montison axe Ouest","HAUTEUR_LIBRE":"2,1","LONGUEUR_BIAISE":"6,1"},"geometry":{"type":"Polygon","coordinates":[[[0.656507,47.188441],[0.656557,47.188422],[0.656566,47.188374],[0.656522,47.188344],[0.656525,47.188343],[0.656569,47.188373],[0.656823,47.188397],[0.656873,47.188377],[0.656875,47.188379],[0.656826,47.188398],[0.656816,47.188445],[0.656861,47.188475],[0.656859,47.188477],[0.656812,47.188445],[0.65656,47.188424],[0.656508,47.188443],[0.656507,47.188441]]]}},{"type":"Feature","properties":{"name":"PRO 0185 - CR39","LIBELLE":"PRO 0185 - CR39","LIBELLE_COURT":"PRO 0185","COMMUNE":"VILLEPERDUE","SITUATION":"LGV","PKEF":"18,536","TYPE":"PRO - PRAD","INFRA_PORTEE":"CR39","INFRA_FRANCHIE":"LGV","HAUTEUR_LIBRE":"6,02","LONGUEUR_BIAISE":"39,64"},"geometry":{"type":"Polygon","coordinates":[[[0.655854,47.191584],[0.655867,47.191504],[0.656488,47.191539],[0.656491,47.19162],[0.655854,47.191584]]]}},{"type":"Feature","properties":{"name":"PRO 1795 - RD 69","LIBELLE":"PRO 1795 - RD 69","LIBELLE_COURT":"PRO 1795","COMMUNE":"VILLOGNON","SITUATION":"LGV","PKEF":"179,514","TYPE":"PRO - PRAD","INFRA_PORTEE":"RD 69","INFRA_FRANCHIE":"LGV + RAC VN1 + BTVX","HAUTEUR_LIBRE":"6,63","LONGUEUR_BIAISE":"56,324"},"geometry":{"type":"Polygon","coordinates":[[[0.112908,45.862209],[0.112895,45.862131],[0.113634,45.862074],[0.113649,45.862154],[0.112908,45.862209]]]}},{"type":"Feature","properties":{"name":"PRA 1773 - RD 739","LIBELLE":"PRA 1773 - RD 739","LIBELLE_COURT":"PRA 1773","COMMUNE":"LUXE","SITUATION":"LGV","PKEF":"177,308","TYPE":"PRA - Cadre/Dalot BA","INFRA_PORTEE":"LGV","INFRA_FRANCHIE":"RD 739","HAUTEUR_LIBRE":"5,42","LONGUEUR_BIAISE":"11,6"},"geometry":{"type":"Polygon","coordinates":[[[0.122794,45.880949],[0.122792,45.880946],[0.122889,45.880897],[0.122838,45.88081],[0.122735,45.880815],[0.122735,45.880811],[0.122841,45.880806],[0.123006,45.880765],[0.123114,45.88071],[0.123117,45.880712],[0.123011,45.880767],[0.123055,45.880851],[0.123202,45.880852],[0.123202,45.880855],[0.123051,45.880854],[0.122894,45.880898],[0.122794,45.880949]]]}},{"type":"Feature","properties":{"name":"VIA 1768 - Viaduc Charente Nord","LIBELLE":"VIA 1768 - Viaduc Charente Nord","LIBELLE_COURT":"VIA 1768","COMMUNE":"LUXE","SITUATION":"LGV","PKEF":"176,848","TYPE":"Viaduc","INFRA_PORTEE":"LGV","INFRA_FRANCHIE":"Charente Nord + chemin de la Grave","HAUTEUR_LIBRE":"","LONGUEUR_BIAISE":"480,1"},"geometry":{"type":"Polygon","coordinates":[[[0.125586,45.886902],[0.125526,45.886742],[0.12541,45.886436],[0.125293,45.886132],[0.125217,45.885941],[0.125125,45.885711],[0.125024,45.885459],[0.124946,45.885271],[0.12486,45.885063],[0.124726,45.884746],[0.124624,45.884509],[0.124524,45.884281],[0.124435,45.884078],[0.124332,45.883848],[0.124241,45.883648],[0.124125,45.883396],[0.124028,45.883187],[0.123901,45.882917],[0.123785,45.882677],[0.123943,45.882639],[0.123968,45.882692],[0.124053,45.882869],[0.124164,45.883104],[0.124261,45.883311],[0.124346,45.883497],[0.124461,45.883748],[0.124573,45.883998],[0.124672,45.884221],[0.124759,45.88442],[0.124858,45.88465],[0.124927,45.88481],[0.125015,45.88502],[0.1251,45.885224],[0.125187,45.885437],[0.125285,45.885677],[0.125358,45.885861],[0.125438,45.88607],[0.125487,45.886194],[0.125526,45.886295],[0.125598,45.886478],[0.125653,45.886623],[0.125701,45.886749],[0.125747,45.886873],[0.125586,45.886902]]]}},{"type":"Feature","properties":{"name":"PRA 1763 - VC118 + RANDO","LIBELLE":"PRA 1763 - VC118 + RANDO","LIBELLE_COURT":"PRA 1763","COMMUNE":"LUXE","SITUATION":"LGV","PKEF":"176,266","TYPE":"PRA - Cadre/Dalot BA","INFRA_PORTEE":"LGV","INFRA_FRANCHIE":"VC118 + RANDO","HAUTEUR_LIBRE":"5,091","LONGUEUR_BIAISE":"7,7"},"geometry":{"type":"Polygon","coordinates":[[[0.126379,45.889961],[0.126377,45.889958],[0.126544,45.889891],[0.126524,45.889833],[0.126321,45.889815],[0.126322,45.889812],[0.126528,45.88983],[0.126772,45.889793],[0.126939,45.889724],[0.126942,45.889728],[0.126778,45.889795],[0.126795,45.889855],[0.126965,45.889866],[0.126965,45.889869],[0.126792,45.889858],[0.126547,45.889894],[0.126379,45.889961]]]}},{"type":"Feature","properties":{"name":"PRA 1759 - RD186 + RANDO","LIBELLE":"PRA 1759 - RD186 + RANDO","LIBELLE_COURT":"PRA 1759","COMMUNE":"LUXE","SITUATION":"LGV","PKEF":"175,89","TYPE":"PRA - Cadre/Dalot BA","INFRA_PORTEE":"LGV","INFRA_FRANCHIE":"RD186 + RANDO","HAUTEUR_LIBRE":"4,65","LONGUEUR_BIAISE":"8,35"},"geometry":{"type":"Polygon","coordinates":[[[0.127321,45.893268],[0.127318,45.893264],[0.127431,45.893223],[0.127416,45.893155],[0.127305,45.893143],[0.127306,45.893138],[0.127422,45.893152],[0.127583,45.893135],[0.12772,45.893087],[0.127723,45.893091],[0.12759,45.893138],[0.127606,45.893203],[0.127741,45.893218],[0.12774,45.893222],[0.1276,45.893207],[0.127438,45.893226],[0.127321,45.893268]]]}},{"type":"Feature","properties":{"name":"PRO 1743 - VC5","LIBELLE":"PRO 1743 - VC5","LIBELLE_COURT":"PRO 1743","COMMUNE":"LUXE","SITUATION":"LGV","PKEF":"174,261","TYPE":"PRO - PRAD","INFRA_PORTEE":"VC5","INFRA_FRANCHIE":"LGV","HAUTEUR_LIBRE":"6,04","LONGUEUR_BIAISE":"40,71"},"geometry":{"type":"Polygon","coordinates":[[[0.127928,45.907764],[0.127937,45.907689],[0.128457,45.907833],[0.128453,45.90791],[0.127928,45.907764]]]}},{"type":"Feature","properties":{"name":"PRA 1734 - CR Pont Double + RANDO + OH","LIBELLE":"PRA 1734 - CR Pont Double + RANDO + OH","LIBELLE_COURT":"PRA 1734","COMMUNE":"LUXE","SITUATION":"LGV","PKEF":"173,416","TYPE":"PRA - Voûte","INFRA_PORTEE":"LGV","INFRA_FRANCHIE":"CR Pont Double + RANDO + OH","HAUTEUR_LIBRE":"4,52","LONGUEUR_BIAISE":"-"},"geometry":{"type":"Polygon","coordinates":[[[0.127025,45.915524],[0.127022,45.915522],[0.127181,45.915426],[0.127189,45.915334],[0.127045,45.915221],[0.127048,45.915219],[0.127193,45.915333],[0.12772,45.91536],[0.127885,45.915259],[0.127887,45.915261],[0.127724,45.915361],[0.127716,45.91545],[0.127848,45.915558],[0.127845,45.91556],[0.127712,45.915451],[0.127184,45.915427],[0.127025,45.915524]]]}},{"type":"Feature","properties":{"name":"SDM 1731 - Saut de mouton de Juille","LIBELLE":"SDM 1731 - Saut de mouton de Juille","LIBELLE_COURT":"SDM 1731","COMMUNE":"JUILLE","SITUATION":"LGV","PKEF":"173,119","TYPE":"Saut-de-mouton","INFRA_PORTEE":"LGV","INFRA_FRANCHIE":"VF Paris Bordeaux","HAUTEUR_LIBRE":"6,458","LONGUEUR_BIAISE":"73,9628"},"geometry":{"type":"Polygon","coordinates":[[[0.127263,45.918563],[0.127087,45.918084],[0.127084,45.918084],[0.126912,45.917599],[0.127122,45.917563],[0.126972,45.917113],[0.126976,45.917113],[0.127126,45.917565],[0.12731,45.918064],[0.127314,45.918063],[0.127477,45.918528],[0.127267,45.918565],[0.127437,45.91906],[0.127433,45.91906],[0.127263,45.918563]]]}},{"type":"Feature","properties":{"name":"PRO HL 1725-1 - RD61 + RANDO","LIBELLE":"PRO HL 1725-1 - RD61 + RANDO","LIBELLE_COURT":"PRO HL 1725-1","COMMUNE":"JUILLE","SITUATION":"LGV V1","PKEF":"172,485","TYPE":"PRO - PRAD","INFRA_PORTEE":"RD61 + RANDO","INFRA_FRANCHIE":"LC","HAUTEUR_LIBRE":"6,908","LONGUEUR_BIAISE":"47,76"},"geometry":{"type":"Polygon","coordinates":[[[0.128921,45.923983],[0.128893,45.923896],[0.129519,45.92379],[0.129561,45.923874],[0.128921,45.923983]]]}},{"type":"Feature","properties":{"name":"PRA 1725 - RD61 + RANDO","LIBELLE":"PRA 1725 - RD61 + RANDO","LIBELLE_COURT":"PRA 1725","COMMUNE":"JUILLE","SITUATION":"LGV","PKEF":"172,454","TYPE":"PRA - Cadre/Dalot BA","INFRA_PORTEE":"LGV + RAC JU2","INFRA_FRANCHIE":"RD61 + RANDO","HAUTEUR_LIBRE":"5,269","LONGUEUR_BIAISE":"8,55"},"geometry":{"type":"Polygon","coordinates":[[[0.126304,45.9241],[0.126303,45.924097],[0.126464,45.924066],[0.126472,45.923997],[0.126317,45.923954],[0.126318,45.923951],[0.126476,45.923996],[0.126701,45.924007],[0.126839,45.923983],[0.12684,45.923986],[0.126705,45.924009],[0.126698,45.924076],[0.126826,45.924115],[0.126824,45.924117],[0.126695,45.924078],[0.126468,45.924069],[0.126304,45.9241]]]}},{"type":"Feature","properties":{"name":"PRA 1716 - VC7+ RANDO","LIBELLE":"PRA 1716 - VC7+ RANDO","LIBELLE_COURT":"PRA 1716","COMMUNE":"JUILLE","SITUATION":"LGV","PKEF":"171,618","TYPE":"PRA - Cadre/Dalot BA","INFRA_PORTEE":"LGV","INFRA_FRANCHIE":"VC7+ RANDO","HAUTEUR_LIBRE":"5,078","LONGUEUR_BIAISE":"8,265"},"geometry":{"type":"Polygon","coordinates":[[[0.125594,45.931644],[0.125593,45.931641],[0.125773,45.931604],[0.125779,45.931543],[0.1256,45.93153],[0.125601,45.931527],[0.125784,45.93154],[0.125991,45.931496],[0.126151,45.931466],[0.126152,45.931469],[0.125996,45.931499],[0.125988,45.931564],[0.12609,45.931573],[0.12609,45.931576],[0.125983,45.931567],[0.125778,45.931607],[0.125594,45.931644]]]}},{"type":"Feature","properties":{"name":"PRA 1709 - OH Le Bief","LIBELLE":"PRA 1709 - OH Le Bief","LIBELLE_COURT":"PRA 1709","COMMUNE":"CHARME","SITUATION":"LGV","PKEF":"170,898","TYPE":"PRA - Portique","INFRA_PORTEE":"LGV","INFRA_FRANCHIE":"OH Le Bief","HAUTEUR_LIBRE":"3,3","LONGUEUR_BIAISE":"16,5"},"geometry":{"type":"Polygon","coordinates":[[[0.125158,45.938098],[0.125179,45.937885],[0.125355,45.937915],[0.125334,45.938139],[0.125158,45.938098]]]}},{"type":"Feature","properties":{"name":"PRA 1703 - OH Le Puymarteau","LIBELLE":"PRA 1703 - OH Le Puymarteau","LIBELLE_COURT":"PRA 1703","COMMUNE":"CHARME","SITUATION":"LGV","PKEF":"170,262","TYPE":"PRA - Cadre/Dalot BA","INFRA_PORTEE":"LGV","INFRA_FRANCHIE":"OH Le Puymarteau","HAUTEUR_LIBRE":"2,37","LONGUEUR_BIAISE":"5,3"},"geometry":{"type":"Polygon","coordinates":[[[0.124517,45.943773],[0.124514,45.94377],[0.124569,45.943748],[0.124573,45.943709],[0.124527,45.943676],[0.12453,45.943673],[0.124578,45.943708],[0.124827,45.943714],[0.12488,45.943696],[0.124882,45.943699],[0.124831,45.943716],[0.124826,45.943759],[0.124869,45.943787],[0.124866,45.943789],[0.124821,45.94376],[0.124574,45.943749],[0.124517,45.943773]]]}},{"type":"Feature","properties":{"name":"PRO 0176 - RD 21","LIBELLE":"PRO 0176 - RD 21","LIBELLE_COURT":"PRO 0176","COMMUNE":"VILLEPERDUE","SITUATION":"LGV","PKEF":"17,62","TYPE":"PRO - PRAD","INFRA_PORTEE":"RD 21","INFRA_FRANCHIE":"LGV","HAUTEUR_LIBRE":"6,575","LONGUEUR_BIAISE":"39,651"},"geometry":{"type":"Polygon","coordinates":[[[0.655553,47.199812],[0.655551,47.19971],[0.656459,47.199778],[0.656455,47.199877],[0.655553,47.199812]]]}},{"type":"Feature","properties":{"name":"PRA 0170 - Rui.Le Montison","LIBELLE":"PRA 0170 - Rui.Le Montison","LIBELLE_COURT":"PRA 0170","COMMUNE":"VILLEPERDUE","SITUATION":"LGV","PKEF":"17,054","TYPE":"PRA - Cadre/Dalot BA","INFRA_PORTEE":"LGV + VLT 0173-1 + ADM","INFRA_FRANCHIE":"Rui.Le Montison","HAUTEUR_LIBRE":"2,1","LONGUEUR_BIAISE":"4,8369"},"geometry":{"type":"Polygon","coordinates":[[[0.65649,47.204986],[0.656521,47.204949],[0.6565,47.204918],[0.656439,47.204909],[0.65644,47.204907],[0.656503,47.204916],[0.657063,47.204734],[0.657098,47.204694],[0.657101,47.204696],[0.657067,47.204734],[0.657086,47.204766],[0.657152,47.204772],[0.657151,47.204774],[0.657084,47.204769],[0.656525,47.204949],[0.656494,47.204987],[0.65649,47.204986]]]}},{"type":"Feature","properties":{"name":"PRO 1695 - RD185 + RANDO","LIBELLE":"PRO 1695 - RD185 + RANDO","LIBELLE_COURT":"PRO 1695","COMMUNE":"CHARME","SITUATION":"LGV","PKEF":"169,542","TYPE":"PRO - PRAD","INFRA_PORTEE":"RD185 + RANDO","INFRA_FRANCHIE":"LGV","HAUTEUR_LIBRE":"6,05","LONGUEUR_BIAISE":"39,64"},"geometry":{"type":"Polygon","coordinates":[[[0.123811,45.950228],[0.123819,45.950145],[0.124326,45.950171],[0.124323,45.950252],[0.123811,45.950228]]]}},{"type":"Feature","properties":{"name":"PRO 1690 - RD31","LIBELLE":"PRO 1690 - RD31","LIBELLE_COURT":"PRO 1690","COMMUNE":"CHARME","SITUATION":"LGV","PKEF":"169,073","TYPE":"PRO - PRAD","INFRA_PORTEE":"RD31","INFRA_FRANCHIE":"LGV","HAUTEUR_LIBRE":"6,03","LONGUEUR_BIAISE":"39,607"},"geometry":{"type":"Polygon","coordinates":[[[0.123406,45.954421],[0.123415,45.954339],[0.123914,45.954419],[0.123906,45.954501],[0.123406,45.954421]]]}},{"type":"Feature","properties":{"name":"PRO 1684 - VC305 + RANIDO","LIBELLE":"PRO 1684 - VC305 + RANIDO","LIBELLE_COURT":"PRO 1684","COMMUNE":"CHARME","SITUATION":"LGV","PKEF":"168,429","TYPE":"PRO - PRAD","INFRA_PORTEE":"VC305 + RANDO","INFRA_FRANCHIE":"LGV","HAUTEUR_LIBRE":"6,24","LONGUEUR_BIAISE":"39,34"},"geometry":{"type":"Polygon","coordinates":[[[0.12284,45.960224],[0.122847,45.960147],[0.123354,45.960173],[0.123349,45.960247],[0.12284,45.960224]]]}},{"type":"Feature","properties":{"name":"PRO 1677 - RD 736 + RANDO","LIBELLE":"PRO 1677 - RD 736 + RANDO","LIBELLE_COURT":"PRO 1677","COMMUNE":"CHARME","SITUATION":"LGV","PKEF":"167,686","TYPE":"PRO - PRAD","INFRA_PORTEE":"RD 736 + RANDO","INFRA_FRANCHIE":"LGV","HAUTEUR_LIBRE":"6,216","LONGUEUR_BIAISE":"45,41"},"geometry":{"type":"Polygon","coordinates":[[[0.122237,45.966838],[0.122243,45.966726],[0.122752,45.966927],[0.122741,45.967037],[0.122237,45.966838]]]}},{"type":"Feature","properties":{"name":"PRO 1665 - RD335 + RANDO","LIBELLE":"PRO 1665 - RD335 + RANDO","LIBELLE_COURT":"PRO 1665","COMMUNE":"COURCOME","SITUATION":"LGV","PKEF":"166,473","TYPE":"PRO - PRAD","INFRA_PORTEE":"RD335 + RANDO","INFRA_FRANCHIE":"LGV","HAUTEUR_LIBRE":"6,93","LONGUEUR_BIAISE":"45,95"},"geometry":{"type":"Polygon","coordinates":[[[0.121937,45.977865],[0.121923,45.977797],[0.122594,45.977722],[0.122601,45.977796],[0.121937,45.977865]]]}},{"type":"Feature","properties":{"name":"PRA 1662 - OH e Fontiaud","LIBELLE":"PRA 1662 - OH e Fontiaud","LIBELLE_COURT":"PRA 1662","COMMUNE":"COURCOME","SITUATION":"LGV","PKEF":"166,19","TYPE":"PRA - Voûte","INFRA_PORTEE":"LGV","INFRA_FRANCHIE":"OH e Fontiaud","HAUTEUR_LIBRE":"4,93","LONGUEUR_BIAISE":"-"},"geometry":{"type":"Polygon","coordinates":[[[0.121946,45.980473],[0.121941,45.98047],[0.122048,45.980395],[0.12205,45.980214],[0.121927,45.980171],[0.12193,45.980167],[0.122067,45.980215],[0.122464,45.980218],[0.122602,45.980168],[0.122605,45.980172],[0.122482,45.980217],[0.122482,45.980396],[0.122576,45.980461],[0.122572,45.980465],[0.122471,45.980394],[0.122057,45.980395],[0.121946,45.980473]]]}},{"type":"Feature","properties":{"name":"PRO 1647 - RD27 + RANDO","LIBELLE":"PRO 1647 - RD27 + RANDO","LIBELLE_COURT":"PRO 1647","COMMUNE":"RAIX","SITUATION":"LGV","PKEF":"164,692","TYPE":"PRO - PRAD","INFRA_PORTEE":"RD27 + RANDO","INFRA_FRANCHIE":"LGV","HAUTEUR_LIBRE":"6,14","LONGUEUR_BIAISE":"43,47"},"geometry":{"type":"Polygon","coordinates":[[[0.122441,45.993978],[0.122438,45.993874],[0.122921,45.993678],[0.122927,45.993779],[0.122441,45.993978]]]}},{"type":"Feature","properties":{"name":"PRO 1630 - RD 182","LIBELLE":"PRO 1630 - RD 182","LIBELLE_COURT":"PRO 1630","COMMUNE":"RAIX","SITUATION":"LGV","PKEF":"162,957","TYPE":"PRO - PRAD","INFRA_PORTEE":"RD 182","INFRA_FRANCHIE":"LGV","HAUTEUR_LIBRE":"6,03","LONGUEUR_BIAISE":"39,34"},"geometry":{"type":"Polygon","coordinates":[[[0.123712,46.009471],[0.123708,46.0094],[0.124217,46.009381],[0.124222,46.009452],[0.123712,46.009471]]]}},{"type":"Feature","properties":{"name":"PRA 1621 - RD 740","LIBELLE":"PRA 1621 - RD 740","LIBELLE_COURT":"PRA 1621","COMMUNE":"RAIX","SITUATION":"LGV","PKEF":"162,134","TYPE":"PRA - Portique","INFRA_PORTEE":"LGV","INFRA_FRANCHIE":"RD 740","HAUTEUR_LIBRE":"5,441","LONGUEUR_BIAISE":"10,764"},"geometry":{"type":"Polygon","coordinates":[[[0.124376,46.016861],[0.124376,46.016856],[0.124486,46.016853],[0.124483,46.016765],[0.124339,46.016747],[0.12434,46.016743],[0.124489,46.016761],[0.124655,46.016782],[0.124798,46.016784],[0.124798,46.016788],[0.124662,46.016787],[0.124668,46.016881],[0.124834,46.016899],[0.124833,46.016904],[0.124662,46.016885],[0.124492,46.016858],[0.124376,46.016861]]]}},{"type":"Feature","properties":{"name":"PRO 1612 - VC3","LIBELLE":"PRO 1612 - VC3","LIBELLE_COURT":"PRO 1612","COMMUNE":"VILLEFAGNAN","SITUATION":"LGV","PKEF":"161,244","TYPE":"PRO - PRAD","INFRA_PORTEE":"VC3","INFRA_FRANCHIE":"LGV","HAUTEUR_LIBRE":"6,04","LONGUEUR_BIAISE":"39,34"},"geometry":{"type":"Polygon","coordinates":[[[0.124965,46.024865],[0.124961,46.024797],[0.125506,46.024776],[0.125512,46.024847],[0.124965,46.024865]]]}},{"type":"Feature","properties":{"name":"PRO 0163 - PGF du Bas Bry","LIBELLE":"PRO 0163 - PGF du Bas Bry","LIBELLE_COURT":"PRO 0163","COMMUNE":"SORIGNY","SITUATION":"LGV","PKEF":"16,304","TYPE":"PRO - Portique PGF","INFRA_PORTEE":"PGF du Bas Bry","INFRA_FRANCHIE":"LGV + RAC MS1","HAUTEUR_LIBRE":"6,296","LONGUEUR_BIAISE":"56,55"},"geometry":{"type":"Polygon","coordinates":[[[0.657643,47.211649],[0.657622,47.211536],[0.658401,47.211467],[0.658421,47.21158],[0.657643,47.211649]]]}},{"type":"Feature","properties":{"name":"PRO 0162 - VC 3","LIBELLE":"PRO 0162 - VC 3","LIBELLE_COURT":"PRO 0162","COMMUNE":"SORIGNY","SITUATION":"LGV","PKEF":"16,294","TYPE":"PRO - PRAD","INFRA_PORTEE":"VC 3","INFRA_FRANCHIE":"LGV + RAC MS1","HAUTEUR_LIBRE":"6,283","LONGUEUR_BIAISE":"56,55"},"geometry":{"type":"Polygon","coordinates":[[[0.65765,47.211733],[0.657633,47.21165],[0.658421,47.21158],[0.658434,47.211664],[0.65765,47.211733]]]}},{"type":"Feature","properties":{"name":"PRO 1594 - RD179 + RANDO","LIBELLE":"PRO 1594 - RD179 + RANDO","LIBELLE_COURT":"PRO 1594","COMMUNE":"LA CHEVRERIE","SITUATION":"LGV","PKEF":"159,42","TYPE":"PRO - PRAD","INFRA_PORTEE":"RD179 + RANDO","INFRA_FRANCHIE":"LGV","HAUTEUR_LIBRE":"6,055","LONGUEUR_BIAISE":"39,34"},"geometry":{"type":"Polygon","coordinates":[[[0.126305,46.041281],[0.126298,46.041196],[0.12684,46.041174],[0.126845,46.041259],[0.126305,46.041281]]]}},{"type":"Feature","properties":{"name":"PRO 1575 - VC303 + RANDO","LIBELLE":"PRO 1575 - VC303 + RANDO","LIBELLE_COURT":"PRO 1575","COMMUNE":"SAINT-MARTIN-DU-CLOCHER","SITUATION":"LGV","PKEF":"157,506","TYPE":"PRO - PRAD","INFRA_PORTEE":"VC303 + RANDO","INFRA_FRANCHIE":"LGV","HAUTEUR_LIBRE":"6,54","LONGUEUR_BIAISE":"39,34"},"geometry":{"type":"Polygon","coordinates":[[[0.127446,46.058481],[0.127447,46.05841],[0.128006,46.058409],[0.128003,46.058479],[0.127446,46.058481]]]}},{"type":"Feature","properties":{"name":"PRO 1555 - RD26","LIBELLE":"PRO 1555 - RD26","LIBELLE_COURT":"PRO 1555","COMMUNE":"LONDIGNY","SITUATION":"LGV","PKEF":"155,504","TYPE":"PRO - PRAD","INFRA_PORTEE":"RD26","INFRA_FRANCHIE":"LGV","HAUTEUR_LIBRE":"6,253","LONGUEUR_BIAISE":"56,53"},"geometry":{"type":"Polygon","coordinates":[[[0.125827,46.076535],[0.125803,46.076443],[0.126604,46.076318],[0.12663,46.076408],[0.125827,46.076535]]]}},{"type":"Feature","properties":{"name":"PRO 1544 - VC1 + RANDO","LIBELLE":"PRO 1544 - VC1 + RANDO","LIBELLE_COURT":"PRO 1544","COMMUNE":"LONDIGNY","SITUATION":"LGV","PKEF":"154,38","TYPE":"PRO - PRAD","INFRA_PORTEE":"VC1 + RANDO","INFRA_FRANCHIE":"LGV","HAUTEUR_LIBRE":"6,856","LONGUEUR_BIAISE":"47,4"},"geometry":{"type":"Polygon","coordinates":[[[0.124677,46.086543],[0.124678,46.086471],[0.125339,46.08649],[0.125333,46.086562],[0.124677,46.086543]]]}},{"type":"Feature","properties":{"name":"PRA 1537 - OH La Péruse","LIBELLE":"PRA 1537 - OH La Péruse","LIBELLE_COURT":"PRA 1537","COMMUNE":"LONDIGNY","SITUATION":"LGV","PKEF":"153,701","TYPE":"PRA - Cadre/Dalot BA","INFRA_PORTEE":"LGV","INFRA_FRANCHIE":"OH La Péruse","HAUTEUR_LIBRE":"6,646","LONGUEUR_BIAISE":""},"geometry":{"type":"Polygon","coordinates":[[[0.124844,46.092803],[0.12484,46.092799],[0.124995,46.09271],[0.124984,46.092577],[0.124827,46.092502],[0.124831,46.092498],[0.12499,46.092574],[0.12516,46.092534],[0.125302,46.092453],[0.125306,46.092456],[0.125167,46.092536],[0.125173,46.092674],[0.125351,46.092754],[0.125347,46.092757],[0.125166,46.092677],[0.125002,46.092712],[0.124844,46.092803]]]}},{"type":"Feature","properties":{"name":"PRA 1536 - VC3 + OH Bras de la Péruse","LIBELLE":"PRA 1536 - VC3 + OH Bras de la Péruse","LIBELLE_COURT":"PRA 1536","COMMUNE":"LONDIGNY","SITUATION":"LGV","PKEF":"153,551","TYPE":"PRA - Cadre/Dalot BA","INFRA_PORTEE":"LGV","INFRA_FRANCHIE":"VC3 + OH Bras de la Péruse","HAUTEUR_LIBRE":"6,878","LONGUEUR_BIAISE":"14,335"},"geometry":{"type":"Polygon","coordinates":[[[0.124858,46.094023],[0.124857,46.094018],[0.125082,46.093989],[0.125073,46.093874],[0.124893,46.0938],[0.124883,46.093688],[0.124889,46.093688],[0.1249,46.093797],[0.125079,46.093871],[0.125298,46.093897],[0.125558,46.093742],[0.125562,46.093745],[0.125305,46.093899],[0.12532,46.094012],[0.125576,46.094066],[0.125574,46.094071],[0.125316,46.094015],[0.125089,46.093993],[0.124858,46.094023]]]}},{"type":"Feature","properties":{"name":"PRO 1530 - CR Le Massonnet + RANDO","LIBELLE":"PRO 1530 - CR Le Massonnet + RANDO","LIBELLE_COURT":"PRO 1530","COMMUNE":"LONDIGNY","SITUATION":"LGV","PKEF":"152,995","TYPE":"PRO - PRAD","INFRA_PORTEE":"CR Le Massonnet + RANDO","INFRA_FRANCHIE":"LGV","HAUTEUR_LIBRE":"6,42","LONGUEUR_BIAISE":"47,4"},"geometry":{"type":"Polygon","coordinates":[[[0.125678,46.099015],[0.125665,46.098938],[0.126277,46.098889],[0.126288,46.098964],[0.125678,46.099015]]]}},{"type":"Feature","properties":{"name":"PRO 1521 - CR Bois de Bareau + RANDO +PGF + AGR","LIBELLE":"PRO 1521 - CR Bois de Bareau + RANDO +PGF + AGR","LIBELLE_COURT":"PRO 1521","COMMUNE":"SAUZE-VAUSSAIS","SITUATION":"LGV","PKEF":"152,146","TYPE":"PRO - Cadre/Dalot BA","INFRA_PORTEE":"CR Bois de Bareau + RANDO +PGF + AGR","INFRA_FRANCHIE":"LGV","HAUTEUR_LIBRE":"6,135","LONGUEUR_BIAISE":"15,8"},"geometry":{"type":"Polygon","coordinates":[[[0.126997,46.106668],[0.126985,46.106528],[0.127174,46.106521],[0.127187,46.106659],[0.126997,46.106668]]]}},{"type":"Feature","properties":{"name":"PRO 1516 - CR Bois du Bail","LIBELLE":"PRO 1516 - CR Bois du Bail","LIBELLE_COURT":"PRO 1516","COMMUNE":"SAUZE-VAUSSAIS","SITUATION":"LGV","PKEF":"151,6","TYPE":"PRO - PRAD","INFRA_PORTEE":"CR Bois du Bail","INFRA_FRANCHIE":"LGV","HAUTEUR_LIBRE":"6,578","LONGUEUR_BIAISE":"44,28"},"geometry":{"type":"Polygon","coordinates":[[[0.127145,46.111508],[0.12714,46.111442],[0.127716,46.111423],[0.12772,46.111489],[0.127145,46.111508]]]}},{"type":"Feature","properties":{"name":"PRO 1505 - VC14 + RANDO","LIBELLE":"PRO 1505 - VC14 + RANDO","LIBELLE_COURT":"PRO 1505","COMMUNE":"SAUZE-VAUSSAIS","SITUATION":"LGV","PKEF":"150,498","TYPE":"PRO - PRAD","INFRA_PORTEE":"VC14 + RANDO","INFRA_FRANCHIE":"LGV","HAUTEUR_LIBRE":"6,077","LONGUEUR_BIAISE":"42,62"},"geometry":{"type":"Polygon","coordinates":[[[0.128381,46.121468],[0.128371,46.121389],[0.128875,46.121236],[0.128894,46.121314],[0.128381,46.121468]]]}},{"type":"Feature","properties":{"name":"SDM 0152 - Saut de mouton 1 de Sorigny","LIBELLE":"SDM 0152 - Saut de mouton 1 de Sorigny","LIBELLE_COURT":"SDM 0152","COMMUNE":"SORIGNY","SITUATION":"LGV","PKEF":"15,158","TYPE":"Saut-de-mouton - Murs terre armée","INFRA_PORTEE":"RAC MS1","INFRA_FRANCHIE":"LGV","HAUTEUR_LIBRE":"6,665","LONGUEUR_BIAISE":"-"},"geometry":{"type":"Polygon","coordinates":[[[0.659795,47.223112],[0.65973,47.222379],[0.65976,47.222378],[0.659752,47.222304],[0.659714,47.222053],[0.659639,47.221369],[0.659835,47.221289],[0.659828,47.221229],[0.659853,47.221228],[0.659752,47.220414],[0.659747,47.220355],[0.659751,47.220355],[0.659856,47.22123],[0.65988,47.22158],[0.659951,47.222226],[0.659755,47.222305],[0.659763,47.22238],[0.659733,47.222381],[0.659799,47.223112],[0.659795,47.223112]]]}},{"type":"Feature","properties":{"name":"PRA 1497 - RD113 + RANDO","LIBELLE":"PRA 1497 - RD113 + RANDO","LIBELLE_COURT":"PRA 1497","COMMUNE":"SAUZE-VAUSSAIS","SITUATION":"LGV","PKEF":"149,715","TYPE":"PRA - Cadre/Dalot BA","INFRA_PORTEE":"LGV","INFRA_FRANCHIE":"RD113 + RANDO","HAUTEUR_LIBRE":"5,05","LONGUEUR_BIAISE":"9,15"},"geometry":{"type":"Polygon","coordinates":[[[0.129356,46.128475],[0.129353,46.128472],[0.129472,46.128421],[0.129468,46.128338],[0.129341,46.128306],[0.129343,46.128303],[0.129473,46.128336],[0.129779,46.128313],[0.12988,46.12827],[0.129882,46.128273],[0.129785,46.128315],[0.129795,46.1284],[0.129902,46.128427],[0.1299,46.128431],[0.12979,46.128403],[0.129478,46.128423],[0.129356,46.128475]]]}},{"type":"Feature","properties":{"name":"PRA 1492 - Passage piéton","LIBELLE":"PRA 1492 - Passage piéton","LIBELLE_COURT":"PRA 1492","COMMUNE":"SAUZE-VAUSSAIS","SITUATION":"LGV","PKEF":"149,265","TYPE":"PRA - Cadre/Dalot BA","INFRA_PORTEE":"LGV","INFRA_FRANCHIE":"Passage piéton","HAUTEUR_LIBRE":"2,5","LONGUEUR_BIAISE":"3,1"},"geometry":{"type":"Polygon","coordinates":[[[0.129951,46.132449],[0.12995,46.132448],[0.130013,46.132423],[0.130004,46.132394],[0.129948,46.132384],[0.129949,46.132383],[0.130007,46.132392],[0.130398,46.132368],[0.13046,46.132344],[0.130461,46.132346],[0.130401,46.132369],[0.130404,46.132397],[0.13047,46.132412],[0.130469,46.132414],[0.130402,46.132398],[0.130016,46.132424],[0.129951,46.132449]]]}},{"type":"Feature","properties":{"name":"PRA 1490 - RD948","LIBELLE":"PRA 1490 - RD948","LIBELLE_COURT":"PRA 1490","COMMUNE":"SAUZE-VAUSSAIS","SITUATION":"LGV","PKEF":"148,994","TYPE":"PRA - Dalle BA","INFRA_PORTEE":"LGV","INFRA_FRANCHIE":"RD948","HAUTEUR_LIBRE":"5,53","LONGUEUR_BIAISE":"36,616"},"geometry":{"type":"Polygon","coordinates":[[[0.130314,46.134963],[0.130315,46.134958],[0.130484,46.134967],[0.130443,46.134685],[0.130254,46.134672],[0.130254,46.134668],[0.130442,46.13468],[0.130622,46.13469],[0.130825,46.134702],[0.130825,46.134707],[0.130623,46.134695],[0.130665,46.134977],[0.130844,46.134988],[0.130843,46.134993],[0.130665,46.134982],[0.130485,46.134971],[0.130314,46.134963]]]}},{"type":"Feature","properties":{"name":"PRO 1474 - VC4 + RANDO","LIBELLE":"PRO 1474 - VC4 + RANDO","LIBELLE_COURT":"PRO 1474","COMMUNE":"PLIBOU","SITUATION":"LGV","PKEF":"147,427","TYPE":"PRO - PRAD","INFRA_PORTEE":"VC4 + RANDO","INFRA_FRANCHIE":"LGV + PCVE","HAUTEUR_LIBRE":"7,037","LONGUEUR_BIAISE":"56,5"},"geometry":{"type":"Polygon","coordinates":[[[0.132213,46.148928],[0.1322,46.14885],[0.13298,46.148797],[0.13299,46.148874],[0.132213,46.148928]]]}},{"type":"Feature","properties":{"name":"PRO 1466 - VC2","LIBELLE":"PRO 1466 - VC2","LIBELLE_COURT":"PRO 1466","COMMUNE":"PLIBOU","SITUATION":"LGV","PKEF":"146,593","TYPE":"PRO - PRAD","INFRA_PORTEE":"VC2","INFRA_FRANCHIE":"LGV + PCVE","HAUTEUR_LIBRE":"6,995","LONGUEUR_BIAISE":"56,5"},"geometry":{"type":"Polygon","coordinates":[[[0.132878,46.156401],[0.132874,46.156332],[0.133611,46.156325],[0.133607,46.156391],[0.132878,46.156401]]]}},{"type":"Feature","properties":{"name":"PRO 1456 - VC1","LIBELLE":"PRO 1456 - VC1","LIBELLE_COURT":"PRO 1456","COMMUNE":"PLIBOU","SITUATION":"LGV","PKEF":"145,621","TYPE":"PRO - PRAD","INFRA_PORTEE":"VC1","INFRA_FRANCHIE":"LGV","HAUTEUR_LIBRE":"6,757","LONGUEUR_BIAISE":"39,34"},"geometry":{"type":"Polygon","coordinates":[[[0.133078,46.165158],[0.133077,46.165086],[0.133634,46.165082],[0.133627,46.165153],[0.133078,46.165158]]]}},{"type":"Feature","properties":{"name":"PRO 1446 - RD112 + RANDO","LIBELLE":"PRO 1446 - RD112 + RANDO","LIBELLE_COURT":"PRO 1446","COMMUNE":"PLIBOU","SITUATION":"LGV","PKEF":"144,63","TYPE":"PRO - PRAD","INFRA_PORTEE":"RD112 + RANDO","INFRA_FRANCHIE":"LGV","HAUTEUR_LIBRE":"6,036","LONGUEUR_BIAISE":"39,34"},"geometry":{"type":"Polygon","coordinates":[[[0.133041,46.174074],[0.133044,46.173994],[0.133555,46.174002],[0.133552,46.174085],[0.133041,46.174074]]]}},{"type":"Feature","properties":{"name":"PRA 1435 - OH Le Chavenon","LIBELLE":"PRA 1435 - OH Le Chavenon","LIBELLE_COURT":"PRA 1435","COMMUNE":"CHAUNAY","SITUATION":"LGV","PKEF":"143,462","TYPE":"PRA - Cadre/Dalot BA","INFRA_PORTEE":"LGV","INFRA_FRANCHIE":"OH Le Chavenon","HAUTEUR_LIBRE":"1,15","LONGUEUR_BIAISE":"3,5178"},"geometry":{"type":"Polygon","coordinates":[[[0.132666,46.184635],[0.132663,46.184633],[0.132687,46.184612],[0.132676,46.184587],[0.132634,46.184579],[0.132635,46.184577],[0.132679,46.184585],[0.13308,46.184492],[0.133103,46.184467],[0.133106,46.184468],[0.133084,46.184493],[0.133094,46.184515],[0.133132,46.184523],[0.133131,46.184526],[0.133091,46.184517],[0.132691,46.184612],[0.132666,46.184635]]]}},{"type":"Feature","properties":{"name":"PRO 1433 - VC202","LIBELLE":"PRO 1433 - VC202","LIBELLE_COURT":"PRO 1433","COMMUNE":"CHAUNAY","SITUATION":"LGV","PKEF":"143,333","TYPE":"PRO - PRAD","INFRA_PORTEE":"VC202","INFRA_FRANCHIE":"LGV","HAUTEUR_LIBRE":"6,194","LONGUEUR_BIAISE":"39,34"},"geometry":{"type":"Polygon","coordinates":[[[0.132588,46.185751],[0.13259,46.18568],[0.133101,46.18569],[0.133098,46.185759],[0.132588,46.185751]]]}},{"type":"Feature","properties":{"name":"PRO 1419 - CR Les Versannes","LIBELLE":"PRO 1419 - CR Les Versannes","LIBELLE_COURT":"PRO 1419","COMMUNE":"CHAUNAY","SITUATION":"LGV","PKEF":"141,86","TYPE":"PRO - PRAD","INFRA_PORTEE":"CR Les Versannes","INFRA_FRANCHIE":"LGV","HAUTEUR_LIBRE":"6,05","LONGUEUR_BIAISE":"39,34"},"geometry":{"type":"Polygon","coordinates":[[[0.133922,46.198997],[0.133904,46.198924],[0.134508,46.198851],[0.134525,46.19892],[0.133922,46.198997]]]}},{"type":"Feature","properties":{"name":"PRA 1414 - OH la bouleure","LIBELLE":"PRA 1414 - OH la bouleure","LIBELLE_COURT":"PRA 1414","COMMUNE":"CHAUNAY","SITUATION":"LGV","PKEF":"141,448","TYPE":"PRA - Portique","INFRA_PORTEE":"LGV","INFRA_FRANCHIE":"OH la bouleure","HAUTEUR_LIBRE":"3,5","LONGUEUR_BIAISE":"16"},"geometry":{"type":"Polygon","coordinates":[[[0.135155,46.20271],[0.135153,46.202707],[0.135247,46.202634],[0.135201,46.202505],[0.135087,46.202472],[0.135088,46.20247],[0.135203,46.202504],[0.135373,46.202474],[0.135463,46.202404],[0.135465,46.202405],[0.135377,46.202475],[0.13542,46.202606],[0.135528,46.202639],[0.135527,46.202641],[0.135417,46.202608],[0.135251,46.202634],[0.135155,46.20271]]]}},{"type":"Feature","properties":{"name":"PRO 1409 - CR Le Four Chaud + RANDO","LIBELLE":"PRO 1409 - CR Le Four Chaud + RANDO","LIBELLE_COURT":"PRO 1409","COMMUNE":"CHAUNAY","SITUATION":"LGV","PKEF":"140,858","TYPE":"PRO - PRAD","INFRA_PORTEE":"CR Le Four Chaud + RANDO","INFRA_FRANCHIE":"LGV","HAUTEUR_LIBRE":"6,035","LONGUEUR_BIAISE":"39,34"},"geometry":{"type":"Polygon","coordinates":[[[0.136774,46.207819],[0.136745,46.207741],[0.137294,46.207655],[0.13732,46.20773],[0.136774,46.207819]]]}},{"type":"Feature","properties":{"name":"PRO 0141 - VC 2 + RANDO","LIBELLE":"PRO 0141 - VC 2 + RANDO","LIBELLE_COURT":"PRO 0141","COMMUNE":"SORIGNY","SITUATION":"LGV","PKEF":"14,177","TYPE":"PRO - PRAD","INFRA_PORTEE":"VC 2 + RANDO","INFRA_FRANCHIE":"LGV","HAUTEUR_LIBRE":"6,13","LONGUEUR_BIAISE":"39,64"},"geometry":{"type":"Polygon","coordinates":[[[0.660208,47.230686],[0.660201,47.230594],[0.660725,47.230576],[0.660732,47.230664],[0.660208,47.230686]]]}},{"type":"Feature","properties":{"name":"PRO 1398 - RD 35","LIBELLE":"PRO 1398 - RD 35","LIBELLE_COURT":"PRO 1398","COMMUNE":"CHAUNAY","SITUATION":"LGV","PKEF":"139,8","TYPE":"PRO - PRAD","INFRA_PORTEE":"RD 35","INFRA_FRANCHIE":"LGV","HAUTEUR_LIBRE":"6,02","LONGUEUR_BIAISE":"43,47"},"geometry":{"type":"Polygon","coordinates":[[[0.139405,46.217244],[0.139385,46.217151],[0.139846,46.216918],[0.139865,46.217009],[0.139405,46.217244]]]}},{"type":"Feature","properties":{"name":"PRO 1390 - CR Les Brousses","LIBELLE":"PRO 1390 - CR Les Brousses","LIBELLE_COURT":"PRO 1390","COMMUNE":"CHAUNAY","SITUATION":"LGV","PKEF":"138,97","TYPE":"PRO - PRAD","INFRA_PORTEE":"CR Les Brousses","INFRA_FRANCHIE":"LGV","HAUTEUR_LIBRE":"6,03","LONGUEUR_BIAISE":"39,64"},"geometry":{"type":"Polygon","coordinates":[[[0.140711,46.224554],[0.140703,46.224484],[0.141257,46.224445],[0.141264,46.224515],[0.140711,46.224554]]]}},{"type":"Feature","properties":{"name":"PRO 1381 - VC 3 + rando","LIBELLE":"PRO 1381 - VC 3 + rando","LIBELLE_COURT":"PRO 1381","COMMUNE":"VANZAY","SITUATION":"LGV","PKEF":"138,133","TYPE":"PRO - PRAD","INFRA_PORTEE":"VC 3 + rando","INFRA_FRANCHIE":"LGV","HAUTEUR_LIBRE":"6,1","LONGUEUR_BIAISE":"39,64"},"geometry":{"type":"Polygon","coordinates":[[[0.141498,46.232063],[0.141493,46.231988],[0.142019,46.231976],[0.142021,46.232048],[0.141498,46.232063]]]}},{"type":"Feature","properties":{"name":"PRO 1372 - VC 303","LIBELLE":"PRO 1372 - VC 303","LIBELLE_COURT":"PRO 1372","COMMUNE":"CHAUNAY","SITUATION":"LGV","PKEF":"137,172","TYPE":"PRO - PRAD","INFRA_PORTEE":"VC 303","INFRA_FRANCHIE":"LGV","HAUTEUR_LIBRE":"6,02","LONGUEUR_BIAISE":"39,64"},"geometry":{"type":"Polygon","coordinates":[[[0.141638,46.240696],[0.141641,46.240627],[0.142156,46.240635],[0.142153,46.240704],[0.141638,46.240696]]]}},{"type":"Feature","properties":{"name":"PRA 1367 -  Bonvent","LIBELLE":"PRA 1367 -  Bonvent","LIBELLE_COURT":"PRA 1367","COMMUNE":"BRUX","SITUATION":"LGV","PKEF":"136,668","TYPE":"PRA - Cadre/Dalot BA","INFRA_PORTEE":"LGV","INFRA_FRANCHIE":"Bonvent","HAUTEUR_LIBRE":"1,84","LONGUEUR_BIAISE":"10,4"},"geometry":{"type":"Polygon","coordinates":[[[0.141484,46.245257],[0.141483,46.245254],[0.141562,46.245238],[0.141567,46.245157],[0.141492,46.245136],[0.141493,46.245132],[0.141573,46.245154],[0.141738,46.245163],[0.14182,46.245146],[0.141821,46.24515],[0.141743,46.245166],[0.141736,46.245243],[0.141815,46.245265],[0.141813,46.245269],[0.141731,46.245246],[0.141567,46.245241],[0.141484,46.245257]]]}},{"type":"Feature","properties":{"name":"PRO 1362 - CR Le Chemerault","LIBELLE":"PRO 1362 - CR Le Chemerault","LIBELLE_COURT":"PRO 1362","COMMUNE":"BRUX","SITUATION":"LGV","PKEF":"136,159","TYPE":"PRO - PRAD","INFRA_PORTEE":"CR Le Chemerault","INFRA_FRANCHIE":"LGV","HAUTEUR_LIBRE":"6,02","LONGUEUR_BIAISE":"39,34"},"geometry":{"type":"Polygon","coordinates":[[[0.140875,46.249784],[0.140884,46.249715],[0.141466,46.249752],[0.141457,46.249821],[0.140875,46.249784]]]}},{"type":"Feature","properties":{"name":"PRO 1355 - RD 99","LIBELLE":"PRO 1355 - RD 99","LIBELLE_COURT":"PRO 1355","COMMUNE":"BRUX","SITUATION":"LGV","PKEF":"135,53","TYPE":"PRO - PRAD","INFRA_PORTEE":"RD 99","INFRA_FRANCHIE":"LGV","HAUTEUR_LIBRE":"6,02","LONGUEUR_BIAISE":"43,47"},"geometry":{"type":"Polygon","coordinates":[[[0.14005,46.255336],[0.140065,46.255248],[0.14053,46.255468],[0.140515,46.255556],[0.14005,46.255336]]]}},{"type":"Feature","properties":{"name":"PRO 1344 - VC Grand Bois","LIBELLE":"PRO 1344 - VC Grand Bois","LIBELLE_COURT":"PRO 1344","COMMUNE":"BRUX","SITUATION":"LGV","PKEF":"134,353","TYPE":"PRO - PRAD","INFRA_PORTEE":"VC Grand Bois","INFRA_FRANCHIE":"LGV","HAUTEUR_LIBRE":"6,02","LONGUEUR_BIAISE":"39,34"},"geometry":{"type":"Polygon","coordinates":[[[0.137628,46.265876],[0.137644,46.265809],[0.138148,46.265865],[0.138133,46.265932],[0.137628,46.265876]]]}},{"type":"Feature","properties":{"name":"PRO 1330 - VC 2 + rando","LIBELLE":"PRO 1330 - VC 2 + rando","LIBELLE_COURT":"PRO 1330","COMMUNE":"ROM","SITUATION":"LGV","PKEF":"132,965","TYPE":"PRO - PRAD","INFRA_PORTEE":"VC 2 + rando","INFRA_FRANCHIE":"LGV","HAUTEUR_LIBRE":"6,02","LONGUEUR_BIAISE":"39,34"},"geometry":{"type":"Polygon","coordinates":[[[0.134831,46.278237],[0.13484,46.278161],[0.135403,46.278204],[0.135387,46.278279],[0.134831,46.278237]]]}},{"type":"Feature","properties":{"name":"PRO 1317 - RD 14 + rando","LIBELLE":"PRO 1317 - RD 14 + rando","LIBELLE_COURT":"PRO 1317","COMMUNE":"ROM","SITUATION":"LGV","PKEF":"131,72","TYPE":"PRO - PRAD","INFRA_PORTEE":"RD 14 + rando","INFRA_FRANCHIE":"LGV","HAUTEUR_LIBRE":"6,045","LONGUEUR_BIAISE":"43,81"},"geometry":{"type":"Polygon","coordinates":[[[0.134022,46.289351],[0.134082,46.289273],[0.134668,46.289473],[0.134612,46.289552],[0.134022,46.289351]]]}},{"type":"Feature","properties":{"name":"PRA 1309 - La Dive","LIBELLE":"PRA 1309 - La Dive","LIBELLE_COURT":"PRA 1309","COMMUNE":"ROM","SITUATION":"LGV","PKEF":"130,902","TYPE":"PRA - Portique","INFRA_PORTEE":"LGV","INFRA_FRANCHIE":"La Dive","HAUTEUR_LIBRE":"1,04","LONGUEUR_BIAISE":"12,85"},"geometry":{"type":"Polygon","coordinates":[[[0.134758,46.29686],[0.134756,46.296857],[0.134856,46.296826],[0.134838,46.296701],[0.134736,46.296686],[0.134737,46.296683],[0.134842,46.296698],[0.135015,46.296684],[0.135086,46.296665],[0.135087,46.296668],[0.13502,46.296686],[0.135036,46.296812],[0.135121,46.296829],[0.135119,46.296832],[0.135032,46.296814],[0.134861,46.296828],[0.134758,46.29686]]]}},{"type":"Feature","properties":{"name":"PRO 1305 - VC 40 + rando","LIBELLE":"PRO 1305 - VC 40 + rando","LIBELLE_COURT":"PRO 1305","COMMUNE":"ROM","SITUATION":"LGV","PKEF":"130,468","TYPE":"PRO - PRAD","INFRA_PORTEE":"VC 40 + rando","INFRA_FRANCHIE":"LGV","HAUTEUR_LIBRE":"6,02","LONGUEUR_BIAISE":"39,34"},"geometry":{"type":"Polygon","coordinates":[[[0.135309,46.300711],[0.135294,46.300636],[0.135877,46.300579],[0.135892,46.300654],[0.135309,46.300711]]]}},{"type":"Feature","properties":{"name":"PRA 0133 - Rui. La Gerandiere 1","LIBELLE":"PRA 0133 - Rui. La Gerandiere 1","LIBELLE_COURT":"PRA 0133","COMMUNE":"SORIGNY","SITUATION":"LGV","PKEF":"13,317","TYPE":"PRA - Cadre/Dalot BA","INFRA_PORTEE":"LGV + VLT 0137-2","INFRA_FRANCHIE":"Rui. La Gerandiere 1","HAUTEUR_LIBRE":"2,6","LONGUEUR_BIAISE":"6,939"},"geometry":{"type":"Polygon","coordinates":[[[0.661824,47.238237],[0.661861,47.238186],[0.661864,47.238187],[0.661829,47.238236],[0.661864,47.238282],[0.661945,47.238291],[0.661944,47.238293],[0.661862,47.238285],[0.66143,47.238436],[0.661402,47.238486],[0.661398,47.238485],[0.661426,47.238437],[0.661392,47.238393],[0.661326,47.238385],[0.661327,47.238382],[0.661394,47.238391],[0.661824,47.238237]]]}},{"type":"Feature","properties":{"name":"PRA 1300 - VC 17","LIBELLE":"PRA 1300 - VC 17","LIBELLE_COURT":"PRA 1300","COMMUNE":"ROM","SITUATION":"LGV","PKEF":"129,952","TYPE":"PRA - Portique","INFRA_PORTEE":"LGV","INFRA_FRANCHIE":"VC 17","HAUTEUR_LIBRE":"4,74","LONGUEUR_BIAISE":"10,04"},"geometry":{"type":"Polygon","coordinates":[[[0.136182,46.305116],[0.136183,46.305111],[0.136547,46.305184],[0.136589,46.305139],[0.136465,46.30503],[0.13647,46.305027],[0.136597,46.305139],[0.136865,46.305263],[0.136988,46.305288],[0.136987,46.305291],[0.136867,46.305267],[0.136823,46.305313],[0.136944,46.305423],[0.13694,46.305425],[0.136817,46.305313],[0.13655,46.305189],[0.136182,46.305116]]]}},{"type":"Feature","properties":{"name":"PRA 1290 - VC 16 + rando","LIBELLE":"PRA 1290 - VC 16 + rando","LIBELLE_COURT":"PRA 1290","COMMUNE":"ROM","SITUATION":"LGV","PKEF":"128,995","TYPE":"PRA - Portique","INFRA_PORTEE":"LGV","INFRA_FRANCHIE":"VC 16 + rando","HAUTEUR_LIBRE":"4,475","LONGUEUR_BIAISE":"14,86"},"geometry":{"type":"Polygon","coordinates":[[[0.140047,46.313922],[0.139772,46.313741],[0.139422,46.313509],[0.139324,46.313486],[0.139324,46.313482],[0.139417,46.313503],[0.139474,46.313461],[0.139268,46.313321],[0.139272,46.313317],[0.139489,46.31346],[0.139839,46.313691],[0.139977,46.313724],[0.139976,46.313729],[0.139836,46.313696],[0.139779,46.313739],[0.140049,46.31392],[0.140047,46.313922]]]}},{"type":"Feature","properties":{"name":"PRO 1284 - RD 57 + rando","LIBELLE":"PRO 1284 - RD 57 + rando","LIBELLE_COURT":"PRO 1284","COMMUNE":"ROM","SITUATION":"LGV","PKEF":"128,405","TYPE":"PRO - PRAD","INFRA_PORTEE":"RD 57 + rando","INFRA_FRANCHIE":"LGV","HAUTEUR_LIBRE":"6,03","LONGUEUR_BIAISE":"43,473"},"geometry":{"type":"Polygon","coordinates":[[[0.141488,46.318892],[0.141455,46.318799],[0.141873,46.31854],[0.141907,46.318627],[0.141488,46.318892]]]}},{"type":"Feature","properties":{"name":"PRO 1276 - CR Vallée Rouge","LIBELLE":"PRO 1276 - CR Vallée Rouge","LIBELLE_COURT":"PRO 1276","COMMUNE":"ROM","SITUATION":"LGV","PKEF":"127,605","TYPE":"PRO - PRAD","INFRA_PORTEE":"CR Vallée Rouge","INFRA_FRANCHIE":"LGV","HAUTEUR_LIBRE":"8,015","LONGUEUR_BIAISE":"45"},"geometry":{"type":"Polygon","coordinates":[[[0.144758,46.325634],[0.144185,46.325744],[0.144161,46.325678],[0.144732,46.325568],[0.144758,46.325634]]]}},{"type":"Feature","properties":{"name":"PRO 1263 - VC 15","LIBELLE":"PRO 1263 - VC 15","LIBELLE_COURT":"PRO 1263","COMMUNE":"ROM","SITUATION":"LGV","PKEF":"126,28","TYPE":"PRO - PRAD","INFRA_PORTEE":"VC 15","INFRA_FRANCHIE":"LGV","HAUTEUR_LIBRE":"6,019","LONGUEUR_BIAISE":"41,368"},"geometry":{"type":"Polygon","coordinates":[[[0.149351,46.337079],[0.149314,46.337008],[0.149863,46.336999],[0.149894,46.337067],[0.149351,46.337079]]]}},{"type":"Feature","properties":{"name":"PRO 1260 - PGF","LIBELLE":"PRO 1260 - PGF","LIBELLE_COURT":"PRO 1260","COMMUNE":"ROM","SITUATION":"LGV","PKEF":"126,028","TYPE":"PRO - Cadre/Dalot BA","INFRA_PORTEE":"PGF","INFRA_FRANCHIE":"LGV","HAUTEUR_LIBRE":"6,49","LONGUEUR_BIAISE":"15,4"},"geometry":{"type":"Polygon","coordinates":[[[0.150876,46.339206],[0.150688,46.339256],[0.150617,46.339127],[0.150805,46.339078],[0.150876,46.339206]]]}},{"type":"Feature","properties":{"name":"PRA 1253 - VC27 + rando","LIBELLE":"PRA 1253 - VC27 + rando","LIBELLE_COURT":"PRA 1253","COMMUNE":"PAYRE","SITUATION":"LGV","PKEF":"125,275","TYPE":"PRA - Cadre/Dalot BA","INFRA_PORTEE":"LGV","INFRA_FRANCHIE":"VC27 + rando","HAUTEUR_LIBRE":"4,53","LONGUEUR_BIAISE":"7,1"},"geometry":{"type":"Polygon","coordinates":[[[0.154286,46.345562],[0.154281,46.345559],[0.154388,46.34549],[0.154354,46.34544],[0.15422,46.345449],[0.15422,46.345445],[0.154358,46.345435],[0.154517,46.345387],[0.154637,46.345311],[0.154641,46.345314],[0.154525,46.345388],[0.154557,46.34544],[0.154713,46.345426],[0.154714,46.34543],[0.154553,46.345445],[0.154396,46.345491],[0.154286,46.345562]]]}},{"type":"Feature","properties":{"name":"PRO 1238 - RD 7","LIBELLE":"PRO 1238 - RD 7","LIBELLE_COURT":"PRO 1238","COMMUNE":"PAYRE","SITUATION":"LGV","PKEF":"123,796","TYPE":"PRO - PRAD","INFRA_PORTEE":"RD 7","INFRA_FRANCHIE":"LGV","HAUTEUR_LIBRE":"6,036","LONGUEUR_BIAISE":"43,922"},"geometry":{"type":"Polygon","coordinates":[[[0.162899,46.357582],[0.162802,46.35752],[0.163169,46.357142],[0.163263,46.3572],[0.162899,46.357582]]]}},{"type":"Feature","properties":{"name":"PRO 1232 - RD 29","LIBELLE":"PRO 1232 - RD 29","LIBELLE_COURT":"PRO 1232","COMMUNE":"PAYRE","SITUATION":"LGV","PKEF":"123,162","TYPE":"PRO - PRAD","INFRA_PORTEE":"RD 29","INFRA_FRANCHIE":"LGV","HAUTEUR_LIBRE":"6,041","LONGUEUR_BIAISE":"52,846"},"geometry":{"type":"Polygon","coordinates":[[[0.166938,46.362358],[0.166862,46.362287],[0.167547,46.362168],[0.167612,46.362245],[0.166938,46.362358]]]}},{"type":"Feature","properties":{"name":"PRO 1218 - VC 7","LIBELLE":"PRO 1218 - VC 7","LIBELLE_COURT":"PRO 1218","COMMUNE":"CELLE-LEVESCAULT","SITUATION":"LGV","PKEF":"121,839","TYPE":"PRO - PRAD","INFRA_PORTEE":"VC 7","INFRA_FRANCHIE":"LGV","HAUTEUR_LIBRE":"6,21","LONGUEUR_BIAISE":"39,64"},"geometry":{"type":"Polygon","coordinates":[[[0.176473,46.372362],[0.176422,46.372304],[0.176882,46.372091],[0.176921,46.372158],[0.176473,46.372362]]]}},{"type":"Feature","properties":{"name":"PRA 1208 - RD 97","LIBELLE":"PRA 1208 - RD 97","LIBELLE_COURT":"PRA 1208","COMMUNE":"CELLE-LEVESCAULT","SITUATION":"LGV","PKEF":"120,83","TYPE":"PRA - Cadre/Dalot BA","INFRA_PORTEE":"LGV","INFRA_FRANCHIE":"RD 97","HAUTEUR_LIBRE":"5,21","LONGUEUR_BIAISE":"9,67"},"geometry":{"type":"Polygon","coordinates":[[[0.183818,46.380001],[0.183813,46.379999],[0.183903,46.379895],[0.183836,46.379826],[0.183709,46.379889],[0.183706,46.379886],[0.183838,46.379821],[0.183928,46.379714],[0.184019,46.379598],[0.184023,46.3796],[0.183934,46.379713],[0.183999,46.37978],[0.184146,46.379719],[0.184149,46.379722],[0.183998,46.379784],[0.183909,46.379895],[0.183818,46.380001]]]}},{"type":"Feature","properties":{"name":"PRO 1187 - VC4","LIBELLE":"PRO 1187 - VC4","LIBELLE_COURT":"PRO 1187","COMMUNE":"CELLE-LEVESCAULT","SITUATION":"LGV","PKEF":"118,712","TYPE":"PRO - PRAD","INFRA_PORTEE":"VC4","INFRA_FRANCHIE":"LGV","HAUTEUR_LIBRE":"6,429","LONGUEUR_BIAISE":"43,171"},"geometry":{"type":"Polygon","coordinates":[[[0.19524,46.397203],[0.195203,46.397135],[0.195687,46.396887],[0.195724,46.396955],[0.19524,46.397203]]]}},{"type":"Feature","properties":{"name":"PRO 1182 - RD 96","LIBELLE":"PRO 1182 - RD 96","LIBELLE_COURT":"PRO 1182","COMMUNE":"CELLE-LEVESCAULT","SITUATION":"LGV","PKEF":"118,265","TYPE":"PRO - PRAD","INFRA_PORTEE":"RD 96 + rando","INFRA_FRANCHIE":"LGV","HAUTEUR_LIBRE":"7,533","LONGUEUR_BIAISE":"50,93"},"geometry":{"type":"Polygon","coordinates":[[[0.196996,46.400872],[0.196945,46.400787],[0.197652,46.400858],[0.197688,46.400941],[0.196996,46.400872]]]}},{"type":"Feature","properties":{"name":"PRA 1177 - La Longère","LIBELLE":"PRA 1177 - La Longère","LIBELLE_COURT":"PRA 1177","COMMUNE":"CELLE-LEVESCAULT","SITUATION":"LGV","PKEF":"117,78","TYPE":"Viaduc","INFRA_PORTEE":"LGV","INFRA_FRANCHIE":"La Longère + rando","HAUTEUR_LIBRE":"7,61","LONGUEUR_BIAISE":"92,4"},"geometry":{"type":"Polygon","coordinates":[[[0.199456,46.405467],[0.199031,46.404592],[0.199198,46.404553],[0.199616,46.405427],[0.199456,46.405467]]]}},{"type":"Feature","properties":{"name":"PRO 1173 - VC1","LIBELLE":"PRO 1173 - VC1","LIBELLE_COURT":"PRO 1173","COMMUNE":"MARIGNY-CHEMEREAU","SITUATION":"LGV","PKEF":"117,368","TYPE":"PRO - PRAD","INFRA_PORTEE":"VC1 + RANDO","INFRA_FRANCHIE":"LGV","HAUTEUR_LIBRE":"9,052","LONGUEUR_BIAISE":"47,05"},"geometry":{"type":"Polygon","coordinates":[[[0.20072,46.408635],[0.200686,46.408566],[0.201329,46.408419],[0.201364,46.40849],[0.20072,46.408635]]]}},{"type":"Feature","properties":{"name":"PRO 1162 - RD 742","LIBELLE":"PRO 1162 - RD 742","LIBELLE_COURT":"PRO 1162","COMMUNE":"MARIGNY-CHEMEREAU","SITUATION":"LGV","PKEF":"116,212","TYPE":"PRO - PRAD","INFRA_PORTEE":"RD 742","INFRA_FRANCHIE":"LGV","HAUTEUR_LIBRE":"9,145","LONGUEUR_BIAISE":"50,932"},"geometry":{"type":"Polygon","coordinates":[[[0.20483,46.418596],[0.204798,46.418498],[0.205466,46.418469],[0.205494,46.418567],[0.20483,46.418596]]]}},{"type":"Feature","properties":{"name":"VIA 1158 - Viaduc de la Vonne","LIBELLE":"VIA 1158 - Viaduc de la Vonne","LIBELLE_COURT":"VIA 1158","COMMUNE":"MARIGNY-CHEMEREAU","SITUATION":"LGV","PKEF":"115,771","TYPE":"Viaduc","INFRA_PORTEE":"LGV","INFRA_FRANCHIE":"La Vonne + GR 364","HAUTEUR_LIBRE":"","LONGUEUR_BIAISE":"182,56"},"geometry":{"type":"Polygon","coordinates":[[[0.206403,46.423257],[0.206319,46.422918],[0.206298,46.422833],[0.206207,46.422472],[0.206185,46.422391],[0.205979,46.421607],[0.206144,46.421586],[0.206235,46.421926],[0.206257,46.42201],[0.20635,46.422369],[0.206372,46.422453],[0.206464,46.422813],[0.206485,46.422898],[0.206568,46.423238],[0.206403,46.423257]]]}},{"type":"Feature","properties":{"name":"PRO 1152 - VC6","LIBELLE":"PRO 1152 - VC6","LIBELLE_COURT":"PRO 1152","COMMUNE":"MARIGNY-CHEMEREAU","SITUATION":"LGV","PKEF":"115,261","TYPE":"PRO - PRAD","INFRA_PORTEE":"VC6","INFRA_FRANCHIE":"LGV","HAUTEUR_LIBRE":"6,218","LONGUEUR_BIAISE":"39,64"},"geometry":{"type":"Polygon","coordinates":[[[0.207008,46.42702],[0.207002,46.426953],[0.207544,46.426905],[0.207561,46.426971],[0.207008,46.42702]]]}},{"type":"Feature","properties":{"name":"PRA 1145 - Le Vieux Puits 2","LIBELLE":"PRA 1145 - Le Vieux Puits 2","LIBELLE_COURT":"PRA 1145","COMMUNE":"MARIGNY-CHEMEREAU","SITUATION":"LGV","PKEF":"114,585","TYPE":"PRA - Voûte","INFRA_PORTEE":"LGV","INFRA_FRANCHIE":"Le Vieux Puits 2","HAUTEUR_LIBRE":"3,5","LONGUEUR_BIAISE":"-"},"geometry":{"type":"Polygon","coordinates":[[[0.20772,46.433098],[0.207717,46.433093],[0.207819,46.43306],[0.207815,46.433007],[0.20771,46.432982],[0.207713,46.432976],[0.207822,46.433004],[0.208356,46.43298],[0.208356,46.432978],[0.208477,46.432939],[0.208481,46.432944],[0.208364,46.432981],[0.208372,46.433039],[0.208487,46.433067],[0.208485,46.433072],[0.208364,46.433043],[0.208364,46.433042],[0.207827,46.433061],[0.207827,46.433064],[0.20772,46.433098]]]}},{"type":"Feature","properties":{"name":"PRO 1137 - CR2","LIBELLE":"PRO 1137 - CR2","LIBELLE_COURT":"PRO 1137","COMMUNE":"MARIGNY-CHEMEREAU","SITUATION":"LGV","PKEF":"113,702","TYPE":"PRO - PRAD","INFRA_PORTEE":"CR2","INFRA_FRANCHIE":"LGV","HAUTEUR_LIBRE":"6,352","LONGUEUR_BIAISE":"39,64"},"geometry":{"type":"Polygon","coordinates":[[[0.208007,46.44101],[0.208005,46.44094],[0.208654,46.440935],[0.208657,46.441007],[0.208007,46.44101]]]}},{"type":"Feature","properties":{"name":"PRO 1130 - RD 27","LIBELLE":"PRO 1130 - RD 27","LIBELLE_COURT":"PRO 1130","COMMUNE":"MARIGNY-CHEMEREAU","SITUATION":"LGV","PKEF":"113,011","TYPE":"PRO - PRAD","INFRA_PORTEE":"RD 27","INFRA_FRANCHIE":"LGV","HAUTEUR_LIBRE":"7,659","LONGUEUR_BIAISE":"45,346"},"geometry":{"type":"Polygon","coordinates":[[[0.208086,46.44731],[0.208097,46.447219],[0.208708,46.447079],[0.208703,46.447166],[0.208086,46.44731]]]}},{"type":"Feature","properties":{"name":"PRA 1122 - RD 141","LIBELLE":"PRA 1122 - RD 141","LIBELLE_COURT":"PRA 1122","COMMUNE":"MARCAY","SITUATION":"LGV","PKEF":"112,224","TYPE":"PRA - Cadre/Dalot BA","INFRA_PORTEE":"LGV","INFRA_FRANCHIE":"RD 141","HAUTEUR_LIBRE":"6,044","LONGUEUR_BIAISE":"9,0883128768"},"geometry":{"type":"Polygon","coordinates":[[[0.208291,46.454304],[0.208291,46.4543],[0.208434,46.454296],[0.208435,46.454227],[0.208272,46.454198],[0.208273,46.454194],[0.20844,46.454225],[0.208608,46.454262],[0.208724,46.454256],[0.208724,46.45426],[0.208613,46.454265],[0.208612,46.454332],[0.208808,46.454371],[0.208807,46.454375],[0.208606,46.454335],[0.208439,46.4543],[0.208291,46.454304]]]}},{"type":"Feature","properties":{"name":"PRO 1119 - PGF","LIBELLE":"PRO 1119 - PGF","LIBELLE_COURT":"PRO 1119","COMMUNE":"MARCAY","SITUATION":"LGV","PKEF":"111,927","TYPE":"PRO - Cadre/Dalot BA","INFRA_PORTEE":"PGF + chemin forestier","INFRA_FRANCHIE":"LGV","HAUTEUR_LIBRE":"6,637","LONGUEUR_BIAISE":"15,2"},"geometry":{"type":"Polygon","coordinates":[[[0.208616,46.457016],[0.208605,46.456889],[0.208798,46.456878],[0.208809,46.457006],[0.208616,46.457016]]]}},{"type":"Feature","properties":{"name":"PRA 1112 - Le Palais","LIBELLE":"PRA 1112 - Le Palais","LIBELLE_COURT":"PRA 1112","COMMUNE":"MARCAY","SITUATION":"LGV","PKEF":"111,292","TYPE":"PRA - Cadre/Dalot BA","INFRA_PORTEE":"LGV","INFRA_FRANCHIE":"Le Palais","HAUTEUR_LIBRE":"2,6","LONGUEUR_BIAISE":"6,4"},"geometry":{"type":"Polygon","coordinates":[[[0.209115,46.462761],[0.209111,46.462758],[0.209218,46.462688],[0.209286,46.462679],[0.209274,46.462634],[0.209204,46.462643],[0.209095,46.462596],[0.209098,46.462593],[0.209205,46.462638],[0.209278,46.46263],[0.209686,46.462599],[0.209869,46.462476],[0.209875,46.462478],[0.209692,46.462601],[0.209695,46.462643],[0.209869,46.46271],[0.209868,46.462714],[0.20969,46.462645],[0.209293,46.462682],[0.209221,46.462692],[0.209115,46.462761]]]}},{"type":"Feature","properties":{"name":"PRO 1101 - RD 95","LIBELLE":"PRO 1101 - RD 95","LIBELLE_COURT":"PRO 1101","COMMUNE":"MARCAY","SITUATION":"LGV","PKEF":"110,19","TYPE":"PRO - PRAD","INFRA_PORTEE":"RD 95","INFRA_FRANCHIE":"LGV","HAUTEUR_LIBRE":"6,214","LONGUEUR_BIAISE":"39,64"},"geometry":{"type":"Polygon","coordinates":[[[0.211817,46.472482],[0.211793,46.472403],[0.212335,46.472314],[0.212362,46.472393],[0.211817,46.472482]]]}},{"type":"Feature","properties":{"name":"PRA 0116 - Rui. La Pichauderie (total)","LIBELLE":"PRA 0116 - Rui. La Pichauderie (total)","LIBELLE_COURT":"PRA 0116","COMMUNE":"SORIGNY","SITUATION":"LGV","PKEF":"11,65","TYPE":"PRA - Cadre/Dalot BA","INFRA_PORTEE":"LGV","INFRA_FRANCHIE":"La Pichauderie + Le Petit Netilly 1-2 + Le Petit Netilly 2-2","HAUTEUR_LIBRE":"1,75","LONGUEUR_BIAISE":"5,1"},"geometry":{"type":"Polygon","coordinates":[[[0.665837,47.253117],[0.665878,47.253088],[0.665859,47.253029],[0.665781,47.25302],[0.665781,47.253018],[0.665861,47.253028],[0.666018,47.253015],[0.666042,47.252995],[0.666044,47.252996],[0.66602,47.253015],[0.666037,47.253062],[0.666073,47.253071],[0.666072,47.253073],[0.666035,47.253063],[0.66588,47.253089],[0.665839,47.253118],[0.665837,47.253117]]]}},{"type":"Feature","properties":{"name":"PRO HL 0116-2 - Rui. La Pichauderie","LIBELLE":"PRO HL 0116-2 - Rui. La Pichauderie","LIBELLE_COURT":"PRO HL 0116-2","COMMUNE":"SORIGNY","SITUATION":"LGV V2","PKEF":"11,635","TYPE":"PRO - Cadre/Dalot BA","INFRA_PORTEE":"Bret. Sud Echangeur de Sorigny","INFRA_FRANCHIE":"Rui. La Pichauderie","HAUTEUR_LIBRE":"1,5","LONGUEUR_BIAISE":""},"geometry":{"type":"Polygon","coordinates":[[[0.665408,47.253354],[0.665715,47.253096],[0.665727,47.253069],[0.665729,47.253069],[0.665719,47.253096],[0.665744,47.25311],[0.665781,47.253097],[0.665782,47.253098],[0.665746,47.253112],[0.665439,47.253371],[0.665427,47.253398],[0.665425,47.253398],[0.665435,47.253371],[0.665409,47.253357],[0.665373,47.25337],[0.665372,47.253369],[0.665408,47.253354]]]}},{"type":"Feature","properties":{"name":"PRO HL 0115-2 - La Pichauderie","LIBELLE":"PRO HL 0115-2 - La Pichauderie","LIBELLE_COURT":"PRO HL 0115-2","COMMUNE":"SORIGNY","SITUATION":"LGV V2","PKEF":"11,575","TYPE":"PRO - Cadre/Dalot BA","INFRA_PORTEE":"VLT 0115-2","INFRA_FRANCHIE":"La Pichauderie + Le Petit Netilly 1-2 + Le Petit Netilly 2-2","HAUTEUR_LIBRE":"1,5","LONGUEUR_BIAISE":"5,2"},"geometry":{"type":"Polygon","coordinates":[[[0.66541,47.253877],[0.665394,47.253801],[0.665356,47.253758],[0.665359,47.253757],[0.665398,47.253799],[0.665455,47.253794],[0.665476,47.253746],[0.665479,47.253747],[0.665458,47.253794],[0.665473,47.253872],[0.665512,47.253914],[0.665508,47.253915],[0.665471,47.253873],[0.665413,47.253878],[0.665392,47.253925],[0.665389,47.253925],[0.66541,47.253877]]]}},{"type":"Feature","properties":{"name":"PRO 0115 - Bret. Sud Echangeur de Sorigny","LIBELLE":"PRO 0115 - Bret. Sud Echangeur de Sorigny","LIBELLE_COURT":"PRO 0115","COMMUNE":"SORIGNY","SITUATION":"LGV","PKEF":"11,567","TYPE":"PRO - Portique","INFRA_PORTEE":"Bret. Sud Echangeur de Sorigny","INFRA_FRANCHIE":"LGV","HAUTEUR_LIBRE":"6,45","LONGUEUR_BIAISE":"14,3"},"geometry":{"type":"Polygon","coordinates":[[[0.666334,47.254092],[0.666283,47.253914],[0.666117,47.253898],[0.666137,47.254019],[0.666134,47.25402],[0.666113,47.253895],[0.666022,47.253615],[0.665948,47.253357],[0.665954,47.253356],[0.666028,47.253612],[0.666196,47.253632],[0.666158,47.253448],[0.666164,47.253448],[0.666204,47.253638],[0.666285,47.253912],[0.666338,47.254092],[0.666334,47.254092]]]}},{"type":"Feature","properties":{"name":"PRO 0114 - Bret. Centre Echangeur de Sorigny","LIBELLE":"PRO 0114 - Bret. Centre Echangeur de Sorigny","LIBELLE_COURT":"PRO 0114","COMMUNE":"SORIGNY","SITUATION":"LGV","PKEF":"11,453","TYPE":"PRO - Dalle BA","INFRA_PORTEE":"Bret. Centre Echangeur de Sorigny","INFRA_FRANCHIE":"LGV","HAUTEUR_LIBRE":"6,46","LONGUEUR_BIAISE":"39,332"},"geometry":{"type":"Polygon","coordinates":[[[0.666206,47.254866],[0.66616,47.254759],[0.666718,47.254701],[0.666745,47.254814],[0.666206,47.254866]]]}},{"type":"Feature","properties":{"name":"PRO HL 0113-1 - Bret Centre / Bret Nord Ech Sorigny","LIBELLE":"PRO HL 0113-1 - Bret Centre / Bret Nord Ech Sorigny","LIBELLE_COURT":"PRO HL 0113-1","COMMUNE":"SORIGNY","SITUATION":"LGV V1","PKEF":"11,4","TYPE":"PRO - Cadre/Dalot BA","INFRA_PORTEE":"Bret. Centre Echangeur de Sorigny","INFRA_FRANCHIE":"Bret. Nord Echangeur de Sorigny","HAUTEUR_LIBRE":"6,01","LONGUEUR_BIAISE":"8,7"},"geometry":{"type":"Polygon","coordinates":[[[0.668675,47.25499],[0.668768,47.254939],[0.668873,47.254968],[0.668783,47.25502],[0.668675,47.25499]]]}},{"type":"Feature","properties":{"name":"PRO 0112 - Bret. Nord Echangeur de Sorigny","LIBELLE":"PRO 0112 - Bret. Nord Echangeur de Sorigny","LIBELLE_COURT":"PRO 0112","COMMUNE":"SORIGNY","SITUATION":"LGV","PKEF":"11,241","TYPE":"PRO - Portique","INFRA_PORTEE":"Bret. Nord Echangeur de Sorigny","INFRA_FRANCHIE":"LGV","HAUTEUR_LIBRE":"6,739","LONGUEUR_BIAISE":"-"},"geometry":{"type":"Polygon","coordinates":[[[0.666898,47.25663],[0.667071,47.256549],[0.667128,47.256739],[0.666955,47.256827],[0.666898,47.25663]]]}},{"type":"Feature","properties":{"name":"PRO 0110 - RD 84","LIBELLE":"PRO 0110 - RD 84","LIBELLE_COURT":"PRO 0110","COMMUNE":"SORIGNY","SITUATION":"LGV","PKEF":"11,008","TYPE":"PRO - PRAD","INFRA_PORTEE":"RD 84","INFRA_FRANCHIE":"LGV","HAUTEUR_LIBRE":"6,013","LONGUEUR_BIAISE":"39,662"},"geometry":{"type":"Polygon","coordinates":[[[0.66742,47.258839],[0.667282,47.258776],[0.667916,47.258567],[0.667941,47.258668],[0.66742,47.258839]]]}},{"type":"Feature","properties":{"name":"PRO 1084 - CR Beauvais","LIBELLE":"PRO 1084 - CR Beauvais","LIBELLE_COURT":"PRO 1084","COMMUNE":"MARCAY","SITUATION":"LGV","PKEF":"108,404","TYPE":"PRO - PRAD","INFRA_PORTEE":"CR Beauvais","INFRA_FRANCHIE":"LGV + RAC FS2","HAUTEUR_LIBRE":"7,581","LONGUEUR_BIAISE":"40,94"},"geometry":{"type":"Polygon","coordinates":[[[0.219114,46.487757],[0.219077,46.487693],[0.219695,46.487525],[0.219733,46.487589],[0.219114,46.487757]]]}},{"type":"Feature","properties":{"name":"PRA 1076 - LA RUNE","LIBELLE":"PRA 1076 - LA RUNE","LIBELLE_COURT":"PRA 1076","COMMUNE":"COULOMBIERS","SITUATION":"LGV","PKEF":"107,68","TYPE":"PRA - Cadre/Dalot BA","INFRA_PORTEE":"LGV + RAC FS1 + RAC FS2","INFRA_FRANCHIE":"LA RUNE","HAUTEUR_LIBRE":"6,503","LONGUEUR_BIAISE":"14,2"},"geometry":{"type":"Polygon","coordinates":[[[0.222482,46.494396],[0.222548,46.494263],[0.222411,46.494221],[0.222409,46.494223],[0.222394,46.494219],[0.222598,46.493896],[0.222941,46.493354],[0.222945,46.493348],[0.222885,46.493338],[0.222942,46.493168],[0.223025,46.493181],[0.222966,46.493356],[0.223111,46.4934],[0.223114,46.493399],[0.223112,46.493393],[0.223154,46.493387],[0.223161,46.493409],[0.223119,46.493416],[0.223115,46.493406],[0.222572,46.494265],[0.222627,46.49428],[0.222563,46.494414],[0.222482,46.494396]]]}},{"type":"Feature","properties":{"name":"SDM 1064 - Saut de mouton 3 de Fontaine le Comte","LIBELLE":"SDM 1064 - Saut de mouton 3 de Fontaine le Comte","LIBELLE_COURT":"SDM 1064","COMMUNE":"FONTAINE-LE-COMTE","SITUATION":"LGV","PKEF":"106,428","TYPE":"Saut-de-mouton - Murs terre armée","INFRA_PORTEE":"LGV","INFRA_FRANCHIE":"RAC FS2","HAUTEUR_LIBRE":"6,59","LONGUEUR_BIAISE":""},"geometry":{"type":"Polygon","coordinates":[[[0.229159,46.504634],[0.229165,46.504631],[0.2285,46.503961],[0.228496,46.503963],[0.228342,46.50381],[0.228445,46.503759],[0.228374,46.503687],[0.228402,46.503673],[0.227491,46.502678],[0.227497,46.502676],[0.228411,46.503675],[0.228383,46.503688],[0.228454,46.50376],[0.228448,46.503762],[0.229116,46.504432],[0.22912,46.50443],[0.229274,46.504585],[0.229169,46.504635],[0.229241,46.504707],[0.229215,46.50472],[0.230005,46.505517],[0.23,46.50552],[0.229206,46.504718],[0.229232,46.504706],[0.229159,46.504634]]]}},{"type":"Feature","properties":{"name":"SDM 1059 - Saut de mouton 2 de Fontaine le Comte","LIBELLE":"SDM 1059 - Saut de mouton 2 de Fontaine le Comte","LIBELLE_COURT":"SDM 1059","COMMUNE":"FONTAINE-LE-COMTE","SITUATION":"LGV","PKEF":"105,982","TYPE":"Saut-de-mouton","INFRA_PORTEE":"LGV","INFRA_FRANCHIE":"VF Paris La Rochelle","HAUTEUR_LIBRE":"7,53","LONGUEUR_BIAISE":"30,45"},"geometry":{"type":"Polygon","coordinates":[[[0.230406,46.507631],[0.230734,46.507777],[0.231006,46.507884],[0.231258,46.507997],[0.231145,46.50812],[0.231463,46.508258],[0.231462,46.508258],[0.231144,46.50812],[0.23087,46.508013],[0.230614,46.507902],[0.230733,46.507777],[0.230406,46.507631]]]}},{"type":"Feature","properties":{"name":"SDM 1058 - Saut de mouton 1 de Fontaine le Comte","LIBELLE":"SDM 1058 - Saut de mouton 1 de Fontaine le Comte","LIBELLE_COURT":"SDM 1058","COMMUNE":"FONTAINE-LE-COMTE","SITUATION":"LGV","PKEF":"105,818","TYPE":"Saut-de-mouton - Murs terre armée","INFRA_PORTEE":"LGV","INFRA_FRANCHIE":"RAC FN1","HAUTEUR_LIBRE":"7,628","LONGUEUR_BIAISE":"-"},"geometry":{"type":"Polygon","coordinates":[[[0.232583,46.510267],[0.232039,46.509713],[0.231375,46.509087],[0.231448,46.509032],[0.231401,46.508995],[0.231425,46.508976],[0.231855,46.50937],[0.232053,46.509543],[0.231972,46.509585],[0.232056,46.509694],[0.232052,46.509719],[0.232592,46.510264],[0.232583,46.510267]]]}},{"type":"Feature","properties":{"name":"PRA 1052 - RD 611 (RN 11)","LIBELLE":"PRA 1052 - RD 611 (RN 11)","LIBELLE_COURT":"PRA 1052","COMMUNE":"FONTAINE-LE-COMTE","SITUATION":"LGV","PKEF":"105,213","TYPE":"PRA - Poutrelles enrobées","INFRA_PORTEE":"LGV","INFRA_FRANCHIE":"RD 611 (RN 11)","HAUTEUR_LIBRE":"5,13","LONGUEUR_BIAISE":"56,05"},"geometry":{"type":"Polygon","coordinates":[[[0.234622,46.514597],[0.234353,46.514125],[0.234554,46.514141],[0.234822,46.514611],[0.234622,46.514597]]]}},{"type":"Feature","properties":{"name":"PRA 1038 - La Petite Foy","LIBELLE":"PRA 1038 - La Petite Foy","LIBELLE_COURT":"PRA 1038","COMMUNE":"FONTAINE-LE-COMTE","SITUATION":"LGV","PKEF":"103,877","TYPE":"PRA - Voûte","INFRA_PORTEE":"LGV + RAC FN1","INFRA_FRANCHIE":"La Petite Foy","HAUTEUR_LIBRE":"3,143","LONGUEUR_BIAISE":"-"},"geometry":{"type":"Polygon","coordinates":[[[0.240671,46.525743],[0.240667,46.525741],[0.240714,46.525673],[0.240699,46.525649],[0.240609,46.525621],[0.240611,46.525618],[0.240703,46.525646],[0.241279,46.525489],[0.241313,46.525435],[0.241318,46.525437],[0.241285,46.525488],[0.241307,46.525517],[0.241391,46.52554],[0.241389,46.525544],[0.241303,46.52552],[0.24072,46.525674],[0.240671,46.525743]]]}},{"type":"Feature","properties":{"name":"PRA 1036 - Passage piéton Le Cossy","LIBELLE":"PRA 1036 - Passage piéton Le Cossy","LIBELLE_COURT":"PRA 1036","COMMUNE":"FONTAINE-LE-COMTE","SITUATION":"LGV","PKEF":"103,671","TYPE":"PRA - Cadre/Dalot BA","INFRA_PORTEE":"LGV + RAC FN1","INFRA_FRANCHIE":"Passage piéton Le Cossy","HAUTEUR_LIBRE":"2,5","LONGUEUR_BIAISE":"3,4"},"geometry":{"type":"Polygon","coordinates":[[[0.241802,46.527383],[0.241798,46.52738],[0.241846,46.527348],[0.241825,46.527327],[0.241768,46.527325],[0.241768,46.527322],[0.241827,46.527323],[0.242065,46.527259],[0.242107,46.52723],[0.242111,46.527232],[0.242071,46.52726],[0.242082,46.527283],[0.242144,46.527289],[0.242143,46.527293],[0.242078,46.527287],[0.241853,46.527348],[0.241802,46.527383]]]}},{"type":"Feature","properties":{"name":"PRO 1033 - VC 9","LIBELLE":"PRO 1033 - VC 9","LIBELLE_COURT":"PRO 1033","COMMUNE":"FONTAINE-LE-COMTE","SITUATION":"LGV","PKEF":"103,335","TYPE":"PRO - PRAD","INFRA_PORTEE":"VC 9","INFRA_FRANCHIE":"LGV","HAUTEUR_LIBRE":"6,12","LONGUEUR_BIAISE":"41,131"},"geometry":{"type":"Polygon","coordinates":[[[0.243297,46.530181],[0.243255,46.530112],[0.24382,46.530088],[0.243859,46.530161],[0.243297,46.530181]]]}},{"type":"Feature","properties":{"name":"PRA 1022 - La Bruere","LIBELLE":"PRA 1022 - La Bruere","LIBELLE_COURT":"PRA 1022","COMMUNE":"FONTAINE-LE-COMTE","SITUATION":"LGV","PKEF":"102,257","TYPE":"PRA - Cadre/Dalot BA","INFRA_PORTEE":"LGV","INFRA_FRANCHIE":"La Bruere","HAUTEUR_LIBRE":"2,279","LONGUEUR_BIAISE":"3,3"},"geometry":{"type":"Polygon","coordinates":[[[0.249179,46.539034],[0.249176,46.539031],[0.249207,46.539009],[0.249181,46.538975],[0.249124,46.538965],[0.249125,46.538962],[0.249185,46.538972],[0.249362,46.538955],[0.249387,46.538929],[0.249391,46.538931],[0.249368,46.538955],[0.249393,46.538987],[0.249437,46.538992],[0.249436,46.538996],[0.24939,46.53899],[0.249214,46.539009],[0.249179,46.539034]]]}},{"type":"Feature","properties":{"name":"TRC 1021 - Tranchée couverte de Fontaine le Comte","LIBELLE":"TRC 1021 - Tranchée couverte de Fontaine le Comte","LIBELLE_COURT":"TRC 1021","COMMUNE":"FONTAINE-LE-COMTE","SITUATION":"LGV","PKEF":"102,065","TYPE":"Tranchée couverte","INFRA_PORTEE":"A10","INFRA_FRANCHIE":"LGV","HAUTEUR_LIBRE":"8,93","LONGUEUR_BIAISE":"-"},"geometry":{"type":"Polygon","coordinates":[[[0.251872,46.542313],[0.251578,46.542019],[0.251632,46.541997],[0.249906,46.539943],[0.249833,46.539978],[0.249704,46.539824],[0.249698,46.539827],[0.249572,46.539677],[0.249595,46.539668],[0.249552,46.5396],[0.24962,46.539573],[0.249929,46.539939],[0.250149,46.539931],[0.251768,46.541857],[0.251792,46.541848],[0.252042,46.542148],[0.252099,46.542234],[0.252071,46.542246],[0.251743,46.54187],[0.251657,46.541987],[0.251917,46.542295],[0.251872,46.542313]]]}},{"type":"Feature","properties":{"name":"PRO 1019 - VC1 - Tranchée de Fontaine le Comte","LIBELLE":"PRO 1019 - VC1 - Tranchée de Fontaine le Comte","LIBELLE_COURT":"PRO 1019","COMMUNE":"FONTAINE-LE-COMTE","SITUATION":"LGV","PKEF":"101,89","TYPE":"PRO - Portique","INFRA_PORTEE":"VC1","INFRA_FRANCHIE":"LGV","HAUTEUR_LIBRE":"6,01","LONGUEUR_BIAISE":"18,518"},"geometry":{"type":"Polygon","coordinates":[[[0.251628,46.541975],[0.251545,46.541876],[0.251659,46.541747],[0.251747,46.541848],[0.251628,46.541975]]]}},{"type":"Feature","properties":{"name":"PRO HL 1019 - A10 - existant","LIBELLE":"PRO HL 1019 - A10 - existant","LIBELLE_COURT":"PRO HL 1019","COMMUNE":"FONTAINE-LE-COMTE","SITUATION":"LGV V1","PKEF":"101,889","TYPE":"PRO - Cadre/Dalot BA","INFRA_PORTEE":"A10","INFRA_FRANCHIE":"VC1","HAUTEUR_LIBRE":"4,48","LONGUEUR_BIAISE":""},"geometry":{"type":"Polygon","coordinates":[[[0.251817,46.541532],[0.25188,46.541462],[0.25206,46.54157],[0.251995,46.541642],[0.251817,46.541532]]]}},{"type":"Feature","properties":{"name":"PRO 1010 - RD 87","LIBELLE":"PRO 1010 - RD 87","LIBELLE_COURT":"PRO 1010","COMMUNE":"VOUNEUIL-SOUS-BIARD","SITUATION":"LGV","PKEF":"101,0","TYPE":"PRO - PRAD","INFRA_PORTEE":"RD 87","INFRA_FRANCHIE":"LGV","HAUTEUR_LIBRE":"6,23","LONGUEUR_BIAISE":"45,41"},"geometry":{"type":"Polygon","coordinates":[[[0.258005,46.548758],[0.257922,46.548669],[0.258209,46.548289],[0.258308,46.548359],[0.258005,46.548758]]]}},{"type":"Feature","properties":{"name":"MSO HL 0109-2","LIBELLE":"MSO HL 0109-2","LIBELLE_COURT":"MSO HL 0109-2","COMMUNE":"MONTS","SITUATION":"LGV V2","PKEF":"10,993","TYPE":"Mur de soutènement","INFRA_PORTEE":"Bretelle Nord","INFRA_FRANCHIE":"-","HAUTEUR_LIBRE":"-","LONGUEUR_BIAISE":"-"},"geometry":{"type":"Polygon","coordinates":[[[0.666463,47.259151],[0.666429,47.259053],[0.666677,47.258968],[0.666699,47.259069],[0.666463,47.259151]]]}},{"type":"Feature","properties":{"name":"PRO CE1 HL 0019 - La vieille Boëme","LIBELLE":"PRO CE1 HL 0019 - La vieille Boëme","LIBELLE_COURT":"PRO CE1 HL 0019","COMMUNE":"ROULLET-SAINT-ESTEPHE","SITUATION":"CE1","PKEF":"1,973","TYPE":"PRO - Portique","INFRA_PORTEE":"VLT","INFRA_FRANCHIE":"La vieille Boëme","HAUTEUR_LIBRE":"3,354","LONGUEUR_BIAISE":"12,73"},"geometry":{"type":"Polygon","coordinates":[[[0.084637,45.588021],[0.08465,45.587959],[0.084921,45.588034],[0.084908,45.588096],[0.084637,45.588021]]]}},{"type":"Feature","properties":{"name":"PSO MS2 0019 - Passage piéton","LIBELLE":"PSO MS2 0019 - Passage piéton","LIBELLE_COURT":"PSO MS2 0019","COMMUNE":"MONTS","SITUATION":"MS2","PKEF":"1,93","TYPE":"PRA - Buse","INFRA_PORTEE":"RAC MS2","INFRA_FRANCHIE":"Accès délaissé","HAUTEUR_LIBRE":"2","LONGUEUR_BIAISE":"-"},"geometry":{"type":"Polygon","coordinates":[[[0.645392,47.241841],[0.64545,47.241836],[0.645459,47.241809],[0.645409,47.241784],[0.645411,47.241782],[0.645464,47.241808],[0.645676,47.241842],[0.645744,47.241832],[0.645745,47.241834],[0.645679,47.241844],[0.64567,47.241871],[0.64572,47.241896],[0.645717,47.241899],[0.645665,47.241872],[0.645453,47.241839],[0.645393,47.241844],[0.645392,47.241841]]]}},{"type":"Feature","properties":{"name":"PRO 0018 - CR 41","LIBELLE":"PRO 0018 - CR 41","LIBELLE_COURT":"PRO 0018","COMMUNE":"CHAMBRAY-LES-TOURS","SITUATION":"LGV","PKEF":"1,882","TYPE":"PRO - PRAD","INFRA_PORTEE":"CR 41","INFRA_FRANCHIE":"LGV","HAUTEUR_LIBRE":"6,199","LONGUEUR_BIAISE":"39,64"},"geometry":{"type":"Polygon","coordinates":[[[0.734775,47.323967],[0.734721,47.323908],[0.73528,47.323673],[0.735332,47.32373],[0.734775,47.323967]]]}},{"type":"Feature","properties":{"name":"PRA MA0 0017 - PRAD du Mur Nd de la folie","LIBELLE":"PRA MA0 0017 - PRAD du Mur Nd de la folie","LIBELLE_COURT":"PRA MA0 0017","COMMUNE":"MIGNE-AUXANCES","SITUATION":"MA1","PKEF":"1,732","TYPE":"PRA - PRAD","INFRA_PORTEE":"RAC MA1 + MA2","INFRA_FRANCHIE":"La Folie","HAUTEUR_LIBRE":"-","LONGUEUR_BIAISE":"28"},"geometry":{"type":"Polygon","coordinates":[[[0.351612,46.623657],[0.351706,46.623306],[0.351879,46.623328],[0.351786,46.623679],[0.351612,46.623657]]]}},{"type":"Feature","properties":{"name":"MSO MA0 0017 - Mur nord de l'estacade de la folie","LIBELLE":"MSO MA0 0017 - Mur nord de l'estacade de la folie","LIBELLE_COURT":"MSO MA0 0017","COMMUNE":"MIGNE-AUXANCES","SITUATION":"MA1","PKEF":"1,714","TYPE":"Mur de soutènement","INFRA_PORTEE":"LGV","INFRA_FRANCHIE":"-","HAUTEUR_LIBRE":"-","LONGUEUR_BIAISE":"-"},"geometry":{"type":"Polygon","coordinates":[[[0.351858,46.62337],[0.351993,46.622861],[0.351997,46.622862],[0.351862,46.62337],[0.351858,46.62337]]]}},{"type":"Feature","properties":{"name":"EST CE0 0017 - Estacade de la Couronne","LIBELLE":"EST CE0 0017 - Estacade de la Couronne","LIBELLE_COURT":"EST CE0 0017","COMMUNE":"LA COURONNE","SITUATION":"CE1","PKEF":"1,681","TYPE":"Estacade","INFRA_PORTEE":"LGV","INFRA_FRANCHIE":"La vieille Boëme + la Grande Boëme + VC3","HAUTEUR_LIBRE":"","LONGUEUR_BIAISE":"720"},"geometry":{"type":"Polygon","coordinates":[[[0.090551,45.590365],[0.09055,45.590367],[0.090784,45.590459],[0.090817,45.590473],[0.091013,45.590554],[0.09109,45.590587],[0.091259,45.590661],[0.091335,45.590695],[0.091555,45.590797],[0.091814,45.590923],[0.091985,45.59101],[0.092018,45.591027],[0.091964,45.591078],[0.091931,45.591061],[0.091762,45.590975],[0.091505,45.59085],[0.091473,45.590834],[0.090777,45.59053],[0.090743,45.590516],[0.090016,45.59024],[0.089982,45.590228],[0.089241,45.58997],[0.089207,45.589958],[0.088462,45.589704],[0.088428,45.589693],[0.087683,45.589439],[0.087649,45.589427],[0.083766,45.588105],[0.083799,45.588057],[0.083834,45.588005],[0.0844,45.588198],[0.085415,45.588544],[0.085698,45.58864],[0.085958,45.588728],[0.086194,45.588809],[0.086477,45.588905],[0.087175,45.589143],[0.087256,45.58917],[0.087435,45.589231],[0.087516,45.589259],[0.087954,45.589408],[0.088035,45.589436],[0.088295,45.589524],[0.089512,45.589939],[0.089593,45.589966],[0.089772,45.590027],[0.089852,45.590055],[0.090054,45.590123],[0.090089,45.590135],[0.090291,45.590204],[0.090372,45.590231],[0.090551,45.590293],[0.090631,45.59032],[0.090833,45.590391],[0.090867,45.590403],[0.091068,45.590474],[0.091147,45.590503],[0.091325,45.590567],[0.091404,45.590597],[0.091602,45.590672],[0.091636,45.590685],[0.091832,45.590763],[0.09191,45.590795],[0.092091,45.59087],[0.092126,45.590885],[0.092079,45.590939],[0.092044,45.590924],[0.091865,45.59085],[0.091787,45.590818],[0.091592,45.590741],[0.091558,45.590728],[0.091362,45.590653],[0.091282,45.590623],[0.091107,45.590559],[0.091027,45.59053],[0.090551,45.590364],[0.090551,45.590365]]]}},{"type":"Feature","properties":{"name":"SDM MS2 0015 - Saut de mouton de Monts","LIBELLE":"SDM MS2 0015 - Saut de mouton de Monts","LIBELLE_COURT":"SDM MS2 0015","COMMUNE":"MONTS","SITUATION":"MS2","PKEF":"1,59","TYPE":"Saut-de-mouton - Murs terre armée","INFRA_PORTEE":"RAC MS2","INFRA_FRANCHIE":"VF Paris Bordeaux","HAUTEUR_LIBRE":"6,77","LONGUEUR_BIAISE":"78,5"},"geometry":{"type":"Polygon","coordinates":[[[0.645195,47.246231],[0.644977,47.245409],[0.644992,47.245407],[0.644722,47.244438],[0.644942,47.244413],[0.644924,47.244344],[0.644938,47.244343],[0.64476,47.243662],[0.644764,47.243662],[0.644943,47.244346],[0.644929,47.244347],[0.645204,47.245333],[0.644983,47.245361],[0.644997,47.24541],[0.644982,47.245411],[0.645199,47.24623],[0.645195,47.246231]]]}},{"type":"Feature","properties":{"name":"PRO 0015 - RD 37","LIBELLE":"PRO 0015 - RD 37","LIBELLE_COURT":"PRO 0015","COMMUNE":"CHAMBRAY-LES-TOURS","SITUATION":"LGV","PKEF":"1,52","TYPE":"PRO - Portique","INFRA_PORTEE":"RD 37","INFRA_FRANCHIE":"LGV","HAUTEUR_LIBRE":"6,626","LONGUEUR_BIAISE":"18,26"},"geometry":{"type":"Polygon","coordinates":[[[0.737375,47.326317],[0.737603,47.326296],[0.738069,47.326726],[0.737848,47.326751],[0.737375,47.326317]]]}},{"type":"Feature","properties":{"name":"PRO HL 0013-1 - VC7","LIBELLE":"PRO HL 0013-1 - VC7","LIBELLE_COURT":"PRO HL 0013-1","COMMUNE":"CHAMBRAY-LES-TOURS","SITUATION":"LGV V1","PKEF":"1,365","TYPE":"PRO - PRAD","INFRA_PORTEE":"VC7","INFRA_FRANCHIE":"RD37","HAUTEUR_LIBRE":"5,21","LONGUEUR_BIAISE":"43,81"},"geometry":{"type":"Polygon","coordinates":[[[0.739969,47.327452],[0.739832,47.327391],[0.740053,47.327026],[0.740191,47.327088],[0.739969,47.327452]]]}},{"type":"Feature","properties":{"name":"PRA MS2 0013 - Accès Plate-forme","LIBELLE":"PRA MS2 0013 - Accès Plate-forme","LIBELLE_COURT":"PRA MS2 0013","COMMUNE":"MONTS","SITUATION":"MS2","PKEF":"1,359","TYPE":"PRA - Cadre/Dalot BA","INFRA_PORTEE":"RAC MS2","INFRA_FRANCHIE":"Accès Plate-forme","HAUTEUR_LIBRE":"3,025","LONGUEUR_BIAISE":"3,7"},"geometry":{"type":"Polygon","coordinates":[[[0.645045,47.246935],[0.645046,47.246965],[0.644877,47.246972],[0.644872,47.246941],[0.645045,47.246935]]]}},{"type":"Feature","properties":{"name":"PRO VN2 0013 - CR7","LIBELLE":"PRO VN2 0013 - CR7","LIBELLE_COURT":"PRO VN2 0013","COMMUNE":"VILLOGNON","SITUATION":"VN2","PKEF":"1,331","TYPE":"PRO - PRAD","INFRA_PORTEE":"CR7","INFRA_FRANCHIE":"RAC VN2","HAUTEUR_LIBRE":"11,142","LONGUEUR_BIAISE":"47,76"},"geometry":{"type":"Polygon","coordinates":[[[0.108075,45.867309],[0.108149,45.867264],[0.108656,45.867649],[0.108585,45.867698],[0.108075,45.867309]]]}},{"type":"Feature","properties":{"name":"PRO 0012 - VC 7","LIBELLE":"PRO 0012 - VC 7","LIBELLE_COURT":"PRO 0012","COMMUNE":"CHAMBRAY-LES-TOURS","SITUATION":"LGV","PKEF":"1,294","TYPE":"PRO - Portique","INFRA_PORTEE":"VC 7","INFRA_FRANCHIE":"LGV","HAUTEUR_LIBRE":"6,49","LONGUEUR_BIAISE":"17,733"},"geometry":{"type":"Polygon","coordinates":[[[0.739411,47.328119],[0.739504,47.327985],[0.739689,47.328139],[0.739596,47.328278],[0.739411,47.328119]]]}},{"type":"Feature","properties":{"name":"MSO MA1 0012 - Mur de soutènement PC111","LIBELLE":"MSO MA1 0012 - Mur de soutènement PC111","LIBELLE_COURT":"MSO MA1 0012","COMMUNE":"POITIERS","SITUATION":"MA1","PKEF":"1,25","TYPE":"Mur de soutènement","INFRA_PORTEE":"Pile PC111","INFRA_FRANCHIE":"-","HAUTEUR_LIBRE":"-","LONGUEUR_BIAISE":"-"},"geometry":{"type":"LineString","coordinates":[[0.352895,46.619141],[0.352888,46.619176],[0.35288,46.619219],[0.352871,46.619263],[0.352863,46.619306],[0.352861,46.619314]]}},{"type":"Feature","properties":{"name":"SDM FS2 0012 - Saut de mouton 4 de Fontaine le Comt","LIBELLE":"SDM FS2 0012 - Saut de mouton 4 de Fontaine le Comt","LIBELLE_COURT":"SDM FS2 0012","COMMUNE":"FONTAINE-LE-COMTE","SITUATION":"FS2","PKEF":"1,237","TYPE":"Saut-de-mouton - Murs terre armée","INFRA_PORTEE":"RAC FS2","INFRA_FRANCHIE":"VF Paris La Rochelle","HAUTEUR_LIBRE":"6,45","LONGUEUR_BIAISE":"68"},"geometry":{"type":"Polygon","coordinates":[[[0.234678,46.509675],[0.233617,46.509214],[0.23373,46.509087],[0.233657,46.509054],[0.233663,46.509047],[0.233154,46.50882],[0.233158,46.508815],[0.233668,46.509041],[0.234719,46.509502],[0.234607,46.509632],[0.234685,46.509668],[0.234678,46.509675]]]}},{"type":"Feature","properties":{"name":"EST MA0 0012 - Estacade de la Folie","LIBELLE":"EST MA0 0012 - Estacade de la Folie","LIBELLE_COURT":"EST MA0 0012","COMMUNE":"POITIERS","SITUATION":"MA1","PKEF":"1,186","TYPE":"Estacade","INFRA_PORTEE":"RAC MA1 + MA2","INFRA_FRANCHIE":"-","HAUTEUR_LIBRE":"-","LONGUEUR_BIAISE":"V1:677,276 V2:656,120 Vdouble:262,110"},"geometry":{"type":"Polygon","coordinates":[[[0.351825,46.622838],[0.351895,46.622607],[0.352112,46.621792],[0.352144,46.621669],[0.352257,46.621241],[0.352282,46.621133],[0.352412,46.620538],[0.352432,46.62043],[0.352492,46.619993],[0.3525,46.619906],[0.352522,46.619595],[0.352529,46.619379],[0.352529,46.619283],[0.352528,46.619196],[0.352516,46.61885],[0.352502,46.618678],[0.352494,46.618592],[0.35245,46.618247],[0.352384,46.617879],[0.352363,46.617785],[0.352325,46.617619],[0.35218,46.617083],[0.352152,46.616989],[0.35205,46.616653],[0.351941,46.616301],[0.351906,46.616186],[0.351696,46.615508],[0.351661,46.615394],[0.351419,46.614611],[0.351429,46.614609],[0.351436,46.614632],[0.351523,46.61462],[0.351577,46.614808],[0.351639,46.615006],[0.351699,46.615204],[0.351754,46.61538],[0.351822,46.6156],[0.351883,46.615798],[0.351999,46.616173],[0.352073,46.616414],[0.352135,46.616613],[0.352195,46.616811],[0.352419,46.617608],[0.352458,46.617775],[0.352506,46.61801],[0.352541,46.618212],[0.352589,46.618587],[0.352611,46.618847],[0.35262,46.619023],[0.352624,46.619197],[0.352624,46.619379],[0.352619,46.619551],[0.352608,46.619756],[0.352594,46.619911],[0.352571,46.620138],[0.352546,46.620316],[0.352525,46.620442],[0.352543,46.620444],[0.352736,46.619699],[0.352778,46.619523],[0.352821,46.619324],[0.352854,46.619154],[0.352886,46.618972],[0.352916,46.618777],[0.352948,46.618464],[0.352965,46.618205],[0.352972,46.617965],[0.352969,46.617722],[0.352964,46.617559],[0.352952,46.617359],[0.352929,46.617122],[0.352885,46.6168],[0.352811,46.616412],[0.352773,46.616245],[0.352721,46.616046],[0.352663,46.615848],[0.352584,46.615605],[0.352522,46.615434],[0.352447,46.615238],[0.352366,46.615044],[0.35227,46.614829],[0.352191,46.614658],[0.352089,46.614444],[0.35218,46.614423],[0.352362,46.61481],[0.352412,46.614922],[0.352487,46.615095],[0.352615,46.615417],[0.352678,46.615594],[0.352716,46.615707],[0.352756,46.615834],[0.352822,46.616063],[0.352905,46.616402],[0.352954,46.616642],[0.352984,46.616822],[0.353024,46.617119],[0.353034,46.617216],[0.353047,46.617355],[0.353065,46.617722],[0.353067,46.617901],[0.353063,46.618132],[0.353049,46.618397],[0.353031,46.618596],[0.352997,46.618866],[0.352936,46.619228],[0.352871,46.619535],[0.352788,46.619881],[0.352766,46.619966],[0.352669,46.620336],[0.352422,46.621262],[0.352005,46.62286],[0.351825,46.622838]]]}},{"type":"Feature","properties":{"name":"PRA CE1 0011 - RD 103","LIBELLE":"PRA CE1 0011 - RD 103","LIBELLE_COURT":"PRA CE1 0011","COMMUNE":"LA COURONNE","SITUATION":"CE1","PKEF":"1,18","TYPE":"PRA - Cadre/Dalot BA","INFRA_PORTEE":"RAC CE1","INFRA_FRANCHIE":"RD 103","HAUTEUR_LIBRE":"4,879","LONGUEUR_BIAISE":"12,519"},"geometry":{"type":"Polygon","coordinates":[[[0.093647,45.591898],[0.093562,45.591836],[0.093522,45.59181],[0.093563,45.59174],[0.093466,45.591687],[0.093432,45.59175],[0.093337,45.591689],[0.093341,45.591686],[0.09343,45.591744],[0.093464,45.591681],[0.093546,45.591554],[0.093408,45.591373],[0.093413,45.591371],[0.09355,45.591551],[0.093653,45.591609],[0.093746,45.591534],[0.09375,45.591537],[0.093654,45.591614],[0.093569,45.591739],[0.093528,45.591809],[0.093566,45.591833],[0.09365,45.591896],[0.093647,45.591898]]]}},{"type":"Feature","properties":{"name":"PRA CE2 0008 - RD 103","LIBELLE":"PRA CE2 0008 - RD 103","LIBELLE_COURT":"PRA CE2 0008","COMMUNE":"LA COURONNE","SITUATION":"CE2","PKEF":"1,174","TYPE":"PRA - Cadre/Dalot BA","INFRA_PORTEE":"RAC CE2","INFRA_FRANCHIE":"RD 103","HAUTEUR_LIBRE":"4,869","LONGUEUR_BIAISE":"11,678"},"geometry":{"type":"Polygon","coordinates":[[[0.093485,45.591883],[0.093414,45.592006],[0.093349,45.592127],[0.093345,45.592126],[0.093408,45.592007],[0.093322,45.591942],[0.093218,45.592015],[0.093214,45.592012],[0.093322,45.591936],[0.093388,45.591821],[0.093419,45.591764],[0.093322,45.591702],[0.093326,45.591699],[0.093425,45.591763],[0.093394,45.59182],[0.093483,45.591877],[0.093514,45.591824],[0.09354,45.59184],[0.093632,45.591908],[0.093628,45.59191],[0.093537,45.591842],[0.093516,45.591829],[0.093485,45.591883]]]}},{"type":"Feature","properties":{"name":"PRA JU2 0012 - OH le Chalançon 2","LIBELLE":"PRA JU2 0012 - OH le Chalançon 2","LIBELLE_COURT":"PRA JU2 0012","COMMUNE":"LUXE","SITUATION":"JU2","PKEF":"1,149","TYPE":"PRA - Cadre/Dalot BA","INFRA_PORTEE":"RAC JU2","INFRA_FRANCHIE":"OH le Chalançon 2","HAUTEUR_LIBRE":"2,125","LONGUEUR_BIAISE":"3,6"},"geometry":{"type":"Polygon","coordinates":[[[0.12514,45.914517],[0.125137,45.914515],[0.125184,45.914474],[0.125173,45.914447],[0.125113,45.914427],[0.125115,45.914424],[0.125176,45.914445],[0.125498,45.914419],[0.125539,45.914392],[0.125541,45.914394],[0.125502,45.91442],[0.125508,45.914445],[0.125566,45.914467],[0.125564,45.91447],[0.125504,45.914447],[0.125188,45.914475],[0.12514,45.914517]]]}},{"type":"Feature","properties":{"name":"PRA JU2 0011 - CR Piétons + RANDO","LIBELLE":"PRA JU2 0011 - CR Piétons + RANDO","LIBELLE_COURT":"PRA JU2 0011","COMMUNE":"LUXE","SITUATION":"JU2","PKEF":"1,129","TYPE":"PRA - Cadre/Dalot BA","INFRA_PORTEE":"RAC JU2","INFRA_FRANCHIE":"CR Piétons + RANDO","HAUTEUR_LIBRE":"3,179","LONGUEUR_BIAISE":"4,6"},"geometry":{"type":"Polygon","coordinates":[[[0.125135,45.914332],[0.125134,45.91433],[0.125251,45.91429],[0.125243,45.914254],[0.125105,45.914235],[0.125106,45.914233],[0.125247,45.914252],[0.125359,45.91424],[0.125467,45.914203],[0.125469,45.914205],[0.125364,45.914242],[0.125374,45.914278],[0.125491,45.914292],[0.12549,45.914294],[0.125371,45.91428],[0.125255,45.914292],[0.125135,45.914332]]]}},{"type":"Feature","properties":{"name":"MSO MA2 0009 - Mur INGALE","LIBELLE":"MSO MA2 0009 - Mur INGALE","LIBELLE_COURT":"MSO MA2 0009","COMMUNE":"POITIERS","SITUATION":"MA2","PKEF":"1,106","TYPE":"Mur de soutènement","INFRA_PORTEE":"-","INFRA_FRANCHIE":"-","HAUTEUR_LIBRE":"-","LONGUEUR_BIAISE":"-"},"geometry":{"type":"Polygon","coordinates":[[[0.352307,46.618366],[0.352403,46.618263],[0.352336,46.617952],[0.352339,46.617917],[0.352337,46.617908],[0.35231,46.617784],[0.35232,46.617766],[0.352224,46.617373],[0.352228,46.617373],[0.352323,46.617766],[0.352323,46.617767],[0.352313,46.617785],[0.35234,46.617908],[0.352417,46.618267],[0.35229,46.618401],[0.352307,46.618366]]]}},{"type":"Feature","properties":{"name":"PRA FS2 0009 - Accès délaissés","LIBELLE":"PRA FS2 0009 - Accès délaissés","LIBELLE_COURT":"PRA FS2 0009","COMMUNE":"FONTAINE-LE-COMTE","SITUATION":"FS2","PKEF":"0,944","TYPE":"PRA - Cadre/Dalot BA","INFRA_PORTEE":"RAC FS2","INFRA_FRANCHIE":"Accès délaissés","HAUTEUR_LIBRE":"4,7","LONGUEUR_BIAISE":"5,2"},"geometry":{"type":"Polygon","coordinates":[[[0.236867,46.511327],[0.236862,46.511325],[0.236904,46.511238],[0.236854,46.511212],[0.236738,46.511265],[0.236735,46.511262],[0.236854,46.511206],[0.237031,46.511043],[0.237065,46.51097],[0.23707,46.510971],[0.237038,46.511042],[0.237084,46.511066],[0.237197,46.511015],[0.2372,46.511018],[0.237084,46.51107],[0.23691,46.511237],[0.236867,46.511327]]]}},{"type":"Feature","properties":{"name":"SDM CE1 0009 - Saut de mouton de la Couronne","LIBELLE":"SDM CE1 0009 - Saut de mouton de la Couronne","LIBELLE_COURT":"SDM CE1 0009","COMMUNE":"LA COURONNE","SITUATION":"CE1","PKEF":"0,915","TYPE":"Saut-de-mouton - Murs terre armée","INFRA_PORTEE":"RAC CE1","INFRA_FRANCHIE":"LC Paris Bordeaux","HAUTEUR_LIBRE":"","LONGUEUR_BIAISE":""},"geometry":{"type":"Polygon","coordinates":[[[0.09641,45.594315],[0.096157,45.593776],[0.095936,45.593828],[0.095686,45.593283],[0.095562,45.593036],[0.095379,45.592648],[0.095385,45.592646],[0.095566,45.59303],[0.095782,45.592977],[0.096017,45.593484],[0.096162,45.593769],[0.096417,45.594313],[0.09641,45.594315]]]}},{"type":"Feature","properties":{"name":"PRA FN1 0008 - LA RUNE","LIBELLE":"PRA FN1 0008 - LA RUNE","LIBELLE_COURT":"PRA FN1 0008","COMMUNE":"COULOMBIERS","SITUATION":"FN1","PKEF":"0,818","TYPE":"PRA - Cadre/Dalot BA","INFRA_PORTEE":"RAC FN1 + FN2","INFRA_FRANCHIE":"LA RUNE","HAUTEUR_LIBRE":"3","LONGUEUR_BIAISE":"2,6"},"geometry":{"type":"Polygon","coordinates":[[[0.221586,46.504546],[0.221719,46.504555],[0.222261,46.50414],[0.222298,46.504163],[0.221755,46.504578],[0.221782,46.504668],[0.221776,46.504669],[0.221586,46.50455],[0.221586,46.504546]]]}},{"type":"Feature","properties":{"name":"MSO MA2 0004 - Mur de l'estacade de la Folie SUD V2","LIBELLE":"MSO MA2 0004 - Mur de l'estacade de la Folie SUD V2","LIBELLE_COURT":"MSO MA2 0004","COMMUNE":"POITIERS","SITUATION":"MA2","PKEF":"0,642","TYPE":"Mur de soutènement","INFRA_PORTEE":"RAC MA2","INFRA_FRANCHIE":"-","HAUTEUR_LIBRE":"-","LONGUEUR_BIAISE":"-"},"geometry":{"type":"Polygon","coordinates":[[[0.351514,46.614619],[0.351018,46.613015],[0.351024,46.613014],[0.35152,46.614618],[0.351514,46.614619]]]}},{"type":"Feature","properties":{"name":"MSO MA1 0005 - Mur de soutenement sud V1 dela folie","LIBELLE":"MSO MA1 0005 - Mur de soutenement sud V1 dela folie","LIBELLE_COURT":"MSO MA1 0005","COMMUNE":"POITIERS","SITUATION":"MA1","PKEF":"0,564","TYPE":"Mur de soutènement","INFRA_PORTEE":"RAC MA1","INFRA_FRANCHIE":"-","HAUTEUR_LIBRE":"-","LONGUEUR_BIAISE":"-"},"geometry":{"type":"Polygon","coordinates":[[[0.351592,46.613823],[0.35138,46.613203],[0.351379,46.613198],[0.351382,46.613198],[0.351385,46.613197],[0.351407,46.613192],[0.35134,46.613056],[0.351347,46.613054],[0.351417,46.613195],[0.351387,46.613202],[0.351597,46.613822],[0.351592,46.613823]]]}},{"type":"Feature","properties":{"name":"PRO FN0 0004 - VC 4","LIBELLE":"PRO FN0 0004 - VC 4","LIBELLE_COURT":"PRO FN0 0004","COMMUNE":"COULOMBIERS","SITUATION":"FN1","PKEF":"0,477","TYPE":"PRO - PRAD","INFRA_PORTEE":"VC 4","INFRA_FRANCHIE":"RAC FN1 + FN2 + LC","HAUTEUR_LIBRE":"6,48","LONGUEUR_BIAISE":"80,5"},"geometry":{"type":"Polygon","coordinates":[[[0.218784,46.502364],[0.218699,46.502313],[0.219459,46.501772],[0.219533,46.501827],[0.218784,46.502364]]]}},{"type":"Feature","properties":{"name":"MSO CE2 0001 - Murs de la Couronne","LIBELLE":"MSO CE2 0001 - Murs de la Couronne","LIBELLE_COURT":"MSO CE2 0001","COMMUNE":"LA COURONNE","SITUATION":"CE2","PKEF":"0,418","TYPE":"Mur de soutènement","INFRA_PORTEE":"-","INFRA_FRANCHIE":"-","HAUTEUR_LIBRE":"-","LONGUEUR_BIAISE":"-"},"geometry":{"type":"Polygon","coordinates":[[[0.097948,45.598039],[0.098132,45.598388],[0.098126,45.59839],[0.098028,45.598215],[0.097883,45.597961],[0.09784,45.59788],[0.097656,45.597543],[0.097655,45.597502],[0.097827,45.597813],[0.097948,45.598039]]]}},{"type":"Feature","properties":{"name":"PRO VN1 0002 - RD 116","LIBELLE":"PRO VN1 0002 - RD 116","LIBELLE_COURT":"PRO VN1 0002","COMMUNE":"VERVANT","SITUATION":"VN1","PKEF":"0,206","TYPE":"PRO - PRAD","INFRA_PORTEE":"RD 116","INFRA_FRANCHIE":"RAC VN1 + LC","HAUTEUR_LIBRE":"6,13","LONGUEUR_BIAISE":"45,3"},"geometry":{"type":"Polygon","coordinates":[[[0.122059,45.828798],[0.12215,45.828747],[0.122513,45.829063],[0.122422,45.829114],[0.122059,45.828798]]]}},{"type":"Feature","properties":{"name":"MSO CE1 0001 - Murs de la Couronne","LIBELLE":"MSO CE1 0001 - Murs de la Couronne","LIBELLE_COURT":"MSO CE1 0001","COMMUNE":"LA COURONNE","SITUATION":"CE1","PKEF":"0,125","TYPE":"Mur de soutènement","INFRA_PORTEE":"-","INFRA_FRANCHIE":"-","HAUTEUR_LIBRE":"-","LONGUEUR_BIAISE":"-"},"geometry":{"type":"Polygon","coordinates":[[[0.09878,45.598982],[0.098794,45.599021],[0.098883,45.599275],[0.098861,45.599312],[0.098968,45.599537],[0.099031,45.599701],[0.09909,45.599853],[0.099198,45.600065],[0.099237,45.600151],[0.099295,45.600279],[0.099391,45.600484],[0.099396,45.600493],[0.099496,45.600706],[0.099591,45.600919],[0.099685,45.601134],[0.099706,45.601177],[0.09966,45.60114],[0.099564,45.600925],[0.099502,45.600786],[0.099469,45.600712],[0.099368,45.600499],[0.099305,45.600365],[0.099267,45.600285],[0.099165,45.600072],[0.099064,45.599859],[0.098999,45.599691],[0.09898,45.599642],[0.098942,45.599543],[0.098937,45.599518],[0.098859,45.599354],[0.09884,45.599313],[0.098842,45.599275],[0.098741,45.598989],[0.09878,45.598982]]]}},{"type":"Feature","properties":{"name":"PRO CA0 0000 - VC 152","LIBELLE":"PRO CA0 0000 - VC 152","LIBELLE_COURT":"PRO CA0 0000","COMMUNE":"CELLE-SAINT-AVANT (LA)","SITUATION":"CA1","PKEF":"0,084","TYPE":"PRO - PRAD","INFRA_PORTEE":"VC 152","INFRA_FRANCHIE":"LC","HAUTEUR_LIBRE":"6,82","LONGUEUR_BIAISE":"43,536"},"geometry":{"type":"Polygon","coordinates":[[[0.592851,47.023746],[0.593095,47.023897],[0.593108,47.023905],[0.593113,47.023908],[0.593184,47.023951],[0.593194,47.023958],[0.593193,47.02396],[0.593183,47.023969],[0.593181,47.023971],[0.593157,47.023993],[0.593151,47.023998],[0.593139,47.02401],[0.593138,47.024011],[0.593131,47.024007],[0.593051,47.023957],[0.593049,47.023955],[0.593047,47.023954],[0.592801,47.0238],[0.592851,47.023746]]]}},{"type":"Feature","properties":{"name":"PRO FS0 0001 - VC2","LIBELLE":"PRO FS0 0001 - VC2","LIBELLE_COURT":"PRO FS0 0001","COMMUNE":"FONTAINE-LE-COMTE","SITUATION":"FS1","PKEF":"0,078","TYPE":"PRO - Poutrelles enrobées","INFRA_PORTEE":"VC2","INFRA_FRANCHIE":"LC + RAC FS1 + RAC FS2","HAUTEUR_LIBRE":"6,81","LONGUEUR_BIAISE":"55,14"},"geometry":{"type":"Polygon","coordinates":[[[0.24557,46.514648],[0.245478,46.514608],[0.245856,46.514183],[0.245952,46.514223],[0.24557,46.514648]]]}},{"type":"Feature","properties":{"name":"Point 482","LIBELLE":"","LIBELLE_COURT":"","COMMUNE":"","SITUATION":"","PKEF":"","TYPE":"","INFRA_PORTEE":"","INFRA_FRANCHIE":"","HAUTEUR_LIBRE":"","LONGUEUR_BIAISE":""},"geometry":{"type":"Point","coordinates":[-0.048569,45.313077]}},{"type":"Feature","properties":{"name":"Point 483","LIBELLE":"","LIBELLE_COURT":"","COMMUNE":"","SITUATION":"","PKEF":"","TYPE":"","INFRA_PORTEE":"","INFRA_FRANCHIE":"","HAUTEUR_LIBRE":"","LONGUEUR_BIAISE":""},"geometry":{"type":"Point","coordinates":[-0.136103,45.247252]}},{"type":"Feature","properties":{"name":"Point 484","LIBELLE":"","LIBELLE_COURT":"","COMMUNE":"","SITUATION":"","PKEF":"","TYPE":"","INFRA_PORTEE":"","INFRA_FRANCHIE":"","HAUTEUR_LIBRE":"","LONGUEUR_BIAISE":""},"geometry":{"type":"Point","coordinates":[-0.175076,45.205621]}}]}