{"type":"FeatureCollection","features":[{"id":"3200","type":"Feature","properties":{"id":"017_062024_001989","dept":"017","source":"Zonage local","idsource":"FORESTIE0000000001714538","zonage":"1","diffusion":"Non","url":"https://www.charente-maritime.gouv.fr/Actions-de-l-Etat/Securite/Securite-civile/Prevention-des-incendies-de-foret/Obligations-Legales-de-Debroussaillement-OLD","date_integ":"01/06/24","dat_ap_old":"02/12/20","fid_1":0.0,"id_m":0.0,"nom_massif":null,"layer":null,"path":null,"buff_dist":200.0,"orig_fid":"3208","globalid":"{2B8031F1-44EB-4D49-8695-AFC40A249135}","created_us":null,"created_da":"NaT","last_edite":null,"last_edi_1":"NaT","st_area_sh":571385.204305,"st_length_":2995.24193067},"geometry":{"type":"Polygon","coordinates":[[[-0.31178807607113485,45.136012929452214],[-0.31408183424224234,45.13565640483612],[-0.31014858495126757,45.13754038959312],[-0.31178807607113485,45.136012929452214]]]}},{"id":"3863","type":"Feature","properties":{"id":"017_062024_002925","dept":"017","source":"Zonage local","idsource":"FORESTIE0000000001700020","zonage":"1","diffusion":"Non","url":"https://www.charente-maritime.gouv.fr/Actions-de-l-Etat/Securite/Securite-civile/Prevention-des-incendies-de-foret/Obligations-Legales-de-Debroussaillement-OLD","date_integ":"01/06/24","dat_ap_old":"02/12/20","fid_1":0.0,"id_m":0.0,"nom_massif":null,"layer":null,"path":null,"buff_dist":200.0,"orig_fid":"3871","globalid":"{EA72A93E-184C-4FAE-A0EB-5A2FB4A853B4}","created_us":null,"created_da":"NaT","last_edite":null,"last_edi_1":"NaT","st_area_sh":290619.664542,"st_length_":1938.1548183},"geometry":{"type":"Polygon","coordinates":[[[-0.29129168288075047,45.14522565335143],[-0.2921179392538896,45.147267894461606],[-0.29155689787128064,45.148472849674576],[-0.28725697059252553,45.149081625362044],[-0.29129168288075047,45.14522565335143]]]}},{"id":"1917","type":"Feature","properties":{"id":"017_062024_000565","dept":"017","source":"Zonage local","idsource":"FORESTIE0000000001701702","zonage":"1","diffusion":"Non","url":"https://www.charente-maritime.gouv.fr/Actions-de-l-Etat/Securite/Securite-civile/Prevention-des-incendies-de-foret/Obligations-Legales-de-Debroussaillement-OLD","date_integ":"01/06/24","dat_ap_old":"02/12/20","fid_1":0.0,"id_m":0.0,"nom_massif":null,"layer":null,"path":null,"buff_dist":200.0,"orig_fid":"1923","globalid":"{B494EE9B-AECE-48FC-8D97-906D137ED441}","created_us":null,"created_da":"NaT","last_edite":null,"last_edi_1":"NaT","st_area_sh":242803.29447,"st_length_":1787.7251513},"geometry":{"type":"Polygon","coordinates":[[[-0.29192743138779803,45.144704520422415],[-0.29366257490036546,45.14591228921618],[-0.29313950882437834,45.148968623140235],[-0.2907245831779027,45.15012170299543],[-0.2883495668013608,45.149539773816734],[-0.28764317501736014,45.14868374507454],[-0.29192743138779803,45.144704520422415]]]}},{"id":"8095","type":"Feature","properties":{"id":"017_062024_007617","dept":"017","source":"Zonage local","idsource":"FORESTIE0000000001700003","zonage":"1","diffusion":"Non","url":"https://www.charente-maritime.gouv.fr/Actions-de-l-Etat/Securite/Securite-civile/Prevention-des-incendies-de-foret/Obligations-Legales-de-Debroussaillement-OLD","date_integ":"01/06/24","dat_ap_old":"02/12/20","fid_1":0.0,"id_m":0.0,"nom_massif":null,"layer":null,"path":null,"buff_dist":200.0,"orig_fid":"8107","globalid":"{7E6C770F-756E-4CD1-A730-95771ECCE6F0}","created_us":null,"created_da":"NaT","last_edite":null,"last_edi_1":"NaT","st_area_sh":153784.690015,"st_length_":1394.64848041},"geometry":{"type":"Polygon","coordinates":[[[-0.2936229389493535,45.14536662542612],[-0.29648293922254837,45.14649689923635],[-0.2934600661722154,45.149191758897324],[-0.2916424872406563,45.148455969288975],[-0.2910184783904134,45.147124160205635],[-0.2918063679725318,45.14586368367346],[-0.2936229389493535,45.14536662542612]]]}},{"id":"5606","type":"Feature","properties":{"id":"017_062024_004697","dept":"017","source":"Zonage local","idsource":"FORESTIE0000000001701875","zonage":"1","diffusion":"Non","url":"https://www.charente-maritime.gouv.fr/Actions-de-l-Etat/Securite/Securite-civile/Prevention-des-incendies-de-foret/Obligations-Legales-de-Debroussaillement-OLD","date_integ":"01/06/24","dat_ap_old":"02/12/20","fid_1":0.0,"id_m":0.0,"nom_massif":null,"layer":null,"path":null,"buff_dist":200.0,"orig_fid":"5618","globalid":"{D2C69B62-0F1E-45BE-B643-D82A071BF26B}","created_us":null,"created_da":"NaT","last_edite":null,"last_edi_1":"NaT","st_area_sh":1242712.78968,"st_length_":5881.70406998},"geometry":{"type":"Polygon","coordinates":[[[-0.2905273198455232,45.14590710543619],[-0.28997992200972034,45.146843374122035],[-0.2888733732257275,45.147457112844435],[-0.2905273198455232,45.14590710543619]]]}},{"id":"443","type":"Feature","properties":{"id":"033_122024_000342","dept":"033","source":"Zonage local+traitements IGN","idsource":null,"zonage":"2","diffusion":"Oui","url":"https://www.gironde.gouv.fr/Actions-de-l-Etat/Environnement-risques-naturels-et-technologiques/Prevention-des-risques-naturels-et-technologiques/Les-risques-en-Gironde/Le-risque-feux-de-foret","date_integ":"01/12/24","dat_ap_old":"20/04/16","fid_1":0.0,"id_m":0.0,"nom_massif":null,"layer":null,"path":null,"buff_dist":200.0,"orig_fid":"449","globalid":"{BC6ADC4A-3BDD-4957-97F3-0BB697B230A0}","created_us":null,"created_da":"NaT","last_edite":null,"last_edi_1":"NaT","st_area_sh":9286999980.78,"st_length_":2744293.27816},"geometry":{"type":"Polygon","coordinates":[[[-0.4349352501897018,44.965537149344705],[-0.4540683682699182,44.94792347115258],[-0.4545309815121868,44.95005786001667],[-0.45606042017367165,44.9519435673092],[-0.4407018452877192,44.96575533241031],[-0.43133639184886224,44.98001517672277],[-0.42933363005057384,44.98648367120106],[-0.42763375901461165,45.001646340606165],[-0.4224192606417904,45.01328031172368],[-0.4190167409293381,45.02536414609439],[-0.41644167016919503,45.03102633114031],[-0.3919958852824072,45.06953775746661],[-0.37585709641889786,45.08854712119365],[-0.3619237848383839,45.10707119900943],[-0.3527974552340863,45.1161416885414],[-0.34144241262983654,45.12378306208636],[-0.30911531204720427,45.13807823692718],[-0.30070845411941033,45.143242145159114],[-0.29347927633885806,45.14917347261332],[-0.288588227063333,45.14773567332838],[-0.2962814844673409,45.14123386482031],[-0.3052486599349359,45.13558241585077],[-0.3324534065235021,45.1238424672795],[-0.34140117064404746,45.11908347873769],[-0.35026382556428576,45.11262214569041],[-0.35746770413084916,45.105252772715524],[-0.37144808953038155,45.08667156359708],[-0.3873846759682285,45.067928687976476],[-0.41166736817470484,45.02968306736634],[-0.41403570250696603,45.02447648040201],[-0.41744832328557285,45.0123778344274],[-0.42263488759478474,45.00082500657377],[-0.4242348082348123,44.986091467054706],[-0.4263130745020177,44.979218890207335],[-0.4349352501897018,44.965537149344705]]]}},{"id":"328","type":"Feature","properties":{"id":"033_122024_000227","dept":"033","source":"Zonage local+traitements IGN","idsource":null,"zonage":"2","diffusion":"Oui","url":"https://www.gironde.gouv.fr/Actions-de-l-Etat/Environnement-risques-naturels-et-technologiques/Prevention-des-risques-naturels-et-technologiques/Les-risques-en-Gironde/Le-risque-feux-de-foret","date_integ":"01/12/24","dat_ap_old":"20/04/16","fid_1":0.0,"id_m":0.0,"nom_massif":null,"layer":null,"path":null,"buff_dist":200.0,"orig_fid":"334","globalid":"{0F206720-6B54-4A0D-A676-E0F2A9D0EFF2}","created_us":null,"created_da":"NaT","last_edite":null,"last_edi_1":"NaT","st_area_sh":50015286.6025,"st_length_":56868.7598077},"geometry":{"type":"MultiPolygon","coordinates":[[[[-0.4542473409465809,44.953482142480894],[-0.4514922464757998,44.95016548067404],[-0.45715999376564487,44.945232344883614],[-0.45964508233259244,44.945549080758504],[-0.46180458075622177,44.9469434184408],[-0.4542473409465809,44.953482142480894]]],[[[-0.4626277676052186,44.94616509580106],[-0.4620220979504304,44.94327881053967],[-0.4602641418103092,44.94253000762078],[-0.47000622157497834,44.93477616215709],[-0.49432277949049225,44.92798288915496],[-0.4974747293222559,44.928897202481636],[-0.49765070859928007,44.930104028586086],[-0.4962840104467738,44.93129922003068],[-0.4729901501152825,44.93773237638804],[-0.4626277676052186,44.94616509580106]]]]}},{"id":"3203","type":"Feature","properties":{"id":"017_062024_001992","dept":"017","source":"Zonage local","idsource":"FORESTIE0000000001714538","zonage":"1","diffusion":"Non","url":"https://www.charente-maritime.gouv.fr/Actions-de-l-Etat/Securite/Securite-civile/Prevention-des-incendies-de-foret/Obligations-Legales-de-Debroussaillement-OLD","date_integ":"01/06/24","dat_ap_old":"02/12/20","fid_1":0.0,"id_m":0.0,"nom_massif":null,"layer":null,"path":null,"buff_dist":200.0,"orig_fid":"3211","globalid":"{9BC3591E-D36A-468B-9A95-61AD9328D223}","created_us":null,"created_da":"NaT","last_edite":null,"last_edi_1":"NaT","st_area_sh":296766.374182,"st_length_":2072.09632707},"geometry":{"type":"Polygon","coordinates":[[[-0.2933543442041574,45.14633071755771],[-0.29665496625117743,45.14635360462202],[-0.2929260970482813,45.14970619986179],[-0.2922602114768354,45.147648990021395],[-0.2933543442041574,45.14633071755771]]]}},{"id":"3883","type":"Feature","properties":{"id":"017_062024_002945","dept":"017","source":"Zonage local","idsource":"FORESTIE0000000001700020","zonage":"1","diffusion":"Non","url":"https://www.charente-maritime.gouv.fr/Actions-de-l-Etat/Securite/Securite-civile/Prevention-des-incendies-de-foret/Obligations-Legales-de-Debroussaillement-OLD","date_integ":"01/06/24","dat_ap_old":"02/12/20","fid_1":0.0,"id_m":0.0,"nom_massif":null,"layer":null,"path":null,"buff_dist":200.0,"orig_fid":"3891","globalid":"{D8A0D19A-E5C7-467D-AA9D-0E4467890DF2}","created_us":null,"created_da":"NaT","last_edite":null,"last_edi_1":"NaT","st_area_sh":381966.868723,"st_length_":2243.40394151},"geometry":{"type":"Polygon","coordinates":[[[-0.293194653923885,45.145180826184266],[-0.29665546442604157,45.14635319085186],[-0.29128283344695016,45.15136924744333],[-0.2892331124824363,45.15077018157796],[-0.2885236840386763,45.14858865190436],[-0.29126139624738884,45.145761947395464],[-0.293194653923885,45.145180826184266]]]}},{"id":"5037","type":"Feature","properties":{"id":"017_062024_004100","dept":"017","source":"Zonage local","idsource":"FORESTIE0000000001700004","zonage":"1","diffusion":"Non","url":"https://www.charente-maritime.gouv.fr/Actions-de-l-Etat/Securite/Securite-civile/Prevention-des-incendies-de-foret/Obligations-Legales-de-Debroussaillement-OLD","date_integ":"01/06/24","dat_ap_old":"02/12/20","fid_1":0.0,"id_m":0.0,"nom_massif":null,"layer":null,"path":null,"buff_dist":200.0,"orig_fid":"5045","globalid":"{3FA96504-242C-4DE5-AA52-A877AF8FFC7A}","created_us":null,"created_da":"NaT","last_edite":null,"last_edi_1":"NaT","st_area_sh":324366.97012,"st_length_":2046.90191846},"geometry":{"type":"Polygon","coordinates":[[[-0.29400258508229166,45.146602615423355],[-0.2963804104079732,45.14658277704806],[-0.2916009597826133,45.15103877917976],[-0.2911471689683864,45.14965147084482],[-0.2923477052657135,45.14751804482974],[-0.29400258508229166,45.146602615423355]]]}},{"id":"8038","type":"Feature","properties":{"id":"017_062024_007560","dept":"017","source":"Zonage local","idsource":"FORESTIE0000000001700003","zonage":"1","diffusion":"Non","url":"https://www.charente-maritime.gouv.fr/Actions-de-l-Etat/Securite/Securite-civile/Prevention-des-incendies-de-foret/Obligations-Legales-de-Debroussaillement-OLD","date_integ":"01/06/24","dat_ap_old":"02/12/20","fid_1":0.0,"id_m":0.0,"nom_massif":null,"layer":null,"path":null,"buff_dist":200.0,"orig_fid":"8050","globalid":"{1B2875E4-5D2A-4504-9352-CF108509A8EB}","created_us":null,"created_da":"NaT","last_edite":null,"last_edi_1":"NaT","st_area_sh":1254487.09947,"st_length_":4433.02409906},"geometry":{"type":"Polygon","coordinates":[[[-0.2919206130549367,45.14468031508003],[-0.2944884412838519,45.14619929034497],[-0.2936051458066632,45.14857038476581],[-0.28552667568148005,45.15628205439648],[-0.2833132544224285,45.15665827372426],[-0.28077031411307607,45.15596429285436],[-0.2919206130549367,45.14468031508003]]]}},{"id":"3890","type":"Feature","properties":{"id":"017_062024_002952","dept":"017","source":"Zonage local","idsource":"FORESTIE0000000001700020","zonage":"1","diffusion":"Non","url":"https://www.charente-maritime.gouv.fr/Actions-de-l-Etat/Securite/Securite-civile/Prevention-des-incendies-de-foret/Obligations-Legales-de-Debroussaillement-OLD","date_integ":"01/06/24","dat_ap_old":"02/12/20","fid_1":0.0,"id_m":0.0,"nom_massif":null,"layer":null,"path":null,"buff_dist":200.0,"orig_fid":"3898","globalid":"{3F847435-DACE-42DF-A434-F0C6652C0137}","created_us":null,"created_da":"NaT","last_edite":null,"last_edi_1":"NaT","st_area_sh":355576.301757,"st_length_":2257.73923448},"geometry":{"type":"Polygon","coordinates":[[[-0.28383682770938584,45.15270385612957],[-0.28356562892356363,45.1530559520575],[-0.28328399227913353,45.153291739443],[-0.28383682770938584,45.15270385612957]]]}},{"id":"5588","type":"Feature","properties":{"id":"017_062024_004679","dept":"017","source":"Zonage local","idsource":"FORESTIE0000000001701875","zonage":"1","diffusion":"Non","url":"https://www.charente-maritime.gouv.fr/Actions-de-l-Etat/Securite/Securite-civile/Prevention-des-incendies-de-foret/Obligations-Legales-de-Debroussaillement-OLD","date_integ":"01/06/24","dat_ap_old":"02/12/20","fid_1":0.0,"id_m":0.0,"nom_massif":null,"layer":null,"path":null,"buff_dist":200.0,"orig_fid":"5600","globalid":"{AFE4B1CA-5AF0-4ACA-9626-8855A470C4F3}","created_us":null,"created_da":"NaT","last_edite":null,"last_edi_1":"NaT","st_area_sh":429011.491078,"st_length_":2424.2268088},"geometry":{"type":"Polygon","coordinates":[[[-0.2896767149998837,45.14669082144322],[-0.29058997371242035,45.14923530824801],[-0.2897253777087203,45.152413330283984],[-0.28676521094709684,45.153845976573194],[-0.28355690995938676,45.153001479693714],[-0.2896767149998837,45.14669082144322]]]}},{"id":"2718","type":"Feature","properties":{"id":"017_062024_001459","dept":"017","source":"Zonage local","idsource":"FORESTIE0000000001721538","zonage":"1","diffusion":"Non","url":"https://www.charente-maritime.gouv.fr/Actions-de-l-Etat/Securite/Securite-civile/Prevention-des-incendies-de-foret/Obligations-Legales-de-Debroussaillement-OLD","date_integ":"01/06/24","dat_ap_old":"02/12/20","fid_1":0.0,"id_m":0.0,"nom_massif":null,"layer":null,"path":null,"buff_dist":200.0,"orig_fid":"2724","globalid":"{4C4197C2-B212-4B1A-92D5-19B29CA46E2F}","created_us":null,"created_da":"NaT","last_edite":null,"last_edi_1":"NaT","st_area_sh":264451.157502,"st_length_":1879.23295402},"geometry":{"type":"Polygon","coordinates":[[[-0.2848090564203226,45.151673741805574],[-0.28438561569579307,45.15333935594529],[-0.2824914630821537,45.15413434291438],[-0.2848090564203226,45.151673741805574]]]}},{"id":"4867","type":"Feature","properties":{"id":"017_062024_003930","dept":"017","source":"Zonage local","idsource":"FORESTIE0000000001700004","zonage":"1","diffusion":"Non","url":"https://www.charente-maritime.gouv.fr/Actions-de-l-Etat/Securite/Securite-civile/Prevention-des-incendies-de-foret/Obligations-Legales-de-Debroussaillement-OLD","date_integ":"01/06/24","dat_ap_old":"02/12/20","fid_1":0.0,"id_m":0.0,"nom_massif":null,"layer":null,"path":null,"buff_dist":200.0,"orig_fid":"4875","globalid":"{7B1F4F0F-40BB-44AD-94DC-EC823BA0782A}","created_us":null,"created_da":"NaT","last_edite":null,"last_edi_1":"NaT","st_area_sh":299299.123289,"st_length_":1975.87519167},"geometry":{"type":"Polygon","coordinates":[[[-0.28458824107855224,45.15192980433106],[-0.2841967045223637,45.15339018018963],[-0.2818554231247577,45.15481064058467],[-0.28458824107855224,45.15192980433106]]]}},{"id":"8037","type":"Feature","properties":{"id":"017_062024_007559","dept":"017","source":"Zonage local","idsource":"FORESTIE0000000001700003","zonage":"1","diffusion":"Non","url":"https://www.charente-maritime.gouv.fr/Actions-de-l-Etat/Securite/Securite-civile/Prevention-des-incendies-de-foret/Obligations-Legales-de-Debroussaillement-OLD","date_integ":"01/06/24","dat_ap_old":"02/12/20","fid_1":0.0,"id_m":0.0,"nom_massif":null,"layer":null,"path":null,"buff_dist":200.0,"orig_fid":"8049","globalid":"{C3F3DBB3-6935-418A-899E-56903C1B8DD2}","created_us":null,"created_da":"NaT","last_edite":null,"last_edi_1":"NaT","st_area_sh":9971748.71123,"st_length_":16087.6659187},"geometry":{"type":"Polygon","coordinates":[[[-0.2808922580271225,45.15584109495502],[-0.28043920901653674,45.15712970658918],[-0.2814658456427869,45.1581868499769],[-0.28125890902146006,45.160783221574064],[-0.2788082800010737,45.16385401149542],[-0.27529150285892706,45.166110247502196],[-0.2713433575264271,45.165194751269254],[-0.2808922580271225,45.15584109495502]]]}},{"id":"7997","type":"Feature","properties":{"id":"017_062024_007519","dept":"017","source":"Zonage local","idsource":"FORESTIE0000000001700003","zonage":"1","diffusion":"Non","url":"https://www.charente-maritime.gouv.fr/Actions-de-l-Etat/Securite/Securite-civile/Prevention-des-incendies-de-foret/Obligations-Legales-de-Debroussaillement-OLD","date_integ":"01/06/24","dat_ap_old":"02/12/20","fid_1":0.0,"id_m":0.0,"nom_massif":null,"layer":null,"path":null,"buff_dist":200.0,"orig_fid":"8009","globalid":"{03B72E2F-89A2-4B9C-9B6F-ED1D3224817C}","created_us":null,"created_da":"NaT","last_edite":null,"last_edi_1":"NaT","st_area_sh":1017090.93747,"st_length_":4007.83466746},"geometry":{"type":"Polygon","coordinates":[[[-0.2884052136196356,45.15438964752881],[-0.28629538892105744,45.15299573064597],[-0.2868299327223564,45.150092485930145],[-0.289816276069069,45.14774124584473],[-0.29446922044202883,45.14817554983585],[-0.2956350815272246,45.14721810455264],[-0.2884052136196356,45.15438964752881]]]}},{"id":"5952","type":"Feature","properties":{"id":"017_062024_005099","dept":"017","source":"Zonage local","idsource":"FORESTIE0000000001700001","zonage":"1","diffusion":"Non","url":"https://www.charente-maritime.gouv.fr/Actions-de-l-Etat/Securite/Securite-civile/Prevention-des-incendies-de-foret/Obligations-Legales-de-Debroussaillement-OLD","date_integ":"01/06/24","dat_ap_old":"02/12/20","fid_1":0.0,"id_m":0.0,"nom_massif":null,"layer":null,"path":null,"buff_dist":200.0,"orig_fid":"5964","globalid":"{0DFE2092-B1D8-4467-B331-CCA4548202B9}","created_us":null,"created_da":"NaT","last_edite":null,"last_edi_1":"NaT","st_area_sh":270950.760591,"st_length_":1879.95811852},"geometry":{"type":"Polygon","coordinates":[[[-0.28599006737750743,45.150414256396516],[-0.288835607564005,45.151690224918696],[-0.2883907687536059,45.15373993491734],[-0.28638895666120834,45.15479950557273],[-0.2821424015789676,45.15450540217152],[-0.28599006737750743,45.150414256396516]]]}},{"id":"7442","type":"Feature","properties":{"id":"017_062024_006880","dept":"017","source":"Zonage local","idsource":"FORESTIE0000000001711140","zonage":"1","diffusion":"Non","url":"https://www.charente-maritime.gouv.fr/Actions-de-l-Etat/Securite/Securite-civile/Prevention-des-incendies-de-foret/Obligations-Legales-de-Debroussaillement-OLD","date_integ":"01/06/24","dat_ap_old":"02/12/20","fid_1":0.0,"id_m":0.0,"nom_massif":null,"layer":null,"path":null,"buff_dist":200.0,"orig_fid":"7454","globalid":"{AEF9BF23-C5D3-4B2D-83F9-B33547125A17}","created_us":null,"created_da":"NaT","last_edite":null,"last_edi_1":"NaT","st_area_sh":401926.159476,"st_length_":2375.4185348},"geometry":{"type":"Polygon","coordinates":[[[-0.28889250331837607,45.14945523711891],[-0.29161835165704414,45.15102080248585],[-0.2862219262897216,45.1567422068864],[-0.2841994425964892,45.15623359908694],[-0.28318095403015253,45.153988225863664],[-0.2867669313725518,45.150082342424014],[-0.28889250331837607,45.14945523711891]]]}},{"id":"5327","type":"Feature","properties":{"id":"017_062024_004418","dept":"017","source":"Zonage local","idsource":"FORESTIE0000000001701875","zonage":"1","diffusion":"Non","url":"https://www.charente-maritime.gouv.fr/Actions-de-l-Etat/Securite/Securite-civile/Prevention-des-incendies-de-foret/Obligations-Legales-de-Debroussaillement-OLD","date_integ":"01/06/24","dat_ap_old":"02/12/20","fid_1":0.0,"id_m":0.0,"nom_massif":null,"layer":null,"path":null,"buff_dist":200.0,"orig_fid":"5339","globalid":"{AB865326-0902-4A9A-8FDB-9FDBB1F19E05}","created_us":null,"created_da":"NaT","last_edite":null,"last_edi_1":"NaT","st_area_sh":763340.647955,"st_length_":3661.00933569},"geometry":{"type":"Polygon","coordinates":[[[-0.28680407729862384,45.156089790733645],[-0.28443921837459524,45.154895463948925],[-0.28469171894897566,45.15296277227937],[-0.28725617270886034,45.150918597771685],[-0.29163476352146706,45.15100386073236],[-0.28680407729862384,45.156089790733645]]]}},{"id":"4880","type":"Feature","properties":{"id":"017_062024_003943","dept":"017","source":"Zonage local","idsource":"FORESTIE0000000001700004","zonage":"1","diffusion":"Non","url":"https://www.charente-maritime.gouv.fr/Actions-de-l-Etat/Securite/Securite-civile/Prevention-des-incendies-de-foret/Obligations-Legales-de-Debroussaillement-OLD","date_integ":"01/06/24","dat_ap_old":"02/12/20","fid_1":0.0,"id_m":0.0,"nom_massif":null,"layer":null,"path":null,"buff_dist":200.0,"orig_fid":"4888","globalid":"{FF105C37-297B-40E6-B01E-75B13702E999}","created_us":null,"created_da":"NaT","last_edite":null,"last_edi_1":"NaT","st_area_sh":242353.336558,"st_length_":1755.34001052},"geometry":{"type":"Polygon","coordinates":[[[-0.28366351506886667,45.15294797259318],[-0.2855915726757393,45.1542180360257],[-0.28561207546945544,45.156307070136464],[-0.2831797504382829,45.15787079722033],[-0.2799651081284091,45.15682029729383],[-0.28366351506886667,45.15294797259318]]]}},{"id":"8018","type":"Feature","properties":{"id":"017_062024_007540","dept":"017","source":"Zonage local","idsource":"FORESTIE0000000001700003","zonage":"1","diffusion":"Non","url":"https://www.charente-maritime.gouv.fr/Actions-de-l-Etat/Securite/Securite-civile/Prevention-des-incendies-de-foret/Obligations-Legales-de-Debroussaillement-OLD","date_integ":"01/06/24","dat_ap_old":"02/12/20","fid_1":0.0,"id_m":0.0,"nom_massif":null,"layer":null,"path":null,"buff_dist":200.0,"orig_fid":"8030","globalid":"{07AD1006-05AE-4ECE-9674-F7D824AF01A8}","created_us":null,"created_da":"NaT","last_edite":null,"last_edi_1":"NaT","st_area_sh":887653.47209,"st_length_":3888.97240249},"geometry":{"type":"Polygon","coordinates":[[[-0.28549530765127323,45.15751481565634],[-0.2828625578481659,45.1563716203925],[-0.2830146147523864,45.154472754873964],[-0.28783102215967943,45.15206008905953],[-0.29133207882391643,45.151317877259096],[-0.28549530765127323,45.15751481565634]]]}},{"id":"4079","type":"Feature","properties":{"id":"017_062024_003141","dept":"017","source":"Zonage local","idsource":"FORESTIE0000000001700020","zonage":"1","diffusion":"Non","url":"https://www.charente-maritime.gouv.fr/Actions-de-l-Etat/Securite/Securite-civile/Prevention-des-incendies-de-foret/Obligations-Legales-de-Debroussaillement-OLD","date_integ":"01/06/24","dat_ap_old":"02/12/20","fid_1":0.0,"id_m":0.0,"nom_massif":null,"layer":null,"path":null,"buff_dist":200.0,"orig_fid":"4087","globalid":"{5A5E6283-BC1C-4F11-A99C-DBE8A1774E89}","created_us":null,"created_da":"NaT","last_edite":null,"last_edi_1":"NaT","st_area_sh":832739.789625,"st_length_":3789.17634224},"geometry":{"type":"Polygon","coordinates":[[[-0.2816666161978072,45.15501137068875],[-0.2838524983858713,45.15700523053984],[-0.28388120375551734,45.15857713709335],[-0.27855908367637255,45.16408279750375],[-0.27633370210438596,45.16459692616849],[-0.2746702714244881,45.16387937110757],[-0.2740797988390713,45.16282533887772],[-0.2816666161978072,45.15501137068875]]]}},{"id":"1942","type":"Feature","properties":{"id":"017_062024_000591","dept":"017","source":"Zonage local","idsource":"FORESTIE0000000001701754","zonage":"1","diffusion":"Non","url":"https://www.charente-maritime.gouv.fr/Actions-de-l-Etat/Securite/Securite-civile/Prevention-des-incendies-de-foret/Obligations-Legales-de-Debroussaillement-OLD","date_integ":"01/06/24","dat_ap_old":"02/12/20","fid_1":0.0,"id_m":0.0,"nom_massif":null,"layer":null,"path":null,"buff_dist":200.0,"orig_fid":"1948","globalid":"{1FF0CDA1-2685-45ED-BB0C-045C6C2ED40E}","created_us":null,"created_da":"NaT","last_edite":null,"last_edi_1":"NaT","st_area_sh":197571.135926,"st_length_":1586.22230885},"geometry":{"type":"Polygon","coordinates":[[[-0.280572726060893,45.15815520378299],[-0.2833644416646521,45.15978042107561],[-0.28060736794647706,45.16267979076416],[-0.278095812828646,45.162165527384786],[-0.27721950511133897,45.16118780426351],[-0.2774379496091041,45.15992857221249],[-0.280572726060893,45.15815520378299]]]}},{"id":"2711","type":"Feature","properties":{"id":"017_062024_001452","dept":"017","source":"Zonage local","idsource":"FORESTIE0000000001721538","zonage":"1","diffusion":"Non","url":"https://www.charente-maritime.gouv.fr/Actions-de-l-Etat/Securite/Securite-civile/Prevention-des-incendies-de-foret/Obligations-Legales-de-Debroussaillement-OLD","date_integ":"01/06/24","dat_ap_old":"02/12/20","fid_1":0.0,"id_m":0.0,"nom_massif":null,"layer":null,"path":null,"buff_dist":200.0,"orig_fid":"2717","globalid":"{7ECE38B1-D493-45A9-AA9B-5DCA97ADC288}","created_us":null,"created_da":"NaT","last_edite":null,"last_edi_1":"NaT","st_area_sh":350796.626222,"st_length_":2146.3575136},"geometry":{"type":"Polygon","coordinates":[[[-0.28515716372359085,45.15370836639473],[-0.2884281373343372,45.154396177429355],[-0.28406604667663393,45.15903447777319],[-0.2819926569667861,45.15727381534955],[-0.2817118597712122,45.15613327954346],[-0.28334024622270426,45.1542052877845],[-0.28515716372359085,45.15370836639473]]]}},{"id":"4078","type":"Feature","properties":{"id":"017_062024_003140","dept":"017","source":"Zonage local","idsource":"FORESTIE0000000001700020","zonage":"1","diffusion":"Non","url":"https://www.charente-maritime.gouv.fr/Actions-de-l-Etat/Securite/Securite-civile/Prevention-des-incendies-de-foret/Obligations-Legales-de-Debroussaillement-OLD","date_integ":"01/06/24","dat_ap_old":"02/12/20","fid_1":0.0,"id_m":0.0,"nom_massif":null,"layer":null,"path":null,"buff_dist":200.0,"orig_fid":"4086","globalid":"{DF1E6DD6-41DD-442E-9DA7-8A88227DF99C}","created_us":null,"created_da":"NaT","last_edite":null,"last_edi_1":"NaT","st_area_sh":1078283.11557,"st_length_":4358.10892048},"geometry":{"type":"Polygon","coordinates":[[[-0.28500552883012287,45.15803558805975],[-0.28578717808127724,45.1561702920975],[-0.2874562550832813,45.15542968137468],[-0.28500552883012287,45.15803558805975]]]}},{"id":"1944","type":"Feature","properties":{"id":"017_062024_000593","dept":"017","source":"Zonage local","idsource":"FORESTIE0000000001701752","zonage":"1","diffusion":"Non","url":"https://www.charente-maritime.gouv.fr/Actions-de-l-Etat/Securite/Securite-civile/Prevention-des-incendies-de-foret/Obligations-Legales-de-Debroussaillement-OLD","date_integ":"01/06/24","dat_ap_old":"02/12/20","fid_1":0.0,"id_m":0.0,"nom_massif":null,"layer":null,"path":null,"buff_dist":200.0,"orig_fid":"1950","globalid":"{5514A215-BCBE-4736-B712-E1CD5861BA08}","created_us":null,"created_da":"NaT","last_edite":null,"last_edi_1":"NaT","st_area_sh":229960.225248,"st_length_":1726.54504892},"geometry":{"type":"Polygon","coordinates":[[[-0.28251025392440443,45.15673586542817],[-0.2849256459000934,45.15812052988698],[-0.2814997546283153,45.16175060297741],[-0.27859297120440607,45.16065789398394],[-0.27870741506029023,45.15860635940556],[-0.28251025392440443,45.15673586542817]]]}},{"id":"8011","type":"Feature","properties":{"id":"017_062024_007533","dept":"017","source":"Zonage local","idsource":"FORESTIE0000000001700003","zonage":"1","diffusion":"Non","url":"https://www.charente-maritime.gouv.fr/Actions-de-l-Etat/Securite/Securite-civile/Prevention-des-incendies-de-foret/Obligations-Legales-de-Debroussaillement-OLD","date_integ":"01/06/24","dat_ap_old":"02/12/20","fid_1":0.0,"id_m":0.0,"nom_massif":null,"layer":null,"path":null,"buff_dist":200.0,"orig_fid":"8023","globalid":"{CF50183D-B062-47F3-A979-26773BD762E6}","created_us":null,"created_da":"NaT","last_edite":null,"last_edi_1":"NaT","st_area_sh":691041.495828,"st_length_":3222.83539467},"geometry":{"type":"Polygon","coordinates":[[[-0.2842873413621508,45.154610578676845],[-0.28760805908429327,45.15526825295958],[-0.2828045234568457,45.16037570575922],[-0.28109173366955853,45.15848500131379],[-0.2811406226626208,45.15687859451709],[-0.2823536647571749,45.15519154683767],[-0.2842873413621508,45.154610578676845]]]}},{"id":"7266","type":"Feature","properties":{"id":"017_062024_006704","dept":"017","source":"Zonage local","idsource":"FORESTIE0000000001711140","zonage":"1","diffusion":"Non","url":"https://www.charente-maritime.gouv.fr/Actions-de-l-Etat/Securite/Securite-civile/Prevention-des-incendies-de-foret/Obligations-Legales-de-Debroussaillement-OLD","date_integ":"01/06/24","dat_ap_old":"02/12/20","fid_1":0.0,"id_m":0.0,"nom_massif":null,"layer":null,"path":null,"buff_dist":200.0,"orig_fid":"7278","globalid":"{B1D03259-6C81-4282-AA5F-F5CC903E2228}","created_us":null,"created_da":"NaT","last_edite":null,"last_edi_1":"NaT","st_area_sh":360414.274674,"st_length_":2172.85481799},"geometry":{"type":"Polygon","coordinates":[[[-0.2820915408067134,45.15921001388863],[-0.283640143850771,45.159487299717576],[-0.2796991104930754,45.16358754536806],[-0.2789098496962168,45.16314113875082],[-0.27813236534275093,45.16175813893867],[-0.27873514890858675,45.16043147382069],[-0.2820915408067134,45.15921001388863]]]}},{"id":"8034","type":"Feature","properties":{"id":"017_062024_007556","dept":"017","source":"Zonage local","idsource":"FORESTIE0000000001700003","zonage":"1","diffusion":"Non","url":"https://www.charente-maritime.gouv.fr/Actions-de-l-Etat/Securite/Securite-civile/Prevention-des-incendies-de-foret/Obligations-Legales-de-Debroussaillement-OLD","date_integ":"01/06/24","dat_ap_old":"02/12/20","fid_1":0.0,"id_m":0.0,"nom_massif":null,"layer":null,"path":null,"buff_dist":200.0,"orig_fid":"8046","globalid":"{94E72109-8B01-4EAD-97FC-EAAAF0C2FDBA}","created_us":null,"created_da":"NaT","last_edite":null,"last_edi_1":"NaT","st_area_sh":1144598.95732,"st_length_":4231.27227954},"geometry":{"type":"Polygon","coordinates":[[[-0.28289065587077455,45.15668254004473],[-0.2853447018798898,45.15767495621693],[-0.2747840186055602,45.1679450579922],[-0.27309579926322913,45.16718424140083],[-0.27233907696247306,45.16550919204727],[-0.2741544524579855,45.16319287229798],[-0.2788695826377426,45.15847410231675],[-0.28289065587077455,45.15668254004473]]]}},{"id":"5348","type":"Feature","properties":{"id":"017_062024_004439","dept":"017","source":"Zonage local","idsource":"FORESTIE0000000001701875","zonage":"1","diffusion":"Non","url":"https://www.charente-maritime.gouv.fr/Actions-de-l-Etat/Securite/Securite-civile/Prevention-des-incendies-de-foret/Obligations-Legales-de-Debroussaillement-OLD","date_integ":"01/06/24","dat_ap_old":"02/12/20","fid_1":0.0,"id_m":0.0,"nom_massif":null,"layer":null,"path":null,"buff_dist":200.0,"orig_fid":"5360","globalid":"{2132A96B-FC37-4C1D-B2C5-79CB0AA42D49}","created_us":null,"created_da":"NaT","last_edite":null,"last_edi_1":"NaT","st_area_sh":389247.297603,"st_length_":2354.78221171},"geometry":{"type":"Polygon","coordinates":[[[-0.2739098104598076,45.162981515707266],[-0.27307416833845927,45.165034557861276],[-0.27056215882484536,45.16582373312768],[-0.2739098104598076,45.162981515707266]]]}},{"id":"1648","type":"Feature","properties":{"id":"017_062024_000179","dept":"017","source":"Zonage local","idsource":"FORESTIE0000000001721603","zonage":"1","diffusion":"Non","url":"https://www.charente-maritime.gouv.fr/Actions-de-l-Etat/Securite/Securite-civile/Prevention-des-incendies-de-foret/Obligations-Legales-de-Debroussaillement-OLD","date_integ":"01/06/24","dat_ap_old":"02/12/20","fid_1":0.0,"id_m":0.0,"nom_massif":null,"layer":null,"path":null,"buff_dist":200.0,"orig_fid":"1654","globalid":"{9BE2EB93-EA89-42A4-A06C-3A9787792A09}","created_us":null,"created_da":"NaT","last_edite":null,"last_edi_1":"NaT","st_area_sh":202814.107477,"st_length_":1613.9556982},"geometry":{"type":"Polygon","coordinates":[[[-0.27927829099585383,45.15948961123513],[-0.28204041899756693,45.1611869941016],[-0.2788965721671218,45.16436017832341],[-0.2763324003277783,45.16165409629433],[-0.27734439342578093,45.16007049326042],[-0.27927829099585383,45.15948961123513]]]}},{"id":"5075","type":"Feature","properties":{"id":"017_062024_004138","dept":"017","source":"Zonage local","idsource":"FORESTIE0000000001700004","zonage":"1","diffusion":"Non","url":"https://www.charente-maritime.gouv.fr/Actions-de-l-Etat/Securite/Securite-civile/Prevention-des-incendies-de-foret/Obligations-Legales-de-Debroussaillement-OLD","date_integ":"01/06/24","dat_ap_old":"02/12/20","fid_1":0.0,"id_m":0.0,"nom_massif":null,"layer":null,"path":null,"buff_dist":200.0,"orig_fid":"5083","globalid":"{57BEB80C-5371-417B-8389-84DF611AB70A}","created_us":null,"created_da":"NaT","last_edite":null,"last_edi_1":"NaT","st_area_sh":299121.105471,"st_length_":1959.33883518},"geometry":{"type":"Polygon","coordinates":[[[-0.27637666045191644,45.16060452543026],[-0.2781359073471168,45.16233118251877],[-0.2774337034982962,45.16467199667005],[-0.2755574476429574,45.16534109124438],[-0.271712016212787,45.16489096067966],[-0.27637666045191644,45.16060452543026]]]}},{"id":"8046","type":"Feature","properties":{"id":"017_062024_007568","dept":"017","source":"Zonage local","idsource":"FORESTIE0000000001700003","zonage":"1","diffusion":"Non","url":"https://www.charente-maritime.gouv.fr/Actions-de-l-Etat/Securite/Securite-civile/Prevention-des-incendies-de-foret/Obligations-Legales-de-Debroussaillement-OLD","date_integ":"01/06/24","dat_ap_old":"02/12/20","fid_1":0.0,"id_m":0.0,"nom_massif":null,"layer":null,"path":null,"buff_dist":200.0,"orig_fid":"8058","globalid":"{27D7705B-D1DE-4C90-9273-4F4A9E798523}","created_us":null,"created_da":"NaT","last_edite":null,"last_edi_1":"NaT","st_area_sh":1107831.07056,"st_length_":4176.25842327},"geometry":{"type":"Polygon","coordinates":[[[-0.272510797899123,45.164217151698104],[-0.27449592570160153,45.166856091907434],[-0.2719698741717021,45.16937409441449],[-0.2626519669089158,45.17125539670791],[-0.272510797899123,45.164217151698104]]]}},{"id":"5089","type":"Feature","properties":{"id":"017_062024_004152","dept":"017","source":"Zonage local","idsource":"FORESTIE0000000001700004","zonage":"1","diffusion":"Non","url":"https://www.charente-maritime.gouv.fr/Actions-de-l-Etat/Securite/Securite-civile/Prevention-des-incendies-de-foret/Obligations-Legales-de-Debroussaillement-OLD","date_integ":"01/06/24","dat_ap_old":"02/12/20","fid_1":0.0,"id_m":0.0,"nom_massif":null,"layer":null,"path":null,"buff_dist":200.0,"orig_fid":"5097","globalid":"{FC19CE1A-9F8C-4BCD-AC37-3F9D0A26918D}","created_us":null,"created_da":"NaT","last_edite":null,"last_edi_1":"NaT","st_area_sh":423644.253463,"st_length_":2400.73622059},"geometry":{"type":"Polygon","coordinates":[[[-0.2746536660945254,45.1622921419999],[-0.27722931225431385,45.16368702410052],[-0.2766222613676924,45.165826119372106],[-0.27272061843026396,45.16841389019533],[-0.26810436211863425,45.167682840179644],[-0.2746536660945254,45.1622921419999]]]}},{"id":"5372","type":"Feature","properties":{"id":"017_062024_004463","dept":"017","source":"Zonage local","idsource":"FORESTIE0000000001701875","zonage":"1","diffusion":"Non","url":"https://www.charente-maritime.gouv.fr/Actions-de-l-Etat/Securite/Securite-civile/Prevention-des-incendies-de-foret/Obligations-Legales-de-Debroussaillement-OLD","date_integ":"01/06/24","dat_ap_old":"02/12/20","fid_1":0.0,"id_m":0.0,"nom_massif":null,"layer":null,"path":null,"buff_dist":200.0,"orig_fid":"5384","globalid":"{4A5C03CB-CE91-4E09-911A-7B46A8FBF2F2}","created_us":null,"created_da":"NaT","last_edite":null,"last_edi_1":"NaT","st_area_sh":1201894.6959,"st_length_":5651.39939044},"geometry":{"type":"Polygon","coordinates":[[[-0.27003148035781904,45.17091103732682],[-0.26865633977745995,45.16980552466071],[-0.26850674796235807,45.168504657667555],[-0.27172468200126165,45.16542957288137],[-0.2739367423651622,45.16410721941644],[-0.280379780592399,45.16291061810244],[-0.2736923274577115,45.16880544298166],[-0.27003148035781904,45.17091103732682]]]}},{"id":"8051","type":"Feature","properties":{"id":"017_062024_007573","dept":"017","source":"Zonage local","idsource":"FORESTIE0000000001700003","zonage":"1","diffusion":"Non","url":"https://www.charente-maritime.gouv.fr/Actions-de-l-Etat/Securite/Securite-civile/Prevention-des-incendies-de-foret/Obligations-Legales-de-Debroussaillement-OLD","date_integ":"01/06/24","dat_ap_old":"02/12/20","fid_1":0.0,"id_m":0.0,"nom_massif":null,"layer":null,"path":null,"buff_dist":200.0,"orig_fid":"8063","globalid":"{AEAF5A45-1A47-4C8E-9959-0F47E4D50AC7}","created_us":null,"created_da":"NaT","last_edite":null,"last_edi_1":"NaT","st_area_sh":1634119.58089,"st_length_":5655.05628839},"geometry":{"type":"Polygon","coordinates":[[[-0.2738919130549333,45.168650685999225],[-0.2732434068109735,45.167004688256995],[-0.27380502935337975,45.16579981995668],[-0.2796668798233307,45.1636191026651],[-0.2738919130549333,45.168650685999225]]]}},{"id":"2790","type":"Feature","properties":{"id":"017_062024_001531","dept":"017","source":"Zonage local","idsource":"FORESTIE0000000001715783","zonage":"1","diffusion":"Non","url":"https://www.charente-maritime.gouv.fr/Actions-de-l-Etat/Securite/Securite-civile/Prevention-des-incendies-de-foret/Obligations-Legales-de-Debroussaillement-OLD","date_integ":"01/06/24","dat_ap_old":"02/12/20","fid_1":0.0,"id_m":0.0,"nom_massif":null,"layer":null,"path":null,"buff_dist":200.0,"orig_fid":"2796","globalid":"{276C4505-CDDD-49F4-9972-D4DB6C31C71B}","created_us":null,"created_da":"NaT","last_edite":null,"last_edi_1":"NaT","st_area_sh":408978.80222,"st_length_":2427.12828849},"geometry":{"type":"Polygon","coordinates":[[[-0.2736600323997464,45.167029639056686],[-0.2753245276548467,45.167506010827466],[-0.2705699408614118,45.171088709778985],[-0.27042615048676893,45.168466203689505],[-0.2736600323997464,45.167029639056686]]]}},{"id":"4670","type":"Feature","properties":{"id":"017_062024_003733","dept":"017","source":"Zonage local","idsource":"FORESTIE0000000001700004","zonage":"1","diffusion":"Non","url":"https://www.charente-maritime.gouv.fr/Actions-de-l-Etat/Securite/Securite-civile/Prevention-des-incendies-de-foret/Obligations-Legales-de-Debroussaillement-OLD","date_integ":"01/06/24","dat_ap_old":"02/12/20","fid_1":0.0,"id_m":0.0,"nom_massif":null,"layer":null,"path":null,"buff_dist":200.0,"orig_fid":"4678","globalid":"{A2907028-8180-4FC3-BBF5-E18724EF3E17}","created_us":null,"created_da":"NaT","last_edite":null,"last_edi_1":"NaT","st_area_sh":413163.778789,"st_length_":2343.35889977},"geometry":{"type":"Polygon","coordinates":[[[-0.2674209716216704,45.16816992066748],[-0.2698829770736487,45.16941516102299],[-0.2698361405410668,45.17079305585276],[-0.2687699776361853,45.171924521840346],[-0.2644640683075121,45.17430150895456],[-0.2613896989708559,45.17325916066485],[-0.2607850576017586,45.172330244456276],[-0.2674209716216704,45.16816992066748]]]}},{"id":"8071","type":"Feature","properties":{"id":"017_062024_007593","dept":"017","source":"Zonage local","idsource":"FORESTIE0000000001700003","zonage":"1","diffusion":"Non","url":"https://www.charente-maritime.gouv.fr/Actions-de-l-Etat/Securite/Securite-civile/Prevention-des-incendies-de-foret/Obligations-Legales-de-Debroussaillement-OLD","date_integ":"01/06/24","dat_ap_old":"02/12/20","fid_1":0.0,"id_m":0.0,"nom_massif":null,"layer":null,"path":null,"buff_dist":200.0,"orig_fid":"8083","globalid":"{94E7C9E0-5EDA-44E5-B70B-77E88BD4A88B}","created_us":null,"created_da":"NaT","last_edite":null,"last_edi_1":"NaT","st_area_sh":337753.496236,"st_length_":2127.81787877},"geometry":{"type":"Polygon","coordinates":[[[-0.26407281434998764,45.17039573136697],[-0.2648191679410081,45.17227541174139],[-0.26390598732091924,45.1736141645558],[-0.26209978204352236,45.17409280715011],[-0.2585206737737032,45.173545443703425],[-0.26407281434998764,45.17039573136697]]]}},{"id":"3074","type":"Feature","properties":{"id":"017_062024_001819","dept":"017","source":"Zonage local","idsource":"FORESTIE0000000001714538","zonage":"1","diffusion":"Non","url":"https://www.charente-maritime.gouv.fr/Actions-de-l-Etat/Securite/Securite-civile/Prevention-des-incendies-de-foret/Obligations-Legales-de-Debroussaillement-OLD","date_integ":"01/06/24","dat_ap_old":"02/12/20","fid_1":0.0,"id_m":0.0,"nom_massif":null,"layer":null,"path":null,"buff_dist":200.0,"orig_fid":"3082","globalid":"{90AEC61D-D964-4796-B02D-7A538032A8EA}","created_us":null,"created_da":"NaT","last_edite":null,"last_edi_1":"NaT","st_area_sh":454995.435735,"st_length_":2612.56738615},"geometry":{"type":"Polygon","coordinates":[[[-0.2635011760518376,45.170747506067016],[-0.2647442651319075,45.17238519954805],[-0.26349088879373433,45.17434686926824],[-0.2571372557030089,45.17424330071474],[-0.2635011760518376,45.170747506067016]]]}},{"id":"3275","type":"Feature","properties":{"id":"017_062024_002192","dept":"017","source":"Zonage local","idsource":"FORESTIE0000000001700008","zonage":"1","diffusion":"Non","url":"https://www.charente-maritime.gouv.fr/Actions-de-l-Etat/Securite/Securite-civile/Prevention-des-incendies-de-foret/Obligations-Legales-de-Debroussaillement-OLD","date_integ":"01/06/24","dat_ap_old":"02/12/20","fid_1":0.0,"id_m":0.0,"nom_massif":null,"layer":null,"path":null,"buff_dist":200.0,"orig_fid":"3283","globalid":"{A614C405-986A-469F-BF6F-14E89782EBBD}","created_us":null,"created_da":"NaT","last_edite":null,"last_edi_1":"NaT","st_area_sh":298890.999028,"st_length_":1998.61626199},"geometry":{"type":"Polygon","coordinates":[[[-0.2648369129942817,45.16991459716322],[-0.2663389410799182,45.172127273607096],[-0.2656209580099659,45.17385500973882],[-0.26222303949925413,45.175120752867485],[-0.2596417844020643,45.174087422912066],[-0.2594338037726734,45.173066548657594],[-0.2648369129942817,45.16991459716322]]]}},{"id":"8069","type":"Feature","properties":{"id":"017_062024_007591","dept":"017","source":"Zonage local","idsource":"FORESTIE0000000001700003","zonage":"1","diffusion":"Non","url":"https://www.charente-maritime.gouv.fr/Actions-de-l-Etat/Securite/Securite-civile/Prevention-des-incendies-de-foret/Obligations-Legales-de-Debroussaillement-OLD","date_integ":"01/06/24","dat_ap_old":"02/12/20","fid_1":0.0,"id_m":0.0,"nom_massif":null,"layer":null,"path":null,"buff_dist":200.0,"orig_fid":"8081","globalid":"{D55565AF-F8B6-4C79-993C-F5C056D36D27}","created_us":null,"created_da":"NaT","last_edite":null,"last_edi_1":"NaT","st_area_sh":1961206.26526,"st_length_":6252.2404807},"geometry":{"type":"Polygon","coordinates":[[[-0.2612542905088136,45.17664262546415],[-0.26123334662828174,45.174549487193964],[-0.26641061187380466,45.171688342199566],[-0.2684527071983301,45.16932675921411],[-0.2707488124622834,45.168616599519275],[-0.27317587064961596,45.16920069292377],[-0.2612542905088136,45.17664262546415]]]}},{"id":"4664","type":"Feature","properties":{"id":"017_062024_003727","dept":"017","source":"Zonage local","idsource":"FORESTIE0000000001700004","zonage":"1","diffusion":"Non","url":"https://www.charente-maritime.gouv.fr/Actions-de-l-Etat/Securite/Securite-civile/Prevention-des-incendies-de-foret/Obligations-Legales-de-Debroussaillement-OLD","date_integ":"01/06/24","dat_ap_old":"02/12/20","fid_1":0.0,"id_m":0.0,"nom_massif":null,"layer":null,"path":null,"buff_dist":200.0,"orig_fid":"4672","globalid":"{0CE6C334-68DD-4BA3-9335-CD08784D5112}","created_us":null,"created_da":"NaT","last_edite":null,"last_edi_1":"NaT","st_area_sh":317300.280002,"st_length_":2058.76450785},"geometry":{"type":"Polygon","coordinates":[[[-0.26078807389849173,45.17232856286093],[-0.25796276067798873,45.17550427922937],[-0.25474205915134857,45.175376988973994],[-0.25783355742075165,45.17389610710085],[-0.26078807389849173,45.17232856286093]]]}},{"id":"4665","type":"Feature","properties":{"id":"017_062024_003728","dept":"017","source":"Zonage local","idsource":"FORESTIE0000000001700004","zonage":"1","diffusion":"Non","url":"https://www.charente-maritime.gouv.fr/Actions-de-l-Etat/Securite/Securite-civile/Prevention-des-incendies-de-foret/Obligations-Legales-de-Debroussaillement-OLD","date_integ":"01/06/24","dat_ap_old":"02/12/20","fid_1":0.0,"id_m":0.0,"nom_massif":null,"layer":null,"path":null,"buff_dist":200.0,"orig_fid":"4673","globalid":"{5AF3EE55-CC55-47F7-8827-1D368A82D328}","created_us":null,"created_da":"NaT","last_edite":null,"last_edi_1":"NaT","st_area_sh":396303.203167,"st_length_":2447.10249092},"geometry":{"type":"Polygon","coordinates":[[[-0.2674046141816289,45.16931040104898],[-0.26969111369444204,45.16990684882649],[-0.270613035694468,45.17105885216263],[-0.2613617895071091,45.17612782202985],[-0.26066118644560166,45.17495991555262],[-0.2615922175926553,45.1727318973371],[-0.2674046141816289,45.16931040104898]]]}},{"id":"8076","type":"Feature","properties":{"id":"017_062024_007598","dept":"017","source":"Zonage local","idsource":"FORESTIE0000000001700003","zonage":"1","diffusion":"Non","url":"https://www.charente-maritime.gouv.fr/Actions-de-l-Etat/Securite/Securite-civile/Prevention-des-incendies-de-foret/Obligations-Legales-de-Debroussaillement-OLD","date_integ":"01/06/24","dat_ap_old":"02/12/20","fid_1":0.0,"id_m":0.0,"nom_massif":null,"layer":null,"path":null,"buff_dist":200.0,"orig_fid":"8088","globalid":"{08D51027-408C-43C2-BCE0-1A282354C996}","created_us":null,"created_da":"NaT","last_edite":null,"last_edi_1":"NaT","st_area_sh":2156430.15747,"st_length_":5770.76608066},"geometry":{"type":"Polygon","coordinates":[[[-0.25735164708729524,45.174138605888004],[-0.2563868678766267,45.17761111763681],[-0.2522264935983785,45.17920347224279],[-0.25060415710879724,45.18083208818303],[-0.24647923000244232,45.18076773059685],[-0.24569318657463182,45.18211762766966],[-0.24409095889306384,45.182688256183035],[-0.24026156769469095,45.18247428978479],[-0.23852573890454012,45.18122180315771],[-0.25735164708729524,45.174138605888004]]]}},{"id":"5314","type":"Feature","properties":{"id":"017_062024_004405","dept":"017","source":"Zonage local","idsource":"FORESTIE0000000001701875","zonage":"1","diffusion":"Non","url":"https://www.charente-maritime.gouv.fr/Actions-de-l-Etat/Securite/Securite-civile/Prevention-des-incendies-de-foret/Obligations-Legales-de-Debroussaillement-OLD","date_integ":"01/06/24","dat_ap_old":"02/12/20","fid_1":0.0,"id_m":0.0,"nom_massif":null,"layer":null,"path":null,"buff_dist":200.0,"orig_fid":"5326","globalid":"{C74D1395-D96B-43BB-8D28-17A514DFF4A9}","created_us":null,"created_da":"NaT","last_edite":null,"last_edi_1":"NaT","st_area_sh":320561.739471,"st_length_":2040.12343819},"geometry":{"type":"Polygon","coordinates":[[[-0.25414419088378004,45.175645934410575],[-0.25274899361091563,45.17762083832663],[-0.25034524562868243,45.17830804759142],[-0.24849677449319055,45.17793032131531],[-0.25414419088378004,45.175645934410575]]]}},{"id":"5313","type":"Feature","properties":{"id":"017_062024_004404","dept":"017","source":"Zonage local","idsource":"FORESTIE0000000001701875","zonage":"1","diffusion":"Non","url":"https://www.charente-maritime.gouv.fr/Actions-de-l-Etat/Securite/Securite-civile/Prevention-des-incendies-de-foret/Obligations-Legales-de-Debroussaillement-OLD","date_integ":"01/06/24","dat_ap_old":"02/12/20","fid_1":0.0,"id_m":0.0,"nom_massif":null,"layer":null,"path":null,"buff_dist":200.0,"orig_fid":"5325","globalid":"{FA79F4A0-CA78-4FDE-80D7-2767CEC37B20}","created_us":null,"created_da":"NaT","last_edite":null,"last_edi_1":"NaT","st_area_sh":326136.625884,"st_length_":2070.23592742},"geometry":{"type":"Polygon","coordinates":[[[-0.25805270051032825,45.17380851238716],[-0.25888852855093963,45.175960970963935],[-0.2566120388157426,45.17774335764383],[-0.250708413145878,45.177088929231054],[-0.25805270051032825,45.17380851238716]]]}},{"id":"2596","type":"Feature","properties":{"id":"017_062024_001326","dept":"017","source":"Zonage local","idsource":"FORESTIE0000000001721538","zonage":"1","diffusion":"Non","url":"https://www.charente-maritime.gouv.fr/Actions-de-l-Etat/Securite/Securite-civile/Prevention-des-incendies-de-foret/Obligations-Legales-de-Debroussaillement-OLD","date_integ":"01/06/24","dat_ap_old":"02/12/20","fid_1":0.0,"id_m":0.0,"nom_massif":null,"layer":null,"path":null,"buff_dist":200.0,"orig_fid":"2602","globalid":"{8F2C81E4-FC31-4FC2-AE2C-3892092C07E2}","created_us":null,"created_da":"NaT","last_edite":null,"last_edi_1":"NaT","st_area_sh":256915.800717,"st_length_":1856.73436828},"geometry":{"type":"Polygon","coordinates":[[[-0.26839607049814834,45.17045483708023],[-0.2704019974464161,45.17120465094614],[-0.2640742334268362,45.17513391229936],[-0.26347533211698576,45.174582271967196],[-0.2635367350353816,45.17278196804723],[-0.26839607049814834,45.17045483708023]]]}},{"id":"8178","type":"Feature","properties":{"id":"017_062024_007700","dept":"017","source":"Zonage local","idsource":"FORESTIE0000000001700003","zonage":"1","diffusion":"Non","url":"https://www.charente-maritime.gouv.fr/Actions-de-l-Etat/Securite/Securite-civile/Prevention-des-incendies-de-foret/Obligations-Legales-de-Debroussaillement-OLD","date_integ":"01/06/24","dat_ap_old":"02/12/20","fid_1":0.0,"id_m":0.0,"nom_massif":null,"layer":null,"path":null,"buff_dist":200.0,"orig_fid":"8190","globalid":"{D7BFC9DE-AC47-4962-869B-B287B098B6E0}","created_us":null,"created_da":"NaT","last_edite":null,"last_edi_1":"NaT","st_area_sh":486317.348997,"st_length_":2552.93891317},"geometry":{"type":"Polygon","coordinates":[[[-0.26337447828377664,45.171371535270346],[-0.26446228210752076,45.17240607343677],[-0.2643943560832759,45.173838089602015],[-0.2616336914666968,45.17588030080299],[-0.2583103757948402,45.17733766107879],[-0.2557275373860806,45.17718061077522],[-0.2541357516616612,45.17621006999608],[-0.25393254155787187,45.17573982931056],[-0.26337447828377664,45.171371535270346]]]}},{"id":"5393","type":"Feature","properties":{"id":"017_062024_004484","dept":"017","source":"Zonage local","idsource":"FORESTIE0000000001701875","zonage":"1","diffusion":"Non","url":"https://www.charente-maritime.gouv.fr/Actions-de-l-Etat/Securite/Securite-civile/Prevention-des-incendies-de-foret/Obligations-Legales-de-Debroussaillement-OLD","date_integ":"01/06/24","dat_ap_old":"02/12/20","fid_1":0.0,"id_m":0.0,"nom_massif":null,"layer":null,"path":null,"buff_dist":200.0,"orig_fid":"5405","globalid":"{8406D0DD-704E-44B6-BF48-BC885A59416D}","created_us":null,"created_da":"NaT","last_edite":null,"last_edi_1":"NaT","st_area_sh":841812.371681,"st_length_":3983.6063813},"geometry":{"type":"Polygon","coordinates":[[[-0.26894186061367936,45.16826111997647],[-0.2729366556007264,45.16938130631659],[-0.2589378788608638,45.17778490499127],[-0.2589003399607288,45.1756529425908],[-0.25999359279451867,45.17360359186682],[-0.264801328374778,45.17120851011978],[-0.2669780918339816,45.16880162610154],[-0.26894186061367936,45.16826111997647]]]}},{"id":"8185","type":"Feature","properties":{"id":"017_062024_007707","dept":"017","source":"Zonage local","idsource":"FORESTIE0000000001700003","zonage":"1","diffusion":"Non","url":"https://www.charente-maritime.gouv.fr/Actions-de-l-Etat/Securite/Securite-civile/Prevention-des-incendies-de-foret/Obligations-Legales-de-Debroussaillement-OLD","date_integ":"01/06/24","dat_ap_old":"02/12/20","fid_1":0.0,"id_m":0.0,"nom_massif":null,"layer":null,"path":null,"buff_dist":200.0,"orig_fid":"8197","globalid":"{9812A67E-7E87-414D-B660-E9A2FF0B7B3D}","created_us":null,"created_da":"NaT","last_edite":null,"last_edi_1":"NaT","st_area_sh":390566.728205,"st_length_":2275.95636738},"geometry":{"type":"Polygon","coordinates":[[[-0.2620820950380979,45.17276089171286],[-0.2639747681028108,45.17340683478459],[-0.26460584003832904,45.17483399875116],[-0.25706035881516404,45.178651104081176],[-0.25641879314327853,45.1780493054469],[-0.25618998165030665,45.175652577275834],[-0.2594934830252834,45.17343044653298],[-0.2620820950380979,45.17276089171286]]]}},{"id":"1663","type":"Feature","properties":{"id":"017_062024_000194","dept":"017","source":"Zonage local","idsource":"FORESTIE0000000001721625","zonage":"1","diffusion":"Non","url":"https://www.charente-maritime.gouv.fr/Actions-de-l-Etat/Securite/Securite-civile/Prevention-des-incendies-de-foret/Obligations-Legales-de-Debroussaillement-OLD","date_integ":"01/06/24","dat_ap_old":"02/12/20","fid_1":0.0,"id_m":0.0,"nom_massif":null,"layer":null,"path":null,"buff_dist":200.0,"orig_fid":"1669","globalid":"{AC3F42ED-AB88-4B67-816D-19DD0E750339}","created_us":null,"created_da":"NaT","last_edite":null,"last_edi_1":"NaT","st_area_sh":215967.973435,"st_length_":1662.13143083},"geometry":{"type":"Polygon","coordinates":[[[-0.26378136921260814,45.17414385996857],[-0.265212018172752,45.17448573094381],[-0.26020802030959056,45.177168948179514],[-0.2610890089220641,45.17512956547989],[-0.26378136921260814,45.17414385996857]]]}},{"id":"2587","type":"Feature","properties":{"id":"017_062024_001317","dept":"017","source":"Zonage local","idsource":"FORESTIE0000000001721538","zonage":"1","diffusion":"Non","url":"https://www.charente-maritime.gouv.fr/Actions-de-l-Etat/Securite/Securite-civile/Prevention-des-incendies-de-foret/Obligations-Legales-de-Debroussaillement-OLD","date_integ":"01/06/24","dat_ap_old":"02/12/20","fid_1":0.0,"id_m":0.0,"nom_massif":null,"layer":null,"path":null,"buff_dist":200.0,"orig_fid":"2593","globalid":"{B38A4B7E-8C27-4F3B-90ED-83E37CAF074B}","created_us":null,"created_da":"NaT","last_edite":null,"last_edi_1":"NaT","st_area_sh":385417.199024,"st_length_":2436.73462223},"geometry":{"type":"Polygon","coordinates":[[[-0.2581862575622911,45.17813787862522],[-0.25922017488704835,45.17651523479053],[-0.26417530813515727,45.17507728812001],[-0.2601798635255428,45.17718287960522],[-0.2581862575622911,45.17813787862522]]]}},{"id":"5821","type":"Feature","properties":{"id":"017_062024_004931","dept":"017","source":"Zonage local","idsource":"FORESTIE0000000001700002","zonage":"1","diffusion":"Non","url":"https://www.charente-maritime.gouv.fr/Actions-de-l-Etat/Securite/Securite-civile/Prevention-des-incendies-de-foret/Obligations-Legales-de-Debroussaillement-OLD","date_integ":"01/06/24","dat_ap_old":"02/12/20","fid_1":0.0,"id_m":0.0,"nom_massif":null,"layer":null,"path":null,"buff_dist":200.0,"orig_fid":"5833","globalid":"{A235AE3F-ACFA-467B-BCF1-EC2798F1F5C5}","created_us":null,"created_da":"NaT","last_edite":null,"last_edi_1":"NaT","st_area_sh":357005.951362,"st_length_":2236.40579396},"geometry":{"type":"Polygon","coordinates":[[[-0.2562840264187956,45.17535771943598],[-0.2590360918576888,45.17566698401596],[-0.26047845733509256,45.17703456935091],[-0.25222380431487423,45.180656105278906],[-0.25093161716806034,45.18000057574063],[-0.25062934410439847,45.177777214086156],[-0.2562840264187956,45.17535771943598]]]}},{"id":"6751","type":"Feature","properties":{"id":"017_062024_006143","dept":"017","source":"Zonage local","idsource":"FORESTIE0000000001701875","zonage":"1","diffusion":"Non","url":"https://www.charente-maritime.gouv.fr/Actions-de-l-Etat/Securite/Securite-civile/Prevention-des-incendies-de-foret/Obligations-Legales-de-Debroussaillement-OLD","date_integ":"01/06/24","dat_ap_old":"02/12/20","fid_1":0.0,"id_m":0.0,"nom_massif":null,"layer":null,"path":null,"buff_dist":200.0,"orig_fid":"6763","globalid":"{9D95B5B2-0E86-4925-917A-F74A83F1459F}","created_us":null,"created_da":"NaT","last_edite":null,"last_edi_1":"NaT","st_area_sh":400581.863868,"st_length_":2353.92478236},"geometry":{"type":"Polygon","coordinates":[[[-0.24983881732013413,45.17747912265161],[-0.25185970065823193,45.17882739672766],[-0.25101684032245053,45.18063348729968],[-0.24437007340654607,45.18255053438973],[-0.24150387140180238,45.181313380326145],[-0.24133482363013115,45.18031810165371],[-0.24983881732013413,45.17747912265161]]]}},{"id":"6761","type":"Feature","properties":{"id":"017_062024_006153","dept":"017","source":"Zonage local","idsource":"FORESTIE0000000001701875","zonage":"1","diffusion":"Non","url":"https://www.charente-maritime.gouv.fr/Actions-de-l-Etat/Securite/Securite-civile/Prevention-des-incendies-de-foret/Obligations-Legales-de-Debroussaillement-OLD","date_integ":"01/06/24","dat_ap_old":"02/12/20","fid_1":0.0,"id_m":0.0,"nom_massif":null,"layer":null,"path":null,"buff_dist":200.0,"orig_fid":"6773","globalid":"{DDA895C9-842B-4C71-90C0-5A7A3E14083E}","created_us":null,"created_da":"NaT","last_edite":null,"last_edi_1":"NaT","st_area_sh":1466926.52211,"st_length_":5701.56232387},"geometry":{"type":"Polygon","coordinates":[[[-0.2447411384267947,45.17921955643919],[-0.24636576278040961,45.18094148488621],[-0.24480637459387058,45.18284605466503],[-0.2284336822712712,45.18812109766028],[-0.22634246127537655,45.18818792889083],[-0.22459462214052278,45.186952445036425],[-0.22465403641561518,45.18568337768222],[-0.2447411384267947,45.17921955643919]]]}},{"id":"5969","type":"Feature","properties":{"id":"017_062024_005116","dept":"017","source":"Zonage local","idsource":"FORESTIE0000000001700001","zonage":"1","diffusion":"Non","url":"https://www.charente-maritime.gouv.fr/Actions-de-l-Etat/Securite/Securite-civile/Prevention-des-incendies-de-foret/Obligations-Legales-de-Debroussaillement-OLD","date_integ":"01/06/24","dat_ap_old":"02/12/20","fid_1":0.0,"id_m":0.0,"nom_massif":null,"layer":null,"path":null,"buff_dist":200.0,"orig_fid":"5981","globalid":"{0E573701-0C42-4A40-8B7B-15B5D5F06579}","created_us":null,"created_da":"NaT","last_edite":null,"last_edi_1":"NaT","st_area_sh":312432.491821,"st_length_":2036.64720316},"geometry":{"type":"Polygon","coordinates":[[[-0.25281460058921323,45.17767607226239],[-0.25447760134173814,45.178151619836456],[-0.25534962840527925,45.17939639236961],[-0.24745105841047005,45.182345670424304],[-0.2469061645020673,45.181673924006276],[-0.2473121546435635,45.17944766804374],[-0.25281460058921323,45.17767607226239]]]}},{"id":"8198","type":"Feature","properties":{"id":"017_062024_007720","dept":"017","source":"Zonage local","idsource":"FORESTIE0000000001700003","zonage":"1","diffusion":"Non","url":"https://www.charente-maritime.gouv.fr/Actions-de-l-Etat/Securite/Securite-civile/Prevention-des-incendies-de-foret/Obligations-Legales-de-Debroussaillement-OLD","date_integ":"01/06/24","dat_ap_old":"02/12/20","fid_1":0.0,"id_m":0.0,"nom_massif":null,"layer":null,"path":null,"buff_dist":200.0,"orig_fid":"8210","globalid":"{9555B9E7-52DC-4BAF-9A7B-8FF8C7234CFE}","created_us":null,"created_da":"NaT","last_edite":null,"last_edi_1":"NaT","st_area_sh":546588.10954,"st_length_":2806.92277097},"geometry":{"type":"Polygon","coordinates":[[[-0.255570682276216,45.17708566556507],[-0.25950550363255614,45.17751269248704],[-0.24881661259066465,45.18188834590872],[-0.24883921146969062,45.18046915798527],[-0.25099661571040277,45.178172469768946],[-0.255570682276216,45.17708566556507]]]}},{"id":"2597","type":"Feature","properties":{"id":"017_062024_001327","dept":"017","source":"Zonage local","idsource":"FORESTIE0000000001721538","zonage":"1","diffusion":"Non","url":"https://www.charente-maritime.gouv.fr/Actions-de-l-Etat/Securite/Securite-civile/Prevention-des-incendies-de-foret/Obligations-Legales-de-Debroussaillement-OLD","date_integ":"01/06/24","dat_ap_old":"02/12/20","fid_1":0.0,"id_m":0.0,"nom_massif":null,"layer":null,"path":null,"buff_dist":200.0,"orig_fid":"2603","globalid":"{A21E2EE6-A0AF-4EF6-BA47-A89B780FF7FD}","created_us":null,"created_da":"NaT","last_edite":null,"last_edi_1":"NaT","st_area_sh":222753.952111,"st_length_":1685.65939954},"geometry":{"type":"Polygon","coordinates":[[[-0.2411698566411054,45.18204064490575],[-0.24381500038854106,45.18081435473987],[-0.2472802618606668,45.182401824376676],[-0.2410191193428639,45.18442101847387],[-0.2411698566411054,45.18204064490575]]]}},{"id":"7968","type":"Feature","properties":{"id":"017_062024_007490","dept":"017","source":"Zonage local","idsource":"FORESTIE0000000001700003","zonage":"1","diffusion":"Non","url":"https://www.charente-maritime.gouv.fr/Actions-de-l-Etat/Securite/Securite-civile/Prevention-des-incendies-de-foret/Obligations-Legales-de-Debroussaillement-OLD","date_integ":"01/06/24","dat_ap_old":"02/12/20","fid_1":0.0,"id_m":0.0,"nom_massif":null,"layer":null,"path":null,"buff_dist":200.0,"orig_fid":"7980","globalid":"{2DBF79B5-2E90-4802-8281-446B5F24765A}","created_us":null,"created_da":"NaT","last_edite":null,"last_edi_1":"NaT","st_area_sh":617963.350363,"st_length_":3034.28838073},"geometry":{"type":"Polygon","coordinates":[[[-0.24541087502641729,45.18014087048066],[-0.25179413033763914,45.18081938448589],[-0.23970847954819227,45.184842672841945],[-0.23872738321981463,45.18404586245223],[-0.23923026839941816,45.18197170905604],[-0.24541087502641729,45.18014087048066]]]}},{"id":"4954","type":"Feature","properties":{"id":"017_062024_004017","dept":"017","source":"Zonage local","idsource":"FORESTIE0000000001700004","zonage":"1","diffusion":"Non","url":"https://www.charente-maritime.gouv.fr/Actions-de-l-Etat/Securite/Securite-civile/Prevention-des-incendies-de-foret/Obligations-Legales-de-Debroussaillement-OLD","date_integ":"01/06/24","dat_ap_old":"02/12/20","fid_1":0.0,"id_m":0.0,"nom_massif":null,"layer":null,"path":null,"buff_dist":200.0,"orig_fid":"4962","globalid":"{80E5C80C-F3A4-409F-B5E1-A9D1F70BBAEA}","created_us":null,"created_da":"NaT","last_edite":null,"last_edi_1":"NaT","st_area_sh":405077.438759,"st_length_":2376.23288045},"geometry":{"type":"Polygon","coordinates":[[[-0.2379168239403026,45.18262434369082],[-0.24005425764492555,45.18289601661522],[-0.24270231400333256,45.1838794816234],[-0.2354667468614363,45.18620715305447],[-0.23486452289122875,45.18573103271942],[-0.23476023130178372,45.18393171058674],[-0.2379168239403026,45.18262434369082]]]}},{"id":"4967","type":"Feature","properties":{"id":"017_062024_004030","dept":"017","source":"Zonage local","idsource":"FORESTIE0000000001700004","zonage":"1","diffusion":"Non","url":"https://www.charente-maritime.gouv.fr/Actions-de-l-Etat/Securite/Securite-civile/Prevention-des-incendies-de-foret/Obligations-Legales-de-Debroussaillement-OLD","date_integ":"01/06/24","dat_ap_old":"02/12/20","fid_1":0.0,"id_m":0.0,"nom_massif":null,"layer":null,"path":null,"buff_dist":200.0,"orig_fid":"4975","globalid":"{B665195E-730B-44D9-8CD1-655E70C751AA}","created_us":null,"created_da":"NaT","last_edite":null,"last_edi_1":"NaT","st_area_sh":706261.782249,"st_length_":3208.39045949},"geometry":{"type":"Polygon","coordinates":[[[-0.21511090306435499,45.188763727112],[-0.2137237373246851,45.18975592456254],[-0.21148236379539329,45.18991747551441],[-0.21511090306435499,45.188763727112]]]}},{"id":"7971","type":"Feature","properties":{"id":"017_062024_007493","dept":"017","source":"Zonage local","idsource":"FORESTIE0000000001700003","zonage":"1","diffusion":"Non","url":"https://www.charente-maritime.gouv.fr/Actions-de-l-Etat/Securite/Securite-civile/Prevention-des-incendies-de-foret/Obligations-Legales-de-Debroussaillement-OLD","date_integ":"01/06/24","dat_ap_old":"02/12/20","fid_1":0.0,"id_m":0.0,"nom_massif":null,"layer":null,"path":null,"buff_dist":200.0,"orig_fid":"7983","globalid":"{C453833F-98D5-4001-A9C3-3DA76AF4A38F}","created_us":null,"created_da":"NaT","last_edite":null,"last_edi_1":"NaT","st_area_sh":3213772.53623,"st_length_":7589.21189613},"geometry":{"type":"Polygon","coordinates":[[[-0.20968767755943676,45.190494186836524],[-0.20864654135505054,45.19340124171035],[-0.20194167353910697,45.19670561631029],[-0.19804558113187218,45.19726981456988],[-0.1944640461011763,45.19538483112454],[-0.20968767755943676,45.190494186836524]]]}},{"id":"2210","type":"Feature","properties":{"id":"017_062024_000915","dept":"017","source":"Zonage local","idsource":"FORESTIE0000000001701848","zonage":"1","diffusion":"Non","url":"https://www.charente-maritime.gouv.fr/Actions-de-l-Etat/Securite/Securite-civile/Prevention-des-incendies-de-foret/Obligations-Legales-de-Debroussaillement-OLD","date_integ":"01/06/24","dat_ap_old":"02/12/20","fid_1":0.0,"id_m":0.0,"nom_massif":null,"layer":null,"path":null,"buff_dist":200.0,"orig_fid":"2216","globalid":"{399EFD1B-3CFE-40FA-8EB8-08ABAD8DC9F1}","created_us":null,"created_da":"NaT","last_edite":null,"last_edi_1":"NaT","st_area_sh":248791.397366,"st_length_":1824.87346387},"geometry":{"type":"Polygon","coordinates":[[[-0.21893670537230625,45.187521515561876],[-0.2184643916639263,45.18772364727869],[-0.21789644445828105,45.18785589994123],[-0.21893670537230625,45.187521515561876]]]}},{"id":"1862","type":"Feature","properties":{"id":"017_062024_000504","dept":"017","source":"Zonage local","idsource":"FORESTIE0000000001715687","zonage":"1","diffusion":"Non","url":"https://www.charente-maritime.gouv.fr/Actions-de-l-Etat/Securite/Securite-civile/Prevention-des-incendies-de-foret/Obligations-Legales-de-Debroussaillement-OLD","date_integ":"01/06/24","dat_ap_old":"02/12/20","fid_1":0.0,"id_m":0.0,"nom_massif":null,"layer":null,"path":null,"buff_dist":200.0,"orig_fid":"1868","globalid":"{CE471966-D646-49EA-8E9D-19A1FBBE8B1C}","created_us":null,"created_da":"NaT","last_edite":null,"last_edi_1":"NaT","st_area_sh":217928.584862,"st_length_":1666.01787422},"geometry":{"type":"Polygon","coordinates":[[[-0.2208921105129178,45.18691610792343],[-0.21997655301808208,45.18742110768041],[-0.21810504490047367,45.18778882528098],[-0.2208921105129178,45.18691610792343]]]}},{"id":"2605","type":"Feature","properties":{"id":"017_062024_001335","dept":"017","source":"Zonage local","idsource":"FORESTIE0000000001721538","zonage":"1","diffusion":"Non","url":"https://www.charente-maritime.gouv.fr/Actions-de-l-Etat/Securite/Securite-civile/Prevention-des-incendies-de-foret/Obligations-Legales-de-Debroussaillement-OLD","date_integ":"01/06/24","dat_ap_old":"02/12/20","fid_1":0.0,"id_m":0.0,"nom_massif":null,"layer":null,"path":null,"buff_dist":200.0,"orig_fid":"2611","globalid":"{AC2BC46B-D332-4F74-8292-E835B42BCDD9}","created_us":null,"created_da":"NaT","last_edite":null,"last_edi_1":"NaT","st_area_sh":250854.575693,"st_length_":1793.84585838},"geometry":{"type":"Polygon","coordinates":[[[-0.22774185824620596,45.18469041768843],[-0.2276695844633803,45.186254669704724],[-0.22600333727979025,45.187269430710785],[-0.22349278847501197,45.18776579597413],[-0.22101284541713773,45.186854015398886],[-0.22774185824620596,45.18469041768843]]]}},{"id":"3373","type":"Feature","properties":{"id":"017_062024_002290","dept":"017","source":"Zonage local","idsource":"FORESTIE0000000001700009","zonage":"1","diffusion":"Non","url":"https://www.charente-maritime.gouv.fr/Actions-de-l-Etat/Securite/Securite-civile/Prevention-des-incendies-de-foret/Obligations-Legales-de-Debroussaillement-OLD","date_integ":"01/06/24","dat_ap_old":"02/12/20","fid_1":0.0,"id_m":0.0,"nom_massif":null,"layer":null,"path":null,"buff_dist":200.0,"orig_fid":"3381","globalid":"{E63C062D-9855-464F-9EF9-43A189634835}","created_us":null,"created_da":"NaT","last_edite":null,"last_edi_1":"NaT","st_area_sh":224610.209591,"st_length_":1685.17368278},"geometry":{"type":"Polygon","coordinates":[[[-0.22479198867829087,45.18563895673736],[-0.2227739285880594,45.18761956807672],[-0.21937972958133867,45.187379094067836],[-0.22479198867829087,45.18563895673736]]]}},{"id":"7972","type":"Feature","properties":{"id":"017_062024_007494","dept":"017","source":"Zonage local","idsource":"FORESTIE0000000001700003","zonage":"1","diffusion":"Non","url":"https://www.charente-maritime.gouv.fr/Actions-de-l-Etat/Securite/Securite-civile/Prevention-des-incendies-de-foret/Obligations-Legales-de-Debroussaillement-OLD","date_integ":"01/06/24","dat_ap_old":"02/12/20","fid_1":0.0,"id_m":0.0,"nom_massif":null,"layer":null,"path":null,"buff_dist":200.0,"orig_fid":"7984","globalid":"{F9DE90F6-E454-42A0-ADA3-E347ACF56394}","created_us":null,"created_da":"NaT","last_edite":null,"last_edi_1":"NaT","st_area_sh":553561.305855,"st_length_":2838.56171645},"geometry":{"type":"Polygon","coordinates":[[[-0.22079142506494234,45.18692522791177],[-0.22045801916117122,45.188888260771435],[-0.21919962097172274,45.18979255323231],[-0.21389159123228554,45.19038894927736],[-0.2119529438863204,45.18976620513497],[-0.22079142506494234,45.18692522791177]]]}},{"id":"6770","type":"Feature","properties":{"id":"017_062024_006162","dept":"017","source":"Zonage local","idsource":"FORESTIE0000000001701875","zonage":"1","diffusion":"Non","url":"https://www.charente-maritime.gouv.fr/Actions-de-l-Etat/Securite/Securite-civile/Prevention-des-incendies-de-foret/Obligations-Legales-de-Debroussaillement-OLD","date_integ":"01/06/24","dat_ap_old":"02/12/20","fid_1":0.0,"id_m":0.0,"nom_massif":null,"layer":null,"path":null,"buff_dist":200.0,"orig_fid":"6782","globalid":"{A8BF0E8E-47A7-417E-9864-DA146AC02811}","created_us":null,"created_da":"NaT","last_edite":null,"last_edi_1":"NaT","st_area_sh":954210.91097,"st_length_":3986.55083255},"geometry":{"type":"Polygon","coordinates":[[[-0.2292670872354491,45.18420802052926],[-0.22789302250649068,45.187655919124936],[-0.22575378088874365,45.18910883092031],[-0.21673021292849087,45.19139276427403],[-0.2119868276654687,45.18975532011967],[-0.2292670872354491,45.18420802052926]]]}},{"id":"4085","type":"Feature","properties":{"id":"017_062024_003147","dept":"017","source":"Zonage local","idsource":"FORESTIE0000000001700020","zonage":"1","diffusion":"Non","url":"https://www.charente-maritime.gouv.fr/Actions-de-l-Etat/Securite/Securite-civile/Prevention-des-incendies-de-foret/Obligations-Legales-de-Debroussaillement-OLD","date_integ":"01/06/24","dat_ap_old":"02/12/20","fid_1":0.0,"id_m":0.0,"nom_massif":null,"layer":null,"path":null,"buff_dist":200.0,"orig_fid":"4093","globalid":"{E0E70916-0324-453F-9AE2-EDD845AA1A18}","created_us":null,"created_da":"NaT","last_edite":null,"last_edi_1":"NaT","st_area_sh":244636.269853,"st_length_":1793.36479134},"geometry":{"type":"Polygon","coordinates":[[[-0.2321730685475731,45.18423043887237],[-0.23451675693713767,45.184344438735245],[-0.23620296403015636,45.18597034515865],[-0.22920416710094296,45.188221283483045],[-0.2282758241750657,45.186981442979665],[-0.22852931591063774,45.185837687656885],[-0.2321730685475731,45.18423043887237]]]}},{"id":"4959","type":"Feature","properties":{"id":"017_062024_004022","dept":"017","source":"Zonage local","idsource":"FORESTIE0000000001700004","zonage":"1","diffusion":"Non","url":"https://www.charente-maritime.gouv.fr/Actions-de-l-Etat/Securite/Securite-civile/Prevention-des-incendies-de-foret/Obligations-Legales-de-Debroussaillement-OLD","date_integ":"01/06/24","dat_ap_old":"02/12/20","fid_1":0.0,"id_m":0.0,"nom_massif":null,"layer":null,"path":null,"buff_dist":200.0,"orig_fid":"4967","globalid":"{F59DDC02-E45A-455F-8333-3012E6DA20BE}","created_us":null,"created_da":"NaT","last_edite":null,"last_edi_1":"NaT","st_area_sh":323953.289741,"st_length_":2073.518264},"geometry":{"type":"Polygon","coordinates":[[[-0.22592892093685776,45.185302091011806],[-0.22612570236623233,45.1880388217286],[-0.22339719551440707,45.189522156166404],[-0.220189753180192,45.189791196227425],[-0.2185150056212307,45.18849415857614],[-0.21851248703212903,45.1876578611319],[-0.22592892093685776,45.185302091011806]]]}},{"id":"4957","type":"Feature","properties":{"id":"017_062024_004020","dept":"017","source":"Zonage local","idsource":"FORESTIE0000000001700004","zonage":"1","diffusion":"Non","url":"https://www.charente-maritime.gouv.fr/Actions-de-l-Etat/Securite/Securite-civile/Prevention-des-incendies-de-foret/Obligations-Legales-de-Debroussaillement-OLD","date_integ":"01/06/24","dat_ap_old":"02/12/20","fid_1":0.0,"id_m":0.0,"nom_massif":null,"layer":null,"path":null,"buff_dist":200.0,"orig_fid":"4965","globalid":"{5EE6D587-E03F-495C-80D5-0622F7BA8BB6}","created_us":null,"created_da":"NaT","last_edite":null,"last_edi_1":"NaT","st_area_sh":494589.196898,"st_length_":2630.73038226},"geometry":{"type":"Polygon","coordinates":[[[-0.23358402393171454,45.1840086803878],[-0.23679636824313183,45.185779461998195],[-0.22580739208336847,45.18931351948203],[-0.22864468175808494,45.18551272251726],[-0.23358402393171454,45.1840086803878]]]}},{"id":"5818","type":"Feature","properties":{"id":"017_062024_004928","dept":"017","source":"Zonage local","idsource":"FORESTIE0000000001700002","zonage":"1","diffusion":"Non","url":"https://www.charente-maritime.gouv.fr/Actions-de-l-Etat/Securite/Securite-civile/Prevention-des-incendies-de-foret/Obligations-Legales-de-Debroussaillement-OLD","date_integ":"01/06/24","dat_ap_old":"02/12/20","fid_1":0.0,"id_m":0.0,"nom_massif":null,"layer":null,"path":null,"buff_dist":200.0,"orig_fid":"5830","globalid":"{042F4763-61CA-4C22-9B11-AEC3881FA075}","created_us":null,"created_da":"NaT","last_edite":null,"last_edi_1":"NaT","st_area_sh":581815.583059,"st_length_":2902.61427176},"geometry":{"type":"Polygon","coordinates":[[[-0.23156354882729172,45.18746252943227],[-0.23309316102361533,45.18650522306709],[-0.23513045920043102,45.18631531904443],[-0.23156354882729172,45.18746252943227]]]}},{"id":"6774","type":"Feature","properties":{"id":"017_062024_006166","dept":"017","source":"Zonage local","idsource":"FORESTIE0000000001701875","zonage":"1","diffusion":"Non","url":"https://www.charente-maritime.gouv.fr/Actions-de-l-Etat/Securite/Securite-civile/Prevention-des-incendies-de-foret/Obligations-Legales-de-Debroussaillement-OLD","date_integ":"01/06/24","dat_ap_old":"02/12/20","fid_1":0.0,"id_m":0.0,"nom_massif":null,"layer":null,"path":null,"buff_dist":200.0,"orig_fid":"6786","globalid":"{BE04091E-C43B-4613-BB3C-2450ACC1E4E9}","created_us":null,"created_da":"NaT","last_edite":null,"last_edi_1":"NaT","st_area_sh":1520267.78563,"st_length_":6023.9941097},"geometry":{"type":"Polygon","coordinates":[[[-0.2165655599929936,45.188283720538635],[-0.21734439033746608,45.18972752672002],[-0.21678130887876726,45.19093211715518],[-0.21229497487690907,45.191931163141845],[-0.2118441183328874,45.19315660255271],[-0.21036744706051141,45.193904854747686],[-0.20701403714467362,45.19415931502151],[-0.20484220000308584,45.19265921001163],[-0.2011625628411721,45.193233280455914],[-0.2165655599929936,45.188283720538635]]]}},{"id":"3902","type":"Feature","properties":{"id":"017_062024_002964","dept":"017","source":"Zonage local","idsource":"FORESTIE0000000001700020","zonage":"1","diffusion":"Non","url":"https://www.charente-maritime.gouv.fr/Actions-de-l-Etat/Securite/Securite-civile/Prevention-des-incendies-de-foret/Obligations-Legales-de-Debroussaillement-OLD","date_integ":"01/06/24","dat_ap_old":"02/12/20","fid_1":0.0,"id_m":0.0,"nom_massif":null,"layer":null,"path":null,"buff_dist":200.0,"orig_fid":"3910","globalid":"{0DB0EB74-E108-4625-95B8-CB24931DE511}","created_us":null,"created_da":"NaT","last_edite":null,"last_edi_1":"NaT","st_area_sh":282453.246968,"st_length_":1941.6925973},"geometry":{"type":"Polygon","coordinates":[[[-0.21518935854350904,45.188763949630285],[-0.21458647692275076,45.19040737243248],[-0.21086757637745282,45.19212778885504],[-0.2071775337604072,45.19130082665876],[-0.21518935854350904,45.188763949630285]]]}},{"id":"7192","type":"Feature","properties":{"id":"017_062024_006630","dept":"017","source":"Zonage local","idsource":"FORESTIE0000000001711140","zonage":"1","diffusion":"Non","url":"https://www.charente-maritime.gouv.fr/Actions-de-l-Etat/Securite/Securite-civile/Prevention-des-incendies-de-foret/Obligations-Legales-de-Debroussaillement-OLD","date_integ":"01/06/24","dat_ap_old":"02/12/20","fid_1":0.0,"id_m":0.0,"nom_massif":null,"layer":null,"path":null,"buff_dist":200.0,"orig_fid":"7204","globalid":"{5CF37772-3435-4755-A32E-BAF279292C5B}","created_us":null,"created_da":"NaT","last_edite":null,"last_edi_1":"NaT","st_area_sh":336899.874263,"st_length_":2171.08400288},"geometry":{"type":"Polygon","coordinates":[[[-0.21599789617751408,45.18846614186995],[-0.21728283217904873,45.190333563383106],[-0.21601458029322698,45.19202862021573],[-0.21039381615859196,45.19364459738212],[-0.2076295245056341,45.19250560567654],[-0.20748540449424094,45.191201922878015],[-0.21599789617751408,45.18846614186995]]]}},{"id":"1691","type":"Feature","properties":{"id":"017_062024_000222","dept":"017","source":"Zonage local","idsource":"FORESTIE0000000001721659","zonage":"1","diffusion":"Non","url":"https://www.charente-maritime.gouv.fr/Actions-de-l-Etat/Securite/Securite-civile/Prevention-des-incendies-de-foret/Obligations-Legales-de-Debroussaillement-OLD","date_integ":"01/06/24","dat_ap_old":"02/12/20","fid_1":0.0,"id_m":0.0,"nom_massif":null,"layer":null,"path":null,"buff_dist":200.0,"orig_fid":"1697","globalid":"{F57DC60C-BC5D-4F23-ADB4-4909F922C691}","created_us":null,"created_da":"NaT","last_edite":null,"last_edi_1":"NaT","st_area_sh":222962.160047,"st_length_":1689.5661594},"geometry":{"type":"Polygon","coordinates":[[[-0.21284718800046015,45.1894788099849],[-0.21353821424841357,45.19131996193459],[-0.21218844037821,45.19280487047053],[-0.20898386096625066,45.19334640025658],[-0.20733984065426067,45.192055233161305],[-0.20717523308734473,45.191301564030006],[-0.21284718800046015,45.1894788099849]]]}},{"id":"4978","type":"Feature","properties":{"id":"017_062024_004041","dept":"017","source":"Zonage local","idsource":"FORESTIE0000000001700004","zonage":"1","diffusion":"Non","url":"https://www.charente-maritime.gouv.fr/Actions-de-l-Etat/Securite/Securite-civile/Prevention-des-incendies-de-foret/Obligations-Legales-de-Debroussaillement-OLD","date_integ":"01/06/24","dat_ap_old":"02/12/20","fid_1":0.0,"id_m":0.0,"nom_massif":null,"layer":null,"path":null,"buff_dist":200.0,"orig_fid":"4986","globalid":"{F7C78F8D-C2E6-4475-B5BB-7201C786097B}","created_us":null,"created_da":"NaT","last_edite":null,"last_edi_1":"NaT","st_area_sh":399945.752803,"st_length_":2296.43736901},"geometry":{"type":"Polygon","coordinates":[[[-0.21556311020658095,45.18917562229595],[-0.21755553847857237,45.189863049651926],[-0.21849705866389849,45.191663690352065],[-0.21038173846687172,45.19427185330325],[-0.20973193361839984,45.19302647357741],[-0.2104726229975079,45.19087085137511],[-0.21556311020658095,45.18917562229595]]]}},{"id":"1701","type":"Feature","properties":{"id":"017_062024_000232","dept":"017","source":"Zonage local","idsource":"FORESTIE0000000001721666","zonage":"1","diffusion":"Non","url":"https://www.charente-maritime.gouv.fr/Actions-de-l-Etat/Securite/Securite-civile/Prevention-des-incendies-de-foret/Obligations-Legales-de-Debroussaillement-OLD","date_integ":"01/06/24","dat_ap_old":"02/12/20","fid_1":0.0,"id_m":0.0,"nom_massif":null,"layer":null,"path":null,"buff_dist":200.0,"orig_fid":"1707","globalid":"{91BB7D66-458A-4426-B573-3C2B2BA83DA5}","created_us":null,"created_da":"NaT","last_edite":null,"last_edi_1":"NaT","st_area_sh":254986.699119,"st_length_":1858.45683318},"geometry":{"type":"Polygon","coordinates":[[[-0.21261756088688585,45.19010784958456],[-0.2147064479813783,45.19094500663634],[-0.21502026013054087,45.19278119401818],[-0.20896809375148548,45.19472609081685],[-0.20991493464491076,45.191227122386636],[-0.21261756088688585,45.19010784958456]]]}},{"id":"2835","type":"Feature","properties":{"id":"017_062024_001578","dept":"017","source":"Zonage local","idsource":"FORESTIE0000000001719880","zonage":"1","diffusion":"Non","url":"https://www.charente-maritime.gouv.fr/Actions-de-l-Etat/Securite/Securite-civile/Prevention-des-incendies-de-foret/Obligations-Legales-de-Debroussaillement-OLD","date_integ":"01/06/24","dat_ap_old":"02/12/20","fid_1":0.0,"id_m":0.0,"nom_massif":null,"layer":null,"path":null,"buff_dist":200.0,"orig_fid":"2842","globalid":"{53A2D3C5-5C0F-47A5-AE95-3DEB7D59B6C3}","created_us":null,"created_da":"NaT","last_edite":null,"last_edi_1":"NaT","st_area_sh":250905.157333,"st_length_":1793.62067861},"geometry":{"type":"Polygon","coordinates":[[[-0.2131585371876969,45.19119874478728],[-0.21610818555814565,45.19243152568873],[-0.20956024623112526,45.19453581757268],[-0.2104007302409602,45.191956233036485],[-0.2131585371876969,45.19119874478728]]]}},{"id":"4760","type":"Feature","properties":{"id":"017_062024_003823","dept":"017","source":"Zonage local","idsource":"FORESTIE0000000001700004","zonage":"1","diffusion":"Non","url":"https://www.charente-maritime.gouv.fr/Actions-de-l-Etat/Securite/Securite-civile/Prevention-des-incendies-de-foret/Obligations-Legales-de-Debroussaillement-OLD","date_integ":"01/06/24","dat_ap_old":"02/12/20","fid_1":0.0,"id_m":0.0,"nom_massif":null,"layer":null,"path":null,"buff_dist":200.0,"orig_fid":"4768","globalid":"{19A6F008-ABB7-4A97-9BC1-3CF59BC2C7B9}","created_us":null,"created_da":"NaT","last_edite":null,"last_edi_1":"NaT","st_area_sh":539625.338516,"st_length_":2894.46455454},"geometry":{"type":"Polygon","coordinates":[[[-0.21222403300835063,45.19025746013762],[-0.21431291979982844,45.191094624578696],[-0.21469615555156668,45.19288535408448],[-0.20498850925621623,45.196004703020975],[-0.20304230712413618,45.19475260809751],[-0.20384253468239832,45.19283328963171],[-0.21222403300835063,45.19025746013762]]]}},{"id":"2952","type":"Feature","properties":{"id":"017_062024_001695","dept":"017","source":"Zonage local","idsource":"FORESTIE0000000001702348","zonage":"1","diffusion":"Non","url":"https://www.charente-maritime.gouv.fr/Actions-de-l-Etat/Securite/Securite-civile/Prevention-des-incendies-de-foret/Obligations-Legales-de-Debroussaillement-OLD","date_integ":"01/06/24","dat_ap_old":"02/12/20","fid_1":0.0,"id_m":0.0,"nom_massif":null,"layer":null,"path":null,"buff_dist":200.0,"orig_fid":"2959","globalid":"{5C534D60-9BC6-4F8D-A9B8-227BBAD512B7}","created_us":null,"created_da":"NaT","last_edite":null,"last_edi_1":"NaT","st_area_sh":243128.628241,"st_length_":1759.88564789},"geometry":{"type":"Polygon","coordinates":[[[-0.19811268429365242,45.19421302118808],[-0.19871571052390957,45.19655980471221],[-0.19549051338878773,45.1981858457032],[-0.19354901645570355,45.19806135696421],[-0.19163044439283278,45.19629485239262],[-0.19811268429365242,45.19421302118808]]]}},{"id":"7493","type":"Feature","properties":{"id":"017_062024_006931","dept":"017","source":"Zonage local","idsource":"FORESTIE0000000001715678","zonage":"1","diffusion":"Non","url":"https://www.charente-maritime.gouv.fr/Actions-de-l-Etat/Securite/Securite-civile/Prevention-des-incendies-de-foret/Obligations-Legales-de-Debroussaillement-OLD","date_integ":"01/06/24","dat_ap_old":"02/12/20","fid_1":0.0,"id_m":0.0,"nom_massif":null,"layer":null,"path":null,"buff_dist":200.0,"orig_fid":"7505","globalid":"{16714DFB-D715-4FED-A4C9-52D193E1C2AD}","created_us":null,"created_da":"NaT","last_edite":null,"last_edi_1":"NaT","st_area_sh":235006.50904,"st_length_":1740.39475992},"geometry":{"type":"Polygon","coordinates":[[[-0.19148901493904785,45.1963475334816],[-0.1913573205331434,45.19792611480969],[-0.1900459133507779,45.198860200979006],[-0.1876951144940678,45.19905901735394],[-0.18613440687868443,45.198130427531645],[-0.19148901493904785,45.1963475334816]]]}},{"id":"1866","type":"Feature","properties":{"id":"017_062024_000509","dept":"017","source":"Zonage local","idsource":"FORESTIE0000000001715695","zonage":"1","diffusion":"Non","url":"https://www.charente-maritime.gouv.fr/Actions-de-l-Etat/Securite/Securite-civile/Prevention-des-incendies-de-foret/Obligations-Legales-de-Debroussaillement-OLD","date_integ":"01/06/24","dat_ap_old":"02/12/20","fid_1":0.0,"id_m":0.0,"nom_massif":null,"layer":null,"path":null,"buff_dist":200.0,"orig_fid":"1872","globalid":"{3AAD606A-F956-4B58-84EE-A15423DD3185}","created_us":null,"created_da":"NaT","last_edite":null,"last_edi_1":"NaT","st_area_sh":210131.349069,"st_length_":1643.29260263},"geometry":{"type":"Polygon","coordinates":[[[-0.19869279757158162,45.19474551022271],[-0.2006879726316431,45.1954854600574],[-0.20128102737311143,45.19719571672746],[-0.19577575915004022,45.1989639363863],[-0.19535506118407403,45.19632256791222],[-0.19869279757158162,45.19474551022271]]]}},{"id":"3378","type":"Feature","properties":{"id":"017_062024_002295","dept":"017","source":"Zonage local","idsource":"FORESTIE0000000001700009","zonage":"1","diffusion":"Non","url":"https://www.charente-maritime.gouv.fr/Actions-de-l-Etat/Securite/Securite-civile/Prevention-des-incendies-de-foret/Obligations-Legales-de-Debroussaillement-OLD","date_integ":"01/06/24","dat_ap_old":"02/12/20","fid_1":0.0,"id_m":0.0,"nom_massif":null,"layer":null,"path":null,"buff_dist":200.0,"orig_fid":"3386","globalid":"{5DE51F70-2445-4551-93CD-32413EC46B0B}","created_us":null,"created_da":"NaT","last_edite":null,"last_edi_1":"NaT","st_area_sh":306721.682183,"st_length_":2049.57070817},"geometry":{"type":"Polygon","coordinates":[[[-0.2211977081828402,45.18681909497127],[-0.2234565874214575,45.188088335960686],[-0.22251048548962318,45.19012460028388],[-0.21802014006643416,45.191393964475026],[-0.21524468053508933,45.191029172091696],[-0.21428041645553791,45.19009353996924],[-0.21408013005243787,45.18908257452616],[-0.2211977081828402,45.18681909497127]]]}},{"id":"7306","type":"Feature","properties":{"id":"017_062024_006744","dept":"017","source":"Zonage local","idsource":"FORESTIE0000000001711140","zonage":"1","diffusion":"Non","url":"https://www.charente-maritime.gouv.fr/Actions-de-l-Etat/Securite/Securite-civile/Prevention-des-incendies-de-foret/Obligations-Legales-de-Debroussaillement-OLD","date_integ":"01/06/24","dat_ap_old":"02/12/20","fid_1":0.0,"id_m":0.0,"nom_massif":null,"layer":null,"path":null,"buff_dist":200.0,"orig_fid":"7318","globalid":"{0176CE1F-2C34-424A-85FB-4838D1712EEA}","created_us":null,"created_da":"NaT","last_edite":null,"last_edi_1":"NaT","st_area_sh":354258.443433,"st_length_":2177.52261273},"geometry":{"type":"Polygon","coordinates":[[[-0.2190109046646615,45.18863686194413],[-0.2213185915203026,45.189270559387374],[-0.2222468213028781,45.19045828275888],[-0.21395314784099193,45.19312414563413],[-0.21491336917587275,45.19082843115089],[-0.2190109046646615,45.18863686194413]]]}},{"id":"5409","type":"Feature","properties":{"id":"017_062024_004500","dept":"017","source":"Zonage local","idsource":"FORESTIE0000000001701875","zonage":"1","diffusion":"Non","url":"https://www.charente-maritime.gouv.fr/Actions-de-l-Etat/Securite/Securite-civile/Prevention-des-incendies-de-foret/Obligations-Legales-de-Debroussaillement-OLD","date_integ":"01/06/24","dat_ap_old":"02/12/20","fid_1":0.0,"id_m":0.0,"nom_massif":null,"layer":null,"path":null,"buff_dist":200.0,"orig_fid":"5421","globalid":"{A64EBED5-5FE1-400C-921D-7322720705F5}","created_us":null,"created_da":"NaT","last_edite":null,"last_edi_1":"NaT","st_area_sh":443738.054981,"st_length_":2484.8516903},"geometry":{"type":"Polygon","coordinates":[[[-0.22026004148588757,45.18843081978996],[-0.22473697731471248,45.189657687457526],[-0.21586282822730873,45.1925103889207],[-0.21679545937260727,45.19139947727614],[-0.2169664985089067,45.18930592271691],[-0.22026004148588757,45.18843081978996]]]}},{"id":"4757","type":"Feature","properties":{"id":"017_062024_003820","dept":"017","source":"Zonage local","idsource":"FORESTIE0000000001700004","zonage":"1","diffusion":"Non","url":"https://www.charente-maritime.gouv.fr/Actions-de-l-Etat/Securite/Securite-civile/Prevention-des-incendies-de-foret/Obligations-Legales-de-Debroussaillement-OLD","date_integ":"01/06/24","dat_ap_old":"02/12/20","fid_1":0.0,"id_m":0.0,"nom_massif":null,"layer":null,"path":null,"buff_dist":200.0,"orig_fid":"4765","globalid":"{2AA034D2-43FC-4EFA-8C8C-EB4168621248}","created_us":null,"created_da":"NaT","last_edite":null,"last_edi_1":"NaT","st_area_sh":670286.742524,"st_length_":3196.01873764},"geometry":{"type":"Polygon","coordinates":[[[-0.226306996739059,45.188520813356746],[-0.2292160614695223,45.18821745961019],[-0.225206969314737,45.18950657684348],[-0.226306996739059,45.188520813356746]]]}},{"id":"5970","type":"Feature","properties":{"id":"017_062024_005117","dept":"017","source":"Zonage local","idsource":"FORESTIE0000000001700001","zonage":"1","diffusion":"Non","url":"https://www.charente-maritime.gouv.fr/Actions-de-l-Etat/Securite/Securite-civile/Prevention-des-incendies-de-foret/Obligations-Legales-de-Debroussaillement-OLD","date_integ":"01/06/24","dat_ap_old":"02/12/20","fid_1":0.0,"id_m":0.0,"nom_massif":null,"layer":null,"path":null,"buff_dist":200.0,"orig_fid":"5982","globalid":"{F7843D47-F7F4-4B21-9A28-DC411D01D261}","created_us":null,"created_da":"NaT","last_edite":null,"last_edi_1":"NaT","st_area_sh":314933.687249,"st_length_":2032.69075716},"geometry":{"type":"Polygon","coordinates":[[[-0.25848453206934124,45.176357314222315],[-0.26068887486671827,45.17692922259267],[-0.25338546671168305,45.1802028965322],[-0.2529730336872881,45.17872467311542],[-0.2536359288967383,45.177666139105796],[-0.25848453206934124,45.176357314222315]]]}},{"id":"7980","type":"Feature","properties":{"id":"017_062024_007502","dept":"017","source":"Zonage local","idsource":"FORESTIE0000000001700003","zonage":"1","diffusion":"Non","url":"https://www.charente-maritime.gouv.fr/Actions-de-l-Etat/Securite/Securite-civile/Prevention-des-incendies-de-foret/Obligations-Legales-de-Debroussaillement-OLD","date_integ":"01/06/24","dat_ap_old":"02/12/20","fid_1":0.0,"id_m":0.0,"nom_massif":null,"layer":null,"path":null,"buff_dist":200.0,"orig_fid":"7992","globalid":"{CD06924A-2901-46A2-BD32-5D07AF264E5E}","created_us":null,"created_da":"NaT","last_edite":null,"last_edi_1":"NaT","st_area_sh":720741.475059,"st_length_":3329.78482952},"geometry":{"type":"Polygon","coordinates":[[[-0.2417225077583284,45.18190762891551],[-0.24578425632559942,45.18288771175649],[-0.23639488007570006,45.18590861385682],[-0.2354788058492734,45.18507289002023],[-0.23552650212122345,45.18369500527358],[-0.23667621959681273,45.18277975751905],[-0.2417225077583284,45.18190762891551]]]}},{"id":"8157","type":"Feature","properties":{"id":"017_062024_007679","dept":"017","source":"Zonage local","idsource":"FORESTIE0000000001700003","zonage":"1","diffusion":"Non","url":"https://www.charente-maritime.gouv.fr/Actions-de-l-Etat/Securite/Securite-civile/Prevention-des-incendies-de-foret/Obligations-Legales-de-Debroussaillement-OLD","date_integ":"01/06/24","dat_ap_old":"02/12/20","fid_1":0.0,"id_m":0.0,"nom_massif":null,"layer":null,"path":null,"buff_dist":200.0,"orig_fid":"8169","globalid":"{E71F75D8-93DD-47E7-A8E4-058CD2EAB7A7}","created_us":null,"created_da":"NaT","last_edite":null,"last_edi_1":"NaT","st_area_sh":704786.018185,"st_length_":3275.85523541},"geometry":{"type":"Polygon","coordinates":[[[-0.23707811788573255,45.18296718344091],[-0.2404672638324444,45.18459855860116],[-0.2318570866021135,45.1873681299503],[-0.23121078621564448,45.18656563266119],[-0.231078783930323,45.18530038395938],[-0.23189004083260145,45.18442634184736],[-0.23707811788573255,45.18296718344091]]]}},{"id":"7712","type":"Feature","properties":{"id":"017_062024_007233","dept":"017","source":"Zonage local","idsource":"FORESTIE0000000001700003","zonage":"1","diffusion":"Non","url":"https://www.charente-maritime.gouv.fr/Actions-de-l-Etat/Securite/Securite-civile/Prevention-des-incendies-de-foret/Obligations-Legales-de-Debroussaillement-OLD","date_integ":"01/06/24","dat_ap_old":"02/12/20","fid_1":0.0,"id_m":0.0,"nom_massif":null,"layer":null,"path":null,"buff_dist":200.0,"orig_fid":"7724","globalid":"{E5682164-2B09-43F7-B82D-A218C724F722}","created_us":null,"created_da":"NaT","last_edite":null,"last_edi_1":"NaT","st_area_sh":14688240.328,"st_length_":17722.359141},"geometry":{"type":"Polygon","coordinates":[[[-0.25689323458207963,45.17872572875856],[-0.2570750901143504,45.177371798937266],[-0.25853012507029055,45.176287634381374],[-0.26363155532918336,45.17537979601257],[-0.25689323458207963,45.17872572875856]]]}},{"id":"5412","type":"Feature","properties":{"id":"017_062024_004503","dept":"017","source":"Zonage local","idsource":"FORESTIE0000000001701875","zonage":"1","diffusion":"Non","url":"https://www.charente-maritime.gouv.fr/Actions-de-l-Etat/Securite/Securite-civile/Prevention-des-incendies-de-foret/Obligations-Legales-de-Debroussaillement-OLD","date_integ":"01/06/24","dat_ap_old":"02/12/20","fid_1":0.0,"id_m":0.0,"nom_massif":null,"layer":null,"path":null,"buff_dist":200.0,"orig_fid":"5424","globalid":"{40DCFBB2-E3FF-422E-AC80-50396C2D214B}","created_us":null,"created_da":"NaT","last_edite":null,"last_edi_1":"NaT","st_area_sh":1414161.81201,"st_length_":5349.27894757},"geometry":{"type":"Polygon","coordinates":[[[-0.18113333232091108,45.20009298819174],[-0.17896062282527975,45.2030045577513],[-0.17519494738032768,45.20285894968468],[-0.1782057905621308,45.20138854657376],[-0.18113333232091108,45.20009298819174]]]}},{"id":"7985","type":"Feature","properties":{"id":"017_062024_007507","dept":"017","source":"Zonage local","idsource":"FORESTIE0000000001700003","zonage":"1","diffusion":"Non","url":"https://www.charente-maritime.gouv.fr/Actions-de-l-Etat/Securite/Securite-civile/Prevention-des-incendies-de-foret/Obligations-Legales-de-Debroussaillement-OLD","date_integ":"01/06/24","dat_ap_old":"02/12/20","fid_1":0.0,"id_m":0.0,"nom_massif":null,"layer":null,"path":null,"buff_dist":200.0,"orig_fid":"7997","globalid":"{85B0FE99-8BBA-4948-B6A6-03D96CE243B1}","created_us":null,"created_da":"NaT","last_edite":null,"last_edi_1":"NaT","st_area_sh":374363.093102,"st_length_":2263.30873734},"geometry":{"type":"Polygon","coordinates":[[[-0.18412576367901515,45.198877909007784],[-0.18349805649807688,45.19921079206855],[-0.18283194712946194,45.199386388886786],[-0.18412576367901515,45.198877909007784]]]}},{"id":"5138","type":"Feature","properties":{"id":"017_062024_004201","dept":"017","source":"Zonage local","idsource":"FORESTIE0000000001716653","zonage":"1","diffusion":"Non","url":"https://www.charente-maritime.gouv.fr/Actions-de-l-Etat/Securite/Securite-civile/Prevention-des-incendies-de-foret/Obligations-Legales-de-Debroussaillement-OLD","date_integ":"01/06/24","dat_ap_old":"02/12/20","fid_1":0.0,"id_m":0.0,"nom_massif":null,"layer":null,"path":null,"buff_dist":200.0,"orig_fid":"5146","globalid":"{7BA57AEE-1154-47CD-9288-1C9157B93CA6}","created_us":null,"created_da":"NaT","last_edite":null,"last_edi_1":"NaT","st_area_sh":285499.1295,"st_length_":1912.2136034},"geometry":{"type":"Polygon","coordinates":[[[-0.184101134557819,45.19888738852347],[-0.18283859796057847,45.19956511234814],[-0.18143446569577387,45.1999601800881],[-0.184101134557819,45.19888738852347]]]}},{"id":"7698","type":"Feature","properties":{"id":"017_062024_007219","dept":"017","source":"Zonage local","idsource":"FORESTIE0000000001700003","zonage":"1","diffusion":"Non","url":"https://www.charente-maritime.gouv.fr/Actions-de-l-Etat/Securite/Securite-civile/Prevention-des-incendies-de-foret/Obligations-Legales-de-Debroussaillement-OLD","date_integ":"01/06/24","dat_ap_old":"02/12/20","fid_1":0.0,"id_m":0.0,"nom_massif":null,"layer":null,"path":null,"buff_dist":200.0,"orig_fid":"7710","globalid":"{0BDFA601-2A1D-488E-A735-F442C460D4EC}","created_us":null,"created_da":"NaT","last_edite":null,"last_edi_1":"NaT","st_area_sh":420349.111265,"st_length_":2377.10723177},"geometry":{"type":"Polygon","coordinates":[[[-0.1809948027235449,45.200164904273855],[-0.18148287632137244,45.203341729037504],[-0.17948629266866906,45.2048437886463],[-0.17619832311575978,45.20555504107088],[-0.17378350798437026,45.20451113056188],[-0.17348056394914266,45.20376087844059],[-0.1809948027235449,45.200164904273855]]]}},{"id":"7695","type":"Feature","properties":{"id":"017_062024_007216","dept":"017","source":"Zonage local","idsource":"FORESTIE0000000001700003","zonage":"1","diffusion":"Non","url":"https://www.charente-maritime.gouv.fr/Actions-de-l-Etat/Securite/Securite-civile/Prevention-des-incendies-de-foret/Obligations-Legales-de-Debroussaillement-OLD","date_integ":"01/06/24","dat_ap_old":"02/12/20","fid_1":0.0,"id_m":0.0,"nom_massif":null,"layer":null,"path":null,"buff_dist":200.0,"orig_fid":"7707","globalid":"{0B6EA538-5BCA-471E-96FB-A60D7B76FB96}","created_us":null,"created_da":"NaT","last_edite":null,"last_edi_1":"NaT","st_area_sh":372339.480429,"st_length_":2242.99886414},"geometry":{"type":"Polygon","coordinates":[[[-0.17520230717130772,45.20285518362591],[-0.1753628781921047,45.204419299307474],[-0.17433344981939725,45.2053197013153],[-0.17019689534592697,45.205632011049524],[-0.17520230717130772,45.20285518362591]]]}},{"id":"2962","type":"Feature","properties":{"id":"017_062024_001705","dept":"017","source":"Zonage local","idsource":"FORESTIE0000000001702348","zonage":"1","diffusion":"Non","url":"https://www.charente-maritime.gouv.fr/Actions-de-l-Etat/Securite/Securite-civile/Prevention-des-incendies-de-foret/Obligations-Legales-de-Debroussaillement-OLD","date_integ":"01/06/24","dat_ap_old":"02/12/20","fid_1":0.0,"id_m":0.0,"nom_massif":null,"layer":null,"path":null,"buff_dist":200.0,"orig_fid":"2969","globalid":"{192ABDDE-A47D-4D73-A2E5-997C181F2723}","created_us":null,"created_da":"NaT","last_edite":null,"last_edi_1":"NaT","st_area_sh":291479.845519,"st_length_":1979.6076337},"geometry":{"type":"Polygon","coordinates":[[[-0.1815827878749508,45.20081812330972],[-0.18366210700347751,45.20157876271888],[-0.18439479795809935,45.20295410699457],[-0.1790228054555426,45.20540177517962],[-0.1782535194722241,45.20423184251532],[-0.17863487777913808,45.202291774284056],[-0.1815827878749508,45.20081812330972]]]}},{"id":"3813","type":"Feature","properties":{"id":"017_062024_002875","dept":"017","source":"Zonage local","idsource":"FORESTIE0000000001700020","zonage":"1","diffusion":"Non","url":"https://www.charente-maritime.gouv.fr/Actions-de-l-Etat/Securite/Securite-civile/Prevention-des-incendies-de-foret/Obligations-Legales-de-Debroussaillement-OLD","date_integ":"01/06/24","dat_ap_old":"02/12/20","fid_1":0.0,"id_m":0.0,"nom_massif":null,"layer":null,"path":null,"buff_dist":200.0,"orig_fid":"3821","globalid":"{666A83E4-7059-4728-ADBB-444F462A4FE4}","created_us":null,"created_da":"NaT","last_edite":null,"last_edi_1":"NaT","st_area_sh":333502.268033,"st_length_":2098.05931033},"geometry":{"type":"Polygon","coordinates":[[[-0.17302873114316106,45.20400686398925],[-0.17321126308090964,45.206211664432196],[-0.17230211303351448,45.207351795005394],[-0.17017919004427418,45.20786808775005],[-0.16761831805812247,45.20724691011667],[-0.17302873114316106,45.20400686398925]]]}},{"id":"5511","type":"Feature","properties":{"id":"017_062024_004602","dept":"017","source":"Zonage local","idsource":"FORESTIE0000000001701875","zonage":"1","diffusion":"Non","url":"https://www.charente-maritime.gouv.fr/Actions-de-l-Etat/Securite/Securite-civile/Prevention-des-incendies-de-foret/Obligations-Legales-de-Debroussaillement-OLD","date_integ":"01/06/24","dat_ap_old":"02/12/20","fid_1":0.0,"id_m":0.0,"nom_massif":null,"layer":null,"path":null,"buff_dist":200.0,"orig_fid":"5523","globalid":"{1548CF7D-57B7-42A9-AAD9-1875039B9C80}","created_us":null,"created_da":"NaT","last_edite":null,"last_edi_1":"NaT","st_area_sh":382171.770883,"st_length_":2223.95205657},"geometry":{"type":"Polygon","coordinates":[[[-0.17515988654540698,45.202876912767735],[-0.17651759923116905,45.205336765891744],[-0.1746115362906902,45.20734623412597],[-0.17167721206691955,45.207981640036394],[-0.1681295660931788,45.20691576679073],[-0.17515988654540698,45.202876912767735]]]}},{"id":"4648","type":"Feature","properties":{"id":"017_062024_003711","dept":"017","source":"Zonage local","idsource":"FORESTIE0000000001700004","zonage":"1","diffusion":"Non","url":"https://www.charente-maritime.gouv.fr/Actions-de-l-Etat/Securite/Securite-civile/Prevention-des-incendies-de-foret/Obligations-Legales-de-Debroussaillement-OLD","date_integ":"01/06/24","dat_ap_old":"02/12/20","fid_1":0.0,"id_m":0.0,"nom_massif":null,"layer":null,"path":null,"buff_dist":200.0,"orig_fid":"4656","globalid":"{28E9E2A9-02FE-4678-8DD7-6A79ABF28C3B}","created_us":null,"created_da":"NaT","last_edite":null,"last_edi_1":"NaT","st_area_sh":481193.764941,"st_length_":2544.74703161},"geometry":{"type":"Polygon","coordinates":[[[-0.17984699171388027,45.201620635909194],[-0.18173969069429857,45.202267977037216],[-0.18232751589062005,45.203843606044714],[-0.17438657081433162,45.207902615763075],[-0.17296069028236702,45.20613444336199],[-0.17326393221463324,45.20477291165951],[-0.17700488424517433,45.20227064929395],[-0.17984699171388027,45.201620635909194]]]}},{"id":"5512","type":"Feature","properties":{"id":"017_062024_004603","dept":"017","source":"Zonage local","idsource":"FORESTIE0000000001701875","zonage":"1","diffusion":"Non","url":"https://www.charente-maritime.gouv.fr/Actions-de-l-Etat/Securite/Securite-civile/Prevention-des-incendies-de-foret/Obligations-Legales-de-Debroussaillement-OLD","date_integ":"01/06/24","dat_ap_old":"02/12/20","fid_1":0.0,"id_m":0.0,"nom_massif":null,"layer":null,"path":null,"buff_dist":200.0,"orig_fid":"5524","globalid":"{29B8412C-F773-44E6-BDBB-B89ED485CDB6}","created_us":null,"created_da":"NaT","last_edite":null,"last_edi_1":"NaT","st_area_sh":650975.933649,"st_length_":2964.23091012},"geometry":{"type":"Polygon","coordinates":[[[-0.17151937410156973,45.20485469137795],[-0.17162654397126018,45.20669088662943],[-0.16804040187408448,45.20994721519011],[-0.165467585102837,45.210647217059645],[-0.1634657101768932,45.210159518934816],[-0.17151937410156973,45.20485469137795]]]}},{"id":"4653","type":"Feature","properties":{"id":"017_062024_003716","dept":"017","source":"Zonage local","idsource":"FORESTIE0000000001700004","zonage":"1","diffusion":"Non","url":"https://www.charente-maritime.gouv.fr/Actions-de-l-Etat/Securite/Securite-civile/Prevention-des-incendies-de-foret/Obligations-Legales-de-Debroussaillement-OLD","date_integ":"01/06/24","dat_ap_old":"02/12/20","fid_1":0.0,"id_m":0.0,"nom_massif":null,"layer":null,"path":null,"buff_dist":200.0,"orig_fid":"4661","globalid":"{B610E9E7-8CD0-4732-8C03-7890193CB1D9}","created_us":null,"created_da":"NaT","last_edite":null,"last_edi_1":"NaT","st_area_sh":227940.356373,"st_length_":1700.39449182},"geometry":{"type":"Polygon","coordinates":[[[-0.1713662573015061,45.204943005202246],[-0.17288581095941408,45.20665313941075],[-0.17176184270625675,45.20896468986404],[-0.169423829414812,45.20951736798934],[-0.16646948710806608,45.208011867245624],[-0.1713662573015061,45.204943005202246]]]}},{"id":"3823","type":"Feature","properties":{"id":"017_062024_002885","dept":"017","source":"Zonage local","idsource":"FORESTIE0000000001700020","zonage":"1","diffusion":"Non","url":"https://www.charente-maritime.gouv.fr/Actions-de-l-Etat/Securite/Securite-civile/Prevention-des-incendies-de-foret/Obligations-Legales-de-Debroussaillement-OLD","date_integ":"01/06/24","dat_ap_old":"02/12/20","fid_1":0.0,"id_m":0.0,"nom_massif":null,"layer":null,"path":null,"buff_dist":200.0,"orig_fid":"3831","globalid":"{11FECDF8-DFA7-4C10-963A-6A8BDDCA7A04}","created_us":null,"created_da":"NaT","last_edite":null,"last_edi_1":"NaT","st_area_sh":258719.086209,"st_length_":1831.79764534},"geometry":{"type":"Polygon","coordinates":[[[-0.16986600989883466,45.20583169728203],[-0.1705796182216659,45.207383915237806],[-0.16937747479149068,45.20998037498387],[-0.1674406859381508,45.21055935867726],[-0.1641653275459347,45.20963915806922],[-0.16986600989883466,45.20583169728203]]]}},{"id":"4775","type":"Feature","properties":{"id":"017_062024_003838","dept":"017","source":"Zonage local","idsource":"FORESTIE0000000001700004","zonage":"1","diffusion":"Non","url":"https://www.charente-maritime.gouv.fr/Actions-de-l-Etat/Securite/Securite-civile/Prevention-des-incendies-de-foret/Obligations-Legales-de-Debroussaillement-OLD","date_integ":"01/06/24","dat_ap_old":"02/12/20","fid_1":0.0,"id_m":0.0,"nom_massif":null,"layer":null,"path":null,"buff_dist":200.0,"orig_fid":"4783","globalid":"{9D41A456-D378-41B8-883E-E5811F81FABD}","created_us":null,"created_da":"NaT","last_edite":null,"last_edi_1":"NaT","st_area_sh":295990.312284,"st_length_":1971.18759578},"geometry":{"type":"Polygon","coordinates":[[[-0.1658255160171518,45.20845384279993],[-0.16838708011509182,45.20973995788993],[-0.16778596766226656,45.21174024069524],[-0.1643573992546007,45.2137553971766],[-0.16138107783873712,45.21247214815333],[-0.16109409153884308,45.212024669755706],[-0.1658255160171518,45.20845384279993]]]}},{"id":"3387","type":"Feature","properties":{"id":"017_062024_002304","dept":"017","source":"Zonage local","idsource":"FORESTIE0000000001700009","zonage":"1","diffusion":"Non","url":"https://www.charente-maritime.gouv.fr/Actions-de-l-Etat/Securite/Securite-civile/Prevention-des-incendies-de-foret/Obligations-Legales-de-Debroussaillement-OLD","date_integ":"01/06/24","dat_ap_old":"02/12/20","fid_1":0.0,"id_m":0.0,"nom_massif":null,"layer":null,"path":null,"buff_dist":200.0,"orig_fid":"3395","globalid":"{D30E2705-05C7-41EC-BB03-AE7031F332E7}","created_us":null,"created_da":"NaT","last_edite":null,"last_edi_1":"NaT","st_area_sh":264239.195568,"st_length_":1843.83252792},"geometry":{"type":"Polygon","coordinates":[[[-0.159076601135163,45.2137478211219],[-0.1584321370015256,45.214930742034404],[-0.1571016517681252,45.21557513782272],[-0.159076601135163,45.2137478211219]]]}},{"id":"7609","type":"Feature","properties":{"id":"017_062024_007096","dept":"017","source":"Zonage local","idsource":"FORESTIE0000000001700003","zonage":"1","diffusion":"Non","url":"https://www.charente-maritime.gouv.fr/Actions-de-l-Etat/Securite/Securite-civile/Prevention-des-incendies-de-foret/Obligations-Legales-de-Debroussaillement-OLD","date_integ":"01/06/24","dat_ap_old":"02/12/20","fid_1":0.0,"id_m":0.0,"nom_massif":null,"layer":null,"path":null,"buff_dist":200.0,"orig_fid":"7621","globalid":"{D2DF3104-566D-4BCF-B49C-C1050E063E10}","created_us":null,"created_da":"NaT","last_edite":null,"last_edi_1":"NaT","st_area_sh":313897.416386,"st_length_":2019.15946547},"geometry":{"type":"Polygon","coordinates":[[[-0.16119416351618762,45.21198165705618],[-0.16349371173792712,45.21324587580727],[-0.1632085559015996,45.215239287834834],[-0.16070308157962324,45.21663554599496],[-0.15653120420301572,45.216132102025874],[-0.16119416351618762,45.21198165705618]]]}},{"id":"5302","type":"Feature","properties":{"id":"017_062024_004393","dept":"017","source":"Zonage local","idsource":"FORESTIE0000000001701875","zonage":"1","diffusion":"Non","url":"https://www.charente-maritime.gouv.fr/Actions-de-l-Etat/Securite/Securite-civile/Prevention-des-incendies-de-foret/Obligations-Legales-de-Debroussaillement-OLD","date_integ":"01/06/24","dat_ap_old":"02/12/20","fid_1":0.0,"id_m":0.0,"nom_massif":null,"layer":null,"path":null,"buff_dist":200.0,"orig_fid":"5314","globalid":"{2CBF7409-C8BA-4A5A-9E42-07AA4A74902C}","created_us":null,"created_da":"NaT","last_edite":null,"last_edi_1":"NaT","st_area_sh":540046.646907,"st_length_":2749.1202872},"geometry":{"type":"Polygon","coordinates":[[[-0.1606197364538183,45.21241783611954],[-0.16274669795764948,45.21443919829181],[-0.1618546685752916,45.21662419017975],[-0.1589237747923117,45.2189116671591],[-0.1557342107074005,45.21840778387605],[-0.15513043420808256,45.21756147626085],[-0.1606197364538183,45.21241783611954]]]}},{"id":"4795","type":"Feature","properties":{"id":"017_062024_003858","dept":"017","source":"Zonage local","idsource":"FORESTIE0000000001700004","zonage":"1","diffusion":"Non","url":"https://www.charente-maritime.gouv.fr/Actions-de-l-Etat/Securite/Securite-civile/Prevention-des-incendies-de-foret/Obligations-Legales-de-Debroussaillement-OLD","date_integ":"01/06/24","dat_ap_old":"02/12/20","fid_1":0.0,"id_m":0.0,"nom_massif":null,"layer":null,"path":null,"buff_dist":200.0,"orig_fid":"4803","globalid":"{145DD1FB-4635-41D3-868D-F7B419E28E78}","created_us":null,"created_da":"NaT","last_edite":null,"last_edi_1":"NaT","st_area_sh":302480.865314,"st_length_":1990.27772702},"geometry":{"type":"Polygon","coordinates":[[[-0.1660230012910819,45.21355381537319],[-0.16344896029184458,45.21571565543058],[-0.16130119965169992,45.21768668834772],[-0.1610614797941548,45.21649563206869],[-0.16186870839160974,45.215218823698066],[-0.1660230012910819,45.21355381537319]]]}},{"id":"7622","type":"Feature","properties":{"id":"017_062024_007109","dept":"017","source":"Zonage local","idsource":"FORESTIE0000000001700003","zonage":"1","diffusion":"Non","url":"https://www.charente-maritime.gouv.fr/Actions-de-l-Etat/Securite/Securite-civile/Prevention-des-incendies-de-foret/Obligations-Legales-de-Debroussaillement-OLD","date_integ":"01/06/24","dat_ap_old":"02/12/20","fid_1":0.0,"id_m":0.0,"nom_massif":null,"layer":null,"path":null,"buff_dist":200.0,"orig_fid":"7634","globalid":"{FA70A19E-EDBE-4FB4-9A8D-1BA7E4092A4D}","created_us":null,"created_da":"NaT","last_edite":null,"last_edi_1":"NaT","st_area_sh":333099.635171,"st_length_":2068.73729883},"geometry":{"type":"Polygon","coordinates":[[[-0.16157173403728375,45.21390333150679],[-0.16442546316519693,45.21487780736591],[-0.15961750839032068,45.219373055667674],[-0.1582496095999688,45.21867443870318],[-0.15731197930530297,45.21753339832432],[-0.15764937948968172,45.21628731607307],[-0.15893631084681928,45.21479095829934],[-0.16157173403728375,45.21390333150679]]]}},{"id":"3983","type":"Feature","properties":{"id":"017_062024_003045","dept":"017","source":"Zonage local","idsource":"FORESTIE0000000001700020","zonage":"1","diffusion":"Non","url":"https://www.charente-maritime.gouv.fr/Actions-de-l-Etat/Securite/Securite-civile/Prevention-des-incendies-de-foret/Obligations-Legales-de-Debroussaillement-OLD","date_integ":"01/06/24","dat_ap_old":"02/12/20","fid_1":0.0,"id_m":0.0,"nom_massif":null,"layer":null,"path":null,"buff_dist":200.0,"orig_fid":"3991","globalid":"{4F420544-A3C1-47DF-A0A2-9108A569F4A8}","created_us":null,"created_da":"NaT","last_edite":null,"last_edi_1":"NaT","st_area_sh":256292.943207,"st_length_":1810.34057487},"geometry":{"type":"Polygon","coordinates":[[[-0.16027584690323385,45.21869743512125],[-0.16121658247564988,45.21584229247712],[-0.16421845500991653,45.21505259946168],[-0.16219249689604992,45.21684602775024],[-0.16027584690323385,45.21869743512125]]]}},{"id":"4825","type":"Feature","properties":{"id":"017_062024_003888","dept":"017","source":"Zonage local","idsource":"FORESTIE0000000001700004","zonage":"1","diffusion":"Non","url":"https://www.charente-maritime.gouv.fr/Actions-de-l-Etat/Securite/Securite-civile/Prevention-des-incendies-de-foret/Obligations-Legales-de-Debroussaillement-OLD","date_integ":"01/06/24","dat_ap_old":"02/12/20","fid_1":0.0,"id_m":0.0,"nom_massif":null,"layer":null,"path":null,"buff_dist":200.0,"orig_fid":"4833","globalid":"{48A48FC6-B7FF-46B1-A469-9B189A5BBD09}","created_us":null,"created_da":"NaT","last_edite":null,"last_edi_1":"NaT","st_area_sh":536841.982888,"st_length_":2717.89892626},"geometry":{"type":"Polygon","coordinates":[[[-0.15591585480650588,45.21674883527446],[-0.1587332105325099,45.2187342941385],[-0.1572232624954861,45.22142175425953],[-0.15515147372622476,45.222281299953174],[-0.15155261512084017,45.22169388093342],[-0.15591585480650588,45.21674883527446]]]}},{"id":"3938","type":"Feature","properties":{"id":"017_062024_003000","dept":"017","source":"Zonage local","idsource":"FORESTIE0000000001700020","zonage":"1","diffusion":"Non","url":"https://www.charente-maritime.gouv.fr/Actions-de-l-Etat/Securite/Securite-civile/Prevention-des-incendies-de-foret/Obligations-Legales-de-Debroussaillement-OLD","date_integ":"01/06/24","dat_ap_old":"02/12/20","fid_1":0.0,"id_m":0.0,"nom_massif":null,"layer":null,"path":null,"buff_dist":200.0,"orig_fid":"3946","globalid":"{7D195EF4-B0FF-4B52-B02B-E92041318919}","created_us":null,"created_da":"NaT","last_edite":null,"last_edi_1":"NaT","st_area_sh":277667.741558,"st_length_":1905.98289388},"geometry":{"type":"Polygon","coordinates":[[[-0.1737071987738029,45.207159180082044],[-0.1754322172516515,45.20730376717973],[-0.17043964069990558,45.21036849676529],[-0.1709213780237521,45.20838974733053],[-0.1737071987738029,45.207159180082044]]]}},{"id":"5298","type":"Feature","properties":{"id":"017_062024_004389","dept":"017","source":"Zonage local","idsource":"FORESTIE0000000001701875","zonage":"1","diffusion":"Non","url":"https://www.charente-maritime.gouv.fr/Actions-de-l-Etat/Securite/Securite-civile/Prevention-des-incendies-de-foret/Obligations-Legales-de-Debroussaillement-OLD","date_integ":"01/06/24","dat_ap_old":"02/12/20","fid_1":0.0,"id_m":0.0,"nom_massif":null,"layer":null,"path":null,"buff_dist":200.0,"orig_fid":"5310","globalid":"{8820283E-6A64-4B77-913B-FACBC2ADDE94}","created_us":null,"created_da":"NaT","last_edite":null,"last_edi_1":"NaT","st_area_sh":629681.453149,"st_length_":2944.35730182},"geometry":{"type":"Polygon","coordinates":[[[-0.1678187127058053,45.208405775639655],[-0.1715975942956282,45.20960942291396],[-0.1643220797067912,45.21496491807411],[-0.16305743560881178,45.214260774343835],[-0.16243090106909325,45.212763963650325],[-0.1636517377754857,45.21037251836958],[-0.1678187127058053,45.208405775639655]]]}},{"id":"5469","type":"Feature","properties":{"id":"017_062024_004560","dept":"017","source":"Zonage local","idsource":"FORESTIE0000000001701875","zonage":"1","diffusion":"Non","url":"https://www.charente-maritime.gouv.fr/Actions-de-l-Etat/Securite/Securite-civile/Prevention-des-incendies-de-foret/Obligations-Legales-de-Debroussaillement-OLD","date_integ":"01/06/24","dat_ap_old":"02/12/20","fid_1":0.0,"id_m":0.0,"nom_massif":null,"layer":null,"path":null,"buff_dist":200.0,"orig_fid":"5481","globalid":"{9CF41E07-3997-498A-8803-269C75672110}","created_us":null,"created_da":"NaT","last_edite":null,"last_edi_1":"NaT","st_area_sh":782700.291545,"st_length_":3721.84519088},"geometry":{"type":"MultiPolygon","coordinates":[[[[-0.15678676900448682,45.222512689555124],[-0.1558354741513845,45.220416096505225],[-0.15758606180481752,45.216192728455894],[-0.15980712542051018,45.215404788814254],[-0.1628355446239949,45.21625985273204],[-0.15678676900448682,45.222512689555124]]],[[[-0.1638072164490247,45.21540431509429],[-0.1645661286541723,45.21439872919834],[-0.16558703793920165,45.213923738689516],[-0.1638072164490247,45.21540431509429]]]]}},{"id":"7634","type":"Feature","properties":{"id":"017_062024_007121","dept":"017","source":"Zonage local","idsource":"FORESTIE0000000001700003","zonage":"1","diffusion":"Non","url":"https://www.charente-maritime.gouv.fr/Actions-de-l-Etat/Securite/Securite-civile/Prevention-des-incendies-de-foret/Obligations-Legales-de-Debroussaillement-OLD","date_integ":"01/06/24","dat_ap_old":"02/12/20","fid_1":0.0,"id_m":0.0,"nom_massif":null,"layer":null,"path":null,"buff_dist":200.0,"orig_fid":"7646","globalid":"{1EC4E9B0-1507-46D2-81B3-069AF4FA241F}","created_us":null,"created_da":"NaT","last_edite":null,"last_edi_1":"NaT","st_area_sh":740947.810341,"st_length_":3353.00847602},"geometry":{"type":"Polygon","coordinates":[[[-0.15621417690737469,45.22324374797884],[-0.15793367288244484,45.217834011779324],[-0.16222617692100894,45.21681491145239],[-0.15912013699751154,45.21989832249302],[-0.15621417690737469,45.22324374797884]]]}},{"id":"7160","type":"Feature","properties":{"id":"017_062024_006598","dept":"017","source":"Zonage local","idsource":"FORESTIE0000000001711140","zonage":"1","diffusion":"Non","url":"https://www.charente-maritime.gouv.fr/Actions-de-l-Etat/Securite/Securite-civile/Prevention-des-incendies-de-foret/Obligations-Legales-de-Debroussaillement-OLD","date_integ":"01/06/24","dat_ap_old":"02/12/20","fid_1":0.0,"id_m":0.0,"nom_massif":null,"layer":null,"path":null,"buff_dist":200.0,"orig_fid":"7172","globalid":"{3BA54E08-D773-4FE8-849E-0B541EF8B094}","created_us":null,"created_da":"NaT","last_edite":null,"last_edi_1":"NaT","st_area_sh":685631.149474,"st_length_":3247.12351964},"geometry":{"type":"Polygon","coordinates":[[[-0.1588525079958193,45.21619476962741],[-0.1614585745862175,45.217535782200834],[-0.15377132608701072,45.22657387132795],[-0.1527523179107157,45.2261940527975],[-0.15143628434423523,45.22447659839464],[-0.15224322189502007,45.22188605882481],[-0.15597327856505105,45.21734227479051],[-0.1588525079958193,45.21619476962741]]]}},{"id":"2975","type":"Feature","properties":{"id":"017_062024_001718","dept":"017","source":"Zonage local","idsource":"FORESTIE0000000001702348","zonage":"1","diffusion":"Non","url":"https://www.charente-maritime.gouv.fr/Actions-de-l-Etat/Securite/Securite-civile/Prevention-des-incendies-de-foret/Obligations-Legales-de-Debroussaillement-OLD","date_integ":"01/06/24","dat_ap_old":"02/12/20","fid_1":0.0,"id_m":0.0,"nom_massif":null,"layer":null,"path":null,"buff_dist":200.0,"orig_fid":"2982","globalid":"{E739949C-7B21-457E-8ACB-32AA58EFFBD4}","created_us":null,"created_da":"NaT","last_edite":null,"last_edi_1":"NaT","st_area_sh":288414.51768,"st_length_":1954.22611967},"geometry":{"type":"Polygon","coordinates":[[[-0.1526501658140311,45.22035477003909],[-0.15456967125824153,45.22129812123053],[-0.15458779379498036,45.223009399647566],[-0.15288621700621488,45.22425575538161],[-0.14935599956792828,45.22466791046373],[-0.1526501658140311,45.22035477003909]]]}},{"id":"2125","type":"Feature","properties":{"id":"017_062024_000824","dept":"017","source":"Zonage local","idsource":"FORESTIE0000000001719971","zonage":"1","diffusion":"Non","url":"https://www.charente-maritime.gouv.fr/Actions-de-l-Etat/Securite/Securite-civile/Prevention-des-incendies-de-foret/Obligations-Legales-de-Debroussaillement-OLD","date_integ":"01/06/24","dat_ap_old":"02/12/20","fid_1":0.0,"id_m":0.0,"nom_massif":null,"layer":null,"path":null,"buff_dist":200.0,"orig_fid":"2131","globalid":"{D1CCE9DB-5F56-41EB-9AC3-27C4A7D20330}","created_us":null,"created_da":"NaT","last_edite":null,"last_edi_1":"NaT","st_area_sh":269727.942045,"st_length_":1926.26128531},"geometry":{"type":"Polygon","coordinates":[[[-0.1548313582594004,45.22210125887054],[-0.15833641573483143,45.22075375300785],[-0.1554931739752143,45.22419348457507],[-0.1548313582594004,45.22210125887054]]]}},{"id":"2973","type":"Feature","properties":{"id":"017_062024_001716","dept":"017","source":"Zonage local","idsource":"FORESTIE0000000001702348","zonage":"1","diffusion":"Non","url":"https://www.charente-maritime.gouv.fr/Actions-de-l-Etat/Securite/Securite-civile/Prevention-des-incendies-de-foret/Obligations-Legales-de-Debroussaillement-OLD","date_integ":"01/06/24","dat_ap_old":"02/12/20","fid_1":0.0,"id_m":0.0,"nom_massif":null,"layer":null,"path":null,"buff_dist":200.0,"orig_fid":"2980","globalid":"{5AA44FEF-3ACB-4A5D-B4DE-C2010952C265}","created_us":null,"created_da":"NaT","last_edite":null,"last_edi_1":"NaT","st_area_sh":248374.117721,"st_length_":1779.28948917},"geometry":{"type":"Polygon","coordinates":[[[-0.1579965500500741,45.22110679333197],[-0.1564124346772041,45.22301682824576],[-0.15521363314747916,45.22456541801068],[-0.15577210671030095,45.22196743288973],[-0.1579965500500741,45.22110679333197]]]}},{"id":"5493","type":"Feature","properties":{"id":"017_062024_004584","dept":"017","source":"Zonage local","idsource":"FORESTIE0000000001701875","zonage":"1","diffusion":"Non","url":"https://www.charente-maritime.gouv.fr/Actions-de-l-Etat/Securite/Securite-civile/Prevention-des-incendies-de-foret/Obligations-Legales-de-Debroussaillement-OLD","date_integ":"01/06/24","dat_ap_old":"02/12/20","fid_1":0.0,"id_m":0.0,"nom_massif":null,"layer":null,"path":null,"buff_dist":200.0,"orig_fid":"5505","globalid":"{A794DAC8-C642-4B6A-B033-363B683BF510}","created_us":null,"created_da":"NaT","last_edite":null,"last_edi_1":"NaT","st_area_sh":385740.138519,"st_length_":2309.39552861},"geometry":{"type":"Polygon","coordinates":[[[-0.15212913580660112,45.22097311051389],[-0.15479342225524176,45.22147866397623],[-0.1555685675682645,45.22322016706569],[-0.15262322132090103,45.22727535591084],[-0.14928765657168805,45.22767952317147],[-0.14802191601247783,45.22657517861447],[-0.15212913580660112,45.22097311051389]]]}},{"id":"6560","type":"Feature","properties":{"id":"017_062024_005952","dept":"017","source":"Zonage local","idsource":"FORESTIE0000000001701875","zonage":"1","diffusion":"Non","url":"https://www.charente-maritime.gouv.fr/Actions-de-l-Etat/Securite/Securite-civile/Prevention-des-incendies-de-foret/Obligations-Legales-de-Debroussaillement-OLD","date_integ":"01/06/24","dat_ap_old":"02/12/20","fid_1":0.0,"id_m":0.0,"nom_massif":null,"layer":null,"path":null,"buff_dist":200.0,"orig_fid":"6572","globalid":"{CD7BC9AD-4167-4663-B2F2-6E3A9CCED919}","created_us":null,"created_da":"NaT","last_edite":null,"last_edi_1":"NaT","st_area_sh":404672.280313,"st_length_":2420.94127987},"geometry":{"type":"Polygon","coordinates":[[[-0.15464176555112086,45.22068434208688],[-0.15712888470203532,45.22214480277502],[-0.15245220340846127,45.228461472340804],[-0.14990273823306657,45.227565907301006],[-0.14917241536881834,45.2260584194753],[-0.14960453193998174,45.22494143544108],[-0.15203540894380638,45.22165102702126],[-0.15464176555112086,45.22068434208688]]]}},{"id":"7865","type":"Feature","properties":{"id":"017_062024_007387","dept":"017","source":"Zonage local","idsource":"FORESTIE0000000001700003","zonage":"1","diffusion":"Non","url":"https://www.charente-maritime.gouv.fr/Actions-de-l-Etat/Securite/Securite-civile/Prevention-des-incendies-de-foret/Obligations-Legales-de-Debroussaillement-OLD","date_integ":"01/06/24","dat_ap_old":"02/12/20","fid_1":0.0,"id_m":0.0,"nom_massif":null,"layer":null,"path":null,"buff_dist":200.0,"orig_fid":"7877","globalid":"{40C7C38D-3C8D-48C8-8B2D-9471AF052A03}","created_us":null,"created_da":"NaT","last_edite":null,"last_edi_1":"NaT","st_area_sh":362906.347634,"st_length_":2195.50843641},"geometry":{"type":"Polygon","coordinates":[[[-0.1519122491201042,45.22374014369669],[-0.15592475424771102,45.223632512345866],[-0.15197023756633413,45.22915137516353],[-0.14915890164314843,45.22833759341759],[-0.14927761463061376,45.22569710428787],[-0.1519122491201042,45.22374014369669]]]}},{"id":"7867","type":"Feature","properties":{"id":"017_062024_007389","dept":"017","source":"Zonage local","idsource":"FORESTIE0000000001700003","zonage":"1","diffusion":"Non","url":"https://www.charente-maritime.gouv.fr/Actions-de-l-Etat/Securite/Securite-civile/Prevention-des-incendies-de-foret/Obligations-Legales-de-Debroussaillement-OLD","date_integ":"01/06/24","dat_ap_old":"02/12/20","fid_1":0.0,"id_m":0.0,"nom_massif":null,"layer":null,"path":null,"buff_dist":200.0,"orig_fid":"7879","globalid":"{5B285907-FF13-46C8-B51D-F5EBCA6B74C9}","created_us":null,"created_da":"NaT","last_edite":null,"last_edi_1":"NaT","st_area_sh":294859.019798,"st_length_":1950.4011709},"geometry":{"type":"Polygon","coordinates":[[[-0.15296821779206615,45.22772280583678],[-0.15305620779012502,45.226181273298494],[-0.1550772477094683,45.22474937017542],[-0.15296821779206615,45.22772280583678]]]}},{"id":"6581","type":"Feature","properties":{"id":"017_062024_005973","dept":"017","source":"Zonage local","idsource":"FORESTIE0000000001701875","zonage":"1","diffusion":"Non","url":"https://www.charente-maritime.gouv.fr/Actions-de-l-Etat/Securite/Securite-civile/Prevention-des-incendies-de-foret/Obligations-Legales-de-Debroussaillement-OLD","date_integ":"01/06/24","dat_ap_old":"02/12/20","fid_1":0.0,"id_m":0.0,"nom_massif":null,"layer":null,"path":null,"buff_dist":200.0,"orig_fid":"6593","globalid":"{FC34D88E-C8AA-4E31-B289-169B442B6789}","created_us":null,"created_da":"NaT","last_edite":null,"last_edi_1":"NaT","st_area_sh":832055.592075,"st_length_":3565.24887744},"geometry":{"type":"Polygon","coordinates":[[[-0.1498942443533839,45.232122838068996],[-0.14692187593408207,45.23047265467999],[-0.1468145674398109,45.22865637398686],[-0.15469580666587493,45.22527177160248],[-0.1498942443533839,45.232122838068996]]]}},{"id":"7884","type":"Feature","properties":{"id":"017_062024_007406","dept":"017","source":"Zonage local","idsource":"FORESTIE0000000001700003","zonage":"1","diffusion":"Non","url":"https://www.charente-maritime.gouv.fr/Actions-de-l-Etat/Securite/Securite-civile/Prevention-des-incendies-de-foret/Obligations-Legales-de-Debroussaillement-OLD","date_integ":"01/06/24","dat_ap_old":"02/12/20","fid_1":0.0,"id_m":0.0,"nom_massif":null,"layer":null,"path":null,"buff_dist":200.0,"orig_fid":"7896","globalid":"{3D9E8D49-1109-4D01-9D7C-927A3DE6751E}","created_us":null,"created_da":"NaT","last_edite":null,"last_edi_1":"NaT","st_area_sh":340523.303309,"st_length_":2101.66668821},"geometry":{"type":"Polygon","coordinates":[[[-0.15059652664488057,45.23111767427827],[-0.15081147114856083,45.228994972565495],[-0.15290444880482618,45.227814089995235],[-0.15059652664488057,45.23111767427827]]]}},{"id":"7896","type":"Feature","properties":{"id":"017_062024_007418","dept":"017","source":"Zonage local","idsource":"FORESTIE0000000001700003","zonage":"1","diffusion":"Non","url":"https://www.charente-maritime.gouv.fr/Actions-de-l-Etat/Securite/Securite-civile/Prevention-des-incendies-de-foret/Obligations-Legales-de-Debroussaillement-OLD","date_integ":"01/06/24","dat_ap_old":"02/12/20","fid_1":0.0,"id_m":0.0,"nom_massif":null,"layer":null,"path":null,"buff_dist":200.0,"orig_fid":"7908","globalid":"{5FEDA63F-8D4C-4464-B8EF-9EEB7FFB5C8A}","created_us":null,"created_da":"NaT","last_edite":null,"last_edi_1":"NaT","st_area_sh":1375473.14056,"st_length_":4818.34318896},"geometry":{"type":"Polygon","coordinates":[[[-0.14656109429116346,45.23035409863024],[-0.15204981726896535,45.22903747027249],[-0.1483905569643074,45.234274914150895],[-0.14565159885587153,45.232636171195615],[-0.14656109429116346,45.23035409863024]]]}},{"id":"6786","type":"Feature","properties":{"id":"017_062024_006178","dept":"017","source":"Zonage local","idsource":"FORESTIE0000000001701875","zonage":"1","diffusion":"Non","url":"https://www.charente-maritime.gouv.fr/Actions-de-l-Etat/Securite/Securite-civile/Prevention-des-incendies-de-foret/Obligations-Legales-de-Debroussaillement-OLD","date_integ":"01/06/24","dat_ap_old":"02/12/20","fid_1":0.0,"id_m":0.0,"nom_massif":null,"layer":null,"path":null,"buff_dist":200.0,"orig_fid":"6798","globalid":"{7B76776A-AEC4-4245-B04A-1A7D43DC79F3}","created_us":null,"created_da":"NaT","last_edite":null,"last_edi_1":"NaT","st_area_sh":592478.782937,"st_length_":3099.10446546},"geometry":{"type":"Polygon","coordinates":[[[-0.14610777646858297,45.23377645907801],[-0.14960184840293947,45.23254133499628],[-0.14657200540884158,45.23687737278581],[-0.14561183835886773,45.2353581603324],[-0.14610777646858297,45.23377645907801]]]}},{"id":"2950","type":"Feature","properties":{"id":"017_062024_001693","dept":"017","source":"Zonage local","idsource":"FORESTIE0000000001702348","zonage":"1","diffusion":"Non","url":"https://www.charente-maritime.gouv.fr/Actions-de-l-Etat/Securite/Securite-civile/Prevention-des-incendies-de-foret/Obligations-Legales-de-Debroussaillement-OLD","date_integ":"01/06/24","dat_ap_old":"02/12/20","fid_1":0.0,"id_m":0.0,"nom_massif":null,"layer":null,"path":null,"buff_dist":200.0,"orig_fid":"2957","globalid":"{7F5A2D41-DD60-46B0-BCBF-0C76EE280181}","created_us":null,"created_da":"NaT","last_edite":null,"last_edi_1":"NaT","st_area_sh":255588.845476,"st_length_":1822.58716007},"geometry":{"type":"Polygon","coordinates":[[[-0.21244417443089433,45.192676537041045],[-0.21644779479653786,45.19232237071557],[-0.21110271033202163,45.19404017111756],[-0.21244417443089433,45.192676537041045]]]}},{"id":"4945","type":"Feature","properties":{"id":"017_062024_004008","dept":"017","source":"Zonage local","idsource":"FORESTIE0000000001700004","zonage":"1","diffusion":"Non","url":"https://www.charente-maritime.gouv.fr/Actions-de-l-Etat/Securite/Securite-civile/Prevention-des-incendies-de-foret/Obligations-Legales-de-Debroussaillement-OLD","date_integ":"01/06/24","dat_ap_old":"02/12/20","fid_1":0.0,"id_m":0.0,"nom_massif":null,"layer":null,"path":null,"buff_dist":200.0,"orig_fid":"4953","globalid":"{9C3BB0FE-BD8C-493B-ABC1-322276842968}","created_us":null,"created_da":"NaT","last_edite":null,"last_edi_1":"NaT","st_area_sh":619155.342808,"st_length_":3019.56059558},"geometry":{"type":"Polygon","coordinates":[[[-0.20293227800730385,45.19325890967223],[-0.2057840977021724,45.19425899887629],[-0.2068376912988897,45.19541060455716],[-0.19987395923938503,45.197647682832965],[-0.1989241906251205,45.19579075994229],[-0.19917832363853732,45.19464706908701],[-0.20293227800730385,45.19325890967223]]]}},{"id":"7697","type":"Feature","properties":{"id":"017_062024_007218","dept":"017","source":"Zonage local","idsource":"FORESTIE0000000001700003","zonage":"1","diffusion":"Non","url":"https://www.charente-maritime.gouv.fr/Actions-de-l-Etat/Securite/Securite-civile/Prevention-des-incendies-de-foret/Obligations-Legales-de-Debroussaillement-OLD","date_integ":"01/06/24","dat_ap_old":"02/12/20","fid_1":0.0,"id_m":0.0,"nom_massif":null,"layer":null,"path":null,"buff_dist":200.0,"orig_fid":"7709","globalid":"{7C9919B2-08AF-4CEB-8965-838586ECFA6B}","created_us":null,"created_da":"NaT","last_edite":null,"last_edi_1":"NaT","st_area_sh":733935.284875,"st_length_":3179.08925483},"geometry":{"type":"Polygon","coordinates":[[[-0.20149726955111394,45.193683278377435],[-0.20327908056381896,45.19424226396462],[-0.20465479562044442,45.196111912269146],[-0.1959606935708889,45.19890454192689],[-0.19699534499798807,45.195379182901945],[-0.20149726955111394,45.193683278377435]]]}},{"id":"7700","type":"Feature","properties":{"id":"017_062024_007221","dept":"017","source":"Zonage local","idsource":"FORESTIE0000000001700003","zonage":"1","diffusion":"Non","url":"https://www.charente-maritime.gouv.fr/Actions-de-l-Etat/Securite/Securite-civile/Prevention-des-incendies-de-foret/Obligations-Legales-de-Debroussaillement-OLD","date_integ":"01/06/24","dat_ap_old":"02/12/20","fid_1":0.0,"id_m":0.0,"nom_massif":null,"layer":null,"path":null,"buff_dist":200.0,"orig_fid":"7712","globalid":"{5104E03F-6DA7-49C6-A4A6-80483AE7503A}","created_us":null,"created_da":"NaT","last_edite":null,"last_edi_1":"NaT","st_area_sh":728389.566121,"st_length_":3333.19945393},"geometry":{"type":"Polygon","coordinates":[[[-0.20323355004787078,45.195039478664725],[-0.2084943011920111,45.194878328321245],[-0.20213528086039995,45.196921296710684],[-0.20323355004787078,45.195039478664725]]]}},{"id":"5426","type":"Feature","properties":{"id":"017_062024_004517","dept":"017","source":"Zonage local","idsource":"FORESTIE0000000001701875","zonage":"1","diffusion":"Non","url":"https://www.charente-maritime.gouv.fr/Actions-de-l-Etat/Securite/Securite-civile/Prevention-des-incendies-de-foret/Obligations-Legales-de-Debroussaillement-OLD","date_integ":"01/06/24","dat_ap_old":"02/12/20","fid_1":0.0,"id_m":0.0,"nom_massif":null,"layer":null,"path":null,"buff_dist":200.0,"orig_fid":"5438","globalid":"{AA166529-270D-45EE-84E1-3D302C0D2691}","created_us":null,"created_da":"NaT","last_edite":null,"last_edi_1":"NaT","st_area_sh":596530.298045,"st_length_":2914.02555645},"geometry":{"type":"Polygon","coordinates":[[[-0.18964690937990855,45.196934487622],[-0.18996554638360016,45.20011454764486],[-0.1874284028714441,45.201430010945],[-0.1827588695481695,45.20235302934229],[-0.18019589902001448,45.20049077864224],[-0.18964690937990855,45.196934487622]]]}},{"id":"5436","type":"Feature","properties":{"id":"017_062024_004527","dept":"017","source":"Zonage local","idsource":"FORESTIE0000000001701875","zonage":"1","diffusion":"Non","url":"https://www.charente-maritime.gouv.fr/Actions-de-l-Etat/Securite/Securite-civile/Prevention-des-incendies-de-foret/Obligations-Legales-de-Debroussaillement-OLD","date_integ":"01/06/24","dat_ap_old":"02/12/20","fid_1":0.0,"id_m":0.0,"nom_massif":null,"layer":null,"path":null,"buff_dist":200.0,"orig_fid":"5448","globalid":"{6D18E94D-08D5-43E0-9024-7C8491A85CA9}","created_us":null,"created_da":"NaT","last_edite":null,"last_edi_1":"NaT","st_area_sh":504633.652766,"st_length_":2745.57200392},"geometry":{"type":"Polygon","coordinates":[[[-0.19655626263685547,45.19566925886532],[-0.19844895355328787,45.19631631597946],[-0.19927265434003713,45.19784082393764],[-0.18760050106169707,45.20169457640704],[-0.186740172367512,45.20097105213437],[-0.18667452545500593,45.19932085438847],[-0.18814673127389467,45.19776035443395],[-0.19655626263685547,45.19566925886532]]]}},{"id":"2002","type":"Feature","properties":{"id":"017_062024_000688","dept":"017","source":"Zonage local","idsource":"FORESTIE0000000001723731","zonage":"1","diffusion":"Non","url":"https://www.charente-maritime.gouv.fr/Actions-de-l-Etat/Securite/Securite-civile/Prevention-des-incendies-de-foret/Obligations-Legales-de-Debroussaillement-OLD","date_integ":"01/06/24","dat_ap_old":"02/12/20","fid_1":0.0,"id_m":0.0,"nom_massif":null,"layer":null,"path":null,"buff_dist":200.0,"orig_fid":"2008","globalid":"{87751E8E-F035-4734-A3F7-606F3A5058E2}","created_us":null,"created_da":"NaT","last_edite":null,"last_edi_1":"NaT","st_area_sh":270884.481044,"st_length_":1937.71947556},"geometry":{"type":"Polygon","coordinates":[[[-0.19734076029651235,45.19572009318944],[-0.20045375619570957,45.197461443683586],[-0.19538426269635845,45.19908966349048],[-0.19486009433643825,45.19679974325747],[-0.19734076029651235,45.19572009318944]]]}},{"id":"4319","type":"Feature","properties":{"id":"017_062024_003381","dept":"017","source":"Zonage local","idsource":"FORESTIE0000000001700008","zonage":"1","diffusion":"Non","url":"https://www.charente-maritime.gouv.fr/Actions-de-l-Etat/Securite/Securite-civile/Prevention-des-incendies-de-foret/Obligations-Legales-de-Debroussaillement-OLD","date_integ":"01/06/24","dat_ap_old":"02/12/20","fid_1":0.0,"id_m":0.0,"nom_massif":null,"layer":null,"path":null,"buff_dist":200.0,"orig_fid":"4327","globalid":"{CD1E99B0-1E26-47A8-8A22-F5AC2B497AE4}","created_us":null,"created_da":"NaT","last_edite":null,"last_edi_1":"NaT","st_area_sh":1213171.98519,"st_length_":4758.73447837},"geometry":{"type":"Polygon","coordinates":[[[-0.19715939988769346,45.195497585545255],[-0.1990037906958804,45.19605993630186],[-0.20006779727182905,45.19758541800242],[-0.19274598402583604,45.199937146371525],[-0.19441089162604125,45.19643195307277],[-0.19715939988769346,45.195497585545255]]]}},{"id":"7709","type":"Feature","properties":{"id":"017_062024_007230","dept":"017","source":"Zonage local","idsource":"FORESTIE0000000001700003","zonage":"1","diffusion":"Non","url":"https://www.charente-maritime.gouv.fr/Actions-de-l-Etat/Securite/Securite-civile/Prevention-des-incendies-de-foret/Obligations-Legales-de-Debroussaillement-OLD","date_integ":"01/06/24","dat_ap_old":"02/12/20","fid_1":0.0,"id_m":0.0,"nom_massif":null,"layer":null,"path":null,"buff_dist":200.0,"orig_fid":"7721","globalid":"{2C3F99A0-51BD-43B1-AD52-3FAD0A2FC77A}","created_us":null,"created_da":"NaT","last_edite":null,"last_edi_1":"NaT","st_area_sh":273295.083403,"st_length_":1886.37338738},"geometry":{"type":"Polygon","coordinates":[[[-0.18857705847253817,45.20086685589453],[-0.1906267127931607,45.20062992029877],[-0.1874845580107775,45.20173769007423],[-0.18857705847253817,45.20086685589453]]]}},{"id":"5506","type":"Feature","properties":{"id":"017_062024_004597","dept":"017","source":"Zonage local","idsource":"FORESTIE0000000001701875","zonage":"1","diffusion":"Non","url":"https://www.charente-maritime.gouv.fr/Actions-de-l-Etat/Securite/Securite-civile/Prevention-des-incendies-de-foret/Obligations-Legales-de-Debroussaillement-OLD","date_integ":"01/06/24","dat_ap_old":"02/12/20","fid_1":0.0,"id_m":0.0,"nom_massif":null,"layer":null,"path":null,"buff_dist":200.0,"orig_fid":"5518","globalid":"{221E1B82-75E9-43F6-9BC2-65BFDF21CF63}","created_us":null,"created_da":"NaT","last_edite":null,"last_edi_1":"NaT","st_area_sh":377719.25372,"st_length_":2262.04383454},"geometry":{"type":"Polygon","coordinates":[[[-0.18755105336295758,45.20097996537034],[-0.19041337679146908,45.200701410115755],[-0.1863826422678726,45.20215651497517],[-0.18755105336295758,45.20097996537034]]]}},{"id":"5529","type":"Feature","properties":{"id":"017_062024_004620","dept":"017","source":"Zonage local","idsource":"FORESTIE0000000001701875","zonage":"1","diffusion":"Non","url":"https://www.charente-maritime.gouv.fr/Actions-de-l-Etat/Securite/Securite-civile/Prevention-des-incendies-de-foret/Obligations-Legales-de-Debroussaillement-OLD","date_integ":"01/06/24","dat_ap_old":"02/12/20","fid_1":0.0,"id_m":0.0,"nom_massif":null,"layer":null,"path":null,"buff_dist":200.0,"orig_fid":"5541","globalid":"{913E6134-E0A7-4065-B4D1-95F73D0B3B58}","created_us":null,"created_da":"NaT","last_edite":null,"last_edi_1":"NaT","st_area_sh":416705.371357,"st_length_":2407.69753603},"geometry":{"type":"Polygon","coordinates":[[[-0.18082213869488095,45.20423458608297],[-0.18303247659352498,45.20353320203124],[-0.1804281200823499,45.20471785938098],[-0.18082213869488095,45.20423458608297]]]}},{"id":"101","type":"Feature","properties":{"id":"017_062024_000001","dept":"017","source":"Zonage local","idsource":"tampon200m","zonage":"2","diffusion":"Oui","url":"https://www.charente-maritime.gouv.fr/Actions-de-l-Etat/Securite/Securite-civile/Prevention-des-incendies-de-foret/Obligations-Legales-de-Debroussaillement-OLD","date_integ":"01/06/24","dat_ap_old":"02/12/20","fid_1":0.0,"id_m":0.0,"nom_massif":null,"layer":null,"path":null,"buff_dist":200.0,"orig_fid":"107","globalid":"{1665138A-9A37-4CC2-B565-EC92CBBDC5AA}","created_us":null,"created_da":"NaT","last_edite":null,"last_edi_1":"NaT","st_area_sh":1246243189.77,"st_length_":895738.944113},"geometry":{"type":"MultiPolygon","coordinates":[[[[-0.1101454891595377,45.27267659470648],[-0.11083907005880116,45.27008910038105],[-0.1102796765397475,45.2676512281509],[-0.12084763727748146,45.260582544344395],[-0.12809012794337282,45.254106212982315],[-0.15255765971741986,45.22045258230656],[-0.1589478406519373,45.21386248558937],[-0.16659678776523185,45.207925621231816],[-0.1754959735978278,45.20270553747259],[-0.1853399589627809,45.198420089540086],[-0.2459983679424378,45.17880430333873],[-0.25590624366700004,45.174837517181196],[-0.26441930045141215,45.170172118830145],[-0.27188909241543197,45.16474351637476],[-0.2919206130549367,45.14468031508003],[-0.29665546366803586,45.14635319148146],[-0.2763258286232406,45.166668535842035],[-0.26911387144489124,45.17207231181518],[-0.26103748144783395,45.17675312316492],[-0.2486742814564856,45.181936820495324],[-0.18756451316906803,45.20170793566609],[-0.17840094564755118,45.2057148875691],[-0.17016078609453003,45.21055600897995],[-0.16298726035822633,45.21612391411533],[-0.156936572552267,45.22237524496809],[-0.1367916900557725,45.25083353003146],[-0.13186502186712284,45.25666616668009],[-0.12371971818390638,45.2637383726776],[-0.1101454891595377,45.27267659470648]]],[[[-0.3101804193330601,45.13751141831355],[-0.31205679791880286,45.13587396338399],[-0.31408183424224234,45.13565640483612],[-0.3101804193330601,45.13751141831355]]]]}},{"id":"6586","type":"Feature","properties":{"id":"017_062024_005978","dept":"017","source":"Zonage local","idsource":"FORESTIE0000000001701875","zonage":"1","diffusion":"Non","url":"https://www.charente-maritime.gouv.fr/Actions-de-l-Etat/Securite/Securite-civile/Prevention-des-incendies-de-foret/Obligations-Legales-de-Debroussaillement-OLD","date_integ":"01/06/24","dat_ap_old":"02/12/20","fid_1":0.0,"id_m":0.0,"nom_massif":null,"layer":null,"path":null,"buff_dist":200.0,"orig_fid":"6598","globalid":"{648FE72C-0554-42DB-8C6A-D87BC7C8E4D3}","created_us":null,"created_da":"NaT","last_edite":null,"last_edi_1":"NaT","st_area_sh":433840.640465,"st_length_":2419.97778922},"geometry":{"type":"Polygon","coordinates":[[[-0.14594514020058524,45.22954758477604],[-0.1475149513617417,45.23071965545001],[-0.1482080462034385,45.23353548225393],[-0.14771865677126292,45.23456173061927],[-0.1460757629799757,45.23560779531185],[-0.14213260294504348,45.23500322084394],[-0.14594514020058524,45.22954758477604]]]}},{"id":"6036","type":"Feature","properties":{"id":"017_062024_005273","dept":"017","source":"Zonage local","idsource":"FORESTIE0000000001700004","zonage":"1","diffusion":"Non","url":"https://www.charente-maritime.gouv.fr/Actions-de-l-Etat/Securite/Securite-civile/Prevention-des-incendies-de-foret/Obligations-Legales-de-Debroussaillement-OLD","date_integ":"01/06/24","dat_ap_old":"02/12/20","fid_1":0.0,"id_m":0.0,"nom_massif":null,"layer":null,"path":null,"buff_dist":200.0,"orig_fid":"6048","globalid":"{881D8579-9453-4E26-A7D1-09A141E7BA5D}","created_us":null,"created_da":"NaT","last_edite":null,"last_edi_1":"NaT","st_area_sh":374568.379756,"st_length_":2224.03605978},"geometry":{"type":"Polygon","coordinates":[[[-0.14809563571429865,45.23018956242437],[-0.15066518380457916,45.23101940464774],[-0.1473576621814034,45.23575307831566],[-0.14544784776503256,45.23408753034646],[-0.1451672787664599,45.23255908695601],[-0.14591179790362777,45.23095653545829],[-0.14809563571429865,45.23018956242437]]]}},{"id":"7891","type":"Feature","properties":{"id":"017_062024_007413","dept":"017","source":"Zonage local","idsource":"FORESTIE0000000001700003","zonage":"1","diffusion":"Non","url":"https://www.charente-maritime.gouv.fr/Actions-de-l-Etat/Securite/Securite-civile/Prevention-des-incendies-de-foret/Obligations-Legales-de-Debroussaillement-OLD","date_integ":"01/06/24","dat_ap_old":"02/12/20","fid_1":0.0,"id_m":0.0,"nom_massif":null,"layer":null,"path":null,"buff_dist":200.0,"orig_fid":"7903","globalid":"{FA78140C-A831-4F2C-BE1F-B2F2F7144A5B}","created_us":null,"created_da":"NaT","last_edite":null,"last_edi_1":"NaT","st_area_sh":296769.938792,"st_length_":1952.60350324},"geometry":{"type":"Polygon","coordinates":[[[-0.14450450965181674,45.23160922624939],[-0.14763254458432643,45.23313335920962],[-0.1472680077709851,45.235232477523034],[-0.14376126620381466,45.23709416569317],[-0.14113142051847338,45.23643563910421],[-0.14450450965181674,45.23160922624939]]]}},{"id":"3698","type":"Feature","properties":{"id":"017_062024_002760","dept":"017","source":"Zonage local","idsource":"FORESTIE0000000001700020","zonage":"1","diffusion":"Non","url":"https://www.charente-maritime.gouv.fr/Actions-de-l-Etat/Securite/Securite-civile/Prevention-des-incendies-de-foret/Obligations-Legales-de-Debroussaillement-OLD","date_integ":"01/06/24","dat_ap_old":"02/12/20","fid_1":0.0,"id_m":0.0,"nom_massif":null,"layer":null,"path":null,"buff_dist":200.0,"orig_fid":"3706","globalid":"{F2D640EF-8374-4FF9-B518-77A2CA5846AB}","created_us":null,"created_da":"NaT","last_edite":null,"last_edi_1":"NaT","st_area_sh":229460.944289,"st_length_":1709.49330023},"geometry":{"type":"Polygon","coordinates":[[[-0.1476437806778957,45.2318142865352],[-0.14973083913569288,45.23235672366712],[-0.14671519312568465,45.23667246873025],[-0.14491133212326116,45.2354664216946],[-0.1445485290077675,45.234223887141795],[-0.14570600843931114,45.232392896081556],[-0.1476437806778957,45.2318142865352]]]}},{"id":"6045","type":"Feature","properties":{"id":"017_062024_005282","dept":"017","source":"Zonage local","idsource":"FORESTIE0000000001700004","zonage":"1","diffusion":"Non","url":"https://www.charente-maritime.gouv.fr/Actions-de-l-Etat/Securite/Securite-civile/Prevention-des-incendies-de-foret/Obligations-Legales-de-Debroussaillement-OLD","date_integ":"01/06/24","dat_ap_old":"02/12/20","fid_1":0.0,"id_m":0.0,"nom_massif":null,"layer":null,"path":null,"buff_dist":200.0,"orig_fid":"6057","globalid":"{B9B0C468-4EFF-46DC-BEF9-B540F9C387F2}","created_us":null,"created_da":"NaT","last_edite":null,"last_edi_1":"NaT","st_area_sh":404211.580205,"st_length_":2304.08211449},"geometry":{"type":"Polygon","coordinates":[[[-0.14356324345253366,45.23295609455446],[-0.146297646694074,45.2341950609589],[-0.14636180312987007,45.23618569418283],[-0.14280372623919618,45.239104823018714],[-0.1393972334297023,45.2389167702444],[-0.14356324345253366,45.23295609455446]]]}},{"id":"7899","type":"Feature","properties":{"id":"017_062024_007421","dept":"017","source":"Zonage local","idsource":"FORESTIE0000000001700003","zonage":"1","diffusion":"Non","url":"https://www.charente-maritime.gouv.fr/Actions-de-l-Etat/Securite/Securite-civile/Prevention-des-incendies-de-foret/Obligations-Legales-de-Debroussaillement-OLD","date_integ":"01/06/24","dat_ap_old":"02/12/20","fid_1":0.0,"id_m":0.0,"nom_massif":null,"layer":null,"path":null,"buff_dist":200.0,"orig_fid":"7911","globalid":"{CF43657A-2CC2-4EAF-BA4E-B4130325B0E8}","created_us":null,"created_da":"NaT","last_edite":null,"last_edi_1":"NaT","st_area_sh":412644.91301,"st_length_":2334.1289797},"geometry":{"type":"Polygon","coordinates":[[[-0.14713135503047348,45.23270432760885],[-0.14904384050480735,45.233339952485146],[-0.14418493868141433,45.23945277414522],[-0.1423352317248891,45.23805834192639],[-0.1421423639415318,45.2364036734463],[-0.14387556834609458,45.23416110809375],[-0.14713135503047348,45.23270432760885]]]}},{"id":"6793","type":"Feature","properties":{"id":"017_062024_006185","dept":"017","source":"Zonage local","idsource":"FORESTIE0000000001701875","zonage":"1","diffusion":"Non","url":"https://www.charente-maritime.gouv.fr/Actions-de-l-Etat/Securite/Securite-civile/Prevention-des-incendies-de-foret/Obligations-Legales-de-Debroussaillement-OLD","date_integ":"01/06/24","dat_ap_old":"02/12/20","fid_1":0.0,"id_m":0.0,"nom_massif":null,"layer":null,"path":null,"buff_dist":200.0,"orig_fid":"6805","globalid":"{71F5E625-CAC2-47DD-BD4E-11EFAD6F5B7F}","created_us":null,"created_da":"NaT","last_edite":null,"last_edi_1":"NaT","st_area_sh":472466.830987,"st_length_":2554.45148957},"geometry":{"type":"Polygon","coordinates":[[[-0.14825954494406376,45.23446240205545],[-0.14390747443569496,45.2406899905507],[-0.1414199853263327,45.23940216080348],[-0.14096158371233147,45.237808197029075],[-0.14185598993453194,45.23668658003034],[-0.14825954494406376,45.23446240205545]]]}},{"id":"2535","type":"Feature","properties":{"id":"017_062024_001265","dept":"017","source":"Zonage local","idsource":"FORESTIE0000000001721538","zonage":"1","diffusion":"Non","url":"https://www.charente-maritime.gouv.fr/Actions-de-l-Etat/Securite/Securite-civile/Prevention-des-incendies-de-foret/Obligations-Legales-de-Debroussaillement-OLD","date_integ":"01/06/24","dat_ap_old":"02/12/20","fid_1":0.0,"id_m":0.0,"nom_massif":null,"layer":null,"path":null,"buff_dist":200.0,"orig_fid":"2541","globalid":"{36D4A27F-2D29-4AAD-951B-068B123B0E28}","created_us":null,"created_da":"NaT","last_edite":null,"last_edi_1":"NaT","st_area_sh":250698.270381,"st_length_":1796.83342542},"geometry":{"type":"Polygon","coordinates":[[[-0.14173926392541886,45.235602704746086],[-0.1444785117540407,45.237330379737344],[-0.1440495894281705,45.23956030237755],[-0.14177757750285325,45.24098459142779],[-0.13914550150270583,45.24074453431326],[-0.1384380334491936,45.24028887140943],[-0.14173926392541886,45.235602704746086]]]}},{"id":"7197","type":"Feature","properties":{"id":"017_062024_006635","dept":"017","source":"Zonage local","idsource":"FORESTIE0000000001711140","zonage":"1","diffusion":"Non","url":"https://www.charente-maritime.gouv.fr/Actions-de-l-Etat/Securite/Securite-civile/Prevention-des-incendies-de-foret/Obligations-Legales-de-Debroussaillement-OLD","date_integ":"01/06/24","dat_ap_old":"02/12/20","fid_1":0.0,"id_m":0.0,"nom_massif":null,"layer":null,"path":null,"buff_dist":200.0,"orig_fid":"7209","globalid":"{773956F2-31BD-43B8-9F51-3FE5D99771C0}","created_us":null,"created_da":"NaT","last_edite":null,"last_edi_1":"NaT","st_area_sh":320716.087711,"st_length_":2074.10455413},"geometry":{"type":"Polygon","coordinates":[[[-0.14092183744447292,45.2367355559966],[-0.14340328776248756,45.238618701864624],[-0.14331433818214034,45.2407739318899],[-0.14068300455054117,45.24306934039556],[-0.13766022423074095,45.24286518965821],[-0.13695449470746607,45.242411108198404],[-0.14092183744447292,45.2367355559966]]]}},{"id":"3787","type":"Feature","properties":{"id":"017_062024_002849","dept":"017","source":"Zonage local","idsource":"FORESTIE0000000001700020","zonage":"1","diffusion":"Non","url":"https://www.charente-maritime.gouv.fr/Actions-de-l-Etat/Securite/Securite-civile/Prevention-des-incendies-de-foret/Obligations-Legales-de-Debroussaillement-OLD","date_integ":"01/06/24","dat_ap_old":"02/12/20","fid_1":0.0,"id_m":0.0,"nom_massif":null,"layer":null,"path":null,"buff_dist":200.0,"orig_fid":"3795","globalid":"{95D28953-9A40-49F8-A119-842E5EE12607}","created_us":null,"created_da":"NaT","last_edite":null,"last_edi_1":"NaT","st_area_sh":367368.17206,"st_length_":2201.12654882},"geometry":{"type":"Polygon","coordinates":[[[-0.14047360765563044,45.23737783388698],[-0.14225694233681396,45.23883038128368],[-0.1407225655873741,45.2428211624827],[-0.13898133236745996,45.243655670611474],[-0.13643399570137446,45.24315560030229],[-0.14047360765563044,45.23737783388698]]]}},{"id":"7953","type":"Feature","properties":{"id":"017_062024_007475","dept":"017","source":"Zonage local","idsource":"FORESTIE0000000001700003","zonage":"1","diffusion":"Non","url":"https://www.charente-maritime.gouv.fr/Actions-de-l-Etat/Securite/Securite-civile/Prevention-des-incendies-de-foret/Obligations-Legales-de-Debroussaillement-OLD","date_integ":"01/06/24","dat_ap_old":"02/12/20","fid_1":0.0,"id_m":0.0,"nom_massif":null,"layer":null,"path":null,"buff_dist":200.0,"orig_fid":"7965","globalid":"{1160F36A-4A26-4507-8358-64D01EFDF349}","created_us":null,"created_da":"NaT","last_edite":null,"last_edi_1":"NaT","st_area_sh":749966.353327,"st_length_":3377.16829898},"geometry":{"type":"Polygon","coordinates":[[[-0.14331709478824955,45.23652554619772],[-0.14617760296092294,45.23744175313794],[-0.1431190682906465,45.24181798214473],[-0.14069612633955636,45.24056329765197],[-0.14008259909393758,45.23911636267325],[-0.14136974819268713,45.237104779031],[-0.14331709478824955,45.23652554619772]]]}},{"id":"6736","type":"Feature","properties":{"id":"017_062024_006128","dept":"017","source":"Zonage local","idsource":"FORESTIE0000000001701875","zonage":"1","diffusion":"Non","url":"https://www.charente-maritime.gouv.fr/Actions-de-l-Etat/Securite/Securite-civile/Prevention-des-incendies-de-foret/Obligations-Legales-de-Debroussaillement-OLD","date_integ":"01/06/24","dat_ap_old":"02/12/20","fid_1":0.0,"id_m":0.0,"nom_massif":null,"layer":null,"path":null,"buff_dist":200.0,"orig_fid":"6748","globalid":"{C955F5BC-4B60-4A86-802A-3FB82FD3A831}","created_us":null,"created_da":"NaT","last_edite":null,"last_edi_1":"NaT","st_area_sh":566165.37021,"st_length_":2939.07657612},"geometry":{"type":"Polygon","coordinates":[[[-0.13799651484606726,45.24092061384239],[-0.14036859092623077,45.241784711299815],[-0.14094470731345043,45.24341318966524],[-0.13830379380577967,45.24646637240784],[-0.13547209477953126,45.24641490528916],[-0.13461235528820814,45.24576119583761],[-0.13799651484606726,45.24092061384239]]]}},{"id":"6513","type":"Feature","properties":{"id":"017_062024_005905","dept":"017","source":"Zonage local","idsource":"FORESTIE0000000001701875","zonage":"1","diffusion":"Non","url":"https://www.charente-maritime.gouv.fr/Actions-de-l-Etat/Securite/Securite-civile/Prevention-des-incendies-de-foret/Obligations-Legales-de-Debroussaillement-OLD","date_integ":"01/06/24","dat_ap_old":"02/12/20","fid_1":0.0,"id_m":0.0,"nom_massif":null,"layer":null,"path":null,"buff_dist":200.0,"orig_fid":"6525","globalid":"{AD1FA475-FBAD-4746-8AEC-D38B6EF59BFE}","created_us":null,"created_da":"NaT","last_edite":null,"last_edi_1":"NaT","st_area_sh":1250621.26651,"st_length_":4504.80183038},"geometry":{"type":"Polygon","coordinates":[[[-0.14171076370449895,45.24383277034726],[-0.13902480142573853,45.24200883824871],[-0.1403496659158419,45.23901076331045],[-0.14277413290672455,45.2377604526946],[-0.1453849199410226,45.23857601204721],[-0.14171076370449895,45.24383277034726]]]}},{"id":"6522","type":"Feature","properties":{"id":"017_062024_005914","dept":"017","source":"Zonage local","idsource":"FORESTIE0000000001701875","zonage":"1","diffusion":"Non","url":"https://www.charente-maritime.gouv.fr/Actions-de-l-Etat/Securite/Securite-civile/Prevention-des-incendies-de-foret/Obligations-Legales-de-Debroussaillement-OLD","date_integ":"01/06/24","dat_ap_old":"02/12/20","fid_1":0.0,"id_m":0.0,"nom_massif":null,"layer":null,"path":null,"buff_dist":200.0,"orig_fid":"6534","globalid":"{F958203A-1DD1-4316-99FA-5372F1478654}","created_us":null,"created_da":"NaT","last_edite":null,"last_edi_1":"NaT","st_area_sh":309525.17807,"st_length_":2002.54497603},"geometry":{"type":"Polygon","coordinates":[[[-0.1404958167582519,45.24146204549455],[-0.14301097136054064,45.24197264316472],[-0.13962738657402543,45.24681305298178],[-0.1370644511066533,45.245909891246534],[-0.13631641468361808,45.24471272288699],[-0.1367196815882211,45.24341959844055],[-0.13829140392885242,45.24201244735194],[-0.1404958167582519,45.24146204549455]]]}},{"id":"4714","type":"Feature","properties":{"id":"017_062024_003777","dept":"017","source":"Zonage local","idsource":"FORESTIE0000000001700004","zonage":"1","diffusion":"Non","url":"https://www.charente-maritime.gouv.fr/Actions-de-l-Etat/Securite/Securite-civile/Prevention-des-incendies-de-foret/Obligations-Legales-de-Debroussaillement-OLD","date_integ":"01/06/24","dat_ap_old":"02/12/20","fid_1":0.0,"id_m":0.0,"nom_massif":null,"layer":null,"path":null,"buff_dist":200.0,"orig_fid":"4722","globalid":"{47CB0570-BAEB-4649-8B22-82343240CD3B}","created_us":null,"created_da":"NaT","last_edite":null,"last_edi_1":"NaT","st_area_sh":304378.098795,"st_length_":1988.86504553},"geometry":{"type":"Polygon","coordinates":[[[-0.13645669441916164,45.24317255385446],[-0.13625020256800088,45.245731710723824],[-0.13359629036154821,45.2472142045127],[-0.13645669441916164,45.24317255385446]]]}},{"id":"7952","type":"Feature","properties":{"id":"017_062024_007474","dept":"017","source":"Zonage local","idsource":"FORESTIE0000000001700003","zonage":"1","diffusion":"Non","url":"https://www.charente-maritime.gouv.fr/Actions-de-l-Etat/Securite/Securite-civile/Prevention-des-incendies-de-foret/Obligations-Legales-de-Debroussaillement-OLD","date_integ":"01/06/24","dat_ap_old":"02/12/20","fid_1":0.0,"id_m":0.0,"nom_massif":null,"layer":null,"path":null,"buff_dist":200.0,"orig_fid":"7964","globalid":"{F1FAE4AD-E7B6-4287-9C13-92474C8928E0}","created_us":null,"created_da":"NaT","last_edite":null,"last_edi_1":"NaT","st_area_sh":628060.84684,"st_length_":2971.77722246},"geometry":{"type":"Polygon","coordinates":[[[-0.13487314874373604,45.24540183543054],[-0.13713665104246187,45.24706355825981],[-0.13741281804725447,45.24932410420782],[-0.13502975874875764,45.251315124900586],[-0.13096865799575055,45.250789919215386],[-0.13487314874373604,45.24540183543054]]]}},{"id":"4695","type":"Feature","properties":{"id":"017_062024_003758","dept":"017","source":"Zonage local","idsource":"FORESTIE0000000001700004","zonage":"1","diffusion":"Non","url":"https://www.charente-maritime.gouv.fr/Actions-de-l-Etat/Securite/Securite-civile/Prevention-des-incendies-de-foret/Obligations-Legales-de-Debroussaillement-OLD","date_integ":"01/06/24","dat_ap_old":"02/12/20","fid_1":0.0,"id_m":0.0,"nom_massif":null,"layer":null,"path":null,"buff_dist":200.0,"orig_fid":"4703","globalid":"{70B05084-EE27-4DD0-8C23-6F08BB8E86FF}","created_us":null,"created_da":"NaT","last_edite":null,"last_edi_1":"NaT","st_area_sh":251957.213701,"st_length_":1796.99702683},"geometry":{"type":"Polygon","coordinates":[[[-0.13307576319199793,45.248029277761255],[-0.13288399759575245,45.24983394691035],[-0.13052300338588618,45.251342051588686],[-0.13307576319199793,45.248029277761255]]]}},{"id":"6800","type":"Feature","properties":{"id":"017_062024_006192","dept":"017","source":"Zonage local","idsource":"FORESTIE0000000001701875","zonage":"1","diffusion":"Non","url":"https://www.charente-maritime.gouv.fr/Actions-de-l-Etat/Securite/Securite-civile/Prevention-des-incendies-de-foret/Obligations-Legales-de-Debroussaillement-OLD","date_integ":"01/06/24","dat_ap_old":"02/12/20","fid_1":0.0,"id_m":0.0,"nom_massif":null,"layer":null,"path":null,"buff_dist":200.0,"orig_fid":"6812","globalid":"{F567AD37-9A8E-4D45-94C7-A7E37D411856}","created_us":null,"created_da":"NaT","last_edite":null,"last_edi_1":"NaT","st_area_sh":389204.954935,"st_length_":2266.67374366},"geometry":{"type":"Polygon","coordinates":[[[-0.1331812572636874,45.24780585252882],[-0.13448593063116213,45.25082397943901],[-0.13412171296327616,45.252272911284486],[-0.1316820909213247,45.25347336782479],[-0.12870741735109725,45.25344096618608],[-0.1331812572636874,45.24780585252882]]]}},{"id":"7734","type":"Feature","properties":{"id":"017_062024_007255","dept":"017","source":"Zonage local","idsource":"FORESTIE0000000001700003","zonage":"1","diffusion":"Non","url":"https://www.charente-maritime.gouv.fr/Actions-de-l-Etat/Securite/Securite-civile/Prevention-des-incendies-de-foret/Obligations-Legales-de-Debroussaillement-OLD","date_integ":"01/06/24","dat_ap_old":"02/12/20","fid_1":0.0,"id_m":0.0,"nom_massif":null,"layer":null,"path":null,"buff_dist":200.0,"orig_fid":"7746","globalid":"{516170DB-3755-41EF-A6A3-25F858AE5E9A}","created_us":null,"created_da":"NaT","last_edite":null,"last_edi_1":"NaT","st_area_sh":318593.579566,"st_length_":2051.24145186},"geometry":{"type":"Polygon","coordinates":[[[-0.13695628886057595,45.242408542454186],[-0.1393766647519581,45.24440894406361],[-0.1392139235640229,45.24625156944907],[-0.13720215339234132,45.24751561673703],[-0.13385872790671569,45.24683885447483],[-0.13695628886057595,45.242408542454186]]]}},{"id":"1574","type":"Feature","properties":{"id":"017_062024_000101","dept":"017","source":"Zonage local","idsource":"FORESTIE0000000001717206","zonage":"1","diffusion":"Non","url":"https://www.charente-maritime.gouv.fr/Actions-de-l-Etat/Securite/Securite-civile/Prevention-des-incendies-de-foret/Obligations-Legales-de-Debroussaillement-OLD","date_integ":"01/06/24","dat_ap_old":"02/12/20","fid_1":0.0,"id_m":0.0,"nom_massif":null,"layer":null,"path":null,"buff_dist":200.0,"orig_fid":"1580","globalid":"{78D330BE-AAB5-4D03-81E8-C8B469D39108}","created_us":null,"created_da":"NaT","last_edite":null,"last_edi_1":"NaT","st_area_sh":215230.07781,"st_length_":1655.88489828},"geometry":{"type":"Polygon","coordinates":[[[-0.13787942416539417,45.24554474755837],[-0.1407252096554761,45.24524265312511],[-0.13778263150335424,45.249449620505416],[-0.13648715563802602,45.24837700279388],[-0.1363567417832995,45.247041772493226],[-0.13787942416539417,45.24554474755837]]]}},{"id":"5860","type":"Feature","properties":{"id":"017_062024_004970","dept":"017","source":"Zonage local","idsource":"FORESTIE0000000001700002","zonage":"1","diffusion":"Non","url":"https://www.charente-maritime.gouv.fr/Actions-de-l-Etat/Securite/Securite-civile/Prevention-des-incendies-de-foret/Obligations-Legales-de-Debroussaillement-OLD","date_integ":"01/06/24","dat_ap_old":"02/12/20","fid_1":0.0,"id_m":0.0,"nom_massif":null,"layer":null,"path":null,"buff_dist":200.0,"orig_fid":"5872","globalid":"{5FB95997-93BC-4EF8-B05F-74EE6D590DC9}","created_us":null,"created_da":"NaT","last_edite":null,"last_edi_1":"NaT","st_area_sh":370831.654716,"st_length_":2282.15708671},"geometry":{"type":"Polygon","coordinates":[[[-0.13805837531723839,45.249056934491584],[-0.1379223821204426,45.247090534165736],[-0.14026881023334772,45.2458955141296],[-0.13805837531723839,45.249056934491584]]]}},{"id":"6542","type":"Feature","properties":{"id":"017_062024_005934","dept":"017","source":"Zonage local","idsource":"FORESTIE0000000001701875","zonage":"1","diffusion":"Non","url":"https://www.charente-maritime.gouv.fr/Actions-de-l-Etat/Securite/Securite-civile/Prevention-des-incendies-de-foret/Obligations-Legales-de-Debroussaillement-OLD","date_integ":"01/06/24","dat_ap_old":"02/12/20","fid_1":0.0,"id_m":0.0,"nom_massif":null,"layer":null,"path":null,"buff_dist":200.0,"orig_fid":"6554","globalid":"{069338BC-98F1-4674-886A-3EB7C6418660}","created_us":null,"created_da":"NaT","last_edite":null,"last_edi_1":"NaT","st_area_sh":763919.823241,"st_length_":3433.32257063},"geometry":{"type":"Polygon","coordinates":[[[-0.13906405345171463,45.24760398318727],[-0.13912087768046685,45.24599171773207],[-0.14104248330183713,45.244788776263555],[-0.13906405345171463,45.24760398318727]]]}},{"id":"1720","type":"Feature","properties":{"id":"017_062024_000251","dept":"017","source":"Zonage local","idsource":"FORESTIE0000000001702591","zonage":"1","diffusion":"Non","url":"https://www.charente-maritime.gouv.fr/Actions-de-l-Etat/Securite/Securite-civile/Prevention-des-incendies-de-foret/Obligations-Legales-de-Debroussaillement-OLD","date_integ":"01/06/24","dat_ap_old":"02/12/20","fid_1":0.0,"id_m":0.0,"nom_massif":null,"layer":null,"path":null,"buff_dist":200.0,"orig_fid":"1726","globalid":"{6C3AB07E-8E39-4632-A487-C2B11722976B}","created_us":null,"created_da":"NaT","last_edite":null,"last_edi_1":"NaT","st_area_sh":245701.841516,"st_length_":1818.65887951},"geometry":{"type":"Polygon","coordinates":[[[-0.13126473511441417,45.25041427070818],[-0.13226467601197364,45.25155725039355],[-0.13188273792880084,45.252893143851445],[-0.13032134013352747,45.253874730719055],[-0.12829534562712167,45.25388759511109],[-0.13126473511441417,45.25041427070818]]]}},{"id":"6831","type":"Feature","properties":{"id":"017_062024_006223","dept":"017","source":"Zonage local","idsource":"FORESTIE0000000001701875","zonage":"1","diffusion":"Non","url":"https://www.charente-maritime.gouv.fr/Actions-de-l-Etat/Securite/Securite-civile/Prevention-des-incendies-de-foret/Obligations-Legales-de-Debroussaillement-OLD","date_integ":"01/06/24","dat_ap_old":"02/12/20","fid_1":0.0,"id_m":0.0,"nom_massif":null,"layer":null,"path":null,"buff_dist":200.0,"orig_fid":"6843","globalid":"{16A831C7-FCE4-4C7E-A432-E8A243D23CEF}","created_us":null,"created_da":"NaT","last_edite":null,"last_edi_1":"NaT","st_area_sh":529489.274825,"st_length_":2762.30358471},"geometry":{"type":"Polygon","coordinates":[[[-0.1313810303752209,45.250274393195426],[-0.13422395122730565,45.25158474143997],[-0.1342427126895355,45.25348664656024],[-0.13157878809748746,45.25576923453157],[-0.12661038345625736,45.25561487020169],[-0.1313810303752209,45.250274393195426]]]}},{"id":"2915","type":"Feature","properties":{"id":"017_062024_001658","dept":"017","source":"Zonage local","idsource":"FORESTIE0000000001702348","zonage":"1","diffusion":"Non","url":"https://www.charente-maritime.gouv.fr/Actions-de-l-Etat/Securite/Securite-civile/Prevention-des-incendies-de-foret/Obligations-Legales-de-Debroussaillement-OLD","date_integ":"01/06/24","dat_ap_old":"02/12/20","fid_1":0.0,"id_m":0.0,"nom_massif":null,"layer":null,"path":null,"buff_dist":200.0,"orig_fid":"2922","globalid":"{955C73A1-5277-40B3-9683-A5FC5FD6A2EF}","created_us":null,"created_da":"NaT","last_edite":null,"last_edi_1":"NaT","st_area_sh":242484.629733,"st_length_":1769.30204627},"geometry":{"type":"Polygon","coordinates":[[[-0.12766385163513438,45.254552815291625],[-0.13049109333537487,45.25554311798363],[-0.13085372193792094,45.256785703624324],[-0.129951467571455,45.258033982368836],[-0.12639893871366606,45.25939484531586],[-0.12364024436031602,45.25833328846531],[-0.12766385163513438,45.254552815291625]]]}},{"id":"2014","type":"Feature","properties":{"id":"017_062024_000700","dept":"017","source":"Zonage local","idsource":"FORESTIE0000000001718813","zonage":"1","diffusion":"Non","url":"https://www.charente-maritime.gouv.fr/Actions-de-l-Etat/Securite/Securite-civile/Prevention-des-incendies-de-foret/Obligations-Legales-de-Debroussaillement-OLD","date_integ":"01/06/24","dat_ap_old":"02/12/20","fid_1":0.0,"id_m":0.0,"nom_massif":null,"layer":null,"path":null,"buff_dist":200.0,"orig_fid":"2020","globalid":"{83075433-4438-41EF-B3DE-EFA71398C86C}","created_us":null,"created_da":"NaT","last_edite":null,"last_edi_1":"NaT","st_area_sh":219255.667114,"st_length_":1672.18561675},"geometry":{"type":"Polygon","coordinates":[[[-0.1300555420142724,45.254641315144156],[-0.13257507073732325,45.255919695756106],[-0.12887720096995114,45.259546581854856],[-0.12727586483318085,45.25857248478311],[-0.12682802496621073,45.25661735201278],[-0.12797896355941968,45.25520845623818],[-0.1300555420142724,45.254641315144156]]]}},{"id":"6843","type":"Feature","properties":{"id":"017_062024_006235","dept":"017","source":"Zonage local","idsource":"FORESTIE0000000001701875","zonage":"1","diffusion":"Non","url":"https://www.charente-maritime.gouv.fr/Actions-de-l-Etat/Securite/Securite-civile/Prevention-des-incendies-de-foret/Obligations-Legales-de-Debroussaillement-OLD","date_integ":"01/06/24","dat_ap_old":"02/12/20","fid_1":0.0,"id_m":0.0,"nom_massif":null,"layer":null,"path":null,"buff_dist":200.0,"orig_fid":"6855","globalid":"{14457E37-418A-4116-AD0C-35873A1F2080}","created_us":null,"created_da":"NaT","last_edite":null,"last_edi_1":"NaT","st_area_sh":282767.042058,"st_length_":1917.76811388},"geometry":{"type":"Polygon","coordinates":[[[-0.1305616506175969,45.2579712654056],[-0.13182990650609028,45.25566019928057],[-0.13348397270851925,45.25492383915515],[-0.1305616506175969,45.2579712654056]]]}},{"id":"6840","type":"Feature","properties":{"id":"017_062024_006232","dept":"017","source":"Zonage local","idsource":"FORESTIE0000000001701875","zonage":"1","diffusion":"Non","url":"https://www.charente-maritime.gouv.fr/Actions-de-l-Etat/Securite/Securite-civile/Prevention-des-incendies-de-foret/Obligations-Legales-de-Debroussaillement-OLD","date_integ":"01/06/24","dat_ap_old":"02/12/20","fid_1":0.0,"id_m":0.0,"nom_massif":null,"layer":null,"path":null,"buff_dist":200.0,"orig_fid":"6852","globalid":"{2C3244A5-169D-4206-9958-EDCF24ED3CC2}","created_us":null,"created_da":"NaT","last_edite":null,"last_edi_1":"NaT","st_area_sh":817254.639867,"st_length_":3607.15796157},"geometry":{"type":"Polygon","coordinates":[[[-0.12356678229948344,45.25843895002623],[-0.1254394232231404,45.260077106169575],[-0.12523372502928795,45.26166347019204],[-0.12176250347816359,45.26419056828349],[-0.11971495752680074,45.2645777899174],[-0.1175357053760959,45.26386860423809],[-0.11706272277534922,45.263255171944884],[-0.12356678229948344,45.25843895002623]]]}},{"id":"6844","type":"Feature","properties":{"id":"017_062024_006236","dept":"017","source":"Zonage local","idsource":"FORESTIE0000000001701875","zonage":"1","diffusion":"Non","url":"https://www.charente-maritime.gouv.fr/Actions-de-l-Etat/Securite/Securite-civile/Prevention-des-incendies-de-foret/Obligations-Legales-de-Debroussaillement-OLD","date_integ":"01/06/24","dat_ap_old":"02/12/20","fid_1":0.0,"id_m":0.0,"nom_massif":null,"layer":null,"path":null,"buff_dist":200.0,"orig_fid":"6856","globalid":"{8017D437-8137-411F-8071-762EC2FD69C5}","created_us":null,"created_da":"NaT","last_edite":null,"last_edi_1":"NaT","st_area_sh":609697.034698,"st_length_":3355.87850405},"geometry":{"type":"Polygon","coordinates":[[[-0.11629421219515096,45.26379382233995],[-0.11538336766445886,45.26701604867899],[-0.11308338408388376,45.267818592639806],[-0.11102649498696626,45.26718067658696],[-0.11629421219515096,45.26379382233995]]]}},{"id":"6731","type":"Feature","properties":{"id":"017_062024_006123","dept":"017","source":"Zonage local","idsource":"FORESTIE0000000001701875","zonage":"1","diffusion":"Non","url":"https://www.charente-maritime.gouv.fr/Actions-de-l-Etat/Securite/Securite-civile/Prevention-des-incendies-de-foret/Obligations-Legales-de-Debroussaillement-OLD","date_integ":"01/06/24","dat_ap_old":"02/12/20","fid_1":0.0,"id_m":0.0,"nom_massif":null,"layer":null,"path":null,"buff_dist":200.0,"orig_fid":"6743","globalid":"{3E3AE88E-8F69-475A-AED5-028E203AA192}","created_us":null,"created_da":"NaT","last_edite":null,"last_edi_1":"NaT","st_area_sh":464227.882951,"st_length_":2822.22339598},"geometry":{"type":"Polygon","coordinates":[[[-0.11325378664430943,45.269028642515075],[-0.11500862770772817,45.26953203351634],[-0.1101454891595377,45.27267659470648],[-0.11090331384231758,45.27000930488224],[-0.11325378664430943,45.269028642515075]]]}},{"id":"6842","type":"Feature","properties":{"id":"017_062024_006234","dept":"017","source":"Zonage local","idsource":"FORESTIE0000000001701875","zonage":"1","diffusion":"Non","url":"https://www.charente-maritime.gouv.fr/Actions-de-l-Etat/Securite/Securite-civile/Prevention-des-incendies-de-foret/Obligations-Legales-de-Debroussaillement-OLD","date_integ":"01/06/24","dat_ap_old":"02/12/20","fid_1":0.0,"id_m":0.0,"nom_massif":null,"layer":null,"path":null,"buff_dist":200.0,"orig_fid":"6854","globalid":"{A9B4FDB0-2C99-47BC-9AEA-03C50570DFC5}","created_us":null,"created_da":"NaT","last_edite":null,"last_edi_1":"NaT","st_area_sh":1073554.23397,"st_length_":4790.19994975},"geometry":{"type":"Polygon","coordinates":[[[-0.13250082883945655,45.251595657040156],[-0.13462442878516995,45.25228767057238],[-0.13605703954059664,45.25181494903546],[-0.131285315027663,45.25725661095864],[-0.1297979651629793,45.25648119067285],[-0.12872344557233154,45.2542673183763],[-0.13067936583050074,45.25209010266821],[-0.13250082883945655,45.251595657040156]]]}},{"id":"7909","type":"Feature","properties":{"id":"017_062024_007431","dept":"017","source":"Zonage local","idsource":"FORESTIE0000000001700003","zonage":"1","diffusion":"Non","url":"https://www.charente-maritime.gouv.fr/Actions-de-l-Etat/Securite/Securite-civile/Prevention-des-incendies-de-foret/Obligations-Legales-de-Debroussaillement-OLD","date_integ":"01/06/24","dat_ap_old":"02/12/20","fid_1":0.0,"id_m":0.0,"nom_massif":null,"layer":null,"path":null,"buff_dist":200.0,"orig_fid":"7921","globalid":"{AF861E38-79BA-46AA-A53A-D2E9F58AE62F}","created_us":null,"created_da":"NaT","last_edite":null,"last_edi_1":"NaT","st_area_sh":929095.240701,"st_length_":3893.5554123},"geometry":{"type":"Polygon","coordinates":[[[-0.13077048420069387,45.2537825052075],[-0.13485665902405405,45.25332373707254],[-0.1311267358334066,45.25741529574664],[-0.13008910216622188,45.25656133916766],[-0.12963283921367788,45.255221221759435],[-0.13077048420069387,45.2537825052075]]]}},{"id":"6845","type":"Feature","properties":{"id":"017_062024_006237","dept":"017","source":"Zonage local","idsource":"FORESTIE0000000001701875","zonage":"1","diffusion":"Non","url":"https://www.charente-maritime.gouv.fr/Actions-de-l-Etat/Securite/Securite-civile/Prevention-des-incendies-de-foret/Obligations-Legales-de-Debroussaillement-OLD","date_integ":"01/06/24","dat_ap_old":"02/12/20","fid_1":0.0,"id_m":0.0,"nom_massif":null,"layer":null,"path":null,"buff_dist":200.0,"orig_fid":"6857","globalid":"{DE94BEA7-ACCC-445A-AE41-1DD3D0F6DBAD}","created_us":null,"created_da":"NaT","last_edite":null,"last_edi_1":"NaT","st_area_sh":268324.495096,"st_length_":1852.92549573},"geometry":{"type":"Polygon","coordinates":[[[-0.12506569162505607,45.25714820017902],[-0.12698284091568793,45.259360797629135],[-0.12607904481572882,45.26095453627053],[-0.12336097691573882,45.26196656328596],[-0.12032559976378301,45.260974826418575],[-0.12506569162505607,45.25714820017902]]]}},{"id":"6013","type":"Feature","properties":{"id":"017_062024_005160","dept":"017","source":"Zonage local","idsource":"FORESTIE0000000001700001","zonage":"1","diffusion":"Non","url":"https://www.charente-maritime.gouv.fr/Actions-de-l-Etat/Securite/Securite-civile/Prevention-des-incendies-de-foret/Obligations-Legales-de-Debroussaillement-OLD","date_integ":"01/06/24","dat_ap_old":"02/12/20","fid_1":0.0,"id_m":0.0,"nom_massif":null,"layer":null,"path":null,"buff_dist":200.0,"orig_fid":"6025","globalid":"{4CF9FBDC-C34E-423E-8C46-92F160E9FDEE}","created_us":null,"created_da":"NaT","last_edite":null,"last_edi_1":"NaT","st_area_sh":311306.212051,"st_length_":2016.9216528},"geometry":{"type":"Polygon","coordinates":[[[-0.12304148832937295,45.25883830387604],[-0.1249599029302017,45.26031867719362],[-0.12496727335032595,45.261794216785106],[-0.12189695441376444,45.26407685860749],[-0.11884214027812386,45.26356206714279],[-0.11804008856831827,45.26260027439739],[-0.12304148832937295,45.25883830387604]]]}},{"id":"3755","type":"Feature","properties":{"id":"017_062024_002817","dept":"017","source":"Zonage local","idsource":"FORESTIE0000000001700020","zonage":"1","diffusion":"Non","url":"https://www.charente-maritime.gouv.fr/Actions-de-l-Etat/Securite/Securite-civile/Prevention-des-incendies-de-foret/Obligations-Legales-de-Debroussaillement-OLD","date_integ":"01/06/24","dat_ap_old":"02/12/20","fid_1":0.0,"id_m":0.0,"nom_massif":null,"layer":null,"path":null,"buff_dist":200.0,"orig_fid":"3763","globalid":"{9CEC736E-D56F-4C83-9503-737D0FB7C39B}","created_us":null,"created_da":"NaT","last_edite":null,"last_edi_1":"NaT","st_area_sh":1003174.94669,"st_length_":4029.35669837},"geometry":{"type":"Polygon","coordinates":[[[-0.12907103960891184,45.255353799711614],[-0.13167157874058494,45.25686502525438],[-0.12610990131837582,45.26190174404601],[-0.12478953807819021,45.25857463463436],[-0.1266031834078641,45.25622445524317],[-0.12907103960891184,45.255353799711614]]]}},{"id":"3728","type":"Feature","properties":{"id":"017_062024_002790","dept":"017","source":"Zonage local","idsource":"FORESTIE0000000001700020","zonage":"1","diffusion":"Non","url":"https://www.charente-maritime.gouv.fr/Actions-de-l-Etat/Securite/Securite-civile/Prevention-des-incendies-de-foret/Obligations-Legales-de-Debroussaillement-OLD","date_integ":"01/06/24","dat_ap_old":"02/12/20","fid_1":0.0,"id_m":0.0,"nom_massif":null,"layer":null,"path":null,"buff_dist":200.0,"orig_fid":"3736","globalid":"{7B19ADE3-38C8-480E-8AE9-8266F9DDBA1E}","created_us":null,"created_da":"NaT","last_edite":null,"last_edi_1":"NaT","st_area_sh":329200.241169,"st_length_":2073.40588871},"geometry":{"type":"Polygon","coordinates":[[[-0.12628187908879795,45.259951364393324],[-0.12792177381663694,45.26039023296313],[-0.12244814022213706,45.264650428031814],[-0.12176277439086064,45.2640208065454],[-0.1217273312299709,45.261387320399535],[-0.12628187908879795,45.259951364393324]]]}},{"id":"7083","type":"Feature","properties":{"id":"017_062024_006521","dept":"017","source":"Zonage local","idsource":"FORESTIE0000000001711140","zonage":"1","diffusion":"Non","url":"https://www.charente-maritime.gouv.fr/Actions-de-l-Etat/Securite/Securite-civile/Prevention-des-incendies-de-foret/Obligations-Legales-de-Debroussaillement-OLD","date_integ":"01/06/24","dat_ap_old":"02/12/20","fid_1":0.0,"id_m":0.0,"nom_massif":null,"layer":null,"path":null,"buff_dist":200.0,"orig_fid":"7095","globalid":"{8F17BF6B-B720-4940-A39B-AE2BAD0E990E}","created_us":null,"created_da":"NaT","last_edite":null,"last_edi_1":"NaT","st_area_sh":344118.134882,"st_length_":2124.84579903},"geometry":{"type":"Polygon","coordinates":[[[-0.12094693649461949,45.260506858160845],[-0.12207992669795018,45.26262172223364],[-0.12180270372222385,45.26423794267196],[-0.11942003616518435,45.26589812800021],[-0.11691896348950012,45.26614859559308],[-0.11532480034398616,45.26535332130985],[-0.11495347049510644,45.264628864615425],[-0.12094693649461949,45.260506858160845]]]}},{"id":"3751","type":"Feature","properties":{"id":"017_062024_002813","dept":"017","source":"Zonage local","idsource":"FORESTIE0000000001700020","zonage":"1","diffusion":"Non","url":"https://www.charente-maritime.gouv.fr/Actions-de-l-Etat/Securite/Securite-civile/Prevention-des-incendies-de-foret/Obligations-Legales-de-Debroussaillement-OLD","date_integ":"01/06/24","dat_ap_old":"02/12/20","fid_1":0.0,"id_m":0.0,"nom_massif":null,"layer":null,"path":null,"buff_dist":200.0,"orig_fid":"3759","globalid":"{C92D9F7D-E9E6-4E2F-B9E5-7A42A40EA62E}","created_us":null,"created_da":"NaT","last_edite":null,"last_edi_1":"NaT","st_area_sh":454922.137739,"st_length_":2485.69036933},"geometry":{"type":"Polygon","coordinates":[[[-0.12236845118875128,45.260787517024724],[-0.12551574027541382,45.262374156752706],[-0.11821922128599165,45.26741842594063],[-0.1174064895782712,45.26701301174685],[-0.11673147209366475,45.26443161083951],[-0.12054659812376733,45.261281798476936],[-0.12236845118875128,45.260787517024724]]]}},{"id":"6805","type":"Feature","properties":{"id":"017_062024_006197","dept":"017","source":"Zonage local","idsource":"FORESTIE0000000001701875","zonage":"1","diffusion":"Non","url":"https://www.charente-maritime.gouv.fr/Actions-de-l-Etat/Securite/Securite-civile/Prevention-des-incendies-de-foret/Obligations-Legales-de-Debroussaillement-OLD","date_integ":"01/06/24","dat_ap_old":"02/12/20","fid_1":0.0,"id_m":0.0,"nom_massif":null,"layer":null,"path":null,"buff_dist":200.0,"orig_fid":"6817","globalid":"{8D1324E5-F077-480D-8A1F-C1A643F12FB5}","created_us":null,"created_da":"NaT","last_edite":null,"last_edi_1":"NaT","st_area_sh":304153.428292,"st_length_":1976.88335767},"geometry":{"type":"Polygon","coordinates":[[[-0.11841598409332828,45.26239642665943],[-0.11969436648582435,45.26348381200972],[-0.11977509420034325,45.26498047752976],[-0.11735206229403178,45.26718526331241],[-0.11516548261585939,45.26751716869086],[-0.11239496041659362,45.26628342427242],[-0.11841598409332828,45.26239642665943]]]}},{"id":"4734","type":"Feature","properties":{"id":"017_062024_003797","dept":"017","source":"Zonage local","idsource":"FORESTIE0000000001700004","zonage":"1","diffusion":"Non","url":"https://www.charente-maritime.gouv.fr/Actions-de-l-Etat/Securite/Securite-civile/Prevention-des-incendies-de-foret/Obligations-Legales-de-Debroussaillement-OLD","date_integ":"01/06/24","dat_ap_old":"02/12/20","fid_1":0.0,"id_m":0.0,"nom_massif":null,"layer":null,"path":null,"buff_dist":200.0,"orig_fid":"4742","globalid":"{C6A6C85F-383B-4372-B51B-95119066D594}","created_us":null,"created_da":"NaT","last_edite":null,"last_edi_1":"NaT","st_area_sh":962512.469649,"st_length_":4171.87508091},"geometry":{"type":"Polygon","coordinates":[[[-0.1257285906146349,45.25881755366041],[-0.12837065416723728,45.25999811821875],[-0.1158832189077917,45.26896644835484],[-0.11521752925695171,45.26841066531234],[-0.11426211486747856,45.2664412049735],[-0.11479750590166753,45.265366221704426],[-0.11648442312692725,45.264605790396956],[-0.12030598869471104,45.264559411734155],[-0.12022353987332633,45.26154020453856],[-0.12179882626231704,45.26019601477032],[-0.1257285906146349,45.25881755366041]]]}},{"id":"6700","type":"Feature","properties":{"id":"017_062024_006092","dept":"017","source":"Zonage local","idsource":"FORESTIE0000000001701875","zonage":"1","diffusion":"Non","url":"https://www.charente-maritime.gouv.fr/Actions-de-l-Etat/Securite/Securite-civile/Prevention-des-incendies-de-foret/Obligations-Legales-de-Debroussaillement-OLD","date_integ":"01/06/24","dat_ap_old":"02/12/20","fid_1":0.0,"id_m":0.0,"nom_massif":null,"layer":null,"path":null,"buff_dist":200.0,"orig_fid":"6712","globalid":"{0A9978E4-CDE0-40D0-BD16-2CA744AB1866}","created_us":null,"created_da":"NaT","last_edite":null,"last_edi_1":"NaT","st_area_sh":837415.41029,"st_length_":3819.02167309},"geometry":{"type":"Polygon","coordinates":[[[-0.12371707430328534,45.26369724723978],[-0.12445226422460137,45.26217979613186],[-0.1271294889091471,45.26106482040957],[-0.1250284911756337,45.26275351263754],[-0.12371707430328534,45.26369724723978]]]}},{"id":"3752","type":"Feature","properties":{"id":"017_062024_002814","dept":"017","source":"Zonage local","idsource":"FORESTIE0000000001700020","zonage":"1","diffusion":"Non","url":"https://www.charente-maritime.gouv.fr/Actions-de-l-Etat/Securite/Securite-civile/Prevention-des-incendies-de-foret/Obligations-Legales-de-Debroussaillement-OLD","date_integ":"01/06/24","dat_ap_old":"02/12/20","fid_1":0.0,"id_m":0.0,"nom_massif":null,"layer":null,"path":null,"buff_dist":200.0,"orig_fid":"3760","globalid":"{9451B545-5B85-408B-A909-41FAB7D0DBEC}","created_us":null,"created_da":"NaT","last_edite":null,"last_edi_1":"NaT","st_area_sh":678662.720158,"st_length_":3156.67487436},"geometry":{"type":"Polygon","coordinates":[[[-0.12375245083221925,45.26146357834281],[-0.12594189403869013,45.26203644639409],[-0.12116812065358626,45.26552745392239],[-0.12068763144937888,45.264417440230844],[-0.1212964146963365,45.262551515262984],[-0.12375245083221925,45.26146357834281]]]}},{"id":"6703","type":"Feature","properties":{"id":"017_062024_006095","dept":"017","source":"Zonage local","idsource":"FORESTIE0000000001701875","zonage":"1","diffusion":"Non","url":"https://www.charente-maritime.gouv.fr/Actions-de-l-Etat/Securite/Securite-civile/Prevention-des-incendies-de-foret/Obligations-Legales-de-Debroussaillement-OLD","date_integ":"01/06/24","dat_ap_old":"02/12/20","fid_1":0.0,"id_m":0.0,"nom_massif":null,"layer":null,"path":null,"buff_dist":200.0,"orig_fid":"6715","globalid":"{5A757063-E7A4-443D-B790-2969E4CA0EC4}","created_us":null,"created_da":"NaT","last_edite":null,"last_edi_1":"NaT","st_area_sh":541296.267947,"st_length_":2839.65681153},"geometry":{"type":"Polygon","coordinates":[[[-0.11856990353072129,45.26720335191073],[-0.11935021185000562,45.26570868301478],[-0.12192176833662842,45.265015791038024],[-0.11856990353072129,45.26720335191073]]]}},{"id":"3","type":"Feature","properties":{"id":"016_062023_000001","dept":"016","source":"Zonage local","idsource":"16052023000004","zonage":"1","diffusion":"Oui","url":"https://www.charente.gouv.fr/Actions-de-l-Etat/Agriculture-foret-et-preservation-des-ENAF/Foret","date_integ":"30/06/23","dat_ap_old":"12/06/23","fid_1":0.0,"id_m":0.0,"nom_massif":null,"layer":null,"path":null,"buff_dist":200.0,"orig_fid":"9","globalid":"{511A1CBC-69FC-4FCC-9B50-5403EBE4677D}","created_us":null,"created_da":"NaT","last_edite":null,"last_edi_1":"NaT","st_area_sh":242696142.403,"st_length_":96218.8751091},"geometry":{"type":"Polygon","coordinates":[[[-0.11556676427964713,45.26423469592092],[-0.11564944610237665,45.26911762394545],[-0.07005177683072027,45.298172963715594],[-0.06042093795729022,45.30530816291057],[-0.04380716589913284,45.32108009322237],[-0.036335666626451595,45.33066308315255],[-0.03341153479357067,45.32648124089178],[-0.033961803212621815,45.32571157437082],[-0.04051867383450601,45.3180206040125],[-0.056472611368683055,45.3029623575852],[-0.06654172875889504,45.295502969498386],[-0.11556676427964713,45.26423469592092]]]}},{"id":"8216","type":"Feature","properties":{"id":"16052023000004","dept":"016","source":null,"idsource":null,"zonage":"2","diffusion":null,"url":"https://www.charente.gouv.fr/Actions-de-l-Etat/Agriculture-foret-et-preservation-des-ENAF/Foret","date_integ":null,"dat_ap_old":"12/06/23","fid_1":9.0,"id_m":4.0,"nom_massif":"Massif de la Double et Bois du Château de Saint-Maigrin","layer":"massif_double_2024_correction","path":"T:/SEAR/FORET/DFCI/___OLD/QGIS/Couches QGIS/massif_double_2024_correction.shp","buff_dist":200.0,"orig_fid":"8216","globalid":"{1D9147F4-9456-48E4-9201-1E51B4189F4F}","created_us":null,"created_da":"NaT","last_edite":null,"last_edi_1":"NaT","st_area_sh":250649588.532,"st_length_":128539.551806},"geometry":{"type":"Polygon","coordinates":[[[-0.036796808360926574,45.32625020783227],[-0.03546853525361317,45.324407413842],[-0.03763602694196573,45.32111547810946],[-0.05899513236296647,45.300915458496114],[-0.11570834797135335,45.26414041558029],[-0.11591847355308627,45.26894364621853],[-0.06599000177198792,45.30097018678185],[-0.055411912684339246,45.30982205730783],[-0.04418907889685263,45.32068134707057],[-0.03882220283066154,45.327010487370416],[-0.036796808360926574,45.32625020783227]]]}},{"id":"8206","type":"Feature","properties":{"id":"016_062023_000008","dept":"016","source":"Zonage local","idsource":"16052023000009","zonage":"1","diffusion":"Oui","url":"https://www.charente.gouv.fr/Actions-de-l-Etat/Agriculture-foret-et-preservation-des-ENAF/Foret","date_integ":"30/06/23","dat_ap_old":"12/06/23","fid_1":0.0,"id_m":0.0,"nom_massif":null,"layer":null,"path":null,"buff_dist":200.0,"orig_fid":"7","globalid":"{2A6926B1-26C4-4492-9085-07C531C89D82}","created_us":null,"created_da":"NaT","last_edite":null,"last_edi_1":"NaT","st_area_sh":25445540.6665,"st_length_":22852.3202361},"geometry":{"type":"Polygon","coordinates":[[[-0.007218857178259963,45.40121240713592],[-0.012180467266058209,45.402429537583025],[-8.721760068487016e-07,45.417636405017255],[0.007013277372336589,45.419057559210096],[-0.007218857178259963,45.40121240713592]]]}},{"id":"8219","type":"Feature","properties":{"id":"16052023000009","dept":"016","source":null,"idsource":null,"zonage":"2","diffusion":null,"url":"https://www.charente.gouv.fr/Actions-de-l-Etat/Agriculture-foret-et-preservation-des-ENAF/Foret","date_integ":null,"dat_ap_old":"12/06/23","fid_1":4.0,"id_m":9.0,"nom_massif":"Bois de l'Homme Mort, Château de la Faye et Brie-sous-Barbezieux","layer":"Massif_bois_de_l_homme_mort_2024_correction","path":"T:/SEAR/FORET/DFCI/___OLD/QGIS/Couches QGIS/Massif_bois_de_l_homme_mort.shp","buff_dist":200.0,"orig_fid":"8220","globalid":"{E3EB2DB3-4DF6-445B-BB6A-3BCFF01F48AD}","created_us":null,"created_da":"NaT","last_edite":null,"last_edi_1":"NaT","st_area_sh":31218406.995,"st_length_":35745.0974201},"geometry":{"type":"Polygon","coordinates":[[[-0.003519448880215232,45.413244256135016],[0.003327414014125397,45.41437881638124],[-0.009421366287592735,45.39846119638047],[-0.014976925050343395,45.398916170844416],[-0.003519448880215232,45.413244256135016]]]}},{"id":"8222","type":"Feature","properties":{"id":"13112024000001","dept":"016","source":null,"idsource":null,"zonage":"0","diffusion":null,"url":"https://www.charente.gouv.fr/Actions-de-l-Etat/Agriculture-foret-et-preservation-des-ENAF/Foret","date_integ":null,"dat_ap_old":null,"fid_1":10.0,"id_m":0.0,"nom_massif":"Massif de la Boixe","layer":null,"path":null,"buff_dist":200.0,"orig_fid":"8223","globalid":"{524B42E8-6F57-4F6C-855B-2F8F488ACF41}","created_us":null,"created_da":"NaT","last_edite":null,"last_edi_1":"NaT","st_area_sh":30237873.4854,"st_length_":30887.0697374},"geometry":{"type":"MultiPolygon","coordinates":[[[[0.11150897698940786,45.85185345077671],[0.11108790628482926,45.852818682028854],[0.1086399006091861,45.85376582436477],[0.10825984921269019,45.855275765524254],[0.11008062185284379,45.85780433071026],[0.11407620871310474,45.85801390996196],[0.11150897698940786,45.85185345077671]]],[[[0.12096398424781776,45.871622672229975],[0.1206483299014134,45.874346873257146],[0.12421191131133336,45.8779089099232],[0.12096398424781776,45.871622672229975]]]]}},{"id":"482","type":"Feature","properties":{"id":"086_012023_000013","dept":"086","source":"Zonage local","idsource":"86000014","zonage":"2","diffusion":"Oui","url":"https://www.vienne.gouv.fr/Actions-de-l-Etat/Agriculture-foret-et-developpement-rural/Foret/Arrete-relatif-aux-obligations-de-debroussaillement","date_integ":"01/03/23","dat_ap_old":"29/05/15","fid_1":0.0,"id_m":0.0,"nom_massif":null,"layer":null,"path":null,"buff_dist":200.0,"orig_fid":"488","globalid":"{853EB009-1B38-44CC-B083-FAC793BFFFAF}","created_us":null,"created_da":"NaT","last_edite":null,"last_edi_1":"NaT","st_area_sh":44007420.462,"st_length_":36853.0895083},"geometry":{"type":"Polygon","coordinates":[[[0.30114053411235575,46.595041412259114],[0.3056731277273462,46.59309817473955],[0.29846365603525193,46.58636815230418],[0.2967025538497133,46.58664885915411],[0.29481438732604237,46.58340474489101],[0.29210829593929016,46.58249808423507],[0.2890933024288902,46.58270490068059],[0.30114053411235575,46.595041412259114]]]}},{"id":"479","type":"Feature","properties":{"id":"086_012023_000007","dept":"086","source":"Zonage local","idsource":"86000008","zonage":"2","diffusion":"Oui","url":"https://www.vienne.gouv.fr/Actions-de-l-Etat/Agriculture-foret-et-developpement-rural/Foret/Arrete-relatif-aux-obligations-de-debroussaillement","date_integ":"01/03/23","dat_ap_old":"29/05/15","fid_1":0.0,"id_m":0.0,"nom_massif":null,"layer":null,"path":null,"buff_dist":200.0,"orig_fid":"485","globalid":"{2105076D-7CD7-48AE-A04D-527FC4BAF903}","created_us":null,"created_da":"NaT","last_edite":null,"last_edi_1":"NaT","st_area_sh":10970827.0562,"st_length_":14199.7515035},"geometry":{"type":"Polygon","coordinates":[[[0.39616262614894754,46.744737904597514],[0.3911977992253534,46.74659070771419],[0.3917456768882211,46.75901989524131],[0.3943260483902761,46.759635539484364],[0.39687845782586506,46.76140187569831],[0.3972010625907483,46.75228252600705],[0.39616262614894754,46.744737904597514]]]}},{"id":"471","type":"Feature","properties":{"id":"086_012023_000009","dept":"086","source":"Zonage local","idsource":"86000011","zonage":"2","diffusion":"Oui","url":"https://www.vienne.gouv.fr/Actions-de-l-Etat/Agriculture-foret-et-developpement-rural/Foret/Arrete-relatif-aux-obligations-de-debroussaillement","date_integ":"01/03/23","dat_ap_old":"29/05/15","fid_1":0.0,"id_m":0.0,"nom_massif":null,"layer":null,"path":null,"buff_dist":200.0,"orig_fid":"477","globalid":"{D0533A92-5ACF-450B-8A89-E6D4088A9AD0}","created_us":null,"created_da":"NaT","last_edite":null,"last_edi_1":"NaT","st_area_sh":65015005.6685,"st_length_":62201.2612129},"geometry":{"type":"MultiPolygon","coordinates":[[[[0.3964979973194303,46.84620656903284],[0.3967731552322503,46.846754612664746],[0.3970637986064588,46.84714184707198],[0.3964979973194303,46.84620656903284]]],[[[0.3974202522828052,46.84776419966176],[0.396647896025277,46.8497432554368],[0.3972391820685226,46.85151266439065],[0.39944707638072036,46.85331030485322],[0.40197890731343255,46.85402448581279],[0.3974202522828052,46.84776419966176]]]]}}]}