{"type":"FeatureCollection","features":[{"id":"723","type":"Feature","properties":{"libelle":"PAM-2984-1","axe":"LGV","pk_ef":"298+418","pk_gc":"298+418","decalage":"28","commentair":null,"_sp_url":null,"_ph_url":"data/photos/pam/0000.jpg"},"geometry":{"type":"Point","coordinates":[-0.46563647005249564,44.940331490113124]}},{"id":"1174","type":"Feature","properties":{"libelle":"PAM-2982-1","axe":"LGV","pk_ef":"298+156","pk_gc":"298+156","decalage":"18","commentair":null,"_sp_url":null,"_ph_url":"data/photos/pam/0001.jpg"},"geometry":{"type":"Point","coordinates":[-0.4636352498179002,44.94221884015712]}},{"id":"247","type":"Feature","properties":{"libelle":"PAM-2981-1","axe":"LGV","pk_ef":"298+146","pk_gc":"298+146","decalage":"18","commentair":null,"_sp_url":null,"_ph_url":"data/photos/pam/0002.jpg"},"geometry":{"type":"Point","coordinates":[-0.4635583402001942,44.942286199829255]}},{"id":"278","type":"Feature","properties":{"libelle":"PAM-2982-2","axe":"LGV","pk_ef":"298+155","pk_gc":"298+155","decalage":"-18","commentair":null,"_sp_url":null,"_ph_url":"data/photos/pam/0003.jpg"},"geometry":{"type":"Point","coordinates":[-0.4639859505841833,44.94242439002252]}},{"id":"1099","type":"Feature","properties":{"libelle":"PAM-2981-2","axe":"LGV","pk_ef":"298+145","pk_gc":"298+145","decalage":"-18","commentair":null,"_sp_url":null,"_ph_url":"data/photos/pam/0004.jpg"},"geometry":{"type":"Point","coordinates":[-0.4638962402999312,44.94249724003763]}},{"id":"1207","type":"Feature","properties":{"libelle":"PAM-2980-3","axe":"LGV","pk_ef":"298+005","pk_gc":"298+005","decalage":"15","commentair":null,"_sp_url":null,"_ph_url":"data/photos/pam/0005.jpg"},"geometry":{"type":"Point","coordinates":[-0.4624527296632514,44.94328779036651]}},{"id":"468","type":"Feature","properties":{"libelle":"PAM-2980-1","axe":"LGV","pk_ef":"297+994","pk_gc":"297+994","decalage":"15","commentair":null,"_sp_url":null,"_ph_url":"data/photos/pam/0006.jpg"},"geometry":{"type":"Point","coordinates":[-0.46236902969012444,44.94336678018214]}},{"id":"450","type":"Feature","properties":{"libelle":"PAM-2980-4","axe":"LGV","pk_ef":"298+004","pk_gc":"298+004","decalage":"-15","commentair":null,"_sp_url":null,"_ph_url":"data/photos/pam/0007.jpg"},"geometry":{"type":"Point","coordinates":[-0.4627466093921707,44.943458870272345]}},{"id":"971","type":"Feature","properties":{"libelle":"PAM-2980-2","axe":"LGV","pk_ef":"297+993","pk_gc":"297+993","decalage":"-15","commentair":null,"_sp_url":null,"_ph_url":"data/photos/pam/0008.jpg"},"geometry":{"type":"Point","coordinates":[-0.4626599695982768,44.94353767976248]}},{"id":"201","type":"Feature","properties":{"libelle":"PAM-2978-2","axe":"LGV","pk_ef":"297+840","pk_gc":"297+840","decalage":"-23","commentair":null,"_sp_url":null,"_ph_url":"data/photos/pam/0009.jpg"},"geometry":{"type":"Point","coordinates":[-0.4615094696664154,44.94465711983026]}},{"id":"493","type":"Feature","properties":{"libelle":"PAM-2976-3","axe":"LGV","pk_ef":"297+642","pk_gc":"297+642","decalage":"17","commentair":null,"_sp_url":null,"_ph_url":"data/photos/pam/0010.jpg"},"geometry":{"type":"Point","coordinates":[-0.4595291304167462,44.945805150230754]}},{"id":"673","type":"Feature","properties":{"libelle":"PAM-2976-1","axe":"LGV","pk_ef":"297+638","pk_gc":"297+638","decalage":"17","commentair":null,"_sp_url":null,"_ph_url":"data/photos/pam/0011.jpg"},"geometry":{"type":"Point","coordinates":[-0.4594892398311856,44.94583372994366]}},{"id":"453","type":"Feature","properties":{"libelle":"PAM-2960-1","axe":"LGV","pk_ef":"296+038","pk_gc":"296+038","decalage":"24","commentair":null,"_sp_url":null,"_ph_url":"data/photos/pam/0012.jpg"},"geometry":{"type":"Point","coordinates":[-0.4466053401758418,44.956957929781225]}},{"id":"409","type":"Feature","properties":{"libelle":"PAM-2955-2","axe":"LGV","pk_ef":"295+481","pk_gc":"295+481","decalage":"-19","commentair":null,"_sp_url":null,"_ph_url":"data/photos/pam/0013.jpg"},"geometry":{"type":"Point","coordinates":[-0.4425656193756981,44.96108795970287]}},{"id":"754","type":"Feature","properties":{"libelle":"PAM-2951-1","axe":"LGV","pk_ef":"295+073","pk_gc":"295+073","decalage":"12","commentair":null,"_sp_url":null,"_ph_url":"data/photos/pam/0014.jpg"},"geometry":{"type":"Point","coordinates":[-0.43918053057289574,44.963877100201294]}},{"id":"768","type":"Feature","properties":{"libelle":"PAM-2951-2","axe":"LGV","pk_ef":"295+072","pk_gc":"295+072","decalage":"-12","commentair":null,"_sp_url":null,"_ph_url":"data/photos/pam/0015.jpg"},"geometry":{"type":"Point","coordinates":[-0.4394229402419065,44.964006749991576]}},{"id":"760","type":"Feature","properties":{"libelle":"PAM-2949-1","axe":"LGV","pk_ef":"294+943","pk_gc":"294+943","decalage":"6","commentair":null,"_sp_url":null,"_ph_url":"data/photos/pam/0016.jpg"},"geometry":{"type":"Point","coordinates":[-0.4383476005372215,44.9648946698622]}},{"id":"675","type":"Feature","properties":{"libelle":"PAM-2949-2","axe":"LGV","pk_ef":"294+943","pk_gc":"294+943","decalage":"-17","commentair":null,"_sp_url":null,"_ph_url":"data/photos/pam/0017.jpg"},"geometry":{"type":"Point","coordinates":[-0.43859769011620997,44.965002870187874]}},{"id":"62","type":"Feature","properties":{"libelle":"PAM-2947-1","axe":"LGV","pk_ef":"294+723","pk_gc":"294+723","decalage":"12","commentair":null,"_sp_url":null,"_ph_url":"data/photos/pam/0018.jpg"},"geometry":{"type":"Point","coordinates":[-0.4368826697790216,44.96657956999553]}},{"id":"966","type":"Feature","properties":{"libelle":"PAM-2947-2","axe":"LGV","pk_ef":"294+720","pk_gc":"294+720","decalage":"-12","commentair":null,"_sp_url":null,"_ph_url":"data/photos/pam/0019.jpg"},"geometry":{"type":"Point","coordinates":[-0.4371314905233575,44.96670752993141]}},{"id":"1003","type":"Feature","properties":{"libelle":"PAM-2944-4","axe":"LGV","pk_ef":"294+392","pk_gc":"294+392","decalage":"-24","commentair":null,"_sp_url":null,"_ph_url":"data/photos/pam/0020.jpg"},"geometry":{"type":"Point","coordinates":[-0.4354105297229123,44.96938478023884]}},{"id":"1249","type":"Feature","properties":{"libelle":"PAM-2944-2","axe":"LGV","pk_ef":"294+379","pk_gc":"294+379","decalage":"-59","commentair":null,"_sp_url":null,"_ph_url":"data/photos/pam/0021.jpg"},"geometry":{"type":"Point","coordinates":[-0.43572937966797326,44.96962647006684]}},{"id":"742","type":"Feature","properties":{"libelle":"PAM-2940-2","axe":"LGV","pk_ef":"294+044","pk_gc":"294+044","decalage":"-70","commentair":null,"_sp_url":null,"_ph_url":"data/photos/pam/0022.jpg"},"geometry":{"type":"Point","coordinates":[-0.4340603500528355,44.97240068988981]}},{"id":"103","type":"Feature","properties":{"libelle":"PAM-2940-4","axe":"LGV","pk_ef":"294+046","pk_gc":"294+046","decalage":"-76","commentair":null,"_sp_url":null,"_ph_url":"data/photos/pam/0023.jpg"},"geometry":{"type":"Point","coordinates":[-0.43414022965408366,44.97240559976631]}},{"id":"937","type":"Feature","properties":{"libelle":"PAM-2939-1","axe":"LGV","pk_ef":"293+933","pk_gc":"293+933","decalage":"50","commentair":null,"_sp_url":null,"_ph_url":"data/photos/pam/0024.jpg"},"geometry":{"type":"Point","coordinates":[-0.43209098986578853,44.97284696977842]}},{"id":"593","type":"Feature","properties":{"libelle":"PAM-2939-2","axe":"LGV","pk_ef":"293+933","pk_gc":"293+933","decalage":"-77","commentair":null,"_sp_url":null,"_ph_url":"data/photos/pam/0025.jpg"},"geometry":{"type":"Point","coordinates":[-0.4335358697217664,44.97333387982707]}},{"id":"1153","type":"Feature","properties":{"libelle":"PAM-2931-2","axe":"LGV","pk_ef":"293+075","pk_gc":"293+075","decalage":"-28","commentair":null,"_sp_url":null,"_ph_url":"data/photos/pam/0026.jpg"},"geometry":{"type":"Point","coordinates":[-0.42892154969215285,44.9802587502977]}},{"id":"254","type":"Feature","properties":{"libelle":"PAM-2929-2","axe":"LGV","pk_ef":"292+864","pk_gc":"292+864","decalage":"-40","commentair":null,"_sp_url":null,"_ph_url":"data/photos/pam/0027.jpg"},"geometry":{"type":"Point","coordinates":[-0.4283672704290738,44.98210786966048]}},{"id":"989","type":"Feature","properties":{"libelle":"PAM-2921-1","axe":"LGV","pk_ef":"292+114","pk_gc":"292+114","decalage":"62","commentair":null,"_sp_url":null,"_ph_url":"data/photos/pam/0028.jpg"},"geometry":{"type":"Point","coordinates":[-0.4257033501662322,44.98866675000509]}},{"id":"1103","type":"Feature","properties":{"libelle":"PAM-2921-4","axe":"LGV","pk_ef":"292+088","pk_gc":"292+088","decalage":"-80","commentair":null,"_sp_url":null,"_ph_url":"data/photos/pam/0029.jpg"},"geometry":{"type":"Point","coordinates":[-0.42748493982435504,44.98896134014526]}},{"id":"893","type":"Feature","properties":{"libelle":"PAM-2921-2","axe":"LGV","pk_ef":"292+078","pk_gc":"292+078","decalage":"-79","commentair":null,"_sp_url":null,"_ph_url":"data/photos/pam/0030.jpg"},"geometry":{"type":"Point","coordinates":[-0.42746499049024367,44.989053109884644]}},{"id":"564","type":"Feature","properties":{"libelle":"PAM-2920-1","axe":"LGV","pk_ef":"292+017","pk_gc":"292+017","decalage":"149","commentair":null,"_sp_url":null,"_ph_url":"data/photos/pam/0031.jpg"},"geometry":{"type":"Point","coordinates":[-0.42454047967055947,44.98950808958252]}},{"id":"1086","type":"Feature","properties":{"libelle":"PAM-2920-2","axe":"LGV","pk_ef":"292+017","pk_gc":"292+017","decalage":"-80","commentair":null,"_sp_url":null,"_ph_url":"data/photos/pam/0032.jpg"},"geometry":{"type":"Point","coordinates":[-0.42743847960679365,44.989598620302324]}},{"id":"305","type":"Feature","properties":{"libelle":"PAM-2915-5","axe":"LGV","pk_ef":"291+535","pk_gc":"291+535","decalage":"28","commentair":null,"_sp_url":null,"_ph_url":"data/photos/pam/0033.jpg"},"geometry":{"type":"Point","coordinates":[-0.4258794697049501,44.99389865986765]}},{"id":"432","type":"Feature","properties":{"libelle":"PAM-2915-3","axe":"LGV","pk_ef":"291+518","pk_gc":"291+518","decalage":"77","commentair":null,"_sp_url":null,"_ph_url":"data/photos/pam/0034.jpg"},"geometry":{"type":"Point","coordinates":[-0.4252479996926936,44.994034959884864]}},{"id":"1042","type":"Feature","properties":{"libelle":"PAM-2915-1","axe":"LGV","pk_ef":"291+503","pk_gc":"291+503","decalage":"28","commentair":null,"_sp_url":null,"_ph_url":"data/photos/pam/0035.jpg"},"geometry":{"type":"Point","coordinates":[-0.42586262936234015,44.994183889714016]}},{"id":"1152","type":"Feature","properties":{"libelle":"PAM-2914-1","axe":"LGV","pk_ef":"291+378","pk_gc":"291+378","decalage":"21","commentair":null,"_sp_url":null,"_ph_url":"data/photos/pam/0036.jpg"},"geometry":{"type":"Point","coordinates":[-0.4258960494969698,44.99530736007463]}},{"id":"30","type":"Feature","properties":{"libelle":"PAM-2913-1","axe":"LGV","pk_ef":"291+312","pk_gc":"291+312","decalage":"58","commentair":null,"_sp_url":null,"_ph_url":"data/photos/pam/0037.jpg"},"geometry":{"type":"Point","coordinates":[-0.4253827995050498,44.99587789963016]}},{"id":"766","type":"Feature","properties":{"libelle":"PAM-2913-2","axe":"LGV","pk_ef":"291+294","pk_gc":"291+294","decalage":"-31","commentair":null,"_sp_url":null,"_ph_url":"data/photos/pam/0038.jpg"},"geometry":{"type":"Point","coordinates":[-0.42649001941989884,44.99608623041521]}},{"id":"390","type":"Feature","properties":{"libelle":"PAM-2910-2","axe":"LGV","pk_ef":"290+975","pk_gc":"290+975","decalage":"-25","commentair":null,"_sp_url":null,"_ph_url":"data/photos/pam/0039.jpg"},"geometry":{"type":"Point","coordinates":[-0.426014449730539,44.99895576003001]}},{"id":"1097","type":"Feature","properties":{"libelle":"PAM-2907-2","axe":"LGV","pk_ef":"290+731","pk_gc":"290+731","decalage":"-21","commentair":null,"_sp_url":null,"_ph_url":"data/photos/pam/0040.jpg"},"geometry":{"type":"Point","coordinates":[-0.4254360504707221,45.00113047978908]}},{"id":"195","type":"Feature","properties":{"libelle":"PAM-2899-1","axe":"LGV","pk_ef":"289+945","pk_gc":"289+945","decalage":"85","commentair":null,"_sp_url":null,"_ph_url":"data/photos/pam/0041.jpg"},"geometry":{"type":"Point","coordinates":[-0.4212968296540997,45.00758876994459]}},{"id":"977","type":"Feature","properties":{"libelle":"PAM-2900-1","axe":"LGV","pk_ef":"289+954","pk_gc":"289+954","decalage":"18","commentair":null,"_sp_url":null,"_ph_url":"data/photos/pam/0042.jpg"},"geometry":{"type":"Point","coordinates":[-0.4221314499525007,45.00772794977616]}},{"id":"974","type":"Feature","properties":{"libelle":"PAM-2894-1","axe":"LGV","pk_ef":"289+437","pk_gc":"289+437","decalage":"19","commentair":null,"_sp_url":null,"_ph_url":"data/photos/pam/0043.jpg"},"geometry":{"type":"Point","coordinates":[-0.41995962004377213,45.01212871022783]}},{"id":"521","type":"Feature","properties":{"libelle":"PAM-2893-3","axe":"LGV","pk_ef":"289+300","pk_gc":"289+300","decalage":"40","commentair":null,"_sp_url":null,"_ph_url":"data/photos/pam/0044.jpg"},"geometry":{"type":"Point","coordinates":[-0.419239710581016,45.01328263035579]}},{"id":"176","type":"Feature","properties":{"libelle":"PAM-2893-1","axe":"LGV","pk_ef":"289+297","pk_gc":"289+297","decalage":"26","commentair":null,"_sp_url":null,"_ph_url":"data/photos/pam/0045.jpg"},"geometry":{"type":"Point","coordinates":[-0.4194094599147205,45.01334026976393]}},{"id":"645","type":"Feature","properties":{"libelle":"PAM-2882-1","axe":"LGV","pk_ef":"288+235","pk_gc":"288+235","decalage":"43","commentair":null,"_sp_url":null,"_ph_url":"data/photos/pam/0046.jpg"},"geometry":{"type":"Point","coordinates":[-0.41663192035747276,45.02270735988905]}},{"id":"376","type":"Feature","properties":{"libelle":"PAM-2878-3","axe":"LGV","pk_ef":"287+801","pk_gc":"287+801","decalage":"26","commentair":null,"_sp_url":null,"_ph_url":"data/photos/pam/0047.jpg"},"geometry":{"type":"Point","coordinates":[-0.41558944955304283,45.02652177019972]}},{"id":"542","type":"Feature","properties":{"libelle":"PAM-2878-1","axe":"LGV","pk_ef":"287+774","pk_gc":"287+774","decalage":"20","commentair":null,"_sp_url":null,"_ph_url":"data/photos/pam/0048.jpg"},"geometry":{"type":"Point","coordinates":[-0.41556931030188055,45.02676864967231]}},{"id":"679","type":"Feature","properties":{"libelle":"PAM-2851-1","axe":"LGV","pk_ef":"285+106","pk_gc":"285+106","decalage":"24","commentair":null,"_sp_url":null,"_ph_url":"data/photos/pam/0049.jpg"},"geometry":{"type":"Point","coordinates":[-0.4017581296701316,45.04865892998191]}},{"id":"68","type":"Feature","properties":{"libelle":"PAM-2849-1","axe":"LGV","pk_ef":"284+885","pk_gc":"284+885","decalage":"48","commentair":null,"_sp_url":null,"_ph_url":"data/photos/pam/0050.jpg"},"geometry":{"type":"Point","coordinates":[-0.40037243974819275,45.05040428966588]}},{"id":"361","type":"Feature","properties":{"libelle":"PAM-2848-1","axe":"LGV","pk_ef":"284+839","pk_gc":"284+839","decalage":"21","commentair":null,"_sp_url":null,"_ph_url":"data/photos/pam/0051.jpg"},"geometry":{"type":"Point","coordinates":[-0.40045439952040457,45.05088007040552]}},{"id":"785","type":"Feature","properties":{"libelle":"PAM-2836-1","axe":"LGV","pk_ef":"283+575","pk_gc":"283+575","decalage":"67","commentair":null,"_sp_url":null,"_ph_url":"data/photos/pam/0052.jpg"},"geometry":{"type":"Point","coordinates":[-0.39355263008146385,45.06116407006342]}},{"id":"522","type":"Feature","properties":{"libelle":"PAM-2834-1","axe":"LGV","pk_ef":"283+392","pk_gc":"283+392","decalage":"20","commentair":null,"_sp_url":null,"_ph_url":"data/photos/pam/0053.jpg"},"geometry":{"type":"Point","coordinates":[-0.3931820695638967,45.062843180227176]}},{"id":"602","type":"Feature","properties":{"libelle":"PAM-2818-3","axe":"LGV","pk_ef":"281+798","pk_gc":"281+798","decalage":"29","commentair":null,"_sp_url":null,"_ph_url":"data/photos/pam/0054.jpg"},"geometry":{"type":"Point","coordinates":[-0.38365267942011777,45.075447190163814]}},{"id":"919","type":"Feature","properties":{"libelle":"PAM-2818-1","axe":"LGV","pk_ef":"281+790","pk_gc":"281+790","decalage":"17","commentair":null,"_sp_url":null,"_ph_url":"data/photos/pam/0055.jpg"},"geometry":{"type":"Point","coordinates":[-0.3837283506049583,45.075565110344826]}},{"id":"469","type":"Feature","properties":{"libelle":"PAM-2817-1","axe":"LGV","pk_ef":"281+657","pk_gc":"281+657","decalage":"68","commentair":null,"_sp_url":null,"_ph_url":"data/photos/pam/0056.jpg"},"geometry":{"type":"Point","coordinates":[-0.3822787399810626,45.0763309199775]}},{"id":"924","type":"Feature","properties":{"libelle":"PAM-2810-2","axe":"LGV","pk_ef":"280+952","pk_gc":"280+952","decalage":"-16","commentair":null,"_sp_url":null,"_ph_url":"data/photos/pam/0057.jpg"},"geometry":{"type":"Point","coordinates":[-0.37843508033437695,45.08211570037772]}},{"id":"438","type":"Feature","properties":{"libelle":"PAM-2809-2","axe":"LGV","pk_ef":"280+945","pk_gc":"280+945","decalage":"-24","commentair":null,"_sp_url":null,"_ph_url":"data/photos/pam/0058.jpg"},"geometry":{"type":"Point","coordinates":[-0.37847358017360305,45.082209090368146]}},{"id":"420","type":"Feature","properties":{"libelle":"PAM-2808-4","axe":"LGV","pk_ef":"280+840","pk_gc":"280+840","decalage":"-45","commentair":null,"_sp_url":null,"_ph_url":"data/photos/pam/0059.jpg"},"geometry":{"type":"Point","coordinates":[-0.37802285953065673,45.08311494984805]}},{"id":"793","type":"Feature","properties":{"libelle":"PAM-2808-2","axe":"LGV","pk_ef":"280+839","pk_gc":"280+839","decalage":"-44","commentair":null,"_sp_url":null,"_ph_url":"data/photos/pam/0060.jpg"},"geometry":{"type":"Point","coordinates":[-0.37799748018803975,45.08311587992081]}},{"id":"251","type":"Feature","properties":{"libelle":"PAM-2808-3","axe":"LGV","pk_ef":"280+777","pk_gc":"280+777","decalage":"27","commentair":null,"_sp_url":null,"_ph_url":"data/photos/pam/0061.jpg"},"geometry":{"type":"Point","coordinates":[-0.37683095044806786,45.08326872015995]}},{"id":"401","type":"Feature","properties":{"libelle":"PAM-2808-1","axe":"LGV","pk_ef":"280+774","pk_gc":"280+774","decalage":"27","commentair":null,"_sp_url":null,"_ph_url":"data/photos/pam/0062.jpg"},"geometry":{"type":"Point","coordinates":[-0.3768107605606025,45.08328888956668]}},{"id":"682","type":"Feature","properties":{"libelle":"PAM-2808-1","axe":"LGV","pk_ef":"280+752","pk_gc":"280+752","decalage":"25","commentair":null,"_sp_url":null,"_ph_url":"data/photos/pam/0063.jpg"},"geometry":{"type":"Point","coordinates":[-0.3766784902710668,45.08347258964634]}},{"id":"653","type":"Feature","properties":{"libelle":"PAM-2808-2","axe":"LGV","pk_ef":"280+775","pk_gc":"280+775","decalage":"-32","commentair":null,"_sp_url":null,"_ph_url":"data/photos/pam/0064.jpg"},"geometry":{"type":"Point","coordinates":[-0.37745852034851823,45.08355514979727]}},{"id":"1162","type":"Feature","properties":{"libelle":"PAM-2807-2","axe":"LGV","pk_ef":"280+729","pk_gc":"280+729","decalage":"-51","commentair":null,"_sp_url":null,"_ph_url":"data/photos/pam/0065.jpg"},"geometry":{"type":"Point","coordinates":[-0.37736611006561266,45.083997240086966]}},{"id":"312","type":"Feature","properties":{"libelle":"PAM-2800-2","axe":"LGV","pk_ef":"280+029","pk_gc":"280+029","decalage":"-38","commentair":null,"_sp_url":null,"_ph_url":"data/photos/pam/0066.jpg"},"geometry":{"type":"Point","coordinates":[-0.37278851991842366,45.089389709564124]}},{"id":"276","type":"Feature","properties":{"libelle":"PAM-2800-4","axe":"LGV","pk_ef":"280+034","pk_gc":"280+034","decalage":"-51","commentair":"PAM Bassin","_sp_url":null,"_ph_url":"data/photos/pam/0067.jpg"},"geometry":{"type":"Point","coordinates":[-0.3729706697246694,45.08941103025708]}},{"id":"182","type":"Feature","properties":{"libelle":"PAM-2795-2","axe":"LGV","pk_ef":"279+452","pk_gc":"279+452","decalage":"-62","commentair":null,"_sp_url":null,"_ph_url":"data/photos/pam/0068.jpg"},"geometry":{"type":"Point","coordinates":[-0.3695669396667939,45.094056840146536]}},{"id":"64","type":"Feature","properties":{"libelle":"PAM-2789-1","axe":"LGV","pk_ef":"278+903","pk_gc":"278+903","decalage":"28","commentair":null,"_sp_url":null,"_ph_url":"data/photos/pam/0069.jpg"},"geometry":{"type":"Point","coordinates":[-0.3653403097314299,45.09805863018788]}},{"id":"429","type":"Feature","properties":{"libelle":"PAM-2788-2","axe":"LGV","pk_ef":"278+849","pk_gc":"278+849","decalage":"-17","commentair":null,"_sp_url":null,"_ph_url":"data/photos/pam/0070.jpg"},"geometry":{"type":"Point","coordinates":[-0.36551959038548065,45.09867902966013]}},{"id":"797","type":"Feature","properties":{"libelle":"PAM-2785-2","axe":"LGV","pk_ef":"278+458","pk_gc":"278+458","decalage":"-34","commentair":null,"_sp_url":null,"_ph_url":"data/photos/pam/0071.jpg"},"geometry":{"type":"Point","coordinates":[-0.3634307394732812,45.10187187993083]}},{"id":"709","type":"Feature","properties":{"libelle":"PAM-2780-2","axe":"LGV","pk_ef":"277+991","pk_gc":"277+991","decalage":"-29","commentair":null,"_sp_url":null,"_ph_url":"data/photos/pam/0072.jpg"},"geometry":{"type":"Point","coordinates":[-0.36058498988727444,45.105578159695]}},{"id":"1226","type":"Feature","properties":{"libelle":"PAM-2779-1","axe":"LGV","pk_ef":"277+925","pk_gc":"277+925","decalage":"19","commentair":null,"_sp_url":null,"_ph_url":"data/photos/pam/0073.jpg"},"geometry":{"type":"Point","coordinates":[-0.3596383003783561,45.10588393009331]}},{"id":"979","type":"Feature","properties":{"libelle":"PAM-2776-4","axe":"LGV","pk_ef":"277+627","pk_gc":"277+627","decalage":"-37","commentair":null,"_sp_url":null,"_ph_url":"data/photos/pam/0074.jpg"},"geometry":{"type":"Point","coordinates":[-0.35829225962119154,45.10843763965831]}},{"id":"421","type":"Feature","properties":{"libelle":"PAM-2776-2","axe":"LGV","pk_ef":"277+602","pk_gc":"277+602","decalage":"-40","commentair":null,"_sp_url":null,"_ph_url":"data/photos/pam/0075.jpg"},"geometry":{"type":"Point","coordinates":[-0.35815702965051877,45.10864760009962]}},{"id":"15","type":"Feature","properties":{"libelle":"PAM-2772-1","axe":"LGV","pk_ef":"277+208","pk_gc":"277+208","decalage":"27","commentair":null,"_sp_url":null,"_ph_url":"data/photos/pam/0076.jpg"},"geometry":{"type":"Point","coordinates":[-0.3546123696321625,45.11123738011509]}},{"id":"467","type":"Feature","properties":{"libelle":"PAM-2771-2","axe":"LGV","pk_ef":"277+099","pk_gc":"277+099","decalage":"-29","commentair":null,"_sp_url":null,"_ph_url":"data/photos/pam/0077.jpg"},"geometry":{"type":"Point","coordinates":[-0.35434838020342513,45.11231526006806]}},{"id":"1047","type":"Feature","properties":{"libelle":"PAM-2770-2","axe":"LGV","pk_ef":"277+012","pk_gc":"277+012","decalage":"-20","commentair":null,"_sp_url":null,"_ph_url":"data/photos/pam/0078.jpg"},"geometry":{"type":"Point","coordinates":[-0.3535886105134694,45.112892859936736]}},{"id":"871","type":"Feature","properties":{"libelle":"PAM-2763-1","axe":"LGV","pk_ef":"276+300","pk_gc":"276+300","decalage":"18","commentair":null,"_sp_url":null,"_ph_url":"data/photos/pam/0079.jpg"},"geometry":{"type":"Point","coordinates":[-0.3472318405267347,45.11747812975087]}},{"id":"501","type":"Feature","properties":{"libelle":"PAM-2762-2","axe":"LGV","pk_ef":"276+166","pk_gc":"276+166","decalage":"-13","commentair":null,"_sp_url":null,"_ph_url":"data/photos/pam/0080.jpg"},"geometry":{"type":"Point","coordinates":[-0.34630643035046615,45.11852557038192]}},{"id":"597","type":"Feature","properties":{"libelle":"PAM-2761-1","axe":"LGV","pk_ef":"276+105","pk_gc":"276+105","decalage":"17","commentair":null,"_sp_url":null,"_ph_url":"data/photos/pam/0081.jpg"},"geometry":{"type":"Point","coordinates":[-0.34547502980154615,45.11870957003973]}},{"id":"812","type":"Feature","properties":{"libelle":"PAM-2758-1","axe":"LGV","pk_ef":"275+848","pk_gc":"275+848","decalage":"22","commentair":null,"_sp_url":null,"_ph_url":"data/photos/pam/0082.jpg"},"geometry":{"type":"Point","coordinates":[-0.3430303094581639,45.12023446970846]}},{"id":"995","type":"Feature","properties":{"libelle":"PAM-2758-2","axe":"LGV","pk_ef":"275+812","pk_gc":"275+812","decalage":"-20","commentair":null,"_sp_url":null,"_ph_url":"data/photos/pam/0083.jpg"},"geometry":{"type":"Point","coordinates":[-0.34303672975720295,45.120733549578425]}},{"id":"845","type":"Feature","properties":{"libelle":"PAM-2753-1","axe":"LGV","pk_ef":"275+349","pk_gc":"275+349","decalage":"19","commentair":null,"_sp_url":null,"_ph_url":"data/photos/pam/0084.jpg"},"geometry":{"type":"Point","coordinates":[-0.33813113969006886,45.12306208006879]}},{"id":"12","type":"Feature","properties":{"libelle":"PAM-2754-2","axe":"LGV","pk_ef":"275+350","pk_gc":"275+350","decalage":"-24","commentair":null,"_sp_url":null,"_ph_url":"data/photos/pam/0085.jpg"},"geometry":{"type":"Point","coordinates":[-0.3384691394019124,45.12337513025042]}},{"id":"1252","type":"Feature","properties":{"libelle":"PAM-2752-1","axe":"LGV","pk_ef":"275+212","pk_gc":"275+212","decalage":"20","commentair":null,"_sp_url":null,"_ph_url":"data/photos/pam/0086.jpg"},"geometry":{"type":"Point","coordinates":[-0.33671991031353304,45.12377937975937]}},{"id":"220","type":"Feature","properties":{"libelle":"PAM-2752-2","axe":"LGV","pk_ef":"275+226","pk_gc":"275+226","decalage":"-17","commentair":null,"_sp_url":null,"_ph_url":"data/photos/pam/0087.jpg"},"geometry":{"type":"Point","coordinates":[-0.33714163955687515,45.12398259996038]}},{"id":"1005","type":"Feature","properties":{"libelle":"PAM-2750-2","axe":"LGV","pk_ef":"275+010","pk_gc":"275+010","decalage":"-29","commentair":null,"_sp_url":null,"_ph_url":"data/photos/pam/0088.jpg"},"geometry":{"type":"Point","coordinates":[-0.33496014938534696,45.125172110091285]}},{"id":"941","type":"Feature","properties":{"libelle":"PAM-2749-2","axe":"LGV","pk_ef":"274+917","pk_gc":"274+917","decalage":"-23","commentair":null,"_sp_url":null,"_ph_url":"data/photos/pam/0089.jpg"},"geometry":{"type":"Point","coordinates":[-0.33391611044352276,45.125592409696964]}},{"id":"641","type":"Feature","properties":{"libelle":"PAM-2747-2","axe":"LGV","pk_ef":"274+654","pk_gc":"274+654","decalage":"-20","commentair":null,"_sp_url":null,"_ph_url":"data/photos/pam/0090.jpg"},"geometry":{"type":"Point","coordinates":[-0.3310325501031678,45.1268030898505]}},{"id":"292","type":"Feature","properties":{"libelle":"PAM-2744-1","axe":"LGV","pk_ef":"274+372","pk_gc":"274+372","decalage":"17","commentair":null,"_sp_url":null,"_ph_url":"data/photos/pam/0091.jpg"},"geometry":{"type":"Point","coordinates":[-0.32769648948846875,45.12778605045098]}},{"id":"1043","type":"Feature","properties":{"libelle":"PAM-2744-2","axe":"LGV","pk_ef":"274+372","pk_gc":"274+372","decalage":"-19","commentair":null,"_sp_url":null,"_ph_url":"data/photos/pam/0092.jpg"},"geometry":{"type":"Point","coordinates":[-0.32792254033681373,45.128072640204685]}},{"id":"87","type":"Feature","properties":{"libelle":"PAM-2742-1","axe":"LGV","pk_ef":"274+152","pk_gc":"274+152","decalage":"18","commentair":null,"_sp_url":null,"_ph_url":"data/photos/pam/0093.jpg"},"geometry":{"type":"Point","coordinates":[-0.32526029028825015,45.12876410958207]}},{"id":"654","type":"Feature","properties":{"libelle":"PAM-2742-2","axe":"LGV","pk_ef":"274+207","pk_gc":"274+207","decalage":"-17","commentair":null,"_sp_url":null,"_ph_url":"data/photos/pam/0094.jpg"},"geometry":{"type":"Point","coordinates":[-0.3260925804277154,45.128788459690895]}},{"id":"736","type":"Feature","properties":{"libelle":"PAM-2741-2","axe":"LGV","pk_ef":"274+144","pk_gc":"274+144","decalage":"-27","commentair":null,"_sp_url":null,"_ph_url":"data/photos/pam/0095.jpg"},"geometry":{"type":"Point","coordinates":[-0.3254599796122044,45.129147610148216]}},{"id":"1158","type":"Feature","properties":{"libelle":"PAM-2738-1","axe":"LGV","pk_ef":"273+844","pk_gc":"273+844","decalage":"16","commentair":null,"_sp_url":null,"_ph_url":"data/photos/pam/0096.jpg"},"geometry":{"type":"Point","coordinates":[-0.3218717399609037,45.130158480094416]}},{"id":"402","type":"Feature","properties":{"libelle":"PAM-2736-1","axe":"LGV","pk_ef":"273+628","pk_gc":"273+628","decalage":"17","commentair":null,"_sp_url":null,"_ph_url":"data/photos/pam/0097.jpg"},"geometry":{"type":"Point","coordinates":[-0.319483260206762,45.13111975982686]}},{"id":"1192","type":"Feature","properties":{"libelle":"PAM-2735-2","axe":"LGV","pk_ef":"273+488","pk_gc":"273+488","decalage":"-17","commentair":null,"_sp_url":null,"_ph_url":"data/photos/pam/0098.jpg"},"geometry":{"type":"Point","coordinates":[-0.31815376962176783,45.132010179939094]}},{"id":"942","type":"Feature","properties":{"libelle":"PAM-2734-1","axe":"LGV","pk_ef":"273+384","pk_gc":"273+384","decalage":"18","commentair":null,"_sp_url":null,"_ph_url":"data/photos/pam/0099.jpg"},"geometry":{"type":"Point","coordinates":[-0.3167917699013459,45.13220690042134]}},{"id":"748","type":"Feature","properties":{"libelle":"PAM-2733-2","axe":"LGV","pk_ef":"273+285","pk_gc":"273+285","decalage":"-17","commentair":null,"_sp_url":null,"_ph_url":"data/photos/pam/0100.jpg"},"geometry":{"type":"Point","coordinates":[-0.3159246295690487,45.132925710182064]}},{"id":"1082","type":"Feature","properties":{"libelle":"PAM-2731-1","axe":"LGV","pk_ef":"273+086","pk_gc":"273+086","decalage":"21","commentair":null,"_sp_url":null,"_ph_url":"data/photos/pam/0101.jpg"},"geometry":{"type":"Point","coordinates":[-0.31349820963231895,45.1335436900967]}},{"id":"862","type":"Feature","properties":{"libelle":"PAM-2730-1","axe":"LGV","pk_ef":"272+985","pk_gc":"272+985","decalage":"23","commentair":null,"_sp_url":null,"_ph_url":"data/photos/pam/0102.jpg"},"geometry":{"type":"Point","coordinates":[-0.31239445033738117,45.13401718957382]}},{"id":"803","type":"Feature","properties":{"libelle":"PAM-2730-2","axe":"LGV","pk_ef":"273+042","pk_gc":"273+042","decalage":"-21","commentair":null,"_sp_url":null,"_ph_url":"data/photos/pam/0103.jpg"},"geometry":{"type":"Point","coordinates":[-0.31329936026180744,45.13408046002395]}},{"id":"11","type":"Feature","properties":{"libelle":"PAM-2729-2","axe":"LGV","pk_ef":"272+926","pk_gc":"272+926","decalage":"-19","commentair":null,"_sp_url":null,"_ph_url":"data/photos/pam/0104.jpg"},"geometry":{"type":"Point","coordinates":[-0.31204507046881713,45.134618129828084]}},{"id":"917","type":"Feature","properties":{"libelle":"PAM-2725-2","axe":"LGV","pk_ef":"272+470","pk_gc":"272+470","decalage":"-17","commentair":null,"_sp_url":null,"_ph_url":"data/photos/pam/0105.jpg"},"geometry":{"type":"Point","coordinates":[-0.3072977196684882,45.13696194013012]}},{"id":"486","type":"Feature","properties":{"libelle":"PAM-2725-1","axe":"LGV","pk_ef":"272+467","pk_gc":"272+467","decalage":"17","commentair":null,"_sp_url":null,"_ph_url":"data/photos/pam/0106.jpg"},"geometry":{"type":"Point","coordinates":[-0.30700588037042287,45.13673116011616]}},{"id":"728","type":"Feature","properties":{"libelle":"PAM-2719-1","axe":"LGV","pk_ef":"271+925","pk_gc":"271+925","decalage":"23","commentair":null,"_sp_url":null,"_ph_url":"data/photos/pam/0107.jpg"},"geometry":{"type":"Point","coordinates":[-0.301638189389755,45.139816149764975]}},{"id":"97","type":"Feature","properties":{"libelle":"PAM-2712-2","axe":"LGV","pk_ef":"271+179","pk_gc":"271+179","decalage":"-22","commentair":null,"_sp_url":null,"_ph_url":"data/photos/pam/0108.jpg"},"geometry":{"type":"Point","coordinates":[-0.29541037059193537,45.14489560959489]}},{"id":"1196","type":"Feature","properties":{"libelle":"PAM-2710-1","axe":"LGV","pk_ef":"271+025","pk_gc":"271+025","decalage":"17","commentair":null,"_sp_url":null,"_ph_url":"data/photos/pam/0109.jpg"},"geometry":{"type":"Point","coordinates":[-0.2937624094155951,45.14571961972299]}},{"id":"750","type":"Feature","properties":{"libelle":"PAM-2708-2","axe":"LGV","pk_ef":"270+808","pk_gc":"270+808","decalage":"-21","commentair":null,"_sp_url":null,"_ph_url":"data/photos/pam/0110.jpg"},"geometry":{"type":"Point","coordinates":[-0.29241779043022365,45.14745986028614]}},{"id":"264","type":"Feature","properties":{"libelle":"PAM-2706-1","axe":"LGV","pk_ef":"270+626","pk_gc":"270+626","decalage":"21","commentair":null,"_sp_url":null,"_ph_url":"data/photos/pam/0111.jpg"},"geometry":{"type":"Point","coordinates":[-0.2905968598017989,45.14854908025532]}},{"id":"1012","type":"Feature","properties":{"libelle":"PAM-2699-2","axe":"LGV","pk_ef":"269+909","pk_gc":"269+909","decalage":"-17","commentair":null,"_sp_url":null,"_ph_url":"data/photos/pam/0112.jpg"},"geometry":{"type":"Point","coordinates":[-0.285885719502509,45.15409372978476]}},{"id":"443","type":"Feature","properties":{"libelle":"PAM-2696-1","axe":"LGV","pk_ef":"269+595","pk_gc":"269+595","decalage":"35","commentair":null,"_sp_url":null,"_ph_url":"data/photos/pam/0113.jpg"},"geometry":{"type":"Point","coordinates":[-0.28311965048420007,45.15619074988906]}},{"id":"124","type":"Feature","properties":{"libelle":"PAM-2695-2","axe":"LGV","pk_ef":"269+545","pk_gc":"269+545","decalage":"-20","commentair":null,"_sp_url":null,"_ph_url":"data/photos/pam/0114.jpg"},"geometry":{"type":"Point","coordinates":[-0.2833485295544792,45.15683957034342]}},{"id":"422","type":"Feature","properties":{"libelle":"PAM-2691-2","axe":"LGV","pk_ef":"269+129","pk_gc":"269+129","decalage":"-18","commentair":null,"_sp_url":null,"_ph_url":"data/photos/pam/0115.jpg"},"geometry":{"type":"Point","coordinates":[-0.2803922297310916,45.15994421990924]}},{"id":"625","type":"Feature","properties":{"libelle":"PAM-2685-1","axe":"LGV","pk_ef":"268+488","pk_gc":"268+488","decalage":"22","commentair":null,"_sp_url":null,"_ph_url":"data/photos/pam/0116.jpg"},"geometry":{"type":"Point","coordinates":[-0.2752325998942111,45.16441916980034]}},{"id":"1213","type":"Feature","properties":{"libelle":"PAM-2679-1","axe":"LGV","pk_ef":"267+888","pk_gc":"267+888","decalage":"32","commentair":null,"_sp_url":null,"_ph_url":"data/photos/pam/0117.jpg"},"geometry":{"type":"Point","coordinates":[-0.27012948021047134,45.16840806010567]}},{"id":"1106","type":"Feature","properties":{"libelle":"PAM-2679-4","axe":"LGV","pk_ef":"267+905","pk_gc":"267+905","decalage":"-25","commentair":null,"_sp_url":null,"_ph_url":"data/photos/pam/0118.jpg"},"geometry":{"type":"Point","coordinates":[-0.27079809038161134,45.168653859838386]}},{"id":"800","type":"Feature","properties":{"libelle":"PAM-2679-2","axe":"LGV","pk_ef":"267+888","pk_gc":"267+888","decalage":"-23","commentair":null,"_sp_url":null,"_ph_url":"data/photos/pam/0119.jpg"},"geometry":{"type":"Point","coordinates":[-0.270636939392722,45.168750099828245]}},{"id":"474","type":"Feature","properties":{"libelle":"PAM-2677-1","axe":"LGV","pk_ef":"267+707","pk_gc":"267+707","decalage":"18","commentair":null,"_sp_url":null,"_ph_url":"data/photos/pam/0120.jpg"},"geometry":{"type":"Point","coordinates":[-0.26864348048888204,45.16965178969444]}},{"id":"3","type":"Feature","properties":{"libelle":"PAM-2677-2","axe":"LGV","pk_ef":"267+690","pk_gc":"267+690","decalage":"-16","commentair":null,"_sp_url":null,"_ph_url":"data/photos/pam/0121.jpg"},"geometry":{"type":"Point","coordinates":[-0.26878939031637716,45.16996900000519]}},{"id":"647","type":"Feature","properties":{"libelle":"PAM-2675-2","axe":"LGV","pk_ef":"267+500","pk_gc":"267+500","decalage":"-22","commentair":null,"_sp_url":null,"_ph_url":"data/photos/pam/0122.jpg"},"geometry":{"type":"Point","coordinates":[-0.2670813204603885,45.17119343041408]}},{"id":"1159","type":"Feature","properties":{"libelle":"PAM-2673-2","axe":"LGV","pk_ef":"267+290","pk_gc":"267+290","decalage":"-22","commentair":null,"_sp_url":null,"_ph_url":"data/photos/pam/0123.jpg"},"geometry":{"type":"Point","coordinates":[-0.26507134998175663,45.172451920400746]}},{"id":"1004","type":"Feature","properties":{"libelle":"PAM-2670-1","axe":"LGV","pk_ef":"267+016","pk_gc":"267+016","decalage":"19","commentair":null,"_sp_url":null,"_ph_url":"data/photos/pam/0124.jpg"},"geometry":{"type":"Point","coordinates":[-0.26203847954582665,45.17372644990304]}},{"id":"725","type":"Feature","properties":{"libelle":"PAM-2666-2","axe":"LGV","pk_ef":"266+589","pk_gc":"266+589","decalage":"-21","commentair":null,"_sp_url":null,"_ph_url":"data/photos/pam/0125.jpg"},"geometry":{"type":"Point","coordinates":[-0.2579550300060394,45.17628969012203]}},{"id":"412","type":"Feature","properties":{"libelle":"PAM-2665-2","axe":"LGV","pk_ef":"266+531","pk_gc":"266+531","decalage":"-20","commentair":null,"_sp_url":null,"_ph_url":"data/photos/pam/0126.jpg"},"geometry":{"type":"Point","coordinates":[-0.2573234704032774,45.17656948987206]}},{"id":"239","type":"Feature","properties":{"libelle":"PAM-2663-1","axe":"LGV","pk_ef":"266+265","pk_gc":"266+265","decalage":"58","commentair":"PAM Bassin","_sp_url":null,"_ph_url":"data/photos/pam/0127.jpg"},"geometry":{"type":"Point","coordinates":[-0.2539471498433189,45.17725336017226]}},{"id":"980","type":"Feature","properties":{"libelle":"PAM-2663-3","axe":"LGV","pk_ef":"266+293","pk_gc":"266+293","decalage":"32","commentair":null,"_sp_url":null,"_ph_url":"data/photos/pam/0128.jpg"},"geometry":{"type":"Point","coordinates":[-0.2544232503712892,45.177330080431524]}},{"id":"579","type":"Feature","properties":{"libelle":"PAM-2659-1","axe":"LGV","pk_ef":"265+892","pk_gc":"265+892","decalage":"18","commentair":null,"_sp_url":null,"_ph_url":"data/photos/pam/0129.jpg"},"geometry":{"type":"Point","coordinates":[-0.2500973097099903,45.1792157803781]}},{"id":"746","type":"Feature","properties":{"libelle":"PAM-2660-2","axe":"LGV","pk_ef":"265+950","pk_gc":"265+950","decalage":"-46","commentair":null,"_sp_url":null,"_ph_url":"data/photos/pam/0130.jpg"},"geometry":{"type":"Point","coordinates":[-0.25112283031195415,45.179479450040446]}},{"id":"377","type":"Feature","properties":{"libelle":"PAM-2655-3","axe":"LGV","pk_ef":"265+544","pk_gc":"265+544","decalage":"26","commentair":null,"_sp_url":null,"_ph_url":"data/photos/pam/0131.jpg"},"geometry":{"type":"Point","coordinates":[-0.2460853097375688,45.1805320598153]}},{"id":"7","type":"Feature","properties":{"libelle":"PAM-2655-1","axe":"LGV","pk_ef":"265+476","pk_gc":"265+476","decalage":"32","commentair":"PAM Bassin","_sp_url":null,"_ph_url":"data/photos/pam/0132.jpg"},"geometry":{"type":"Point","coordinates":[-0.24526388953102443,45.18073973990608]}},{"id":"110","type":"Feature","properties":{"libelle":"PAM-2657-2","axe":"LGV","pk_ef":"265+666","pk_gc":"265+666","decalage":"-79","commentair":null,"_sp_url":null,"_ph_url":"data/photos/pam/0133.jpg"},"geometry":{"type":"Point","coordinates":[-0.24806035050528352,45.18091011988977]}},{"id":"789","type":"Feature","properties":{"libelle":"PAM-2657-4","axe":"LGV","pk_ef":"265+691","pk_gc":"265+691","decalage":"-158","commentair":null,"_sp_url":null,"_ph_url":"data/photos/pam/0134.jpg"},"geometry":{"type":"Point","coordinates":[-0.24879655998850767,45.18145345021726]}},{"id":"1214","type":"Feature","properties":{"libelle":"PAM-2655-2","axe":"LGV","pk_ef":"265+538","pk_gc":"265+538","decalage":"-104","commentair":"PAM Bassin","_sp_url":null,"_ph_url":"data/photos/pam/0135.jpg"},"geometry":{"type":"Point","coordinates":[-0.24671537057814394,45.181611599594646]}},{"id":"874","type":"Feature","properties":{"libelle":"PAM-2649-1","axe":"LGV","pk_ef":"264+891","pk_gc":"264+891","decalage":"39","commentair":null,"_sp_url":null,"_ph_url":"data/photos/pam/0136.jpg"},"geometry":{"type":"Point","coordinates":[-0.23845003998718342,45.18286382986969]}},{"id":"1080","type":"Feature","properties":{"libelle":"PAM-2650-2","axe":"LGV","pk_ef":"265+045","pk_gc":"265+045","decalage":"-64","commentair":null,"_sp_url":null,"_ph_url":"data/photos/pam/0137.jpg"},"geometry":{"type":"Point","coordinates":[-0.2407803196204962,45.183127370212524]}},{"id":"577","type":"Feature","properties":{"libelle":"PAM-2642-1","axe":"LGV","pk_ef":"264+216","pk_gc":"264+216","decalage":"35","commentair":null,"_sp_url":null,"_ph_url":"data/photos/pam/0138.jpg"},"geometry":{"type":"Point","coordinates":[-0.23064393966749763,45.18540963012258]}},{"id":"853","type":"Feature","properties":{"libelle":"PAM-2630-1","axe":"LGV","pk_ef":"263+019","pk_gc":"263+019","decalage":"21","commentair":null,"_sp_url":null,"_ph_url":"data/photos/pam/0139.jpg"},"geometry":{"type":"Point","coordinates":[-0.2168568298438379,45.18998644013909]}},{"id":"1169","type":"Feature","properties":{"libelle":"PAM-2629-1","axe":"LGV","pk_ef":"262+908","pk_gc":"262+908","decalage":"23","commentair":null,"_sp_url":null,"_ph_url":"data/photos/pam/0140.jpg"},"geometry":{"type":"Point","coordinates":[-0.2155582498922394,45.190381119590114]}},{"id":"1160","type":"Feature","properties":{"libelle":"PAM-2630-2","axe":"LGV","pk_ef":"262+971","pk_gc":"262+971","decalage":"-33","commentair":null,"_sp_url":null,"_ph_url":"data/photos/pam/0141.jpg"},"geometry":{"type":"Point","coordinates":[-0.21657328051243627,45.19060676960964]}},{"id":"994","type":"Feature","properties":{"libelle":"PAM-2629-2","axe":"LGV","pk_ef":"262+913","pk_gc":"262+913","decalage":"-26","commentair":null,"_sp_url":null,"_ph_url":"data/photos/pam/0142.jpg"},"geometry":{"type":"Point","coordinates":[-0.21587042975006893,45.190768940178536]}},{"id":"623","type":"Feature","properties":{"libelle":"PAM-2626-1","axe":"LGV","pk_ef":"262+581","pk_gc":"262+581","decalage":"22","commentair":null,"_sp_url":null,"_ph_url":"data/photos/pam/0143.jpg"},"geometry":{"type":"Point","coordinates":[-0.21176708044074735,45.191611359665075]}},{"id":"512","type":"Feature","properties":{"libelle":"PAM-2622-2","axe":"LGV","pk_ef":"262+202","pk_gc":"262+202","decalage":"-33","commentair":null,"_sp_url":null,"_ph_url":"data/photos/pam/0144.jpg"},"geometry":{"type":"Point","coordinates":[-0.20766243033786558,45.19347435042763]}},{"id":"954","type":"Feature","properties":{"libelle":"PAM-2619-2","axe":"LGV","pk_ef":"261+860","pk_gc":"261+860","decalage":"-88","commentair":"PAM Bassin","_sp_url":null,"_ph_url":"data/photos/pam/0145.jpg"},"geometry":{"type":"Point","coordinates":[-0.20399500057318395,45.195197950276956]}},{"id":"961","type":"Feature","properties":{"libelle":"PAM-2615-1","axe":"LGV","pk_ef":"261+454","pk_gc":"261+454","decalage":"50","commentair":null,"_sp_url":null,"_ph_url":"data/photos/pam/0146.jpg"},"geometry":{"type":"Point","coordinates":[-0.1985527197603882,45.19557872033626]}},{"id":"770","type":"Feature","properties":{"libelle":"PAM-2614-2","axe":"LGV","pk_ef":"261+445","pk_gc":"261+445","decalage":"-41","commentair":null,"_sp_url":null,"_ph_url":"data/photos/pam/0147.jpg"},"geometry":{"type":"Point","coordinates":[-0.19893393015297287,45.19635888994003]}},{"id":"168","type":"Feature","properties":{"libelle":"PAM-2609-1","axe":"LGV","pk_ef":"260+853","pk_gc":"260+853","decalage":"57","commentair":null,"_sp_url":null,"_ph_url":"data/photos/pam/0148.jpg"},"geometry":{"type":"Point","coordinates":[-0.19154786978328306,45.19776213013243]}},{"id":"1076","type":"Feature","properties":{"libelle":"PAM-2606-1","axe":"LGV","pk_ef":"260+612","pk_gc":"260+612","decalage":"61","commentair":"PAM Bassin","_sp_url":null,"_ph_url":"data/photos/pam/0149.jpg"},"geometry":{"type":"Point","coordinates":[-0.18873215973425195,45.198641859854476]}},{"id":"846","type":"Feature","properties":{"libelle":"PAM-2605-1","axe":"LGV","pk_ef":"260+518","pk_gc":"260+518","decalage":"19","commentair":null,"_sp_url":null,"_ph_url":"data/photos/pam/0150.jpg"},"geometry":{"type":"Point","coordinates":[-0.18788153947288408,45.19935303958135]}},{"id":"773","type":"Feature","properties":{"libelle":"PAM-2605-2","axe":"LGV","pk_ef":"260+465","pk_gc":"260+465","decalage":"-32","commentair":null,"_sp_url":null,"_ph_url":"data/photos/pam/0151.jpg"},"geometry":{"type":"Point","coordinates":[-0.18757097027166342,45.199975610427806]}},{"id":"684","type":"Feature","properties":{"libelle":"PAM-2603-1","axe":"LGV","pk_ef":"260+253","pk_gc":"260+253","decalage":"18","commentair":null,"_sp_url":null,"_ph_url":"data/photos/pam/0152.jpg"},"geometry":{"type":"Point","coordinates":[-0.18488819972637344,45.20047040005279]}},{"id":"481","type":"Feature","properties":{"libelle":"PAM-2602-1","axe":"LGV","pk_ef":"260+204","pk_gc":"260+204","decalage":"33","commentair":"PAM Bassin","_sp_url":null,"_ph_url":"data/photos/pam/0153.jpg"},"geometry":{"type":"Point","coordinates":[-0.18424920044703938,45.20057214031786]}},{"id":"351","type":"Feature","properties":{"libelle":"PAM-2602-2","axe":"LGV","pk_ef":"260+240","pk_gc":"260+240","decalage":"-33","commentair":null,"_sp_url":null,"_ph_url":"data/photos/pam/0154.jpg"},"geometry":{"type":"Point","coordinates":[-0.18505491009854516,45.200929910139976]}},{"id":"591","type":"Feature","properties":{"libelle":"PAM-2601-2","axe":"LGV","pk_ef":"260+054","pk_gc":"260+054","decalage":"-29","commentair":null,"_sp_url":null,"_ph_url":"data/photos/pam/0155.jpg"},"geometry":{"type":"Point","coordinates":[-0.18299256970573238,45.20173143973]}},{"id":"710","type":"Feature","properties":{"libelle":"PAM-2597-1","axe":"LGV","pk_ef":"259+703","pk_gc":"259+703","decalage":"7","commentair":null,"_sp_url":null,"_ph_url":"data/photos/pam/0156.jpg"},"geometry":{"type":"Point","coordinates":[-0.17896875946572616,45.20314264001049]}},{"id":"699","type":"Feature","properties":{"libelle":"PAM-2595-1","axe":"LGV","pk_ef":"259+481","pk_gc":"259+481","decalage":"58","commentair":null,"_sp_url":null,"_ph_url":"data/photos/pam/0157.jpg"},"geometry":{"type":"Point","coordinates":[-0.176267489579038,45.20391178989732]}},{"id":"159","type":"Feature","properties":{"libelle":"PAM-2593-1","axe":"LGV","pk_ef":"259+262","pk_gc":"259+262","decalage":"63","commentair":null,"_sp_url":null,"_ph_url":"data/photos/pam/0158.jpg"},"geometry":{"type":"Point","coordinates":[-0.17397658005227667,45.20507609000732]}},{"id":"487","type":"Feature","properties":{"libelle":"PAM-2594-2","axe":"LGV","pk_ef":"259+379","pk_gc":"259+379","decalage":"-58","commentair":null,"_sp_url":null,"_ph_url":"data/photos/pam/0159.jpg"},"geometry":{"type":"Point","coordinates":[-0.17609231959413543,45.20530063993463]}},{"id":"859","type":"Feature","properties":{"libelle":"PAM-2593-2","axe":"LGV","pk_ef":"259+274","pk_gc":"259+274","decalage":"-38","commentair":null,"_sp_url":null,"_ph_url":"data/photos/pam/0160.jpg"},"geometry":{"type":"Point","coordinates":[-0.17489036050238427,45.20572114980763]}},{"id":"114","type":"Feature","properties":{"libelle":"PAM-2589-2","axe":"LGV","pk_ef":"258+868","pk_gc":"258+868","decalage":"-33","commentair":null,"_sp_url":null,"_ph_url":"data/photos/pam/0161.jpg"},"geometry":{"type":"Point","coordinates":[-0.1708966103911596,45.20801047014879]}},{"id":"430","type":"Feature","properties":{"libelle":"PAM-2586-1","axe":"LGV","pk_ef":"258+633","pk_gc":"258+633","decalage":"27","commentair":null,"_sp_url":null,"_ph_url":"data/photos/pam/0162.jpg"},"geometry":{"type":"Point","coordinates":[-0.16816538957928348,45.20904756019305]}},{"id":"265","type":"Feature","properties":{"libelle":"PAM-2586-4","axe":"LGV","pk_ef":"258+646","pk_gc":"258+646","decalage":"-33","commentair":null,"_sp_url":null,"_ph_url":"data/photos/pam/0163.jpg"},"geometry":{"type":"Point","coordinates":[-0.16882234951919345,45.209356570067364]}},{"id":"165","type":"Feature","properties":{"libelle":"PAM-2585-1","axe":"LGV","pk_ef":"258+500","pk_gc":"258+500","decalage":"73","commentair":"PAM Bassin","_sp_url":null,"_ph_url":"data/photos/pam/0164.jpg"},"geometry":{"type":"Point","coordinates":[-0.16654311009744513,45.209593509677795]}},{"id":"20","type":"Feature","properties":{"libelle":"PAM-2585-3","axe":"LGV","pk_ef":"258+540","pk_gc":"258+540","decalage":"23","commentair":null,"_sp_url":null,"_ph_url":"data/photos/pam/0165.jpg"},"geometry":{"type":"Point","coordinates":[-0.16734435959761693,45.2096555200681]}},{"id":"356","type":"Feature","properties":{"libelle":"PAM-2586-2","axe":"LGV","pk_ef":"258+593","pk_gc":"258+593","decalage":"-34","commentair":null,"_sp_url":null,"_ph_url":"data/photos/pam/0166.jpg"},"geometry":{"type":"Point","coordinates":[-0.1683375599619081,45.20969202990858]}},{"id":"1000","type":"Feature","properties":{"libelle":"PAM-2585-2","axe":"LGV","pk_ef":"258+463","pk_gc":"258+463","decalage":"-31","commentair":null,"_sp_url":null,"_ph_url":"data/photos/pam/0167.jpg"},"geometry":{"type":"Point","coordinates":[-0.16714742955427803,45.2104916896069]}},{"id":"1125","type":"Feature","properties":{"libelle":"PAM-2584-1","axe":"LGV","pk_ef":"258+369","pk_gc":"258+369","decalage":"29","commentair":null,"_sp_url":null,"_ph_url":"data/photos/pam/0168.jpg"},"geometry":{"type":"Point","coordinates":[-0.1657652295817573,45.21071790027029]}},{"id":"818","type":"Feature","properties":{"libelle":"PAM-2581-1","axe":"LGV","pk_ef":"258+120","pk_gc":"258+120","decalage":"18","commentair":null,"_sp_url":null,"_ph_url":"data/photos/pam/0169.jpg"},"geometry":{"type":"Point","coordinates":[-0.16369557985752253,45.212439469608626]}},{"id":"901","type":"Feature","properties":{"libelle":"PAM-2580-2","axe":"LGV","pk_ef":"258+042","pk_gc":"258+042","decalage":"-31","commentair":null,"_sp_url":null,"_ph_url":"data/photos/pam/0170.jpg"},"geometry":{"type":"Point","coordinates":[-0.16351454993553674,45.21326019034098]}},{"id":"672","type":"Feature","properties":{"libelle":"PAM-2579-1","axe":"LGV","pk_ef":"257+894","pk_gc":"257+894","decalage":"34","commentair":null,"_sp_url":null,"_ph_url":"data/photos/pam/0171.jpg"},"geometry":{"type":"Point","coordinates":[-0.1616726799131234,45.21389546998705]}},{"id":"210","type":"Feature","properties":{"libelle":"PAM-2576-4","axe":"LGV","pk_ef":"257+621","pk_gc":"257+621","decalage":"-28","commentair":null,"_sp_url":null,"_ph_url":"data/photos/pam/0172.jpg"},"geometry":{"type":"Point","coordinates":[-0.16012561966329378,45.21617440000417]}},{"id":"603","type":"Feature","properties":{"libelle":"PAM-2576-2","axe":"LGV","pk_ef":"257+561","pk_gc":"257+561","decalage":"-72","commentair":null,"_sp_url":null,"_ph_url":"data/photos/pam/0173.jpg"},"geometry":{"type":"Point","coordinates":[-0.16011931001439475,45.216838910302044]}},{"id":"340","type":"Feature","properties":{"libelle":"PAM-2575-2","axe":"LGV","pk_ef":"257+465","pk_gc":"257+465","decalage":"-50","commentair":null,"_sp_url":null,"_ph_url":"data/photos/pam/0174.jpg"},"geometry":{"type":"Point","coordinates":[-0.159193220325784,45.21741316978334]}},{"id":"872","type":"Feature","properties":{"libelle":"PAM-2574-2","axe":"LGV","pk_ef":"257+411","pk_gc":"257+411","decalage":"-26","commentair":null,"_sp_url":null,"_ph_url":"data/photos/pam/0175.jpg"},"geometry":{"type":"Point","coordinates":[-0.15854102042704946,45.217686799701035]}},{"id":"1107","type":"Feature","properties":{"libelle":"PAM-2570-1","axe":"LGV","pk_ef":"256+975","pk_gc":"256+975","decalage":"25","commentair":null,"_sp_url":null,"_ph_url":"data/photos/pam/0176.jpg"},"geometry":{"type":"Point","coordinates":[-0.15495782996509455,45.22071974999563]}},{"id":"896","type":"Feature","properties":{"libelle":"PAM-2569-2","axe":"LGV","pk_ef":"256+922","pk_gc":"256+922","decalage":"-52","commentair":null,"_sp_url":null,"_ph_url":"data/photos/pam/0177.jpg"},"geometry":{"type":"Point","coordinates":[-0.1554583901627456,45.221485820024796]}},{"id":"1015","type":"Feature","properties":{"libelle":"PAM-2569-1","axe":"LGV","pk_ef":"256+850","pk_gc":"256+850","decalage":"22","commentair":null,"_sp_url":null,"_ph_url":"data/photos/pam/0178.jpg"},"geometry":{"type":"Point","coordinates":[-0.15418368948917302,45.22171060029905]}},{"id":"990","type":"Feature","properties":{"libelle":"PAM-2565-2","axe":"LGV","pk_ef":"256+475","pk_gc":"256+475","decalage":"-34","commentair":null,"_sp_url":null,"_ph_url":"data/photos/pam/0179.jpg"},"geometry":{"type":"Point","coordinates":[-0.1525484003672117,45.22491907016736]}},{"id":"72","type":"Feature","properties":{"libelle":"PAM-2562-1","axe":"LGV","pk_ef":"256+169","pk_gc":"256+169","decalage":"40","commentair":null,"_sp_url":null,"_ph_url":"data/photos/pam/0180.jpg"},"geometry":{"type":"Point","coordinates":[-0.14997379035206956,45.22708497980245]}},{"id":"1167","type":"Feature","properties":{"libelle":"PAM-2561-1","axe":"LGV","pk_ef":"256+077","pk_gc":"256+077","decalage":"174","commentair":"PAM Bassin","_sp_url":null,"_ph_url":"data/photos/pam/0181.jpg"},"geometry":{"type":"Point","coordinates":[-0.1479157101858665,45.227297490202666]}},{"id":"663","type":"Feature","properties":{"libelle":"PAM-2559-1","axe":"LGV","pk_ef":"255+935","pk_gc":"255+935","decalage":"25","commentair":null,"_sp_url":null,"_ph_url":"data/photos/pam/0182.jpg"},"geometry":{"type":"Point","coordinates":[-0.14882505035418536,45.22904038983951]}},{"id":"825","type":"Feature","properties":{"libelle":"PAM-2558-1","axe":"LGV","pk_ef":"255+834","pk_gc":"255+834","decalage":"30","commentair":null,"_sp_url":null,"_ph_url":"data/photos/pam/0183.jpg"},"geometry":{"type":"Point","coordinates":[-0.14819463951711717,45.22982558979649]}},{"id":"1244","type":"Feature","properties":{"libelle":"PAM-2556-2","axe":"LGV","pk_ef":"255+648","pk_gc":"255+648","decalage":"-24","commentair":null,"_sp_url":null,"_ph_url":"data/photos/pam/0184.jpg"},"geometry":{"type":"Point","coordinates":[-0.14776093986465338,45.23154351960278]}},{"id":"88","type":"Feature","properties":{"libelle":"PAM-2555-1","axe":"LGV","pk_ef":"255+458","pk_gc":"255+458","decalage":"19","commentair":null,"_sp_url":null,"_ph_url":"data/photos/pam/0185.jpg"},"geometry":{"type":"Point","coordinates":[-0.14620175992023085,45.232908460316885]}},{"id":"658","type":"Feature","properties":{"libelle":"PAM-2554-2","axe":"LGV","pk_ef":"255+416","pk_gc":"255+416","decalage":"-16","commentair":null,"_sp_url":null,"_ph_url":"data/photos/pam/0186.jpg"},"geometry":{"type":"Point","coordinates":[-0.14636369047837905,45.23338658983976]}},{"id":"1094","type":"Feature","properties":{"libelle":"PAM-2553-2","axe":"LGV","pk_ef":"255+312","pk_gc":"255+312","decalage":"-95","commentair":"PAM Bassin","_sp_url":null,"_ph_url":"data/photos/pam/0187.jpg"},"geometry":{"type":"Point","coordinates":[-0.14667445992697062,45.23454484962228]}},{"id":"186","type":"Feature","properties":{"libelle":"PAM-2550-1","axe":"LGV","pk_ef":"254+984","pk_gc":"254+984","decalage":"42","commentair":null,"_sp_url":null,"_ph_url":"data/photos/pam/0188.jpg"},"geometry":{"type":"Point","coordinates":[-0.14326100998372424,45.23664424025902]}},{"id":"374","type":"Feature","properties":{"libelle":"PAM-2550-2","axe":"LGV","pk_ef":"254+980","pk_gc":"254+980","decalage":"-37","commentair":null,"_sp_url":null,"_ph_url":"data/photos/pam/0189.jpg"},"geometry":{"type":"Point","coordinates":[-0.14414194961178897,45.236993009828154]}},{"id":"841","type":"Feature","properties":{"libelle":"PAM-2547-4","axe":"LGV","pk_ef":"254+701","pk_gc":"254+701","decalage":"-18","commentair":null,"_sp_url":null,"_ph_url":"data/photos/pam/0190.jpg"},"geometry":{"type":"Point","coordinates":[-0.14234691945455227,45.23916812989309]}},{"id":"876","type":"Feature","properties":{"libelle":"PAM-2547-2","axe":"LGV","pk_ef":"254+698","pk_gc":"254+698","decalage":"-19","commentair":null,"_sp_url":null,"_ph_url":"data/photos/pam/0191.jpg"},"geometry":{"type":"Point","coordinates":[-0.14234639061073362,45.239198760119805]}},{"id":"38","type":"Feature","properties":{"libelle":"PAM-2544-2","axe":"LGV","pk_ef":"254+355","pk_gc":"254+355","decalage":"-62","commentair":null,"_sp_url":null,"_ph_url":"data/photos/pam/0192.jpg"},"geometry":{"type":"Point","coordinates":[-0.14089808988879432,45.242138179766734]}},{"id":"847","type":"Feature","properties":{"libelle":"PAM-2542-1","axe":"LGV","pk_ef":"254+241","pk_gc":"254+241","decalage":"41","commentair":null,"_sp_url":null,"_ph_url":"data/photos/pam/0193.jpg"},"geometry":{"type":"Point","coordinates":[-0.13908195969568832,45.242650529621386]}},{"id":"365","type":"Feature","properties":{"libelle":"PAM-2542-2","axe":"LGV","pk_ef":"254+217","pk_gc":"254+217","decalage":"-56","commentair":null,"_sp_url":null,"_ph_url":"data/photos/pam/0194.jpg"},"geometry":{"type":"Point","coordinates":[-0.1400573294295034,45.24323015042465]}},{"id":"369","type":"Feature","properties":{"libelle":"PAM-2541-2","axe":"LGV","pk_ef":"254+082","pk_gc":"254+082","decalage":"-14","commentair":null,"_sp_url":null,"_ph_url":"data/photos/pam/0195.jpg"},"geometry":{"type":"Point","coordinates":[-0.13880491994976554,45.24415230994403]}},{"id":"1251","type":"Feature","properties":{"libelle":"PAM-2538-1","axe":"LGV","pk_ef":"253+849","pk_gc":"253+849","decalage":"31","commentair":null,"_sp_url":null,"_ph_url":"data/photos/pam/0196.jpg"},"geometry":{"type":"Point","coordinates":[-0.13698769015919032,45.245850150084124]}},{"id":"1205","type":"Feature","properties":{"libelle":"PAM-2537-4","axe":"LGV","pk_ef":"253+704","pk_gc":"253+704","decalage":"-36","commentair":null,"_sp_url":null,"_ph_url":"data/photos/pam/0197.jpg"},"geometry":{"type":"Point","coordinates":[-0.1369345804212961,45.24728798021588]}},{"id":"720","type":"Feature","properties":{"libelle":"PAM-2537-2","axe":"LGV","pk_ef":"253+665","pk_gc":"253+665","decalage":"-31","commentair":null,"_sp_url":null,"_ph_url":"data/photos/pam/0198.jpg"},"geometry":{"type":"Point","coordinates":[-0.13665314013352323,45.24758923997175]}},{"id":"1061","type":"Feature","properties":{"libelle":"PAM-2536-1","axe":"LGV","pk_ef":"253+608","pk_gc":"253+608","decalage":"21","commentair":null,"_sp_url":null,"_ph_url":"data/photos/pam/0199.jpg"},"geometry":{"type":"Point","coordinates":[-0.1357339904884601,45.24783299011151]}},{"id":"454","type":"Feature","properties":{"libelle":"PAM-2536-2","axe":"LGV","pk_ef":"253+587","pk_gc":"253+587","decalage":"-80","commentair":"PAM Bassin","_sp_url":null,"_ph_url":"data/photos/pam/0200.jpg"},"geometry":{"type":"Point","coordinates":[-0.13676898055376718,45.24841042956168]}},{"id":"151","type":"Feature","properties":{"libelle":"PAM-2535-2","axe":"LGV","pk_ef":"253+465","pk_gc":"253+465","decalage":"-37","commentair":null,"_sp_url":null,"_ph_url":"data/photos/pam/0201.jpg"},"geometry":{"type":"Point","coordinates":[-0.1355860296564281,45.24922024017462]}},{"id":"121","type":"Feature","properties":{"libelle":"PAM-2530-1","axe":"LGV","pk_ef":"253+033","pk_gc":"253+033","decalage":"22","commentair":null,"_sp_url":null,"_ph_url":"data/photos/pam/0202.jpg"},"geometry":{"type":"Point","coordinates":[-0.1323157399316432,45.25240011976992]}},{"id":"91","type":"Feature","properties":{"libelle":"PAM-2527-1","axe":"LGV","pk_ef":"252+652","pk_gc":"252+652","decalage":"33","commentair":null,"_sp_url":null,"_ph_url":"data/photos/pam/0203.jpg"},"geometry":{"type":"Point","coordinates":[-0.12961463039548818,45.25523660954468]}},{"id":"716","type":"Feature","properties":{"libelle":"PAM-2526-1","axe":"LGV","pk_ef":"252+604","pk_gc":"252+604","decalage":"24","commentair":null,"_sp_url":null,"_ph_url":"data/photos/pam/0204.jpg"},"geometry":{"type":"Point","coordinates":[-0.12937185058231784,45.25563363961836]}},{"id":"120","type":"Feature","properties":{"libelle":"PAM-2526-2","axe":"LGV","pk_ef":"252+639","pk_gc":"252+639","decalage":"-37","commentair":null,"_sp_url":null,"_ph_url":"data/photos/pam/0205.jpg"},"geometry":{"type":"Point","coordinates":[-0.13026850030297804,45.25568635036544]}},{"id":"53","type":"Feature","properties":{"libelle":"PAM-2523-1","axe":"LGV","pk_ef":"252+310","pk_gc":"252+310","decalage":"33","commentair":"PAM Bassin","_sp_url":null,"_ph_url":"data/photos/pam/0206.jpg"},"geometry":{"type":"Point","coordinates":[-0.1270901500653323,45.25771729964198]}},{"id":"19","type":"Feature","properties":{"libelle":"PAM-2523-2","axe":"LGV","pk_ef":"252+280","pk_gc":"252+280","decalage":"-46","commentair":null,"_sp_url":null,"_ph_url":"data/photos/pam/0207.jpg"},"geometry":{"type":"Point","coordinates":[-0.12764726044162328,45.25837032021859]}},{"id":"1092","type":"Feature","properties":{"libelle":"PAM-2521-1","axe":"LGV","pk_ef":"252+094","pk_gc":"252+094","decalage":"43","commentair":null,"_sp_url":null,"_ph_url":"data/photos/pam/0208.jpg"},"geometry":{"type":"Point","coordinates":[-0.12529385977956378,45.2591776300915]}},{"id":"533","type":"Feature","properties":{"libelle":"PAM-2519-1","axe":"LGV","pk_ef":"251+903","pk_gc":"251+903","decalage":"42","commentair":null,"_sp_url":null,"_ph_url":"data/photos/pam/0209.jpg"},"geometry":{"type":"Point","coordinates":[-0.12373293976938578,45.26048254042048]}},{"id":"1171","type":"Feature","properties":{"libelle":"PAM-2517-2","axe":"LGV","pk_ef":"251+695","pk_gc":"251+695","decalage":"-25","commentair":null,"_sp_url":null,"_ph_url":"data/photos/pam/0210.jpg"},"geometry":{"type":"Point","coordinates":[-0.12257428002662969,45.262273760089016]}},{"id":"959","type":"Feature","properties":{"libelle":"PAM-2510-1","axe":"LGV","pk_ef":"250+950","pk_gc":"250+950","decalage":"162","commentair":"PAM Bassin","_sp_url":null,"_ph_url":"data/photos/pam/0211.jpg"},"geometry":{"type":"Point","coordinates":[-0.1140950405466825,45.265677979966654]}},{"id":"955","type":"Feature","properties":{"libelle":"PAM-2509-2","axe":"LGV","pk_ef":"250+923","pk_gc":"250+923","decalage":"-32","commentair":null,"_sp_url":null,"_ph_url":"data/photos/pam/0212.jpg"},"geometry":{"type":"Point","coordinates":[-0.11550032948039973,45.26713054032911]}},{"id":"1164","type":"Feature","properties":{"libelle":"PAM-2463-3","axe":"LGV","pk_ef":"246+296","pk_gc":"246+296","decalage":"25","commentair":null,"_sp_url":null,"_ph_url":"data/photos/pam/0213.jpg"},"geometry":{"type":"Point","coordinates":[-0.0714315995480748,45.29484148005509]}},{"id":"762","type":"Feature","properties":{"libelle":"PAM-2463-1","axe":"LGV","pk_ef":"246+296","pk_gc":"246+296","decalage":"25","commentair":null,"_sp_url":null,"_ph_url":"data/photos/pam/0214.jpg"},"geometry":{"type":"Point","coordinates":[-0.0714315995480748,45.29484148005509]}},{"id":"1246","type":"Feature","properties":{"libelle":"PAM-2460-1","axe":"LGV","pk_ef":"246+031","pk_gc":"246+031","decalage":"29","commentair":null,"_sp_url":null,"_ph_url":"data/photos/pam/0215.jpg"},"geometry":{"type":"Point","coordinates":[-0.06891574993349449,45.296435419942355]}},{"id":"441","type":"Feature","properties":{"libelle":"PAM-2449-2","axe":"LGV","pk_ef":"244+887","pk_gc":"244+887","decalage":"-40","commentair":null,"_sp_url":null,"_ph_url":"data/photos/pam/0216.jpg"},"geometry":{"type":"Point","coordinates":[-0.058792419513162913,45.303846770025636]}},{"id":"1220","type":"Feature","properties":{"libelle":"PAM-2447-2","axe":"LGV","pk_ef":"244+749","pk_gc":"244+749","decalage":"-37","commentair":null,"_sp_url":null,"_ph_url":"data/photos/pam/0217.jpg"},"geometry":{"type":"Point","coordinates":[-0.0576626194833698,45.30479985960967]}},{"id":"835","type":"Feature","properties":{"libelle":"PAM-2444-1","axe":"LGV","pk_ef":"244+411","pk_gc":"244+411","decalage":"24","commentair":null,"_sp_url":null,"_ph_url":"data/photos/pam/0218.jpg"},"geometry":{"type":"Point","coordinates":[-0.05498291980044049,45.30718438961087]}},{"id":"1034","type":"Feature","properties":{"libelle":"PAM-2442-4","axe":"LGV","pk_ef":"244+242","pk_gc":"244+242","decalage":"-27","commentair":null,"_sp_url":null,"_ph_url":"data/photos/pam/0219.jpg"},"geometry":{"type":"Point","coordinates":[-0.05368928939229183,45.30840190989793]}},{"id":"1141","type":"Feature","properties":{"libelle":"PAM-2442-2","axe":"LGV","pk_ef":"244+242","pk_gc":"244+242","decalage":"-27","commentair":null,"_sp_url":null,"_ph_url":"data/photos/pam/0220.jpg"},"geometry":{"type":"Point","coordinates":[-0.05368928939229183,45.30840190989793]}},{"id":"515","type":"Feature","properties":{"libelle":"PAM-2442-3","axe":"LGV","pk_ef":"244+238","pk_gc":"244+238","decalage":"27","commentair":null,"_sp_url":null,"_ph_url":"data/photos/pam/0221.jpg"},"geometry":{"type":"Point","coordinates":[-0.053658949715491934,45.308430880005325]}},{"id":"1136","type":"Feature","properties":{"libelle":"PAM-2442-1","axe":"LGV","pk_ef":"244+238","pk_gc":"244+238","decalage":"27","commentair":null,"_sp_url":null,"_ph_url":"data/photos/pam/0222.jpg"},"geometry":{"type":"Point","coordinates":[-0.053658949715491934,45.308430880005325]}},{"id":"442","type":"Feature","properties":{"libelle":"PAM-2441-2","axe":"LGV","pk_ef":"244+089","pk_gc":"244+089","decalage":"-25","commentair":null,"_sp_url":null,"_ph_url":"data/photos/pam/0223.jpg"},"geometry":{"type":"Point","coordinates":[-0.05253263007852694,45.309511800117924]}},{"id":"1070","type":"Feature","properties":{"libelle":"PAM-2441-1","axe":"LGV","pk_ef":"244+080","pk_gc":"244+080","decalage":"16","commentair":null,"_sp_url":null,"_ph_url":"data/photos/pam/0224.jpg"},"geometry":{"type":"Point","coordinates":[-0.05246467008384973,45.30957712020782]}},{"id":"732","type":"Feature","properties":{"libelle":"PAM-2433-2","axe":"LGV","pk_ef":"243+284","pk_gc":"243+284","decalage":"-60","commentair":null,"_sp_url":null,"_ph_url":"data/photos/pam/0225.jpg"},"geometry":{"type":"Point","coordinates":[-0.04645326978668596,45.31535488038667]}},{"id":"222","type":"Feature","properties":{"libelle":"PAM-2432-1","axe":"LGV","pk_ef":"243+212","pk_gc":"243+212","decalage":"63","commentair":null,"_sp_url":null,"_ph_url":"data/photos/pam/0226.jpg"},"geometry":{"type":"Point","coordinates":[-0.04590946942153438,45.31587746962839]}},{"id":"776","type":"Feature","properties":{"libelle":"PAM-2430-1","axe":"LGV","pk_ef":"242+976","pk_gc":"242+976","decalage":"44","commentair":null,"_sp_url":null,"_ph_url":"data/photos/pam/0227.jpg"},"geometry":{"type":"Point","coordinates":[-0.044128340247860214,45.31759114031908]}},{"id":"787","type":"Feature","properties":{"libelle":"PAM-2429-2","axe":"LGV","pk_ef":"242+863","pk_gc":"242+863","decalage":"-38","commentair":null,"_sp_url":null,"_ph_url":"data/photos/pam/0228.jpg"},"geometry":{"type":"Point","coordinates":[-0.04328361947862182,45.31841583998006]}},{"id":"214","type":"Feature","properties":{"libelle":"PAM-2427-3","axe":"LGV","pk_ef":"242+711","pk_gc":"242+711","decalage":"23","commentair":null,"_sp_url":null,"_ph_url":"data/photos/pam/0229.jpg"},"geometry":{"type":"Point","coordinates":[-0.04217094002967153,45.31953697980911]}},{"id":"671","type":"Feature","properties":{"libelle":"PAM-2427-2","axe":"LGV","pk_ef":"242+673","pk_gc":"242+673","decalage":"-26","commentair":null,"_sp_url":null,"_ph_url":"data/photos/pam/0230.jpg"},"geometry":{"type":"Point","coordinates":[-0.041898009982395575,45.319819830269346]}},{"id":"562","type":"Feature","properties":{"libelle":"PAM-2427-1","axe":"LGV","pk_ef":"242+672","pk_gc":"242+672","decalage":"24","commentair":null,"_sp_url":null,"_ph_url":"data/photos/pam/0231.jpg"},"geometry":{"type":"Point","coordinates":[-0.04189085987884565,45.319827290339546]}},{"id":"133","type":"Feature","properties":{"libelle":"PAM-2422-1","axe":"LGV","pk_ef":"242+242","pk_gc":"242+242","decalage":"33","commentair":null,"_sp_url":null,"_ph_url":"data/photos/pam/0232.jpg"},"geometry":{"type":"Point","coordinates":[-0.03895357960463165,45.32309732956675]}},{"id":"235","type":"Feature","properties":{"libelle":"PAM-2422-3","axe":"LGV","pk_ef":"242+242","pk_gc":"242+242","decalage":"33","commentair":null,"_sp_url":null,"_ph_url":"data/photos/pam/0233.jpg"},"geometry":{"type":"Point","coordinates":[-0.03895357960463165,45.32309732956675]}},{"id":"779","type":"Feature","properties":{"libelle":"PAM-2419-1","axe":"LGV","pk_ef":"241+889","pk_gc":"241+889","decalage":"29","commentair":null,"_sp_url":null,"_ph_url":"data/photos/pam/0234.jpg"},"geometry":{"type":"Point","coordinates":[-0.036753989705501776,45.32587105980341]}},{"id":"552","type":"Feature","properties":{"libelle":"PAM-2414-1","axe":"LGV","pk_ef":"241+388","pk_gc":"241+388","decalage":"40","commentair":null,"_sp_url":null,"_ph_url":"data/photos/pam/0235.jpg"},"geometry":{"type":"Point","coordinates":[-0.03397110937437055,45.32993175980064]}},{"id":"393","type":"Feature","properties":{"libelle":"PAM-2412-1","axe":"LGV","pk_ef":"241+208","pk_gc":"241+208","decalage":"16","commentair":null,"_sp_url":null,"_ph_url":"data/photos/pam/0236.jpg"},"geometry":{"type":"Point","coordinates":[-0.033070709374429276,45.331422899767816]}},{"id":"1145","type":"Feature","properties":{"libelle":"PAM-2394-1","axe":"LGV","pk_ef":"239+441","pk_gc":"239+441","decalage":"34","commentair":null,"_sp_url":null,"_ph_url":"data/photos/pam/0237.jpg"},"geometry":{"type":"Point","coordinates":[-0.027146440518160873,45.34673337041064]}},{"id":"236","type":"Feature","properties":{"libelle":"PAM-2394-2","axe":"LGV","pk_ef":"239+438","pk_gc":"239+438","decalage":"-40","commentair":null,"_sp_url":null,"_ph_url":"data/photos/pam/0238.jpg"},"geometry":{"type":"Point","coordinates":[-0.027140999485132714,45.34676011016473]}},{"id":"947","type":"Feature","properties":{"libelle":"PAM-2393-1","axe":"LGV","pk_ef":"239+286","pk_gc":"239+286","decalage":"34","commentair":null,"_sp_url":null,"_ph_url":"data/photos/pam/0239.jpg"},"geometry":{"type":"Point","coordinates":[-0.02688612051484796,45.34811690983509]}},{"id":"315","type":"Feature","properties":{"libelle":"PAM-2393-2","axe":"LGV","pk_ef":"239+266","pk_gc":"239+266","decalage":"-31","commentair":null,"_sp_url":null,"_ph_url":"data/photos/pam/0240.jpg"},"geometry":{"type":"Point","coordinates":[-0.026855639382178085,45.34829571017529]}},{"id":"304","type":"Feature","properties":{"libelle":"PAM-2390-2","axe":"LGV","pk_ef":"239+028","pk_gc":"239+028","decalage":"-45","commentair":null,"_sp_url":null,"_ph_url":"data/photos/pam/0241.jpg"},"geometry":{"type":"Point","coordinates":[-0.02654739025105168,45.35042762030427]}},{"id":"1216","type":"Feature","properties":{"libelle":"PAM-2386-1","axe":"LGV","pk_ef":"238+570","pk_gc":"238+570","decalage":"45","commentair":null,"_sp_url":null,"_ph_url":"data/photos/pam/0242.jpg"},"geometry":{"type":"Point","coordinates":[-0.02621872980874004,45.35454471001295]}},{"id":"330","type":"Feature","properties":{"libelle":"PAM-2379-2","axe":"LGV","pk_ef":"237+858","pk_gc":"237+858","decalage":"-16","commentair":null,"_sp_url":null,"_ph_url":"data/photos/pam/0243.jpg"},"geometry":{"type":"Point","coordinates":[-0.02587666026994076,45.36095135995052]}},{"id":"588","type":"Feature","properties":{"libelle":"PAM-2378-1","axe":"LGV","pk_ef":"237+845","pk_gc":"237+845","decalage":"33","commentair":null,"_sp_url":null,"_ph_url":"data/photos/pam/0244.jpg"},"geometry":{"type":"Point","coordinates":[-0.02587040938420552,45.3610683298174]}},{"id":"204","type":"Feature","properties":{"libelle":"PAM-2377-2","axe":"LGV","pk_ef":"237+693","pk_gc":"237+693","decalage":"-20","commentair":null,"_sp_url":null,"_ph_url":"data/photos/pam/0245.jpg"},"geometry":{"type":"Point","coordinates":[-0.02579737977859748,45.36243603979985]}},{"id":"1137","type":"Feature","properties":{"libelle":"PAM-2374-2","axe":"LGV","pk_ef":"237+415","pk_gc":"237+415","decalage":"-33","commentair":null,"_sp_url":null,"_ph_url":"data/photos/pam/0246.jpg"},"geometry":{"type":"Point","coordinates":[-0.02566151043874148,45.36493746039823]}},{"id":"82","type":"Feature","properties":{"libelle":"PAM-2370-1","axe":"LGV","pk_ef":"237+000","pk_gc":"237+000","decalage":"153","commentair":null,"_sp_url":null,"_ph_url":"data/photos/pam/0247.jpg"},"geometry":{"type":"Point","coordinates":[-0.025326099930914732,45.36866647012647]}},{"id":"629","type":"Feature","properties":{"libelle":"PAM-2363-2","axe":"LGV","pk_ef":"236+281","pk_gc":"236+281","decalage":"-33","commentair":null,"_sp_url":null,"_ph_url":"data/photos/pam/0248.jpg"},"geometry":{"type":"Point","coordinates":[-0.02412658946987615,45.37508323966227]}},{"id":"451","type":"Feature","properties":{"libelle":"PAM-2363-4","axe":"LGV","pk_ef":"236+281","pk_gc":"236+281","decalage":"-33","commentair":null,"_sp_url":null,"_ph_url":"data/photos/pam/0249.jpg"},"geometry":{"type":"Point","coordinates":[-0.02412658946987615,45.37508323966227]}},{"id":"1016","type":"Feature","properties":{"libelle":"PAM-2361-2","axe":"LGV","pk_ef":"236+140","pk_gc":"236+140","decalage":"-34","commentair":null,"_sp_url":null,"_ph_url":"data/photos/pam/0250.jpg"},"geometry":{"type":"Point","coordinates":[-0.02379944063967261,45.37633175035553]}},{"id":"929","type":"Feature","properties":{"libelle":"PAM-2360-2","axe":"LGV","pk_ef":"236+028","pk_gc":"236+028","decalage":"-17","commentair":null,"_sp_url":null,"_ph_url":"data/photos/pam/0251.jpg"},"geometry":{"type":"Point","coordinates":[-0.023518240132678735,45.3773205798606]}},{"id":"1186","type":"Feature","properties":{"libelle":"PAM-2359-2","axe":"LGV","pk_ef":"235+858","pk_gc":"235+858","decalage":"-24","commentair":null,"_sp_url":null,"_ph_url":"data/photos/pam/0252.jpg"},"geometry":{"type":"Point","coordinates":[-0.02305543045337199,45.3788161597115]}},{"id":"953","type":"Feature","properties":{"libelle":"PAM-2357-2","axe":"LGV","pk_ef":"235+705","pk_gc":"235+705","decalage":"-26","commentair":null,"_sp_url":null,"_ph_url":"data/photos/pam/0253.jpg"},"geometry":{"type":"Point","coordinates":[-0.02260195014658565,45.380156250256725]}},{"id":"1181","type":"Feature","properties":{"libelle":"PAM-2346-2","axe":"LGV","pk_ef":"234+621","pk_gc":"234+621","decalage":"-32","commentair":null,"_sp_url":null,"_ph_url":"data/photos/pam/0254.jpg"},"geometry":{"type":"Point","coordinates":[-0.018400940076806083,45.389450180100745]}},{"id":"1191","type":"Feature","properties":{"libelle":"PAM-2346-1","axe":"LGV","pk_ef":"234+604","pk_gc":"234+604","decalage":"32","commentair":null,"_sp_url":null,"_ph_url":"data/photos/pam/0255.jpg"},"geometry":{"type":"Point","coordinates":[-0.018321469548864742,45.3895926497652]}},{"id":"370","type":"Feature","properties":{"libelle":"PAM-2335-1","axe":"LGV","pk_ef":"233+487","pk_gc":"233+487","decalage":"30","commentair":null,"_sp_url":null,"_ph_url":"data/photos/pam/0256.jpg"},"geometry":{"type":"Point","coordinates":[-0.012213479991285818,45.39867529012357]}},{"id":"416","type":"Feature","properties":{"libelle":"PAM-2335-2","axe":"LGV","pk_ef":"233+477","pk_gc":"233+477","decalage":"-26","commentair":null,"_sp_url":null,"_ph_url":"data/photos/pam/0257.jpg"},"geometry":{"type":"Point","coordinates":[-0.01215133038714302,45.398753969977484]}},{"id":"1067","type":"Feature","properties":{"libelle":"PAM-2334-2","axe":"LGV","pk_ef":"233+442","pk_gc":"233+442","decalage":"-22","commentair":null,"_sp_url":null,"_ph_url":"data/photos/pam/0258.jpg"},"geometry":{"type":"Point","coordinates":[-0.011933210254537734,45.39902913001353]}},{"id":"4","type":"Feature","properties":{"libelle":"PAM-2326-2","axe":"LGV","pk_ef":"232+568","pk_gc":"232+568","decalage":"-23","commentair":null,"_sp_url":null,"_ph_url":"data/photos/pam/0259.jpg"},"geometry":{"type":"Point","coordinates":[-0.006445780372836476,45.40588427997178]}},{"id":"517","type":"Feature","properties":{"libelle":"PAM-2325-2","axe":"LGV","pk_ef":"232+548","pk_gc":"232+548","decalage":"-17","commentair":null,"_sp_url":null,"_ph_url":"data/photos/pam/0260.jpg"},"geometry":{"type":"Point","coordinates":[-0.006320160548316,45.40604113994138]}},{"id":"956","type":"Feature","properties":{"libelle":"PAM-2325-3","axe":"LGV","pk_ef":"232+540","pk_gc":"232+540","decalage":"30","commentair":null,"_sp_url":null,"_ph_url":"data/photos/pam/0261.jpg"},"geometry":{"type":"Point","coordinates":[-0.006269909641468394,45.40610387982037]}},{"id":"198","type":"Feature","properties":{"libelle":"PAM-2325-1","axe":"LGV","pk_ef":"232+450","pk_gc":"232+450","decalage":"20","commentair":null,"_sp_url":null,"_ph_url":"data/photos/pam/0262.jpg"},"geometry":{"type":"Point","coordinates":[-0.0057046198408214665,45.406809709643404]}},{"id":"233","type":"Feature","properties":{"libelle":"PAM-2323-2","axe":"LGV","pk_ef":"232+251","pk_gc":"232+251","decalage":"-36","commentair":null,"_sp_url":null,"_ph_url":"data/photos/pam/0263.jpg"},"geometry":{"type":"Point","coordinates":[-0.004454649753975297,45.40837039012087]}},{"id":"16","type":"Feature","properties":{"libelle":"PAM-2303-1","axe":"LGV","pk_ef":"230+281","pk_gc":"230+281","decalage":"25","commentair":null,"_sp_url":null,"_ph_url":"data/photos/pam/0264.jpg"},"geometry":{"type":"Point","coordinates":[0.007927220261966402,45.42382915002777]}},{"id":"189","type":"Feature","properties":{"libelle":"PAM-2302-1","axe":"LGV","pk_ef":"230+230","pk_gc":"230+230","decalage":"38","commentair":null,"_sp_url":null,"_ph_url":"data/photos/pam/0265.jpg"},"geometry":{"type":"Point","coordinates":[0.00837165938876173,45.42417790963178]}},{"id":"197","type":"Feature","properties":{"libelle":"PAM-2303-2","axe":"LGV","pk_ef":"230+257","pk_gc":"230+257","decalage":"-28","commentair":null,"_sp_url":null,"_ph_url":"data/photos/pam/0266.jpg"},"geometry":{"type":"Point","coordinates":[0.007458700460674037,45.4242349403232]}},{"id":"1108","type":"Feature","properties":{"libelle":"PAM-2302-2","axe":"LGV","pk_ef":"230+229","pk_gc":"230+229","decalage":"-29","commentair":null,"_sp_url":null,"_ph_url":"data/photos/pam/0267.jpg"},"geometry":{"type":"Point","coordinates":[0.007604369984300207,45.42445901984672]}},{"id":"169","type":"Feature","properties":{"libelle":"PAM-2298-1","axe":"LGV","pk_ef":"229+834","pk_gc":"229+834","decalage":"32","commentair":null,"_sp_url":null,"_ph_url":"data/photos/pam/0268.jpg"},"geometry":{"type":"Point","coordinates":[0.010571659831174491,45.42738919993577]}},{"id":"952","type":"Feature","properties":{"libelle":"PAM-2297-1","axe":"LGV","pk_ef":"229+670","pk_gc":"229+670","decalage":"43","commentair":null,"_sp_url":null,"_ph_url":"data/photos/pam/0269.jpg"},"geometry":{"type":"Point","coordinates":[0.011652970368985004,45.428666930428804]}},{"id":"35","type":"Feature","properties":{"libelle":"PAM-2297-2","axe":"LGV","pk_ef":"229+666","pk_gc":"229+666","decalage":"-53","commentair":null,"_sp_url":null,"_ph_url":"data/photos/pam/0270.jpg"},"geometry":{"type":"Point","coordinates":[0.010575909721119851,45.429083000412426]}},{"id":"601","type":"Feature","properties":{"libelle":"PAM-2294-1","axe":"LGV","pk_ef":"229+438","pk_gc":"229+438","decalage":"38","commentair":null,"_sp_url":null,"_ph_url":"data/photos/pam/0271.jpg"},"geometry":{"type":"Point","coordinates":[0.0129279599693029,45.4305462696911]}},{"id":"538","type":"Feature","properties":{"libelle":"PAM-2294-2","axe":"LGV","pk_ef":"229+448","pk_gc":"229+448","decalage":"-45","commentair":null,"_sp_url":null,"_ph_url":"data/photos/pam/0272.jpg"},"geometry":{"type":"Point","coordinates":[0.011918159931640079,45.43081262973004]}},{"id":"227","type":"Feature","properties":{"libelle":"PAM-2290-2","axe":"LGV","pk_ef":"228+995","pk_gc":"228+995","decalage":"-20","commentair":null,"_sp_url":null,"_ph_url":"data/photos/pam/0273.jpg"},"geometry":{"type":"Point","coordinates":[0.014811949652737345,45.43434661031142]}},{"id":"212","type":"Feature","properties":{"libelle":"PAM-2283-1","axe":"LGV","pk_ef":"228+273","pk_gc":"228+273","decalage":"57","commentair":null,"_sp_url":null,"_ph_url":"data/photos/pam/0274.jpg"},"geometry":{"type":"Point","coordinates":[0.019852859516589345,45.43984520022548]}},{"id":"300","type":"Feature","properties":{"libelle":"PAM-2282-2","axe":"LGV","pk_ef":"228+237","pk_gc":"228+237","decalage":"-43","commentair":null,"_sp_url":null,"_ph_url":"data/photos/pam/0275.jpg"},"geometry":{"type":"Point","coordinates":[0.018916859485034295,45.44053835022843]}},{"id":"460","type":"Feature","properties":{"libelle":"PAM-2282-1","axe":"LGV","pk_ef":"228+181","pk_gc":"228+181","decalage":"41","commentair":null,"_sp_url":null,"_ph_url":"data/photos/pam/0276.jpg"},"geometry":{"type":"Point","coordinates":[0.0202002702263576,45.44064935970729]}},{"id":"283","type":"Feature","properties":{"libelle":"PAM-2276-1","axe":"LGV","pk_ef":"227+590","pk_gc":"227+590","decalage":"49","commentair":null,"_sp_url":null,"_ph_url":"data/photos/pam/0277.jpg"},"geometry":{"type":"Point","coordinates":[0.023693800492652076,45.445370159916166]}},{"id":"626","type":"Feature","properties":{"libelle":"PAM-2275-4","axe":"LGV","pk_ef":"227+545","pk_gc":"227+545","decalage":"-33","commentair":null,"_sp_url":null,"_ph_url":"data/photos/pam/0278.jpg"},"geometry":{"type":"Point","coordinates":[0.023006889860306686,45.44606025990649]}},{"id":"739","type":"Feature","properties":{"libelle":"PAM-2275-2","axe":"LGV","pk_ef":"227+517","pk_gc":"227+517","decalage":"-33","commentair":null,"_sp_url":null,"_ph_url":"data/photos/pam/0279.jpg"},"geometry":{"type":"Point","coordinates":[0.023167339483721832,45.44628776030799]}},{"id":"471","type":"Feature","properties":{"libelle":"PAM-2273-1","axe":"LGV","pk_ef":"227+343","pk_gc":"227+343","decalage":"28","commentair":null,"_sp_url":null,"_ph_url":"data/photos/pam/0280.jpg"},"geometry":{"type":"Point","coordinates":[0.024860300137375117,45.44743952984459]}},{"id":"22","type":"Feature","properties":{"libelle":"PAM-2273-2","axe":"LGV","pk_ef":"227+291","pk_gc":"227+291","decalage":"-20","commentair":null,"_sp_url":null,"_ph_url":"data/photos/pam/0281.jpg"},"geometry":{"type":"Point","coordinates":[0.024619279792314683,45.44804844972039]}},{"id":"1254","type":"Feature","properties":{"libelle":"PAM-2267-2","axe":"LGV","pk_ef":"226+727","pk_gc":"226+727","decalage":"-91","commentair":null,"_sp_url":null,"_ph_url":"data/photos/pam/0282.jpg"},"geometry":{"type":"Point","coordinates":[0.027060689420539196,45.452877350313074]}},{"id":"824","type":"Feature","properties":{"libelle":"PAM-2265-2","axe":"LGV","pk_ef":"226+504","pk_gc":"226+504","decalage":"-78","commentair":null,"_sp_url":null,"_ph_url":"data/photos/pam/0283.jpg"},"geometry":{"type":"Point","coordinates":[0.028490119462696018,45.45461464026717]}},{"id":"149","type":"Feature","properties":{"libelle":"PAM-2263-1","axe":"LGV","pk_ef":"226+321","pk_gc":"226+321","decalage":"79","commentair":null,"_sp_url":null,"_ph_url":"data/photos/pam/0284.jpg"},"geometry":{"type":"Point","coordinates":[0.03133792939751416,45.45545406009487]}},{"id":"1233","type":"Feature","properties":{"libelle":"PAM-2261-1","axe":"LGV","pk_ef":"226+084","pk_gc":"226+084","decalage":"33","commentair":null,"_sp_url":null,"_ph_url":"data/photos/pam/0285.jpg"},"geometry":{"type":"Point","coordinates":[0.03217755992942368,45.457540119758136]}},{"id":"706","type":"Feature","properties":{"libelle":"PAM-2261-2","axe":"LGV","pk_ef":"226+059","pk_gc":"226+059","decalage":"-38","commentair":null,"_sp_url":null,"_ph_url":"data/photos/pam/0286.jpg"},"geometry":{"type":"Point","coordinates":[0.03150887030175608,45.45803319957435]}},{"id":"1245","type":"Feature","properties":{"libelle":"PAM-2256-2","axe":"LGV","pk_ef":"225+644","pk_gc":"225+644","decalage":"-23","commentair":null,"_sp_url":null,"_ph_url":"data/photos/pam/0287.jpg"},"geometry":{"type":"Point","coordinates":[0.0340753895780182,45.46131205993331]}},{"id":"125","type":"Feature","properties":{"libelle":"PAM-2253-1","axe":"LGV","pk_ef":"225+271","pk_gc":"225+271","decalage":"50","commentair":null,"_sp_url":null,"_ph_url":"data/photos/pam/0288.jpg"},"geometry":{"type":"Point","coordinates":[0.03716427044443651,45.46393933995553]}},{"id":"215","type":"Feature","properties":{"libelle":"PAM-2252-2","axe":"LGV","pk_ef":"225+225","pk_gc":"225+225","decalage":"-62","commentair":null,"_sp_url":null,"_ph_url":"data/photos/pam/0289.jpg"},"geometry":{"type":"Point","coordinates":[0.03622009008425445,45.46480778012115]}},{"id":"622","type":"Feature","properties":{"libelle":"PAM-2249-1","axe":"LGV","pk_ef":"224+928","pk_gc":"224+928","decalage":"55","commentair":null,"_sp_url":null,"_ph_url":"data/photos/pam/0290.jpg"},"geometry":{"type":"Point","coordinates":[0.03943430007398066,45.46657501009151]}},{"id":"683","type":"Feature","properties":{"libelle":"PAM-2250-2","axe":"LGV","pk_ef":"224+963","pk_gc":"224+963","decalage":"-74","commentair":null,"_sp_url":null,"_ph_url":"data/photos/pam/0291.jpg"},"geometry":{"type":"Point","coordinates":[0.03779242960840079,45.46690210974996]}},{"id":"550","type":"Feature","properties":{"libelle":"PAM-2245-2","axe":"LGV","pk_ef":"224+495","pk_gc":"224+495","decalage":"-22","commentair":null,"_sp_url":null,"_ph_url":"data/photos/pam/0292.jpg"},"geometry":{"type":"Point","coordinates":[0.0414132199136814,45.47028491000966]}},{"id":"1165","type":"Feature","properties":{"libelle":"PAM-2244-2","axe":"LGV","pk_ef":"224+356","pk_gc":"224+356","decalage":"-84","commentair":null,"_sp_url":null,"_ph_url":"data/photos/pam/0293.jpg"},"geometry":{"type":"Point","coordinates":[0.04163985018185393,45.4716477004313]}},{"id":"482","type":"Feature","properties":{"libelle":"PAM-2242-2","axe":"LGV","pk_ef":"224+208","pk_gc":"224+208","decalage":"-50","commentair":null,"_sp_url":null,"_ph_url":"data/photos/pam/0294.jpg"},"geometry":{"type":"Point","coordinates":[0.04298011047250138,45.472635780022465]}},{"id":"559","type":"Feature","properties":{"libelle":"PAM-2239-3","axe":"LGV","pk_ef":"223+927","pk_gc":"223+927","decalage":"58","commentair":null,"_sp_url":null,"_ph_url":"data/photos/pam/0295.jpg"},"geometry":{"type":"Point","coordinates":[0.04593130952876608,45.47437739011835]}},{"id":"650","type":"Feature","properties":{"libelle":"PAM-2239-1","axe":"LGV","pk_ef":"223+888","pk_gc":"223+888","decalage":"54","commentair":null,"_sp_url":null,"_ph_url":"data/photos/pam/0296.jpg"},"geometry":{"type":"Point","coordinates":[0.04612841974224432,45.47470325015489]}},{"id":"659","type":"Feature","properties":{"libelle":"PAM-2236-3","axe":"LGV","pk_ef":"223+608","pk_gc":"223+608","decalage":"22","commentair":null,"_sp_url":null,"_ph_url":"data/photos/pam/0297.jpg"},"geometry":{"type":"Point","coordinates":[0.04734770949927762,45.477108039833816]}},{"id":"949","type":"Feature","properties":{"libelle":"PAM-2236-1","axe":"LGV","pk_ef":"223+596","pk_gc":"223+596","decalage":"22","commentair":null,"_sp_url":null,"_ph_url":"data/photos/pam/0298.jpg"},"geometry":{"type":"Point","coordinates":[0.04741048951534779,45.477202830107494]}},{"id":"599","type":"Feature","properties":{"libelle":"PAM-2236-4","axe":"LGV","pk_ef":"223+607","pk_gc":"223+607","decalage":"-21","commentair":null,"_sp_url":null,"_ph_url":"data/photos/pam/0299.jpg"},"geometry":{"type":"Point","coordinates":[0.046856169702359285,45.47727824033675]}},{"id":"321","type":"Feature","properties":{"libelle":"PAM-2236-2","axe":"LGV","pk_ef":"223+597","pk_gc":"223+597","decalage":"-21","commentair":null,"_sp_url":null,"_ph_url":"data/photos/pam/0300.jpg"},"geometry":{"type":"Point","coordinates":[0.04691178998363795,45.477356590303785]}},{"id":"108","type":"Feature","properties":{"libelle":"PAM-2235-1","axe":"LGV","pk_ef":"223+492","pk_gc":"223+492","decalage":"19","commentair":null,"_sp_url":null,"_ph_url":"data/photos/pam/0301.jpg"},"geometry":{"type":"Point","coordinates":[0.04792685936374158,45.47806948004079]}},{"id":"532","type":"Feature","properties":{"libelle":"PAM-2233-1","axe":"LGV","pk_ef":"223+298","pk_gc":"223+298","decalage":"27","commentair":null,"_sp_url":null,"_ph_url":"data/photos/pam/0302.jpg"},"geometry":{"type":"Point","coordinates":[0.04899804063522574,45.47965663975548]}},{"id":"461","type":"Feature","properties":{"libelle":"PAM-2233-2","axe":"LGV","pk_ef":"223+323","pk_gc":"223+323","decalage":"-47","commentair":null,"_sp_url":null,"_ph_url":"data/photos/pam/0303.jpg"},"geometry":{"type":"Point","coordinates":[0.04800303023914197,45.47970492993367]}},{"id":"107","type":"Feature","properties":{"libelle":"PAM-2232-2","axe":"LGV","pk_ef":"223+204","pk_gc":"223+204","decalage":"-37","commentair":null,"_sp_url":null,"_ph_url":"data/photos/pam/0304.jpg"},"geometry":{"type":"Point","coordinates":[0.048681429522542084,45.48065654003256]}},{"id":"1144","type":"Feature","properties":{"libelle":"PAM-2224-2","axe":"LGV","pk_ef":"222+350","pk_gc":"222+350","decalage":"-23","commentair":null,"_sp_url":null,"_ph_url":"data/photos/pam/0305.jpg"},"geometry":{"type":"Point","coordinates":[0.05209342037369637,45.48791949964013]}},{"id":"241","type":"Feature","properties":{"libelle":"PAM-2221-1","axe":"LGV","pk_ef":"222+077","pk_gc":"222+077","decalage":"18","commentair":null,"_sp_url":null,"_ph_url":"data/photos/pam/0306.jpg"},"geometry":{"type":"Point","coordinates":[0.053344790250483325,45.49023764989972]}},{"id":"428","type":"Feature","properties":{"libelle":"PAM-2220-1","axe":"LGV","pk_ef":"222+007","pk_gc":"222+007","decalage":"26","commentair":null,"_sp_url":null,"_ph_url":"data/photos/pam/0307.jpg"},"geometry":{"type":"Point","coordinates":[0.05360533947456041,45.49084964031905]}},{"id":"804","type":"Feature","properties":{"libelle":"PAM-2220-2","axe":"LGV","pk_ef":"222+013","pk_gc":"222+013","decalage":"-30","commentair":null,"_sp_url":null,"_ph_url":"data/photos/pam/0308.jpg"},"geometry":{"type":"Point","coordinates":[0.05289509990526711,45.49088733038153]}},{"id":"1250","type":"Feature","properties":{"libelle":"PAM-2218-2","axe":"LGV","pk_ef":"221+759","pk_gc":"221+759","decalage":"-78","commentair":null,"_sp_url":null,"_ph_url":"data/photos/pam/0309.jpg"},"geometry":{"type":"Point","coordinates":[0.05280167036831203,45.49319084990365]}},{"id":"309","type":"Feature","properties":{"libelle":"PAM-2213-2","axe":"LGV","pk_ef":"221+256","pk_gc":"221+256","decalage":"-50","commentair":null,"_sp_url":null,"_ph_url":"data/photos/pam/0310.jpg"},"geometry":{"type":"Point","coordinates":[0.053786030066968804,45.497630770281326]}},{"id":"807","type":"Feature","properties":{"libelle":"PAM-2212-2","axe":"LGV","pk_ef":"221+180","pk_gc":"221+180","decalage":"-64","commentair":null,"_sp_url":null,"_ph_url":"data/photos/pam/0311.jpg"},"geometry":{"type":"Point","coordinates":[0.053664510410324516,45.49831762971875]}},{"id":"837","type":"Feature","properties":{"libelle":"PAM-2199-2","axe":"LGV","pk_ef":"219+934","pk_gc":"219+934","decalage":"-37","commentair":null,"_sp_url":null,"_ph_url":"data/photos/pam/0312.jpg"},"geometry":{"type":"Point","coordinates":[0.05350601990780297,45.50947633987552]}},{"id":"548","type":"Feature","properties":{"libelle":"PAM-2195-2","axe":"LGV","pk_ef":"219+467","pk_gc":"219+467","decalage":"-32","commentair":null,"_sp_url":null,"_ph_url":"data/photos/pam/0313.jpg"},"geometry":{"type":"Point","coordinates":[0.05320790939799861,45.51367713963727]}},{"id":"1073","type":"Feature","properties":{"libelle":"PAM-2194-2","axe":"LGV","pk_ef":"219+360","pk_gc":"219+360","decalage":"-20","commentair":null,"_sp_url":null,"_ph_url":"data/photos/pam/0314.jpg"},"geometry":{"type":"Point","coordinates":[0.053269979536493976,45.51464400042607]}},{"id":"1033","type":"Feature","properties":{"libelle":"PAM-2187-2","axe":"LGV","pk_ef":"218+681","pk_gc":"218+681","decalage":"-33","commentair":null,"_sp_url":null,"_ph_url":"data/photos/pam/0315.jpg"},"geometry":{"type":"Point","coordinates":[0.05289743020439138,45.52076917007694]}},{"id":"758","type":"Feature","properties":{"libelle":"PAM-2216-1","axe":"LGV","pk_ef":"221+633","pk_gc":"221+633","decalage":"34","commentair":null,"_sp_url":null,"_ph_url":"data/photos/pam/0316.jpg"},"geometry":{"type":"Point","coordinates":[0.054426159681918794,45.49418532005256]}},{"id":"299","type":"Feature","properties":{"libelle":"PAM-2213-1","axe":"LGV","pk_ef":"221+264","pk_gc":"221+264","decalage":"71","commentair":null,"_sp_url":null,"_ph_url":"data/photos/pam/0317.jpg"},"geometry":{"type":"Point","coordinates":[0.05533324963780309,45.4974881595873]}},{"id":"712","type":"Feature","properties":{"libelle":"PAM-2203-2","axe":"LGV","pk_ef":"220+259","pk_gc":"220+259","decalage":"-19","commentair":null,"_sp_url":null,"_ph_url":"data/photos/pam/0318.jpg"},"geometry":{"type":"Point","coordinates":[0.05399516056070268,45.506560850205204]}},{"id":"843","type":"Feature","properties":{"libelle":"PAM-2202-1","axe":"LGV","pk_ef":"220+180","pk_gc":"220+180","decalage":"33","commentair":null,"_sp_url":null,"_ph_url":"data/photos/pam/0319.jpg"},"geometry":{"type":"Point","coordinates":[0.05459051999753509,45.50730316027247]}},{"id":"1219","type":"Feature","properties":{"libelle":"PAM-2199-1","axe":"LGV","pk_ef":"219+898","pk_gc":"219+898","decalage":"35","commentair":null,"_sp_url":null,"_ph_url":"data/photos/pam/0320.jpg"},"geometry":{"type":"Point","coordinates":[0.05439943961652259,45.50983530035748]}},{"id":"433","type":"Feature","properties":{"libelle":"PAM-2195-1","axe":"LGV","pk_ef":"219+468","pk_gc":"219+468","decalage":"35","commentair":null,"_sp_url":null,"_ph_url":"data/photos/pam/0321.jpg"},"geometry":{"type":"Point","coordinates":[0.05405863967107777,45.51370138971626]}},{"id":"630","type":"Feature","properties":{"libelle":"PAM-2186-1","axe":"LGV","pk_ef":"218+558","pk_gc":"218+558","decalage":"17","commentair":null,"_sp_url":null,"_ph_url":"data/photos/pam/0322.jpg"},"geometry":{"type":"Point","coordinates":[0.05360625022398219,45.521859920056336]}},{"id":"928","type":"Feature","properties":{"libelle":"PAM-2184-2","axe":"LGV","pk_ef":"218+444","pk_gc":"218+444","decalage":"-32","commentair":null,"_sp_url":null,"_ph_url":"data/photos/pam/0323.jpg"},"geometry":{"type":"Point","coordinates":[0.05305374961867379,45.52291584023984]}},{"id":"729","type":"Feature","properties":{"libelle":"PAM-2182-2","axe":"LGV","pk_ef":"218+210","pk_gc":"218+210","decalage":"-31","commentair":null,"_sp_url":null,"_ph_url":"data/photos/pam/0324.jpg"},"geometry":{"type":"Point","coordinates":[0.053322939636742464,45.52502579997164]}},{"id":"910","type":"Feature","properties":{"libelle":"PAM-2182-1","axe":"LGV","pk_ef":"218+178","pk_gc":"218+178","decalage":"19","commentair":null,"_sp_url":null,"_ph_url":"data/photos/pam/0325.jpg"},"geometry":{"type":"Point","coordinates":[0.05401136958068988,45.52525755957892]}},{"id":"413","type":"Feature","properties":{"libelle":"PAM-2180-3","axe":"LGV","pk_ef":"218+022","pk_gc":"218+022","decalage":"49","commentair":null,"_sp_url":null,"_ph_url":"data/photos/pam/0326.jpg"},"geometry":{"type":"Point","coordinates":[0.05462889053772063,45.52661471962944]}},{"id":"272","type":"Feature","properties":{"libelle":"PAM-2180-2","axe":"LGV","pk_ef":"217+989","pk_gc":"217+989","decalage":"-41","commentair":null,"_sp_url":null,"_ph_url":"data/photos/pam/0327.jpg"},"geometry":{"type":"Point","coordinates":[0.05353902038450339,45.52702111016379]}},{"id":"1187","type":"Feature","properties":{"libelle":"PAM-2180-1","axe":"LGV","pk_ef":"217+956","pk_gc":"217+956","decalage":"35","commentair":null,"_sp_url":null,"_ph_url":"data/photos/pam/0328.jpg"},"geometry":{"type":"Point","coordinates":[0.05457115027925616,45.52721297962139]}},{"id":"566","type":"Feature","properties":{"libelle":"PAM-2178-2","axe":"LGV","pk_ef":"217+803","pk_gc":"217+803","decalage":"-18","commentair":null,"_sp_url":null,"_ph_url":"data/photos/pam/0329.jpg"},"geometry":{"type":"Point","coordinates":[0.054196800450075924,45.5286543799605]}},{"id":"576","type":"Feature","properties":{"libelle":"PAM-2177-1","axe":"LGV","pk_ef":"217+742","pk_gc":"217+742","decalage":"19","commentair":null,"_sp_url":null,"_ph_url":"data/photos/pam/0330.jpg"},"geometry":{"type":"Point","coordinates":[0.05479703018899669,45.52913345965226]}},{"id":"967","type":"Feature","properties":{"libelle":"PAM-2176-4","axe":"LGV","pk_ef":"217+644","pk_gc":"217+644","decalage":"-57","commentair":null,"_sp_url":null,"_ph_url":"data/photos/pam/0331.jpg"},"geometry":{"type":"Point","coordinates":[0.05407511961031398,45.530130430069484]}},{"id":"774","type":"Feature","properties":{"libelle":"PAM-2176-2","axe":"LGV","pk_ef":"217+552","pk_gc":"217+552","decalage":"-27","commentair":null,"_sp_url":null,"_ph_url":"data/photos/pam/0332.jpg"},"geometry":{"type":"Point","coordinates":[0.05469435962938421,45.53088961017742]}},{"id":"938","type":"Feature","properties":{"libelle":"PAM-2171-1","axe":"LGV","pk_ef":"217+074","pk_gc":"217+074","decalage":"27","commentair":null,"_sp_url":null,"_ph_url":"data/photos/pam/0333.jpg"},"geometry":{"type":"Point","coordinates":[0.0568392001126474,45.5349591398217]}},{"id":"42","type":"Feature","properties":{"libelle":"PAM-2166-1","axe":"LGV","pk_ef":"216+575","pk_gc":"216+575","decalage":"16","commentair":null,"_sp_url":null,"_ph_url":"data/photos/pam/0334.jpg"},"geometry":{"type":"Point","coordinates":[0.05840684004929938,45.53931033003775]}},{"id":"981","type":"Feature","properties":{"libelle":"PAM-2165-2","axe":"LGV","pk_ef":"216+461","pk_gc":"216+461","decalage":"-20","commentair":null,"_sp_url":null,"_ph_url":"data/photos/pam/0335.jpg"},"geometry":{"type":"Point","coordinates":[0.058351859482724644,45.540392959770564]}},{"id":"693","type":"Feature","properties":{"libelle":"PAM-2163-1","axe":"LGV","pk_ef":"216+344","pk_gc":"216+344","decalage":"43","commentair":null,"_sp_url":null,"_ph_url":"data/photos/pam/0336.jpg"},"geometry":{"type":"Point","coordinates":[0.059524050433308384,45.541258220296406]}},{"id":"13","type":"Feature","properties":{"libelle":"PAM-2163-2","axe":"LGV","pk_ef":"216+349","pk_gc":"216+349","decalage":"-28","commentair":null,"_sp_url":null,"_ph_url":"data/photos/pam/0337.jpg"},"geometry":{"type":"Point","coordinates":[0.058629859935471366,45.54138597003646]}},{"id":"707","type":"Feature","properties":{"libelle":"PAM-2156-1","axe":"LGV","pk_ef":"215+636","pk_gc":"215+636","decalage":"21","commentair":null,"_sp_url":null,"_ph_url":"data/photos/pam/0338.jpg"},"geometry":{"type":"Point","coordinates":[0.06160605975274923,45.54746953010035]}},{"id":"565","type":"Feature","properties":{"libelle":"PAM-2154-1","axe":"LGV","pk_ef":"215+410","pk_gc":"215+410","decalage":"64","commentair":null,"_sp_url":null,"_ph_url":"data/photos/pam/0339.jpg"},"geometry":{"type":"Point","coordinates":[0.06276041939441791,45.54939388980405]}},{"id":"331","type":"Feature","properties":{"libelle":"PAM-2148-2","axe":"LGV","pk_ef":"214+800","pk_gc":"214+800","decalage":"-41","commentair":null,"_sp_url":null,"_ph_url":"data/photos/pam/0340.jpg"},"geometry":{"type":"Point","coordinates":[0.06256839961604936,45.55497008998079]}},{"id":"895","type":"Feature","properties":{"libelle":"PAM-2147-1","axe":"LGV","pk_ef":"214+702","pk_gc":"214+702","decalage":"34","commentair":null,"_sp_url":null,"_ph_url":"data/photos/pam/0341.jpg"},"geometry":{"type":"Point","coordinates":[0.06364433938590813,45.55578908030623]}},{"id":"229","type":"Feature","properties":{"libelle":"PAM-2145-2","axe":"LGV","pk_ef":"214+514","pk_gc":"214+514","decalage":"-63","commentair":null,"_sp_url":null,"_ph_url":"data/photos/pam/0342.jpg"},"geometry":{"type":"Point","coordinates":[0.06256485007481331,45.557542629762985]}},{"id":"1239","type":"Feature","properties":{"libelle":"PAM-CE2-0045-1","axe":"CE2","pk_ef":"004+812","pk_gc":"004+513","decalage":"29","commentair":null,"_sp_url":null,"_ph_url":"data/photos/pam/0343.jpg"},"geometry":{"type":"Point","coordinates":[0.0639264396790834,45.569403839993974]}},{"id":"586","type":"Feature","properties":{"libelle":"PAM-CE2-0044-1","axe":"CE2","pk_ef":"004+657","pk_gc":"004+358","decalage":"25","commentair":null,"_sp_url":null,"_ph_url":"data/photos/pam/0344.jpg"},"geometry":{"type":"Point","coordinates":[0.06400101038290379,45.57077729010306]}},{"id":"56","type":"Feature","properties":{"libelle":"PAM-CE1-0041-1","axe":"CE1","pk_ef":"004+111","pk_gc":"004+111","decalage":"48","commentair":null,"_sp_url":null,"_ph_url":"data/photos/pam/0345.jpg"},"geometry":{"type":"Point","coordinates":[0.06663169987159027,45.57486679015619]}},{"id":"612","type":"Feature","properties":{"libelle":"PAM-2126-2","axe":"LGV","pk_ef":"212+587","pk_gc":"212+587","decalage":"-50","commentair":null,"_sp_url":null,"_ph_url":"data/photos/pam/0346.jpg"},"geometry":{"type":"Point","coordinates":[0.06418763048674284,45.57485301005402]}},{"id":"1032","type":"Feature","properties":{"libelle":"PAM-2123-2","axe":"LGV","pk_ef":"212+264","pk_gc":"212+264","decalage":"-28","commentair":null,"_sp_url":null,"_ph_url":"data/photos/pam/0347.jpg"},"geometry":{"type":"Point","coordinates":[0.06470753061872316,45.57774878993241]}},{"id":"448","type":"Feature","properties":{"libelle":"PAM-2122-2","axe":"LGV","pk_ef":"212+243","pk_gc":"212+243","decalage":"-21","commentair":null,"_sp_url":null,"_ph_url":"data/photos/pam/0348.jpg"},"geometry":{"type":"Point","coordinates":[0.06480947049027902,45.57792746999324]}},{"id":"897","type":"Feature","properties":{"libelle":"PAM-2122-1","axe":"LGV","pk_ef":"212+151","pk_gc":"212+151","decalage":"19","commentair":null,"_sp_url":null,"_ph_url":"data/photos/pam/0349.jpg"},"geometry":{"type":"Point","coordinates":[0.065396179777135,45.578732889572365]}},{"id":"134","type":"Feature","properties":{"libelle":"PAM-CE1-0035-1","axe":"CE1","pk_ef":"003+460","pk_gc":"003+460","decalage":"15","commentair":null,"_sp_url":null,"_ph_url":"data/photos/pam/0350.jpg"},"geometry":{"type":"Point","coordinates":[0.06988149048810735,45.580165010326]}},{"id":"1155","type":"Feature","properties":{"libelle":"PAM-CE1-0033-2","axe":"CE1","pk_ef":"003+298","pk_gc":"003+298","decalage":"-28","commentair":null,"_sp_url":null,"_ph_url":"data/photos/pam/0351.jpg"},"geometry":{"type":"Point","coordinates":[0.07067077969266178,45.581569239909534]}},{"id":"1217","type":"Feature","properties":{"libelle":"PAM-CE1-0031-1","axe":"CE1","pk_ef":"003+142","pk_gc":"003+142","decalage":"39","commentair":null,"_sp_url":null,"_ph_url":"data/photos/pam/0352.jpg"},"geometry":{"type":"Point","coordinates":[0.07261988001263205,45.582237200387404]}},{"id":"920","type":"Feature","properties":{"libelle":"PAM-CE2-0029-1","axe":"CE2","pk_ef":"003+193","pk_gc":"002+894","decalage":"24","commentair":null,"_sp_url":null,"_ph_url":"data/photos/pam/0353.jpg"},"geometry":{"type":"Point","coordinates":[0.07163395059033505,45.58239010974317]}},{"id":"483","type":"Feature","properties":{"libelle":"PAM-2116-1","axe":"LGV","pk_ef":"211+568","pk_gc":"211+568","decalage":"19","commentair":null,"_sp_url":null,"_ph_url":"data/photos/pam/0354.jpg"},"geometry":{"type":"Point","coordinates":[0.06582256982536352,45.583974969896076]}},{"id":"253","type":"Feature","properties":{"libelle":"PAM-2112-2","axe":"LGV","pk_ef":"211+239","pk_gc":"211+239","decalage":"-17","commentair":null,"_sp_url":null,"_ph_url":"data/photos/pam/0355.jpg"},"geometry":{"type":"Point","coordinates":[0.06561736012704762,45.58695459975514]}},{"id":"1098","type":"Feature","properties":{"libelle":"PAM-2108-4","axe":"LGV","pk_ef":"210+802","pk_gc":"210+802","decalage":"-18","commentair":null,"_sp_url":null,"_ph_url":"data/photos/pam/0356.jpg"},"geometry":{"type":"Point","coordinates":[0.06584094020622835,45.59087643042764]}},{"id":"509","type":"Feature","properties":{"libelle":"PAM-2108-2","axe":"LGV","pk_ef":"210+764","pk_gc":"210+764","decalage":"-20","commentair":null,"_sp_url":null,"_ph_url":"data/photos/pam/0357.jpg"},"geometry":{"type":"Point","coordinates":[0.06582485015878599,45.591224120182716]}},{"id":"996","type":"Feature","properties":{"libelle":"PAM-2107-1","axe":"LGV","pk_ef":"210+707","pk_gc":"210+707","decalage":"37","commentair":null,"_sp_url":null,"_ph_url":"data/photos/pam/0358.jpg"},"geometry":{"type":"Point","coordinates":[0.06656768057279532,45.59172894046324]}},{"id":"614","type":"Feature","properties":{"libelle":"PAM-2104-2","axe":"LGV","pk_ef":"210+368","pk_gc":"210+368","decalage":"-61","commentair":null,"_sp_url":null,"_ph_url":"data/photos/pam/0359.jpg"},"geometry":{"type":"Point","coordinates":[0.065314869412187,45.594784620041345]}},{"id":"1071","type":"Feature","properties":{"libelle":"PAM-2102-1","axe":"LGV","pk_ef":"210+209","pk_gc":"210+209","decalage":"7","commentair":null,"_sp_url":null,"_ph_url":"data/photos/pam/0360.jpg"},"geometry":{"type":"Point","coordinates":[0.06617885994197407,45.59621253015067]}},{"id":"434","type":"Feature","properties":{"libelle":"PAM-2101-1","axe":"LGV","pk_ef":"210+143","pk_gc":"210+143","decalage":"101","commentair":"PAM Bassin","_sp_url":null,"_ph_url":"data/photos/pam/0361.jpg"},"geometry":{"type":"Point","coordinates":[0.06738996975755962,45.59680722970099]}},{"id":"325","type":"Feature","properties":{"libelle":"PAM-2097-1","axe":"LGV","pk_ef":"209+676","pk_gc":"209+676","decalage":"23","commentair":null,"_sp_url":null,"_ph_url":"data/photos/pam/0362.jpg"},"geometry":{"type":"Point","coordinates":[0.06637539965572173,45.60101572036084]}},{"id":"479","type":"Feature","properties":{"libelle":"PAM-2095-2","axe":"LGV","pk_ef":"209+507","pk_gc":"209+507","decalage":"-29","commentair":null,"_sp_url":null,"_ph_url":"data/photos/pam/0363.jpg"},"geometry":{"type":"Point","coordinates":[0.06572107947748607,45.60253736958681]}},{"id":"156","type":"Feature","properties":{"libelle":"PAM-2090-2","axe":"LGV","pk_ef":"209+020","pk_gc":"209+020","decalage":"-29","commentair":null,"_sp_url":null,"_ph_url":"data/photos/pam/0364.jpg"},"geometry":{"type":"Point","coordinates":[0.06598146004632503,45.606940000414816]}},{"id":"444","type":"Feature","properties":{"libelle":"PAM-2085-1","axe":"LGV","pk_ef":"208+454","pk_gc":"208+454","decalage":"36","commentair":null,"_sp_url":null,"_ph_url":"data/photos/pam/0365.jpg"},"geometry":{"type":"Point","coordinates":[0.06773127037763706,45.61192119996029]}},{"id":"26","type":"Feature","properties":{"libelle":"PAM-CE2-0026-2","axe":"CE2","pk_ef":"002+850","pk_gc":"002+551","decalage":"-16","commentair":null,"_sp_url":null,"_ph_url":"data/photos/pam/0366.jpg"},"geometry":{"type":"Point","coordinates":[0.07458910990597482,45.58469416957777]}},{"id":"993","type":"Feature","properties":{"libelle":"PAM-CE1-0026-1","axe":"CE1","pk_ef":"002+589","pk_gc":"002+589","decalage":"20","commentair":null,"_sp_url":null,"_ph_url":"data/photos/pam/0367.jpg"},"geometry":{"type":"Point","coordinates":[0.07776767980062778,45.58556131023266]}},{"id":"822","type":"Feature","properties":{"libelle":"PAM-CE2-0023-2","axe":"CE2","pk_ef":"002+614","pk_gc":"002+315","decalage":"-15","commentair":null,"_sp_url":null,"_ph_url":"data/photos/pam/0368.jpg"},"geometry":{"type":"Point","coordinates":[0.07713003005526295,45.585875610165864]}},{"id":"1041","type":"Feature","properties":{"libelle":"PAM-CE1-0012-1","axe":"CE1","pk_ef":"001+160","pk_gc":"001+160","decalage":"22","commentair":null,"_sp_url":null,"_ph_url":"data/photos/pam/0369.jpg"},"geometry":{"type":"Point","coordinates":[0.09393675013326748,45.59160977993965]}},{"id":"1075","type":"Feature","properties":{"libelle":"PAM-CE2-0007-2","axe":"CE2","pk_ef":"001+036","pk_gc":"000+737","decalage":"-23","commentair":null,"_sp_url":null,"_ph_url":"data/photos/pam/0370.jpg"},"geometry":{"type":"Point","coordinates":[0.09432804948208606,45.5929678201589]}},{"id":"95","type":"Feature","properties":{"libelle":"PAM-CE1-0009-3","axe":"CE1","pk_ef":"000+943","pk_gc":"000+943","decalage":"27","commentair":null,"_sp_url":null,"_ph_url":"data/photos/pam/0371.jpg"},"geometry":{"type":"Point","coordinates":[0.09592619948172615,45.59304508980376]}},{"id":"289","type":"Feature","properties":{"libelle":"PAM-CE1-0009-1","axe":"CE1","pk_ef":"000+863","pk_gc":"000+863","decalage":"28","commentair":null,"_sp_url":null,"_ph_url":"data/photos/pam/0372.jpg"},"geometry":{"type":"Point","coordinates":[0.09653716043448,45.593654169704536]}},{"id":"191","type":"Feature","properties":{"libelle":"PAM-2066-1","axe":"LGV","pk_ef":"206+630","pk_gc":"206+630","decalage":"25","commentair":null,"_sp_url":null,"_ph_url":"data/photos/pam/0373.jpg"},"geometry":{"type":"Point","coordinates":[0.07090771967312329,45.62820813993961]}},{"id":"987","type":"Feature","properties":{"libelle":"PAM-2065-1","axe":"LGV","pk_ef":"206+451","pk_gc":"206+451","decalage":"31","commentair":null,"_sp_url":null,"_ph_url":"data/photos/pam/0374.jpg"},"geometry":{"type":"Point","coordinates":[0.07105078035006147,45.62982067039755]}},{"id":"670","type":"Feature","properties":{"libelle":"PAM-2062-3","axe":"LGV","pk_ef":"206+205","pk_gc":"206+205","decalage":"22","commentair":null,"_sp_url":null,"_ph_url":"data/photos/pam/0375.jpg"},"geometry":{"type":"Point","coordinates":[0.07092224951674661,45.63204465018847]}},{"id":"362","type":"Feature","properties":{"libelle":"PAM-2062-2","axe":"LGV","pk_ef":"206+205","pk_gc":"206+205","decalage":"-19","commentair":null,"_sp_url":null,"_ph_url":"data/photos/pam/0376.jpg"},"geometry":{"type":"Point","coordinates":[0.0703900097857592,45.63203756044019]}},{"id":"997","type":"Feature","properties":{"libelle":"PAM-2062-1","axe":"LGV","pk_ef":"206+164","pk_gc":"206+164","decalage":"22","commentair":null,"_sp_url":null,"_ph_url":"data/photos/pam/0377.jpg"},"geometry":{"type":"Point","coordinates":[0.07091304020712363,45.632418430027165]}},{"id":"71","type":"Feature","properties":{"libelle":"PAM-2056-2","axe":"LGV","pk_ef":"205+607","pk_gc":"205+607","decalage":"-33","commentair":null,"_sp_url":null,"_ph_url":"data/photos/pam/0378.jpg"},"geometry":{"type":"Point","coordinates":[0.07005430956776443,45.63741790001651]}},{"id":"207","type":"Feature","properties":{"libelle":"PAM-2051-3","axe":"LGV","pk_ef":"205+132","pk_gc":"205+132","decalage":"31","commentair":null,"_sp_url":null,"_ph_url":"data/photos/pam/0379.jpg"},"geometry":{"type":"Point","coordinates":[0.07074389943544393,45.6417115699591]}},{"id":"5","type":"Feature","properties":{"libelle":"PAM-2051-1","axe":"LGV","pk_ef":"205+084","pk_gc":"205+084","decalage":"32","commentair":null,"_sp_url":null,"_ph_url":"data/photos/pam/0380.jpg"},"geometry":{"type":"Point","coordinates":[0.07074626022444995,45.64214039957961]}},{"id":"341","type":"Feature","properties":{"libelle":"PAM-2051-2","axe":"LGV","pk_ef":"205+067","pk_gc":"205+067","decalage":"-26","commentair":null,"_sp_url":null,"_ph_url":"data/photos/pam/0381.jpg"},"geometry":{"type":"Point","coordinates":[0.06999672013537385,45.642285400058746]}},{"id":"317","type":"Feature","properties":{"libelle":"PAM-2050-2","axe":"LGV","pk_ef":"205+042","pk_gc":"205+042","decalage":"-34","commentair":null,"_sp_url":null,"_ph_url":"data/photos/pam/0382.jpg"},"geometry":{"type":"Point","coordinates":[0.06987696012041783,45.6425050895982]}},{"id":"334","type":"Feature","properties":{"libelle":"PAM-2047-1","axe":"LGV","pk_ef":"204+654","pk_gc":"204+654","decalage":"36","commentair":null,"_sp_url":null,"_ph_url":"data/photos/pam/0383.jpg"},"geometry":{"type":"Point","coordinates":[0.07079694039782959,45.6459987596317]}},{"id":"1238","type":"Feature","properties":{"libelle":"PAM-2046-1","axe":"LGV","pk_ef":"204+646","pk_gc":"204+646","decalage":"36","commentair":null,"_sp_url":null,"_ph_url":"data/photos/pam/0384.jpg"},"geometry":{"type":"Point","coordinates":[0.0707957503680435,45.646071120425574]}},{"id":"539","type":"Feature","properties":{"libelle":"PAM-2046-2","axe":"LGV","pk_ef":"204+639","pk_gc":"204+639","decalage":"-32","commentair":null,"_sp_url":null,"_ph_url":"data/photos/pam/0385.jpg"},"geometry":{"type":"Point","coordinates":[0.06992854038896298,45.64615098008522]}},{"id":"1197","type":"Feature","properties":{"libelle":"PAM-2041-2","axe":"LGV","pk_ef":"204+097","pk_gc":"204+097","decalage":"-38","commentair":null,"_sp_url":null,"_ph_url":"data/photos/pam/0386.jpg"},"geometry":{"type":"Point","coordinates":[0.07042813972385865,45.651049279553405]}},{"id":"531","type":"Feature","properties":{"libelle":"PAM-2037-1","axe":"LGV","pk_ef":"203+691","pk_gc":"203+691","decalage":"46","commentair":null,"_sp_url":null,"_ph_url":"data/photos/pam/0387.jpg"},"geometry":{"type":"Point","coordinates":[0.07229214982936598,45.65454834000832]}},{"id":"540","type":"Feature","properties":{"libelle":"PAM-2036-1","axe":"LGV","pk_ef":"203+611","pk_gc":"203+611","decalage":"26","commentair":null,"_sp_url":null,"_ph_url":"data/photos/pam/0388.jpg"},"geometry":{"type":"Point","coordinates":[0.07221850011690527,45.65529117984215]}},{"id":"1134","type":"Feature","properties":{"libelle":"PAM-2036-2","axe":"LGV","pk_ef":"203+590","pk_gc":"203+590","decalage":"-21","commentair":null,"_sp_url":null,"_ph_url":"data/photos/pam/0389.jpg"},"geometry":{"type":"Point","coordinates":[0.07165829999194023,45.655543139599544]}},{"id":"394","type":"Feature","properties":{"libelle":"PAM-2033-1","axe":"LGV","pk_ef":"203+294","pk_gc":"203+294","decalage":"35","commentair":null,"_sp_url":null,"_ph_url":"data/photos/pam/0390.jpg"},"geometry":{"type":"Point","coordinates":[0.07301772944291456,45.658090289947886]}},{"id":"1263","type":"Feature","properties":{"libelle":"PAM-2032-1","axe":"LGV","pk_ef":"203+227","pk_gc":"203+227","decalage":"26","commentair":null,"_sp_url":null,"_ph_url":"data/photos/pam/0391.jpg"},"geometry":{"type":"Point","coordinates":[0.07303916971419157,45.65869857993329]}},{"id":"1064","type":"Feature","properties":{"libelle":"PAM-2031-4","axe":"LGV","pk_ef":"203+137","pk_gc":"203+137","decalage":"-29","commentair":null,"_sp_url":null,"_ph_url":"data/photos/pam/0392.jpg"},"geometry":{"type":"Point","coordinates":[0.07254333028141749,45.65958067027611]}},{"id":"318","type":"Feature","properties":{"libelle":"PAM-2031-2","axe":"LGV","pk_ef":"203+063","pk_gc":"203+063","decalage":"-30","commentair":null,"_sp_url":null,"_ph_url":"data/photos/pam/0393.jpg"},"geometry":{"type":"Point","coordinates":[0.07268390955275265,45.66023379994035]}},{"id":"900","type":"Feature","properties":{"libelle":"PAM-2028-3","axe":"LGV","pk_ef":"202+796","pk_gc":"202+796","decalage":"34","commentair":null,"_sp_url":null,"_ph_url":"data/photos/pam/0394.jpg"},"geometry":{"type":"Point","coordinates":[0.07408040036664036,45.66251192004512]}},{"id":"59","type":"Feature","properties":{"libelle":"PAM-2028-2","axe":"LGV","pk_ef":"202+772","pk_gc":"202+772","decalage":"-33","commentair":null,"_sp_url":null,"_ph_url":"data/photos/pam/0395.jpg"},"geometry":{"type":"Point","coordinates":[0.07328863009506727,45.66282619972943]}},{"id":"1215","type":"Feature","properties":{"libelle":"PAM-2076-2","axe":"LGV","pk_ef":"207+599","pk_gc":"207+599","decalage":"-15","commentair":null,"_sp_url":null,"_ph_url":"data/photos/pam/0396.jpg"},"geometry":{"type":"Point","coordinates":[0.06895128948620859,45.61957641979874]}},{"id":"146","type":"Feature","properties":{"libelle":"PAM-2075-1","axe":"LGV","pk_ef":"207+486","pk_gc":"207+486","decalage":"32","commentair":null,"_sp_url":null,"_ph_url":"data/photos/pam/0397.jpg"},"geometry":{"type":"Point","coordinates":[0.06978821001399105,45.62051599012794]}},{"id":"620","type":"Feature","properties":{"libelle":"PAM-2074-1","axe":"LGV","pk_ef":"207+395","pk_gc":"207+395","decalage":"18","commentair":null,"_sp_url":null,"_ph_url":"data/photos/pam/0398.jpg"},"geometry":{"type":"Point","coordinates":[0.06980334000998305,45.62134032004129]}},{"id":"554","type":"Feature","properties":{"libelle":"PAM-2073-2","axe":"LGV","pk_ef":"207+337","pk_gc":"207+337","decalage":"-18","commentair":null,"_sp_url":null,"_ph_url":"data/photos/pam/0399.jpg"},"geometry":{"type":"Point","coordinates":[0.06946445957819827,45.62191379999155]}},{"id":"600","type":"Feature","properties":{"libelle":"PAM-2066-2","axe":"LGV","pk_ef":"206+559","pk_gc":"206+559","decalage":"-68","commentair":null,"_sp_url":null,"_ph_url":"data/photos/pam/0400.jpg"},"geometry":{"type":"Point","coordinates":[0.06974706987457899,45.628879029975344]}},{"id":"1133","type":"Feature","properties":{"libelle":"PAM-1977-2","axe":"LGV","pk_ef":"197+685","pk_gc":"197+685","decalage":"-56","commentair":null,"_sp_url":null,"_ph_url":"data/photos/pam/0401.jpg"},"geometry":{"type":"Point","coordinates":[0.06503873015049626,45.707726150072865]}},{"id":"379","type":"Feature","properties":{"libelle":"PAM-1976-2","axe":"LGV","pk_ef":"197+571","pk_gc":"197+571","decalage":"-60","commentair":null,"_sp_url":null,"_ph_url":"data/photos/pam/0402.jpg"},"geometry":{"type":"Point","coordinates":[0.06465989026989516,45.708721460276735]}},{"id":"456","type":"Feature","properties":{"libelle":"PAM-1976-1","axe":"LGV","pk_ef":"197+567","pk_gc":"197+567","decalage":"47","commentair":null,"_sp_url":null,"_ph_url":"data/photos/pam/0403.jpg"},"geometry":{"type":"Point","coordinates":[0.06599978978377771,45.708967069903125]}},{"id":"54","type":"Feature","properties":{"libelle":"PAM-1966-3","axe":"LGV","pk_ef":"196+623","pk_gc":"196+623","decalage":"36","commentair":null,"_sp_url":null,"_ph_url":"data/photos/pam/0404.jpg"},"geometry":{"type":"Point","coordinates":[0.06313133054292369,45.71722723001643]}},{"id":"259","type":"Feature","properties":{"libelle":"PAM-1966-1","axe":"LGV","pk_ef":"196+579","pk_gc":"196+579","decalage":"54","commentair":null,"_sp_url":null,"_ph_url":"data/photos/pam/0405.jpg"},"geometry":{"type":"Point","coordinates":[0.06322616020550048,45.717653829634415]}},{"id":"84","type":"Feature","properties":{"libelle":"PAM-2028-1","axe":"LGV","pk_ef":"202+751","pk_gc":"202+751","decalage":"35","commentair":null,"_sp_url":null,"_ph_url":"data/photos/pam/0406.jpg"},"geometry":{"type":"Point","coordinates":[0.0741890804649672,45.662905090297485]}},{"id":"85","type":"Feature","properties":{"libelle":"PAM-2027-2","axe":"LGV","pk_ef":"202+721","pk_gc":"202+721","decalage":"-36","commentair":null,"_sp_url":null,"_ph_url":"data/photos/pam/0407.jpg"},"geometry":{"type":"Point","coordinates":[0.07335897975676965,45.66327939959526]}},{"id":"834","type":"Feature","properties":{"libelle":"PAM-2022-3","axe":"LGV","pk_ef":"202+207","pk_gc":"202+207","decalage":"41","commentair":null,"_sp_url":null,"_ph_url":"data/photos/pam/0408.jpg"},"geometry":{"type":"Point","coordinates":[0.07521749065054499,45.66777673967808]}},{"id":"795","type":"Feature","properties":{"libelle":"PAM-2022-4","axe":"LGV","pk_ef":"202+212","pk_gc":"202+212","decalage":"-48","commentair":null,"_sp_url":null,"_ph_url":"data/photos/pam/0409.jpg"},"geometry":{"type":"Point","coordinates":[0.07407511968489634,45.6678121003931]}},{"id":"930","type":"Feature","properties":{"libelle":"PAM-2022-1","axe":"LGV","pk_ef":"202+186","pk_gc":"202+186","decalage":"41","commentair":null,"_sp_url":null,"_ph_url":"data/photos/pam/0410.jpg"},"geometry":{"type":"Point","coordinates":[0.07523313942912574,45.66796639008556]}},{"id":"1124","type":"Feature","properties":{"libelle":"PAM-2022-2","axe":"LGV","pk_ef":"202+178","pk_gc":"202+178","decalage":"-48","commentair":null,"_sp_url":null,"_ph_url":"data/photos/pam/0411.jpg"},"geometry":{"type":"Point","coordinates":[0.07410617059437898,45.668109969980655]}},{"id":"932","type":"Feature","properties":{"libelle":"PAM-2010-1","axe":"LGV","pk_ef":"200+972","pk_gc":"200+972","decalage":"30","commentair":null,"_sp_url":null,"_ph_url":"data/photos/pam/0412.jpg"},"geometry":{"type":"Point","coordinates":[0.07500223973206092,45.67894677020764]}},{"id":"183","type":"Feature","properties":{"libelle":"PAM-2009-2","axe":"LGV","pk_ef":"200+946","pk_gc":"200+946","decalage":"-29","commentair":null,"_sp_url":null,"_ph_url":"data/photos/pam/0413.jpg"},"geometry":{"type":"Point","coordinates":[0.07421675046036919,45.67911807956682]}},{"id":"50","type":"Feature","properties":{"libelle":"PAM-2003-2","axe":"LGV","pk_ef":"200+299","pk_gc":"200+299","decalage":"-29","commentair":null,"_sp_url":null,"_ph_url":"data/photos/pam/0414.jpg"},"geometry":{"type":"Point","coordinates":[0.07289823985076233,45.68483969956688]}},{"id":"144","type":"Feature","properties":{"libelle":"PAM-2000-2","axe":"LGV","pk_ef":"199+957","pk_gc":"199+957","decalage":"-28","commentair":null,"_sp_url":null,"_ph_url":"data/photos/pam/0415.jpg"},"geometry":{"type":"Point","coordinates":[0.07194206976039161,45.68784681960474]}},{"id":"137","type":"Feature","properties":{"libelle":"PAM-1999-2","axe":"LGV","pk_ef":"199+943","pk_gc":"199+943","decalage":"-29","commentair":null,"_sp_url":null,"_ph_url":"data/photos/pam/0416.jpg"},"geometry":{"type":"Point","coordinates":[0.07189989946768162,45.68796689004994]}},{"id":"541","type":"Feature","properties":{"libelle":"PAM-2000-1","axe":"LGV","pk_ef":"199+954","pk_gc":"199+954","decalage":"30","commentair":null,"_sp_url":null,"_ph_url":"data/photos/pam/0417.jpg"},"geometry":{"type":"Point","coordinates":[0.07266192962185995,45.687992739646276]}},{"id":"1149","type":"Feature","properties":{"libelle":"PAM-1999-1","axe":"LGV","pk_ef":"199+946","pk_gc":"199+946","decalage":"30","commentair":null,"_sp_url":null,"_ph_url":"data/photos/pam/0418.jpg"},"geometry":{"type":"Point","coordinates":[0.07263665042293589,45.68806211989078]}},{"id":"457","type":"Feature","properties":{"libelle":"PAM-1995-4","axe":"LGV","pk_ef":"199+505","pk_gc":"199+505","decalage":"-50","commentair":null,"_sp_url":null,"_ph_url":"data/photos/pam/0419.jpg"},"geometry":{"type":"Point","coordinates":[0.07036310061995882,45.69176745008236]}},{"id":"1057","type":"Feature","properties":{"libelle":"PAM-1995-2","axe":"LGV","pk_ef":"199+496","pk_gc":"199+496","decalage":"-49","commentair":null,"_sp_url":null,"_ph_url":"data/photos/pam/0420.jpg"},"geometry":{"type":"Point","coordinates":[0.07035203955658674,45.69184703987705]}},{"id":"733","type":"Feature","properties":{"libelle":"PAM-1995-3","axe":"LGV","pk_ef":"199+507","pk_gc":"199+507","decalage":"33","commentair":null,"_sp_url":null,"_ph_url":"data/photos/pam/0421.jpg"},"geometry":{"type":"Point","coordinates":[0.07141071989466424,45.69192023010217]}},{"id":"383","type":"Feature","properties":{"libelle":"PAM-1995-1","axe":"LGV","pk_ef":"199+493","pk_gc":"199+493","decalage":"43","commentair":null,"_sp_url":null,"_ph_url":"data/photos/pam/0422.jpg"},"geometry":{"type":"Point","coordinates":[0.07149716956264932,45.69205653989143]}},{"id":"1224","type":"Feature","properties":{"libelle":"PAM-1993-2","axe":"LGV","pk_ef":"199+260","pk_gc":"199+260","decalage":"-51","commentair":null,"_sp_url":null,"_ph_url":"data/photos/pam/0423.jpg"},"geometry":{"type":"Point","coordinates":[0.06965229052352492,45.693915999780515]}},{"id":"536","type":"Feature","properties":{"libelle":"PAM-1993-1","axe":"LGV","pk_ef":"199+266","pk_gc":"199+266","decalage":"27","commentair":null,"_sp_url":null,"_ph_url":"data/photos/pam/0424.jpg"},"geometry":{"type":"Point","coordinates":[0.07063740967318621,45.694023779741755]}},{"id":"1030","type":"Feature","properties":{"libelle":"PAM-1990-2","axe":"LGV","pk_ef":"199+027","pk_gc":"199+027","decalage":"-28","commentair":null,"_sp_url":null,"_ph_url":"data/photos/pam/0425.jpg"},"geometry":{"type":"Point","coordinates":[0.06926090964849997,45.69601024040068]}},{"id":"711","type":"Feature","properties":{"libelle":"PAM-1965-4","axe":"LGV","pk_ef":"196+526","pk_gc":"196+526","decalage":"-33","commentair":null,"_sp_url":null,"_ph_url":"data/photos/pam/0426.jpg"},"geometry":{"type":"Point","coordinates":[0.061991099978028964,45.71794196976866]}},{"id":"33","type":"Feature","properties":{"libelle":"PAM-1965-2","axe":"LGV","pk_ef":"196+517","pk_gc":"196+517","decalage":"-41","commentair":null,"_sp_url":null,"_ph_url":"data/photos/pam/0427.jpg"},"geometry":{"type":"Point","coordinates":[0.06185616032337809,45.71800477006987]}},{"id":"1262","type":"Feature","properties":{"libelle":"PAM-1964-4","axe":"LGV","pk_ef":"196+418","pk_gc":"196+418","decalage":"-191","commentair":"PAM Bassin","_sp_url":null,"_ph_url":"data/photos/pam/0428.jpg"},"geometry":{"type":"Point","coordinates":[0.05969066963039915,45.71857375968474]}},{"id":"1087","type":"Feature","properties":{"libelle":"PAM-1964-2","axe":"LGV","pk_ef":"196+378","pk_gc":"196+378","decalage":"-103","commentair":"PAM Bassin","_sp_url":null,"_ph_url":"data/photos/pam/0429.jpg"},"geometry":{"type":"Point","coordinates":[0.06068445957930033,45.71909788040321]}},{"id":"751","type":"Feature","properties":{"libelle":"PAM-1963-2","axe":"LGV","pk_ef":"196+301","pk_gc":"196+301","decalage":"-100","commentair":"PAM Bassin","_sp_url":null,"_ph_url":"data/photos/pam/0430.jpg"},"geometry":{"type":"Point","coordinates":[0.0604935200375552,45.71977988985222]}},{"id":"127","type":"Feature","properties":{"libelle":"PAM-1961-2","axe":"LGV","pk_ef":"196+063","pk_gc":"196+063","decalage":"-29","commentair":null,"_sp_url":null,"_ph_url":"data/photos/pam/0431.jpg"},"geometry":{"type":"Point","coordinates":[0.06070553017906964,45.72201868006164]}},{"id":"395","type":"Feature","properties":{"libelle":"PAM-1959-2","axe":"LGV","pk_ef":"195+861","pk_gc":"195+861","decalage":"-19","commentair":null,"_sp_url":null,"_ph_url":"data/photos/pam/0432.jpg"},"geometry":{"type":"Point","coordinates":[0.060246380002135044,45.72380260017948]}},{"id":"1021","type":"Feature","properties":{"libelle":"PAM-1959-1","axe":"LGV","pk_ef":"195+866","pk_gc":"195+866","decalage":"19","commentair":null,"_sp_url":null,"_ph_url":"data/photos/pam/0433.jpg"},"geometry":{"type":"Point","coordinates":[0.06072882978377064,45.72383865030959]}},{"id":"335","type":"Feature","properties":{"libelle":"PAM-1955-3","axe":"LGV","pk_ef":"195+514","pk_gc":"195+514","decalage":"57","commentair":null,"_sp_url":null,"_ph_url":"data/photos/pam/0434.jpg"},"geometry":{"type":"Point","coordinates":[0.06019166044471697,45.72700493003829]}},{"id":"848","type":"Feature","properties":{"libelle":"PAM-1955-1","axe":"LGV","pk_ef":"195+484","pk_gc":"195+484","decalage":"55","commentair":null,"_sp_url":null,"_ph_url":"data/photos/pam/0435.jpg"},"geometry":{"type":"Point","coordinates":[0.06008577971587923,45.72726411009914]}},{"id":"784","type":"Feature","properties":{"libelle":"PAM-1951-1","axe":"LGV","pk_ef":"195+134","pk_gc":"195+134","decalage":"35","commentair":null,"_sp_url":null,"_ph_url":"data/photos/pam/0436.jpg"},"geometry":{"type":"Point","coordinates":[0.05881523014506964,45.73029340013051]}},{"id":"611","type":"Feature","properties":{"libelle":"PAM-1951-2","axe":"LGV","pk_ef":"195+077","pk_gc":"195+077","decalage":"-29","commentair":null,"_sp_url":null,"_ph_url":"data/photos/pam/0437.jpg"},"geometry":{"type":"Point","coordinates":[0.05785025984040893,45.73066811973277]}},{"id":"338","type":"Feature","properties":{"libelle":"PAM-1950-1","axe":"LGV","pk_ef":"195+013","pk_gc":"195+013","decalage":"32","commentair":null,"_sp_url":null,"_ph_url":"data/photos/pam/0438.jpg"},"geometry":{"type":"Point","coordinates":[0.058430370057868074,45.73134835022776]}},{"id":"734","type":"Feature","properties":{"libelle":"PAM-1949-4","axe":"LGV","pk_ef":"194+941","pk_gc":"194+941","decalage":"-29","commentair":null,"_sp_url":null,"_ph_url":"data/photos/pam/0439.jpg"},"geometry":{"type":"Point","coordinates":[0.057462370252100894,45.73185974988116]}},{"id":"187","type":"Feature","properties":{"libelle":"PAM-1949-2","axe":"LGV","pk_ef":"194+916","pk_gc":"194+916","decalage":"-28","commentair":null,"_sp_url":null,"_ph_url":"data/photos/pam/0440.jpg"},"geometry":{"type":"Point","coordinates":[0.057396220274411575,45.7320797198984]}},{"id":"122","type":"Feature","properties":{"libelle":"PAM-1949-1","axe":"LGV","pk_ef":"194+885","pk_gc":"194+885","decalage":"31","commentair":null,"_sp_url":null,"_ph_url":"data/photos/pam/0441.jpg"},"geometry":{"type":"Point","coordinates":[0.058045149779469944,45.732471750277654]}},{"id":"1035","type":"Feature","properties":{"libelle":"PAM-1948-1","axe":"LGV","pk_ef":"194+778","pk_gc":"194+778","decalage":"56","commentair":null,"_sp_url":null,"_ph_url":"data/photos/pam/0442.jpg"},"geometry":{"type":"Point","coordinates":[0.0580559804973562,45.7334563902499]}},{"id":"34","type":"Feature","properties":{"libelle":"PAM-1947-1","axe":"LGV","pk_ef":"194+689","pk_gc":"194+689","decalage":"32","commentair":null,"_sp_url":null,"_ph_url":"data/photos/pam/0443.jpg"},"geometry":{"type":"Point","coordinates":[0.057520430149071114,45.73418985995285]}},{"id":"826","type":"Feature","properties":{"libelle":"PAM-1943-4","axe":"LGV","pk_ef":"194+346","pk_gc":"194+346","decalage":"-58","commentair":null,"_sp_url":null,"_ph_url":"data/photos/pam/0444.jpg"},"geometry":{"type":"Point","coordinates":[0.05555263012426261,45.73708022971088]}},{"id":"1093","type":"Feature","properties":{"libelle":"PAM-1943-2","axe":"LGV","pk_ef":"194+338","pk_gc":"194+338","decalage":"-58","commentair":null,"_sp_url":null,"_ph_url":"data/photos/pam/0445.jpg"},"geometry":{"type":"Point","coordinates":[0.055533559394015775,45.737153769724266]}},{"id":"75","type":"Feature","properties":{"libelle":"PAM-1987-2","axe":"LGV","pk_ef":"198+682","pk_gc":"198+682","decalage":"-26","commentair":null,"_sp_url":null,"_ph_url":"data/photos/pam/0446.jpg"},"geometry":{"type":"Point","coordinates":[0.06830101040195032,45.69903496989776]}},{"id":"48","type":"Feature","properties":{"libelle":"PAM-1987-1","axe":"LGV","pk_ef":"198+682","pk_gc":"198+682","decalage":"18","commentair":null,"_sp_url":null,"_ph_url":"data/photos/pam/0447.jpg"},"geometry":{"type":"Point","coordinates":[0.06884612013082135,45.69912386030585]}},{"id":"372","type":"Feature","properties":{"libelle":"PAM-1986-2","axe":"LGV","pk_ef":"198+580","pk_gc":"198+580","decalage":"-35","commentair":null,"_sp_url":null,"_ph_url":"data/photos/pam/0448.jpg"},"geometry":{"type":"Point","coordinates":[0.06789513934516518,45.69991218038666]}},{"id":"1194","type":"Feature","properties":{"libelle":"PAM-1986-1","axe":"LGV","pk_ef":"198+582","pk_gc":"198+582","decalage":"20","commentair":null,"_sp_url":null,"_ph_url":"data/photos/pam/0449.jpg"},"geometry":{"type":"Point","coordinates":[0.068580309810689,45.700010249657225]}},{"id":"161","type":"Feature","properties":{"libelle":"PAM-1981-2","axe":"LGV","pk_ef":"198+135","pk_gc":"198+135","decalage":"-52","commentair":"PAM Bassin","_sp_url":null,"_ph_url":"data/photos/pam/0450.jpg"},"geometry":{"type":"Point","coordinates":[0.06639069966075137,45.70378325997008]}},{"id":"1104","type":"Feature","properties":{"libelle":"PAM-1976-3","axe":"LGV","pk_ef":"197+603","pk_gc":"197+603","decalage":"81","commentair":null,"_sp_url":null,"_ph_url":"data/photos/pam/0451.jpg"},"geometry":{"type":"Point","coordinates":[0.06652802033677374,45.708723759781925]}},{"id":"109","type":"Feature","properties":{"libelle":"PAM-1905-1","axe":"LGV","pk_ef":"190+467","pk_gc":"190+467","decalage":"87","commentair":"PAM Bassin","_sp_url":null,"_ph_url":"data/photos/pam/0452.jpg"},"geometry":{"type":"Point","coordinates":[0.06418954021963785,45.770892449842805]}},{"id":"535","type":"Feature","properties":{"libelle":"PAM-1905-3","axe":"LGV","pk_ef":"190+484","pk_gc":"190+484","decalage":"30","commentair":null,"_sp_url":null,"_ph_url":"data/photos/pam/0453.jpg"},"geometry":{"type":"Point","coordinates":[0.0634443901154563,45.7709751895913]}},{"id":"496","type":"Feature","properties":{"libelle":"PAM-1904-2","axe":"LGV","pk_ef":"190+373","pk_gc":"190+373","decalage":"-33","commentair":null,"_sp_url":null,"_ph_url":"data/photos/pam/0454.jpg"},"geometry":{"type":"Point","coordinates":[0.06332279048385718,45.77211807043667]}},{"id":"79","type":"Feature","properties":{"libelle":"PAM-1903-1","axe":"LGV","pk_ef":"190+294","pk_gc":"190+294","decalage":"29","commentair":null,"_sp_url":null,"_ph_url":"data/photos/pam/0455.jpg"},"geometry":{"type":"Point","coordinates":[0.06449809964463933,45.772510520312146]}},{"id":"1053","type":"Feature","properties":{"libelle":"PAM-1943-1","axe":"LGV","pk_ef":"194+311","pk_gc":"194+311","decalage":"31","commentair":null,"_sp_url":null,"_ph_url":"data/photos/pam/0456.jpg"},"geometry":{"type":"Point","coordinates":[0.056603630222199705,45.737523179586546]}},{"id":"1063","type":"Feature","properties":{"libelle":"PAM-1942-1","axe":"LGV","pk_ef":"194+175","pk_gc":"194+175","decalage":"17","commentair":null,"_sp_url":null,"_ph_url":"data/photos/pam/0457.jpg"},"geometry":{"type":"Point","coordinates":[0.05618226942936624,45.7387113997974]}},{"id":"24","type":"Feature","properties":{"libelle":"PAM-1942-2","axe":"LGV","pk_ef":"194+152","pk_gc":"194+152","decalage":"-16","commentair":null,"_sp_url":null,"_ph_url":"data/photos/pam/0458.jpg"},"geometry":{"type":"Point","coordinates":[0.05571841982583478,45.73887297043608]}},{"id":"65","type":"Feature","properties":{"libelle":"PAM-1937-1","axe":"LGV","pk_ef":"193+715","pk_gc":"193+715","decalage":"44","commentair":null,"_sp_url":null,"_ph_url":"data/photos/pam/0459.jpg"},"geometry":{"type":"Point","coordinates":[0.05594445021312641,45.742836030093436]}},{"id":"339","type":"Feature","properties":{"libelle":"PAM-1936-2","axe":"LGV","pk_ef":"193+601","pk_gc":"193+601","decalage":"-54","commentair":null,"_sp_url":null,"_ph_url":"data/photos/pam/0460.jpg"},"geometry":{"type":"Point","coordinates":[0.05460974984783558,45.74381192984422]}},{"id":"998","type":"Feature","properties":{"libelle":"PAM-1935-2","axe":"LGV","pk_ef":"193+523","pk_gc":"193+523","decalage":"-57","commentair":null,"_sp_url":null,"_ph_url":"data/photos/pam/0461.jpg"},"geometry":{"type":"Point","coordinates":[0.05453165986196413,45.744523180181666]}},{"id":"651","type":"Feature","properties":{"libelle":"PAM-1933-2","axe":"LGV","pk_ef":"193+283","pk_gc":"193+283","decalage":"-31","commentair":null,"_sp_url":null,"_ph_url":"data/photos/pam/0462.jpg"},"geometry":{"type":"Point","coordinates":[0.05481398045600019,45.74669479045231]}},{"id":"926","type":"Feature","properties":{"libelle":"PAM-1933-1","axe":"LGV","pk_ef":"193+280","pk_gc":"193+280","decalage":"22","commentair":null,"_sp_url":null,"_ph_url":"data/photos/pam/0463.jpg"},"geometry":{"type":"Point","coordinates":[0.055495539796653226,45.746725359757676]}},{"id":"28","type":"Feature","properties":{"libelle":"PAM-1932-2","axe":"LGV","pk_ef":"193+236","pk_gc":"193+236","decalage":"-25","commentair":null,"_sp_url":null,"_ph_url":"data/photos/pam/0464.jpg"},"geometry":{"type":"Point","coordinates":[0.05490311994998125,45.74712357982336]}},{"id":"502","type":"Feature","properties":{"libelle":"PAM-1932-1","axe":"LGV","pk_ef":"193+227","pk_gc":"193+227","decalage":"53","commentair":null,"_sp_url":null,"_ph_url":"data/photos/pam/0465.jpg"},"geometry":{"type":"Point","coordinates":[0.055908299580716476,45.74719292028173]}},{"id":"763","type":"Feature","properties":{"libelle":"PAM-1929-3","axe":"LGV","pk_ef":"192+935","pk_gc":"192+935","decalage":"19","commentair":null,"_sp_url":null,"_ph_url":"data/photos/pam/0466.jpg"},"geometry":{"type":"Point","coordinates":[0.055597880340495016,45.749817730400906]}},{"id":"237","type":"Feature","properties":{"libelle":"PAM-1929-4","axe":"LGV","pk_ef":"192+921","pk_gc":"192+921","decalage":"-23","commentair":null,"_sp_url":null,"_ph_url":"data/photos/pam/0467.jpg"},"geometry":{"type":"Point","coordinates":[0.055068480134751095,45.74996680980099]}},{"id":"965","type":"Feature","properties":{"libelle":"PAM-1929-1","axe":"LGV","pk_ef":"192+882","pk_gc":"192+882","decalage":"33","commentair":null,"_sp_url":null,"_ph_url":"data/photos/pam/0468.jpg"},"geometry":{"type":"Point","coordinates":[0.05582078010520643,45.75028335971128]}},{"id":"589","type":"Feature","properties":{"libelle":"PAM-1929-2","axe":"LGV","pk_ef":"192+888","pk_gc":"192+888","decalage":"-29","commentair":null,"_sp_url":null,"_ph_url":"data/photos/pam/0469.jpg"},"geometry":{"type":"Point","coordinates":[0.055019410167195956,45.75026606956211]}},{"id":"9","type":"Feature","properties":{"libelle":"PAM-1927-3","axe":"LGV","pk_ef":"192+693","pk_gc":"192+693","decalage":"24","commentair":null,"_sp_url":null,"_ph_url":"data/photos/pam/0470.jpg"},"geometry":{"type":"Point","coordinates":[0.0559057993929012,45.75197961997842]}},{"id":"1062","type":"Feature","properties":{"libelle":"PAM-1927-4","axe":"LGV","pk_ef":"192+685","pk_gc":"192+685","decalage":"-31","commentair":null,"_sp_url":null,"_ph_url":"data/photos/pam/0471.jpg"},"geometry":{"type":"Point","coordinates":[0.055210310245011794,45.752097470442955]}},{"id":"281","type":"Feature","properties":{"libelle":"PAM-1927-1","axe":"LGV","pk_ef":"192+673","pk_gc":"192+673","decalage":"19","commentair":null,"_sp_url":null,"_ph_url":"data/photos/pam/0472.jpg"},"geometry":{"type":"Point","coordinates":[0.05586660943120446,45.752162289660845]}},{"id":"988","type":"Feature","properties":{"libelle":"PAM-1927-2","axe":"LGV","pk_ef":"192+671","pk_gc":"192+671","decalage":"-16","commentair":null,"_sp_url":null,"_ph_url":"data/photos/pam/0473.jpg"},"geometry":{"type":"Point","coordinates":[0.05542497944812959,45.75221071995603]}},{"id":"488","type":"Feature","properties":{"libelle":"PAM-1925-2","axe":"LGV","pk_ef":"192+520","pk_gc":"192+520","decalage":"-61","commentair":null,"_sp_url":null,"_ph_url":"data/photos/pam/0474.jpg"},"geometry":{"type":"Point","coordinates":[0.05506370049523825,45.7536169502973]}},{"id":"606","type":"Feature","properties":{"libelle":"PAM-1923-1","axe":"LGV","pk_ef":"192+262","pk_gc":"192+262","decalage":"37","commentair":null,"_sp_url":null,"_ph_url":"data/photos/pam/0475.jpg"},"geometry":{"type":"Point","coordinates":[0.056785370110858796,45.755793580390815]}},{"id":"1204","type":"Feature","properties":{"libelle":"PAM-1920-1","axe":"LGV","pk_ef":"191+951","pk_gc":"191+951","decalage":"25","commentair":null,"_sp_url":null,"_ph_url":"data/photos/pam/0476.jpg"},"geometry":{"type":"Point","coordinates":[0.05737865020551255,45.758551199870865]}},{"id":"1110","type":"Feature","properties":{"libelle":"PAM-1912-2","axe":"LGV","pk_ef":"191+248","pk_gc":"191+248","decalage":"-41","commentair":null,"_sp_url":null,"_ph_url":"data/photos/pam/0477.jpg"},"geometry":{"type":"Point","coordinates":[0.058941649947009275,45.76482357958923]}},{"id":"130","type":"Feature","properties":{"libelle":"PAM-1910-3","axe":"LGV","pk_ef":"191+048","pk_gc":"191+048","decalage":"42","commentair":null,"_sp_url":null,"_ph_url":"data/photos/pam/0478.jpg"},"geometry":{"type":"Point","coordinates":[0.060792670356757485,45.76627658037026]}},{"id":"301","type":"Feature","properties":{"libelle":"PAM-1910-1","axe":"LGV","pk_ef":"190+986","pk_gc":"190+986","decalage":"40","commentair":null,"_sp_url":null,"_ph_url":"data/photos/pam/0479.jpg"},"geometry":{"type":"Point","coordinates":[0.06105160934433561,45.766797590426606]}},{"id":"680","type":"Feature","properties":{"libelle":"PAM-1910-2","axe":"LGV","pk_ef":"190+997","pk_gc":"190+997","decalage":"-29","commentair":null,"_sp_url":null,"_ph_url":"data/photos/pam/0480.jpg"},"geometry":{"type":"Point","coordinates":[0.06016650045988178,45.7669305795869]}},{"id":"118","type":"Feature","properties":{"libelle":"PAM-1907-1","axe":"LGV","pk_ef":"190+667","pk_gc":"190+667","decalage":"31","commentair":null,"_sp_url":null,"_ph_url":"data/photos/pam/0481.jpg"},"geometry":{"type":"Point","coordinates":[0.062477720034076846,45.76947685986]}},{"id":"598","type":"Feature","properties":{"libelle":"PAM-1901-2","axe":"LGV","pk_ef":"190+131","pk_gc":"190+131","decalage":"-29","commentair":null,"_sp_url":null,"_ph_url":"data/photos/pam/0482.jpg"},"geometry":{"type":"Point","coordinates":[0.06480476001153612,45.77404796998023]}},{"id":"431","type":"Feature","properties":{"libelle":"PAM-1890-1","axe":"LGV","pk_ef":"188+961","pk_gc":"188+961","decalage":"20","commentair":null,"_sp_url":null,"_ph_url":"data/photos/pam/0483.jpg"},"geometry":{"type":"Point","coordinates":[0.07363624975207066,45.7825863403704]}},{"id":"805","type":"Feature","properties":{"libelle":"PAM-1890-2","axe":"LGV","pk_ef":"188+973","pk_gc":"188+973","decalage":"-20","commentair":null,"_sp_url":null,"_ph_url":"data/photos/pam/0484.jpg"},"geometry":{"type":"Point","coordinates":[0.07314116050658016,45.78272544973344]}},{"id":"799","type":"Feature","properties":{"libelle":"PAM-1885-1","axe":"LGV","pk_ef":"188+508","pk_gc":"188+508","decalage":"18","commentair":null,"_sp_url":null,"_ph_url":"data/photos/pam/0485.jpg"},"geometry":{"type":"Point","coordinates":[0.07720695950522664,45.785815029948424]}},{"id":"1102","type":"Feature","properties":{"libelle":"PAM-1884-1","axe":"LGV","pk_ef":"188+403","pk_gc":"188+403","decalage":"20","commentair":null,"_sp_url":null,"_ph_url":"data/photos/pam/0486.jpg"},"geometry":{"type":"Point","coordinates":[0.0780645196776736,45.78654696985362]}},{"id":"1128","type":"Feature","properties":{"libelle":"PAM-1884-2","axe":"LGV","pk_ef":"188+388","pk_gc":"188+388","decalage":"-20","commentair":null,"_sp_url":null,"_ph_url":"data/photos/pam/0487.jpg"},"geometry":{"type":"Point","coordinates":[0.07777340016945294,45.786878989743855]}},{"id":"809","type":"Feature","properties":{"libelle":"PAM-1880-2","axe":"LGV","pk_ef":"187+950","pk_gc":"187+950","decalage":"-19","commentair":null,"_sp_url":null,"_ph_url":"data/photos/pam/0488.jpg"},"geometry":{"type":"Point","coordinates":[0.08113047034122892,45.79003061040241]}},{"id":"701","type":"Feature","properties":{"libelle":"PAM-1879-2","axe":"LGV","pk_ef":"187+852","pk_gc":"187+852","decalage":"-22","commentair":null,"_sp_url":null,"_ph_url":"data/photos/pam/0489.jpg"},"geometry":{"type":"Point","coordinates":[0.08181213010493174,45.79077144042672]}},{"id":"324","type":"Feature","properties":{"libelle":"PAM-1875-1","axe":"LGV","pk_ef":"187+508","pk_gc":"187+508","decalage":"27","commentair":null,"_sp_url":null,"_ph_url":"data/photos/pam/0490.jpg"},"geometry":{"type":"Point","coordinates":[0.08470015979467159,45.79316039968674]}},{"id":"633","type":"Feature","properties":{"libelle":"PAM-1874-1","axe":"LGV","pk_ef":"187+363","pk_gc":"187+363","decalage":"26","commentair":null,"_sp_url":null,"_ph_url":"data/photos/pam/0491.jpg"},"geometry":{"type":"Point","coordinates":[0.0856233202911308,45.794299629817004]}},{"id":"316","type":"Feature","properties":{"libelle":"PAM-1873-2","axe":"LGV","pk_ef":"187+340","pk_gc":"187+340","decalage":"-23","commentair":null,"_sp_url":null,"_ph_url":"data/photos/pam/0492.jpg"},"geometry":{"type":"Point","coordinates":[0.08522568058055709,45.794693840213334]}},{"id":"903","type":"Feature","properties":{"libelle":"PAM-1873-1","axe":"LGV","pk_ef":"187+296","pk_gc":"187+296","decalage":"19","commentair":null,"_sp_url":null,"_ph_url":"data/photos/pam/0493.jpg"},"geometry":{"type":"Point","coordinates":[0.0859609693980066,45.79486041996106]}},{"id":"780","type":"Feature","properties":{"libelle":"PAM-1867-1","axe":"LGV","pk_ef":"186+652","pk_gc":"186+652","decalage":"26","commentair":null,"_sp_url":null,"_ph_url":"data/photos/pam/0494.jpg"},"geometry":{"type":"Point","coordinates":[0.08965616031493266,45.800073269772795]}},{"id":"721","type":"Feature","properties":{"libelle":"PAM-1867-2","axe":"LGV","pk_ef":"186+660","pk_gc":"186+660","decalage":"-27","commentair":null,"_sp_url":null,"_ph_url":"data/photos/pam/0495.jpg"},"geometry":{"type":"Point","coordinates":[0.08898944996176367,45.80018979959056]}},{"id":"652","type":"Feature","properties":{"libelle":"PAM-1862-1","axe":"LGV","pk_ef":"186+162","pk_gc":"186+162","decalage":"23","commentair":null,"_sp_url":null,"_ph_url":"data/photos/pam/0496.jpg"},"geometry":{"type":"Point","coordinates":[0.09185401040018193,45.80423009032568]}},{"id":"731","type":"Feature","properties":{"libelle":"PAM-1861-2","axe":"LGV","pk_ef":"186+070","pk_gc":"186+070","decalage":"-31","commentair":null,"_sp_url":null,"_ph_url":"data/photos/pam/0497.jpg"},"geometry":{"type":"Point","coordinates":[0.09155468947366417,45.80516326974831]}},{"id":"274","type":"Feature","properties":{"libelle":"PAM-1860-2","axe":"LGV","pk_ef":"186+027","pk_gc":"186+027","decalage":"-33","commentair":null,"_sp_url":null,"_ph_url":"data/photos/pam/0498.jpg"},"geometry":{"type":"Point","coordinates":[0.09168856015666886,45.80554270984248]}},{"id":"527","type":"Feature","properties":{"libelle":"PAM-1859-1","axe":"LGV","pk_ef":"185+940","pk_gc":"185+940","decalage":"36","commentair":null,"_sp_url":null,"_ph_url":"data/photos/pam/0499.jpg"},"geometry":{"type":"Point","coordinates":[0.09285741050022614,45.806108839731266]}},{"id":"1046","type":"Feature","properties":{"libelle":"PAM-1855-1","axe":"LGV","pk_ef":"185+503","pk_gc":"185+503","decalage":"33","commentair":null,"_sp_url":null,"_ph_url":"data/photos/pam/0500.jpg"},"geometry":{"type":"Point","coordinates":[0.0942218506449961,45.809948069571895]}},{"id":"410","type":"Feature","properties":{"libelle":"PAM-1850-1","axe":"LGV","pk_ef":"185+027","pk_gc":"185+027","decalage":"18","commentair":null,"_sp_url":null,"_ph_url":"data/photos/pam/0501.jpg"},"geometry":{"type":"Point","coordinates":[0.0953970702964321,45.814161000312346]}},{"id":"415","type":"Feature","properties":{"libelle":"PAM-1839-3","axe":"LGV","pk_ef":"183+931","pk_gc":"183+931","decalage":"17","commentair":null,"_sp_url":null,"_ph_url":"data/photos/pam/0502.jpg"},"geometry":{"type":"Point","coordinates":[0.09850044053746293,45.82378888958942]}},{"id":"1163","type":"Feature","properties":{"libelle":"PAM-1839-1","axe":"LGV","pk_ef":"183+922","pk_gc":"183+922","decalage":"17","commentair":null,"_sp_url":null,"_ph_url":"data/photos/pam/0503.jpg"},"geometry":{"type":"Point","coordinates":[0.09852204960267887,45.82386480031231]}},{"id":"1010","type":"Feature","properties":{"libelle":"PAM-1839-2","axe":"LGV","pk_ef":"183+930","pk_gc":"183+930","decalage":"-21","commentair":null,"_sp_url":null,"_ph_url":"data/photos/pam/0504.jpg"},"geometry":{"type":"Point","coordinates":[0.09801516986512256,45.82387337984163]}},{"id":"280","type":"Feature","properties":{"libelle":"PAM-1838-2","axe":"LGV","pk_ef":"183+803","pk_gc":"183+803","decalage":"-129","commentair":"PAM Bassin","_sp_url":null,"_ph_url":"data/photos/pam/0505.jpg"},"geometry":{"type":"Point","coordinates":[0.09701921978006882,45.82520522990868]}},{"id":"743","type":"Feature","properties":{"libelle":"PAM-1837-2","axe":"LGV","pk_ef":"183+741","pk_gc":"183+741","decalage":"-21","commentair":null,"_sp_url":null,"_ph_url":"data/photos/pam/0506.jpg"},"geometry":{"type":"Point","coordinates":[0.09856187051595205,45.82553238980819]}},{"id":"353","type":"Feature","properties":{"libelle":"PAM-1832-1","axe":"LGV","pk_ef":"183+236","pk_gc":"183+236","decalage":"30","commentair":null,"_sp_url":null,"_ph_url":"data/photos/pam/0507.jpg"},"geometry":{"type":"Point","coordinates":[0.10063729981164293,45.82986634028967]}},{"id":"806","type":"Feature","properties":{"libelle":"PAM-1832-2","axe":"LGV","pk_ef":"183+235","pk_gc":"183+235","decalage":"-22","commentair":null,"_sp_url":null,"_ph_url":"data/photos/pam/0508.jpg"},"geometry":{"type":"Point","coordinates":[0.09997484033465047,45.82997856995285]}},{"id":"105","type":"Feature","properties":{"libelle":"PAM-1826-1","axe":"LGV","pk_ef":"182+619","pk_gc":"182+619","decalage":"19","commentair":null,"_sp_url":null,"_ph_url":"data/photos/pam/0509.jpg"},"geometry":{"type":"Point","coordinates":[0.10224525984628578,45.83531116018081]}},{"id":"497","type":"Feature","properties":{"libelle":"PAM-1826-2","axe":"LGV","pk_ef":"182+621","pk_gc":"182+621","decalage":"-29","commentair":null,"_sp_url":null,"_ph_url":"data/photos/pam/0510.jpg"},"geometry":{"type":"Point","coordinates":[0.10164168059238414,45.83537979969636]}},{"id":"466","type":"Feature","properties":{"libelle":"PAM-1822-2","axe":"LGV","pk_ef":"182+154","pk_gc":"182+154","decalage":"-25","commentair":null,"_sp_url":null,"_ph_url":"data/photos/pam/0511.jpg"},"geometry":{"type":"Point","coordinates":[0.10306623029889671,45.83947734977298]}},{"id":"764","type":"Feature","properties":{"libelle":"PAM-1821-1","axe":"LGV","pk_ef":"182+134","pk_gc":"182+134","decalage":"19","commentair":null,"_sp_url":null,"_ph_url":"data/photos/pam/0512.jpg"},"geometry":{"type":"Point","coordinates":[0.10368002992209492,45.83954864010626]}},{"id":"336","type":"Feature","properties":{"libelle":"PAM-1820-1","axe":"LGV","pk_ef":"181+985","pk_gc":"181+985","decalage":"21","commentair":null,"_sp_url":null,"_ph_url":"data/photos/pam/0513.jpg"},"geometry":{"type":"Point","coordinates":[0.10418399037602086,45.840847539931836]}},{"id":"363","type":"Feature","properties":{"libelle":"PAM-1819-2","axe":"LGV","pk_ef":"181+884","pk_gc":"181+884","decalage":"-30","commentair":null,"_sp_url":null,"_ph_url":"data/photos/pam/0514.jpg"},"geometry":{"type":"Point","coordinates":[0.10389699039068705,45.84184188040115]}},{"id":"644","type":"Feature","properties":{"libelle":"PAM-VN1-0021-1","axe":"VN1","pk_ef":"002+056","pk_gc":"002+056","decalage":"21","commentair":null,"_sp_url":null,"_ph_url":"data/photos/pam/0515.jpg"},"geometry":{"type":"Point","coordinates":[0.10943300989990491,45.842468870385176]}},{"id":"726","type":"Feature","properties":{"libelle":"PAM-1817-2","axe":"LGV","pk_ef":"181+696","pk_gc":"181+696","decalage":"-25","commentair":null,"_sp_url":null,"_ph_url":"data/photos/pam/0516.jpg"},"geometry":{"type":"Point","coordinates":[0.10459249969108855,45.843463770093926]}},{"id":"962","type":"Feature","properties":{"libelle":"PAM-1816-1","axe":"LGV","pk_ef":"181+571","pk_gc":"181+571","decalage":"32","commentair":null,"_sp_url":null,"_ph_url":"data/photos/pam/0517.jpg"},"geometry":{"type":"Point","coordinates":[0.10572305987632098,45.84441098006396]}},{"id":"462","type":"Feature","properties":{"libelle":"PAM-1816-2","axe":"LGV","pk_ef":"181+574","pk_gc":"181+574","decalage":"-46","commentair":"PAM Bassin","_sp_url":null,"_ph_url":"data/photos/pam/0518.jpg"},"geometry":{"type":"Point","coordinates":[0.10474382058567198,45.84457127034176]}},{"id":"164","type":"Feature","properties":{"libelle":"PAM-VN1-0026-2","axe":"VN1","pk_ef":"002+641","pk_gc":"002+641","decalage":"-19","commentair":null,"_sp_url":null,"_ph_url":"data/photos/pam/0519.jpg"},"geometry":{"type":"Point","coordinates":[0.1080569397704927,45.84765362043928]}},{"id":"523","type":"Feature","properties":{"libelle":"PAM-VN1-0026-1","axe":"VN1","pk_ef":"002+647","pk_gc":"002+647","decalage":"17","commentair":null,"_sp_url":null,"_ph_url":"data/photos/pam/0520.jpg"},"geometry":{"type":"Point","coordinates":[0.10852444054822519,45.84770483040149]}},{"id":"1175","type":"Feature","properties":{"libelle":"PAM-1812-1","axe":"LGV","pk_ef":"181+180","pk_gc":"181+180","decalage":"40","commentair":null,"_sp_url":null,"_ph_url":"data/photos/pam/0521.jpg"},"geometry":{"type":"Point","coordinates":[0.10715106046192793,45.8477931902141]}},{"id":"392","type":"Feature","properties":{"libelle":"PAM-VN1-0035-1","axe":"VN1","pk_ef":"003+453","pk_gc":"003+453","decalage":"21","commentair":null,"_sp_url":null,"_ph_url":"data/photos/pam/0522.jpg"},"geometry":{"type":"Point","coordinates":[0.11023924982133482,45.854786460305384]}},{"id":"1013","type":"Feature","properties":{"libelle":"PAM-1803-2","axe":"LGV","pk_ef":"180+335","pk_gc":"180+335","decalage":"-47","commentair":null,"_sp_url":null,"_ph_url":"data/photos/pam/0523.jpg"},"geometry":{"type":"Point","coordinates":[0.10914747031083216,45.855320240329576]}},{"id":"571","type":"Feature","properties":{"libelle":"PAM-1801-2","axe":"LGV","pk_ef":"180+146","pk_gc":"180+146","decalage":"-27","commentair":null,"_sp_url":null,"_ph_url":"data/photos/pam/0524.jpg"},"geometry":{"type":"Point","coordinates":[0.11020751016000858,45.85687507009127]}},{"id":"294","type":"Feature","properties":{"libelle":"PAM-VN1-0014-2","axe":"VN1","pk_ef":"001+408","pk_gc":"001+408","decalage":"-18","commentair":null,"_sp_url":null,"_ph_url":"data/photos/pam/0525.jpg"},"geometry":{"type":"Point","coordinates":[0.11191812012068975,45.836914810328814]}},{"id":"61","type":"Feature","properties":{"libelle":"PAM-VN1-0043-1","axe":"VN1","pk_ef":"004+299","pk_gc":"004+299","decalage":"37","commentair":null,"_sp_url":null,"_ph_url":"data/photos/pam/0526.jpg"},"geometry":{"type":"Point","coordinates":[0.11376638972815523,45.861977949553776]}},{"id":"358","type":"Feature","properties":{"libelle":"PAM-1795-2","axe":"LGV","pk_ef":"179+542","pk_gc":"179+542","decalage":"-31","commentair":null,"_sp_url":null,"_ph_url":"data/photos/pam/0527.jpg"},"geometry":{"type":"Point","coordinates":[0.11279374975643665,45.86200427035534]}},{"id":"262","type":"Feature","properties":{"libelle":"PAM-1786-2","axe":"LGV","pk_ef":"178+638","pk_gc":"178+638","decalage":"-144","commentair":null,"_sp_url":null,"_ph_url":"data/photos/pam/0528.jpg"},"geometry":{"type":"Point","coordinates":[0.11538429978827837,45.87000178001244]}},{"id":"100","type":"Feature","properties":{"libelle":"PAM-1771-1","axe":"LGV","pk_ef":"177+121","pk_gc":"177+121","decalage":"28","commentair":null,"_sp_url":null,"_ph_url":"data/photos/pam/0529.jpg"},"geometry":{"type":"Point","coordinates":[0.12409228044447712,45.882339389892614]}},{"id":"642","type":"Feature","properties":{"libelle":"PAM-1771-2","axe":"LGV","pk_ef":"177+138","pk_gc":"177+138","decalage":"-27","commentair":null,"_sp_url":null,"_ph_url":"data/photos/pam/0530.jpg"},"geometry":{"type":"Point","coordinates":[0.1233529704765967,45.88235322984833]}},{"id":"666","type":"Feature","properties":{"libelle":"PAM-1765-1","axe":"LGV","pk_ef":"176+454","pk_gc":"176+454","decalage":"49","commentair":null,"_sp_url":null,"_ph_url":"data/photos/pam/0531.jpg"},"geometry":{"type":"Point","coordinates":[0.12674369968940394,45.88808507004212]}},{"id":"1008","type":"Feature","properties":{"libelle":"PAM-1762-1","axe":"LGV","pk_ef":"176+228","pk_gc":"176+228","decalage":"23","commentair":null,"_sp_url":null,"_ph_url":"data/photos/pam/0532.jpg"},"geometry":{"type":"Point","coordinates":[0.12704099057633378,45.890139000069084]}},{"id":"303","type":"Feature","properties":{"libelle":"PAM-1758-1","axe":"LGV","pk_ef":"175+802","pk_gc":"175+802","decalage":"102","commentair":"PAM Bassin","_sp_url":null,"_ph_url":"data/photos/pam/0533.jpg"},"geometry":{"type":"Point","coordinates":[0.1289777094553329,45.89382799018255]}},{"id":"51","type":"Feature","properties":{"libelle":"PAM-1757-1","axe":"LGV","pk_ef":"175+711","pk_gc":"175+711","decalage":"19","commentair":null,"_sp_url":null,"_ph_url":"data/photos/pam/0534.jpg"},"geometry":{"type":"Point","coordinates":[0.12806594034336083,45.89475065006777]}},{"id":"1189","type":"Feature","properties":{"libelle":"PAM-1755-1","axe":"LGV","pk_ef":"175+483","pk_gc":"175+483","decalage":"52","commentair":null,"_sp_url":null,"_ph_url":"data/photos/pam/0535.jpg"},"geometry":{"type":"Point","coordinates":[0.12879997006223595,45.89676486969109]}},{"id":"494","type":"Feature","properties":{"libelle":"PAM-1743-1","axe":"LGV","pk_ef":"174+325","pk_gc":"174+325","decalage":"50","commentair":null,"_sp_url":null,"_ph_url":"data/photos/pam/0536.jpg"},"geometry":{"type":"Point","coordinates":[0.12889218979232633,45.907253660080634]}},{"id":"1039","type":"Feature","properties":{"libelle":"PAM-1742-2","axe":"LGV","pk_ef":"174+222","pk_gc":"174+222","decalage":"-22","commentair":null,"_sp_url":null,"_ph_url":"data/photos/pam/0537.jpg"},"geometry":{"type":"Point","coordinates":[0.12787025022591336,45.90813926982268]}},{"id":"1006","type":"Feature","properties":{"libelle":"PAM-1735-1","axe":"LGV","pk_ef":"173+487","pk_gc":"173+487","decalage":"39","commentair":null,"_sp_url":null,"_ph_url":"data/photos/pam/0538.jpg"},"geometry":{"type":"Point","coordinates":[0.12801410020531062,45.914782490097956]}},{"id":"245","type":"Feature","properties":{"libelle":"PAM-1735-2","axe":"LGV","pk_ef":"173+456","pk_gc":"173+456","decalage":"-38","commentair":null,"_sp_url":null,"_ph_url":"data/photos/pam/0539.jpg"},"geometry":{"type":"Point","coordinates":[0.12699996045384476,45.915007190204406]}},{"id":"786","type":"Feature","properties":{"libelle":"PAM-1734-2","axe":"LGV","pk_ef":"173+374","pk_gc":"173+374","decalage":"-38","commentair":null,"_sp_url":null,"_ph_url":"data/photos/pam/0540.jpg"},"geometry":{"type":"Point","coordinates":[0.12692848001060275,45.9157486698502]}},{"id":"77","type":"Feature","properties":{"libelle":"PAM-JU2-0018-2","axe":"JU2","pk_ef":"1+807","pk_gc":"1+807","decalage":"-26","commentair":null,"_sp_url":null,"_ph_url":"data/photos/pam/0541.jpg"},"geometry":{"type":"Point","coordinates":[0.12615671983828383,45.92033251017371]}},{"id":"1206","type":"Feature","properties":{"libelle":"PAM-1726-1","axe":"LGV","pk_ef":"172+588","pk_gc":"172+588","decalage":"21","commentair":null,"_sp_url":null,"_ph_url":"data/photos/pam/0542.jpg"},"geometry":{"type":"Point","coordinates":[0.1270082598853943,45.92284583005556]}},{"id":"1260","type":"Feature","properties":{"libelle":"PAM-JU2-0021-2","axe":"JU2","pk_ef":"2+114","pk_gc":"2+114","decalage":"-19","commentair":null,"_sp_url":null,"_ph_url":"data/photos/pam/0543.jpg"},"geometry":{"type":"Point","coordinates":[0.12634214967156324,45.9230663300238]}},{"id":"817","type":"Feature","properties":{"libelle":"PAM-1717-1","axe":"LGV","pk_ef":"171+702","pk_gc":"171+702","decalage":"37","commentair":null,"_sp_url":null,"_ph_url":"data/photos/pam/0544.jpg"},"geometry":{"type":"Point","coordinates":[0.12643945006890417,45.93081580010404]}},{"id":"386","type":"Feature","properties":{"libelle":"PAM-1711-1","axe":"LGV","pk_ef":"171+122","pk_gc":"171+122","decalage":"19","commentair":null,"_sp_url":null,"_ph_url":"data/photos/pam/0545.jpg"},"geometry":{"type":"Point","coordinates":[0.1256962898343009,45.93601536956522]}},{"id":"1143","type":"Feature","properties":{"libelle":"PAM-1707-2","axe":"LGV","pk_ef":"170+742","pk_gc":"170+742","decalage":"-22","commentair":null,"_sp_url":null,"_ph_url":"data/photos/pam/0546.jpg"},"geometry":{"type":"Point","coordinates":[0.12482928019514024,45.93940710960582]}},{"id":"465","type":"Feature","properties":{"libelle":"PAM-1705-1","axe":"LGV","pk_ef":"170+475","pk_gc":"170+475","decalage":"17","commentair":null,"_sp_url":null,"_ph_url":"data/photos/pam/0547.jpg"},"geometry":{"type":"Point","coordinates":[0.12510737943437003,45.94182900994072]}},{"id":"257","type":"Feature","properties":{"libelle":"PAM-1703-1","axe":"LGV","pk_ef":"170+272","pk_gc":"170+272","decalage":"17","commentair":null,"_sp_url":null,"_ph_url":"data/photos/pam/0548.jpg"},"geometry":{"type":"Point","coordinates":[0.12493425013161515,45.94364656022232]}},{"id":"178","type":"Feature","properties":{"libelle":"PAM-1702-1","axe":"LGV","pk_ef":"170+232","pk_gc":"170+232","decalage":"22","commentair":null,"_sp_url":null,"_ph_url":"data/photos/pam/0549.jpg"},"geometry":{"type":"Point","coordinates":[0.12495174035591954,45.94400933027228]}},{"id":"388","type":"Feature","properties":{"libelle":"PAM-1699-2","axe":"LGV","pk_ef":"169+904","pk_gc":"169+904","decalage":"-22","commentair":null,"_sp_url":null,"_ph_url":"data/photos/pam/0550.jpg"},"geometry":{"type":"Point","coordinates":[0.12410159030631461,45.94693706019579]}},{"id":"782","type":"Feature","properties":{"libelle":"PAM-1698-1","axe":"LGV","pk_ef":"169+774","pk_gc":"169+774","decalage":"23","commentair":null,"_sp_url":null,"_ph_url":"data/photos/pam/0551.jpg"},"geometry":{"type":"Point","coordinates":[0.12457348968735309,45.94812501993977]}},{"id":"661","type":"Feature","properties":{"libelle":"PAM-1692-2","axe":"LGV","pk_ef":"169+163","pk_gc":"169+163","decalage":"-33","commentair":"PAM Bassin","_sp_url":null,"_ph_url":"data/photos/pam/0552.jpg"},"geometry":{"type":"Point","coordinates":[0.12330903003993055,45.95358761040665]}},{"id":"184","type":"Feature","properties":{"libelle":"PAM-1691-2","axe":"LGV","pk_ef":"169+111","pk_gc":"169+111","decalage":"-19","commentair":null,"_sp_url":null,"_ph_url":"data/photos/pam/0553.jpg"},"geometry":{"type":"Point","coordinates":[0.12344798965736141,45.95406115002335]}},{"id":"302","type":"Feature","properties":{"libelle":"PAM-1691-1","axe":"LGV","pk_ef":"169+100","pk_gc":"169+100","decalage":"33","commentair":null,"_sp_url":null,"_ph_url":"data/photos/pam/0554.jpg"},"geometry":{"type":"Point","coordinates":[0.1241065001557077,45.95419308960156]}},{"id":"790","type":"Feature","properties":{"libelle":"PAM-1685-2","axe":"LGV","pk_ef":"168+451","pk_gc":"168+451","decalage":"-35","commentair":null,"_sp_url":null,"_ph_url":"data/photos/pam/0555.jpg"},"geometry":{"type":"Point","coordinates":[0.12266653940360044,45.95998115995708]}},{"id":"844","type":"Feature","properties":{"libelle":"PAM-1684-1","axe":"LGV","pk_ef":"168+443","pk_gc":"168+443","decalage":"45","commentair":null,"_sp_url":null,"_ph_url":"data/photos/pam/0556.jpg"},"geometry":{"type":"Point","coordinates":[0.12369094006285568,45.96009970022212]}},{"id":"899","type":"Feature","properties":{"libelle":"PAM-1677-2","axe":"LGV","pk_ef":"167+679","pk_gc":"167+679","decalage":"-40","commentair":null,"_sp_url":null,"_ph_url":"data/photos/pam/0557.jpg"},"geometry":{"type":"Point","coordinates":[0.12197036966574643,45.96692484013536]}},{"id":"595","type":"Feature","properties":{"libelle":"PAM-1669-1","axe":"LGV","pk_ef":"166+930","pk_gc":"166+930","decalage":"50","commentair":null,"_sp_url":null,"_ph_url":"data/photos/pam/0558.jpg"},"geometry":{"type":"Point","coordinates":[0.12293259955323974,45.97367758005974]}},{"id":"618","type":"Feature","properties":{"libelle":"PAM-1665-1","axe":"LGV","pk_ef":"166+458","pk_gc":"166+458","decalage":"55","commentair":null,"_sp_url":null,"_ph_url":"data/photos/pam/0559.jpg"},"geometry":{"type":"Point","coordinates":[0.12298851018410158,45.977936239743805]}},{"id":"1198","type":"Feature","properties":{"libelle":"PAM-1659-1","axe":"LGV","pk_ef":"165+905","pk_gc":"165+905","decalage":"22","commentair":null,"_sp_url":null,"_ph_url":"data/photos/pam/0560.jpg"},"geometry":{"type":"Point","coordinates":[0.12254134985052136,45.98291377009304]}},{"id":"145","type":"Feature","properties":{"libelle":"PAM-1648-1","axe":"LGV","pk_ef":"164+752","pk_gc":"164+752","decalage":"38","commentair":null,"_sp_url":null,"_ph_url":"data/photos/pam/0561.jpg"},"geometry":{"type":"Point","coordinates":[0.12312227056809585,45.99326587007255]}},{"id":"143","type":"Feature","properties":{"libelle":"PAM-1647-2","axe":"LGV","pk_ef":"164+748","pk_gc":"164+748","decalage":"-29","commentair":null,"_sp_url":null,"_ph_url":"data/photos/pam/0562.jpg"},"geometry":{"type":"Point","coordinates":[0.12226261950889719,45.99333983992449]}},{"id":"963","type":"Feature","properties":{"libelle":"PAM-1638-2","axe":"LGV","pk_ef":"163+833","pk_gc":"163+833","decalage":"-25","commentair":null,"_sp_url":null,"_ph_url":"data/photos/pam/0563.jpg"},"geometry":{"type":"Point","coordinates":[0.12299182030490949,46.001564849793255]}},{"id":"193","type":"Feature","properties":{"libelle":"PAM-1634-1","axe":"LGV","pk_ef":"163+388","pk_gc":"163+388","decalage":"21","commentair":null,"_sp_url":null,"_ph_url":"data/photos/pam/0564.jpg"},"geometry":{"type":"Point","coordinates":[0.12391860964318856,46.00553925978246]}},{"id":"23","type":"Feature","properties":{"libelle":"PAM-1633-2","axe":"LGV","pk_ef":"163+344","pk_gc":"163+344","decalage":"-32","commentair":null,"_sp_url":null,"_ph_url":"data/photos/pam/0565.jpg"},"geometry":{"type":"Point","coordinates":[0.12326265941251568,46.005961360258844]}},{"id":"867","type":"Feature","properties":{"libelle":"PAM-1632-1","axe":"LGV","pk_ef":"163+242","pk_gc":"163+242","decalage":"56","commentair":"PAM Bassin","_sp_url":null,"_ph_url":"data/photos/pam/0566.jpg"},"geometry":{"type":"Point","coordinates":[0.12447767954707184,46.00683082036973]}},{"id":"948","type":"Feature","properties":{"libelle":"PAM-1630-2","axe":"LGV","pk_ef":"162+987","pk_gc":"162+987","decalage":"-26","commentair":null,"_sp_url":null,"_ph_url":"data/photos/pam/0567.jpg"},"geometry":{"type":"Point","coordinates":[0.1236110703123793,46.00916850030939]}},{"id":"798","type":"Feature","properties":{"libelle":"PAM-1629-2","axe":"LGV","pk_ef":"162+937","pk_gc":"162+937","decalage":"-28","commentair":null,"_sp_url":null,"_ph_url":"data/photos/pam/0568.jpg"},"geometry":{"type":"Point","coordinates":[0.12361535061926039,46.00961997031744]}},{"id":"46","type":"Feature","properties":{"libelle":"PAM-1628-1","axe":"LGV","pk_ef":"162+783","pk_gc":"162+783","decalage":"19","commentair":null,"_sp_url":null,"_ph_url":"data/photos/pam/0569.jpg"},"geometry":{"type":"Point","coordinates":[0.12433475031640326,46.010982920357385]}},{"id":"296","type":"Feature","properties":{"libelle":"PAM-1626-1","axe":"LGV","pk_ef":"162+649","pk_gc":"162+649","decalage":"15","commentair":null,"_sp_url":null,"_ph_url":"data/photos/pam/0570.jpg"},"geometry":{"type":"Point","coordinates":[0.12438798965725753,46.012186400080076]}},{"id":"1235","type":"Feature","properties":{"libelle":"PAM-1624-2","axe":"LGV","pk_ef":"162+441","pk_gc":"162+441","decalage":"-22","commentair":null,"_sp_url":null,"_ph_url":"data/photos/pam/0571.jpg"},"geometry":{"type":"Point","coordinates":[0.12406875011748403,46.01407986041505]}},{"id":"1225","type":"Feature","properties":{"libelle":"PAM-1623-1","axe":"LGV","pk_ef":"162+252","pk_gc":"162+252","decalage":"27","commentair":null,"_sp_url":null,"_ph_url":"data/photos/pam/0572.jpg"},"geometry":{"type":"Point","coordinates":[0.12483032994136944,46.01574996000936]}},{"id":"906","type":"Feature","properties":{"libelle":"PAM-1622-1","axe":"LGV","pk_ef":"162+197","pk_gc":"162+197","decalage":"41","commentair":null,"_sp_url":null,"_ph_url":"data/photos/pam/0573.jpg"},"geometry":{"type":"Point","coordinates":[0.12505169065301605,46.01623682980482]}},{"id":"914","type":"Feature","properties":{"libelle":"PAM-1620-1","axe":"LGV","pk_ef":"161+952","pk_gc":"161+952","decalage":"29","commentair":null,"_sp_url":null,"_ph_url":"data/photos/pam/0574.jpg"},"geometry":{"type":"Point","coordinates":[0.12507591987859865,46.018441489664056]}},{"id":"0","type":"Feature","properties":{"libelle":"PAM-1619-2","axe":"LGV","pk_ef":"161+930","pk_gc":"161+930","decalage":"-27","commentair":null,"_sp_url":null,"_ph_url":"data/photos/pam/0575.jpg"},"geometry":{"type":"Point","coordinates":[0.12437752042670469,46.01867665974105]}},{"id":"713","type":"Feature","properties":{"libelle":"PAM-1613-2","axe":"LGV","pk_ef":"161+278","pk_gc":"161+278","decalage":"-31","commentair":null,"_sp_url":null,"_ph_url":"data/photos/pam/0576.jpg"},"geometry":{"type":"Point","coordinates":[0.12480971962075357,46.02453619042826]}},{"id":"357","type":"Feature","properties":{"libelle":"PAM-1613-1","axe":"LGV","pk_ef":"161+272","pk_gc":"161+272","decalage":"20","commentair":null,"_sp_url":null,"_ph_url":"data/photos/pam/0577.jpg"},"geometry":{"type":"Point","coordinates":[0.12546491065295323,46.02456380982509]}},{"id":"1228","type":"Feature","properties":{"libelle":"PAM-1611-1","axe":"LGV","pk_ef":"161+112","pk_gc":"161+112","decalage":"75","commentair":"PAM Bassin","_sp_url":null,"_ph_url":"data/photos/pam/0578.jpg"},"geometry":{"type":"Point","coordinates":[0.1263006793548119,46.02597318038459]}},{"id":"1242","type":"Feature","properties":{"libelle":"PAM-1609-3","axe":"LGV","pk_ef":"160+903","pk_gc":"160+903","decalage":"23","commentair":null,"_sp_url":null,"_ph_url":"data/photos/pam/0579.jpg"},"geometry":{"type":"Point","coordinates":[0.12577573029960717,46.027882350341685]}},{"id":"284","type":"Feature","properties":{"libelle":"PAM-1609-1","axe":"LGV","pk_ef":"160+896","pk_gc":"160+896","decalage":"23","commentair":null,"_sp_url":null,"_ph_url":"data/photos/pam/0580.jpg"},"geometry":{"type":"Point","coordinates":[0.12578544052187043,46.027940369943316]}},{"id":"163","type":"Feature","properties":{"libelle":"PAM-1606-1","axe":"LGV","pk_ef":"160+627","pk_gc":"160+627","decalage":"31","commentair":null,"_sp_url":null,"_ph_url":"data/photos/pam/0581.jpg"},"geometry":{"type":"Point","coordinates":[0.12608411938340106,46.030358669940085]}},{"id":"150","type":"Feature","properties":{"libelle":"PAM-1604-2","axe":"LGV","pk_ef":"160+393","pk_gc":"160+393","decalage":"-31","commentair":null,"_sp_url":null,"_ph_url":"data/photos/pam/0582.jpg"},"geometry":{"type":"Point","coordinates":[0.12545793057637727,46.032490919726136]}},{"id":"58","type":"Feature","properties":{"libelle":"PAM-1603-1","axe":"LGV","pk_ef":"160+314","pk_gc":"160+314","decalage":"27","commentair":null,"_sp_url":null,"_ph_url":"data/photos/pam/0583.jpg"},"geometry":{"type":"Point","coordinates":[0.126264190191863,46.0331714395693]}},{"id":"396","type":"Feature","properties":{"libelle":"PAM-1601-4","axe":"LGV","pk_ef":"160+103","pk_gc":"160+103","decalage":"-26","commentair":null,"_sp_url":null,"_ph_url":"data/photos/pam/0584.jpg"},"geometry":{"type":"Point","coordinates":[0.12573840971455802,46.035099699942776]}},{"id":"524","type":"Feature","properties":{"libelle":"PAM-1601-2","axe":"LGV","pk_ef":"160+087","pk_gc":"160+087","decalage":"-24","commentair":null,"_sp_url":null,"_ph_url":"data/photos/pam/0585.jpg"},"geometry":{"type":"Point","coordinates":[0.12578120058605696,46.03523646031393]}},{"id":"627","type":"Feature","properties":{"libelle":"PAM-1598-3","axe":"LGV","pk_ef":"159+807","pk_gc":"159+807","decalage":"17","commentair":null,"_sp_url":null,"_ph_url":"data/photos/pam/0586.jpg"},"geometry":{"type":"Point","coordinates":[0.12651997962351028,46.03773473988907]}},{"id":"698","type":"Feature","properties":{"libelle":"PAM-1598-2","axe":"LGV","pk_ef":"159+803","pk_gc":"159+803","decalage":"-18","commentair":null,"_sp_url":null,"_ph_url":"data/photos/pam/0587.jpg"},"geometry":{"type":"Point","coordinates":[0.12606830029562738,46.03778640972089]}},{"id":"223","type":"Feature","properties":{"libelle":"PAM-1598-1","axe":"LGV","pk_ef":"159+791","pk_gc":"159+791","decalage":"18","commentair":null,"_sp_url":null,"_ph_url":"data/photos/pam/0588.jpg"},"geometry":{"type":"Point","coordinates":[0.1265341596379707,46.037877439783905]}},{"id":"116","type":"Feature","properties":{"libelle":"PAM-1594-1","axe":"LGV","pk_ef":"159+442","pk_gc":"159+442","decalage":"18","commentair":null,"_sp_url":null,"_ph_url":"data/photos/pam/0589.jpg"},"geometry":{"type":"Point","coordinates":[0.126793859742572,46.04101902039293]}},{"id":"32","type":"Feature","properties":{"libelle":"PAM-1594-4","axe":"LGV","pk_ef":"159+444","pk_gc":"159+444","decalage":"-18","commentair":null,"_sp_url":null,"_ph_url":"data/photos/pam/0590.jpg"},"geometry":{"type":"Point","coordinates":[0.1263338705068731,46.041019969903026]}},{"id":"1025","type":"Feature","properties":{"libelle":"PAM-1594-2","axe":"LGV","pk_ef":"159+388","pk_gc":"159+388","decalage":"-17","commentair":null,"_sp_url":null,"_ph_url":"data/photos/pam/0591.jpg"},"geometry":{"type":"Point","coordinates":[0.12638441978375872,46.04152464975828]}},{"id":"828","type":"Feature","properties":{"libelle":"PAM-1593-1","axe":"LGV","pk_ef":"159+347","pk_gc":"159+347","decalage":"15","commentair":null,"_sp_url":null,"_ph_url":"data/photos/pam/0592.jpg"},"geometry":{"type":"Point","coordinates":[0.12683372057804948,46.041874150353]}},{"id":"355","type":"Feature","properties":{"libelle":"PAM-1591-1","axe":"LGV","pk_ef":"159+116","pk_gc":"159+116","decalage":"26","commentair":null,"_sp_url":null,"_ph_url":"data/photos/pam/0593.jpg"},"geometry":{"type":"Point","coordinates":[0.12713793941170187,46.04394160040713]}},{"id":"755","type":"Feature","properties":{"libelle":"PAM-1586-2","axe":"LGV","pk_ef":"158+633","pk_gc":"158+633","decalage":"-19","commentair":null,"_sp_url":null,"_ph_url":"data/photos/pam/0594.jpg"},"geometry":{"type":"Point","coordinates":[0.1269200501324733,46.048304689715685]}},{"id":"45","type":"Feature","properties":{"libelle":"PAM-1586-1","axe":"LGV","pk_ef":"158+620","pk_gc":"158+620","decalage":"21","commentair":null,"_sp_url":null,"_ph_url":"data/photos/pam/0595.jpg"},"geometry":{"type":"Point","coordinates":[0.12744346980848456,46.048407970382925]}},{"id":"674","type":"Feature","properties":{"libelle":"PAM-1585-2","axe":"LGV","pk_ef":"158+510","pk_gc":"158+510","decalage":"-17","commentair":null,"_sp_url":null,"_ph_url":"data/photos/pam/0596.jpg"},"geometry":{"type":"Point","coordinates":[0.12704195032827528,46.049416150299194]}},{"id":"791","type":"Feature","properties":{"libelle":"PAM-1585-1","axe":"LGV","pk_ef":"158+500","pk_gc":"158+500","decalage":"23","commentair":null,"_sp_url":null,"_ph_url":"data/photos/pam/0597.jpg"},"geometry":{"type":"Point","coordinates":[0.1275602594659578,46.04948286966742]}},{"id":"273","type":"Feature","properties":{"libelle":"PAM-1582-1","axe":"LGV","pk_ef":"158+229","pk_gc":"158+229","decalage":"42","commentair":null,"_sp_url":null,"_ph_url":"data/photos/pam/0598.jpg"},"geometry":{"type":"Point","coordinates":[0.12800832052837818,46.051913270116636]}},{"id":"908","type":"Feature","properties":{"libelle":"PAM-1582-2","axe":"LGV","pk_ef":"158+185","pk_gc":"158+185","decalage":"-31","commentair":null,"_sp_url":null,"_ph_url":"data/photos/pam/0599.jpg"},"geometry":{"type":"Point","coordinates":[0.12708475943128855,46.052343879661635]}},{"id":"503","type":"Feature","properties":{"libelle":"PAM-1575-1","axe":"LGV","pk_ef":"157+458","pk_gc":"157+458","decalage":"19","commentair":null,"_sp_url":null,"_ph_url":"data/photos/pam/0600.jpg"},"geometry":{"type":"Point","coordinates":[0.12796598987479824,46.05887281974374]}},{"id":"332","type":"Feature","properties":{"libelle":"PAM-1575-2","axe":"LGV","pk_ef":"157+452","pk_gc":"157+452","decalage":"-17","commentair":null,"_sp_url":null,"_ph_url":"data/photos/pam/0601.jpg"},"geometry":{"type":"Point","coordinates":[0.12749753060926236,46.058923130182606]}},{"id":"923","type":"Feature","properties":{"libelle":"PAM-1567-2","axe":"LGV","pk_ef":"156+734","pk_gc":"156+734","decalage":"-19","commentair":null,"_sp_url":null,"_ph_url":"data/photos/pam/0602.jpg"},"geometry":{"type":"Point","coordinates":[0.12724608958536932,46.06537627038546]}},{"id":"384","type":"Feature","properties":{"libelle":"PAM-1566-1","axe":"LGV","pk_ef":"156+609","pk_gc":"156+609","decalage":"21","commentair":null,"_sp_url":null,"_ph_url":"data/photos/pam/0603.jpg"},"geometry":{"type":"Point","coordinates":[0.1276766896537497,46.06652633015657]}},{"id":"744","type":"Feature","properties":{"libelle":"PAM-1566-2","axe":"LGV","pk_ef":"156+551","pk_gc":"156+551","decalage":"-31","commentair":null,"_sp_url":null,"_ph_url":"data/photos/pam/0604.jpg"},"geometry":{"type":"Point","coordinates":[0.12696545047455143,46.06701327041361]}},{"id":"823","type":"Feature","properties":{"libelle":"PAM-1563-1","axe":"LGV","pk_ef":"156+289","pk_gc":"156+289","decalage":"25","commentair":null,"_sp_url":null,"_ph_url":"data/photos/pam/0605.jpg"},"geometry":{"type":"Point","coordinates":[0.12744918947770018,46.069404749876554]}},{"id":"447","type":"Feature","properties":{"libelle":"PAM-1563-2","axe":"LGV","pk_ef":"156+286","pk_gc":"156+286","decalage":"-20","commentair":null,"_sp_url":null,"_ph_url":"data/photos/pam/0606.jpg"},"geometry":{"type":"Point","coordinates":[0.1268700302186645,46.06940039001756]}},{"id":"836","type":"Feature","properties":{"libelle":"PAM-1559-1","axe":"LGV","pk_ef":"155+891","pk_gc":"155+891","decalage":"30","commentair":null,"_sp_url":null,"_ph_url":"data/photos/pam/0607.jpg"},"geometry":{"type":"Point","coordinates":[0.12707016035895224,46.07298389031404]}},{"id":"1072","type":"Feature","properties":{"libelle":"PAM-1558-1","axe":"LGV","pk_ef":"155+835","pk_gc":"155+835","decalage":"33","commentair":null,"_sp_url":null,"_ph_url":"data/photos/pam/0608.jpg"},"geometry":{"type":"Point","coordinates":[0.12703291982731865,46.07348503954816]}},{"id":"574","type":"Feature","properties":{"libelle":"PAM-1555-2","axe":"LGV","pk_ef":"155+500","pk_gc":"155+500","decalage":"-53","commentair":null,"_sp_url":null,"_ph_url":"data/photos/pam/0609.jpg"},"geometry":{"type":"Point","coordinates":[0.12552781938392407,46.07641660988821]}},{"id":"925","type":"Feature","properties":{"libelle":"PAM-1550-2","axe":"LGV","pk_ef":"154+970","pk_gc":"154+970","decalage":"-48","commentair":null,"_sp_url":null,"_ph_url":"data/photos/pam/0610.jpg"},"geometry":{"type":"Point","coordinates":[0.12496117034878908,46.081174409990254]}},{"id":"1173","type":"Feature","properties":{"libelle":"PAM-1546-1","axe":"LGV","pk_ef":"154+621","pk_gc":"154+621","decalage":"50","commentair":null,"_sp_url":null,"_ph_url":"data/photos/pam/0611.jpg"},"geometry":{"type":"Point","coordinates":[0.1258347904441764,46.08437570024636]}},{"id":"1131","type":"Feature","properties":{"libelle":"PAM-1544-2","axe":"LGV","pk_ef":"154+367","pk_gc":"154+367","decalage":"-42","commentair":null,"_sp_url":null,"_ph_url":"data/photos/pam/0612.jpg"},"geometry":{"type":"Point","coordinates":[0.12446445056267882,46.086614670037676]}},{"id":"584","type":"Feature","properties":{"libelle":"PAM-1542-1","axe":"LGV","pk_ef":"154+154","pk_gc":"154+154","decalage":"28","commentair":null,"_sp_url":null,"_ph_url":"data/photos/pam/0613.jpg"},"geometry":{"type":"Point","coordinates":[0.12529864000886556,46.08855273026245]}},{"id":"1126","type":"Feature","properties":{"libelle":"PAM-1538-1","axe":"LGV","pk_ef":"153+831","pk_gc":"153+831","decalage":"21","commentair":null,"_sp_url":null,"_ph_url":"data/photos/pam/0614.jpg"},"geometry":{"type":"Point","coordinates":[0.12527014933952585,46.091445710365655]}},{"id":"921","type":"Feature","properties":{"libelle":"PAM-1537-1","axe":"LGV","pk_ef":"153+664","pk_gc":"153+664","decalage":"27","commentair":null,"_sp_url":null,"_ph_url":"data/photos/pam/0615.jpg"},"geometry":{"type":"Point","coordinates":[0.12545691964185135,46.09294038978922]}},{"id":"446","type":"Feature","properties":{"libelle":"PAM-1536-2","axe":"LGV","pk_ef":"153+588","pk_gc":"153+588","decalage":"-33","commentair":null,"_sp_url":null,"_ph_url":"data/photos/pam/0616.jpg"},"geometry":{"type":"Point","coordinates":[0.12474044062329474,46.09366167004015]}},{"id":"1146","type":"Feature","properties":{"libelle":"PAM-1535-1","axe":"LGV","pk_ef":"153+507","pk_gc":"153+507","decalage":"43","commentair":null,"_sp_url":null,"_ph_url":"data/photos/pam/0617.jpg"},"geometry":{"type":"Point","coordinates":[0.1258119898537062,46.094330380394084]}},{"id":"417","type":"Feature","properties":{"libelle":"PAM-1532-1","axe":"LGV","pk_ef":"153+158","pk_gc":"153+158","decalage":"29","commentair":null,"_sp_url":null,"_ph_url":"data/photos/pam/0618.jpg"},"geometry":{"type":"Point","coordinates":[0.12609595004616508,46.09746231017748]}},{"id":"260","type":"Feature","properties":{"libelle":"PAM-1531-2","axe":"LGV","pk_ef":"153+138","pk_gc":"153+138","decalage":"-44","commentair":"PAM Bassin","_sp_url":null,"_ph_url":"data/photos/pam/0619.jpg"},"geometry":{"type":"Point","coordinates":[0.12518723043791524,46.09771431008433]}},{"id":"152","type":"Feature","properties":{"libelle":"PAM-1530-1","axe":"LGV","pk_ef":"152+964","pk_gc":"152+964","decalage":"53","commentair":null,"_sp_url":null,"_ph_url":"data/photos/pam/0620.jpg"},"geometry":{"type":"Point","coordinates":[0.1267046594728346,46.09916767991507]}},{"id":"573","type":"Feature","properties":{"libelle":"PAM-1530-2","axe":"LGV","pk_ef":"152+963","pk_gc":"152+963","decalage":"-46","commentair":null,"_sp_url":null,"_ph_url":"data/photos/pam/0621.jpg"},"geometry":{"type":"Point","coordinates":[0.12543859018342396,46.09928071977555]}},{"id":"943","type":"Feature","properties":{"libelle":"PAM-1516-1","axe":"LGV","pk_ef":"151+618","pk_gc":"151+618","decalage":"32","commentair":null,"_sp_url":null,"_ph_url":"data/photos/pam/0622.jpg"},"geometry":{"type":"Point","coordinates":[0.12784329943090697,46.11128544016229]}},{"id":"1019","type":"Feature","properties":{"libelle":"PAM-1516-2","axe":"LGV","pk_ef":"151+617","pk_gc":"151+617","decalage":"-32","commentair":null,"_sp_url":null,"_ph_url":"data/photos/pam/0623.jpg"},"geometry":{"type":"Point","coordinates":[0.12701227044766009,46.11132464011424]}},{"id":"1055","type":"Feature","properties":{"libelle":"PAM-1512-3","axe":"LGV","pk_ef":"151+203","pk_gc":"151+203","decalage":"30","commentair":null,"_sp_url":null,"_ph_url":"data/photos/pam/0624.jpg"},"geometry":{"type":"Point","coordinates":[0.12813785029303815,46.115016370414054]}},{"id":"1052","type":"Feature","properties":{"libelle":"PAM-1510-2","axe":"LGV","pk_ef":"150+967","pk_gc":"150+967","decalage":"-26","commentair":null,"_sp_url":null,"_ph_url":"data/photos/pam/0625.jpg"},"geometry":{"type":"Point","coordinates":[0.12769367041104404,46.117169430134076]}},{"id":"660","type":"Feature","properties":{"libelle":"PAM-1508-2","axe":"LGV","pk_ef":"150+777","pk_gc":"150+777","decalage":"-23","commentair":null,"_sp_url":null,"_ph_url":"data/photos/pam/0626.jpg"},"geometry":{"type":"Point","coordinates":[0.1279682702951572,46.11887709040905]}},{"id":"1002","type":"Feature","properties":{"libelle":"PAM-1512-1","axe":"LGV","pk_ef":"151+162","pk_gc":"151+162","decalage":"29","commentair":null,"_sp_url":null,"_ph_url":"data/photos/pam/0627.jpg"},"geometry":{"type":"Point","coordinates":[0.12817034034712055,46.11538172986026]}},{"id":"1138","type":"Feature","properties":{"libelle":"PAM-1510-1","axe":"LGV","pk_ef":"150+988","pk_gc":"150+988","decalage":"28","commentair":null,"_sp_url":null,"_ph_url":"data/photos/pam/0628.jpg"},"geometry":{"type":"Point","coordinates":[0.1283608605964132,46.116937220310106]}},{"id":"857","type":"Feature","properties":{"libelle":"PAM-1507-1","axe":"LGV","pk_ef":"150+660","pk_gc":"150+660","decalage":"36","commentair":null,"_sp_url":null,"_ph_url":"data/photos/pam/0629.jpg"},"geometry":{"type":"Point","coordinates":[0.12888737975539763,46.11986974037817]}},{"id":"718","type":"Feature","properties":{"libelle":"PAM-1505-2","axe":"LGV","pk_ef":"150+524","pk_gc":"150+524","decalage":"-16","commentair":null,"_sp_url":null,"_ph_url":"data/photos/pam/0630.jpg"},"geometry":{"type":"Point","coordinates":[0.12838843008900183,46.12113328978199]}},{"id":"92","type":"Feature","properties":{"libelle":"PAM-1503-2","axe":"LGV","pk_ef":"150+279","pk_gc":"150+279","decalage":"-66","commentair":null,"_sp_url":null,"_ph_url":"data/photos/pam/0631.jpg"},"geometry":{"type":"Point","coordinates":[0.12805857057333123,46.123368890154204]}},{"id":"704","type":"Feature","properties":{"libelle":"PAM-1498-1","axe":"LGV","pk_ef":"149+817","pk_gc":"149+817","decalage":"30","commentair":null,"_sp_url":null,"_ph_url":"data/photos/pam/0632.jpg"},"geometry":{"type":"Point","coordinates":[0.12988953002813783,46.12742881012155]}},{"id":"1208","type":"Feature","properties":{"libelle":"PAM-1497-3","axe":"LGV","pk_ef":"149+743","pk_gc":"149+743","decalage":"107","commentair":"PAM Bassin","_sp_url":null,"_ph_url":"data/photos/pam/0633.jpg"},"geometry":{"type":"Point","coordinates":[0.13097580974236708,46.12802534976207]}},{"id":"288","type":"Feature","properties":{"libelle":"PAM-1497-1","axe":"LGV","pk_ef":"149+688","pk_gc":"149+688","decalage":"42","commentair":null,"_sp_url":null,"_ph_url":"data/photos/pam/0634.jpg"},"geometry":{"type":"Point","coordinates":[0.13019909992412843,46.12857197962144]}},{"id":"815","type":"Feature","properties":{"libelle":"PAM-1497-2","axe":"LGV","pk_ef":"149+675","pk_gc":"149+675","decalage":"-34","commentair":null,"_sp_url":null,"_ph_url":"data/photos/pam/0635.jpg"},"geometry":{"type":"Point","coordinates":[0.12924514058490244,46.12876038042184]}},{"id":"1056","type":"Feature","properties":{"libelle":"PAM-1493-1","axe":"LGV","pk_ef":"149+313","pk_gc":"149+313","decalage":"20","commentair":null,"_sp_url":null,"_ph_url":"data/photos/pam/0636.jpg"},"geometry":{"type":"Point","coordinates":[0.1304007096626289,46.131948999795135]}},{"id":"1139","type":"Feature","properties":{"libelle":"PAM-1490-3","axe":"LGV","pk_ef":"149+009","pk_gc":"149+009","decalage":"28","commentair":null,"_sp_url":null,"_ph_url":"data/photos/pam/0637.jpg"},"geometry":{"type":"Point","coordinates":[0.13089825972594227,46.13466543960401]}},{"id":"174","type":"Feature","properties":{"libelle":"PAM-1490-1","axe":"LGV","pk_ef":"148+969","pk_gc":"148+969","decalage":"26","commentair":null,"_sp_url":null,"_ph_url":"data/photos/pam/0638.jpg"},"geometry":{"type":"Point","coordinates":[0.13092559950578703,46.13503259976531]}},{"id":"875","type":"Feature","properties":{"libelle":"PAM-1490-2","axe":"LGV","pk_ef":"148+966","pk_gc":"148+966","decalage":"-29","commentair":null,"_sp_url":null,"_ph_url":"data/photos/pam/0639.jpg"},"geometry":{"type":"Point","coordinates":[0.13020970018907221,46.13510648032498]}},{"id":"646","type":"Feature","properties":{"libelle":"PAM-1489-1","axe":"LGV","pk_ef":"148+949","pk_gc":"148+949","decalage":"94","commentair":"PAM Bassin","_sp_url":null,"_ph_url":"data/photos/pam/0640.jpg"},"geometry":{"type":"Point","coordinates":[0.1318212900192628,46.13514990979382]}},{"id":"881","type":"Feature","properties":{"libelle":"PAM-1486-2","axe":"LGV","pk_ef":"148+614","pk_gc":"148+614","decalage":"-20","commentair":null,"_sp_url":null,"_ph_url":"data/photos/pam/0641.jpg"},"geometry":{"type":"Point","coordinates":[0.130784580379773,46.13825551037801]}},{"id":"458","type":"Feature","properties":{"libelle":"PAM-1475-2","axe":"LGV","pk_ef":"147+457","pk_gc":"147+457","decalage":"-18","commentair":null,"_sp_url":null,"_ph_url":"data/photos/pam/0642.jpg"},"geometry":{"type":"Point","coordinates":[0.13229703969466197,46.14861439014612]}},{"id":"534","type":"Feature","properties":{"libelle":"PAM-1474-2","axe":"LGV","pk_ef":"147+359","pk_gc":"147+359","decalage":"-17","commentair":null,"_sp_url":null,"_ph_url":"data/photos/pam/0643.jpg"},"geometry":{"type":"Point","coordinates":[0.1324202002364515,46.149498130125814]}},{"id":"491","type":"Feature","properties":{"libelle":"PAM-1471-1","axe":"LGV","pk_ef":"147+148","pk_gc":"147+148","decalage":"34","commentair":null,"_sp_url":null,"_ph_url":"data/photos/pam/0644.jpg"},"geometry":{"type":"Point","coordinates":[0.13331779013064557,46.15135400023747]}},{"id":"1040","type":"Feature","properties":{"libelle":"PAM-1466-1","axe":"LGV","pk_ef":"146+628","pk_gc":"146+628","decalage":"27","commentair":null,"_sp_url":null,"_ph_url":"data/photos/pam/0645.jpg"},"geometry":{"type":"Point","coordinates":[0.13354220041009143,46.15604899996639]}},{"id":"1105","type":"Feature","properties":{"libelle":"PAM-1466-2","axe":"LGV","pk_ef":"146+628","pk_gc":"146+628","decalage":"-18","commentair":null,"_sp_url":null,"_ph_url":"data/photos/pam/0646.jpg"},"geometry":{"type":"Point","coordinates":[0.1329621206340734,46.1560496396465]}},{"id":"596","type":"Feature","properties":{"libelle":"PAM-1462-2","axe":"LGV","pk_ef":"146+196","pk_gc":"146+196","decalage":"-16","commentair":null,"_sp_url":null,"_ph_url":"data/photos/pam/0647.jpg"},"geometry":{"type":"Point","coordinates":[0.13305319024220547,46.159945690132]}},{"id":"1150","type":"Feature","properties":{"libelle":"PAM-1457-1","axe":"LGV","pk_ef":"145+693","pk_gc":"145+693","decalage":"83","commentair":"PAM Bassin","_sp_url":null,"_ph_url":"data/photos/pam/0648.jpg"},"geometry":{"type":"Point","coordinates":[0.13441191953208542,46.16446000014105]}},{"id":"49","type":"Feature","properties":{"libelle":"PAM-1456-2","axe":"LGV","pk_ef":"145+585","pk_gc":"145+585","decalage":"-21","commentair":null,"_sp_url":null,"_ph_url":"data/photos/pam/0649.jpg"},"geometry":{"type":"Point","coordinates":[0.13308408036959543,46.16544365011749]}},{"id":"344","type":"Feature","properties":{"libelle":"PAM-1456-1","axe":"LGV","pk_ef":"145+556","pk_gc":"145+556","decalage":"20","commentair":null,"_sp_url":null,"_ph_url":"data/photos/pam/0650.jpg"},"geometry":{"type":"Point","coordinates":[0.13361392972690322,46.165699960345464]}},{"id":"18","type":"Feature","properties":{"libelle":"PAM-1452-3","axe":"LGV","pk_ef":"145+198","pk_gc":"145+198","decalage":"20","commentair":null,"_sp_url":null,"_ph_url":"data/photos/pam/0651.jpg"},"geometry":{"type":"Point","coordinates":[0.13365531963032865,46.16892701976538]}},{"id":"794","type":"Feature","properties":{"libelle":"PAM-1452-1","axe":"LGV","pk_ef":"145+184","pk_gc":"145+184","decalage":"20","commentair":null,"_sp_url":null,"_ph_url":"data/photos/pam/0652.jpg"},"geometry":{"type":"Point","coordinates":[0.13365310982341982,46.16905268977715]}},{"id":"543","type":"Feature","properties":{"libelle":"PAM-1448-2","axe":"LGV","pk_ef":"144+825","pk_gc":"144+825","decalage":"-28","commentair":null,"_sp_url":null,"_ph_url":"data/photos/pam/0653.jpg"},"geometry":{"type":"Point","coordinates":[0.13298826048815462,46.17227614976887]}},{"id":"440","type":"Feature","properties":{"libelle":"PAM-1448-1","axe":"LGV","pk_ef":"144+794","pk_gc":"144+794","decalage":"15","commentair":null,"_sp_url":null,"_ph_url":"data/photos/pam/0654.jpg"},"geometry":{"type":"Point","coordinates":[0.1335440401255325,46.17256867038665]}},{"id":"882","type":"Feature","properties":{"libelle":"PAM-1446-1","axe":"LGV","pk_ef":"144+603","pk_gc":"144+603","decalage":"28","commentair":null,"_sp_url":null,"_ph_url":"data/photos/pam/0655.jpg"},"geometry":{"type":"Point","coordinates":[0.1336484595342646,46.17429386040083]}},{"id":"1179","type":"Feature","properties":{"libelle":"PAM-1446-2","axe":"LGV","pk_ef":"144+602","pk_gc":"144+602","decalage":"-17","commentair":null,"_sp_url":null,"_ph_url":"data/photos/pam/0656.jpg"},"geometry":{"type":"Point","coordinates":[0.1330665295901479,46.174285859806005]}},{"id":"1243","type":"Feature","properties":{"libelle":"PAM-1441-2","axe":"LGV","pk_ef":"144+145","pk_gc":"144+145","decalage":"-29","commentair":"PAM Bassin","_sp_url":null,"_ph_url":"data/photos/pam/0657.jpg"},"geometry":{"type":"Point","coordinates":[0.13275957027679958,46.1783987596519]}},{"id":"1129","type":"Feature","properties":{"libelle":"PAM-1434-1","axe":"LGV","pk_ef":"143+365","pk_gc":"143+365","decalage":"18","commentair":null,"_sp_url":null,"_ph_url":"data/photos/pam/0658.jpg"},"geometry":{"type":"Point","coordinates":[0.13308863002062618,46.185429669822106]}},{"id":"1222","type":"Feature","properties":{"libelle":"PAM-1432-2","axe":"LGV","pk_ef":"143+195","pk_gc":"143+195","decalage":"-19","commentair":null,"_sp_url":null,"_ph_url":"data/photos/pam/0659.jpg"},"geometry":{"type":"Point","coordinates":[0.1325655800439159,46.18695465958702]}},{"id":"811","type":"Feature","properties":{"libelle":"PAM-1424-1","axe":"LGV","pk_ef":"142+401","pk_gc":"142+401","decalage":"12","commentair":null,"_sp_url":null,"_ph_url":"data/photos/pam/0660.jpg"},"geometry":{"type":"Point","coordinates":[0.13341069943297024,46.194085520135864]}},{"id":"179","type":"Feature","properties":{"libelle":"PAM-1424-2","axe":"LGV","pk_ef":"142+403","pk_gc":"142+403","decalage":"-17","commentair":null,"_sp_url":null,"_ph_url":"data/photos/pam/0661.jpg"},"geometry":{"type":"Point","coordinates":[0.13302878945282792,46.194091470219675]}},{"id":"810","type":"Feature","properties":{"libelle":"PAM-1422-2","axe":"LGV","pk_ef":"142+178","pk_gc":"142+178","decalage":"-15","commentair":null,"_sp_url":null,"_ph_url":"data/photos/pam/0662.jpg"},"geometry":{"type":"Point","coordinates":[0.13339182996584378,46.19610870028613]}},{"id":"518","type":"Feature","properties":{"libelle":"PAM-1419-2","axe":"LGV","pk_ef":"141+939","pk_gc":"141+939","decalage":"-13","commentair":null,"_sp_url":null,"_ph_url":"data/photos/pam/0663.jpg"},"geometry":{"type":"Point","coordinates":[0.133887330469258,46.198237400328246]}},{"id":"138","type":"Feature","properties":{"libelle":"PAM-1418-2","axe":"LGV","pk_ef":"141+817","pk_gc":"141+817","decalage":"-21","commentair":null,"_sp_url":null,"_ph_url":"data/photos/pam/0664.jpg"},"geometry":{"type":"Point","coordinates":[0.1340531802821754,46.199338380343]}},{"id":"1024","type":"Feature","properties":{"libelle":"PAM-1418-1","axe":"LGV","pk_ef":"141+774","pk_gc":"141+774","decalage":"23","commentair":null,"_sp_url":null,"_ph_url":"data/photos/pam/0665.jpg"},"geometry":{"type":"Point","coordinates":[0.13471898000220844,46.19964660008596]}},{"id":"986","type":"Feature","properties":{"libelle":"PAM-1416-1","axe":"LGV","pk_ef":"141+580","pk_gc":"141+580","decalage":"24","commentair":null,"_sp_url":null,"_ph_url":"data/photos/pam/0666.jpg"},"geometry":{"type":"Point","coordinates":[0.13523474043454803,46.20135031042177]}},{"id":"1122","type":"Feature","properties":{"libelle":"PAM-1416-2","axe":"LGV","pk_ef":"141+579","pk_gc":"141+579","decalage":"-28","commentair":null,"_sp_url":null,"_ph_url":"data/photos/pam/0667.jpg"},"geometry":{"type":"Point","coordinates":[0.13458441061519585,46.20145589012966]}},{"id":"749","type":"Feature","properties":{"libelle":"PAM-1409-1","axe":"LGV","pk_ef":"140+885","pk_gc":"140+885","decalage":"34","commentair":null,"_sp_url":null,"_ph_url":"data/photos/pam/0668.jpg"},"geometry":{"type":"Point","coordinates":[0.13739453024072515,46.20742506031288]}},{"id":"851","type":"Feature","properties":{"libelle":"PAM-1409-2","axe":"LGV","pk_ef":"140+877","pk_gc":"140+877","decalage":"-29","commentair":null,"_sp_url":null,"_ph_url":"data/photos/pam/0669.jpg"},"geometry":{"type":"Point","coordinates":[0.13660823028215388,46.20762210987661]}},{"id":"29","type":"Feature","properties":{"libelle":"PAM-1408-1","axe":"LGV","pk_ef":"140+833","pk_gc":"140+833","decalage":"32","commentair":null,"_sp_url":null,"_ph_url":"data/photos/pam/0670.jpg"},"geometry":{"type":"Point","coordinates":[0.13751455989366518,46.2078820802569]}},{"id":"741","type":"Feature","properties":{"libelle":"PAM-1408-2","axe":"LGV","pk_ef":"140+837","pk_gc":"140+837","decalage":"-34","commentair":null,"_sp_url":null,"_ph_url":"data/photos/pam/0671.jpg"},"geometry":{"type":"Point","coordinates":[0.1366699401665433,46.20797882028087]}},{"id":"177","type":"Feature","properties":{"libelle":"PAM-1393-2","axe":"LGV","pk_ef":"139+280","pk_gc":"139+280","decalage":"-19","commentair":null,"_sp_url":null,"_ph_url":"data/photos/pam/0672.jpg"},"geometry":{"type":"Point","coordinates":[0.1402990302596946,46.22174028962073]}},{"id":"615","type":"Feature","properties":{"libelle":"PAM-1392-1","axe":"LGV","pk_ef":"139+218","pk_gc":"139+218","decalage":"18","commentair":null,"_sp_url":null,"_ph_url":"data/photos/pam/0673.jpg"},"geometry":{"type":"Point","coordinates":[0.14086987058120026,46.22225945989961]}},{"id":"819","type":"Feature","properties":{"libelle":"PAM-1390-2","axe":"LGV","pk_ef":"138+995","pk_gc":"138+995","decalage":"-24","commentair":null,"_sp_url":null,"_ph_url":"data/photos/pam/0674.jpg"},"geometry":{"type":"Point","coordinates":[0.14063979957513395,46.22429186021008]}},{"id":"927","type":"Feature","properties":{"libelle":"PAM-1389-1","axe":"LGV","pk_ef":"138+868","pk_gc":"138+868","decalage":"18","commentair":null,"_sp_url":null,"_ph_url":"data/photos/pam/0675.jpg"},"geometry":{"type":"Point","coordinates":[0.14133836049319504,46.225398129673074]}},{"id":"194","type":"Feature","properties":{"libelle":"PAM-1382-2","axe":"LGV","pk_ef":"138+163","pk_gc":"138+163","decalage":"-28","commentair":null,"_sp_url":null,"_ph_url":"data/photos/pam/0676.jpg"},"geometry":{"type":"Point","coordinates":[0.14138185001816686,46.23175605039076]}},{"id":"608","type":"Feature","properties":{"libelle":"PAM-1381-2","axe":"LGV","pk_ef":"138+102","pk_gc":"138+102","decalage":"-27","commentair":null,"_sp_url":null,"_ph_url":"data/photos/pam/0677.jpg"},"geometry":{"type":"Point","coordinates":[0.14141865008992485,46.23230622972097]}},{"id":"912","type":"Feature","properties":{"libelle":"PAM-1374-1","axe":"LGV","pk_ef":"137+350","pk_gc":"137+350","decalage":"14","commentair":null,"_sp_url":null,"_ph_url":"data/photos/pam/0678.jpg"},"geometry":{"type":"Point","coordinates":[0.14211730038663117,46.239065969619155]}},{"id":"722","type":"Feature","properties":{"libelle":"PAM-1372-2","axe":"LGV","pk_ef":"137+151","pk_gc":"137+151","decalage":"-53","commentair":null,"_sp_url":null,"_ph_url":"data/photos/pam/0679.jpg"},"geometry":{"type":"Point","coordinates":[0.14120001988382067,46.24084397018837]}},{"id":"1123","type":"Feature","properties":{"libelle":"PAM-1368-1","axe":"LGV","pk_ef":"136+782","pk_gc":"136+782","decalage":"17","commentair":null,"_sp_url":null,"_ph_url":"data/photos/pam/0680.jpg"},"geometry":{"type":"Point","coordinates":[0.1419510098091597,46.244180579729424]}},{"id":"131","type":"Feature","properties":{"libelle":"PAM-1362-4","axe":"LGV","pk_ef":"136+171","pk_gc":"136+171","decalage":"-34","commentair":null,"_sp_url":null,"_ph_url":"data/photos/pam/0681.jpg"},"geometry":{"type":"Point","coordinates":[0.14076022009008926,46.249639339838836]}},{"id":"385","type":"Feature","properties":{"libelle":"PAM-1362-3","axe":"LGV","pk_ef":"136+173","pk_gc":"136+173","decalage":"33","commentair":null,"_sp_url":null,"_ph_url":"data/photos/pam/0682.jpg"},"geometry":{"type":"Point","coordinates":[0.14162203960468775,46.24967535042671]}},{"id":"569","type":"Feature","properties":{"libelle":"PAM-1362-2","axe":"LGV","pk_ef":"136+151","pk_gc":"136+151","decalage":"-35","commentair":null,"_sp_url":null,"_ph_url":"data/photos/pam/0683.jpg"},"geometry":{"type":"Point","coordinates":[0.14072322938478882,46.24981627966122]}},{"id":"808","type":"Feature","properties":{"libelle":"PAM-1362-1","axe":"LGV","pk_ef":"136+151","pk_gc":"136+151","decalage":"35","commentair":null,"_sp_url":null,"_ph_url":"data/photos/pam/0684.jpg"},"geometry":{"type":"Point","coordinates":[0.14162448942535202,46.249875590054046]}},{"id":"1183","type":"Feature","properties":{"libelle":"PAM-1355-2","axe":"LGV","pk_ef":"135+527","pk_gc":"135+527","decalage":"-35","commentair":null,"_sp_url":null,"_ph_url":"data/photos/pam/0685.jpg"},"geometry":{"type":"Point","coordinates":[0.13983996960546166,46.25539081013783]}},{"id":"946","type":"Feature","properties":{"libelle":"PAM-1347-2","axe":"LGV","pk_ef":"134+705","pk_gc":"134+705","decalage":"-18","commentair":null,"_sp_url":null,"_ph_url":"data/photos/pam/0686.jpg"},"geometry":{"type":"Point","coordinates":[0.13840902064188054,46.26271795960854]}},{"id":"854","type":"Feature","properties":{"libelle":"PAM-1345-1","axe":"LGV","pk_ef":"134+464","pk_gc":"134+464","decalage":"15","commentair":null,"_sp_url":null,"_ph_url":"data/photos/pam/0687.jpg"},"geometry":{"type":"Point","coordinates":[0.13832446998911554,46.264904949714776]}},{"id":"10","type":"Feature","properties":{"libelle":"PAM-1343-2","axe":"LGV","pk_ef":"134+324","pk_gc":"134+324","decalage":"-22","commentair":null,"_sp_url":null,"_ph_url":"data/photos/pam/0688.jpg"},"geometry":{"type":"Point","coordinates":[0.13754571987218087,46.26608825996455]}},{"id":"702","type":"Feature","properties":{"libelle":"PAM-1343-1","axe":"LGV","pk_ef":"134+320","pk_gc":"134+320","decalage":"22","commentair":null,"_sp_url":null,"_ph_url":"data/photos/pam/0689.jpg"},"geometry":{"type":"Point","coordinates":[0.13809394051685767,46.266196130161106]}},{"id":"399","type":"Feature","properties":{"libelle":"PAM-1341-2","axe":"LGV","pk_ef":"134+140","pk_gc":"134+140","decalage":"-22","commentair":null,"_sp_url":null,"_ph_url":"data/photos/pam/0690.jpg"},"geometry":{"type":"Point","coordinates":[0.13715128037484706,46.26772292024109]}},{"id":"1255","type":"Feature","properties":{"libelle":"PAM-1341-1","axe":"LGV","pk_ef":"134+086","pk_gc":"134+086","decalage":"16","commentair":null,"_sp_url":null,"_ph_url":"data/photos/pam/0691.jpg"},"geometry":{"type":"Point","coordinates":[0.1375223500970003,46.26826365991717]}},{"id":"519","type":"Feature","properties":{"libelle":"PAM-1339-2","axe":"LGV","pk_ef":"133+881","pk_gc":"133+881","decalage":"-20","commentair":null,"_sp_url":null,"_ph_url":"data/photos/pam/0692.jpg"},"geometry":{"type":"Point","coordinates":[0.1366213095608035,46.270032529622895]}},{"id":"111","type":"Feature","properties":{"libelle":"PAM-1338-1","axe":"LGV","pk_ef":"133+849","pk_gc":"133+849","decalage":"14","commentair":null,"_sp_url":null,"_ph_url":"data/photos/pam/0693.jpg"},"geometry":{"type":"Point","coordinates":[0.1369916502873874,46.270368459820816]}},{"id":"558","type":"Feature","properties":{"libelle":"PAM-1338-2","axe":"LGV","pk_ef":"133+786","pk_gc":"133+786","decalage":"-13","commentair":null,"_sp_url":null,"_ph_url":"data/photos/pam/0694.jpg"},"geometry":{"type":"Point","coordinates":[0.1365037105231053,46.27088226986263]}},{"id":"196","type":"Feature","properties":{"libelle":"PAM-1325-1","axe":"LGV","pk_ef":"132+522","pk_gc":"132+522","decalage":"45","commentair":"PAM Bassin","_sp_url":null,"_ph_url":"data/photos/pam/0695.jpg"},"geometry":{"type":"Point","coordinates":[0.13519244032533392,46.282218759708435]}},{"id":"381","type":"Feature","properties":{"libelle":"PAM-1318-2","axe":"LGV","pk_ef":"131+762","pk_gc":"131+762","decalage":"-31","commentair":null,"_sp_url":null,"_ph_url":"data/photos/pam/0696.jpg"},"geometry":{"type":"Point","coordinates":[0.13393043941118601,46.28903300975809]}},{"id":"1253","type":"Feature","properties":{"libelle":"PAM-1317-3","axe":"LGV","pk_ef":"131+734","pk_gc":"131+734","decalage":"28","commentair":null,"_sp_url":null,"_ph_url":"data/photos/pam/0697.jpg"},"geometry":{"type":"Point","coordinates":[0.13470046030222368,46.28927736029833]}},{"id":"31","type":"Feature","properties":{"libelle":"PAM-1317-2","axe":"LGV","pk_ef":"131+708","pk_gc":"131+708","decalage":"-25","commentair":null,"_sp_url":null,"_ph_url":"data/photos/pam/0698.jpg"},"geometry":{"type":"Point","coordinates":[0.13402689940825516,46.28951536015787]}},{"id":"135","type":"Feature","properties":{"libelle":"PAM-1317-1","axe":"LGV","pk_ef":"131+669","pk_gc":"131+669","decalage":"28","commentair":null,"_sp_url":null,"_ph_url":"data/photos/pam/0699.jpg"},"geometry":{"type":"Point","coordinates":[0.1347190206194558,46.28985994959884]}},{"id":"498","type":"Feature","properties":{"libelle":"PAM-1305-1","axe":"LGV","pk_ef":"130+493","pk_gc":"130+493","decalage":"21","commentair":null,"_sp_url":null,"_ph_url":"data/photos/pam/0700.jpg"},"geometry":{"type":"Point","coordinates":[0.13582012992406256,46.3003933103017]}},{"id":"246","type":"Feature","properties":{"libelle":"PAM-1305-2","axe":"LGV","pk_ef":"130+488","pk_gc":"130+488","decalage":"-21","commentair":null,"_sp_url":null,"_ph_url":"data/photos/pam/0701.jpg"},"geometry":{"type":"Point","coordinates":[0.13529602935162116,46.30048870038458]}},{"id":"354","type":"Feature","properties":{"libelle":"PAM-1304-1","axe":"LGV","pk_ef":"130+357","pk_gc":"130+357","decalage":"17","commentair":null,"_sp_url":null,"_ph_url":"data/photos/pam/0702.jpg"},"geometry":{"type":"Point","coordinates":[0.1360255094357778,46.30160658017657]}},{"id":"249","type":"Feature","properties":{"libelle":"PAM-1301-1","axe":"LGV","pk_ef":"130+143","pk_gc":"130+143","decalage":"18","commentair":null,"_sp_url":null,"_ph_url":"data/photos/pam/0703.jpg"},"geometry":{"type":"Point","coordinates":[0.136482830449687,46.30350161993776]}},{"id":"694","type":"Feature","properties":{"libelle":"PAM-1293-3","axe":"LGV","pk_ef":"129+338","pk_gc":"129+338","decalage":"16","commentair":null,"_sp_url":null,"_ph_url":"data/photos/pam/0704.jpg"},"geometry":{"type":"Point","coordinates":[0.13866870046506027,46.31057984012312]}},{"id":"788","type":"Feature","properties":{"libelle":"PAM-1293-2","axe":"LGV","pk_ef":"129+319","pk_gc":"129+319","decalage":"-23","commentair":null,"_sp_url":null,"_ph_url":"data/photos/pam/0705.jpg"},"geometry":{"type":"Point","coordinates":[0.13823398057133224,46.31083452001401]}},{"id":"209","type":"Feature","properties":{"libelle":"PAM-1293-1","axe":"LGV","pk_ef":"129+299","pk_gc":"129+299","decalage":"16","commentair":null,"_sp_url":null,"_ph_url":"data/photos/pam/0706.jpg"},"geometry":{"type":"Point","coordinates":[0.13879610965286673,46.310916250277145]}},{"id":"1258","type":"Feature","properties":{"libelle":"PAM-1291-1","axe":"LGV","pk_ef":"129+113","pk_gc":"129+113","decalage":"25","commentair":null,"_sp_url":null,"_ph_url":"data/photos/pam/0707.jpg"},"geometry":{"type":"Point","coordinates":[0.13953095048148723,46.31251578010755]}},{"id":"202","type":"Feature","properties":{"libelle":"PAM-1291-2","axe":"LGV","pk_ef":"129+101","pk_gc":"129+101","decalage":"-21","commentair":null,"_sp_url":null,"_ph_url":"data/photos/pam/0708.jpg"},"geometry":{"type":"Point","coordinates":[0.1389984097188532,46.31272556993747]}},{"id":"489","type":"Feature","properties":{"libelle":"PAM-1290-1","axe":"LGV","pk_ef":"129+011","pk_gc":"129+011","decalage":"16","commentair":null,"_sp_url":null,"_ph_url":"data/photos/pam/0709.jpg"},"geometry":{"type":"Point","coordinates":[0.1397743797220372,46.313419960078846]}},{"id":"1081","type":"Feature","properties":{"libelle":"PAM-1290-2","axe":"LGV","pk_ef":"128+985","pk_gc":"128+985","decalage":"-19","commentair":null,"_sp_url":null,"_ph_url":"data/photos/pam/0710.jpg"},"geometry":{"type":"Point","coordinates":[0.13942494006396117,46.31372396964418]}},{"id":"1180","type":"Feature","properties":{"libelle":"PAM-1289-2","axe":"LGV","pk_ef":"128+897","pk_gc":"128+897","decalage":"-21","commentair":null,"_sp_url":null,"_ph_url":"data/photos/pam/0711.jpg"},"geometry":{"type":"Point","coordinates":[0.1397062000448356,46.314498729966054]}},{"id":"1168","type":"Feature","properties":{"libelle":"PAM-1284-1","axe":"LGV","pk_ef":"128+448","pk_gc":"128+448","decalage":"22","commentair":null,"_sp_url":null,"_ph_url":"data/photos/pam/0712.jpg"},"geometry":{"type":"Point","coordinates":[0.1418134305956191,46.31829089992308]}},{"id":"476","type":"Feature","properties":{"libelle":"PAM-1279-1","axe":"LGV","pk_ef":"127+859","pk_gc":"127+859","decalage":"26","commentair":null,"_sp_url":null,"_ph_url":"data/photos/pam/0713.jpg"},"geometry":{"type":"Point","coordinates":[0.1438984799899968,46.32339020959891]}},{"id":"767","type":"Feature","properties":{"libelle":"PAM-1277-2","axe":"LGV","pk_ef":"127+690","pk_gc":"127+690","decalage":"-18","commentair":null,"_sp_url":null,"_ph_url":"data/photos/pam/0714.jpg"},"geometry":{"type":"Point","coordinates":[0.14394519050000285,46.324961379984636]}},{"id":"690","type":"Feature","properties":{"libelle":"PAM-1276-2","axe":"LGV","pk_ef":"127+585","pk_gc":"127+585","decalage":"-40","commentair":null,"_sp_url":null,"_ph_url":"data/photos/pam/0715.jpg"},"geometry":{"type":"Point","coordinates":[0.14403073990532683,46.325928390443536]}},{"id":"1100","type":"Feature","properties":{"libelle":"PAM-1275-2","axe":"LGV","pk_ef":"127+537","pk_gc":"127+537","decalage":"-20","commentair":null,"_sp_url":null,"_ph_url":"data/photos/pam/0716.jpg"},"geometry":{"type":"Point","coordinates":[0.1444466600831147,46.32629121015451]}},{"id":"1151","type":"Feature","properties":{"libelle":"PAM-1275-1","axe":"LGV","pk_ef":"127+524","pk_gc":"127+524","decalage":"18","commentair":null,"_sp_url":null,"_ph_url":"data/photos/pam/0717.jpg"},"geometry":{"type":"Point","coordinates":[0.14496578986986774,46.3263110999675]}},{"id":"621","type":"Feature","properties":{"libelle":"PAM-1269-1","axe":"LGV","pk_ef":"126+883","pk_gc":"126+883","decalage":"22","commentair":"PAM Bassin","_sp_url":null,"_ph_url":"data/photos/pam/0718.jpg"},"geometry":{"type":"Point","coordinates":[0.14736351008828108,46.33183228040119]}},{"id":"60","type":"Feature","properties":{"libelle":"PAM-1266-2","axe":"LGV","pk_ef":"126+565","pk_gc":"126+565","decalage":"-34","commentair":null,"_sp_url":null,"_ph_url":"data/photos/pam/0719.jpg"},"geometry":{"type":"Point","coordinates":[0.14796436049129047,46.334712130303544]}},{"id":"188","type":"Feature","properties":{"libelle":"PAM-1265-1","axe":"LGV","pk_ef":"126+515","pk_gc":"126+515","decalage":"40","commentair":"PAM Bassin","_sp_url":null,"_ph_url":"data/photos/pam/0720.jpg"},"geometry":{"type":"Point","coordinates":[0.14907621037460167,46.334922350232866]}},{"id":"655","type":"Feature","properties":{"libelle":"PAM-1263-4","axe":"LGV","pk_ef":"126+329","pk_gc":"126+329","decalage":"-25","commentair":null,"_sp_url":null,"_ph_url":"data/photos/pam/0721.jpg"},"geometry":{"type":"Point","coordinates":[0.14908517979813032,46.33669863031372]}},{"id":"345","type":"Feature","properties":{"libelle":"PAM-1263-2","axe":"LGV","pk_ef":"126+272","pk_gc":"126+272","decalage":"-34","commentair":null,"_sp_url":null,"_ph_url":"data/photos/pam/0722.jpg"},"geometry":{"type":"Point","coordinates":[0.14922906039907077,46.33721167022107]}},{"id":"1118","type":"Feature","properties":{"libelle":"PAM-1262-1","axe":"LGV","pk_ef":"126+216","pk_gc":"126+216","decalage":"25","commentair":null,"_sp_url":null,"_ph_url":"data/photos/pam/0723.jpg"},"geometry":{"type":"Point","coordinates":[0.1501950396425321,46.337500840173156]}},{"id":"437","type":"Feature","properties":{"libelle":"PAM-1257-1","axe":"LGV","pk_ef":"125+715","pk_gc":"125+715","decalage":"28","commentair":null,"_sp_url":null,"_ph_url":"data/photos/pam/0724.jpg"},"geometry":{"type":"Point","coordinates":[0.15256454957053722,46.341696090267014]}},{"id":"636","type":"Feature","properties":{"libelle":"PAM-1256-2","axe":"LGV","pk_ef":"125+567","pk_gc":"125+567","decalage":"-20","commentair":null,"_sp_url":null,"_ph_url":"data/photos/pam/0725.jpg"},"geometry":{"type":"Point","coordinates":[0.15271736952704743,46.34309396955498]}},{"id":"129","type":"Feature","properties":{"libelle":"PAM-1252-2","axe":"LGV","pk_ef":"125+155","pk_gc":"125+155","decalage":"-18","commentair":null,"_sp_url":null,"_ph_url":"data/photos/pam/0726.jpg"},"geometry":{"type":"Point","coordinates":[0.15487022054258606,46.3464919802557]}},{"id":"970","type":"Feature","properties":{"libelle":"PAM-1251-1","axe":"LGV","pk_ef":"125+131","pk_gc":"125+131","decalage":"24","commentair":null,"_sp_url":null,"_ph_url":"data/photos/pam/0727.jpg"},"geometry":{"type":"Point","coordinates":[0.15550492986254025,46.346532419728625]}},{"id":"1210","type":"Feature","properties":{"libelle":"PAM-1238-2","axe":"LGV","pk_ef":"123+752","pk_gc":"123+752","decalage":"-26","commentair":null,"_sp_url":null,"_ph_url":"data/photos/pam/0728.jpg"},"geometry":{"type":"Point","coordinates":[0.16302648989194152,46.35780831002077]}},{"id":"252","type":"Feature","properties":{"libelle":"PAM-1232-1","axe":"LGV","pk_ef":"123+164","pk_gc":"123+164","decalage":"29","commentair":null,"_sp_url":null,"_ph_url":"data/photos/pam/0729.jpg"},"geometry":{"type":"Point","coordinates":[0.16754504026239814,46.362114510410386]}},{"id":"140","type":"Feature","properties":{"libelle":"PAM-1231-1","axe":"LGV","pk_ef":"123+136","pk_gc":"123+136","decalage":"34","commentair":null,"_sp_url":null,"_ph_url":"data/photos/pam/0730.jpg"},"geometry":{"type":"Point","coordinates":[0.16778967967421493,46.36230174017267]}},{"id":"411","type":"Feature","properties":{"libelle":"PAM-1232-2","axe":"LGV","pk_ef":"123+156","pk_gc":"123+156","decalage":"-46","commentair":null,"_sp_url":null,"_ph_url":"data/photos/pam/0731.jpg"},"geometry":{"type":"Point","coordinates":[0.166766959382062,46.362525729976184]}},{"id":"255","type":"Feature","properties":{"libelle":"PAM-1218-2","axe":"LGV","pk_ef":"121+803","pk_gc":"121+803","decalage":"-27","commentair":null,"_sp_url":null,"_ph_url":"data/photos/pam/0732.jpg"},"geometry":{"type":"Point","coordinates":[0.17663440977077166,46.37263249992633]}},{"id":"293","type":"Feature","properties":{"libelle":"PAM-1219-1","axe":"LGV","pk_ef":"121+863","pk_gc":"121+863","decalage":"36","commentair":null,"_sp_url":null,"_ph_url":"data/photos/pam/0733.jpg"},"geometry":{"type":"Point","coordinates":[0.17688153994356806,46.37186970996832]}},{"id":"960","type":"Feature","properties":{"libelle":"PAM-1208-2","axe":"LGV","pk_ef":"120+847","pk_gc":"120+847","decalage":"-23","commentair":null,"_sp_url":null,"_ph_url":"data/photos/pam/0734.jpg"},"geometry":{"type":"Point","coordinates":[0.18354676953713275,46.379793800002425]}},{"id":"568","type":"Feature","properties":{"libelle":"PAM-1207-1","axe":"LGV","pk_ef":"120+716","pk_gc":"120+716","decalage":"23","commentair":null,"_sp_url":null,"_ph_url":"data/photos/pam/0735.jpg"},"geometry":{"type":"Point","coordinates":[0.18497417032895908,46.38055164010436]}},{"id":"322","type":"Feature","properties":{"libelle":"PAM-1205-1","axe":"LGV","pk_ef":"120+497","pk_gc":"120+497","decalage":"60","commentair":"PAM Bassin","_sp_url":null,"_ph_url":"data/photos/pam/0736.jpg"},"geometry":{"type":"Point","coordinates":[0.18688898022135017,46.38206853969186]}},{"id":"499","type":"Feature","properties":{"libelle":"PAM-1204-1","axe":"LGV","pk_ef":"120+384","pk_gc":"120+384","decalage":"22","commentair":null,"_sp_url":null,"_ph_url":"data/photos/pam/0737.jpg"},"geometry":{"type":"Point","coordinates":[0.1872046298010322,46.38312511011908]}},{"id":"1166","type":"Feature","properties":{"libelle":"PAM-1196-3","axe":"LGV","pk_ef":"119+580","pk_gc":"119+580","decalage":"170","commentair":"PAM Bassin","_sp_url":null,"_ph_url":"data/photos/pam/0738.jpg"},"geometry":{"type":"Point","coordinates":[0.19364100050562416,46.38910807037387]}},{"id":"263","type":"Feature","properties":{"libelle":"PAM-1196-1","axe":"LGV","pk_ef":"119+573","pk_gc":"119+573","decalage":"25","commentair":null,"_sp_url":null,"_ph_url":"data/photos/pam/0739.jpg"},"geometry":{"type":"Point","coordinates":[0.19193703993139355,46.389672499572825]}},{"id":"98","type":"Feature","properties":{"libelle":"PAM-1194-2","axe":"LGV","pk_ef":"119+427","pk_gc":"119+427","decalage":"-18","commentair":null,"_sp_url":null,"_ph_url":"data/photos/pam/0740.jpg"},"geometry":{"type":"Point","coordinates":[0.19214476961399082,46.39104119032591]}},{"id":"922","type":"Feature","properties":{"libelle":"PAM-1189-1","axe":"LGV","pk_ef":"118+853","pk_gc":"118+853","decalage":"34","commentair":null,"_sp_url":null,"_ph_url":"data/photos/pam/0741.jpg"},"geometry":{"type":"Point","coordinates":[0.19529805040800255,46.395747200140114]}},{"id":"745","type":"Feature","properties":{"libelle":"PAM-1187-2","axe":"LGV","pk_ef":"118+715","pk_gc":"118+715","decalage":"-42","commentair":null,"_sp_url":null,"_ph_url":"data/photos/pam/0742.jpg"},"geometry":{"type":"Point","coordinates":[0.19493385959819212,46.39714004981684]}},{"id":"849","type":"Feature","properties":{"libelle":"PAM-1183-2","axe":"LGV","pk_ef":"118+269","pk_gc":"118+269","decalage":"-46","commentair":null,"_sp_url":null,"_ph_url":"data/photos/pam/0743.jpg"},"geometry":{"type":"Point","coordinates":[0.19673412960162417,46.40095978036077]}},{"id":"158","type":"Feature","properties":{"libelle":"PAM-1182-1","axe":"LGV","pk_ef":"118+231","pk_gc":"118+231","decalage":"38","commentair":null,"_sp_url":null,"_ph_url":"data/photos/pam/0744.jpg"},"geometry":{"type":"Point","coordinates":[0.19792623063194958,46.40105010973199]}},{"id":"968","type":"Feature","properties":{"libelle":"PAM-1174-1","axe":"LGV","pk_ef":"117+426","pk_gc":"117+426","decalage":"40","commentair":null,"_sp_url":null,"_ph_url":"data/photos/pam/0745.jpg"},"geometry":{"type":"Point","coordinates":[0.20127891987235585,46.407913049887725]}},{"id":"148","type":"Feature","properties":{"libelle":"PAM-1174-2","axe":"LGV","pk_ef":"117+382","pk_gc":"117+382","decalage":"-55","commentair":null,"_sp_url":null,"_ph_url":"data/photos/pam/0746.jpg"},"geometry":{"type":"Point","coordinates":[0.2002952300329767,46.40856363015707]}},{"id":"510","type":"Feature","properties":{"libelle":"PAM-1163-1","axe":"LGV","pk_ef":"116+335","pk_gc":"116+335","decalage":"54","commentair":null,"_sp_url":null,"_ph_url":"data/photos/pam/0747.jpg"},"geometry":{"type":"Point","coordinates":[0.20547345042796503,46.41734114968281]}},{"id":"342","type":"Feature","properties":{"libelle":"PAM-1159-1","axe":"LGV","pk_ef":"115+888","pk_gc":"115+888","decalage":"45","commentair":null,"_sp_url":null,"_ph_url":"data/photos/pam/0748.jpg"},"geometry":{"type":"Point","coordinates":[0.20657726962083006,46.42131305005436]}},{"id":"290","type":"Feature","properties":{"libelle":"PAM-1159-2","axe":"LGV","pk_ef":"115+896","pk_gc":"115+896","decalage":"-24","commentair":null,"_sp_url":null,"_ph_url":"data/photos/pam/0749.jpg"},"geometry":{"type":"Point","coordinates":[0.20568191001440106,46.42135884990397]}},{"id":"270","type":"Feature","properties":{"libelle":"PAM-1156-1","axe":"LGV","pk_ef":"115+551","pk_gc":"115+551","decalage":"26","commentair":null,"_sp_url":null,"_ph_url":"data/photos/pam/0750.jpg"},"geometry":{"type":"Point","coordinates":[0.2070867103308369,46.424338299838865]}},{"id":"607","type":"Feature","properties":{"libelle":"PAM-1156-2","axe":"LGV","pk_ef":"115+553","pk_gc":"115+553","decalage":"-27","commentair":null,"_sp_url":null,"_ph_url":"data/photos/pam/0751.jpg"},"geometry":{"type":"Point","coordinates":[0.2064027902069605,46.424399189576484]}},{"id":"628","type":"Feature","properties":{"libelle":"PAM-1152-2","axe":"LGV","pk_ef":"115+207","pk_gc":"115+207","decalage":"-49","commentair":null,"_sp_url":null,"_ph_url":"data/photos/pam/0752.jpg"},"geometry":{"type":"Point","coordinates":[0.2067333802630241,46.427498310300436]}},{"id":"298","type":"Feature","properties":{"libelle":"PAM-1146-1","axe":"LGV","pk_ef":"114+562","pk_gc":"114+562","decalage":"20","commentair":null,"_sp_url":null,"_ph_url":"data/photos/pam/0753.jpg"},"geometry":{"type":"Point","coordinates":[0.20835311053718067,46.43321812036307]}},{"id":"771","type":"Feature","properties":{"libelle":"PAM-1144-6","axe":"LGV","pk_ef":"114+433","pk_gc":"114+433","decalage":"-20","commentair":null,"_sp_url":null,"_ph_url":"data/photos/pam/0754.jpg"},"geometry":{"type":"Point","coordinates":[0.20792371987706199,46.43439878000989]}},{"id":"397","type":"Feature","properties":{"libelle":"PAM-1144-4","axe":"LGV","pk_ef":"114+428","pk_gc":"114+428","decalage":"-20","commentair":null,"_sp_url":null,"_ph_url":"data/photos/pam/0755.jpg"},"geometry":{"type":"Point","coordinates":[0.20792504986042679,46.43444519987939]}},{"id":"858","type":"Feature","properties":{"libelle":"PAM-1144-2","axe":"LGV","pk_ef":"114+352","pk_gc":"114+352","decalage":"-23","commentair":null,"_sp_url":null,"_ph_url":"data/photos/pam/0756.jpg"},"geometry":{"type":"Point","coordinates":[0.2079219095301647,46.43512471025149]}},{"id":"337","type":"Feature","properties":{"libelle":"PAM-1141-2","axe":"LGV","pk_ef":"114+051","pk_gc":"114+051","decalage":"-61","commentair":null,"_sp_url":null,"_ph_url":"data/photos/pam/0757.jpg"},"geometry":{"type":"Point","coordinates":[0.20750930019823435,46.437832460404245]}},{"id":"256","type":"Feature","properties":{"libelle":"PAM-1135-1","axe":"LGV","pk_ef":"113+522","pk_gc":"113+522","decalage":"32","commentair":null,"_sp_url":null,"_ph_url":"data/photos/pam/0758.jpg"},"geometry":{"type":"Point","coordinates":[0.20876525996158274,46.44259199964927]}},{"id":"1007","type":"Feature","properties":{"libelle":"PAM-1122-1","axe":"LGV","pk_ef":"112+153","pk_gc":"112+153","decalage":"25","commentair":null,"_sp_url":null,"_ph_url":"data/photos/pam/0759.jpg"},"geometry":{"type":"Point","coordinates":[0.20888652005433112,46.454906999749184]}},{"id":"1036","type":"Feature","properties":{"libelle":"PAM-1120-2","axe":"LGV","pk_ef":"111+995","pk_gc":"111+995","decalage":"-57","commentair":null,"_sp_url":null,"_ph_url":"data/photos/pam/0760.jpg"},"geometry":{"type":"Point","coordinates":[0.20790789955542113,46.456368390171605]}},{"id":"668","type":"Feature","properties":{"libelle":"PAM-1119-1","axe":"LGV","pk_ef":"111+868","pk_gc":"111+868","decalage":"41","commentair":null,"_sp_url":null,"_ph_url":"data/photos/pam/0761.jpg"},"geometry":{"type":"Point","coordinates":[0.20928702046849465,46.457450739888124]}},{"id":"1256","type":"Feature","properties":{"libelle":"PAM-1119-2","axe":"LGV","pk_ef":"111+859","pk_gc":"111+859","decalage":"-52","commentair":null,"_sp_url":null,"_ph_url":"data/photos/pam/0762.jpg"},"geometry":{"type":"Point","coordinates":[0.20809596985382173,46.4575895000298]}},{"id":"861","type":"Feature","properties":{"libelle":"PAM-1114-1","axe":"LGV","pk_ef":"111+378","pk_gc":"111+378","decalage":"28","commentair":null,"_sp_url":null,"_ph_url":"data/photos/pam/0763.jpg"},"geometry":{"type":"Point","coordinates":[0.2097116697417883,46.46184692016745]}},{"id":"269","type":"Feature","properties":{"libelle":"PAM-1112-2","axe":"LGV","pk_ef":"111+212","pk_gc":"111+212","decalage":"-36","commentair":null,"_sp_url":null,"_ph_url":"data/photos/pam/0764.jpg"},"geometry":{"type":"Point","coordinates":[0.2091584594734661,46.46339885018611]}},{"id":"323","type":"Feature","properties":{"libelle":"PAM-1109-2","axe":"LGV","pk_ef":"110+876","pk_gc":"110+876","decalage":"-44","commentair":null,"_sp_url":null,"_ph_url":"data/photos/pam/0765.jpg"},"geometry":{"type":"Point","coordinates":[0.2097209994855323,46.46641396954051]}},{"id":"349","type":"Feature","properties":{"libelle":"PAM-1097-3","axe":"LGV","pk_ef":"109+746","pk_gc":"109+746","decalage":"14","commentair":null,"_sp_url":null,"_ph_url":"data/photos/pam/0766.jpg"},"geometry":{"type":"Point","coordinates":[0.21373394057425849,46.47622334009807]}},{"id":"1209","type":"Feature","properties":{"libelle":"PAM-1097-1","axe":"LGV","pk_ef":"109+734","pk_gc":"109+734","decalage":"15","commentair":null,"_sp_url":null,"_ph_url":"data/photos/pam/0767.jpg"},"geometry":{"type":"Point","coordinates":[0.21378165998851956,46.476328550275454]}},{"id":"560","type":"Feature","properties":{"libelle":"PAM-1093-2","axe":"LGV","pk_ef":"109+325","pk_gc":"109+325","decalage":"-18","commentair":null,"_sp_url":null,"_ph_url":"data/photos/pam/0768.jpg"},"geometry":{"type":"Point","coordinates":[0.21496242048949735,46.47993225031584]}},{"id":"696","type":"Feature","properties":{"libelle":"PAM-1092-1","axe":"LGV","pk_ef":"109+246","pk_gc":"109+246","decalage":"16","commentair":null,"_sp_url":null,"_ph_url":"data/photos/pam/0769.jpg"},"geometry":{"type":"Point","coordinates":[0.21571163981992605,46.48050788042241]}},{"id":"813","type":"Feature","properties":{"libelle":"PAM-1090-1","axe":"LGV","pk_ef":"108+989","pk_gc":"108+989","decalage":"23","commentair":null,"_sp_url":null,"_ph_url":"data/photos/pam/0770.jpg"},"geometry":{"type":"Point","coordinates":[0.21692460061807797,46.48265801005563]}},{"id":"643","type":"Feature","properties":{"libelle":"PAM-FS1-0028-1","axe":"FS1","pk_ef":"2+790","pk_gc":"2+790","decalage":"23","commentair":null,"_sp_url":null,"_ph_url":"data/photos/pam/0771.jpg"},"geometry":{"type":"Point","coordinates":[0.224531699500774,46.49564607007247]}},{"id":"883","type":"Feature","properties":{"libelle":"PAM-FS2-0026-3","axe":"FS2","pk_ef":"2+580","pk_gc":"2+580","decalage":"23","commentair":null,"_sp_url":null,"_ph_url":"data/photos/pam/0772.jpg"},"geometry":{"type":"Point","coordinates":[0.22526448019514453,46.49904331019398]}},{"id":"753","type":"Feature","properties":{"libelle":"PAM-FS2-0026-1","axe":"FS2","pk_ef":"2+561","pk_gc":"2+561","decalage":"23","commentair":null,"_sp_url":null,"_ph_url":"data/photos/pam/0773.jpg"},"geometry":{"type":"Point","coordinates":[0.2253484299899185,46.49920775002128]}},{"id":"2","type":"Feature","properties":{"libelle":"PAM-FS2-0024-4","axe":"FS2","pk_ef":"2+397","pk_gc":"2+397","decalage":"-22","commentair":null,"_sp_url":null,"_ph_url":"data/photos/pam/0774.jpg"},"geometry":{"type":"Point","coordinates":[0.22559651938528608,46.500724060073864]}},{"id":"94","type":"Feature","properties":{"libelle":"PAM-FS2-0024-2","axe":"FS2","pk_ef":"2+393","pk_gc":"2+393","decalage":"-22","commentair":null,"_sp_url":null,"_ph_url":"data/photos/pam/0775.jpg"},"geometry":{"type":"Point","coordinates":[0.22561903002594855,46.50076583018611]}},{"id":"516","type":"Feature","properties":{"libelle":"PAM-FN1-0005-1","axe":"FN1","pk_ef":"0+519","pk_gc":"0+519","decalage":"17","commentair":null,"_sp_url":null,"_ph_url":"data/photos/pam/0776.jpg"},"geometry":{"type":"Point","coordinates":[0.21957293054114724,46.5023129796792]}},{"id":"231","type":"Feature","properties":{"libelle":"PAM-FN2-0005-2","axe":"FN2","pk_ef":"0+520","pk_gc":"0+520","decalage":"-17","commentair":null,"_sp_url":null,"_ph_url":"data/photos/pam/0777.jpg"},"geometry":{"type":"Point","coordinates":[0.2191732805740067,46.502576199989065]}},{"id":"81","type":"Feature","properties":{"libelle":"PAM-FN2-0008-2","axe":"FN2","pk_ef":"0+788","pk_gc":"0+788","decalage":"-23","commentair":null,"_sp_url":null,"_ph_url":"data/photos/pam/0778.jpg"},"geometry":{"type":"Point","coordinates":[0.2214982703487612,46.50440165009166]}},{"id":"594","type":"Feature","properties":{"libelle":"PAM-FS2-0018-1","axe":"FS2","pk_ef":"1+757","pk_gc":"1+757","decalage":"29","commentair":null,"_sp_url":null,"_ph_url":"data/photos/pam/0779.jpg"},"geometry":{"type":"Point","coordinates":[0.230481700550816,46.505421699619916]}},{"id":"553","type":"Feature","properties":{"libelle":"PAM-FN2-0010-2","axe":"FN2","pk_ef":"0+966","pk_gc":"0+966","decalage":"-19","commentair":null,"_sp_url":null,"_ph_url":"data/photos/pam/0780.jpg"},"geometry":{"type":"Point","coordinates":[0.22343777019169633,46.50534430040106]}},{"id":"378","type":"Feature","properties":{"libelle":"PAM-1059-3","axe":"LGV","pk_ef":"105+904","pk_gc":"105+904","decalage":"33","commentair":null,"_sp_url":null,"_ph_url":"data/photos/pam/0781.jpg"},"geometry":{"type":"Point","coordinates":[0.23170900046987,46.50849416982491]}},{"id":"463","type":"Feature","properties":{"libelle":"PAM-1059-1","axe":"LGV","pk_ef":"105+881","pk_gc":"105+881","decalage":"32","commentair":null,"_sp_url":null,"_ph_url":"data/photos/pam/0782.jpg"},"geometry":{"type":"Point","coordinates":[0.23180602960511681,46.50868366026234]}},{"id":"877","type":"Feature","properties":{"libelle":"PAM-FS1-0010-1","axe":"FS1","pk_ef":"0+959","pk_gc":"0+959","decalage":"50","commentair":"PAM Bassin","_sp_url":null,"_ph_url":"data/photos/pam/0783.jpg"},"geometry":{"type":"Point","coordinates":[0.236970259607704,46.509299659881265]}},{"id":"39","type":"Feature","properties":{"libelle":"PAM-FS1-0010-2","axe":"FS1","pk_ef":"0+999","pk_gc":"0+999","decalage":"-13","commentair":null,"_sp_url":null,"_ph_url":"data/photos/pam/0784.jpg"},"geometry":{"type":"Point","coordinates":[0.23602762935980673,46.5094924502067]}},{"id":"364","type":"Feature","properties":{"libelle":"PAM-FS2-0012-2","axe":"FS2","pk_ef":"1+179","pk_gc":"1+179","decalage":"-26","commentair":null,"_sp_url":null,"_ph_url":"data/photos/pam/0785.jpg"},"geometry":{"type":"Point","coordinates":[0.23443086991109502,46.509894740021736]}},{"id":"640","type":"Feature","properties":{"libelle":"PAM-FS1-0009-1","axe":"FS1","pk_ef":"0+851","pk_gc":"0+851","decalage":"13","commentair":null,"_sp_url":null,"_ph_url":"data/photos/pam/0786.jpg"},"geometry":{"type":"Point","coordinates":[0.23773628991386067,46.510165069901355]}},{"id":"244","type":"Feature","properties":{"libelle":"PAM-FS1-0008-2","axe":"FS1","pk_ef":"0+830","pk_gc":"0+830","decalage":"-16","commentair":null,"_sp_url":null,"_ph_url":"data/photos/pam/0787.jpg"},"geometry":{"type":"Point","coordinates":[0.23772361054525795,46.51048815028069]}},{"id":"727","type":"Feature","properties":{"libelle":"PAM-FS2-0009-2","axe":"FS2","pk_ef":"0+943","pk_gc":"0+943","decalage":"-27","commentair":null,"_sp_url":null,"_ph_url":"data/photos/pam/0788.jpg"},"geometry":{"type":"Point","coordinates":[0.2367782504486577,46.5113232598286]}},{"id":"880","type":"Feature","properties":{"libelle":"PAM-FS2-0008-1","axe":"FS2","pk_ef":"0+837","pk_gc":"0+837","decalage":"26","commentair":null,"_sp_url":null,"_ph_url":"data/photos/pam/0789.jpg"},"geometry":{"type":"Point","coordinates":[0.23831508986786437,46.51147309018256]}},{"id":"1157","type":"Feature","properties":{"libelle":"PAM-FN1-0020-1","axe":"FN1","pk_ef":"2+045","pk_gc":"2+045","decalage":"20","commentair":null,"_sp_url":null,"_ph_url":"data/photos/pam/0790.jpg"},"geometry":{"type":"Point","coordinates":[0.23401633978271896,46.51155958998125]}},{"id":"136","type":"Feature","properties":{"libelle":"PAM-FN1-0020-2","axe":"FN1","pk_ef":"2+043","pk_gc":"2+043","decalage":"-14","commentair":null,"_sp_url":null,"_ph_url":"data/photos/pam/0791.jpg"},"geometry":{"type":"Point","coordinates":[0.23360305951181323,46.511672830075526]}},{"id":"547","type":"Feature","properties":{"libelle":"PAM-FS2-0005-1","axe":"FS2","pk_ef":"0+537","pk_gc":"0+537","decalage":"16","commentair":null,"_sp_url":null,"_ph_url":"data/photos/pam/0792.jpg"},"geometry":{"type":"Point","coordinates":[0.24164948951136853,46.51284294015254]}},{"id":"208","type":"Feature","properties":{"libelle":"PAM-FN1-0022-1","axe":"FN1","pk_ef":"2+221","pk_gc":"2+221","decalage":"26","commentair":null,"_sp_url":null,"_ph_url":"data/photos/pam/0793.jpg"},"geometry":{"type":"Point","coordinates":[0.23494427941618284,46.51303092019862]}},{"id":"715","type":"Feature","properties":{"libelle":"PAM-FS1-0002-1","axe":"FS1","pk_ef":"0+157","pk_gc":"0+157","decalage":"79","commentair":"PAM Bassin","_sp_url":null,"_ph_url":"data/photos/pam/0794.jpg"},"geometry":{"type":"Point","coordinates":[0.24549801980847966,46.51339848024751]}},{"id":"664","type":"Feature","properties":{"libelle":"PAM-FN1-0022-2","axe":"FN1","pk_ef":"2+219","pk_gc":"2+219","decalage":"-21","commentair":null,"_sp_url":null,"_ph_url":"data/photos/pam/0795.jpg"},"geometry":{"type":"Point","coordinates":[0.23435371940668026,46.51315699990687]}},{"id":"181","type":"Feature","properties":{"libelle":"PAM-FS2-0004-2","axe":"FS2","pk_ef":"0+372","pk_gc":"0+372","decalage":"-34","commentair":"PAM Bassin","_sp_url":null,"_ph_url":"data/photos/pam/0796.jpg"},"geometry":{"type":"Point","coordinates":[0.24326314046372793,46.51393371973233]}},{"id":"530","type":"Feature","properties":{"libelle":"PAM-FS1-0001-1","axe":"FS1","pk_ef":"0+056","pk_gc":"0+056","decalage":"18","commentair":null,"_sp_url":null,"_ph_url":"data/photos/pam/0797.jpg"},"geometry":{"type":"Point","coordinates":[0.24611268947151288,46.51436044042629]}},{"id":"964","type":"Feature","properties":{"libelle":"PAM-1052-3","axe":"LGV","pk_ef":"105+205","pk_gc":"105+205","decalage":"21","commentair":null,"_sp_url":null,"_ph_url":"data/photos/pam/0798.jpg"},"geometry":{"type":"Point","coordinates":[0.23489862005741327,46.5143929101248]}},{"id":"126","type":"Feature","properties":{"libelle":"PAM-1052-1","axe":"LGV","pk_ef":"105+154","pk_gc":"105+154","decalage":"28","commentair":null,"_sp_url":null,"_ph_url":"data/photos/pam/0799.jpg"},"geometry":{"type":"Point","coordinates":[0.23522425000298317,46.51479400032277]}},{"id":"408","type":"Feature","properties":{"libelle":"PAM-FN1-0024-1","axe":"FN1","pk_ef":"2+437","pk_gc":"2+437","decalage":"20","commentair":null,"_sp_url":null,"_ph_url":"data/photos/pam/0800.jpg"},"geometry":{"type":"Point","coordinates":[0.2358055906034865,46.51487832044865]}},{"id":"1132","type":"Feature","properties":{"libelle":"PAM-1047-2","axe":"LGV","pk_ef":"104+724","pk_gc":"104+724","decalage":"-35","commentair":null,"_sp_url":null,"_ph_url":"data/photos/pam/0801.jpg"},"geometry":{"type":"Point","coordinates":[0.23650783048065724,46.51860463978154]}},{"id":"1113","type":"Feature","properties":{"libelle":"PAM-1041-2","axe":"LGV","pk_ef":"104+091","pk_gc":"104+091","decalage":"-18","commentair":null,"_sp_url":null,"_ph_url":"data/photos/pam/0802.jpg"},"geometry":{"type":"Point","coordinates":[0.23973359990807463,46.52385105012179]}},{"id":"884","type":"Feature","properties":{"libelle":"PAM-FN1-0037-1","axe":"FN1","pk_ef":"3+673","pk_gc":"3+673","decalage":"25","commentair":null,"_sp_url":null,"_ph_url":"data/photos/pam/0803.jpg"},"geometry":{"type":"Point","coordinates":[0.24128333028745863,46.525343369697694]}},{"id":"757","type":"Feature","properties":{"libelle":"PAM-1039-2","axe":"LGV","pk_ef":"103+856","pk_gc":"103+856","decalage":"-28","commentair":null,"_sp_url":null,"_ph_url":"data/photos/pam/0804.jpg"},"geometry":{"type":"Point","coordinates":[0.2407331799628123,46.525858850279455]}},{"id":"909","type":"Feature","properties":{"libelle":"PAM-FN1-0039-1","axe":"FN1","pk_ef":"3+879","pk_gc":"3+879","decalage":"15","commentair":null,"_sp_url":null,"_ph_url":"data/photos/pam/0805.jpg"},"geometry":{"type":"Point","coordinates":[0.24210102043544066,46.527111359882014]}},{"id":"470","type":"Feature","properties":{"libelle":"PAM-1032-1","axe":"LGV","pk_ef":"103+184","pk_gc":"103+184","decalage":"49","commentair":null,"_sp_url":null,"_ph_url":"data/photos/pam/0806.jpg"},"geometry":{"type":"Point","coordinates":[0.24486612967072613,46.53123769019917]}},{"id":"1257","type":"Feature","properties":{"libelle":"PAM-1032-2","axe":"LGV","pk_ef":"103+198","pk_gc":"103+198","decalage":"-20","commentair":null,"_sp_url":null,"_ph_url":"data/photos/pam/0807.jpg"},"geometry":{"type":"Point","coordinates":[0.24395678948361735,46.53134841008823]}},{"id":"366","type":"Feature","properties":{"libelle":"PAM-1025-3","axe":"LGV","pk_ef":"102+516","pk_gc":"102+516","decalage":"52","commentair":null,"_sp_url":null,"_ph_url":"data/photos/pam/0808.jpg"},"geometry":{"type":"Point","coordinates":[0.2483597697079043,46.536704540243576]}},{"id":"678","type":"Feature","properties":{"libelle":"PAM-1025-1","axe":"LGV","pk_ef":"102+504","pk_gc":"102+504","decalage":"52","commentair":null,"_sp_url":null,"_ph_url":"data/photos/pam/0809.jpg"},"geometry":{"type":"Point","coordinates":[0.24842965955561414,46.53680599012728]}},{"id":"1031","type":"Feature","properties":{"libelle":"PAM-1023-1","axe":"LGV","pk_ef":"102+264","pk_gc":"102+264","decalage":"22","commentair":null,"_sp_url":null,"_ph_url":"data/photos/pam/0810.jpg"},"geometry":{"type":"Point","coordinates":[0.24949769940522376,46.53883853032851]}},{"id":"398","type":"Feature","properties":{"libelle":"PAM-1023-2","axe":"LGV","pk_ef":"102+257","pk_gc":"102+257","decalage":"-28","commentair":null,"_sp_url":null,"_ph_url":"data/photos/pam/0811.jpg"},"geometry":{"type":"Point","coordinates":[0.2489704293989159,46.53910589957989]}},{"id":"242","type":"Feature","properties":{"libelle":"PAM-1021-1","axe":"LGV","pk_ef":"102+102","pk_gc":"102+102","decalage":"24","commentair":null,"_sp_url":null,"_ph_url":"data/photos/pam/0812.jpg"},"geometry":{"type":"Point","coordinates":[0.2505369794697297,46.540110050343316]}},{"id":"285","type":"Feature","properties":{"libelle":"PAM-1020-2","axe":"LGV","pk_ef":"102+035","pk_gc":"102+035","decalage":"-17","commentair":null,"_sp_url":null,"_ph_url":"data/photos/pam/0813.jpg"},"geometry":{"type":"Point","coordinates":[0.250492369465791,46.54081461959073]}},{"id":"425","type":"Feature","properties":{"libelle":"PAM-1015-1","axe":"LGV","pk_ef":"101+547","pk_gc":"101+547","decalage":"64","commentair":null,"_sp_url":null,"_ph_url":"data/photos/pam/0814.jpg"},"geometry":{"type":"Point","coordinates":[0.254728910497356,46.544163870449914]}},{"id":"52","type":"Feature","properties":{"libelle":"PAM-1015-2","axe":"LGV","pk_ef":"101+523","pk_gc":"101+523","decalage":"-66","commentair":null,"_sp_url":null,"_ph_url":"data/photos/pam/0815.jpg"},"geometry":{"type":"Point","coordinates":[0.2534880106195177,46.5449884701179]}},{"id":"878","type":"Feature","properties":{"libelle":"PAM-1011-2","axe":"LGV","pk_ef":"101+056","pk_gc":"101+056","decalage":"-48","commentair":null,"_sp_url":null,"_ph_url":"data/photos/pam/0816.jpg"},"geometry":{"type":"Point","coordinates":[0.25717219994725915,46.54835725974798]}},{"id":"153","type":"Feature","properties":{"libelle":"PAM-1002-1","axe":"LGV","pk_ef":"100+174","pk_gc":"100+174","decalage":"91","commentair":"PAM Bassin","_sp_url":null,"_ph_url":"data/photos/pam/0817.jpg"},"geometry":{"type":"Point","coordinates":[0.26531643956333384,46.55411368959249]}},{"id":"950","type":"Feature","properties":{"libelle":"PAM-0997-2","axe":"LGV","pk_ef":"99+695","pk_gc":"99+695","decalage":"-52","commentair":null,"_sp_url":null,"_ph_url":"data/photos/pam/0818.jpg"},"geometry":{"type":"Point","coordinates":[0.2674153493442296,46.55837293026636]}},{"id":"310","type":"Feature","properties":{"libelle":"PAM-0991-1","axe":"LGV","pk_ef":"99+088","pk_gc":"99+088","decalage":"39","commentair":null,"_sp_url":null,"_ph_url":"data/photos/pam/0819.jpg"},"geometry":{"type":"Point","coordinates":[0.2729760500741871,46.56235348982907]}},{"id":"327","type":"Feature","properties":{"libelle":"PAM-0991-2","axe":"LGV","pk_ef":"99+101","pk_gc":"99+101","decalage":"-39","commentair":null,"_sp_url":null,"_ph_url":"data/photos/pam/0820.jpg"},"geometry":{"type":"Point","coordinates":[0.2720435097734069,46.562666420252384]}},{"id":"935","type":"Feature","properties":{"libelle":"PAM-0990-1","axe":"LGV","pk_ef":"98+964","pk_gc":"98+964","decalage":"109","commentair":"PAM Bassin","_sp_url":null,"_ph_url":"data/photos/pam/0821.jpg"},"geometry":{"type":"Point","coordinates":[0.27466186993393343,46.56289760008085]}},{"id":"1247","type":"Feature","properties":{"libelle":"PAM-0990-3","axe":"LGV","pk_ef":"98+976","pk_gc":"98+976","decalage":"27","commentair":null,"_sp_url":null,"_ph_url":"data/photos/pam/0822.jpg"},"geometry":{"type":"Point","coordinates":[0.2736951506156564,46.56324163980883]}},{"id":"1069","type":"Feature","properties":{"libelle":"PAM-0988-2","axe":"LGV","pk_ef":"98+783","pk_gc":"98+783","decalage":"-33","commentair":null,"_sp_url":null,"_ph_url":"data/photos/pam/0823.jpg"},"geometry":{"type":"Point","coordinates":[0.27451511006222223,46.564963039801455]}},{"id":"319","type":"Feature","properties":{"libelle":"PAM-0987-1","axe":"LGV","pk_ef":"98+704","pk_gc":"98+704","decalage":"30","commentair":null,"_sp_url":null,"_ph_url":"data/photos/pam/0824.jpg"},"geometry":{"type":"Point","coordinates":[0.27577867009350027,46.565218230032045]}},{"id":"555","type":"Feature","properties":{"libelle":"PAM-0986-2","axe":"LGV","pk_ef":"98+614","pk_gc":"98+614","decalage":"-42","commentair":null,"_sp_url":null,"_ph_url":"data/photos/pam/0825.jpg"},"geometry":{"type":"Point","coordinates":[0.2757003300951398,46.56625095967964]}},{"id":"1237","type":"Feature","properties":{"libelle":"PAM-0979-2","axe":"LGV","pk_ef":"97+898","pk_gc":"97+898","decalage":"-44","commentair":null,"_sp_url":null,"_ph_url":"data/photos/pam/0826.jpg"},"geometry":{"type":"Point","coordinates":[0.2810905098395376,46.57152467991686]}},{"id":"115","type":"Feature","properties":{"libelle":"PAM-0977-1","axe":"LGV","pk_ef":"97+714","pk_gc":"97+714","decalage":"38","commentair":null,"_sp_url":null,"_ph_url":"data/photos/pam/0827.jpg"},"geometry":{"type":"Point","coordinates":[0.2833466603274159,46.57245116992068]}},{"id":"1020","type":"Feature","properties":{"libelle":"PAM-0971-1","axe":"LGV","pk_ef":"97+110","pk_gc":"97+110","decalage":"55","commentair":null,"_sp_url":null,"_ph_url":"data/photos/pam/0828.jpg"},"geometry":{"type":"Point","coordinates":[0.28789285941625026,46.57691661004451]}},{"id":"934","type":"Feature","properties":{"libelle":"PAM-0969-1","axe":"LGV","pk_ef":"96+930","pk_gc":"96+930","decalage":"17","commentair":"PAM Bassin","_sp_url":null,"_ph_url":"data/photos/pam/0829.jpg"},"geometry":{"type":"Point","coordinates":[0.28873536944862105,46.57847361015055]}},{"id":"898","type":"Feature","properties":{"libelle":"PAM-0969-2","axe":"LGV","pk_ef":"96+929","pk_gc":"96+929","decalage":"-15","commentair":"PAM Bassin","_sp_url":null,"_ph_url":"data/photos/pam/0830.jpg"},"geometry":{"type":"Point","coordinates":[0.2883774994058343,46.57863109962116]}},{"id":"616","type":"Feature","properties":{"libelle":"PAM-0967-1","axe":"LGV","pk_ef":"96+658","pk_gc":"96+658","decalage":"45","commentair":null,"_sp_url":null,"_ph_url":"data/photos/pam/0831.jpg"},"geometry":{"type":"Point","coordinates":[0.2908950794209824,46.580435750158536]}},{"id":"889","type":"Feature","properties":{"libelle":"PAM-0966-4","axe":"LGV","pk_ef":"96+640","pk_gc":"96+640","decalage":"-51","commentair":null,"_sp_url":null,"_ph_url":"data/photos/pam/0832.jpg"},"geometry":{"type":"Point","coordinates":[0.28993059033864294,46.58102087964437]}},{"id":"911","type":"Feature","properties":{"libelle":"PAM-0966-2","axe":"LGV","pk_ef":"96+552","pk_gc":"96+552","decalage":"-62","commentair":null,"_sp_url":null,"_ph_url":"data/photos/pam/0833.jpg"},"geometry":{"type":"Point","coordinates":[0.2903957794003523,46.581751879553366]}},{"id":"1236","type":"Feature","properties":{"libelle":"PAM-0955-4","axe":"LGV","pk_ef":"95+510","pk_gc":"95+510","decalage":"-39","commentair":null,"_sp_url":null,"_ph_url":"data/photos/pam/0834.jpg"},"geometry":{"type":"Point","coordinates":[0.2978401102054066,46.58964420991582]}},{"id":"985","type":"Feature","properties":{"libelle":"PAM-0955-2","axe":"LGV","pk_ef":"95+476","pk_gc":"95+476","decalage":"-35","commentair":null,"_sp_url":null,"_ph_url":"data/photos/pam/0835.jpg"},"geometry":{"type":"Point","coordinates":[0.29813637967733025,46.58987154032818]}},{"id":"192","type":"Feature","properties":{"libelle":"PAM-0954-1","axe":"LGV","pk_ef":"95+391","pk_gc":"95+391","decalage":"35","commentair":null,"_sp_url":null,"_ph_url":"data/photos/pam/0836.jpg"},"geometry":{"type":"Point","coordinates":[0.29953057035748015,46.590136550216336]}},{"id":"418","type":"Feature","properties":{"libelle":"PAM-0945-2","axe":"LGV","pk_ef":"94+455","pk_gc":"94+455","decalage":"-93","commentair":"PAM Bassin","_sp_url":null,"_ph_url":"data/photos/pam/0837.jpg"},"geometry":{"type":"Point","coordinates":[0.305939449691733,46.59740587014399]}},{"id":"232","type":"Feature","properties":{"libelle":"PAM-0945-6","axe":"LGV","pk_ef":"94+489","pk_gc":"94+489","decalage":"-41","commentair":null,"_sp_url":null,"_ph_url":"data/photos/pam/0838.jpg"},"geometry":{"type":"Point","coordinates":[0.3061656903970172,46.59686111011387]}},{"id":"778","type":"Feature","properties":{"libelle":"PAM-0930-1","axe":"LGV","pk_ef":"93+047","pk_gc":"93+047","decalage":"57","commentair":null,"_sp_url":null,"_ph_url":"data/photos/pam/0839.jpg"},"geometry":{"type":"Point","coordinates":[0.3194017295477525,46.60614599967953]}},{"id":"697","type":"Feature","properties":{"libelle":"PAM-0929-1","axe":"LGV","pk_ef":"92+860","pk_gc":"92+860","decalage":"44","commentair":null,"_sp_url":null,"_ph_url":"data/photos/pam/0840.jpg"},"geometry":{"type":"Point","coordinates":[0.320853280130444,46.60750099978058]}},{"id":"1227","type":"Feature","properties":{"libelle":"PAM-0928-1","axe":"LGV","pk_ef":"92+784","pk_gc":"92+784","decalage":"66","commentair":null,"_sp_url":null,"_ph_url":"data/photos/pam/0841.jpg"},"geometry":{"type":"Point","coordinates":[0.32171919954170286,46.607890999560205]}},{"id":"692","type":"Feature","properties":{"libelle":"PAM-MA1-0002-1","axe":"MA1","pk_ef":"0+377","pk_gc":"0+171","decalage":"26","commentair":null,"_sp_url":null,"_ph_url":"data/photos/pam/0842.jpg"},"geometry":{"type":"Point","coordinates":[0.35038582970714327,46.60974253960807]}},{"id":"514","type":"Feature","properties":{"libelle":"PAM-0923-2","axe":"LGV","pk_ef":"92+290","pk_gc":"92+290","decalage":"-23","commentair":null,"_sp_url":null,"_ph_url":"data/photos/pam/0843.jpg"},"geometry":{"type":"Point","coordinates":[0.3250461498639989,46.611792820310264]}},{"id":"1074","type":"Feature","properties":{"libelle":"PAM-MA1-0007-1","axe":"MA1","pk_ef":"0+887","pk_gc":"0+681","decalage":"73","commentair":null,"_sp_url":null,"_ph_url":"data/photos/pam/0844.jpg"},"geometry":{"type":"Point","coordinates":[0.35290248021807336,46.613981219740474]}},{"id":"277","type":"Feature","properties":{"libelle":"PAM-MA1-0008-1","axe":"MA1","pk_ef":"0+993","pk_gc":"0+787","decalage":"52","commentair":null,"_sp_url":null,"_ph_url":"data/photos/pam/0845.jpg"},"geometry":{"type":"Point","coordinates":[0.35307712961183396,46.61496761992877]}},{"id":"216","type":"Feature","properties":{"libelle":"PAM-MA2-0006-2","axe":"MA2","pk_ef":"0+614","pk_gc":"0+614","decalage":"-8","commentair":null,"_sp_url":null,"_ph_url":"data/photos/pam/0846.jpg"},"geometry":{"type":"Point","coordinates":[0.35161413018169824,46.61539944005905]}},{"id":"894","type":"Feature","properties":{"libelle":"PAM-0918-1","axe":"LGV","pk_ef":"91+751","pk_gc":"91+751","decalage":"42","commentair":null,"_sp_url":null,"_ph_url":"data/photos/pam/0847.jpg"},"geometry":{"type":"Point","coordinates":[0.3302731498611558,46.615092779589105]}},{"id":"113","type":"Feature","properties":{"libelle":"PAM-MA1-0009-2","axe":"MA1","pk_ef":"1+146","pk_gc":"0+940","decalage":"-14","commentair":null,"_sp_url":null,"_ph_url":"data/photos/pam/0848.jpg"},"geometry":{"type":"Point","coordinates":[0.35267378001643107,46.61646437022342]}},{"id":"708","type":"Feature","properties":{"libelle":"PAM-0913-2","axe":"LGV","pk_ef":"91+250","pk_gc":"91+250","decalage":"-19","commentair":null,"_sp_url":null,"_ph_url":"data/photos/pam/0849.jpg"},"geometry":{"type":"Point","coordinates":[0.3337839404246434,46.61894226008985]}},{"id":"206","type":"Feature","properties":{"libelle":"PAM-0912-4","axe":"LGV","pk_ef":"91+240","pk_gc":"91+240","decalage":"-98","commentair":"PAM Bassin","_sp_url":null,"_ph_url":"data/photos/pam/0850.jpg"},"geometry":{"type":"Point","coordinates":[0.33304349002930034,46.61944093955134]}},{"id":"783","type":"Feature","properties":{"libelle":"PAM-0912-2","axe":"LGV","pk_ef":"91+238","pk_gc":"91+238","decalage":"-111","commentair":"PAM Bassin","_sp_url":null,"_ph_url":"data/photos/pam/0851.jpg"},"geometry":{"type":"Point","coordinates":[0.33291899026811456,46.619535330334145]}},{"id":"238","type":"Feature","properties":{"libelle":"PAM-0911-2","axe":"LGV","pk_ef":"91+127","pk_gc":"91+127","decalage":"-31","commentair":null,"_sp_url":null,"_ph_url":"data/photos/pam/0852.jpg"},"geometry":{"type":"Point","coordinates":[0.33462385023248037,46.61989524978524]}},{"id":"617","type":"Feature","properties":{"libelle":"PAM-0910-1","axe":"LGV","pk_ef":"91+034","pk_gc":"91+034","decalage":"22","commentair":null,"_sp_url":null,"_ph_url":"data/photos/pam/0853.jpg"},"geometry":{"type":"Point","coordinates":[0.3358865799059568,46.620296079894636]}},{"id":"1049","type":"Feature","properties":{"libelle":"PAM-MA2-0015-2","axe":"MA2","pk_ef":"1+508","pk_gc":"1+508","decalage":"-45","commentair":"PAM Bassin","_sp_url":null,"_ph_url":"data/photos/pam/0854.jpg"},"geometry":{"type":"Point","coordinates":[0.3512036603741931,46.623261839687174]}},{"id":"1232","type":"Feature","properties":{"libelle":"PAM-MA2-0015-4","axe":"MA2","pk_ef":"1+529","pk_gc":"1+529","decalage":"-26","commentair":"PAM Bassin","_sp_url":null,"_ph_url":"data/photos/pam/0855.jpg"},"geometry":{"type":"Point","coordinates":[0.3514037501689424,46.62348119016916]}},{"id":"759","type":"Feature","properties":{"libelle":"PAM-0906-1","axe":"LGV","pk_ef":"90+601","pk_gc":"90+601","decalage":"45","commentair":null,"_sp_url":null,"_ph_url":"data/photos/pam/0856.jpg"},"geometry":{"type":"Point","coordinates":[0.3392811402685248,46.623444510433615]}},{"id":"1161","type":"Feature","properties":{"libelle":"PAM-0906-2","axe":"LGV","pk_ef":"90+568","pk_gc":"90+568","decalage":"-39","commentair":null,"_sp_url":null,"_ph_url":"data/photos/pam/0857.jpg"},"geometry":{"type":"Point","coordinates":[0.33857018961753643,46.62410064981737]}},{"id":"855","type":"Feature","properties":{"libelle":"PAM-MA2-0019-1","axe":"MA2","pk_ef":"1+869","pk_gc":"1+869","decalage":"33","commentair":null,"_sp_url":null,"_ph_url":"data/photos/pam/0858.jpg"},"geometry":{"type":"Point","coordinates":[0.35136543955725835,46.62658769011423]}},{"id":"1231","type":"Feature","properties":{"libelle":"PAM-MA2-0020-1","axe":"MA2","pk_ef":"1+954","pk_gc":"1+954","decalage":"21","commentair":null,"_sp_url":null,"_ph_url":"data/photos/pam/0859.jpg"},"geometry":{"type":"Point","coordinates":[0.35100844023457317,46.62731946026217]}},{"id":"904","type":"Feature","properties":{"libelle":"PAM-0902-2","axe":"LGV","pk_ef":"90+151","pk_gc":"90+151","decalage":"-35","commentair":null,"_sp_url":null,"_ph_url":"data/photos/pam/0860.jpg"},"geometry":{"type":"Point","coordinates":[0.3413001195940824,46.62731848993609]}},{"id":"796","type":"Feature","properties":{"libelle":"PAM-0896-1","axe":"LGV","pk_ef":"89+604","pk_gc":"89+604","decalage":"24","commentair":null,"_sp_url":null,"_ph_url":"data/photos/pam/0861.jpg"},"geometry":{"type":"Point","coordinates":[0.34509734963564154,46.631521610422965]}},{"id":"1029","type":"Feature","properties":{"libelle":"PAM-0897-2","axe":"LGV","pk_ef":"89+651","pk_gc":"89+651","decalage":"-85","commentair":"PAM Bassin","_sp_url":null,"_ph_url":"data/photos/pam/0862.jpg"},"geometry":{"type":"Point","coordinates":[0.343537749382146,46.63153169971573]}},{"id":"86","type":"Feature","properties":{"libelle":"PAM-0894-1","axe":"LGV","pk_ef":"89+413","pk_gc":"89+413","decalage":"19","commentair":null,"_sp_url":null,"_ph_url":"data/photos/pam/0863.jpg"},"geometry":{"type":"Point","coordinates":[0.3459987304433569,46.63313067022321]}},{"id":"1119","type":"Feature","properties":{"libelle":"PAM-0894-2","axe":"LGV","pk_ef":"89+350","pk_gc":"89+350","decalage":"-40","commentair":null,"_sp_url":null,"_ph_url":"data/photos/pam/0864.jpg"},"geometry":{"type":"Point","coordinates":[0.3455814202979675,46.633857829917076]}},{"id":"320","type":"Feature","properties":{"libelle":"PAM-MA2-0027-2","axe":"MA2","pk_ef":"2+709","pk_gc":"2+709","decalage":"-66","commentair":"PAM Bassin","_sp_url":null,"_ph_url":"data/photos/pam/0865.jpg"},"geometry":{"type":"Point","coordinates":[0.3483513494720487,46.63396478027797]}},{"id":"827","type":"Feature","properties":{"libelle":"PAM-0889-2","axe":"LGV","pk_ef":"88+931","pk_gc":"88+931","decalage":"-71","commentair":null,"_sp_url":null,"_ph_url":"data/photos/pam/0866.jpg"},"geometry":{"type":"Point","coordinates":[0.3470190094447855,46.637471389756435]}},{"id":"1018","type":"Feature","properties":{"libelle":"PAM-0888-1","axe":"LGV","pk_ef":"88+818","pk_gc":"88+818","decalage":"27","commentair":null,"_sp_url":null,"_ph_url":"data/photos/pam/0867.jpg"},"geometry":{"type":"Point","coordinates":[0.34868482019175767,46.638176010197775]}},{"id":"217","type":"Feature","properties":{"libelle":"PAM-MA2-0036-1","axe":"MA2","pk_ef":"3+563","pk_gc":"3+563","decalage":"13","commentair":null,"_sp_url":null,"_ph_url":"data/photos/pam/0868.jpg"},"geometry":{"type":"Point","coordinates":[0.35018356977421555,46.64162000958129]}},{"id":"1026","type":"Feature","properties":{"libelle":"PAM-MA2-0037-1","axe":"MA2","pk_ef":"3+667","pk_gc":"3+667","decalage":"19","commentair":null,"_sp_url":null,"_ph_url":"data/photos/pam/0869.jpg"},"geometry":{"type":"Point","coordinates":[0.3505631499852849,46.642515269590575]}},{"id":"234","type":"Feature","properties":{"libelle":"PAM-MA2-0037-3","axe":"MA2","pk_ef":"3+726","pk_gc":"3+726","decalage":"105","commentair":"PAM Bassin","_sp_url":null,"_ph_url":"data/photos/pam/0870.jpg"},"geometry":{"type":"Point","coordinates":[0.35185179025705415,46.64281865040138]}},{"id":"1178","type":"Feature","properties":{"libelle":"PAM-MA2-0037-5","axe":"MA2","pk_ef":"3+742","pk_gc":"3+742","decalage":"112","commentair":"PAM Bassin","_sp_url":null,"_ph_url":"data/photos/pam/0871.jpg"},"geometry":{"type":"Point","coordinates":[0.3519898900140121,46.642936529907196]}},{"id":"735","type":"Feature","properties":{"libelle":"PAM-MA2-0038-1","axe":"MA2","pk_ef":"3+794","pk_gc":"3+794","decalage":"26","commentair":null,"_sp_url":null,"_ph_url":"data/photos/pam/0872.jpg"},"geometry":{"type":"Point","coordinates":[0.3510962206420212,46.64359066002913]}},{"id":"221","type":"Feature","properties":{"libelle":"PAM-MA1-0050-1","axe":"MA1","pk_ef":"5+195","pk_gc":"4+989","decalage":"41","commentair":null,"_sp_url":null,"_ph_url":"data/photos/pam/0873.jpg"},"geometry":{"type":"Point","coordinates":[0.3540889398878243,46.65229265999663]}},{"id":"371","type":"Feature","properties":{"libelle":"PAM-MA1-0055-1","axe":"MA1","pk_ef":"5+663","pk_gc":"5+457","decalage":"63","commentair":null,"_sp_url":null,"_ph_url":"data/photos/pam/0874.jpg"},"geometry":{"type":"Point","coordinates":[0.354804599554729,46.65648512019659]}},{"id":"329","type":"Feature","properties":{"libelle":"PAM-MA1-0055-3","axe":"MA1","pk_ef":"5+714","pk_gc":"5+508","decalage":"127","commentair":null,"_sp_url":null,"_ph_url":"data/photos/pam/0875.jpg"},"geometry":{"type":"Point","coordinates":[0.35568611041824505,46.65690592961767]}},{"id":"1112","type":"Feature","properties":{"libelle":"PAM-MA1-0055-5","axe":"MA1","pk_ef":"5+722","pk_gc":"5+516","decalage":"64","commentair":null,"_sp_url":null,"_ph_url":"data/photos/pam/0876.jpg"},"geometry":{"type":"Point","coordinates":[0.35487297030879345,46.657013519948165]}},{"id":"472","type":"Feature","properties":{"libelle":"PAM-0858-1","axe":"LGV","pk_ef":"85+781","pk_gc":"85+781","decalage":"69","commentair":"PAM Bassin","_sp_url":null,"_ph_url":"data/photos/pam/0877.jpg"},"geometry":{"type":"Point","coordinates":[0.3558134605582006,46.66511180996654]}},{"id":"662","type":"Feature","properties":{"libelle":"PAM-MA2-0063-2","axe":"MA2","pk_ef":"6+282","pk_gc":"6+282","decalage":"-25","commentair":null,"_sp_url":null,"_ph_url":"data/photos/pam/0878.jpg"},"geometry":{"type":"Point","coordinates":[0.3545854395766177,46.6658116401147]}},{"id":"1184","type":"Feature","properties":{"libelle":"PAM-0846-1","axe":"LGV","pk_ef":"84+577","pk_gc":"84+577","decalage":"20","commentair":null,"_sp_url":null,"_ph_url":"data/photos/pam/0879.jpg"},"geometry":{"type":"Point","coordinates":[0.3567725504658813,46.6759231102725]}},{"id":"609","type":"Feature","properties":{"libelle":"PAM-0843-4","axe":"LGV","pk_ef":"84+346","pk_gc":"84+346","decalage":"-22","commentair":null,"_sp_url":null,"_ph_url":"data/photos/pam/0880.jpg"},"geometry":{"type":"Point","coordinates":[0.3567613095365899,46.67803878022269]}},{"id":"248","type":"Feature","properties":{"libelle":"PAM-0843-1","axe":"LGV","pk_ef":"84+255","pk_gc":"84+255","decalage":"19","commentair":null,"_sp_url":null,"_ph_url":"data/photos/pam/0881.jpg"},"geometry":{"type":"Point","coordinates":[0.35751991012096607,46.67876658023448]}},{"id":"585","type":"Feature","properties":{"libelle":"PAM-0843-2","axe":"LGV","pk_ef":"84+253","pk_gc":"84+253","decalage":"-30","commentair":null,"_sp_url":null,"_ph_url":"data/photos/pam/0882.jpg"},"geometry":{"type":"Point","coordinates":[0.35689869974878113,46.6788786896987]}},{"id":"96","type":"Feature","properties":{"libelle":"PAM-0836-1","axe":"LGV","pk_ef":"83+601","pk_gc":"83+601","decalage":"30","commentair":null,"_sp_url":null,"_ph_url":"data/photos/pam/0883.jpg"},"geometry":{"type":"Point","coordinates":[0.35978514062548533,46.6844218597786]}},{"id":"829","type":"Feature","properties":{"libelle":"PAM-0833-1","axe":"LGV","pk_ef":"83+316","pk_gc":"83+316","decalage":"57","commentair":null,"_sp_url":null,"_ph_url":"data/photos/pam/0884.jpg"},"geometry":{"type":"Point","coordinates":[0.3613014504262672,46.6867624004282]}},{"id":"36","type":"Feature","properties":{"libelle":"PAM-0833-4","axe":"LGV","pk_ef":"83+344","pk_gc":"83+344","decalage":"-58","commentair":null,"_sp_url":null,"_ph_url":"data/photos/pam/0885.jpg"},"geometry":{"type":"Point","coordinates":[0.3597599605709915,46.68687376009621]}},{"id":"480","type":"Feature","properties":{"libelle":"PAM-0833-2","axe":"LGV","pk_ef":"83+319","pk_gc":"83+319","decalage":"-59","commentair":null,"_sp_url":null,"_ph_url":"data/photos/pam/0886.jpg"},"geometry":{"type":"Point","coordinates":[0.3598492299109302,46.687090379812524]}},{"id":"243","type":"Feature","properties":{"libelle":"PAM-0830-1","axe":"LGV","pk_ef":"83+034","pk_gc":"83+034","decalage":"52","commentair":null,"_sp_url":null,"_ph_url":"data/photos/pam/0887.jpg"},"geometry":{"type":"Point","coordinates":[0.36252133061340375,46.689148759968994]}},{"id":"933","type":"Feature","properties":{"libelle":"PAM-0827-1","axe":"LGV","pk_ef":"82+718","pk_gc":"82+718","decalage":"35","commentair":null,"_sp_url":null,"_ph_url":"data/photos/pam/0888.jpg"},"geometry":{"type":"Point","coordinates":[0.3637843402481543,46.69186453967662]}},{"id":"567","type":"Feature","properties":{"libelle":"PAM-0825-2","axe":"LGV","pk_ef":"82+464","pk_gc":"82+464","decalage":"-33","commentair":null,"_sp_url":null,"_ph_url":"data/photos/pam/0889.jpg"},"geometry":{"type":"Point","coordinates":[0.3641276796139496,46.69422014032102]}},{"id":"311","type":"Feature","properties":{"libelle":"PAM-0823-2","axe":"LGV","pk_ef":"82+330","pk_gc":"82+330","decalage":"-42","commentair":null,"_sp_url":null,"_ph_url":"data/photos/pam/0890.jpg"},"geometry":{"type":"Point","coordinates":[0.3646487399364155,46.69537166028159]}},{"id":"1058","type":"Feature","properties":{"libelle":"PAM-0822-1","axe":"LGV","pk_ef":"82+169","pk_gc":"82+169","decalage":"47","commentair":null,"_sp_url":null,"_ph_url":"data/photos/pam/0891.jpg"},"geometry":{"type":"Point","coordinates":[0.36648722055558614,46.696442250139164]}},{"id":"154","type":"Feature","properties":{"libelle":"PAM-0821-2","axe":"LGV","pk_ef":"82+115","pk_gc":"82+115","decalage":"-47","commentair":null,"_sp_url":null,"_ph_url":"data/photos/pam/0892.jpg"},"geometry":{"type":"Point","coordinates":[0.36559297024703075,46.697202349566936]}},{"id":"714","type":"Feature","properties":{"libelle":"PAM-0820-1","axe":"LGV","pk_ef":"82+030","pk_gc":"82+030","decalage":"74","commentair":null,"_sp_url":null,"_ph_url":"data/photos/pam/0893.jpg"},"geometry":{"type":"Point","coordinates":[0.3674585998931852,46.69752872980393]}},{"id":"166","type":"Feature","properties":{"libelle":"PAM-0819-1","axe":"LGV","pk_ef":"81+894","pk_gc":"81+894","decalage":"157","commentair":null,"_sp_url":null,"_ph_url":"data/photos/pam/0894.jpg"},"geometry":{"type":"Point","coordinates":[0.3691095805583666,46.6984033102442]}},{"id":"915","type":"Feature","properties":{"libelle":"PAM-0819-2","axe":"LGV","pk_ef":"81+917","pk_gc":"81+917","decalage":"-123","commentair":null,"_sp_url":null,"_ph_url":"data/photos/pam/0895.jpg"},"geometry":{"type":"Point","coordinates":[0.36557453009970703,46.69910696972176]}},{"id":"157","type":"Feature","properties":{"libelle":"PAM-0817-2","axe":"LGV","pk_ef":"81+724","pk_gc":"81+724","decalage":"-41","commentair":null,"_sp_url":null,"_ph_url":"data/photos/pam/0896.jpg"},"geometry":{"type":"Point","coordinates":[0.3674774703362839,46.70047366992905]}},{"id":"1066","type":"Feature","properties":{"libelle":"PAM-0810-1","axe":"LGV","pk_ef":"80+993","pk_gc":"80+993","decalage":"43","commentair":null,"_sp_url":null,"_ph_url":"data/photos/pam/0897.jpg"},"geometry":{"type":"Point","coordinates":[0.37190637004395666,46.70635042009683]}},{"id":"507","type":"Feature","properties":{"libelle":"PAM-0808-1","axe":"LGV","pk_ef":"80+798","pk_gc":"80+798","decalage":"38","commentair":null,"_sp_url":null,"_ph_url":"data/photos/pam/0898.jpg"},"geometry":{"type":"Point","coordinates":[0.3727702303392825,46.708008159740444]}},{"id":"777","type":"Feature","properties":{"libelle":"PAM-0808-2","axe":"LGV","pk_ef":"80+764","pk_gc":"80+764","decalage":"-34","commentair":null,"_sp_url":null,"_ph_url":"data/photos/pam/0899.jpg"},"geometry":{"type":"Point","coordinates":[0.37204925063995614,46.70852742000264]}},{"id":"275","type":"Feature","properties":{"libelle":"PAM-0807-1","axe":"LGV","pk_ef":"80+681","pk_gc":"80+681","decalage":"39","commentair":null,"_sp_url":null,"_ph_url":"data/photos/pam/0900.jpg"},"geometry":{"type":"Point","coordinates":[0.3733379303687103,46.70898236017333]}},{"id":"405","type":"Feature","properties":{"libelle":"PAM-0805-2","axe":"LGV","pk_ef":"80+485","pk_gc":"80+485","decalage":"-40","commentair":null,"_sp_url":null,"_ph_url":"data/photos/pam/0901.jpg"},"geometry":{"type":"Point","coordinates":[0.3733813996539024,46.71087692954536]}},{"id":"1050","type":"Feature","properties":{"libelle":"PAM-0802-2","axe":"LGV","pk_ef":"80+168","pk_gc":"80+168","decalage":"-41","commentair":null,"_sp_url":null,"_ph_url":"data/photos/pam/0902.jpg"},"geometry":{"type":"Point","coordinates":[0.375107230067795,46.713487000302884]}},{"id":"1223","type":"Feature","properties":{"libelle":"PAM-0799-2","axe":"LGV","pk_ef":"79+881","pk_gc":"79+881","decalage":"-31","commentair":null,"_sp_url":null,"_ph_url":"data/photos/pam/0903.jpg"},"geometry":{"type":"Point","coordinates":[0.3768702898121304,46.715775590094594]}},{"id":"464","type":"Feature","properties":{"libelle":"PAM-0797-1","axe":"LGV","pk_ef":"79+696","pk_gc":"79+696","decalage":"21","commentair":null,"_sp_url":null,"_ph_url":"data/photos/pam/0904.jpg"},"geometry":{"type":"Point","coordinates":[0.3785417699786811,46.71706420962566]}},{"id":"424","type":"Feature","properties":{"libelle":"PAM-0796-2","axe":"LGV","pk_ef":"79+597","pk_gc":"79+597","decalage":"-35","commentair":null,"_sp_url":null,"_ph_url":"data/photos/pam/0905.jpg"},"geometry":{"type":"Point","coordinates":[0.37844635009614636,46.7180892599498]}},{"id":"700","type":"Feature","properties":{"libelle":"PAM-0794-1","axe":"LGV","pk_ef":"79+419","pk_gc":"79+419","decalage":"22","commentair":null,"_sp_url":null,"_ph_url":"data/photos/pam/0906.jpg"},"geometry":{"type":"Point","coordinates":[0.38013802949297587,46.71930465008986]}},{"id":"873","type":"Feature","properties":{"libelle":"PAM-0787-1","axe":"LGV","pk_ef":"78+682","pk_gc":"78+682","decalage":"34","commentair":null,"_sp_url":null,"_ph_url":"data/photos/pam/0907.jpg"},"geometry":{"type":"Point","coordinates":[0.3844981397797169,46.72522889986365]}},{"id":"69","type":"Feature","properties":{"libelle":"PAM-0786-1","axe":"LGV","pk_ef":"78+634","pk_gc":"78+634","decalage":"33","commentair":null,"_sp_url":null,"_ph_url":"data/photos/pam/0908.jpg"},"geometry":{"type":"Point","coordinates":[0.38475944938175366,46.72562025001635]}},{"id":"570","type":"Feature","properties":{"libelle":"PAM-0781-2","axe":"LGV","pk_ef":"78+108","pk_gc":"78+108","decalage":"-30","commentair":null,"_sp_url":null,"_ph_url":"data/photos/pam/0909.jpg"},"geometry":{"type":"Point","coordinates":[0.38692505024529233,46.73015065977253]}},{"id":"936","type":"Feature","properties":{"libelle":"PAM-0774-4","axe":"LGV","pk_ef":"77+396","pk_gc":"77+396","decalage":"-18","commentair":null,"_sp_url":null,"_ph_url":"data/photos/pam/0910.jpg"},"geometry":{"type":"Point","coordinates":[0.39029240969496853,46.736100470037066]}},{"id":"686","type":"Feature","properties":{"libelle":"PAM-0774-2","axe":"LGV","pk_ef":"77+375","pk_gc":"77+375","decalage":"-20","commentair":null,"_sp_url":null,"_ph_url":"data/photos/pam/0911.jpg"},"geometry":{"type":"Point","coordinates":[0.3903507697892953,46.73628777981417]}},{"id":"389","type":"Feature","properties":{"libelle":"PAM-0772-1","axe":"LGV","pk_ef":"77+216","pk_gc":"77+216","decalage":"35","commentair":null,"_sp_url":null,"_ph_url":"data/photos/pam/0912.jpg"},"geometry":{"type":"Point","coordinates":[0.3916298605341141,46.73752538026911]}},{"id":"1202","type":"Feature","properties":{"libelle":"PAM-0772-2","axe":"LGV","pk_ef":"77+229","pk_gc":"77+229","decalage":"-27","commentair":null,"_sp_url":null,"_ph_url":"data/photos/pam/0913.jpg"},"geometry":{"type":"Point","coordinates":[0.3908037903107129,46.73755942956168]}},{"id":"268","type":"Feature","properties":{"libelle":"PAM-0769-4","axe":"LGV","pk_ef":"76+929","pk_gc":"76+929","decalage":"-22","commentair":null,"_sp_url":null,"_ph_url":"data/photos/pam/0914.jpg"},"geometry":{"type":"Point","coordinates":[0.3918595005341382,46.74015371989462]}},{"id":"717","type":"Feature","properties":{"libelle":"PAM-0769-2","axe":"LGV","pk_ef":"76+891","pk_gc":"76+891","decalage":"-22","commentair":null,"_sp_url":null,"_ph_url":"data/photos/pam/0915.jpg"},"geometry":{"type":"Point","coordinates":[0.39197944959565956,46.74048370965578]}},{"id":"63","type":"Feature","properties":{"libelle":"PAM-0766-2","axe":"LGV","pk_ef":"76+599","pk_gc":"76+599","decalage":"-40","commentair":null,"_sp_url":null,"_ph_url":"data/photos/pam/0916.jpg"},"geometry":{"type":"Point","coordinates":[0.3925340100251921,46.743082539596045]}},{"id":"407","type":"Feature","properties":{"libelle":"PAM-0724-1","axe":"LGV","pk_ef":"72+388","pk_gc":"72+388","decalage":"20","commentair":null,"_sp_url":null,"_ph_url":"data/photos/pam/0917.jpg"},"geometry":{"type":"Point","coordinates":[0.39074886995472663,46.78069310960623]}},{"id":"870","type":"Feature","properties":{"libelle":"PAM-0724-2","axe":"LGV","pk_ef":"72+378","pk_gc":"72+378","decalage":"-21","commentair":null,"_sp_url":null,"_ph_url":"data/photos/pam/0918.jpg"},"geometry":{"type":"Point","coordinates":[0.39019943960525866,46.78072482027902]}},{"id":"756","type":"Feature","properties":{"libelle":"PAM-0721-4","axe":"LGV","pk_ef":"72+131","pk_gc":"72+131","decalage":"-18","commentair":null,"_sp_url":null,"_ph_url":"data/photos/pam/0919.jpg"},"geometry":{"type":"Point","coordinates":[0.38973391972003574,46.78292634970916]}},{"id":"1051","type":"Feature","properties":{"libelle":"PAM-0721-2","axe":"LGV","pk_ef":"72+077","pk_gc":"72+077","decalage":"-25","commentair":null,"_sp_url":null,"_ph_url":"data/photos/pam/0920.jpg"},"geometry":{"type":"Point","coordinates":[0.38953686937340076,46.78339895020925]}},{"id":"691","type":"Feature","properties":{"libelle":"PAM-0721-1","axe":"LGV","pk_ef":"72+080","pk_gc":"72+080","decalage":"19","commentair":null,"_sp_url":null,"_ph_url":"data/photos/pam/0921.jpg"},"geometry":{"type":"Point","coordinates":[0.39011963012926015,46.78343000992036]}},{"id":"511","type":"Feature","properties":{"libelle":"PAM-0718-1","axe":"LGV","pk_ef":"71+754","pk_gc":"71+754","decalage":"22","commentair":null,"_sp_url":null,"_ph_url":"data/photos/pam/0922.jpg"},"geometry":{"type":"Point","coordinates":[0.3896012904486943,46.786340679702256]}},{"id":"1117","type":"Feature","properties":{"libelle":"PAM-0717-2","axe":"LGV","pk_ef":"71+731","pk_gc":"71+731","decalage":"-17","commentair":null,"_sp_url":null,"_ph_url":"data/photos/pam/0923.jpg"},"geometry":{"type":"Point","coordinates":[0.3890534495624385,46.78650434010007]}},{"id":"1054","type":"Feature","properties":{"libelle":"PAM-0714-4","axe":"LGV","pk_ef":"71+424","pk_gc":"71+424","decalage":"-22","commentair":null,"_sp_url":null,"_ph_url":"data/photos/pam/0924.jpg"},"geometry":{"type":"Point","coordinates":[0.3885649600150065,46.78925908009189]}},{"id":"885","type":"Feature","properties":{"libelle":"PAM-0714-1","axe":"LGV","pk_ef":"71+425","pk_gc":"71+425","decalage":"21","commentair":null,"_sp_url":null,"_ph_url":"data/photos/pam/0925.jpg"},"geometry":{"type":"Point","coordinates":[0.3891281899784768,46.78928548971039]}},{"id":"850","type":"Feature","properties":{"libelle":"PAM-0714-2","axe":"LGV","pk_ef":"71+359","pk_gc":"71+359","decalage":"-16","commentair":null,"_sp_url":null,"_ph_url":"data/photos/pam/0926.jpg"},"geometry":{"type":"Point","coordinates":[0.3885696397456981,46.78984401959319]}},{"id":"545","type":"Feature","properties":{"libelle":"PAM-0712-4","axe":"LGV","pk_ef":"71+222","pk_gc":"71+222","decalage":"-14","commentair":null,"_sp_url":null,"_ph_url":"data/photos/pam/0927.jpg"},"geometry":{"type":"Point","coordinates":[0.3884498996551388,46.791076609651576]}},{"id":"907","type":"Feature","properties":{"libelle":"PAM-0712-2","axe":"LGV","pk_ef":"71+218","pk_gc":"71+218","decalage":"-14","commentair":null,"_sp_url":null,"_ph_url":"data/photos/pam/0928.jpg"},"geometry":{"type":"Point","coordinates":[0.38844585982695257,46.79111352986995]}},{"id":"657","type":"Feature","properties":{"libelle":"PAM-0705-2","axe":"LGV","pk_ef":"70+547","pk_gc":"70+547","decalage":"-72","commentair":"PAM Bassin","_sp_url":null,"_ph_url":"data/photos/pam/0929.jpg"},"geometry":{"type":"Point","coordinates":[0.3872627600086831,46.79714257003377]}},{"id":"1109","type":"Feature","properties":{"libelle":"PAM-0699-4","axe":"LGV","pk_ef":"69+913","pk_gc":"69+913","decalage":"-29","commentair":null,"_sp_url":null,"_ph_url":"data/photos/pam/0930.jpg"},"geometry":{"type":"Point","coordinates":[0.3876576594297326,46.8028561900427]}},{"id":"180","type":"Feature","properties":{"libelle":"PAM-0699-1","axe":"LGV","pk_ef":"69+906","pk_gc":"69+906","decalage":"30","commentair":null,"_sp_url":null,"_ph_url":"data/photos/pam/0931.jpg"},"geometry":{"type":"Point","coordinates":[0.38842656010706655,46.80293164035067]}},{"id":"352","type":"Feature","properties":{"libelle":"PAM-0699-2","axe":"LGV","pk_ef":"69+855","pk_gc":"69+855","decalage":"-30","commentair":null,"_sp_url":null,"_ph_url":"data/photos/pam/0932.jpg"},"geometry":{"type":"Point","coordinates":[0.3876315895771803,46.80337504005496]}},{"id":"1037","type":"Feature","properties":{"libelle":"PAM-0698-1","axe":"LGV","pk_ef":"69+805","pk_gc":"69+805","decalage":"32","commentair":null,"_sp_url":null,"_ph_url":"data/photos/pam/0933.jpg"},"geometry":{"type":"Point","coordinates":[0.38842269961062426,46.803844990030655]}},{"id":"1221","type":"Feature","properties":{"libelle":"PAM-0691-1","axe":"LGV","pk_ef":"69+093","pk_gc":"69+093","decalage":"15","commentair":null,"_sp_url":null,"_ph_url":"data/photos/pam/0934.jpg"},"geometry":{"type":"Point","coordinates":[0.38801382964366304,46.810247250346855]}},{"id":"842","type":"Feature","properties":{"libelle":"PAM-0686-3","axe":"LGV","pk_ef":"68+647","pk_gc":"68+647","decalage":"27","commentair":null,"_sp_url":null,"_ph_url":"data/photos/pam/0935.jpg"},"geometry":{"type":"Point","coordinates":[0.38805288976160546,46.814260320319626]}},{"id":"213","type":"Feature","properties":{"libelle":"PAM-0686-4","axe":"LGV","pk_ef":"68+642","pk_gc":"68+642","decalage":"-27","commentair":null,"_sp_url":null,"_ph_url":"data/photos/pam/0936.jpg"},"geometry":{"type":"Point","coordinates":[0.3873350100427526,46.81430051027842]}},{"id":"1115","type":"Feature","properties":{"libelle":"PAM-0686-1","axe":"LGV","pk_ef":"68+640","pk_gc":"68+640","decalage":"54","commentair":null,"_sp_url":null,"_ph_url":"data/photos/pam/0937.jpg"},"geometry":{"type":"Point","coordinates":[0.3883990001529196,46.81432839021105]}},{"id":"477","type":"Feature","properties":{"libelle":"PAM-0686-2","axe":"LGV","pk_ef":"68+603","pk_gc":"68+603","decalage":"-105","commentair":"PAM Bassin","_sp_url":null,"_ph_url":"data/photos/pam/0938.jpg"},"geometry":{"type":"Point","coordinates":[0.3863030703575632,46.81463976020126]}},{"id":"1027","type":"Feature","properties":{"libelle":"PAM-0685-2","axe":"LGV","pk_ef":"68+484","pk_gc":"68+484","decalage":"-43","commentair":null,"_sp_url":null,"_ph_url":"data/photos/pam/0939.jpg"},"geometry":{"type":"Point","coordinates":[0.3870839801597258,46.81572162962839]}},{"id":"167","type":"Feature","properties":{"libelle":"PAM-0679-1","axe":"LGV","pk_ef":"67+940","pk_gc":"67+940","decalage":"42","commentair":null,"_sp_url":null,"_ph_url":"data/photos/pam/0940.jpg"},"geometry":{"type":"Point","coordinates":[0.38805242054887107,46.82063518958774]}},{"id":"1077","type":"Feature","properties":{"libelle":"PAM-0677-1","axe":"LGV","pk_ef":"67+698","pk_gc":"67+698","decalage":"35","commentair":null,"_sp_url":null,"_ph_url":"data/photos/pam/0941.jpg"},"geometry":{"type":"Point","coordinates":[0.38790299998302874,46.822808939873816]}},{"id":"282","type":"Feature","properties":{"libelle":"PAM-0675-2","axe":"LGV","pk_ef":"67+485","pk_gc":"67+485","decalage":"-50","commentair":null,"_sp_url":null,"_ph_url":"data/photos/pam/0942.jpg"},"geometry":{"type":"Point","coordinates":[0.3867979098696588,46.82473210999169]}},{"id":"261","type":"Feature","properties":{"libelle":"PAM-0668-2","axe":"LGV","pk_ef":"66+814","pk_gc":"66+814","decalage":"-39","commentair":null,"_sp_url":null,"_ph_url":"data/photos/pam/0943.jpg"},"geometry":{"type":"Point","coordinates":[0.38751897013608855,46.830783230235895]}},{"id":"513","type":"Feature","properties":{"libelle":"PAM-0769-1","axe":"LGV","pk_ef":"76+851","pk_gc":"76+851","decalage":"81","commentair":"PAM Bassin","_sp_url":null,"_ph_url":"data/photos/pam/0944.jpg"},"geometry":{"type":"Point","coordinates":[0.3934026204843139,46.74063142956302]}},{"id":"695","type":"Feature","properties":{"libelle":"PAM-0764-2","axe":"LGV","pk_ef":"76+350","pk_gc":"76+350","decalage":"-49","commentair":null,"_sp_url":null,"_ph_url":"data/photos/pam/0945.jpg"},"geometry":{"type":"Point","coordinates":[0.3929561293822903,46.745285269618975]}},{"id":"117","type":"Feature","properties":{"libelle":"PAM-0761-1","axe":"LGV","pk_ef":"76+099","pk_gc":"76+099","decalage":"16","commentair":null,"_sp_url":null,"_ph_url":"data/photos/pam/0946.jpg"},"geometry":{"type":"Point","coordinates":[0.3942315495157651,46.74744755018526]}},{"id":"286","type":"Feature","properties":{"libelle":"PAM-0754-1","axe":"LGV","pk_ef":"75+357","pk_gc":"75+357","decalage":"97","commentair":null,"_sp_url":null,"_ph_url":"data/photos/pam/0947.jpg"},"geometry":{"type":"Point","coordinates":[0.39587248030206973,46.75412640021387]}},{"id":"537","type":"Feature","properties":{"libelle":"PAM-0751-2","axe":"LGV","pk_ef":"75+062","pk_gc":"75+062","decalage":"-35","commentair":null,"_sp_url":null,"_ph_url":"data/photos/pam/0948.jpg"},"geometry":{"type":"Point","coordinates":[0.3940854498898068,46.756769860289936]}},{"id":"1200","type":"Feature","properties":{"libelle":"PAM-0750-1","axe":"LGV","pk_ef":"74+969","pk_gc":"74+969","decalage":"46","commentair":null,"_sp_url":null,"_ph_url":"data/photos/pam/0949.jpg"},"geometry":{"type":"Point","coordinates":[0.3950979302276352,46.75763540972302]}},{"id":"313","type":"Feature","properties":{"libelle":"PAM-0749-2","axe":"LGV","pk_ef":"74+928","pk_gc":"74+928","decalage":"-21","commentair":null,"_sp_url":null,"_ph_url":"data/photos/pam/0950.jpg"},"geometry":{"type":"Point","coordinates":[0.394193269365473,46.757981200003364]}},{"id":"8","type":"Feature","properties":{"libelle":"PAM-0748-2","axe":"LGV","pk_ef":"74+816","pk_gc":"74+816","decalage":"-126","commentair":"PAM Bassin","_sp_url":null,"_ph_url":"data/photos/pam/0951.jpg"},"geometry":{"type":"Point","coordinates":[0.3927475897287591,46.75893651992768]}},{"id":"648","type":"Feature","properties":{"libelle":"PAM-0745-2","axe":"LGV","pk_ef":"74+548","pk_gc":"74+548","decalage":"-17","commentair":null,"_sp_url":null,"_ph_url":"data/photos/pam/0952.jpg"},"geometry":{"type":"Point","coordinates":[0.39400051966066785,46.76140057040619]}},{"id":"1116","type":"Feature","properties":{"libelle":"PAM-0744-1","axe":"LGV","pk_ef":"74+436","pk_gc":"74+436","decalage":"22","commentair":null,"_sp_url":null,"_ph_url":"data/photos/pam/0953.jpg"},"geometry":{"type":"Point","coordinates":[0.3944337105876703,46.76242061992414]}},{"id":"1022","type":"Feature","properties":{"libelle":"PAM-0741-2","axe":"LGV","pk_ef":"74+075","pk_gc":"74+075","decalage":"-16","commentair":null,"_sp_url":null,"_ph_url":"data/photos/pam/0954.jpg"},"geometry":{"type":"Point","coordinates":[0.39362991938238984,46.765643849980954]}},{"id":"1088","type":"Feature","properties":{"libelle":"PAM-0740-1","axe":"LGV","pk_ef":"73+952","pk_gc":"73+952","decalage":"21","commentair":null,"_sp_url":null,"_ph_url":"data/photos/pam/0955.jpg"},"geometry":{"type":"Point","coordinates":[0.39395828008849954,46.766776889920784]}},{"id":"944","type":"Feature","properties":{"libelle":"PAM-0736-2","axe":"LGV","pk_ef":"73+603","pk_gc":"73+603","decalage":"-29","commentair":null,"_sp_url":null,"_ph_url":"data/photos/pam/0956.jpg"},"geometry":{"type":"Point","coordinates":[0.39271323009805137,46.76983757000069]}},{"id":"106","type":"Feature","properties":{"libelle":"PAM-0735-1","axe":"LGV","pk_ef":"73+514","pk_gc":"73+514","decalage":"23","commentair":null,"_sp_url":null,"_ph_url":"data/photos/pam/0957.jpg"},"geometry":{"type":"Point","coordinates":[0.3931990900610676,46.77070367961719]}},{"id":"902","type":"Feature","properties":{"libelle":"PAM-0666-1","axe":"LGV","pk_ef":"66+589","pk_gc":"66+589","decalage":"15","commentair":null,"_sp_url":null,"_ph_url":"data/photos/pam/0958.jpg"},"geometry":{"type":"Point","coordinates":[0.38860927967461306,46.83273736036043]}},{"id":"67","type":"Feature","properties":{"libelle":"PAM-0665-4","axe":"LGV","pk_ef":"66+531","pk_gc":"66+531","decalage":"-21","commentair":null,"_sp_url":null,"_ph_url":"data/photos/pam/0959.jpg"},"geometry":{"type":"Point","coordinates":[0.38826109995221353,46.83330276962414]}},{"id":"931","type":"Feature","properties":{"libelle":"PAM-0665-2","axe":"LGV","pk_ef":"66+484","pk_gc":"66+484","decalage":"-26","commentair":null,"_sp_url":null,"_ph_url":"data/photos/pam/0960.jpg"},"geometry":{"type":"Point","coordinates":[0.38829957042783686,46.833727310035485]}},{"id":"578","type":"Feature","properties":{"libelle":"PAM-0662-1","axe":"LGV","pk_ef":"66+165","pk_gc":"66+165","decalage":"49","commentair":null,"_sp_url":null,"_ph_url":"data/photos/pam/0961.jpg"},"geometry":{"type":"Point","coordinates":[0.39003675974604946,46.83641510955516]}},{"id":"250","type":"Feature","properties":{"libelle":"PAM-0653-1","axe":"LGV","pk_ef":"65+255","pk_gc":"65+255","decalage":"21","commentair":null,"_sp_url":null,"_ph_url":"data/photos/pam/0962.jpg"},"geometry":{"type":"Point","coordinates":[0.392915989605007,46.84432723035261]}},{"id":"972","type":"Feature","properties":{"libelle":"PAM-0652-1","axe":"LGV","pk_ef":"65+204","pk_gc":"65+204","decalage":"26","commentair":null,"_sp_url":null,"_ph_url":"data/photos/pam/0963.jpg"},"geometry":{"type":"Point","coordinates":[0.39320284963040775,46.84473790975905]}},{"id":"529","type":"Feature","properties":{"libelle":"PAM-0651-2","axe":"LGV","pk_ef":"65+138","pk_gc":"65+138","decalage":"-16","commentair":null,"_sp_url":null,"_ph_url":"data/photos/pam/0964.jpg"},"geometry":{"type":"Point","coordinates":[0.3929805001885327,46.84542807032671]}},{"id":"619","type":"Feature","properties":{"libelle":"PAM-0651-1","axe":"LGV","pk_ef":"65+087","pk_gc":"65+087","decalage":"38","commentair":"PAM Bassin","_sp_url":null,"_ph_url":"data/photos/pam/0965.jpg"},"geometry":{"type":"Point","coordinates":[0.3938774993731049,46.845682750261695]}},{"id":"575","type":"Feature","properties":{"libelle":"PAM-0650-1","axe":"LGV","pk_ef":"64+970","pk_gc":"64+970","decalage":"29","commentair":null,"_sp_url":null,"_ph_url":"data/photos/pam/0966.jpg"},"geometry":{"type":"Point","coordinates":[0.39433724011029736,46.84669106963423]}},{"id":"70","type":"Feature","properties":{"libelle":"PAM-0647-2","axe":"LGV","pk_ef":"64+736","pk_gc":"64+736","decalage":"-35","commentair":null,"_sp_url":null,"_ph_url":"data/photos/pam/0967.jpg"},"geometry":{"type":"Point","coordinates":[0.3947491695834754,46.848857759961824]}},{"id":"505","type":"Feature","properties":{"libelle":"PAM-0646-2","axe":"LGV","pk_ef":"64+622","pk_gc":"64+622","decalage":"-21","commentair":null,"_sp_url":null,"_ph_url":"data/photos/pam/0968.jpg"},"geometry":{"type":"Point","coordinates":[0.39554028952354847,46.84974070038255]}},{"id":"76","type":"Feature","properties":{"libelle":"PAM-0642-2","axe":"LGV","pk_ef":"64+227","pk_gc":"64+227","decalage":"-52","commentair":null,"_sp_url":null,"_ph_url":"data/photos/pam/0969.jpg"},"geometry":{"type":"Point","coordinates":[0.3974943305451979,46.85306398003781]}},{"id":"752","type":"Feature","properties":{"libelle":"PAM-0638-1","axe":"LGV","pk_ef":"63+768","pk_gc":"63+768","decalage":"23","commentair":null,"_sp_url":null,"_ph_url":"data/photos/pam/0970.jpg"},"geometry":{"type":"Point","coordinates":[0.40114584933142633,46.85642385031638]}},{"id":"391","type":"Feature","properties":{"libelle":"PAM-0632-1","axe":"LGV","pk_ef":"63+249","pk_gc":"63+249","decalage":"54","commentair":"PAM Bassin","_sp_url":null,"_ph_url":"data/photos/pam/0971.jpg"},"geometry":{"type":"Point","coordinates":[0.40453376938632785,46.86050546035877]}},{"id":"820","type":"Feature","properties":{"libelle":"PAM-0630-1","axe":"LGV","pk_ef":"62+962","pk_gc":"62+962","decalage":"35","commentair":null,"_sp_url":null,"_ph_url":"data/photos/pam/0972.jpg"},"geometry":{"type":"Point","coordinates":[0.4058633295507802,46.86292651011534]}},{"id":"1059","type":"Feature","properties":{"libelle":"PAM-0627-1","axe":"LGV","pk_ef":"62+674","pk_gc":"62+674","decalage":"46","commentair":null,"_sp_url":null,"_ph_url":"data/photos/pam/0973.jpg"},"geometry":{"type":"Point","coordinates":[0.40754691010442545,46.865254000117204]}},{"id":"866","type":"Feature","properties":{"libelle":"PAM-0614-1","axe":"LGV","pk_ef":"61+397","pk_gc":"61+397","decalage":"33","commentair":null,"_sp_url":null,"_ph_url":"data/photos/pam/0974.jpg"},"geometry":{"type":"Point","coordinates":[0.4142558294877277,46.875791000324256]}},{"id":"939","type":"Feature","properties":{"libelle":"PAM-0612-2","axe":"LGV","pk_ef":"61+217","pk_gc":"61+217","decalage":"-53","commentair":"PAM Bassin","_sp_url":null,"_ph_url":"data/photos/pam/0975.jpg"},"geometry":{"type":"Point","coordinates":[0.41419754956577326,46.87758228979356]}},{"id":"367","type":"Feature","properties":{"libelle":"PAM-0611-1","axe":"LGV","pk_ef":"61+139","pk_gc":"61+139","decalage":"32","commentair":null,"_sp_url":null,"_ph_url":"data/photos/pam/0976.jpg"},"geometry":{"type":"Point","coordinates":[0.4156343701382209,46.87791399971484]}},{"id":"387","type":"Feature","properties":{"libelle":"PAM-0610-1","axe":"LGV","pk_ef":"61+049","pk_gc":"61+049","decalage":"48","commentair":null,"_sp_url":null,"_ph_url":"data/photos/pam/0977.jpg"},"geometry":{"type":"Point","coordinates":[0.4163095896161168,46.87859300019755]}},{"id":"224","type":"Feature","properties":{"libelle":"PAM-0604-1","axe":"LGV","pk_ef":"60+415","pk_gc":"60+415","decalage":"63","commentair":null,"_sp_url":null,"_ph_url":"data/photos/pam/0978.jpg"},"geometry":{"type":"Point","coordinates":[0.4199097905948859,46.883748000238555]}},{"id":"1188","type":"Feature","properties":{"libelle":"PAM-0596-1","axe":"LGV","pk_ef":"59+647","pk_gc":"59+647","decalage":"35","commentair":null,"_sp_url":null,"_ph_url":"data/photos/pam/0979.jpg"},"geometry":{"type":"Point","coordinates":[0.4237000001200518,46.890153530286256]}},{"id":"147","type":"Feature","properties":{"libelle":"PAM-0597-2","axe":"LGV","pk_ef":"59+663","pk_gc":"59+663","decalage":"-30","commentair":null,"_sp_url":null,"_ph_url":"data/photos/pam/0980.jpg"},"geometry":{"type":"Point","coordinates":[0.42283900035029653,46.89026770019829]}},{"id":"291","type":"Feature","properties":{"libelle":"PAM-0594-2","axe":"LGV","pk_ef":"59+447","pk_gc":"59+447","decalage":"-43","commentair":null,"_sp_url":null,"_ph_url":"data/photos/pam/0981.jpg"},"geometry":{"type":"Point","coordinates":[0.423851999360703,46.892081749942896]}},{"id":"21","type":"Feature","properties":{"libelle":"PAM-0591-1","axe":"LGV","pk_ef":"59+106","pk_gc":"59+106","decalage":"37","commentair":null,"_sp_url":null,"_ph_url":"data/photos/pam/0982.jpg"},"geometry":{"type":"Point","coordinates":[0.42664400029158006,46.89459210012201]}},{"id":"992","type":"Feature","properties":{"libelle":"PAM-0591-2","axe":"LGV","pk_ef":"59+098","pk_gc":"59+098","decalage":"-36","commentair":null,"_sp_url":null,"_ph_url":"data/photos/pam/0983.jpg"},"geometry":{"type":"Point","coordinates":[0.42581000029721383,46.894923929839074]}},{"id":"865","type":"Feature","properties":{"libelle":"PAM-0576-3","axe":"LGV","pk_ef":"57+625","pk_gc":"57+625","decalage":"56","commentair":null,"_sp_url":null,"_ph_url":"data/photos/pam/0984.jpg"},"geometry":{"type":"Point","coordinates":[0.4348910002997831,46.90664936034839]}},{"id":"490","type":"Feature","properties":{"libelle":"PAM-0577-2","axe":"LGV","pk_ef":"57+669","pk_gc":"57+669","decalage":"-57","commentair":null,"_sp_url":null,"_ph_url":"data/photos/pam/0985.jpg"},"geometry":{"type":"Point","coordinates":[0.4333020004517849,46.90674150966857]}},{"id":"821","type":"Feature","properties":{"libelle":"PAM-0576-1","axe":"LGV","pk_ef":"57+569","pk_gc":"57+569","decalage":"59","commentair":null,"_sp_url":null,"_ph_url":"data/photos/pam/0986.jpg"},"geometry":{"type":"Point","coordinates":[0.43524699982649656,46.907091459945775]}},{"id":"860","type":"Feature","properties":{"libelle":"PAM-0564-1","axe":"LGV","pk_ef":"56+380","pk_gc":"56+380","decalage":"39","commentair":null,"_sp_url":null,"_ph_url":"data/photos/pam/0987.jpg"},"geometry":{"type":"Point","coordinates":[0.4429579999017621,46.916332199751004]}},{"id":"506","type":"Feature","properties":{"libelle":"PAM-0563-2","axe":"LGV","pk_ef":"56+267","pk_gc":"56+267","decalage":"-35","commentair":null,"_sp_url":null,"_ph_url":"data/photos/pam/0988.jpg"},"geometry":{"type":"Point","coordinates":[0.44294499969754536,46.91755016030978]}},{"id":"93","type":"Feature","properties":{"libelle":"PAM-0560-1","axe":"LGV","pk_ef":"55+952","pk_gc":"55+952","decalage":"45","commentair":null,"_sp_url":null,"_ph_url":"data/photos/pam/0989.jpg"},"geometry":{"type":"Point","coordinates":[0.4460350006440782,46.91957436003258]}},{"id":"868","type":"Feature","properties":{"libelle":"PAM-0556-1","axe":"LGV","pk_ef":"55+647","pk_gc":"55+647","decalage":"17","commentair":null,"_sp_url":null,"_ph_url":"data/photos/pam/0990.jpg"},"geometry":{"type":"Point","coordinates":[0.4477219994029629,46.92209315998479]}},{"id":"382","type":"Feature","properties":{"libelle":"PAM-0548-1","axe":"LGV","pk_ef":"54+804","pk_gc":"54+804","decalage":"23","commentair":null,"_sp_url":null,"_ph_url":"data/photos/pam/0991.jpg"},"geometry":{"type":"Point","coordinates":[0.45248600020678414,46.928957360250116]}},{"id":"632","type":"Feature","properties":{"libelle":"PAM-0547-1","axe":"LGV","pk_ef":"54+741","pk_gc":"54+741","decalage":"20","commentair":null,"_sp_url":null,"_ph_url":"data/photos/pam/0992.jpg"},"geometry":{"type":"Point","coordinates":[0.4527480003354764,46.92949824958612]}},{"id":"816","type":"Feature","properties":{"libelle":"PAM-0545-1","axe":"LGV","pk_ef":"54+454","pk_gc":"54+454","decalage":"47","commentair":null,"_sp_url":null,"_ph_url":"data/photos/pam/0993.jpg"},"geometry":{"type":"Point","coordinates":[0.45444499952667666,46.93182508035803]}},{"id":"346","type":"Feature","properties":{"libelle":"PAM-0544-2","axe":"LGV","pk_ef":"54+421","pk_gc":"54+421","decalage":"-50","commentair":null,"_sp_url":null,"_ph_url":"data/photos/pam/0994.jpg"},"geometry":{"type":"Point","coordinates":[0.45340500003500234,46.932413659848265]}},{"id":"801","type":"Feature","properties":{"libelle":"PAM-0542-2","axe":"LGV","pk_ef":"54+219","pk_gc":"54+219","decalage":"-26","commentair":null,"_sp_url":null,"_ph_url":"data/photos/pam/0995.jpg"},"geometry":{"type":"Point","coordinates":[0.4546609998837628,46.93403508015262]}},{"id":"14","type":"Feature","properties":{"libelle":"PAM-0541-1","axe":"LGV","pk_ef":"54+147","pk_gc":"54+147","decalage":"30","commentair":null,"_sp_url":null,"_ph_url":"data/photos/pam/0996.jpg"},"geometry":{"type":"Point","coordinates":[0.45568799966185786,46.93444980993267]}},{"id":"864","type":"Feature","properties":{"libelle":"PAM-0541-2","axe":"LGV","pk_ef":"54+096","pk_gc":"54+096","decalage":"-44","commentair":"PAM Bassin","_sp_url":null,"_ph_url":"data/photos/pam/0997.jpg"},"geometry":{"type":"Point","coordinates":[0.45503900052988266,46.9351268497496]}},{"id":"162","type":"Feature","properties":{"libelle":"PAM-0540-2","axe":"LGV","pk_ef":"54+021","pk_gc":"54+021","decalage":"-21","commentair":"PAM Bassin","_sp_url":null,"_ph_url":"data/photos/pam/0998.jpg"},"geometry":{"type":"Point","coordinates":[0.4556929994984985,46.93567813041804]}},{"id":"886","type":"Feature","properties":{"libelle":"PAM-0533-1","axe":"LGV","pk_ef":"53+286","pk_gc":"53+286","decalage":"42","commentair":null,"_sp_url":null,"_ph_url":"data/photos/pam/0999.jpg"},"geometry":{"type":"Point","coordinates":[0.46057600029739326,46.94139647026354]}},{"id":"1193","type":"Feature","properties":{"libelle":"PAM-0528-1","axe":"LGV","pk_ef":"52+809","pk_gc":"52+809","decalage":"17","commentair":null,"_sp_url":null,"_ph_url":"data/photos/pam/1000.jpg"},"geometry":{"type":"Point","coordinates":[0.4634700003706955,46.9451951697427]}},{"id":"1","type":"Feature","properties":{"libelle":"PAM-0528-2","axe":"LGV","pk_ef":"52+808","pk_gc":"52+808","decalage":"-23","commentair":null,"_sp_url":null,"_ph_url":"data/photos/pam/1001.jpg"},"geometry":{"type":"Point","coordinates":[0.46302699962160815,46.945392890265865]}},{"id":"610","type":"Feature","properties":{"libelle":"PAM-0526-2","axe":"LGV","pk_ef":"52+614","pk_gc":"52+614","decalage":"-33","commentair":null,"_sp_url":null,"_ph_url":"data/photos/pam/1002.jpg"},"geometry":{"type":"Point","coordinates":[0.46432300026834067,46.94690668973546]}},{"id":"25","type":"Feature","properties":{"libelle":"PAM-0525-1","axe":"LGV","pk_ef":"52+509","pk_gc":"52+509","decalage":"55","commentair":null,"_sp_url":null,"_ph_url":"data/photos/pam/1003.jpg"},"geometry":{"type":"Point","coordinates":[0.46606199942238596,46.94723889010363]}},{"id":"308","type":"Feature","properties":{"libelle":"PAM-0510-1","axe":"LGV","pk_ef":"51+041","pk_gc":"51+041","decalage":"62","commentair":null,"_sp_url":null,"_ph_url":"data/photos/pam/1004.jpg"},"geometry":{"type":"Point","coordinates":[0.47835700055596553,46.95734450974919]}},{"id":"634","type":"Feature","properties":{"libelle":"PAM-0509-1","axe":"LGV","pk_ef":"50+874","pk_gc":"50+874","decalage":"37","commentair":null,"_sp_url":null,"_ph_url":"data/photos/pam/1005.jpg"},"geometry":{"type":"Point","coordinates":[0.479555000647468,46.95862653970558]}},{"id":"1127","type":"Feature","properties":{"libelle":"PAM-0509-2","axe":"LGV","pk_ef":"50+883","pk_gc":"50+883","decalage":"-78","commentair":null,"_sp_url":null,"_ph_url":"data/photos/pam/1006.jpg"},"geometry":{"type":"Point","coordinates":[0.4783380002466037,46.95924680021648]}},{"id":"1090","type":"Feature","properties":{"libelle":"PAM-0503-1","axe":"LGV","pk_ef":"50+267","pk_gc":"50+267","decalage":"50","commentair":"PAM Bassin","_sp_url":null,"_ph_url":"data/photos/pam/1007.jpg"},"geometry":{"type":"Point","coordinates":[0.4851870005443296,46.962447339999144]}},{"id":"66","type":"Feature","properties":{"libelle":"PAM-0500-2","axe":"LGV","pk_ef":"50+013","pk_gc":"50+013","decalage":"-53","commentair":"PAM Bassin","_sp_url":null,"_ph_url":"data/photos/pam/1008.jpg"},"geometry":{"type":"Point","coordinates":[0.48674700041487384,46.96466989972729]}},{"id":"1211","type":"Feature","properties":{"libelle":"PAM-0496-1","axe":"LGV","pk_ef":"49+559","pk_gc":"49+559","decalage":"36","commentair":null,"_sp_url":null,"_ph_url":"data/photos/pam/1009.jpg"},"geometry":{"type":"Point","coordinates":[0.4921060005686209,46.96665059036048]}},{"id":"306","type":"Feature","properties":{"libelle":"PAM-0495-1","axe":"LGV","pk_ef":"49+532","pk_gc":"49+532","decalage":"36","commentair":null,"_sp_url":null,"_ph_url":"data/photos/pam/1010.jpg"},"geometry":{"type":"Point","coordinates":[0.49237999969181756,46.96679884021021]}},{"id":"333","type":"Feature","properties":{"libelle":"PAM-0496-4","axe":"LGV","pk_ef":"49+581","pk_gc":"49+581","decalage":"-41","commentair":null,"_sp_url":null,"_ph_url":"data/photos/pam/1011.jpg"},"geometry":{"type":"Point","coordinates":[0.49126300004420553,46.96708049031908]}},{"id":"1114","type":"Feature","properties":{"libelle":"PAM-0496-2","axe":"LGV","pk_ef":"49+560","pk_gc":"49+560","decalage":"-32","commentair":null,"_sp_url":null,"_ph_url":"data/photos/pam/1012.jpg"},"geometry":{"type":"Point","coordinates":[0.49154899943824837,46.96713297039634]}},{"id":"635","type":"Feature","properties":{"libelle":"PAM-0494-1","axe":"LGV","pk_ef":"49+431","pk_gc":"49+431","decalage":"35","commentair":null,"_sp_url":null,"_ph_url":"data/photos/pam/1013.jpg"},"geometry":{"type":"Point","coordinates":[0.49343699998654617,46.967351329904886]}},{"id":"888","type":"Feature","properties":{"libelle":"PAM-0495-2","axe":"LGV","pk_ef":"49+512","pk_gc":"49+512","decalage":"-31","commentair":null,"_sp_url":null,"_ph_url":"data/photos/pam/1014.jpg"},"geometry":{"type":"Point","coordinates":[0.4920659999469856,46.96738370990079]}},{"id":"200","type":"Feature","properties":{"libelle":"PAM-0486-6","axe":"LGV","pk_ef":"48+622","pk_gc":"48+622","decalage":"-24","commentair":null,"_sp_url":null,"_ph_url":"data/photos/pam/1015.jpg"},"geometry":{"type":"Point","coordinates":[0.5018160003223916,46.971850719985476]}},{"id":"155","type":"Feature","properties":{"libelle":"PAM-0485-1","axe":"LGV","pk_ef":"48+506","pk_gc":"48+506","decalage":"41","commentair":null,"_sp_url":null,"_ph_url":"data/photos/pam/1016.jpg"},"geometry":{"type":"Point","coordinates":[0.5035549999340296,46.971932229856]}},{"id":"905","type":"Feature","properties":{"libelle":"PAM-0486-2","axe":"LGV","pk_ef":"48+554","pk_gc":"48+554","decalage":"-34","commentair":null,"_sp_url":null,"_ph_url":"data/photos/pam/1017.jpg"},"geometry":{"type":"Point","coordinates":[0.5024880001287763,46.97225879995045]}},{"id":"638","type":"Feature","properties":{"libelle":"PAM-0486-4","axe":"LGV","pk_ef":"48+616","pk_gc":"48+616","decalage":"-72","commentair":"PAM Bassin","_sp_url":null,"_ph_url":"data/photos/pam/1018.jpg"},"geometry":{"type":"Point","coordinates":[0.5015329993924004,46.97224510990338]}},{"id":"219","type":"Feature","properties":{"libelle":"PAM-0479-2","axe":"LGV","pk_ef":"47+904","pk_gc":"47+904","decalage":"-28","commentair":null,"_sp_url":null,"_ph_url":"data/photos/pam/1019.jpg"},"geometry":{"type":"Point","coordinates":[0.5097039999844171,46.975409929865435]}},{"id":"1038","type":"Feature","properties":{"libelle":"PAM-0476-3","axe":"LGV","pk_ef":"47+602","pk_gc":"47+602","decalage":"148","commentair":"PAM Bassin","_sp_url":null,"_ph_url":"data/photos/pam/1020.jpg"},"geometry":{"type":"Point","coordinates":[0.5142920001713762,46.97556301976816]}},{"id":"1065","type":"Feature","properties":{"libelle":"PAM-0480-2","axe":"LGV","pk_ef":"47+984","pk_gc":"47+984","decalage":"-94","commentair":"PAM Bassin","_sp_url":null,"_ph_url":"data/photos/pam/1021.jpg"},"geometry":{"type":"Point","coordinates":[0.5083429997933219,46.975509619990405]}},{"id":"1011","type":"Feature","properties":{"libelle":"PAM-0476-1","axe":"LGV","pk_ef":"47+558","pk_gc":"47+558","decalage":"163","commentair":"PAM Bassin","_sp_url":null,"_ph_url":"data/photos/pam/1022.jpg"},"geometry":{"type":"Point","coordinates":[0.5148860004716066,46.97566538041615]}},{"id":"406","type":"Feature","properties":{"libelle":"PAM-0478-1","axe":"LGV","pk_ef":"47+789","pk_gc":"47+789","decalage":"19","commentair":null,"_sp_url":null,"_ph_url":"data/photos/pam/1023.jpg"},"geometry":{"type":"Point","coordinates":[0.5113020004547018,46.97561996964228]}},{"id":"445","type":"Feature","properties":{"libelle":"PAM-0475-2","axe":"LGV","pk_ef":"47+512","pk_gc":"47+512","decalage":"-16","commentair":null,"_sp_url":null,"_ph_url":"data/photos/pam/1024.jpg"},"geometry":{"type":"Point","coordinates":[0.5141069995963559,46.97723870996192]}},{"id":"218","type":"Feature","properties":{"libelle":"PAM-0470-1","axe":"LGV","pk_ef":"47+007","pk_gc":"47+007","decalage":"38","commentair":null,"_sp_url":null,"_ph_url":"data/photos/pam/1025.jpg"},"geometry":{"type":"Point","coordinates":[0.5200530000410585,46.979342159892845]}},{"id":"581","type":"Feature","properties":{"libelle":"PAM-0467-2","axe":"LGV","pk_ef":"46+737","pk_gc":"46+737","decalage":"-48","commentair":null,"_sp_url":null,"_ph_url":"data/photos/pam/1026.jpg"},"geometry":{"type":"Point","coordinates":[0.5222830002573252,46.981381089837214]}},{"id":"887","type":"Feature","properties":{"libelle":"PAM-0461-1","axe":"LGV","pk_ef":"46+063","pk_gc":"46+063","decalage":"141","commentair":"PAM Bassin","_sp_url":null,"_ph_url":"data/photos/pam/1027.jpg"},"geometry":{"type":"Point","coordinates":[0.5307939994349641,46.983882680261765]}},{"id":"101","type":"Feature","properties":{"libelle":"PAM-0463-2","axe":"LGV","pk_ef":"46+276","pk_gc":"46+276","decalage":"-88","commentair":"PAM Bassin","_sp_url":null,"_ph_url":"data/photos/pam/1028.jpg"},"geometry":{"type":"Point","coordinates":[0.526691000495116,46.98420285965096]}},{"id":"838","type":"Feature","properties":{"libelle":"PAM-0461-3","axe":"LGV","pk_ef":"46+132","pk_gc":"46+132","decalage":"22","commentair":null,"_sp_url":null,"_ph_url":"data/photos/pam/1029.jpg"},"geometry":{"type":"Point","coordinates":[0.5290709997858778,46.98427524965581]}},{"id":"1001","type":"Feature","properties":{"libelle":"PAM-0461-2","axe":"LGV","pk_ef":"46+140","pk_gc":"46+140","decalage":"-21","commentair":null,"_sp_url":null,"_ph_url":"data/photos/pam/1030.jpg"},"geometry":{"type":"Point","coordinates":[0.5286239998988366,46.984525620013294]}},{"id":"426","type":"Feature","properties":{"libelle":"PAM-0460-2","axe":"LGV","pk_ef":"46+037","pk_gc":"46+037","decalage":"-25","commentair":null,"_sp_url":null,"_ph_url":"data/photos/pam/1031.jpg"},"geometry":{"type":"Point","coordinates":[0.5296009996496587,46.98516076992835]}},{"id":"656","type":"Feature","properties":{"libelle":"PAM-0456-1","axe":"LGV","pk_ef":"45+608","pk_gc":"45+608","decalage":"28","commentair":null,"_sp_url":null,"_ph_url":"data/photos/pam/1032.jpg"},"geometry":{"type":"Point","coordinates":[0.534208000442452,46.987447140141754]}},{"id":"89","type":"Feature","properties":{"libelle":"PAM-0450-2","axe":"LGV","pk_ef":"45+034","pk_gc":"45+034","decalage":"-21","commentair":null,"_sp_url":null,"_ph_url":"data/photos/pam/1033.jpg"},"geometry":{"type":"Point","coordinates":[0.5390089996868488,46.99146042004389]}},{"id":"350","type":"Feature","properties":{"libelle":"PAM-0438-2","axe":"LGV","pk_ef":"43+846","pk_gc":"43+846","decalage":"-29","commentair":null,"_sp_url":null,"_ph_url":"data/photos/pam/1034.jpg"},"geometry":{"type":"Point","coordinates":[0.5494040003769544,46.99940982960357]}},{"id":"982","type":"Feature","properties":{"libelle":"PAM-0437-2","axe":"LGV","pk_ef":"43+691","pk_gc":"43+691","decalage":"-22","commentair":null,"_sp_url":null,"_ph_url":"data/photos/pam/1035.jpg"},"geometry":{"type":"Point","coordinates":[0.5507150001656357,47.00048001004171]}},{"id":"1120","type":"Feature","properties":{"libelle":"PAM-0435-1","axe":"LGV","pk_ef":"43+462","pk_gc":"43+462","decalage":"28","commentair":null,"_sp_url":null,"_ph_url":"data/photos/pam/1036.jpg"},"geometry":{"type":"Point","coordinates":[0.5529859995611451,47.00190310000131]}},{"id":"1111","type":"Feature","properties":{"libelle":"PAM-0433-2","axe":"LGV","pk_ef":"43+288","pk_gc":"43+288","decalage":"-23","commentair":null,"_sp_url":null,"_ph_url":"data/photos/pam/1037.jpg"},"geometry":{"type":"Point","coordinates":[0.5536850004244669,47.0034682804182]}},{"id":"951","type":"Feature","properties":{"libelle":"PAM-0427-1","axe":"LGV","pk_ef":"42+698","pk_gc":"42+698","decalage":"26","commentair":null,"_sp_url":null,"_ph_url":"data/photos/pam/1038.jpg"},"geometry":{"type":"Point","coordinates":[0.5580669999874097,47.007874029783906]}},{"id":"500","type":"Feature","properties":{"libelle":"PAM-0427-4","axe":"LGV","pk_ef":"42+676","pk_gc":"42+676","decalage":"-43","commentair":null,"_sp_url":null,"_ph_url":"data/photos/pam/1039.jpg"},"geometry":{"type":"Point","coordinates":[0.5573909998812352,47.00832038032765]}},{"id":"297","type":"Feature","properties":{"libelle":"PAM-0427-2","axe":"LGV","pk_ef":"42+654","pk_gc":"42+654","decalage":"-16","commentair":null,"_sp_url":null,"_ph_url":"data/photos/pam/1040.jpg"},"geometry":{"type":"Point","coordinates":[0.5578340000381673,47.00839693992757]}},{"id":"400","type":"Feature","properties":{"libelle":"PAM-0424-3","axe":"LGV","pk_ef":"42+426","pk_gc":"42+426","decalage":"19","commentair":null,"_sp_url":null,"_ph_url":"data/photos/pam/1041.jpg"},"geometry":{"type":"Point","coordinates":[0.5595310003357846,47.01011985008603]}},{"id":"525","type":"Feature","properties":{"libelle":"PAM-0424-1","axe":"LGV","pk_ef":"42+377","pk_gc":"42+377","decalage":"39","commentair":null,"_sp_url":null,"_ph_url":"data/photos/pam/1042.jpg"},"geometry":{"type":"Point","coordinates":[0.560027999384202,47.010451649797375]}},{"id":"687","type":"Feature","properties":{"libelle":"PAM-0424-2","axe":"LGV","pk_ef":"42+398","pk_gc":"42+398","decalage":"-41","commentair":null,"_sp_url":null,"_ph_url":"data/photos/pam/1043.jpg"},"geometry":{"type":"Point","coordinates":[0.5589559997268004,47.010564039927566]}},{"id":"436","type":"Feature","properties":{"libelle":"PAM-0420-1","axe":"LGV","pk_ef":"41+975","pk_gc":"41+975","decalage":"32","commentair":null,"_sp_url":null,"_ph_url":"data/photos/pam/1044.jpg"},"geometry":{"type":"Point","coordinates":[0.5620210000692681,47.01380589977693]}},{"id":"747","type":"Feature","properties":{"libelle":"PAM-0419-2","axe":"LGV","pk_ef":"41+947","pk_gc":"41+947","decalage":"-38","commentair":null,"_sp_url":null,"_ph_url":"data/photos/pam/1045.jpg"},"geometry":{"type":"Point","coordinates":[0.5613169996380094,47.0142832995869]}},{"id":"142","type":"Feature","properties":{"libelle":"PAM-0418-2","axe":"LGV","pk_ef":"41+841","pk_gc":"41+841","decalage":"-54","commentair":null,"_sp_url":null,"_ph_url":"data/photos/pam/1046.jpg"},"geometry":{"type":"Point","coordinates":[0.5616619993620764,47.01522230979228]}},{"id":"969","type":"Feature","properties":{"libelle":"PAM-0417-2","axe":"LGV","pk_ef":"41+742","pk_gc":"41+742","decalage":"-121","commentair":null,"_sp_url":null,"_ph_url":"data/photos/pam/1047.jpg"},"geometry":{"type":"Point","coordinates":[0.5613559997610348,47.01627502979636]}},{"id":"359","type":"Feature","properties":{"libelle":"PAM-0416-1","axe":"LGV","pk_ef":"41+578","pk_gc":"41+578","decalage":"41","commentair":null,"_sp_url":null,"_ph_url":"data/photos/pam/1048.jpg"},"geometry":{"type":"Point","coordinates":[0.5641683405894917,47.01707133012278]}},{"id":"544","type":"Feature","properties":{"libelle":"PAM-0414-1","axe":"LGV","pk_ef":"41+414","pk_gc":"41+414","decalage":"66","commentair":null,"_sp_url":null,"_ph_url":"data/photos/pam/1049.jpg"},"geometry":{"type":"Point","coordinates":[0.5653081096639851,47.018340580225185]}},{"id":"1078","type":"Feature","properties":{"libelle":"PAM-CA1-0000-2","axe":"CA1","pk_ef":"0+000","pk_gc":"0+000","decalage":"-46","commentair":null,"_sp_url":null,"_ph_url":"data/photos/pam/1050.jpg"},"geometry":{"type":"Point","coordinates":[0.5930307304665331,47.02453986004643]}},{"id":"279","type":"Feature","properties":{"libelle":"PAM-0408-2","axe":"LGV","pk_ef":"40+755","pk_gc":"40+755","decalage":"-62","commentair":null,"_sp_url":null,"_ph_url":"data/photos/pam/1051.jpg"},"geometry":{"type":"Point","coordinates":[0.5671394894145609,47.024250740340776]}},{"id":"99","type":"Feature","properties":{"libelle":"PAM-CA1-0002-2","axe":"CA1","pk_ef":"0+166","pk_gc":"0+166","decalage":"-49","commentair":null,"_sp_url":null,"_ph_url":"data/photos/pam/1052.jpg"},"geometry":{"type":"Point","coordinates":[0.5919879497900754,47.02603793982181]}},{"id":"119","type":"Feature","properties":{"libelle":"PAM-0403-1","axe":"LGV","pk_ef":"40+344","pk_gc":"40+344","decalage":"115","commentair":null,"_sp_url":null,"_ph_url":"data/photos/pam/1053.jpg"},"geometry":{"type":"Point","coordinates":[0.5713965298353604,47.027042449558]}},{"id":"1199","type":"Feature","properties":{"libelle":"PAM-0404-2","axe":"LGV","pk_ef":"40+391","pk_gc":"40+391","decalage":"-41","commentair":null,"_sp_url":null,"_ph_url":"data/photos/pam/1054.jpg"},"geometry":{"type":"Point","coordinates":[0.5692603197273359,47.02720153974985]}},{"id":"83","type":"Feature","properties":{"libelle":"PAM-0402-1","axe":"LGV","pk_ef":"40+189","pk_gc":"40+189","decalage":"82","commentair":null,"_sp_url":null,"_ph_url":"data/photos/pam/1055.jpg"},"geometry":{"type":"Point","coordinates":[0.5717855698974807,47.02844233970938]}},{"id":"1203","type":"Feature","properties":{"libelle":"PAM-0402-4","axe":"LGV","pk_ef":"40+216","pk_gc":"40+216","decalage":"-26","commentair":null,"_sp_url":null,"_ph_url":"data/photos/pam/1056.jpg"},"geometry":{"type":"Point","coordinates":[0.5703419205860311,47.02859552006499]}},{"id":"685","type":"Feature","properties":{"libelle":"PAM-0402-2","axe":"LGV","pk_ef":"40+165","pk_gc":"40+165","decalage":"-34","commentair":null,"_sp_url":null,"_ph_url":"data/photos/pam/1057.jpg"},"geometry":{"type":"Point","coordinates":[0.5705134598784226,47.02904579035726]}},{"id":"592","type":"Feature","properties":{"libelle":"PAM-0397-2","axe":"LGV","pk_ef":"39+712","pk_gc":"39+712","decalage":"-18","commentair":null,"_sp_url":null,"_ph_url":"data/photos/pam/1058.jpg"},"geometry":{"type":"Point","coordinates":[0.5732347404328879,47.03269846968398]}},{"id":"724","type":"Feature","properties":{"libelle":"PAM-0395-2","axe":"LGV","pk_ef":"39+503","pk_gc":"39+503","decalage":"-26","commentair":null,"_sp_url":null,"_ph_url":"data/photos/pam/1059.jpg"},"geometry":{"type":"Point","coordinates":[0.5744295299658174,47.034396110284426]}},{"id":"211","type":"Feature","properties":{"libelle":"PAM-CA1-0016-2","axe":"CA1","pk_ef":"1+588","pk_gc":"1+588","decalage":"-24","commentair":null,"_sp_url":null,"_ph_url":"data/photos/pam/1060.jpg"},"geometry":{"type":"Point","coordinates":[0.5860431097961566,47.03791413978354]}},{"id":"1185","type":"Feature","properties":{"libelle":"PAM-0389-1","axe":"LGV","pk_ef":"38+885","pk_gc":"38+885","decalage":"11","commentair":null,"_sp_url":null,"_ph_url":"data/photos/pam/1061.jpg"},"geometry":{"type":"Point","coordinates":[0.5790807900361412,47.03897956044187]}},{"id":"916","type":"Feature","properties":{"libelle":"PAM-0383-1","axe":"LGV","pk_ef":"38+304","pk_gc":"38+304","decalage":"34","commentair":null,"_sp_url":null,"_ph_url":"data/photos/pam/1062.jpg"},"geometry":{"type":"Point","coordinates":[0.5838378298644454,47.043065879703924]}},{"id":"190","type":"Feature","properties":{"libelle":"PAM-0382-4","axe":"LGV","pk_ef":"38+226","pk_gc":"38+226","decalage":"-34","commentair":null,"_sp_url":null,"_ph_url":"data/photos/pam/1063.jpg"},"geometry":{"type":"Point","coordinates":[0.5837943303857349,47.043992110344355]}},{"id":"1190","type":"Feature","properties":{"libelle":"PAM-0382-2","axe":"LGV","pk_ef":"38+223","pk_gc":"38+223","decalage":"-38","commentair":null,"_sp_url":null,"_ph_url":"data/photos/pam/1064.jpg"},"geometry":{"type":"Point","coordinates":[0.5837812195196724,47.04403742016654]}},{"id":"1156","type":"Feature","properties":{"libelle":"PAM-0380-1","axe":"LGV","pk_ef":"38+046","pk_gc":"38+046","decalage":"33","commentair":null,"_sp_url":null,"_ph_url":"data/photos/pam/1065.jpg"},"geometry":{"type":"Point","coordinates":[0.585987679473465,47.04484872960797]}},{"id":"1060","type":"Feature","properties":{"libelle":"PAM-CA2-0024-1","axe":"CA2","pk_ef":"2+371","pk_gc":"2+371","decalage":"17","commentair":null,"_sp_url":null,"_ph_url":"data/photos/pam/1066.jpg"},"geometry":{"type":"Point","coordinates":[0.5864459203245029,47.04493618001775]}},{"id":"1248","type":"Feature","properties":{"libelle":"PAM-0380-4","axe":"LGV","pk_ef":"38+036","pk_gc":"38+036","decalage":"-65","commentair":null,"_sp_url":null,"_ph_url":"data/photos/pam/1067.jpg"},"geometry":{"type":"Point","coordinates":[0.5850961695046093,47.04548781011303]}},{"id":"360","type":"Feature","properties":{"libelle":"PAM-0380-2","axe":"LGV","pk_ef":"38+006","pk_gc":"38+006","decalage":"-67","commentair":null,"_sp_url":null,"_ph_url":"data/photos/pam/1068.jpg"},"geometry":{"type":"Point","coordinates":[0.5853474802267303,47.04571145028358]}},{"id":"665","type":"Feature","properties":{"libelle":"PAM-CA1-0026-1","axe":"CA1","pk_ef":"2+629","pk_gc":"2+629","decalage":"25","commentair":null,"_sp_url":null,"_ph_url":"data/photos/pam/1069.jpg"},"geometry":{"type":"Point","coordinates":[0.5889689102976355,47.046963160189506]}},{"id":"225","type":"Feature","properties":{"libelle":"PAM-0375-2","axe":"LGV","pk_ef":"37+535","pk_gc":"37+535","decalage":"-27","commentair":null,"_sp_url":null,"_ph_url":"data/photos/pam/1070.jpg"},"geometry":{"type":"Point","coordinates":[0.5899660203704861,47.048588809627894]}},{"id":"459","type":"Feature","properties":{"libelle":"PAM-CA2-0030-2","axe":"CA2","pk_ef":"2+997","pk_gc":"2+997","decalage":"-16","commentair":null,"_sp_url":null,"_ph_url":"data/photos/pam/1071.jpg"},"geometry":{"type":"Point","coordinates":[0.5909781802874164,47.04957694032263]}},{"id":"802","type":"Feature","properties":{"libelle":"PAM-CA2-0031-1","axe":"CA2","pk_ef":"3+060","pk_gc":"3+060","decalage":"19","commentair":null,"_sp_url":null,"_ph_url":"data/photos/pam/1072.jpg"},"geometry":{"type":"Point","coordinates":[0.5912702704457449,47.050196770398685]}},{"id":"80","type":"Feature","properties":{"libelle":"PAM-CA2-0032-2","axe":"CA2","pk_ef":"3+213","pk_gc":"3+213","decalage":"-21","commentair":null,"_sp_url":null,"_ph_url":"data/photos/pam/1073.jpg"},"geometry":{"type":"Point","coordinates":[0.5931378497374212,47.05082664965154]}},{"id":"375","type":"Feature","properties":{"libelle":"PAM-CA1-0032-2","axe":"CA1","pk_ef":"3+217","pk_gc":"3+217","decalage":"-20","commentair":null,"_sp_url":null,"_ph_url":"data/photos/pam/1074.jpg"},"geometry":{"type":"Point","coordinates":[0.5942703000645683,47.050852820141756]}},{"id":"677","type":"Feature","properties":{"libelle":"PAM-CA1-0034-2","axe":"CA1","pk_ef":"3+359","pk_gc":"3+359","decalage":"-19","commentair":null,"_sp_url":null,"_ph_url":"data/photos/pam/1075.jpg"},"geometry":{"type":"Point","coordinates":[0.5955416705074025,47.05179543983594]}},{"id":"792","type":"Feature","properties":{"libelle":"PAM-CA2-0039-1","axe":"CA2","pk_ef":"3+866","pk_gc":"3+866","decalage":"37","commentair":null,"_sp_url":null,"_ph_url":"data/photos/pam/1076.jpg"},"geometry":{"type":"Point","coordinates":[0.5989541496501374,47.055181360306655]}},{"id":"561","type":"Feature","properties":{"libelle":"PAM-0361-3","axe":"LGV","pk_ef":"36+097","pk_gc":"36+097","decalage":"9","commentair":"PAM Bassin","_sp_url":null,"_ph_url":"data/photos/pam/1077.jpg"},"geometry":{"type":"Point","coordinates":[0.6034106001859355,47.05772209978934]}},{"id":"583","type":"Feature","properties":{"libelle":"PAM-0361-2","axe":"LGV","pk_ef":"36+098","pk_gc":"36+098","decalage":"-10","commentair":"PAM Bassin","_sp_url":null,"_ph_url":"data/photos/pam/1078.jpg"},"geometry":{"type":"Point","coordinates":[0.6032265302196547,47.0578264797767]}},{"id":"879","type":"Feature","properties":{"libelle":"PAM-0361-1","axe":"LGV","pk_ef":"36+057","pk_gc":"36+057","decalage":"30","commentair":null,"_sp_url":null,"_ph_url":"data/photos/pam/1079.jpg"},"geometry":{"type":"Point","coordinates":[0.6039693900586961,47.05784400992867]}},{"id":"839","type":"Feature","properties":{"libelle":"PAM-0360-1","axe":"LGV","pk_ef":"35+963","pk_gc":"35+963","decalage":"73","commentair":null,"_sp_url":null,"_ph_url":"data/photos/pam/1080.jpg"},"geometry":{"type":"Point","coordinates":[0.6052476996798506,47.058189429994115]}},{"id":"1085","type":"Feature","properties":{"libelle":"PAM-0359-1","axe":"LGV","pk_ef":"35+946","pk_gc":"35+946","decalage":"9","commentair":"PAM Bassin","_sp_url":null,"_ph_url":"data/photos/pam/1081.jpg"},"geometry":{"type":"Point","coordinates":[0.604786310223163,47.058700460261655]}},{"id":"373","type":"Feature","properties":{"libelle":"PAM-0359-2","axe":"LGV","pk_ef":"35+946","pk_gc":"35+946","decalage":"-9","commentair":"PAM Bassin","_sp_url":null,"_ph_url":"data/photos/pam/1082.jpg"},"geometry":{"type":"Point","coordinates":[0.6046166603928398,47.05881467034025]}},{"id":"1135","type":"Feature","properties":{"libelle":"PAM-0349-1","axe":"LGV","pk_ef":"34+872","pk_gc":"34+872","decalage":"8","commentair":"PAM Bassin","_sp_url":null,"_ph_url":"data/photos/pam/1083.jpg"},"geometry":{"type":"Point","coordinates":[0.6145670703299909,47.06568220018899]}},{"id":"423","type":"Feature","properties":{"libelle":"PAM-0348-3","axe":"LGV","pk_ef":"34+825","pk_gc":"34+825","decalage":"43","commentair":null,"_sp_url":null,"_ph_url":"data/photos/pam/1084.jpg"},"geometry":{"type":"Point","coordinates":[0.6153336396605783,47.06576557983128]}},{"id":"669","type":"Feature","properties":{"libelle":"PAM-0349-2","axe":"LGV","pk_ef":"34+878","pk_gc":"34+878","decalage":"-10","commentair":"PAM Bassin","_sp_url":null,"_ph_url":"data/photos/pam/1085.jpg"},"geometry":{"type":"Point","coordinates":[0.6143488901650604,47.06575517038582]}},{"id":"1142","type":"Feature","properties":{"libelle":"PAM-0349-4","axe":"LGV","pk_ef":"34+880","pk_gc":"34+880","decalage":"-41","commentair":null,"_sp_url":null,"_ph_url":"data/photos/pam/1086.jpg"},"geometry":{"type":"Point","coordinates":[0.6140382099435563,47.06593447964691]}},{"id":"1154","type":"Feature","properties":{"libelle":"PAM-0348-1","axe":"LGV","pk_ef":"34+797","pk_gc":"34+797","decalage":"7","commentair":"PAM Bassin","_sp_url":null,"_ph_url":"data/photos/pam/1087.jpg"},"geometry":{"type":"Point","coordinates":[0.6152571498724803,47.06616310008679]}},{"id":"957","type":"Feature","properties":{"libelle":"PAM-0348-2","axe":"LGV","pk_ef":"34+796","pk_gc":"34+796","decalage":"-8","commentair":"PAM Bassin","_sp_url":null,"_ph_url":"data/photos/pam/1088.jpg"},"geometry":{"type":"Point","coordinates":[0.6151301798573655,47.066271859782766]}},{"id":"991","type":"Feature","properties":{"libelle":"PAM-0343-4","axe":"LGV","pk_ef":"34+324","pk_gc":"34+324","decalage":"-31","commentair":"PAM Bassin","_sp_url":null,"_ph_url":"data/photos/pam/1089.jpg"},"geometry":{"type":"Point","coordinates":[0.6194429495043161,47.069347440173324]}},{"id":"419","type":"Feature","properties":{"libelle":"PAM-0343-2","axe":"LGV","pk_ef":"34+318","pk_gc":"34+318","decalage":"-84","commentair":null,"_sp_url":null,"_ph_url":"data/photos/pam/1090.jpg"},"geometry":{"type":"Point","coordinates":[0.6190457801563992,47.06974164982131]}},{"id":"267","type":"Feature","properties":{"libelle":"PAM-0342-2","axe":"LGV","pk_ef":"34+233","pk_gc":"34+233","decalage":"-24","commentair":"PAM Bassin","_sp_url":null,"_ph_url":"data/photos/pam/1091.jpg"},"geometry":{"type":"Point","coordinates":[0.620410709676578,47.069839640372614]}},{"id":"719","type":"Feature","properties":{"libelle":"PAM-0342-1","axe":"LGV","pk_ef":"34+151","pk_gc":"34+151","decalage":"23","commentair":null,"_sp_url":null,"_ph_url":"data/photos/pam/1092.jpg"},"geometry":{"type":"Point","coordinates":[0.6216346397496284,47.06999663001731]}},{"id":"587","type":"Feature","properties":{"libelle":"PAM-0340-1","axe":"LGV","pk_ef":"34+025","pk_gc":"34+025","decalage":"67","commentair":null,"_sp_url":null,"_ph_url":"data/photos/pam/1093.jpg"},"geometry":{"type":"Point","coordinates":[0.6232692202337597,47.07042590002738]}},{"id":"765","type":"Feature","properties":{"libelle":"PAM-0341-2","axe":"LGV","pk_ef":"34+096","pk_gc":"34+096","decalage":"-20","commentair":null,"_sp_url":null,"_ph_url":"data/photos/pam/1094.jpg"},"geometry":{"type":"Point","coordinates":[0.6218271498844367,47.070620480015215]}},{"id":"613","type":"Feature","properties":{"libelle":"PAM-0335-1","axe":"LGV","pk_ef":"33+538","pk_gc":"33+538","decalage":"43","commentair":null,"_sp_url":null,"_ph_url":"data/photos/pam/1095.jpg"},"geometry":{"type":"Point","coordinates":[0.6281181402872344,47.0732614702104]}},{"id":"41","type":"Feature","properties":{"libelle":"PAM-0334-1","axe":"LGV","pk_ef":"33+429","pk_gc":"33+429","decalage":"37","commentair":"PAM Bassin","_sp_url":null,"_ph_url":"data/photos/pam/1096.jpg"},"geometry":{"type":"Point","coordinates":[0.6292355697481703,47.07387650985587]}},{"id":"649","type":"Feature","properties":{"libelle":"PAM-0333-3","axe":"LGV","pk_ef":"33+287","pk_gc":"33+287","decalage":"76","commentair":null,"_sp_url":null,"_ph_url":"data/photos/pam/1097.jpg"},"geometry":{"type":"Point","coordinates":[0.6310551793329175,47.074335250349456]}},{"id":"128","type":"Feature","properties":{"libelle":"PAM-0333-1","axe":"LGV","pk_ef":"33+285","pk_gc":"33+285","decalage":"48","commentair":"PAM Bassin","_sp_url":null,"_ph_url":"data/photos/pam/1098.jpg"},"geometry":{"type":"Point","coordinates":[0.6308526598999276,47.074554920370154]}},{"id":"348","type":"Feature","properties":{"libelle":"PAM-0333-2","axe":"LGV","pk_ef":"33+306","pk_gc":"33+306","decalage":"-38","commentair":null,"_sp_url":null,"_ph_url":"data/photos/pam/1099.jpg"},"geometry":{"type":"Point","coordinates":[0.6299814094525854,47.07507181026868]}},{"id":"913","type":"Feature","properties":{"libelle":"PAM-0332-2","axe":"LGV","pk_ef":"33+248","pk_gc":"33+248","decalage":"-33","commentair":null,"_sp_url":null,"_ph_url":"data/photos/pam/1100.jpg"},"geometry":{"type":"Point","coordinates":[0.6306293705327312,47.0753396897502]}},{"id":"132","type":"Feature","properties":{"libelle":"PAM-0328-1","axe":"LGV","pk_ef":"32+804","pk_gc":"32+804","decalage":"187","commentair":null,"_sp_url":null,"_ph_url":"data/photos/pam/1101.jpg"},"geometry":{"type":"Point","coordinates":[0.6370852096033974,47.07605075961825]}},{"id":"604","type":"Feature","properties":{"libelle":"PAM-0330-1","axe":"LGV","pk_ef":"33+028","pk_gc":"33+028","decalage":"19","commentair":null,"_sp_url":null,"_ph_url":"data/photos/pam/1102.jpg"},"geometry":{"type":"Point","coordinates":[0.6333971500560497,47.07611181040223]}},{"id":"1229","type":"Feature","properties":{"libelle":"PAM-0328-3","axe":"LGV","pk_ef":"32+836","pk_gc":"32+836","decalage":"39","commentair":null,"_sp_url":null,"_ph_url":"data/photos/pam/1103.jpg"},"geometry":{"type":"Point","coordinates":[0.6356032300245491,47.07697283005505]}},{"id":"328","type":"Feature","properties":{"libelle":"PAM-0324-1","axe":"LGV","pk_ef":"32+357","pk_gc":"32+357","decalage":"35","commentair":null,"_sp_url":null,"_ph_url":"data/photos/pam/1104.jpg"},"geometry":{"type":"Point","coordinates":[0.6407084398395677,47.07950536010418]}},{"id":"78","type":"Feature","properties":{"libelle":"PAM-0324-2","axe":"LGV","pk_ef":"32+370","pk_gc":"32+370","decalage":"-41","commentair":null,"_sp_url":null,"_ph_url":"data/photos/pam/1105.jpg"},"geometry":{"type":"Point","coordinates":[0.6399849505318287,47.07999405985369]}},{"id":"455","type":"Feature","properties":{"libelle":"PAM-0316-1","axe":"LGV","pk_ef":"31+583","pk_gc":"31+583","decalage":"37","commentair":null,"_sp_url":null,"_ph_url":"data/photos/pam/1106.jpg"},"geometry":{"type":"Point","coordinates":[0.6489199902111604,47.08368076956803]}},{"id":"17","type":"Feature","properties":{"libelle":"PAM-0315-1","axe":"LGV","pk_ef":"31+535","pk_gc":"31+535","decalage":"35","commentair":null,"_sp_url":null,"_ph_url":"data/photos/pam/1107.jpg"},"geometry":{"type":"Point","coordinates":[0.6493845995266311,47.08397071969538]}},{"id":"1023","type":"Feature","properties":{"libelle":"PAM-0316-2","axe":"LGV","pk_ef":"31+597","pk_gc":"31+597","decalage":"-33","commentair":null,"_sp_url":null,"_ph_url":"data/photos/pam/1108.jpg"},"geometry":{"type":"Point","coordinates":[0.6481910505393947,47.0840868700479]}},{"id":"730","type":"Feature","properties":{"libelle":"PAM-0315-2","axe":"LGV","pk_ef":"31+545","pk_gc":"31+545","decalage":"-34","commentair":null,"_sp_url":null,"_ph_url":"data/photos/pam/1109.jpg"},"geometry":{"type":"Point","coordinates":[0.6487080605184148,47.08438756015144]}},{"id":"761","type":"Feature","properties":{"libelle":"PAM-0297-1","axe":"LGV","pk_ef":"29+696","pk_gc":"29+696","decalage":"38","commentair":null,"_sp_url":null,"_ph_url":"data/photos/pam/1110.jpg"},"geometry":{"type":"Point","coordinates":[0.6658195705370096,47.096191799823146]}},{"id":"940","type":"Feature","properties":{"libelle":"PAM-0293-2","axe":"LGV","pk_ef":"29+310","pk_gc":"29+310","decalage":"-47","commentair":null,"_sp_url":null,"_ph_url":"data/photos/pam/1111.jpg"},"geometry":{"type":"Point","coordinates":[0.6676686895516912,47.09952129004028]}},{"id":"856","type":"Feature","properties":{"libelle":"PAM-0291-1","axe":"LGV","pk_ef":"29+084","pk_gc":"29+084","decalage":"43","commentair":null,"_sp_url":null,"_ph_url":"data/photos/pam/1112.jpg"},"geometry":{"type":"Point","coordinates":[0.6702022104175445,47.10085460036902]}},{"id":"863","type":"Feature","properties":{"libelle":"PAM-0290-1","axe":"LGV","pk_ef":"28+966","pk_gc":"28+966","decalage":"34","commentair":null,"_sp_url":null,"_ph_url":"data/photos/pam/1113.jpg"},"geometry":{"type":"Point","coordinates":[0.6708605400403568,47.10182558034213]}},{"id":"703","type":"Feature","properties":{"libelle":"PAM-0290-2","axe":"LGV","pk_ef":"28+961","pk_gc":"28+961","decalage":"-40","commentair":null,"_sp_url":null,"_ph_url":"data/photos/pam/1114.jpg"},"geometry":{"type":"Point","coordinates":[0.6700459196548376,47.10218896004483]}},{"id":"831","type":"Feature","properties":{"libelle":"PAM-0280-2","axe":"LGV","pk_ef":"27+961","pk_gc":"27+961","decalage":"-14","commentair":null,"_sp_url":null,"_ph_url":"data/photos/pam/1115.jpg"},"geometry":{"type":"Point","coordinates":[0.6758009400764211,47.11024420034953]}},{"id":"123","type":"Feature","properties":{"libelle":"PAM-0279-1","axe":"LGV","pk_ef":"27+850","pk_gc":"27+850","decalage":"17","commentair":null,"_sp_url":null,"_ph_url":"data/photos/pam/1116.jpg"},"geometry":{"type":"Point","coordinates":[0.6766793494039668,47.111087959890334]}},{"id":"1195","type":"Feature","properties":{"libelle":"PAM-0274-2","axe":"LGV","pk_ef":"27+416","pk_gc":"27+416","decalage":"-30","commentair":null,"_sp_url":null,"_ph_url":"data/photos/pam/1117.jpg"},"geometry":{"type":"Point","coordinates":[0.6778244893550879,47.11493461013113]}},{"id":"1101","type":"Feature","properties":{"libelle":"PAM-0273-2","axe":"LGV","pk_ef":"27+342","pk_gc":"27+342","decalage":"-19","commentair":null,"_sp_url":null,"_ph_url":"data/photos/pam/1118.jpg"},"geometry":{"type":"Point","coordinates":[0.678213320233489,47.11554622012087]}},{"id":"43","type":"Feature","properties":{"libelle":"PAM-0273-1","axe":"LGV","pk_ef":"27+267","pk_gc":"27+267","decalage":"33","commentair":null,"_sp_url":null,"_ph_url":"data/photos/pam/1119.jpg"},"geometry":{"type":"Point","coordinates":[0.6791337600559655,47.116079170148566]}},{"id":"57","type":"Feature","properties":{"libelle":"PAM-0272-2","axe":"LGV","pk_ef":"27+152","pk_gc":"27+152","decalage":"-23","commentair":null,"_sp_url":null,"_ph_url":"data/photos/pam/1120.jpg"},"geometry":{"type":"Point","coordinates":[0.6787884396210587,47.11720928968878]}},{"id":"1068","type":"Feature","properties":{"libelle":"PAM-0266-2","axe":"LGV","pk_ef":"26+573","pk_gc":"26+573","decalage":"-20","commentair":null,"_sp_url":null,"_ph_url":"data/photos/pam/1121.jpg"},"geometry":{"type":"Point","coordinates":[0.6803068095910527,47.12229815022698]}},{"id":"557","type":"Feature","properties":{"libelle":"PAM-0261-2","axe":"LGV","pk_ef":"26+129","pk_gc":"26+129","decalage":"-18","commentair":null,"_sp_url":null,"_ph_url":"data/photos/pam/1122.jpg"},"geometry":{"type":"Point","coordinates":[0.6810348005580231,47.12625846995797]}},{"id":"572","type":"Feature","properties":{"libelle":"PAM-0261-1","axe":"LGV","pk_ef":"26+077","pk_gc":"26+077","decalage":"19","commentair":null,"_sp_url":null,"_ph_url":"data/photos/pam/1123.jpg"},"geometry":{"type":"Point","coordinates":[0.6815885002124134,47.126690679809464]}},{"id":"624","type":"Feature","properties":{"libelle":"PAM-0258-2","axe":"LGV","pk_ef":"25+805","pk_gc":"25+805","decalage":"-17","commentair":null,"_sp_url":null,"_ph_url":"data/photos/pam/1124.jpg"},"geometry":{"type":"Point","coordinates":[0.681329579573413,47.12915928987365]}},{"id":"414","type":"Feature","properties":{"libelle":"PAM-0255-2","axe":"LGV","pk_ef":"25+487","pk_gc":"25+487","decalage":"-16","commentair":null,"_sp_url":null,"_ph_url":"data/photos/pam/1125.jpg"},"geometry":{"type":"Point","coordinates":[0.6814155897883457,47.13201355986036]}},{"id":"295","type":"Feature","properties":{"libelle":"PAM-0254-1","axe":"LGV","pk_ef":"25+437","pk_gc":"25+437","decalage":"33","commentair":null,"_sp_url":null,"_ph_url":"data/photos/pam/1126.jpg"},"geometry":{"type":"Point","coordinates":[0.6820586793669564,47.1324642503321]}},{"id":"185","type":"Feature","properties":{"libelle":"PAM-0252-1","axe":"LGV","pk_ef":"25+227","pk_gc":"25+227","decalage":"23","commentair":null,"_sp_url":null,"_ph_url":"data/photos/pam/1127.jpg"},"geometry":{"type":"Point","coordinates":[0.6818468398536115,47.134360589956074]}},{"id":"112","type":"Feature","properties":{"libelle":"PAM-0251-1","axe":"LGV","pk_ef":"25+082","pk_gc":"25+082","decalage":"17","commentair":null,"_sp_url":null,"_ph_url":"data/photos/pam/1128.jpg"},"geometry":{"type":"Point","coordinates":[0.6816721604002894,47.13566699979964]}},{"id":"833","type":"Feature","properties":{"libelle":"PAM-0250-2","axe":"LGV","pk_ef":"25+021","pk_gc":"25+021","decalage":"-17","commentair":null,"_sp_url":null,"_ph_url":"data/photos/pam/1129.jpg"},"geometry":{"type":"Point","coordinates":[0.6811751198897271,47.13619119025906]}},{"id":"90","type":"Feature","properties":{"libelle":"PAM-0306-1","axe":"LGV","pk_ef":"30+625","pk_gc":"30+625","decalage":"45","commentair":null,"_sp_url":null,"_ph_url":"data/photos/pam/1130.jpg"},"geometry":{"type":"Point","coordinates":[0.6582027993893234,47.08958625978484]}},{"id":"546","type":"Feature","properties":{"libelle":"PAM-0306-4","axe":"LGV","pk_ef":"30+607","pk_gc":"30+607","decalage":"-31","commentair":null,"_sp_url":null,"_ph_url":"data/photos/pam/1131.jpg"},"geometry":{"type":"Point","coordinates":[0.6576179197702158,47.0901723197467]}},{"id":"37","type":"Feature","properties":{"libelle":"PAM-0306-2","axe":"LGV","pk_ef":"30+604","pk_gc":"30+604","decalage":"-34","commentair":null,"_sp_url":null,"_ph_url":"data/photos/pam/1132.jpg"},"geometry":{"type":"Point","coordinates":[0.6576227299236093,47.09021271041084]}},{"id":"205","type":"Feature","properties":{"libelle":"PAM-0305-2","axe":"LGV","pk_ef":"30+456","pk_gc":"30+456","decalage":"-15","commentair":null,"_sp_url":null,"_ph_url":"data/photos/pam/1133.jpg"},"geometry":{"type":"Point","coordinates":[0.6590965500082488,47.091088939947014]}},{"id":"1017","type":"Feature","properties":{"libelle":"PAM-0297-2","axe":"LGV","pk_ef":"29+707","pk_gc":"29+707","decalage":"-53","commentair":null,"_sp_url":null,"_ph_url":"data/photos/pam/1134.jpg"},"geometry":{"type":"Point","coordinates":[0.6647582393954402,47.09658122975106]}},{"id":"705","type":"Feature","properties":{"libelle":"PAM-0206-2","axe":"LGV","pk_ef":"20+552","pk_gc":"20+552","decalage":"-24","commentair":null,"_sp_url":null,"_ph_url":"data/photos/pam/1135.jpg"},"geometry":{"type":"Point","coordinates":[0.6619088495730457,47.17386806999786]}},{"id":"1240","type":"Feature","properties":{"libelle":"PAM-0203-1","axe":"LGV","pk_ef":"20+341","pk_gc":"20+341","decalage":"17","commentair":null,"_sp_url":null,"_ph_url":"data/photos/pam/1136.jpg"},"geometry":{"type":"Point","coordinates":[0.6614367497202014,47.175774900385676]}},{"id":"580","type":"Feature","properties":{"libelle":"PAM-0200-2","axe":"LGV","pk_ef":"19+972","pk_gc":"19+972","decalage":"-29","commentair":null,"_sp_url":null,"_ph_url":"data/photos/pam/1137.jpg"},"geometry":{"type":"Point","coordinates":[0.6593332698194383,47.17880772976415]}},{"id":"892","type":"Feature","properties":{"libelle":"PAM-0197-1","axe":"LGV","pk_ef":"19+731","pk_gc":"19+731","decalage":"24","commentair":null,"_sp_url":null,"_ph_url":"data/photos/pam/1138.jpg"},"geometry":{"type":"Point","coordinates":[0.6591509004960519,47.18102420026469]}},{"id":"230","type":"Feature","properties":{"libelle":"PAM-0195-3","axe":"LGV","pk_ef":"19+504","pk_gc":"19+504","decalage":"19","commentair":null,"_sp_url":null,"_ph_url":"data/photos/pam/1139.jpg"},"geometry":{"type":"Point","coordinates":[0.6583813996435538,47.18298955034863]}},{"id":"1234","type":"Feature","properties":{"libelle":"PAM-0247-2","axe":"LGV","pk_ef":"24+689","pk_gc":"24+689","decalage":"-21","commentair":null,"_sp_url":null,"_ph_url":"data/photos/pam/1140.jpg"},"geometry":{"type":"Point","coordinates":[0.6806962201972533,47.13915933973526]}},{"id":"343","type":"Feature","properties":{"libelle":"PAM-0246-1","axe":"LGV","pk_ef":"24+625","pk_gc":"24+625","decalage":"19","commentair":null,"_sp_url":null,"_ph_url":"data/photos/pam/1141.jpg"},"geometry":{"type":"Point","coordinates":[0.681113799863331,47.13977093036444]}},{"id":"1261","type":"Feature","properties":{"libelle":"PAM-0230-1","axe":"LGV","pk_ef":"23+004","pk_gc":"23+004","decalage":"22","commentair":null,"_sp_url":null,"_ph_url":"data/photos/pam/1142.jpg"},"geometry":{"type":"Point","coordinates":[0.6759044104816314,47.15393368987359]}},{"id":"508","type":"Feature","properties":{"libelle":"PAM-0228-1","axe":"LGV","pk_ef":"22+792","pk_gc":"22+792","decalage":"13","commentair":null,"_sp_url":null,"_ph_url":"data/photos/pam/1143.jpg"},"geometry":{"type":"Point","coordinates":[0.674746420531724,47.15568053967975]}},{"id":"1095","type":"Feature","properties":{"libelle":"PAM-0225-4","axe":"LGV","pk_ef":"22+525","pk_gc":"22+525","decalage":"-22","commentair":null,"_sp_url":null,"_ph_url":"data/photos/pam/1144.jpg"},"geometry":{"type":"Point","coordinates":[0.6729044094986022,47.15774961966776]}},{"id":"740","type":"Feature","properties":{"libelle":"PAM-0225-2","axe":"LGV","pk_ef":"22+460","pk_gc":"22+460","decalage":"-23","commentair":null,"_sp_url":null,"_ph_url":"data/photos/pam/1145.jpg"},"geometry":{"type":"Point","coordinates":[0.6725213494879966,47.158280230203545]}},{"id":"852","type":"Feature","properties":{"libelle":"PAM-0225-1","axe":"LGV","pk_ef":"22+459","pk_gc":"22+459","decalage":"22","commentair":null,"_sp_url":null,"_ph_url":"data/photos/pam/1146.jpg"},"geometry":{"type":"Point","coordinates":[0.6730584598338223,47.15846100011027]}},{"id":"139","type":"Feature","properties":{"libelle":"PAM-0212-2","axe":"LGV","pk_ef":"21+204","pk_gc":"21+204","decalage":"-21","commentair":null,"_sp_url":null,"_ph_url":"data/photos/pam/1147.jpg"},"geometry":{"type":"Point","coordinates":[0.6654404395304507,47.168504039905415]}},{"id":"563","type":"Feature","properties":{"libelle":"PAM-0142-1","axe":"LGV","pk_ef":"14+152","pk_gc":"14+152","decalage":"24","commentair":null,"_sp_url":null,"_ph_url":"data/photos/pam/1148.jpg"},"geometry":{"type":"Point","coordinates":[0.6607978695085243,47.230839580394544]}},{"id":"1241","type":"Feature","properties":{"libelle":"PAM-0141-2","axe":"LGV","pk_ef":"14+137","pk_gc":"14+137","decalage":"-20","commentair":null,"_sp_url":null,"_ph_url":"data/photos/pam/1149.jpg"},"geometry":{"type":"Point","coordinates":[0.660236309391535,47.230996129919006]}},{"id":"582","type":"Feature","properties":{"libelle":"PAM-0195-1","axe":"LGV","pk_ef":"19+495","pk_gc":"19+495","decalage":"19","commentair":null,"_sp_url":null,"_ph_url":"data/photos/pam/1150.jpg"},"geometry":{"type":"Point","coordinates":[0.6583554402507742,47.183067800404864]}},{"id":"891","type":"Feature","properties":{"libelle":"PAM-0193-3","axe":"LGV","pk_ef":"19+335","pk_gc":"19+335","decalage":"16","commentair":null,"_sp_url":null,"_ph_url":"data/photos/pam/1151.jpg"},"geometry":{"type":"Point","coordinates":[0.657876290466006,47.18447330029375]}},{"id":"958","type":"Feature","properties":{"libelle":"PAM-0193-1","axe":"LGV","pk_ef":"19+325","pk_gc":"19+325","decalage":"16","commentair":null,"_sp_url":null,"_ph_url":"data/photos/pam/1152.jpg"},"geometry":{"type":"Point","coordinates":[0.6578511896006529,47.18455989975292]}},{"id":"549","type":"Feature","properties":{"libelle":"PAM-0193-2","axe":"LGV","pk_ef":"19+256","pk_gc":"19+256","decalage":"-20","commentair":null,"_sp_url":null,"_ph_url":"data/photos/pam/1153.jpg"},"geometry":{"type":"Point","coordinates":[0.6572032004840659,47.185109379686985]}},{"id":"1045","type":"Feature","properties":{"libelle":"PAM-0192-1","axe":"LGV","pk_ef":"19+219","pk_gc":"19+219","decalage":"18","commentair":null,"_sp_url":null,"_ph_url":"data/photos/pam/1154.jpg"},"geometry":{"type":"Point","coordinates":[0.6576157497658994,47.1854954097413]}},{"id":"475","type":"Feature","properties":{"libelle":"PAM-0186-2","axe":"LGV","pk_ef":"18+574","pk_gc":"18+574","decalage":"-20","commentair":null,"_sp_url":null,"_ph_url":"data/photos/pam/1155.jpg"},"geometry":{"type":"Point","coordinates":[0.655977200233394,47.19120211035112]}},{"id":"528","type":"Feature","properties":{"libelle":"PAM-0186-1","axe":"LGV","pk_ef":"18+564","pk_gc":"18+564","decalage":"13","commentair":null,"_sp_url":null,"_ph_url":"data/photos/pam/1156.jpg"},"geometry":{"type":"Point","coordinates":[0.6563985901066755,47.19131582991481]}},{"id":"918","type":"Feature","properties":{"libelle":"PAM-0185-1","axe":"LGV","pk_ef":"18+503","pk_gc":"18+503","decalage":"13","commentair":null,"_sp_url":null,"_ph_url":"data/photos/pam/1157.jpg"},"geometry":{"type":"Point","coordinates":[0.6563401694572362,47.19186352992219]}},{"id":"1084","type":"Feature","properties":{"libelle":"PAM-0177-2","axe":"LGV","pk_ef":"17+693","pk_gc":"17+693","decalage":"-21","commentair":null,"_sp_url":null,"_ph_url":"data/photos/pam/1158.jpg"},"geometry":{"type":"Point","coordinates":[0.6556878099972001,47.1991541301301]}},{"id":"104","type":"Feature","properties":{"libelle":"PAM-0176-1","axe":"LGV","pk_ef":"17+649","pk_gc":"17+649","decalage":"22","commentair":null,"_sp_url":null,"_ph_url":"data/photos/pam/1159.jpg"},"geometry":{"type":"Point","coordinates":[0.6562779398877057,47.19952907959864]}},{"id":"175","type":"Feature","properties":{"libelle":"PAM-0172-1","axe":"LGV","pk_ef":"17+204","pk_gc":"17+204","decalage":"23","commentair":null,"_sp_url":null,"_ph_url":"data/photos/pam/1160.jpg"},"geometry":{"type":"Point","coordinates":[0.6567585896789371,47.20350673036552]}},{"id":"266","type":"Feature","properties":{"libelle":"PAM-0168-1","axe":"LGV","pk_ef":"16+825","pk_gc":"16+825","decalage":"15","commentair":null,"_sp_url":null,"_ph_url":"data/photos/pam/1161.jpg"},"geometry":{"type":"Point","coordinates":[0.65728044049816,47.206899389563155]}},{"id":"639","type":"Feature","properties":{"libelle":"PAM-0167-2","axe":"LGV","pk_ef":"16+678","pk_gc":"16+678","decalage":"-16","commentair":null,"_sp_url":null,"_ph_url":"data/photos/pam/1162.jpg"},"geometry":{"type":"Point","coordinates":[0.6571282697549825,47.20824515998297]}},{"id":"781","type":"Feature","properties":{"libelle":"PAM-MS1-0055-1","axe":"MS1","pk_ef":"5+924","pk_gc":"5+523","decalage":"15","commentair":null,"_sp_url":null,"_ph_url":"data/photos/pam/1163.jpg"},"geometry":{"type":"Point","coordinates":[0.6576315905885576,47.208445859776866]}},{"id":"1130","type":"Feature","properties":{"libelle":"PAM-0163-2","axe":"LGV","pk_ef":"16+335","pk_gc":"16+335","decalage":"-32","commentair":null,"_sp_url":null,"_ph_url":"data/photos/pam/1164.jpg"},"geometry":{"type":"Point","coordinates":[0.6575031398025345,47.21132654022901]}},{"id":"551","type":"Feature","properties":{"libelle":"PAM-MS1-0046-1","axe":"MS1","pk_ef":"4+996","pk_gc":"4+595","decalage":"17","commentair":null,"_sp_url":null,"_ph_url":"data/photos/pam/1165.jpg"},"geometry":{"type":"Point","coordinates":[0.6598760901378339,47.21665884004688]}},{"id":"869","type":"Feature","properties":{"libelle":"PAM-MS2-0050-2","axe":"MS2","pk_ef":"4+987","pk_gc":"4+987","decalage":"-34","commentair":null,"_sp_url":null,"_ph_url":"data/photos/pam/1166.jpg"},"geometry":{"type":"Point","coordinates":[0.6584330901830656,47.21664258011874]}},{"id":"307","type":"Feature","properties":{"libelle":"PAM-MS2-0046-4","axe":"MS2","pk_ef":"4+598","pk_gc":"4+598","decalage":"-21","commentair":null,"_sp_url":null,"_ph_url":"data/photos/pam/1167.jpg"},"geometry":{"type":"Point","coordinates":[0.6590207899708659,47.22009874014925]}},{"id":"976","type":"Feature","properties":{"libelle":"PAM-MS2-0046-2","axe":"MS2","pk_ef":"4+586","pk_gc":"4+586","decalage":"-21","commentair":null,"_sp_url":null,"_ph_url":"data/photos/pam/1168.jpg"},"geometry":{"type":"Point","coordinates":[0.6590196800619202,47.22020945982501]}},{"id":"738","type":"Feature","properties":{"libelle":"PAM-MS2-0044-4","axe":"MS2","pk_ef":"4+394","pk_gc":"4+394","decalage":"-19","commentair":null,"_sp_url":null,"_ph_url":"data/photos/pam/1169.jpg"},"geometry":{"type":"Point","coordinates":[0.6589342998710547,47.221916049733984]}},{"id":"203","type":"Feature","properties":{"libelle":"PAM-MS2-0044-2","axe":"MS2","pk_ef":"4+361","pk_gc":"4+361","decalage":"-20","commentair":null,"_sp_url":null,"_ph_url":"data/photos/pam/1170.jpg"},"geometry":{"type":"Point","coordinates":[0.6588726506336039,47.222207020029636]}},{"id":"890","type":"Feature","properties":{"libelle":"PAM-MS1-0032-1","axe":"MS1","pk_ef":"3+623","pk_gc":"3+222","decalage":"14","commentair":null,"_sp_url":null,"_ph_url":"data/photos/pam/1171.jpg"},"geometry":{"type":"Point","coordinates":[0.656521119355429,47.228641829638896]}},{"id":"228","type":"Feature","properties":{"libelle":"PAM-MS2-0035-2","axe":"MS2","pk_ef":"3+541","pk_gc":"3+541","decalage":"-17","commentair":null,"_sp_url":null,"_ph_url":"data/photos/pam/1172.jpg"},"geometry":{"type":"Point","coordinates":[0.6555333394822684,47.22910242027184]}},{"id":"74","type":"Feature","properties":{"libelle":"PAM-MS1-0030-1","axe":"MS1","pk_ef":"3+376","pk_gc":"2+975","decalage":"22","commentair":null,"_sp_url":null,"_ph_url":"data/photos/pam/1173.jpg"},"geometry":{"type":"Point","coordinates":[0.6548660303440366,47.23056805993574]}},{"id":"326","type":"Feature","properties":{"libelle":"PAM-MS2-0033-2","axe":"MS2","pk_ef":"3+304","pk_gc":"3+304","decalage":"-34","commentair":null,"_sp_url":null,"_ph_url":"data/photos/pam/1174.jpg"},"geometry":{"type":"Point","coordinates":[0.6536833593429316,47.2308211300896]}},{"id":"287","type":"Feature","properties":{"libelle":"PAM-MS1-0029-1","axe":"MS1","pk_ef":"3+338","pk_gc":"2+937","decalage":"25","commentair":null,"_sp_url":null,"_ph_url":"data/photos/pam/1175.jpg"},"geometry":{"type":"Point","coordinates":[0.6546286006256936,47.230867599651205]}},{"id":"380","type":"Feature","properties":{"libelle":"PAM-MS2-0026-2","axe":"MS2","pk_ef":"2+561","pk_gc":"2+561","decalage":"-39","commentair":null,"_sp_url":null,"_ph_url":"data/photos/pam/1176.jpg"},"geometry":{"type":"Point","coordinates":[0.6483117693707341,47.236434890308026]}},{"id":"1048","type":"Feature","properties":{"libelle":"PAM-MS1-0020-1","axe":"MS1","pk_ef":"2+438","pk_gc":"2+037","decalage":"25","commentair":null,"_sp_url":null,"_ph_url":"data/photos/pam/1177.jpg"},"geometry":{"type":"Point","coordinates":[0.6484145196474972,47.2377360603633]}},{"id":"978","type":"Feature","properties":{"libelle":"PAM-MS1-0014-2","axe":"MS1","pk_ef":"1+823","pk_gc":"1+422","decalage":"-18","commentair":null,"_sp_url":null,"_ph_url":"data/photos/pam/1178.jpg"},"geometry":{"type":"Point","coordinates":[0.6456186804286657,47.2429151396768]}},{"id":"449","type":"Feature","properties":{"libelle":"PAM-MS2-0017-6","axe":"MS2","pk_ef":"1+748","pk_gc":"1+748","decalage":"-32","commentair":null,"_sp_url":null,"_ph_url":"data/photos/pam/1179.jpg"},"geometry":{"type":"Point","coordinates":[0.6447394194350142,47.24341945035707]}},{"id":"983","type":"Feature","properties":{"libelle":"PAM-0138-2","axe":"LGV","pk_ef":"13+775","pk_gc":"13+775","decalage":"-19","commentair":null,"_sp_url":null,"_ph_url":"data/photos/pam/1180.jpg"},"geometry":{"type":"Point","coordinates":[0.6606031595182845,47.234252179651016]}},{"id":"47","type":"Feature","properties":{"libelle":"PAM-0137-1","axe":"LGV","pk_ef":"13+682","pk_gc":"13+682","decalage":"14","commentair":null,"_sp_url":null,"_ph_url":"data/photos/pam/1181.jpg"},"geometry":{"type":"Point","coordinates":[0.6611725195391066,47.23505176960195]}},{"id":"504","type":"Feature","properties":{"libelle":"PAM-0130-1","axe":"LGV","pk_ef":"13+027","pk_gc":"13+027","decalage":"43","commentair":null,"_sp_url":null,"_ph_url":"data/photos/pam/1182.jpg"},"geometry":{"type":"Point","coordinates":[0.6629335196611322,47.240810099824024]}},{"id":"637","type":"Feature","properties":{"libelle":"PAM-0125-1","axe":"LGV","pk_ef":"12+456","pk_gc":"12+456","decalage":"35","commentair":null,"_sp_url":null,"_ph_url":"data/photos/pam/1183.jpg"},"geometry":{"type":"Point","coordinates":[0.6643107704357397,47.24586687976313]}},{"id":"258","type":"Feature","properties":{"libelle":"PAM-0125-2","axe":"LGV","pk_ef":"12+471","pk_gc":"12+471","decalage":"-29","commentair":null,"_sp_url":null,"_ph_url":"data/photos/pam/1184.jpg"},"geometry":{"type":"Point","coordinates":[0.6634389199432911,47.2458497098387]}},{"id":"170","type":"Feature","properties":{"libelle":"PAM-0119-1","axe":"LGV","pk_ef":"11+942","pk_gc":"11+942","decalage":"83","commentair":null,"_sp_url":null,"_ph_url":"data/photos/pam/1185.jpg"},"geometry":{"type":"Point","coordinates":[0.6662629998039395,47.250325279880975]}},{"id":"314","type":"Feature","properties":{"libelle":"PAM-0120-1","axe":"LGV","pk_ef":"11+950","pk_gc":"11+950","decalage":"18","commentair":"PAM Bassin","_sp_url":null,"_ph_url":"data/photos/pam/1186.jpg"},"geometry":{"type":"Point","coordinates":[0.6653945400698709,47.25036270995564]}},{"id":"484","type":"Feature","properties":{"libelle":"PAM-0118-1","axe":"LGV","pk_ef":"11+824","pk_gc":"11+824","decalage":"25","commentair":null,"_sp_url":null,"_ph_url":"data/photos/pam/1187.jpg"},"geometry":{"type":"Point","coordinates":[0.6658182998412796,47.25146304990673]}},{"id":"44","type":"Feature","properties":{"libelle":"PAM-0117-2","axe":"LGV","pk_ef":"11+660","pk_gc":"11+660","decalage":"-17","commentair":null,"_sp_url":null,"_ph_url":"data/photos/pam/1188.jpg"},"geometry":{"type":"Point","coordinates":[0.6656964800378067,47.252989589760276]}},{"id":"1121","type":"Feature","properties":{"libelle":"PAM-0116-6","axe":"LGV","pk_ef":"11+641","pk_gc":"11+641","decalage":"-9","commentair":null,"_sp_url":null,"_ph_url":"data/photos/pam/1189.jpg"},"geometry":{"type":"Point","coordinates":[0.6658541593683768,47.253137599751064]}},{"id":"631","type":"Feature","properties":{"libelle":"PAM-MS1-0014-1","axe":"MS1","pk_ef":"1+761","pk_gc":"1+360","decalage":"18","commentair":null,"_sp_url":null,"_ph_url":"data/photos/pam/1190.jpg"},"geometry":{"type":"Point","coordinates":[0.646008019937676,47.24350556994644]}},{"id":"1172","type":"Feature","properties":{"libelle":"PAM-MS2-0017-4","axe":"MS2","pk_ef":"1+731","pk_gc":"1+731","decalage":"-29","commentair":null,"_sp_url":null,"_ph_url":"data/photos/pam/1191.jpg"},"geometry":{"type":"Point","coordinates":[0.644744890602379,47.24357349980668]}},{"id":"1201","type":"Feature","properties":{"libelle":"PAM-MS2-0017-2","axe":"MS2","pk_ef":"1+652","pk_gc":"1+652","decalage":"-34","commentair":null,"_sp_url":null,"_ph_url":"data/photos/pam/1192.jpg"},"geometry":{"type":"Point","coordinates":[0.6445699295628216,47.24428824978863]}},{"id":"478","type":"Feature","properties":{"libelle":"PAM-MS1-0002-1","axe":"MS1","pk_ef":"0+615","pk_gc":"0+214","decalage":"25","commentair":null,"_sp_url":null,"_ph_url":"data/photos/pam/1193.jpg"},"geometry":{"type":"Point","coordinates":[0.6476841198435619,47.25367996997593]}},{"id":"830","type":"Feature","properties":{"libelle":"PAM-MS1-0000-1","axe":"MS1","pk_ef":"0+424","pk_gc":"0+023","decalage":"34","commentair":null,"_sp_url":null,"_ph_url":"data/photos/pam/1194.jpg"},"geometry":{"type":"Point","coordinates":[0.6482066800596199,47.25535726994426]}},{"id":"1009","type":"Feature","properties":{"libelle":"PAM-MS2-0001-2","axe":"MS2","pk_ef":"0+053","pk_gc":"0+053","decalage":"-27","commentair":null,"_sp_url":null,"_ph_url":"data/photos/pam/1195.jpg"},"geometry":{"type":"Point","coordinates":[0.6481696694965565,47.25848701968099]}},{"id":"1212","type":"Feature","properties":{"libelle":"PAM-0116-4","axe":"LGV","pk_ef":"11+591","pk_gc":"11+591","decalage":"-49","commentair":null,"_sp_url":null,"_ph_url":"data/photos/pam/1196.jpg"},"geometry":{"type":"Point","coordinates":[0.6654671498498875,47.25365432037055]}},{"id":"737","type":"Feature","properties":{"libelle":"PAM-0116-2","axe":"LGV","pk_ef":"11+552","pk_gc":"11+552","decalage":"-50","commentair":null,"_sp_url":null,"_ph_url":"data/photos/pam/1197.jpg"},"geometry":{"type":"Point","coordinates":[0.6655559898781144,47.254002090389655]}},{"id":"172","type":"Feature","properties":{"libelle":"PAM-0115-1","axe":"LGV","pk_ef":"11+512","pk_gc":"11+512","decalage":"20","commentair":null,"_sp_url":null,"_ph_url":"data/photos/pam/1198.jpg"},"geometry":{"type":"Point","coordinates":[0.6665689105730359,47.254229930191705]}},{"id":"1044","type":"Feature","properties":{"libelle":"PAM-0115-4","axe":"LGV","pk_ef":"11+513","pk_gc":"11+513","decalage":"-175","commentair":null,"_sp_url":null,"_ph_url":"data/photos/pam/1199.jpg"},"geometry":{"type":"Point","coordinates":[0.6640345604242452,47.254563440033664]}},{"id":"676","type":"Feature","properties":{"libelle":"PAM-0115-2","axe":"LGV","pk_ef":"11+477","pk_gc":"11+477","decalage":"-19","commentair":null,"_sp_url":null,"_ph_url":"data/photos/pam/1200.jpg"},"geometry":{"type":"Point","coordinates":[0.6661532897147552,47.25460704015953]}},{"id":"452","type":"Feature","properties":{"libelle":"PAM-0113-1","axe":"LGV","pk_ef":"11+281","pk_gc":"11+281","decalage":"19","commentair":null,"_sp_url":null,"_ph_url":"data/photos/pam/1201.jpg"},"geometry":{"type":"Point","coordinates":[0.6671531694022012,47.25626710976976]}},{"id":"1028","type":"Feature","properties":{"libelle":"PAM-0113-2","axe":"LGV","pk_ef":"11+271","pk_gc":"11+271","decalage":"-26","commentair":null,"_sp_url":null,"_ph_url":"data/photos/pam/1202.jpg"},"geometry":{"type":"Point","coordinates":[0.6665939498410357,47.25643435022111]}},{"id":"1014","type":"Feature","properties":{"libelle":"PAM-0112-2","axe":"LGV","pk_ef":"11+167","pk_gc":"11+167","decalage":"-124","commentair":null,"_sp_url":null,"_ph_url":"data/photos/pam/1203.jpg"},"geometry":{"type":"Point","coordinates":[0.6655976499450711,47.257535929801996]}},{"id":"975","type":"Feature","properties":{"libelle":"PAM-0111-4","axe":"LGV","pk_ef":"11+128","pk_gc":"11+128","decalage":"-191","commentair":null,"_sp_url":null,"_ph_url":"data/photos/pam/1204.jpg"},"geometry":{"type":"Point","coordinates":[0.6648411498510163,47.25801229982847]}},{"id":"556","type":"Feature","properties":{"libelle":"PAM-0111-2","axe":"LGV","pk_ef":"11+060","pk_gc":"11+060","decalage":"-25","commentair":null,"_sp_url":null,"_ph_url":"data/photos/pam/1205.jpg"},"geometry":{"type":"Point","coordinates":[0.6671818501285994,47.258299189569605]}},{"id":"1230","type":"Feature","properties":{"libelle":"PAM-0110-1","axe":"LGV","pk_ef":"11+032","pk_gc":"11+032","decalage":"36","commentair":null,"_sp_url":null,"_ph_url":"data/photos/pam/1206.jpg"},"geometry":{"type":"Point","coordinates":[0.6680450399081851,47.25842652018516]}},{"id":"769","type":"Feature","properties":{"libelle":"PAM-0110-4","axe":"LGV","pk_ef":"11+045","pk_gc":"11+045","decalage":"-51","commentair":null,"_sp_url":null,"_ph_url":"data/photos/pam/1207.jpg"},"geometry":{"type":"Point","coordinates":[0.6668819103975376,47.258480530040444]}},{"id":"271","type":"Feature","properties":{"libelle":"PAM-0110-2","axe":"LGV","pk_ef":"10+980","pk_gc":"10+980","decalage":"-29","commentair":null,"_sp_url":null,"_ph_url":"data/photos/pam/1208.jpg"},"geometry":{"type":"Point","coordinates":[0.667365550065401,47.25901178978191]}},{"id":"495","type":"Feature","properties":{"libelle":"PAM-0109-2","axe":"LGV","pk_ef":"10+921","pk_gc":"10+921","decalage":"-26","commentair":null,"_sp_url":null,"_ph_url":"data/photos/pam/1209.jpg"},"geometry":{"type":"Point","coordinates":[0.6675906502981561,47.25952783986793]}},{"id":"171","type":"Feature","properties":{"libelle":"PAM-0090-3","axe":"LGV","pk_ef":"9+041","pk_gc":"9+041","decalage":"68","commentair":null,"_sp_url":null,"_ph_url":"data/photos/pam/1210.jpg"},"geometry":{"type":"Point","coordinates":[0.6782088193561736,47.27479518004394]}},{"id":"667","type":"Feature","properties":{"libelle":"PAM-0090-1","axe":"LGV","pk_ef":"9+008","pk_gc":"9+008","decalage":"40","commentair":null,"_sp_url":null,"_ph_url":"data/photos/pam/1211.jpg"},"geometry":{"type":"Point","coordinates":[0.678062479794634,47.27517666016734]}},{"id":"199","type":"Feature","properties":{"libelle":"PAM-0089-1","axe":"LGV","pk_ef":"8+935","pk_gc":"8+935","decalage":"57","commentair":null,"_sp_url":null,"_ph_url":"data/photos/pam/1212.jpg"},"geometry":{"type":"Point","coordinates":[0.6786865399955424,47.27571487989642]}},{"id":"590","type":"Feature","properties":{"libelle":"PAM-0087-1","axe":"LGV","pk_ef":"8+736","pk_gc":"8+736","decalage":"65","commentair":null,"_sp_url":null,"_ph_url":"data/photos/pam/1213.jpg"},"geometry":{"type":"Point","coordinates":[0.679848239910981,47.27733967966815]}},{"id":"403","type":"Feature","properties":{"libelle":"PAM-0086-2","axe":"LGV","pk_ef":"8+627","pk_gc":"8+627","decalage":"-35","commentair":null,"_sp_url":null,"_ph_url":"data/photos/pam/1214.jpg"},"geometry":{"type":"Point","coordinates":[0.6791788605896621,47.27859456992222]}},{"id":"945","type":"Feature","properties":{"libelle":"PAM-0081-2","axe":"LGV","pk_ef":"8+135","pk_gc":"8+135","decalage":"-43","commentair":null,"_sp_url":null,"_ph_url":"data/photos/pam/1215.jpg"},"geometry":{"type":"Point","coordinates":[0.681335899916297,47.282756669756594]}},{"id":"73","type":"Feature","properties":{"libelle":"PAM-0075-2","axe":"LGV","pk_ef":"7+497","pk_gc":"7+497","decalage":"-29","commentair":null,"_sp_url":null,"_ph_url":"data/photos/pam/1216.jpg"},"geometry":{"type":"Point","coordinates":[0.6845230996612508,47.288097449822914]}},{"id":"240","type":"Feature","properties":{"libelle":"PAM-0074-1","axe":"LGV","pk_ef":"7+431","pk_gc":"7+431","decalage":"32","commentair":null,"_sp_url":null,"_ph_url":"data/photos/pam/1217.jpg"},"geometry":{"type":"Point","coordinates":[0.6856203600487797,47.28842028967036]}},{"id":"404","type":"Feature","properties":{"libelle":"PAM-0067-2","axe":"LGV","pk_ef":"6+726","pk_gc":"6+726","decalage":"-30","commentair":null,"_sp_url":null,"_ph_url":"data/photos/pam/1218.jpg"},"geometry":{"type":"Point","coordinates":[0.6895070601243012,47.294203720104264]}},{"id":"347","type":"Feature","properties":{"libelle":"PAM-0062-2","axe":"LGV","pk_ef":"6+209","pk_gc":"6+209","decalage":"-31","commentair":null,"_sp_url":null,"_ph_url":"data/photos/pam/1219.jpg"},"geometry":{"type":"Point","coordinates":[0.6937730095030251,47.29788402990455]}},{"id":"605","type":"Feature","properties":{"libelle":"PAM-0059-1","axe":"LGV","pk_ef":"5+916","pk_gc":"5+916","decalage":"47","commentair":null,"_sp_url":null,"_ph_url":"data/photos/pam/1220.jpg"},"geometry":{"type":"Point","coordinates":[0.6972090897658061,47.299272440191125]}},{"id":"681","type":"Feature","properties":{"libelle":"PAM-0056-2","axe":"LGV","pk_ef":"5+556","pk_gc":"5+556","decalage":"-53","commentair":null,"_sp_url":null,"_ph_url":"data/photos/pam/1221.jpg"},"geometry":{"type":"Point","coordinates":[0.7000077704807169,47.302050159818116]}},{"id":"1176","type":"Feature","properties":{"libelle":"PAM-0049-3","axe":"LGV","pk_ef":"4+943","pk_gc":"4+943","decalage":"39","commentair":null,"_sp_url":null,"_ph_url":"data/photos/pam/1222.jpg"},"geometry":{"type":"Point","coordinates":[0.7075579698095743,47.304255979635826]}},{"id":"160","type":"Feature","properties":{"libelle":"PAM-0049-5","axe":"LGV","pk_ef":"4+944","pk_gc":"4+944","decalage":"16","commentair":null,"_sp_url":null,"_ph_url":"data/photos/pam/1223.jpg"},"geometry":{"type":"Point","coordinates":[0.7074080093827406,47.304434139655335]}},{"id":"814","type":"Feature","properties":{"libelle":"PAM-0050-2","axe":"LGV","pk_ef":"4+998","pk_gc":"4+998","decalage":"-15","commentair":null,"_sp_url":null,"_ph_url":"data/photos/pam/1224.jpg"},"geometry":{"type":"Point","coordinates":[0.7065800499475847,47.30445097029473]}},{"id":"368","type":"Feature","properties":{"libelle":"PAM-0049-1","axe":"LGV","pk_ef":"4+893","pk_gc":"4+893","decalage":"14","commentair":null,"_sp_url":null,"_ph_url":"data/photos/pam/1225.jpg"},"geometry":{"type":"Point","coordinates":[0.7079873096457495,47.304659249926395]}},{"id":"1140","type":"Feature","properties":{"libelle":"PAM-0049-2","axe":"LGV","pk_ef":"4+925","pk_gc":"4+925","decalage":"-13","commentair":null,"_sp_url":null,"_ph_url":"data/photos/pam/1226.jpg"},"geometry":{"type":"Point","coordinates":[0.7074426399641792,47.30474408955837]}},{"id":"1147","type":"Feature","properties":{"libelle":"PAM-0047-1","axe":"LGV","pk_ef":"4+740","pk_gc":"4+740","decalage":"43","commentair":null,"_sp_url":null,"_ph_url":"data/photos/pam/1227.jpg"},"geometry":{"type":"Point","coordinates":[0.7099566796777821,47.30507218037216]}},{"id":"1096","type":"Feature","properties":{"libelle":"PAM-0047-3","axe":"LGV","pk_ef":"4+746","pk_gc":"4+746","decalage":"34","commentair":null,"_sp_url":null,"_ph_url":"data/photos/pam/1228.jpg"},"geometry":{"type":"Point","coordinates":[0.7098406695979269,47.30511949983032]}},{"id":"439","type":"Feature","properties":{"libelle":"PAM-0044-2","axe":"LGV","pk_ef":"4+400","pk_gc":"4+400","decalage":"-25","commentair":null,"_sp_url":null,"_ph_url":"data/photos/pam/1229.jpg"},"geometry":{"type":"Point","coordinates":[0.7134944698815073,47.307056540281586]}},{"id":"526","type":"Feature","properties":{"libelle":"PAM-0043-2","axe":"LGV","pk_ef":"4+306","pk_gc":"4+306","decalage":"-111","commentair":null,"_sp_url":null,"_ph_url":"data/photos/pam/1230.jpg"},"geometry":{"type":"Point","coordinates":[0.7139699399126589,47.308149889636]}},{"id":"1079","type":"Feature","properties":{"libelle":"PAM-0039-2","axe":"LGV","pk_ef":"3+916","pk_gc":"3+916","decalage":"-36","commentair":null,"_sp_url":null,"_ph_url":"data/photos/pam/1231.jpg"},"geometry":{"type":"Point","coordinates":[0.7186827506212258,47.30954627989802]}},{"id":"102","type":"Feature","properties":{"libelle":"PAM-0037-3","axe":"LGV","pk_ef":"3+688","pk_gc":"3+688","decalage":"62","commentair":null,"_sp_url":null,"_ph_url":"data/photos/pam/1232.jpg"},"geometry":{"type":"Point","coordinates":[0.7218272596058588,47.31020602979382]}},{"id":"226","type":"Feature","properties":{"libelle":"PAM-0037-1","axe":"LGV","pk_ef":"3+663","pk_gc":"3+663","decalage":"33","commentair":null,"_sp_url":null,"_ph_url":"data/photos/pam/1233.jpg"},"geometry":{"type":"Point","coordinates":[0.7218233204695484,47.310551420447325]}},{"id":"973","type":"Feature","properties":{"libelle":"PAM-0037-2","axe":"LGV","pk_ef":"3+660","pk_gc":"3+660","decalage":"-24","commentair":null,"_sp_url":null,"_ph_url":"data/photos/pam/1234.jpg"},"geometry":{"type":"Point","coordinates":[0.7213394200161787,47.31094400991815]}},{"id":"520","type":"Feature","properties":{"libelle":"PAM-0036-1","axe":"LGV","pk_ef":"3+592","pk_gc":"3+592","decalage":"35","commentair":null,"_sp_url":null,"_ph_url":"data/photos/pam/1235.jpg"},"geometry":{"type":"Point","coordinates":[0.7225333801403659,47.31097816988704]}},{"id":"6","type":"Feature","properties":{"libelle":"PAM-0030-1","axe":"LGV","pk_ef":"3+010","pk_gc":"3+010","decalage":"37","commentair":null,"_sp_url":null,"_ph_url":"data/photos/pam/1236.jpg"},"geometry":{"type":"Point","coordinates":[0.7276781195458889,47.31493963983931]}},{"id":"1089","type":"Feature","properties":{"libelle":"PAM-0030-4","axe":"LGV","pk_ef":"3+024","pk_gc":"3+024","decalage":"-37","commentair":null,"_sp_url":null,"_ph_url":"data/photos/pam/1237.jpg"},"geometry":{"type":"Point","coordinates":[0.7267720004109122,47.31523676043933]}},{"id":"772","type":"Feature","properties":{"libelle":"PAM-0030-2","axe":"LGV","pk_ef":"2+986","pk_gc":"2+986","decalage":"-49","commentair":null,"_sp_url":null,"_ph_url":"data/photos/pam/1238.jpg"},"geometry":{"type":"Point","coordinates":[0.7269467000432478,47.31557431040902]}},{"id":"840","type":"Feature","properties":{"libelle":"PAM-0026-1","axe":"LGV","pk_ef":"2+560","pk_gc":"2+560","decalage":"32","commentair":null,"_sp_url":null,"_ph_url":"data/photos/pam/1239.jpg"},"geometry":{"type":"Point","coordinates":[0.7308561702717941,47.31840260973291]}},{"id":"1091","type":"Feature","properties":{"libelle":"PAM-0026-2","axe":"LGV","pk_ef":"2+589","pk_gc":"2+589","decalage":"-26","commentair":null,"_sp_url":null,"_ph_url":"data/photos/pam/1240.jpg"},"geometry":{"type":"Point","coordinates":[0.7299999600786564,47.31844125996322]}},{"id":"688","type":"Feature","properties":{"libelle":"PAM-0019-4","axe":"LGV","pk_ef":"1+917","pk_gc":"1+917","decalage":"-41","commentair":null,"_sp_url":null,"_ph_url":"data/photos/pam/1241.jpg"},"geometry":{"type":"Point","coordinates":[0.7343195504940767,47.32374206969284]}},{"id":"1259","type":"Feature","properties":{"libelle":"PAM-0019-1","axe":"LGV","pk_ef":"1+859","pk_gc":"1+859","decalage":"34","commentair":null,"_sp_url":null,"_ph_url":"data/photos/pam/1242.jpg"},"geometry":{"type":"Point","coordinates":[0.7355670198949301,47.32382729024891]}},{"id":"492","type":"Feature","properties":{"libelle":"PAM-0019-2","axe":"LGV","pk_ef":"1+871","pk_gc":"1+871","decalage":"-32","commentair":null,"_sp_url":null,"_ph_url":"data/photos/pam/1243.jpg"},"geometry":{"type":"Point","coordinates":[0.7347462197999294,47.32405555979194]}},{"id":"1177","type":"Feature","properties":{"libelle":"PAM-0015-1","axe":"LGV","pk_ef":"1+529","pk_gc":"1+529","decalage":"54","commentair":null,"_sp_url":null,"_ph_url":"data/photos/pam/1244.jpg"},"geometry":{"type":"Point","coordinates":[0.7382152902123934,47.326161209887914]}},{"id":"1218","type":"Feature","properties":{"libelle":"PAM-0014-1","axe":"LGV","pk_ef":"1+351","pk_gc":"1+351","decalage":"36","commentair":null,"_sp_url":null,"_ph_url":"data/photos/pam/1245.jpg"},"geometry":{"type":"Point","coordinates":[0.7394411799662765,47.32751979016196]}},{"id":"999","type":"Feature","properties":{"libelle":"PAM-0013-2","axe":"LGV","pk_ef":"1+292","pk_gc":"1+292","decalage":"-31","commentair":null,"_sp_url":null,"_ph_url":"data/photos/pam/1246.jpg"},"geometry":{"type":"Point","coordinates":[0.7392380698759542,47.32830680040768]}},{"id":"485","type":"Feature","properties":{"libelle":"PAM-0012-3","axe":"LGV","pk_ef":"1+217","pk_gc":"1+217","decalage":"35","commentair":null,"_sp_url":null,"_ph_url":"data/photos/pam/1247.jpg"},"geometry":{"type":"Point","coordinates":[0.7405326294031171,47.32846744982976]}},{"id":"173","type":"Feature","properties":{"libelle":"PAM-0012-1","axe":"LGV","pk_ef":"1+213","pk_gc":"1+213","decalage":"33","commentair":"PAM Bassin","_sp_url":null,"_ph_url":"data/photos/pam/1248.jpg"},"geometry":{"type":"Point","coordinates":[0.7405499094789796,47.32851104991477]}},{"id":"984","type":"Feature","properties":{"libelle":"PAM-SA2-0005-2","axe":"SA2","pk_ef":"0+542","pk_gc":"0+542","decalage":"-23","commentair":null,"_sp_url":null,"_ph_url":"data/photos/pam/1249.jpg"},"geometry":{"type":"Point","coordinates":[0.7395659500715905,47.32900794961644]}},{"id":"55","type":"Feature","properties":{"libelle":"PAM-0010-3","axe":"LGV","pk_ef":"1+037","pk_gc":"1+037","decalage":"35","commentair":"PAM Bassin","_sp_url":null,"_ph_url":"data/photos/pam/1250.jpg"},"geometry":{"type":"Point","coordinates":[0.7420339002573286,47.329730170264455]}},{"id":"141","type":"Feature","properties":{"libelle":"PAM-0011-1","axe":"LGV","pk_ef":"1+051","pk_gc":"1+051","decalage":"19","commentair":"PAM Bassin","_sp_url":null,"_ph_url":"data/photos/pam/1251.jpg"},"geometry":{"type":"Point","coordinates":[0.7417486200699924,47.329730520172994]}},{"id":"1170","type":"Feature","properties":{"libelle":"PAM-SA2-0006-1","axe":"SA2","pk_ef":"0+586","pk_gc":"0+586","decalage":"50","commentair":null,"_sp_url":null,"_ph_url":"data/photos/pam/1252.jpg"},"geometry":{"type":"Point","coordinates":[0.7394106598483654,47.32976364028513]}},{"id":"832","type":"Feature","properties":{"libelle":"PAM-0010-1","axe":"LGV","pk_ef":"0+977","pk_gc":"0+977","decalage":"57","commentair":null,"_sp_url":null,"_ph_url":"data/photos/pam/1253.jpg"},"geometry":{"type":"Point","coordinates":[0.742745829480501,47.33003035017997]}}]}