{"type":"FeatureCollection","features":[{"id":"119","type":"Feature","properties":{"_pk_label":"PK 1+000","_voie":"RMS1"},"geometry":{"type":"Point","coordinates":[0.6465361027777783,47.250297172222204]}},{"id":"319","type":"Feature","properties":{"_pk_label":"PK 2+000","_voie":"RMS1"},"geometry":{"type":"Point","coordinates":[0.6462504444444447,47.24136560277779]}},{"id":"519","type":"Feature","properties":{"_pk_label":"PK 3+000","_voie":"RMS1"},"geometry":{"type":"Point","coordinates":[0.6519277333333335,47.233304772222205]}},{"id":"719","type":"Feature","properties":{"_pk_label":"PK 4+000","_voie":"RMS1"},"geometry":{"type":"Point","coordinates":[0.6584892722222221,47.225516061111094]}},{"id":"919","type":"Feature","properties":{"_pk_label":"PK 5+000","_voie":"RMS1"},"geometry":{"type":"Point","coordinates":[0.6596454472222223,47.21664650833329]}},{"id":"1119","type":"Feature","properties":{"_pk_label":"PK 6+000","_voie":"RMS1"},"geometry":{"type":"Point","coordinates":[0.6572862388888906,47.20779263888888]}},{"id":"1134","type":"Feature","properties":{"_pk_label":"PK 0+000","_voie":"RMS2"},"geometry":{"type":"Point","coordinates":[0.6486418583333333,47.258910980555584]}},{"id":"1338","type":"Feature","properties":{"_pk_label":"PK 1+000","_voie":"RMS2"},"geometry":{"type":"Point","coordinates":[0.6457084361111117,47.25013759999999]}},{"id":"1539","type":"Feature","properties":{"_pk_label":"PK 2+000","_voie":"RMS2"},"geometry":{"type":"Point","coordinates":[0.6458204361111108,47.24123332777779]}},{"id":"1739","type":"Feature","properties":{"_pk_label":"PK 3+000","_voie":"RMS2"},"geometry":{"type":"Point","coordinates":[0.6518831805555564,47.23328539166668]}},{"id":"1939","type":"Feature","properties":{"_pk_label":"PK 4+000","_voie":"RMS2"},"geometry":{"type":"Point","coordinates":[0.6581693722222229,47.22540686944439]}},{"id":"2139","type":"Feature","properties":{"_pk_label":"PK 5+000","_voie":"RMS2"},"geometry":{"type":"Point","coordinates":[0.6588541305555565,47.21649583888889]}},{"id":"2193","type":"Feature","properties":{"_pk_label":"PK 0+000","_voie":"RCA1"},"geometry":{"type":"Point","coordinates":[0.5924229138888887,47.02451681944439]}},{"id":"2396","type":"Feature","properties":{"_pk_label":"PK 1+000","_voie":"RCA1"},"geometry":{"type":"Point","coordinates":[0.5869868361111109,47.0327099722222]}},{"id":"2596","type":"Feature","properties":{"_pk_label":"PK 2+000","_voie":"RCA1"},"geometry":{"type":"Point","coordinates":[0.5862581166666677,47.04159617499999]}},{"id":"2796","type":"Feature","properties":{"_pk_label":"PK 3+000","_voie":"RCA1"},"geometry":{"type":"Point","coordinates":[0.592144630555556,47.0495351833333]}},{"id":"2996","type":"Feature","properties":{"_pk_label":"PK 4+000","_voie":"RCA1"},"geometry":{"type":"Point","coordinates":[0.6010894222222223,47.0561445777778]}},{"id":"3141","type":"Feature","properties":{"_pk_label":"PK 1+000","_voie":"RCA2"},"geometry":{"type":"Point","coordinates":[0.5869187444444449,47.0326867083333]}},{"id":"3341","type":"Feature","properties":{"_pk_label":"PK 2+000","_voie":"RCA2"},"geometry":{"type":"Point","coordinates":[0.5859693277777784,47.041593675]}},{"id":"3541","type":"Feature","properties":{"_pk_label":"PK 3+000","_voie":"RCA2"},"geometry":{"type":"Point","coordinates":[0.5908573694444439,47.04970150555561]}},{"id":"3737","type":"Feature","properties":{"_pk_label":"PK 0+000","_voie":"RMA1"},"geometry":{"type":"Point","coordinates":[0.3495085222222215,46.6083100305556]}},{"id":"3940","type":"Feature","properties":{"_pk_label":"PK 1+000","_voie":"RMA1"},"geometry":{"type":"Point","coordinates":[0.3529496083333335,46.61698195833328]}},{"id":"4141","type":"Feature","properties":{"_pk_label":"PK 2+000","_voie":"RMA1"},"geometry":{"type":"Point","coordinates":[0.35113739722222187,46.6258732805556]}},{"id":"4341","type":"Feature","properties":{"_pk_label":"PK 3+000","_voie":"RMA1"},"geometry":{"type":"Point","coordinates":[0.3491756083333343,46.634764355555596]}},{"id":"4541","type":"Feature","properties":{"_pk_label":"PK 4+000","_voie":"RMA1"},"geometry":{"type":"Point","coordinates":[0.3507907972222224,46.64365275555561]}},{"id":"4741","type":"Feature","properties":{"_pk_label":"PK 5+000","_voie":"RMA1"},"geometry":{"type":"Point","coordinates":[0.35356910555555643,46.65241951388889]}},{"id":"4941","type":"Feature","properties":{"_pk_label":"PK 6+000","_voie":"RMA1"},"geometry":{"type":"Point","coordinates":[0.354487072222223,46.66140152222219]}},{"id":"5131","type":"Feature","properties":{"_pk_label":"PK 1+000","_voie":"RMA2"},"geometry":{"type":"Point","coordinates":[0.3522048888888886,46.61697034166669]}},{"id":"5331","type":"Feature","properties":{"_pk_label":"PK 2+000","_voie":"RMA2"},"geometry":{"type":"Point","coordinates":[0.35108596944444376,46.62586678611111]}},{"id":"5531","type":"Feature","properties":{"_pk_label":"PK 3+000","_voie":"RMA2"},"geometry":{"type":"Point","coordinates":[0.3491233611111108,46.6347628972222]}},{"id":"5731","type":"Feature","properties":{"_pk_label":"PK 4+000","_voie":"RMA2"},"geometry":{"type":"Point","coordinates":[0.3507406055555573,46.64366289166669]}},{"id":"5931","type":"Feature","properties":{"_pk_label":"PK 5+000","_voie":"RMA2"},"geometry":{"type":"Point","coordinates":[0.35312641111111154,46.6524665638889]}},{"id":"6132","type":"Feature","properties":{"_pk_label":"PK 6+000","_voie":"RMA2"},"geometry":{"type":"Point","coordinates":[0.3540831555555569,46.6614308694444]}},{"id":"6288","type":"Feature","properties":{"_pk_label":"PK 0+000","_voie":"RFN1"},"geometry":{"type":"Point","coordinates":[0.21470080833333413,46.49906001666669]}},{"id":"6492","type":"Feature","properties":{"_pk_label":"PK 1+000","_voie":"RFN1"},"geometry":{"type":"Point","coordinates":[0.22407040833333472,46.5052917888889]}},{"id":"6693","type":"Feature","properties":{"_pk_label":"PK 2+000","_voie":"RFN1"},"geometry":{"type":"Point","coordinates":[0.2335273444444451,46.51126728055562]}},{"id":"6894","type":"Feature","properties":{"_pk_label":"PK 3+000","_voie":"RFN1"},"geometry":{"type":"Point","coordinates":[0.23802416388888878,46.51971625833329]}},{"id":"7094","type":"Feature","properties":{"_pk_label":"PK 4+000","_voie":"RFN1"},"geometry":{"type":"Point","coordinates":[0.24247497222222192,46.5281801861111]}},{"id":"7254","type":"Feature","properties":{"_pk_label":"PK 1+000","_voie":"RFN2"},"geometry":{"type":"Point","coordinates":[0.22394567500000115,46.50535778055559]}},{"id":"7456","type":"Feature","properties":{"_pk_label":"PK 2+000","_voie":"RFN2"},"geometry":{"type":"Point","coordinates":[0.2329223472222223,46.5116083944444]}},{"id":"7506","type":"Feature","properties":{"_pk_label":"PK 0+000","_voie":"RFS1"},"geometry":{"type":"Point","coordinates":[0.2465991583333333,46.5147691583333]}},{"id":"7708","type":"Feature","properties":{"_pk_label":"PK 1+000","_voie":"RFS1"},"geometry":{"type":"Point","coordinates":[0.23613700000000049,46.5093995333333]}},{"id":"7908","type":"Feature","properties":{"_pk_label":"PK 2+000","_voie":"RFS1"},"geometry":{"type":"Point","coordinates":[0.2283193527777779,46.50226734999999]}},{"id":"8109","type":"Feature","properties":{"_pk_label":"PK 3+000","_voie":"RFS1"},"geometry":{"type":"Point","coordinates":[0.22318001111111196,46.4939921388889]}},{"id":"8197","type":"Feature","properties":{"_pk_label":"PK 0+000","_voie":"RFS2"},"geometry":{"type":"Point","coordinates":[0.24770262777777857,46.51528994722219]}},{"id":"8403","type":"Feature","properties":{"_pk_label":"PK 1+000","_voie":"RFS2"},"geometry":{"type":"Point","coordinates":[0.2364063194444444,46.5108138194444]}},{"id":"8603","type":"Feature","properties":{"_pk_label":"PK 2+000","_voie":"RFS2"},"geometry":{"type":"Point","coordinates":[0.22838288055555717,46.503763605555605]}},{"id":"8803","type":"Feature","properties":{"_pk_label":"PK 3+000","_voie":"RFS2"},"geometry":{"type":"Point","coordinates":[0.22329142222222204,46.49551849722221]}},{"id":"9003","type":"Feature","properties":{"_pk_label":"PK 4+000","_voie":"RFS2"},"geometry":{"type":"Point","coordinates":[0.21901891388888853,46.4870137472222]}},{"id":"9004","type":"Feature","properties":{"_pk_label":"PK 0+000","_voie":"RJ2"},"geometry":{"type":"Point","coordinates":[0.12084375833333423,45.904650822222195]}},{"id":"9207","type":"Feature","properties":{"_pk_label":"PK 1+000","_voie":"RJ2"},"geometry":{"type":"Point","coordinates":[0.12507708055555605,45.91311409722219]}},{"id":"9408","type":"Feature","properties":{"_pk_label":"PK 2+000","_voie":"RJ2"},"geometry":{"type":"Point","coordinates":[0.12660846388889008,45.92204873333328]}},{"id":"9698","type":"Feature","properties":{"_pk_label":"PK 1+000","_voie":"RV1"},"geometry":{"type":"Point","coordinates":[0.11497131666666685,45.8339048333333]}},{"id":"9898","type":"Feature","properties":{"_pk_label":"PK 2+000","_voie":"RV1"},"geometry":{"type":"Point","coordinates":[0.10934751111111049,45.84193983888891]}},{"id":"10098","type":"Feature","properties":{"_pk_label":"PK 3+000","_voie":"RV1"},"geometry":{"type":"Point","coordinates":[0.10864358055555626,45.85087130555559]}},{"id":"10298","type":"Feature","properties":{"_pk_label":"PK 4+000","_voie":"RV1"},"geometry":{"type":"Point","coordinates":[0.11207545833333246,45.85954060000004]}},{"id":"10350","type":"Feature","properties":{"_pk_label":"PK 0+000","_voie":"RCO1"},"geometry":{"type":"Point","coordinates":[0.09956795833333301,45.601161458333316]}},{"id":"10553","type":"Feature","properties":{"_pk_label":"PK 1+000","_voie":"RCO1"},"geometry":{"type":"Point","coordinates":[0.09519547222222315,45.592787655555576]}},{"id":"10753","type":"Feature","properties":{"_pk_label":"PK 2+000","_voie":"RCO1"},"geometry":{"type":"Point","coordinates":[0.08428405833333358,45.588200555555595]}},{"id":"10955","type":"Feature","properties":{"_pk_label":"PK 3+000","_voie":"RCO1"},"geometry":{"type":"Point","coordinates":[0.07351943611111197,45.58339663611111]}},{"id":"11155","type":"Feature","properties":{"_pk_label":"PK 4+000","_voie":"RCO1"},"geometry":{"type":"Point","coordinates":[0.06652039722222293,45.5759381]}},{"id":"11357","type":"Feature","properties":{"_pk_label":"PK 5+000","_voie":"RCO1"},"geometry":{"type":"Point","coordinates":[0.0643647138888894,45.5671028666667]}},{"id":"11663","type":"Feature","properties":{"_pk_label":"PK 1+000","_voie":"RCO2"},"geometry":{"type":"Point","coordinates":[0.09483711388888937,45.59310887222219]}},{"id":"11863","type":"Feature","properties":{"_pk_label":"PK 2+000","_voie":"RCO2"},"geometry":{"type":"Point","coordinates":[0.08426056666666763,45.58823458888889]}},{"id":"12065","type":"Feature","properties":{"_pk_label":"PK 3+000","_voie":"RCO2"},"geometry":{"type":"Point","coordinates":[0.07320848611111168,45.583731077777806]}},{"id":"12265","type":"Feature","properties":{"_pk_label":"PK 4+000","_voie":"RCO2"},"geometry":{"type":"Point","coordinates":[0.06573137500000027,45.576513413888904]}},{"id":"12465","type":"Feature","properties":{"_pk_label":"PK 5+000","_voie":"RCO2"},"geometry":{"type":"Point","coordinates":[0.06359268333333401,45.567714086111096]}},{"id":"12609","type":"Feature","properties":{"_pk_label":"PK 0+000","_voie":"LGV1"},"geometry":{"type":"Point","coordinates":[0.7503055110000001,47.33718616]}},{"id":"12809","type":"Feature","properties":{"_pk_label":"PK 1+000","_voie":"LGV1"},"geometry":{"type":"Point","coordinates":[0.7419971030000005,47.33017768]}},{"id":"13009","type":"Feature","properties":{"_pk_label":"PK 2+000","_voie":"LGV1"},"geometry":{"type":"Point","coordinates":[0.7342417580000007,47.32289780999999]}},{"id":"13209","type":"Feature","properties":{"_pk_label":"PK 3+000","_voie":"LGV1"},"geometry":{"type":"Point","coordinates":[0.7273827330000009,47.31520028]}},{"id":"13409","type":"Feature","properties":{"_pk_label":"PK 4+000","_voie":"LGV1"},"geometry":{"type":"Point","coordinates":[0.7181060810000014,47.3088182]}},{"id":"13609","type":"Feature","properties":{"_pk_label":"PK 5+000","_voie":"LGV1"},"geometry":{"type":"Point","coordinates":[0.7066653000000006,47.304308289999994]}},{"id":"13809","type":"Feature","properties":{"_pk_label":"PK 6+000","_voie":"LGV1"},"geometry":{"type":"Point","coordinates":[0.6960016499999998,47.29904314000001]}},{"id":"14009","type":"Feature","properties":{"_pk_label":"PK 7+000","_voie":"LGV1"},"geometry":{"type":"Point","coordinates":[0.6878992580000004,47.29196237000001]}},{"id":"14209","type":"Feature","properties":{"_pk_label":"PK 8+000","_voie":"LGV1"},"geometry":{"type":"Point","coordinates":[0.682511625,47.28376207000001]}},{"id":"14409","type":"Feature","properties":{"_pk_label":"PK 9+000","_voie":"LGV1"},"geometry":{"type":"Point","coordinates":[0.6776597690000015,47.27538936]}},{"id":"14609","type":"Feature","properties":{"_pk_label":"PK 10+000","_voie":"LGV1"},"geometry":{"type":"Point","coordinates":[0.6718465109999998,47.267305029999996]}},{"id":"14809","type":"Feature","properties":{"_pk_label":"PK 11+000","_voie":"LGV1"},"geometry":{"type":"Point","coordinates":[0.6677032310000004,47.25877236000001]}},{"id":"15009","type":"Feature","properties":{"_pk_label":"PK 12+000","_voie":"LGV1"},"geometry":{"type":"Point","coordinates":[0.6650656780000002,47.24995163]}},{"id":"15209","type":"Feature","properties":{"_pk_label":"PK 13+000","_voie":"LGV1"},"geometry":{"type":"Point","coordinates":[0.6624722690000004,47.24112393]}},{"id":"15410","type":"Feature","properties":{"_pk_label":"PK 14+000","_voie":"LGV1"},"geometry":{"type":"Point","coordinates":[0.6606340110000001,47.23221861000002]}},{"id":"15610","type":"Feature","properties":{"_pk_label":"PK 15+000","_voie":"LGV1"},"geometry":{"type":"Point","coordinates":[0.6599601860000003,47.22322802]}},{"id":"15811","type":"Feature","properties":{"_pk_label":"PK 16+000","_voie":"LGV1"},"geometry":{"type":"Point","coordinates":[0.658531831,47.214279430000005]}},{"id":"16011","type":"Feature","properties":{"_pk_label":"PK 17+000","_voie":"LGV1"},"geometry":{"type":"Point","coordinates":[0.6568164610000009,47.20535289]}},{"id":"16211","type":"Feature","properties":{"_pk_label":"PK 18+000","_voie":"LGV1"},"geometry":{"type":"Point","coordinates":[0.6559229140000005,47.19638087]}},{"id":"16411","type":"Feature","properties":{"_pk_label":"PK 19+000","_voie":"LGV1"},"geometry":{"type":"Point","coordinates":[0.6569334720000007,47.18741538]}},{"id":"16611","type":"Feature","properties":{"_pk_label":"PK 20+000","_voie":"LGV1"},"geometry":{"type":"Point","coordinates":[0.6598390080000005,47.17864443999999]}},{"id":"16811","type":"Feature","properties":{"_pk_label":"PK 21+000","_voie":"LGV1"},"geometry":{"type":"Point","coordinates":[0.664574903,47.17025207000001]}},{"id":"17011","type":"Feature","properties":{"_pk_label":"PK 22+000","_voie":"LGV1"},"geometry":{"type":"Point","coordinates":[0.6702289080000003,47.162116960000006]}},{"id":"17212","type":"Feature","properties":{"_pk_label":"PK 23+000","_voie":"LGV1"},"geometry":{"type":"Point","coordinates":[0.675637561,47.15390594]}},{"id":"17412","type":"Feature","properties":{"_pk_label":"PK 24+000","_voie":"LGV1"},"geometry":{"type":"Point","coordinates":[0.679455892,47.145293329999994]}},{"id":"17612","type":"Feature","properties":{"_pk_label":"PK 25+000","_voie":"LGV1"},"geometry":{"type":"Point","coordinates":[0.6814033809999994,47.13639398999999]}},{"id":"17812","type":"Feature","properties":{"_pk_label":"PK 26+000","_voie":"LGV1"},"geometry":{"type":"Point","coordinates":[0.6814395750000004,47.127396039999994]}},{"id":"18012","type":"Feature","properties":{"_pk_label":"PK 27+000","_voie":"LGV1"},"geometry":{"type":"Point","coordinates":[0.6795647690000003,47.11848952999999]}},{"id":"18212","type":"Feature","properties":{"_pk_label":"PK 28+000","_voie":"LGV1"},"geometry":{"type":"Point","coordinates":[0.6758194220000009,47.10986230999999]}},{"id":"18412","type":"Feature","properties":{"_pk_label":"PK 29+000","_voie":"LGV1"},"geometry":{"type":"Point","coordinates":[0.6702835470000006,47.10169658000001]}},{"id":"18612","type":"Feature","properties":{"_pk_label":"PK 30+000","_voie":"LGV1"},"geometry":{"type":"Point","coordinates":[0.6630745860000008,47.0941645]}},{"id":"18812","type":"Feature","properties":{"_pk_label":"PK 31+000","_voie":"LGV1"},"geometry":{"type":"Point","coordinates":[0.6543452280000006,47.08742494]}},{"id":"19012","type":"Feature","properties":{"_pk_label":"PK 32+000","_voie":"LGV1"},"geometry":{"type":"Point","coordinates":[0.644280536,47.08161923000001]}},{"id":"19212","type":"Feature","properties":{"_pk_label":"PK 33+000","_voie":"LGV1"},"geometry":{"type":"Point","coordinates":[0.6335625060000003,47.076379729999985]}},{"id":"19413","type":"Feature","properties":{"_pk_label":"PK 34+000","_voie":"LGV1"},"geometry":{"type":"Point","coordinates":[0.6229843469999999,47.071016040000025]}},{"id":"19614","type":"Feature","properties":{"_pk_label":"PK 35+000","_voie":"LGV1"},"geometry":{"type":"Point","coordinates":[0.6133430860000005,47.06489083999998]}},{"id":"19814","type":"Feature","properties":{"_pk_label":"PK 36+000","_voie":"LGV1"},"geometry":{"type":"Point","coordinates":[0.6042302830000009,47.0583886]}},{"id":"20014","type":"Feature","properties":{"_pk_label":"PK 37+000","_voie":"LGV1"},"geometry":{"type":"Point","coordinates":[0.5951203610000007,47.05188510999999]}},{"id":"20214","type":"Feature","properties":{"_pk_label":"PK 38+000","_voie":"LGV1"},"geometry":{"type":"Point","coordinates":[0.5860821580000001,47.04533783000002]}},{"id":"20414","type":"Feature","properties":{"_pk_label":"PK 39+000","_voie":"LGV1"},"geometry":{"type":"Point","coordinates":[0.578152197,47.03816306]}},{"id":"20614","type":"Feature","properties":{"_pk_label":"PK 40+000","_voie":"LGV1"},"geometry":{"type":"Point","coordinates":[0.5718291189999998,47.03027801000002]}},{"id":"20814","type":"Feature","properties":{"_pk_label":"PK 41+000","_voie":"LGV1"},"geometry":{"type":"Point","coordinates":[0.5666602940000008,47.021998300000014]}},{"id":"21014","type":"Feature","properties":{"_pk_label":"PK 42+000","_voie":"LGV1"},"geometry":{"type":"Point","coordinates":[0.5615339280000012,47.0137056]}},{"id":"21214","type":"Feature","properties":{"_pk_label":"PK 43+000","_voie":"LGV1"},"geometry":{"type":"Point","coordinates":[0.555915272,47.00556838999999]}},{"id":"21414","type":"Feature","properties":{"_pk_label":"PK 44+000","_voie":"LGV1"},"geometry":{"type":"Point","coordinates":[0.5484718310000002,46.99815234000002]}},{"id":"21614","type":"Feature","properties":{"_pk_label":"PK 45+000","_voie":"LGV1"},"geometry":{"type":"Point","coordinates":[0.5395476920000011,46.99153712]}},{"id":"21814","type":"Feature","properties":{"_pk_label":"PK 46+000","_voie":"LGV1"},"geometry":{"type":"Point","coordinates":[0.5302080810000009,46.98519753999998]}},{"id":"22014","type":"Feature","properties":{"_pk_label":"PK 47+000","_voie":"LGV1"},"geometry":{"type":"Point","coordinates":[0.5198613250000007,46.97964214999999]}},{"id":"22214","type":"Feature","properties":{"_pk_label":"PK 48+000","_voie":"LGV1"},"geometry":{"type":"Point","coordinates":[0.5088576390000005,46.97470763999999]}},{"id":"22414","type":"Feature","properties":{"_pk_label":"PK 49+000","_voie":"LGV1"},"geometry":{"type":"Point","coordinates":[0.49783586899999993,46.96979397000002]}},{"id":"22614","type":"Feature","properties":{"_pk_label":"PK 50+000","_voie":"LGV1"},"geometry":{"type":"Point","coordinates":[0.48735276100000136,46.96437415]}},{"id":"22814","type":"Feature","properties":{"_pk_label":"PK 51+000","_voie":"LGV1"},"geometry":{"type":"Point","coordinates":[0.4781176860000005,46.95797856]}},{"id":"23015","type":"Feature","properties":{"_pk_label":"PK 52+000","_voie":"LGV1"},"geometry":{"type":"Point","coordinates":[0.469529475000001,46.95116190999999]}},{"id":"23215","type":"Feature","properties":{"_pk_label":"PK 53+000","_voie":"LGV1"},"geometry":{"type":"Point","coordinates":[0.4619827440000006,46.943802690000005]}},{"id":"23415","type":"Feature","properties":{"_pk_label":"PK 54+000","_voie":"LGV1"},"geometry":{"type":"Point","coordinates":[0.4560750640000004,46.935771680000016]}},{"id":"23616","type":"Feature","properties":{"_pk_label":"PK 55+000","_voie":"LGV1"},"geometry":{"type":"Point","coordinates":[0.451251506,46.92739659]}},{"id":"23816","type":"Feature","properties":{"_pk_label":"PK 56+000","_voie":"LGV1"},"geometry":{"type":"Point","coordinates":[0.4452285500000009,46.91939993]}},{"id":"24017","type":"Feature","properties":{"_pk_label":"PK 57+000","_voie":"LGV1"},"geometry":{"type":"Point","coordinates":[0.43817404200000015,46.91180442999999]}},{"id":"24217","type":"Feature","properties":{"_pk_label":"PK 58+000","_voie":"LGV1"},"geometry":{"type":"Point","coordinates":[0.43218635600000055,46.903800280000006]}},{"id":"24417","type":"Feature","properties":{"_pk_label":"PK 59+000","_voie":"LGV1"},"geometry":{"type":"Point","coordinates":[0.42679838600000053,46.895588810000014]}},{"id":"24617","type":"Feature","properties":{"_pk_label":"PK 60+000","_voie":"LGV1"},"geometry":{"type":"Point","coordinates":[0.42141217800000086,46.887377070000014]}},{"id":"24817","type":"Feature","properties":{"_pk_label":"PK 61+000","_voie":"LGV1"},"geometry":{"type":"Point","coordinates":[0.4160276030000012,46.879165159999985]}},{"id":"25017","type":"Feature","properties":{"_pk_label":"PK 62+000","_voie":"LGV1"},"geometry":{"type":"Point","coordinates":[0.4106446610000011,46.87095288]}},{"id":"25217","type":"Feature","properties":{"_pk_label":"PK 63+000","_voie":"LGV1"},"geometry":{"type":"Point","coordinates":[0.40526322500000006,46.86274032999999]}},{"id":"25418","type":"Feature","properties":{"_pk_label":"PK 64+000","_voie":"LGV1"},"geometry":{"type":"Point","coordinates":[0.3994965560000004,46.85465316999999]}},{"id":"25618","type":"Feature","properties":{"_pk_label":"PK 65+000","_voie":"LGV1"},"geometry":{"type":"Point","coordinates":[0.393858969,46.84653021999999]}},{"id":"25818","type":"Feature","properties":{"_pk_label":"PK 66+000","_voie":"LGV1"},"geometry":{"type":"Point","coordinates":[0.38990949200000086,46.83795525999999]}},{"id":"26018","type":"Feature","properties":{"_pk_label":"PK 67+000","_voie":"LGV1"},"geometry":{"type":"Point","coordinates":[0.387813861000001,46.829078110000005]}},{"id":"26218","type":"Feature","properties":{"_pk_label":"PK 68+000","_voie":"LGV1"},"geometry":{"type":"Point","coordinates":[0.38754666099999996,46.820083880000006]}},{"id":"26418","type":"Feature","properties":{"_pk_label":"PK 69+000","_voie":"LGV1"},"geometry":{"type":"Point","coordinates":[0.38781868900000044,46.81108196999999]}},{"id":"26618","type":"Feature","properties":{"_pk_label":"PK 70+000","_voie":"LGV1"},"geometry":{"type":"Point","coordinates":[0.3880907610000003,46.80208004]}},{"id":"26819","type":"Feature","properties":{"_pk_label":"PK 71+000","_voie":"LGV1"},"geometry":{"type":"Point","coordinates":[0.3884744750000006,46.793081259999994]}},{"id":"27019","type":"Feature","properties":{"_pk_label":"PK 72+000","_voie":"LGV1"},"geometry":{"type":"Point","coordinates":[0.38974971900000027,46.784124070000004]}},{"id":"27220","type":"Feature","properties":{"_pk_label":"PK 73+000","_voie":"LGV1"},"geometry":{"type":"Point","coordinates":[0.39183384200000093,46.77523548999999]}},{"id":"27421","type":"Feature","properties":{"_pk_label":"PK 74+000","_voie":"LGV1"},"geometry":{"type":"Point","coordinates":[0.39377955600000036,46.766331830000006]}},{"id":"27622","type":"Feature","properties":{"_pk_label":"PK 75+000","_voie":"LGV1"},"geometry":{"type":"Point","coordinates":[0.39454423300000024,46.75734297000001]}},{"id":"27822","type":"Feature","properties":{"_pk_label":"PK 76+000","_voie":"LGV1"},"geometry":{"type":"Point","coordinates":[0.3941912779999999,46.74834721000002]}},{"id":"28022","type":"Feature","properties":{"_pk_label":"PK 77+000","_voie":"LGV1"},"geometry":{"type":"Point","coordinates":[0.39194781400000084,46.73948128000001]}},{"id":"28222","type":"Feature","properties":{"_pk_label":"PK 78+000","_voie":"LGV1"},"geometry":{"type":"Point","coordinates":[0.3878598530000001,46.73093242]}},{"id":"28422","type":"Feature","properties":{"_pk_label":"PK 79+000","_voie":"LGV1"},"geometry":{"type":"Point","coordinates":[0.3823016310000004,46.72278019999999]}},{"id":"28622","type":"Feature","properties":{"_pk_label":"PK 80+000","_voie":"LGV1"},"geometry":{"type":"Point","coordinates":[0.3765824560000002,46.71468065]}},{"id":"28824","type":"Feature","properties":{"_pk_label":"PK 81+000","_voie":"LGV1"},"geometry":{"type":"Point","coordinates":[0.37138318900000067,46.70642438]}},{"id":"29024","type":"Feature","properties":{"_pk_label":"PK 82+000","_voie":"LGV1"},"geometry":{"type":"Point","coordinates":[0.3667238639999998,46.698010130000014]}},{"id":"29224","type":"Feature","properties":{"_pk_label":"PK 83+000","_voie":"LGV1"},"geometry":{"type":"Point","coordinates":[0.3620658500000008,46.689595759999996]}},{"id":"29425","type":"Feature","properties":{"_pk_label":"PK 84+000","_voie":"LGV1"},"geometry":{"type":"Point","coordinates":[0.35804463100000133,46.681036889999994]}},{"id":"29625","type":"Feature","properties":{"_pk_label":"PK 85+000","_voie":"LGV1"},"geometry":{"type":"Point","coordinates":[0.3558358810000002,46.67217298000001]}},{"id":"29825","type":"Feature","properties":{"_pk_label":"PK 86+000","_voie":"LGV1"},"geometry":{"type":"Point","coordinates":[0.35469401100000053,46.663203419999995]}},{"id":"30026","type":"Feature","properties":{"_pk_label":"PK 87+000","_voie":"LGV1"},"geometry":{"type":"Point","coordinates":[0.353311606,46.65425071]}},{"id":"30227","type":"Feature","properties":{"_pk_label":"PK 88+000","_voie":"LGV1"},"geometry":{"type":"Point","coordinates":[0.35087876399999973,46.64540331999999]}},{"id":"30427","type":"Feature","properties":{"_pk_label":"PK 89+000","_voie":"LGV1"},"geometry":{"type":"Point","coordinates":[0.34764999700000043,46.63668264999999]}},{"id":"30627","type":"Feature","properties":{"_pk_label":"PK 90+000","_voie":"LGV1"},"geometry":{"type":"Point","coordinates":[0.34263831700000025,46.62837188999997]}},{"id":"30827","type":"Feature","properties":{"_pk_label":"PK 91+000","_voie":"LGV1"},"geometry":{"type":"Point","coordinates":[0.3359328560000002,46.620648979999984]}},{"id":"31027","type":"Feature","properties":{"_pk_label":"PK 92+000","_voie":"LGV1"},"geometry":{"type":"Point","coordinates":[0.32776039400000084,46.613626139999994]}},{"id":"31227","type":"Feature","properties":{"_pk_label":"PK 93+000","_voie":"LGV1"},"geometry":{"type":"Point","coordinates":[0.3192550030000012,46.60679080999999]}},{"id":"31427","type":"Feature","properties":{"_pk_label":"PK 94+000","_voie":"LGV1"},"geometry":{"type":"Point","coordinates":[0.3107517420000013,46.59995494]}},{"id":"31628","type":"Feature","properties":{"_pk_label":"PK 95+000","_voie":"LGV1"},"geometry":{"type":"Point","coordinates":[0.3022820750000006,46.593100790000015]}},{"id":"31828","type":"Feature","properties":{"_pk_label":"PK 96+000","_voie":"LGV1"},"geometry":{"type":"Point","coordinates":[0.2948179420000007,46.58572454000001]}},{"id":"32028","type":"Feature","properties":{"_pk_label":"PK 97+000","_voie":"LGV1"},"geometry":{"type":"Point","coordinates":[0.2880833360000003,46.57800969000001]}},{"id":"32228","type":"Feature","properties":{"_pk_label":"PK 98+000","_voie":"LGV1"},"geometry":{"type":"Point","coordinates":[0.2808126140000012,46.57053067999999]}},{"id":"32428","type":"Feature","properties":{"_pk_label":"PK 99+000","_voie":"LGV1"},"geometry":{"type":"Point","coordinates":[0.27325071400000045,46.563190530000014]}},{"id":"32628","type":"Feature","properties":{"_pk_label":"PK 100+000","_voie":"LGV1"},"geometry":{"type":"Point","coordinates":[0.2656907219999997,46.555849880000004]}},{"id":"32828","type":"Feature","properties":{"_pk_label":"PK 101+000","_voie":"LGV1"},"geometry":{"type":"Point","coordinates":[0.25813289700000086,46.54850870999999]}},{"id":"33028","type":"Feature","properties":{"_pk_label":"PK 102+000","_voie":"LGV1"},"geometry":{"type":"Point","coordinates":[0.2509429750000003,46.54100147999999]}},{"id":"33228","type":"Feature","properties":{"_pk_label":"PK 103+000","_voie":"LGV1"},"geometry":{"type":"Point","coordinates":[0.24519360800000017,46.53292867]}},{"id":"33428","type":"Feature","properties":{"_pk_label":"PK 104+000","_voie":"LGV1"},"geometry":{"type":"Point","coordinates":[0.24040993100000038,46.524551759999994]}},{"id":"33628","type":"Feature","properties":{"_pk_label":"PK 105+000","_voie":"LGV1"},"geometry":{"type":"Point","coordinates":[0.23564468100000016,46.516169640000015]}},{"id":"33828","type":"Feature","properties":{"_pk_label":"PK 106+000","_voie":"LGV1"},"geometry":{"type":"Point","coordinates":[0.2308808970000004,46.50778729999998]}},{"id":"34028","type":"Feature","properties":{"_pk_label":"PK 107+000","_voie":"LGV1"},"geometry":{"type":"Point","coordinates":[0.22611857800000085,46.499404760000004]}},{"id":"34228","type":"Feature","properties":{"_pk_label":"PK 108+000","_voie":"LGV1"},"geometry":{"type":"Point","coordinates":[0.22135772499999976,46.49102192000001]}},{"id":"34429","type":"Feature","properties":{"_pk_label":"PK 109+000","_voie":"LGV1"},"geometry":{"type":"Point","coordinates":[0.216621319000001,46.48263330000001]}},{"id":"34629","type":"Feature","properties":{"_pk_label":"PK 110+000","_voie":"LGV1"},"geometry":{"type":"Point","coordinates":[0.21270510000000087,46.474050819999995]}},{"id":"34829","type":"Feature","properties":{"_pk_label":"PK 111+000","_voie":"LGV1"},"geometry":{"type":"Point","coordinates":[0.21004986700000017,46.46524109999999]}},{"id":"35029","type":"Feature","properties":{"_pk_label":"PK 112+000","_voie":"LGV1"},"geometry":{"type":"Point","coordinates":[0.20868131400000176,46.45629208999999]}},{"id":"35230","type":"Feature","properties":{"_pk_label":"PK 113+000","_voie":"LGV1"},"geometry":{"type":"Point","coordinates":[0.20843179700000003,46.44729119999999]}},{"id":"35430","type":"Feature","properties":{"_pk_label":"PK 114+000","_voie":"LGV1"},"geometry":{"type":"Point","coordinates":[0.20833280800000065,46.43828686]}},{"id":"35630","type":"Feature","properties":{"_pk_label":"PK 115+000","_voie":"LGV1"},"geometry":{"type":"Point","coordinates":[0.20768578900000081,46.42929503999999]}},{"id":"35830","type":"Feature","properties":{"_pk_label":"PK 116+000","_voie":"LGV1"},"geometry":{"type":"Point","coordinates":[0.20575136400000021,46.42039217000001]}},{"id":"36030","type":"Feature","properties":{"_pk_label":"PK 117+000","_voie":"LGV1"},"geometry":{"type":"Point","coordinates":[0.20254213300000118,46.41166721]}},{"id":"36231","type":"Feature","properties":{"_pk_label":"PK 118+000","_voie":"LGV1"},"geometry":{"type":"Point","coordinates":[0.1984407860000012,46.40312077999999]}},{"id":"36431","type":"Feature","properties":{"_pk_label":"PK 119+000","_voie":"LGV1"},"geometry":{"type":"Point","coordinates":[0.19429932500000047,46.394584090000016]}},{"id":"36631","type":"Feature","properties":{"_pk_label":"PK 120+000","_voie":"LGV1"},"geometry":{"type":"Point","coordinates":[0.18934045800000068,46.38626412999999]}},{"id":"36831","type":"Feature","properties":{"_pk_label":"PK 121+000","_voie":"LGV1"},"geometry":{"type":"Point","coordinates":[0.18272620300000067,46.378514549999984]}},{"id":"37031","type":"Feature","properties":{"_pk_label":"PK 122+000","_voie":"LGV1"},"geometry":{"type":"Point","coordinates":[0.17553792500000054,46.371009279999996]}},{"id":"37232","type":"Feature","properties":{"_pk_label":"PK 123+000","_voie":"LGV1"},"geometry":{"type":"Point","coordinates":[0.1683838530000016,46.36348939999999]}},{"id":"37432","type":"Feature","properties":{"_pk_label":"PK 124+000","_voie":"LGV1"},"geometry":{"type":"Point","coordinates":[0.16178536699999985,46.35573315999999]}},{"id":"37632","type":"Feature","properties":{"_pk_label":"PK 125+000","_voie":"LGV1"},"geometry":{"type":"Point","coordinates":[0.15594939200000024,46.34768952]}},{"id":"37832","type":"Feature","properties":{"_pk_label":"PK 126+000","_voie":"LGV1"},"geometry":{"type":"Point","coordinates":[0.15090191900000102,46.339394289999994]}},{"id":"38032","type":"Feature","properties":{"_pk_label":"PK 127+000","_voie":"LGV1"},"geometry":{"type":"Point","coordinates":[0.14666493300000089,46.33088446]}},{"id":"38233","type":"Feature","properties":{"_pk_label":"PK 128+000","_voie":"LGV1"},"geometry":{"type":"Point","coordinates":[0.14311556100000142,46.32222291000001]}},{"id":"38433","type":"Feature","properties":{"_pk_label":"PK 129+000","_voie":"LGV1"},"geometry":{"type":"Point","coordinates":[0.13964172199999925,46.31354581000001]}},{"id":"38633","type":"Feature","properties":{"_pk_label":"PK 130+000","_voie":"LGV1"},"geometry":{"type":"Point","coordinates":[0.13661586900000028,46.30479367999999]}},{"id":"38833","type":"Feature","properties":{"_pk_label":"PK 131+000","_voie":"LGV1"},"geometry":{"type":"Point","coordinates":[0.13484773100000072,46.29587856]}},{"id":"39033","type":"Feature","properties":{"_pk_label":"PK 132+000","_voie":"LGV1"},"geometry":{"type":"Point","coordinates":[0.1343728030000009,46.28688556]}},{"id":"39233","type":"Feature","properties":{"_pk_label":"PK 133+000","_voie":"LGV1"},"geometry":{"type":"Point","coordinates":[0.1351952280000002,46.27790466]}},{"id":"39433","type":"Feature","properties":{"_pk_label":"PK 134+000","_voie":"LGV1"},"geometry":{"type":"Point","coordinates":[0.13716075800000088,46.26900604000001]}},{"id":"39633","type":"Feature","properties":{"_pk_label":"PK 135+000","_voie":"LGV1"},"geometry":{"type":"Point","coordinates":[0.13930569400000054,46.26012497000001]}},{"id":"39834","type":"Feature","properties":{"_pk_label":"PK 136+000","_voie":"LGV1"},"geometry":{"type":"Point","coordinates":[0.14101701699999983,46.25119909]}},{"id":"40034","type":"Feature","properties":{"_pk_label":"PK 137+000","_voie":"LGV1"},"geometry":{"type":"Point","coordinates":[0.14186725300000044,46.242213989999996]}},{"id":"40234","type":"Feature","properties":{"_pk_label":"PK 138+000","_voie":"LGV1"},"geometry":{"type":"Point","coordinates":[0.14185280000000072,46.23320949999999]}},{"id":"40434","type":"Feature","properties":{"_pk_label":"PK 139+000","_voie":"LGV1"},"geometry":{"type":"Point","coordinates":[0.14097406900000123,46.22422571]}},{"id":"40634","type":"Feature","properties":{"_pk_label":"PK 140+000","_voie":"LGV1"},"geometry":{"type":"Point","coordinates":[0.139235508000001,46.21530236]}},{"id":"40834","type":"Feature","properties":{"_pk_label":"PK 141+000","_voie":"LGV1"},"geometry":{"type":"Point","coordinates":[0.13664975800000004,46.20647864]}},{"id":"41034","type":"Feature","properties":{"_pk_label":"PK 142+000","_voie":"LGV1"},"geometry":{"type":"Point","coordinates":[0.1339496000000007,46.19767492999999]}},{"id":"41234","type":"Feature","properties":{"_pk_label":"PK 143+000","_voie":"LGV1"},"geometry":{"type":"Point","coordinates":[0.13284100000000026,46.18871369000001]}},{"id":"41434","type":"Feature","properties":{"_pk_label":"PK 144+000","_voie":"LGV1"},"geometry":{"type":"Point","coordinates":[0.1331071749999995,46.17971214000001]}},{"id":"41635","type":"Feature","properties":{"_pk_label":"PK 145+000","_voie":"LGV1"},"geometry":{"type":"Point","coordinates":[0.1334165000000017,46.17070960999999]}},{"id":"41836","type":"Feature","properties":{"_pk_label":"PK 146+000","_voie":"LGV1"},"geometry":{"type":"Point","coordinates":[0.13332319999999984,46.16170474999999]}},{"id":"42037","type":"Feature","properties":{"_pk_label":"PK 147+000","_voie":"LGV1"},"geometry":{"type":"Point","coordinates":[0.13302883900000056,46.15270229000001]}},{"id":"42238","type":"Feature","properties":{"_pk_label":"PK 148+000","_voie":"LGV1"},"geometry":{"type":"Point","coordinates":[0.1318563139999999,46.14373423]}},{"id":"42438","type":"Feature","properties":{"_pk_label":"PK 149+000","_voie":"LGV1"},"geometry":{"type":"Point","coordinates":[0.13057478600000103,46.13477348000001]}},{"id":"42638","type":"Feature","properties":{"_pk_label":"PK 150+000","_voie":"LGV1"},"geometry":{"type":"Point","coordinates":[0.12929367200000053,46.12581280000002]}},{"id":"42839","type":"Feature","properties":{"_pk_label":"PK 151+000","_voie":"LGV1"},"geometry":{"type":"Point","coordinates":[0.12801401699999998,46.11685204]}},{"id":"43040","type":"Feature","properties":{"_pk_label":"PK 152+000","_voie":"LGV1"},"geometry":{"type":"Point","coordinates":[0.12721813900000087,46.107866279999996]}},{"id":"43241","type":"Feature","properties":{"_pk_label":"PK 153+000","_voie":"LGV1"},"geometry":{"type":"Point","coordinates":[0.12599911400000083,46.09890241]}},{"id":"43442","type":"Feature","properties":{"_pk_label":"PK 154+000","_voie":"LGV1"},"geometry":{"type":"Point","coordinates":[0.12497152200000089,46.08993336000001]}},{"id":"43642","type":"Feature","properties":{"_pk_label":"PK 155+000","_voie":"LGV1"},"geometry":{"type":"Point","coordinates":[0.12564772800000015,46.08094828000001]}},{"id":"43842","type":"Feature","properties":{"_pk_label":"PK 156+000","_voie":"LGV1"},"geometry":{"type":"Point","coordinates":[0.12683673600000048,46.07198141000001]}},{"id":"44042","type":"Feature","properties":{"_pk_label":"PK 157+000","_voie":"LGV1"},"geometry":{"type":"Point","coordinates":[0.1276570720000012,46.06299501999999]}},{"id":"44242","type":"Feature","properties":{"_pk_label":"PK 158+000","_voie":"LGV1"},"geometry":{"type":"Point","coordinates":[0.12761871900000143,46.053990479999996]}},{"id":"44442","type":"Feature","properties":{"_pk_label":"PK 159+000","_voie":"LGV1"},"geometry":{"type":"Point","coordinates":[0.1269215920000002,46.04499833999999]}},{"id":"44642","type":"Feature","properties":{"_pk_label":"PK 160+000","_voie":"LGV1"},"geometry":{"type":"Point","coordinates":[0.12618136900000076,46.036008259999996]}},{"id":"44842","type":"Feature","properties":{"_pk_label":"PK 161+000","_voie":"LGV1"},"geometry":{"type":"Point","coordinates":[0.12544152200000025,46.02701807]}},{"id":"45042","type":"Feature","properties":{"_pk_label":"PK 162+000","_voie":"LGV1"},"geometry":{"type":"Point","coordinates":[0.12470178900000016,46.01802788]}},{"id":"45242","type":"Feature","properties":{"_pk_label":"PK 163+000","_voie":"LGV1"},"geometry":{"type":"Point","coordinates":[0.12396242200000107,46.00903778]}},{"id":"45442","type":"Feature","properties":{"_pk_label":"PK 164+000","_voie":"LGV1"},"geometry":{"type":"Point","coordinates":[0.12322317200000021,46.00004756999999]}},{"id":"45643","type":"Feature","properties":{"_pk_label":"PK 165+000","_voie":"LGV1"},"geometry":{"type":"Point","coordinates":[0.12249541900000054,45.99105718999999]}},{"id":"45843","type":"Feature","properties":{"_pk_label":"PK 166+000","_voie":"LGV1"},"geometry":{"type":"Point","coordinates":[0.12228977800000033,45.98205557]}},{"id":"46043","type":"Feature","properties":{"_pk_label":"PK 167+000","_voie":"LGV1"},"geometry":{"type":"Point","coordinates":[0.12231518300000048,45.973050619999995]}},{"id":"46243","type":"Feature","properties":{"_pk_label":"PK 168+000","_voie":"LGV1"},"geometry":{"type":"Point","coordinates":[0.12275195799999981,45.96405378999998]}},{"id":"46443","type":"Feature","properties":{"_pk_label":"PK 169+000","_voie":"LGV1"},"geometry":{"type":"Point","coordinates":[0.12362575799999906,45.95506959999999]}},{"id":"46643","type":"Feature","properties":{"_pk_label":"PK 170+000","_voie":"LGV1"},"geometry":{"type":"Point","coordinates":[0.12449979400000029,45.94608533]}},{"id":"46843","type":"Feature","properties":{"_pk_label":"PK 171+000","_voie":"LGV1"},"geometry":{"type":"Point","coordinates":[0.12537354400000061,45.93710105000001]}},{"id":"47043","type":"Feature","properties":{"_pk_label":"PK 172+000","_voie":"LGV1"},"geometry":{"type":"Point","coordinates":[0.12624700800000047,45.92811676000001]}},{"id":"47243","type":"Feature","properties":{"_pk_label":"PK 173+000","_voie":"LGV1"},"geometry":{"type":"Point","coordinates":[0.1271203169999998,45.919132469999994]}},{"id":"47443","type":"Feature","properties":{"_pk_label":"PK 174+000","_voie":"LGV1"},"geometry":{"type":"Point","coordinates":[0.12799321400000113,45.91014817]}},{"id":"47643","type":"Feature","properties":{"_pk_label":"PK 175+000","_voie":"LGV1"},"geometry":{"type":"Point","coordinates":[0.12851342199999977,45.90115257000002]}},{"id":"47843","type":"Feature","properties":{"_pk_label":"PK 176+000","_voie":"LGV1"},"geometry":{"type":"Point","coordinates":[0.12731330600000074,45.892191749999995]}},{"id":"48043","type":"Feature","properties":{"_pk_label":"PK 177+000","_voie":"LGV1"},"geometry":{"type":"Point","coordinates":[0.12426645000000007,45.88344687]}},{"id":"48244","type":"Feature","properties":{"_pk_label":"PK 178+000","_voie":"LGV1"},"geometry":{"type":"Point","coordinates":[0.11994804699999999,45.874961790000015]}},{"id":"48444","type":"Feature","properties":{"_pk_label":"PK 179+000","_voie":"LGV1"},"geometry":{"type":"Point","coordinates":[0.11557279700000125,45.86649137999999]}},{"id":"48644","type":"Feature","properties":{"_pk_label":"PK 180+000","_voie":"LGV1"},"geometry":{"type":"Point","coordinates":[0.11119888899999947,45.858020800000006]}},{"id":"48844","type":"Feature","properties":{"_pk_label":"PK 181+000","_voie":"LGV1"},"geometry":{"type":"Point","coordinates":[0.1072916110000001,45.84944581999999]}},{"id":"49044","type":"Feature","properties":{"_pk_label":"PK 182+000","_voie":"LGV1"},"geometry":{"type":"Point","coordinates":[0.10390550600000042,45.840757610000004]}},{"id":"49244","type":"Feature","properties":{"_pk_label":"PK 183+000","_voie":"LGV1"},"geometry":{"type":"Point","coordinates":[0.1009530470000005,45.83199372999999]}},{"id":"49444","type":"Feature","properties":{"_pk_label":"PK 184+000","_voie":"LGV1"},"geometry":{"type":"Point","coordinates":[0.0981120830000004,45.823210630000005]}},{"id":"49644","type":"Feature","properties":{"_pk_label":"PK 185+000","_voie":"LGV1"},"geometry":{"type":"Point","coordinates":[0.09527202800000054,45.81442737]}},{"id":"49844","type":"Feature","properties":{"_pk_label":"PK 186+000","_voie":"LGV1"},"geometry":{"type":"Point","coordinates":[0.0922243610000015,45.80567913]}},{"id":"50044","type":"Feature","properties":{"_pk_label":"PK 187+000","_voie":"LGV1"},"geometry":{"type":"Point","coordinates":[0.08752954400000167,45.79730107999999]}},{"id":"50244","type":"Feature","properties":{"_pk_label":"PK 188+000","_voie":"LGV1"},"geometry":{"type":"Point","coordinates":[0.08098810799999996,45.789552940000014]}},{"id":"50446","type":"Feature","properties":{"_pk_label":"PK 189+000","_voie":"LGV1"},"geometry":{"type":"Point","coordinates":[0.07315240300000034,45.78240895999999]}},{"id":"50646","type":"Feature","properties":{"_pk_label":"PK 190+000","_voie":"LGV1"},"geometry":{"type":"Point","coordinates":[0.06597566099999985,45.77494821000001]}},{"id":"50846","type":"Feature","properties":{"_pk_label":"PK 191+000","_voie":"LGV1"},"geometry":{"type":"Point","coordinates":[0.060531200000001124,45.766802489999996]}},{"id":"51046","type":"Feature","properties":{"_pk_label":"PK 192+000","_voie":"LGV1"},"geometry":{"type":"Point","coordinates":[0.05695830800000043,45.75816457999999]}},{"id":"51246","type":"Feature","properties":{"_pk_label":"PK 193+000","_voie":"LGV1"},"geometry":{"type":"Point","coordinates":[0.055342256000000804,45.74924342999999]}},{"id":"51446","type":"Feature","properties":{"_pk_label":"PK 194+000","_voie":"LGV1"},"geometry":{"type":"Point","coordinates":[0.055721208000000785,45.740254709999995]}},{"id":"51646","type":"Feature","properties":{"_pk_label":"PK 195+000","_voie":"LGV1"},"geometry":{"type":"Point","coordinates":[0.058023136000000336,45.73140453000001]}},{"id":"51846","type":"Feature","properties":{"_pk_label":"PK 196+000","_voie":"LGV1"},"geometry":{"type":"Point","coordinates":[0.0609104470000001,45.7226296]}},{"id":"52046","type":"Feature","properties":{"_pk_label":"PK 197+000","_voie":"LGV1"},"geometry":{"type":"Point","coordinates":[0.06379683600000041,45.71385469]}},{"id":"52246","type":"Feature","properties":{"_pk_label":"PK 198+000","_voie":"LGV1"},"geometry":{"type":"Point","coordinates":[0.06668231100000079,45.70507972]}},{"id":"52446","type":"Feature","properties":{"_pk_label":"PK 199+000","_voie":"LGV1"},"geometry":{"type":"Point","coordinates":[0.06956687800000112,45.69630459]}},{"id":"52646","type":"Feature","properties":{"_pk_label":"PK 200+000","_voie":"LGV1"},"geometry":{"type":"Point","coordinates":[0.07245052200000024,45.68752947999999]}},{"id":"52847","type":"Feature","properties":{"_pk_label":"PK 201+000","_voie":"LGV1"},"geometry":{"type":"Point","coordinates":[0.07468331399999995,45.678666679999985]}},{"id":"53047","type":"Feature","properties":{"_pk_label":"PK 202+000","_voie":"LGV1"},"geometry":{"type":"Point","coordinates":[0.07492553300000028,45.66966978999999]}},{"id":"53248","type":"Feature","properties":{"_pk_label":"PK 203+000","_voie":"LGV1"},"geometry":{"type":"Point","coordinates":[0.0732350080000009,45.66074676]}},{"id":"53448","type":"Feature","properties":{"_pk_label":"PK 204+000","_voie":"LGV1"},"geometry":{"type":"Point","coordinates":[0.0711034060000016,45.65186762999998]}},{"id":"53648","type":"Feature","properties":{"_pk_label":"PK 205+000","_voie":"LGV1"},"geometry":{"type":"Point","coordinates":[0.0703382890000005,45.64289239]}},{"id":"53848","type":"Feature","properties":{"_pk_label":"PK 206+000","_voie":"LGV1"},"geometry":{"type":"Point","coordinates":[0.07061116400000124,45.633889749999994]}},{"id":"54048","type":"Feature","properties":{"_pk_label":"PK 207+000","_voie":"LGV1"},"geometry":{"type":"Point","coordinates":[0.07027223100000034,45.62489263]}},{"id":"54248","type":"Feature","properties":{"_pk_label":"PK 208+000","_voie":"LGV1"},"geometry":{"type":"Point","coordinates":[0.0682888500000002,45.61599673999999]}},{"id":"54448","type":"Feature","properties":{"_pk_label":"PK 209+000","_voie":"LGV1"},"geometry":{"type":"Point","coordinates":[0.06640837800000085,45.607094489999994]}},{"id":"54648","type":"Feature","properties":{"_pk_label":"PK 210+000","_voie":"LGV1"},"geometry":{"type":"Point","coordinates":[0.06611792499999995,45.59809717999999]}},{"id":"54848","type":"Feature","properties":{"_pk_label":"PK 211+000","_voie":"LGV1"},"geometry":{"type":"Point","coordinates":[0.06601737800000178,45.58909267]}},{"id":"55049","type":"Feature","properties":{"_pk_label":"PK 212+000","_voie":"LGV1"},"geometry":{"type":"Point","coordinates":[0.0652897940000004,45.58010208]}},{"id":"55249","type":"Feature","properties":{"_pk_label":"PK 213+000","_voie":"LGV1"},"geometry":{"type":"Point","coordinates":[0.06454082800000069,45.571112719999995]}},{"id":"55449","type":"Feature","properties":{"_pk_label":"PK 214+000","_voie":"LGV1"},"geometry":{"type":"Point","coordinates":[0.06379210300000068,45.56212336999998]}},{"id":"55649","type":"Feature","properties":{"_pk_label":"PK 215+000","_voie":"LGV1"},"geometry":{"type":"Point","coordinates":[0.06283117200000092,45.55314469000001]}},{"id":"55850","type":"Feature","properties":{"_pk_label":"PK 216+000","_voie":"LGV1"},"geometry":{"type":"Point","coordinates":[0.06019290299999996,45.54433855]}},{"id":"56050","type":"Feature","properties":{"_pk_label":"PK 217+000","_voie":"LGV1"},"geometry":{"type":"Point","coordinates":[0.056788497000001756,45.53565743]}},{"id":"56251","type":"Feature","properties":{"_pk_label":"PK 218+000","_voie":"LGV1"},"geometry":{"type":"Point","coordinates":[0.054072661000000403,45.52686811]}},{"id":"56451","type":"Feature","properties":{"_pk_label":"PK 219+000","_voie":"LGV1"},"geometry":{"type":"Point","coordinates":[0.053342497000000565,45.51789096]}},{"id":"56652","type":"Feature","properties":{"_pk_label":"PK 220+000","_voie":"LGV1"},"geometry":{"type":"Point","coordinates":[0.05406075300000021,45.50890164999999]}},{"id":"56852","type":"Feature","properties":{"_pk_label":"PK 221+000","_voie":"LGV1"},"geometry":{"type":"Point","coordinates":[0.05458281899999992,45.49990575999999]}},{"id":"57052","type":"Feature","properties":{"_pk_label":"PK 222+000","_voie":"LGV1"},"geometry":{"type":"Point","coordinates":[0.053325831000000386,45.49095093999999]}},{"id":"57252","type":"Feature","properties":{"_pk_label":"PK 223+000","_voie":"LGV1"},"geometry":{"type":"Point","coordinates":[0.05005727500000048,45.48225133000002]}},{"id":"57452","type":"Feature","properties":{"_pk_label":"PK 224+000","_voie":"LGV1"},"geometry":{"type":"Point","coordinates":[0.04486138899999912,45.474028980000014]}},{"id":"57653","type":"Feature","properties":{"_pk_label":"PK 225+000","_voie":"LGV1"},"geometry":{"type":"Point","coordinates":[0.03838350600000029,45.46626271000001]}},{"id":"57854","type":"Feature","properties":{"_pk_label":"PK 226+000","_voie":"LGV1"},"geometry":{"type":"Point","coordinates":[0.03230533600000084,45.45834369]}},{"id":"58054","type":"Feature","properties":{"_pk_label":"PK 227+000","_voie":"LGV1"},"geometry":{"type":"Point","coordinates":[0.02654767500000048,45.45030240999999]}},{"id":"58254","type":"Feature","properties":{"_pk_label":"PK 228+000","_voie":"LGV1"},"geometry":{"type":"Point","coordinates":[0.020791808000000078,45.442260850000004]}},{"id":"58454","type":"Feature","properties":{"_pk_label":"PK 229+000","_voie":"LGV1"},"geometry":{"type":"Point","coordinates":[0.015037478000001334,45.434218990000005]}},{"id":"58654","type":"Feature","properties":{"_pk_label":"PK 230+000","_voie":"LGV1"},"geometry":{"type":"Point","coordinates":[0.009284817000000467,45.426176770000005]}},{"id":"58854","type":"Feature","properties":{"_pk_label":"PK 231+000","_voie":"LGV1"},"geometry":{"type":"Point","coordinates":[0.0034240890000002654,45.41817367999999]}},{"id":"59054","type":"Feature","properties":{"_pk_label":"PK 232+000","_voie":"LGV1"},"geometry":{"type":"Point","coordinates":[-0.002852907999999397,45.41032895]}},{"id":"59254","type":"Feature","properties":{"_pk_label":"PK 233+000","_voie":"LGV1"},"geometry":{"type":"Point","coordinates":[-0.00913389200000054,45.402486240000016]}},{"id":"59454","type":"Feature","properties":{"_pk_label":"PK 234+000","_voie":"LGV1"},"geometry":{"type":"Point","coordinates":[-0.015207021999999844,45.394567009999996]}},{"id":"59654","type":"Feature","properties":{"_pk_label":"PK 235+000","_voie":"LGV1"},"geometry":{"type":"Point","coordinates":[-0.020037413999999903,45.38623894]}},{"id":"59854","type":"Feature","properties":{"_pk_label":"PK 236+000","_voie":"LGV1"},"geometry":{"type":"Point","coordinates":[-0.02341684399999911,45.377563139999985]}},{"id":"60054","type":"Feature","properties":{"_pk_label":"PK 237+000","_voie":"LGV1"},"geometry":{"type":"Point","coordinates":[-0.02529749399999923,45.36866471]}},{"id":"60255","type":"Feature","properties":{"_pk_label":"PK 238+000","_voie":"LGV1"},"geometry":{"type":"Point","coordinates":[-0.025916135999999396,45.35967283999999]}},{"id":"60457","type":"Feature","properties":{"_pk_label":"PK 239+000","_voie":"LGV1"},"geometry":{"type":"Point","coordinates":[-0.026489132999999533,45.35067725999999]}},{"id":"60657","type":"Feature","properties":{"_pk_label":"PK 240+000","_voie":"LGV1"},"geometry":{"type":"Point","coordinates":[-0.028409191999999826,45.34177969000001]}},{"id":"60857","type":"Feature","properties":{"_pk_label":"PK 241+000","_voie":"LGV1"},"geometry":{"type":"Point","coordinates":[-0.03207005799999976,45.33315815]}},{"id":"61057","type":"Feature","properties":{"_pk_label":"PK 242+000","_voie":"LGV1"},"geometry":{"type":"Point","coordinates":[-0.03739943599999992,45.32498094]}},{"id":"61257","type":"Feature","properties":{"_pk_label":"PK 243+000","_voie":"LGV1"},"geometry":{"type":"Point","coordinates":[-0.04428574400000025,45.317404669999995]}},{"id":"61457","type":"Feature","properties":{"_pk_label":"PK 244+000","_voie":"LGV1"},"geometry":{"type":"Point","coordinates":[-0.05183736399999943,45.31014580000001]}},{"id":"61657","type":"Feature","properties":{"_pk_label":"PK 245+000","_voie":"LGV1"},"geometry":{"type":"Point","coordinates":[-0.059711038999999425,45.303062110000006]}},{"id":"61857","type":"Feature","properties":{"_pk_label":"PK 246+000","_voie":"LGV1"},"geometry":{"type":"Point","coordinates":[-0.06860493599999934,45.296609279999984]}},{"id":"62058","type":"Feature","properties":{"_pk_label":"PK 247+000","_voie":"LGV1"},"geometry":{"type":"Point","coordinates":[-0.07811975599999975,45.290610780000016]}},{"id":"62258","type":"Feature","properties":{"_pk_label":"PK 248+000","_voie":"LGV1"},"geometry":{"type":"Point","coordinates":[-0.08764536699999936,45.284622030000016]}},{"id":"62459","type":"Feature","properties":{"_pk_label":"PK 249+000","_voie":"LGV1"},"geometry":{"type":"Point","coordinates":[-0.09712371399999921,45.27859741000001]}},{"id":"62659","type":"Feature","properties":{"_pk_label":"PK 250+000","_voie":"LGV1"},"geometry":{"type":"Point","coordinates":[-0.10653033899999922,45.27251724999999]}},{"id":"62859","type":"Feature","properties":{"_pk_label":"PK 251+000","_voie":"LGV1"},"geometry":{"type":"Point","coordinates":[-0.11593478299999956,45.26643622000001]}},{"id":"63059","type":"Feature","properties":{"_pk_label":"PK 252+000","_voie":"LGV1"},"geometry":{"type":"Point","coordinates":[-0.12491784200000011,45.26005992999999]}},{"id":"63259","type":"Feature","properties":{"_pk_label":"PK 253+000","_voie":"LGV1"},"geometry":{"type":"Point","coordinates":[-0.13231509400000047,45.25274393000001]}},{"id":"63459","type":"Feature","properties":{"_pk_label":"PK 254+000","_voie":"LGV1"},"geometry":{"type":"Point","coordinates":[-0.13816384699999879,45.244748000000016]}},{"id":"63659","type":"Feature","properties":{"_pk_label":"PK 255+000","_voie":"LGV1"},"geometry":{"type":"Point","coordinates":[-0.14380721399999966,45.236674430000015]}},{"id":"63859","type":"Feature","properties":{"_pk_label":"PK 256+000","_voie":"LGV1"},"geometry":{"type":"Point","coordinates":[-0.14944894999999933,45.228600670000006]}},{"id":"64059","type":"Feature","properties":{"_pk_label":"PK 257+000","_voie":"LGV1"},"geometry":{"type":"Point","coordinates":[-0.15537566099999972,45.220632000000016]}},{"id":"64259","type":"Feature","properties":{"_pk_label":"PK 258+000","_voie":"LGV1"},"geometry":{"type":"Point","coordinates":[-0.1628467469999987,45.21334647]}},{"id":"64459","type":"Feature","properties":{"_pk_label":"PK 259+000","_voie":"LGV1"},"geometry":{"type":"Point","coordinates":[-0.1718626250000004,45.206994630000004]}},{"id":"64659","type":"Feature","properties":{"_pk_label":"PK 260+000","_voie":"LGV1"},"geometry":{"type":"Point","coordinates":[-0.1821929689999999,45.20173828000001]}},{"id":"64859","type":"Feature","properties":{"_pk_label":"PK 261+000","_voie":"LGV1"},"geometry":{"type":"Point","coordinates":[-0.19354039199999953,45.19765938000002]}},{"id":"65059","type":"Feature","properties":{"_pk_label":"PK 262+000","_voie":"LGV1"},"geometry":{"type":"Point","coordinates":[-0.20513497799999972,45.19393507999999]}},{"id":"65259","type":"Feature","properties":{"_pk_label":"PK 263+000","_voie":"LGV1"},"geometry":{"type":"Point","coordinates":[-0.21672802199999974,45.19020967]}},{"id":"65459","type":"Feature","properties":{"_pk_label":"PK 264+000","_voie":"LGV1"},"geometry":{"type":"Point","coordinates":[-0.22831951699999944,45.18648297]}},{"id":"65659","type":"Feature","properties":{"_pk_label":"PK 265+000","_voie":"LGV1"},"geometry":{"type":"Point","coordinates":[-0.2399094609999993,45.182755069999985]}},{"id":"65859","type":"Feature","properties":{"_pk_label":"PK 266+000","_voie":"LGV1"},"geometry":{"type":"Point","coordinates":[-0.25139448299999917,45.17887876]}},{"id":"66059","type":"Feature","properties":{"_pk_label":"PK 267+000","_voie":"LGV1"},"geometry":{"type":"Point","coordinates":[-0.26201441099999917,45.17393672]}},{"id":"66259","type":"Feature","properties":{"_pk_label":"PK 268+000","_voie":"LGV1"},"geometry":{"type":"Point","coordinates":[-0.27138353599999965,45.16786029]}},{"id":"66459","type":"Feature","properties":{"_pk_label":"PK 269+000","_voie":"LGV1"},"geometry":{"type":"Point","coordinates":[-0.27926595299999973,45.16080659]}},{"id":"66660","type":"Feature","properties":{"_pk_label":"PK 270+000","_voie":"LGV1"},"geometry":{"type":"Point","coordinates":[-0.28632093099999967,45.15331302000002]}},{"id":"66860","type":"Feature","properties":{"_pk_label":"PK 271+000","_voie":"LGV1"},"geometry":{"type":"Point","coordinates":[-0.2937022559999996,45.14598207000002]}},{"id":"67060","type":"Feature","properties":{"_pk_label":"PK 272+000","_voie":"LGV1"},"geometry":{"type":"Point","coordinates":[-0.3025244059999994,45.13950308000001]}},{"id":"67260","type":"Feature","properties":{"_pk_label":"PK 273+000","_voie":"LGV1"},"geometry":{"type":"Point","coordinates":[-0.3126903669999987,45.13410063999999]}},{"id":"67460","type":"Feature","properties":{"_pk_label":"PK 274+000","_voie":"LGV1"},"geometry":{"type":"Point","coordinates":[-0.32368254699999915,45.12956875]}},{"id":"67660","type":"Feature","properties":{"_pk_label":"PK 275+000","_voie":"LGV1"},"geometry":{"type":"Point","coordinates":[-0.3346284889999999,45.124988439999996]}},{"id":"67860","type":"Feature","properties":{"_pk_label":"PK 276+000","_voie":"LGV1"},"geometry":{"type":"Point","coordinates":[-0.34463402499999946,45.119450849999986]}},{"id":"68060","type":"Feature","properties":{"_pk_label":"PK 277+000","_voie":"LGV1"},"geometry":{"type":"Point","coordinates":[-0.35326352500000036,45.11285468000001]}},{"id":"68260","type":"Feature","properties":{"_pk_label":"PK 278+000","_voie":"LGV1"},"geometry":{"type":"Point","coordinates":[-0.36029665800000005,45.10536885999999]}},{"id":"68461","type":"Feature","properties":{"_pk_label":"PK 279+000","_voie":"LGV1"},"geometry":{"type":"Point","coordinates":[-0.36619395799999965,45.09739298999999]}},{"id":"68661","type":"Feature","properties":{"_pk_label":"PK 280+000","_voie":"LGV1"},"geometry":{"type":"Point","coordinates":[-0.3721648809999986,45.08944402]}},{"id":"68861","type":"Feature","properties":{"_pk_label":"PK 281+000","_voie":"LGV1"},"geometry":{"type":"Point","coordinates":[-0.3785583889999998,45.08166193999999]}},{"id":"69062","type":"Feature","properties":{"_pk_label":"PK 282+000","_voie":"LGV1"},"geometry":{"type":"Point","coordinates":[-0.38532056900000017,45.074038310000006]}},{"id":"69262","type":"Feature","properties":{"_pk_label":"PK 283+000","_voie":"LGV1"},"geometry":{"type":"Point","coordinates":[-0.3913956059999993,45.066144249999994]}},{"id":"69462","type":"Feature","properties":{"_pk_label":"PK 284+000","_voie":"LGV1"},"geometry":{"type":"Point","coordinates":[-0.396445010999999,45.05788231999999]}},{"id":"69662","type":"Feature","properties":{"_pk_label":"PK 285+000","_voie":"LGV1"},"geometry":{"type":"Point","coordinates":[-0.4014822859999995,45.049616629999996]}},{"id":"69862","type":"Feature","properties":{"_pk_label":"PK 286+000","_voie":"LGV1"},"geometry":{"type":"Point","coordinates":[-0.4066436279999994,45.04138978]}},{"id":"70062","type":"Feature","properties":{"_pk_label":"PK 287+000","_voie":"LGV1"},"geometry":{"type":"Point","coordinates":[-0.41215167199999986,45.03327685000001]}},{"id":"70262","type":"Feature","properties":{"_pk_label":"PK 288+000","_voie":"LGV1"},"geometry":{"type":"Point","coordinates":[-0.4165207309999991,45.02484902]}},{"id":"70462","type":"Feature","properties":{"_pk_label":"PK 289+000","_voie":"LGV1"},"geometry":{"type":"Point","coordinates":[-0.4188973639999992,45.01600603000001]}},{"id":"70664","type":"Feature","properties":{"_pk_label":"PK 290+000","_voie":"LGV1"},"geometry":{"type":"Point","coordinates":[-0.4225285419999984,45.00739177999999]}},{"id":"70865","type":"Feature","properties":{"_pk_label":"PK 291+000","_voie":"LGV1"},"geometry":{"type":"Point","coordinates":[-0.42571375799999833,44.99870245999999]}},{"id":"71065","type":"Feature","properties":{"_pk_label":"PK 292+000","_voie":"LGV1"},"geometry":{"type":"Point","coordinates":[-0.42639144999999934,44.989717770000006]}},{"id":"71265","type":"Feature","properties":{"_pk_label":"PK 293+000","_voie":"LGV1"},"geometry":{"type":"Point","coordinates":[-0.4282865439999991,44.980832729999996]}},{"id":"71465","type":"Feature","properties":{"_pk_label":"PK 294+000","_voie":"LGV1"},"geometry":{"type":"Point","coordinates":[-0.43299520299999994,44.97248336]}},{"id":"71667","type":"Feature","properties":{"_pk_label":"PK 295+000","_voie":"LGV1"},"geometry":{"type":"Point","coordinates":[-0.4387795579999995,44.96447684999998]}},{"id":"71867","type":"Feature","properties":{"_pk_label":"PK 296+000","_voie":"LGV1"},"geometry":{"type":"Point","coordinates":[-0.4465134579999993,44.957346210000004]}},{"id":"72067","type":"Feature","properties":{"_pk_label":"PK 297+000","_voie":"LGV1"},"geometry":{"type":"Point","coordinates":[-0.4545298499999994,44.95037022999997]}},{"id":"72267","type":"Feature","properties":{"_pk_label":"PK 298+000","_voie":"LGV1"},"geometry":{"type":"Point","coordinates":[-0.46254424699999974,44.94339368000001]}},{"id":"72467","type":"Feature","properties":{"_pk_label":"PK 299+000","_voie":"LGV1"},"geometry":{"type":"Point","coordinates":[-0.4708274859999995,44.93659178000001]}},{"id":"72667","type":"Feature","properties":{"_pk_label":"PK 300+000","_voie":"LGV1"},"geometry":{"type":"Point","coordinates":[-0.48238185799999994,44.93298269]}},{"id":"72867","type":"Feature","properties":{"_pk_label":"PK 301+000","_voie":"LGV1"},"geometry":{"type":"Point","coordinates":[-0.4942951920000002,44.92990603]}},{"id":"72883","type":"Feature","properties":{"_pk_label":"PK 0+000","_voie":"LGV2"},"geometry":{"type":"Point","coordinates":[0.7502634559999996,47.337210940000006]}},{"id":"73083","type":"Feature","properties":{"_pk_label":"PK 1+000","_voie":"LGV2"},"geometry":{"type":"Point","coordinates":[0.7419505500000009,47.33020301]}},{"id":"73283","type":"Feature","properties":{"_pk_label":"PK 2+000","_voie":"LGV2"},"geometry":{"type":"Point","coordinates":[0.7341904810000005,47.322918400000006]}},{"id":"73483","type":"Feature","properties":{"_pk_label":"PK 3+000","_voie":"LGV2"},"geometry":{"type":"Point","coordinates":[0.7273345810000011,47.31522409999999]}},{"id":"73683","type":"Feature","properties":{"_pk_label":"PK 4+000","_voie":"LGV2"},"geometry":{"type":"Point","coordinates":[0.7180704580000012,47.308850650000004]}},{"id":"73883","type":"Feature","properties":{"_pk_label":"PK 5+000","_voie":"LGV2"},"geometry":{"type":"Point","coordinates":[0.7066372780000003,47.30434405]}},{"id":"74083","type":"Feature","properties":{"_pk_label":"PK 6+000","_voie":"LGV2"},"geometry":{"type":"Point","coordinates":[0.6959597809999999,47.299072009999996]}},{"id":"74283","type":"Feature","properties":{"_pk_label":"PK 7+000","_voie":"LGV2"},"geometry":{"type":"Point","coordinates":[0.6878480780000007,47.29198305000001]}},{"id":"74483","type":"Feature","properties":{"_pk_label":"PK 8+000","_voie":"LGV2"},"geometry":{"type":"Point","coordinates":[0.6824557110000008,47.28377604999999]}},{"id":"74683","type":"Feature","properties":{"_pk_label":"PK 9+000","_voie":"LGV2"},"geometry":{"type":"Point","coordinates":[0.6776060000000005,47.27540682]}},{"id":"74883","type":"Feature","properties":{"_pk_label":"PK 10+000","_voie":"LGV2"},"geometry":{"type":"Point","coordinates":[0.6717918670000006,47.26732116]}},{"id":"75083","type":"Feature","properties":{"_pk_label":"PK 11+000","_voie":"LGV2"},"geometry":{"type":"Point","coordinates":[0.6676453250000001,47.258781539999994]}},{"id":"75283","type":"Feature","properties":{"_pk_label":"PK 12+000","_voie":"LGV2"},"geometry":{"type":"Point","coordinates":[0.6650073190000004,47.24995955000001]}},{"id":"75483","type":"Feature","properties":{"_pk_label":"PK 13+000","_voie":"LGV2"},"geometry":{"type":"Point","coordinates":[0.6624139580000001,47.24113186000001]}},{"id":"75684","type":"Feature","properties":{"_pk_label":"PK 14+000","_voie":"LGV2"},"geometry":{"type":"Point","coordinates":[0.6605746670000009,47.23222139]}},{"id":"75884","type":"Feature","properties":{"_pk_label":"PK 15+000","_voie":"LGV2"},"geometry":{"type":"Point","coordinates":[0.6599008060000003,47.22323026000001]}},{"id":"76085","type":"Feature","properties":{"_pk_label":"PK 16+000","_voie":"LGV2"},"geometry":{"type":"Point","coordinates":[0.6584729000000001,47.21428468]}},{"id":"76285","type":"Feature","properties":{"_pk_label":"PK 17+000","_voie":"LGV2"},"geometry":{"type":"Point","coordinates":[0.6567575140000005,47.205358129999986]}},{"id":"76485","type":"Feature","properties":{"_pk_label":"PK 18+000","_voie":"LGV2"},"geometry":{"type":"Point","coordinates":[0.655863417,47.19638074]}},{"id":"76685","type":"Feature","properties":{"_pk_label":"PK 19+000","_voie":"LGV2"},"geometry":{"type":"Point","coordinates":[0.6568747420000008,47.18740938999997]}},{"id":"76885","type":"Feature","properties":{"_pk_label":"PK 20+000","_voie":"LGV2"},"geometry":{"type":"Point","coordinates":[0.6597821780000006,47.17863263000001]}},{"id":"77085","type":"Feature","properties":{"_pk_label":"PK 21+000","_voie":"LGV2"},"geometry":{"type":"Point","coordinates":[0.6645210440000002,47.17023499]}},{"id":"77285","type":"Feature","properties":{"_pk_label":"PK 22+000","_voie":"LGV2"},"geometry":{"type":"Point","coordinates":[0.6701752640000006,47.16209961]}},{"id":"77486","type":"Feature","properties":{"_pk_label":"PK 23+000","_voie":"LGV2"},"geometry":{"type":"Point","coordinates":[0.6755821640000008,47.153891449999996]}},{"id":"77686","type":"Feature","properties":{"_pk_label":"PK 24+000","_voie":"LGV2"},"geometry":{"type":"Point","coordinates":[0.6793980029999995,47.145284460000006]}},{"id":"77886","type":"Feature","properties":{"_pk_label":"PK 25+000","_voie":"LGV2"},"geometry":{"type":"Point","coordinates":[0.6813441139999997,47.13639095999999]}},{"id":"78086","type":"Feature","properties":{"_pk_label":"PK 26+000","_voie":"LGV2"},"geometry":{"type":"Point","coordinates":[0.6813803030000006,47.12739889]}},{"id":"78286","type":"Feature","properties":{"_pk_label":"PK 27+000","_voie":"LGV2"},"geometry":{"type":"Point","coordinates":[0.6795067359999998,47.11849815]}},{"id":"78486","type":"Feature","properties":{"_pk_label":"PK 28+000","_voie":"LGV2"},"geometry":{"type":"Point","coordinates":[0.675763908,47.109876639999996]}},{"id":"78686","type":"Feature","properties":{"_pk_label":"PK 29+000","_voie":"LGV2"},"geometry":{"type":"Point","coordinates":[0.670231664,47.10171625000001]}},{"id":"78886","type":"Feature","properties":{"_pk_label":"PK 30+000","_voie":"LGV2"},"geometry":{"type":"Point","coordinates":[0.6630274500000001,47.094189109999995]}},{"id":"79086","type":"Feature","properties":{"_pk_label":"PK 31+000","_voie":"LGV2"},"geometry":{"type":"Point","coordinates":[0.6543037860000007,47.08745388999999]}},{"id":"79286","type":"Feature","properties":{"_pk_label":"PK 32+000","_voie":"LGV2"},"geometry":{"type":"Point","coordinates":[0.6442456030000009,47.08165193999999]}},{"id":"79486","type":"Feature","properties":{"_pk_label":"PK 33+000","_voie":"LGV2"},"geometry":{"type":"Point","coordinates":[0.6335280060000003,47.076412659999995]}},{"id":"79687","type":"Feature","properties":{"_pk_label":"PK 34+000","_voie":"LGV2"},"geometry":{"type":"Point","coordinates":[0.6229467500000003,47.07104738]}},{"id":"79888","type":"Feature","properties":{"_pk_label":"PK 35+000","_voie":"LGV2"},"geometry":{"type":"Point","coordinates":[0.6133003690000002,47.06491895000001]}},{"id":"80088","type":"Feature","properties":{"_pk_label":"PK 36+000","_voie":"LGV2"},"geometry":{"type":"Point","coordinates":[0.6041875220000004,47.05841659]}},{"id":"80288","type":"Feature","properties":{"_pk_label":"PK 37+000","_voie":"LGV2"},"geometry":{"type":"Point","coordinates":[0.5950775310000005,47.05191312999999]}},{"id":"80488","type":"Feature","properties":{"_pk_label":"PK 38+000","_voie":"LGV2"},"geometry":{"type":"Point","coordinates":[0.5860375690000008,47.04536454999999]}},{"id":"80688","type":"Feature","properties":{"_pk_label":"PK 39+000","_voie":"LGV2"},"geometry":{"type":"Point","coordinates":[0.5781024439999999,47.0381851]}},{"id":"80888","type":"Feature","properties":{"_pk_label":"PK 40+000","_voie":"LGV2"},"geometry":{"type":"Point","coordinates":[0.5717752860000013,47.030294829999995]}},{"id":"81088","type":"Feature","properties":{"_pk_label":"PK 41+000","_voie":"LGV2"},"geometry":{"type":"Point","coordinates":[0.5666057890000015,47.02201408]}},{"id":"81288","type":"Feature","properties":{"_pk_label":"PK 42+000","_voie":"LGV2"},"geometry":{"type":"Point","coordinates":[0.5614794170000004,47.01372140000001]}},{"id":"81488","type":"Feature","properties":{"_pk_label":"PK 43+000","_voie":"LGV2"},"geometry":{"type":"Point","coordinates":[0.5558637720000007,47.00558846]}},{"id":"81688","type":"Feature","properties":{"_pk_label":"PK 44+000","_voie":"LGV2"},"geometry":{"type":"Point","coordinates":[0.548425953,46.99817800999999]}},{"id":"81888","type":"Feature","properties":{"_pk_label":"PK 45+000","_voie":"LGV2"},"geometry":{"type":"Point","coordinates":[0.539504986,46.99156514]}},{"id":"82088","type":"Feature","properties":{"_pk_label":"PK 46+000","_voie":"LGV2"},"geometry":{"type":"Point","coordinates":[0.5301687080000003,46.985227759999994]}},{"id":"82288","type":"Feature","properties":{"_pk_label":"PK 47+000","_voie":"LGV2"},"geometry":{"type":"Point","coordinates":[0.5198276890000001,46.97967555999999]}},{"id":"82488","type":"Feature","properties":{"_pk_label":"PK 48+000","_voie":"LGV2"},"geometry":{"type":"Point","coordinates":[0.5088253970000005,46.974741580000014]}},{"id":"82688","type":"Feature","properties":{"_pk_label":"PK 49+000","_voie":"LGV2"},"geometry":{"type":"Point","coordinates":[0.4978033859999998,46.969827859999995]}},{"id":"82888","type":"Feature","properties":{"_pk_label":"PK 50+000","_voie":"LGV2"},"geometry":{"type":"Point","coordinates":[0.48731377800000136,46.964404619999996]}},{"id":"83088","type":"Feature","properties":{"_pk_label":"PK 51+000","_voie":"LGV2"},"geometry":{"type":"Point","coordinates":[0.4780730530000007,46.9580052]}},{"id":"83289","type":"Feature","properties":{"_pk_label":"PK 52+000","_voie":"LGV2"},"geometry":{"type":"Point","coordinates":[0.4694837080000006,46.95118751999998]}},{"id":"83489","type":"Feature","properties":{"_pk_label":"PK 53+000","_voie":"LGV2"},"geometry":{"type":"Point","coordinates":[0.4619319829999999,46.94382345999999]}},{"id":"83689","type":"Feature","properties":{"_pk_label":"PK 54+000","_voie":"LGV2"},"geometry":{"type":"Point","coordinates":[0.4560204530000005,46.93578723]}},{"id":"83890","type":"Feature","properties":{"_pk_label":"PK 55+000","_voie":"LGV2"},"geometry":{"type":"Point","coordinates":[0.45119715800000115,46.92741247]}},{"id":"84090","type":"Feature","properties":{"_pk_label":"PK 56+000","_voie":"LGV2"},"geometry":{"type":"Point","coordinates":[0.4451780500000004,46.919421029999995]}},{"id":"84291","type":"Feature","properties":{"_pk_label":"PK 57+000","_voie":"LGV2"},"geometry":{"type":"Point","coordinates":[0.43812338600000056,46.91182533999999]}},{"id":"84491","type":"Feature","properties":{"_pk_label":"PK 58+000","_voie":"LGV2"},"geometry":{"type":"Point","coordinates":[0.43213238899999984,46.90381689]}},{"id":"84691","type":"Feature","properties":{"_pk_label":"PK 59+000","_voie":"LGV2"},"geometry":{"type":"Point","coordinates":[0.42674452800000134,46.89560543999999]}},{"id":"84891","type":"Feature","properties":{"_pk_label":"PK 60+000","_voie":"LGV2"},"geometry":{"type":"Point","coordinates":[0.4213582859999998,46.887393730000014]}},{"id":"85091","type":"Feature","properties":{"_pk_label":"PK 61+000","_voie":"LGV2"},"geometry":{"type":"Point","coordinates":[0.4159736810000001,46.87918174]}},{"id":"85291","type":"Feature","properties":{"_pk_label":"PK 62+000","_voie":"LGV2"},"geometry":{"type":"Point","coordinates":[0.4105907189999999,46.87096947]}},{"id":"85491","type":"Feature","properties":{"_pk_label":"PK 63+000","_voie":"LGV2"},"geometry":{"type":"Point","coordinates":[0.4052093809999999,46.862756950000005]}},{"id":"85692","type":"Feature","properties":{"_pk_label":"PK 64+000","_voie":"LGV2"},"geometry":{"type":"Point","coordinates":[0.3994441530000008,46.85467188999999]}},{"id":"85892","type":"Feature","properties":{"_pk_label":"PK 65+000","_voie":"LGV2"},"geometry":{"type":"Point","coordinates":[0.39380414200000025,46.84654516999999]}},{"id":"86092","type":"Feature","properties":{"_pk_label":"PK 66+000","_voie":"LGV2"},"geometry":{"type":"Point","coordinates":[0.38985207800000055,46.83796465999998]}},{"id":"86292","type":"Feature","properties":{"_pk_label":"PK 67+000","_voie":"LGV2"},"geometry":{"type":"Point","coordinates":[0.38775509700000066,46.829081640000005]}},{"id":"86492","type":"Feature","properties":{"_pk_label":"PK 68+000","_voie":"LGV2"},"geometry":{"type":"Point","coordinates":[0.38748764400000085,46.820083069999995]}},{"id":"86692","type":"Feature","properties":{"_pk_label":"PK 69+000","_voie":"LGV2"},"geometry":{"type":"Point","coordinates":[0.38775972200000064,46.81108112999999]}},{"id":"86892","type":"Feature","properties":{"_pk_label":"PK 70+000","_voie":"LGV2"},"geometry":{"type":"Point","coordinates":[0.3880317140000008,46.80207915999999]}},{"id":"87093","type":"Feature","properties":{"_pk_label":"PK 71+000","_voie":"LGV2"},"geometry":{"type":"Point","coordinates":[0.38841556100000035,46.79307896000001]}},{"id":"87293","type":"Feature","properties":{"_pk_label":"PK 72+000","_voie":"LGV2"},"geometry":{"type":"Point","coordinates":[0.38969129700000127,46.784118539999994]}},{"id":"87494","type":"Feature","properties":{"_pk_label":"PK 73+000","_voie":"LGV2"},"geometry":{"type":"Point","coordinates":[0.39177563900000034,46.77522888]}},{"id":"87695","type":"Feature","properties":{"_pk_label":"PK 74+000","_voie":"LGV2"},"geometry":{"type":"Point","coordinates":[0.3937208919999999,46.76632784999999]}},{"id":"87896","type":"Feature","properties":{"_pk_label":"PK 75+000","_voie":"LGV2"},"geometry":{"type":"Point","coordinates":[0.3944853110000009,46.757341280000006]}},{"id":"88096","type":"Feature","properties":{"_pk_label":"PK 76+000","_voie":"LGV2"},"geometry":{"type":"Point","coordinates":[0.3941326830000007,46.74835122000001]}},{"id":"88296","type":"Feature","properties":{"_pk_label":"PK 77+000","_voie":"LGV2"},"geometry":{"type":"Point","coordinates":[0.3918906420000004,46.73949111000001]}},{"id":"88496","type":"Feature","properties":{"_pk_label":"PK 78+000","_voie":"LGV2"},"geometry":{"type":"Point","coordinates":[0.3878053139999996,46.730947820000004]}},{"id":"88696","type":"Feature","properties":{"_pk_label":"PK 79+000","_voie":"LGV2"},"geometry":{"type":"Point","coordinates":[0.38224857200000095,46.722797889999995]}},{"id":"88896","type":"Feature","properties":{"_pk_label":"PK 80+000","_voie":"LGV2"},"geometry":{"type":"Point","coordinates":[0.3765295110000012,46.71469833000001]}},{"id":"89098","type":"Feature","properties":{"_pk_label":"PK 81+000","_voie":"LGV2"},"geometry":{"type":"Point","coordinates":[0.37132815300000116,46.70643881]}},{"id":"89298","type":"Feature","properties":{"_pk_label":"PK 82+000","_voie":"LGV2"},"geometry":{"type":"Point","coordinates":[0.36666876900000006,46.698024579999995]}},{"id":"89498","type":"Feature","properties":{"_pk_label":"PK 83+000","_voie":"LGV2"},"geometry":{"type":"Point","coordinates":[0.3620108310000005,46.68961014000001]}},{"id":"89699","type":"Feature","properties":{"_pk_label":"PK 84+000","_voie":"LGV2"},"geometry":{"type":"Point","coordinates":[0.3579875140000004,46.681046640000005]}},{"id":"89899","type":"Feature","properties":{"_pk_label":"PK 85+000","_voie":"LGV2"},"geometry":{"type":"Point","coordinates":[0.3557772610000007,46.67217698]}},{"id":"90099","type":"Feature","properties":{"_pk_label":"PK 86+000","_voie":"LGV2"},"geometry":{"type":"Point","coordinates":[0.3546353440000011,46.663206929999994]}},{"id":"90300","type":"Feature","properties":{"_pk_label":"PK 87+000","_voie":"LGV2"},"geometry":{"type":"Point","coordinates":[0.3532535000000011,46.65425715]}},{"id":"90501","type":"Feature","properties":{"_pk_label":"PK 88+000","_voie":"LGV2"},"geometry":{"type":"Point","coordinates":[0.35082106700000026,46.645410979999994]}},{"id":"90701","type":"Feature","properties":{"_pk_label":"PK 89+000","_voie":"LGV2"},"geometry":{"type":"Point","coordinates":[0.347594161000001,46.63669546999999]}},{"id":"90901","type":"Feature","properties":{"_pk_label":"PK 90+000","_voie":"LGV2"},"geometry":{"type":"Point","coordinates":[0.34258583300000034,46.628390140000015]}},{"id":"91101","type":"Feature","properties":{"_pk_label":"PK 91+000","_voie":"LGV2"},"geometry":{"type":"Point","coordinates":[0.3358846940000011,46.62067222000001]}},{"id":"91301","type":"Feature","properties":{"_pk_label":"PK 92+000","_voie":"LGV2"},"geometry":{"type":"Point","coordinates":[0.3277158080000002,46.61365251]}},{"id":"91501","type":"Feature","properties":{"_pk_label":"PK 93+000","_voie":"LGV2"},"geometry":{"type":"Point","coordinates":[0.31921039199999907,46.60681723]}},{"id":"91701","type":"Feature","properties":{"_pk_label":"PK 94+000","_voie":"LGV2"},"geometry":{"type":"Point","coordinates":[0.3107071080000017,46.59998130999999]}},{"id":"91902","type":"Feature","properties":{"_pk_label":"PK 95+000","_voie":"LGV2"},"geometry":{"type":"Point","coordinates":[0.30223645300000085,46.593126299999994]}},{"id":"92102","type":"Feature","properties":{"_pk_label":"PK 96+000","_voie":"LGV2"},"geometry":{"type":"Point","coordinates":[0.294767664,46.58574543000001]}},{"id":"92302","type":"Feature","properties":{"_pk_label":"PK 97+000","_voie":"LGV2"},"geometry":{"type":"Point","coordinates":[0.2880335030000009,46.57803119999999]}},{"id":"92502","type":"Feature","properties":{"_pk_label":"PK 98+000","_voie":"LGV2"},"geometry":{"type":"Point","coordinates":[0.2807647250000001,46.57055416]}},{"id":"92702","type":"Feature","properties":{"_pk_label":"PK 99+000","_voie":"LGV2"},"geometry":{"type":"Point","coordinates":[0.2732027639999996,46.56321400000001]}},{"id":"92902","type":"Feature","properties":{"_pk_label":"PK 100+000","_voie":"LGV2"},"geometry":{"type":"Point","coordinates":[0.2656428390000006,46.55587332999999]}},{"id":"93102","type":"Feature","properties":{"_pk_label":"PK 101+000","_voie":"LGV2"},"geometry":{"type":"Point","coordinates":[0.25808495300000034,46.54853215]}},{"id":"93302","type":"Feature","properties":{"_pk_label":"PK 102+000","_voie":"LGV2"},"geometry":{"type":"Point","coordinates":[0.250892111,46.541021730000004]}},{"id":"93502","type":"Feature","properties":{"_pk_label":"PK 103+000","_voie":"LGV2"},"geometry":{"type":"Point","coordinates":[0.24513932800000035,46.53294406999999]}},{"id":"93702","type":"Feature","properties":{"_pk_label":"PK 104+000","_voie":"LGV2"},"geometry":{"type":"Point","coordinates":[0.24035526900000057,46.52456656000001]}},{"id":"93902","type":"Feature","properties":{"_pk_label":"PK 105+000","_voie":"LGV2"},"geometry":{"type":"Point","coordinates":[0.23559004200000103,46.516184419999995]}},{"id":"94102","type":"Feature","properties":{"_pk_label":"PK 106+000","_voie":"LGV2"},"geometry":{"type":"Point","coordinates":[0.2308262640000004,46.50780207999999]}},{"id":"94302","type":"Feature","properties":{"_pk_label":"PK 107+000","_voie":"LGV2"},"geometry":{"type":"Point","coordinates":[0.22606396700000134,46.499419520000004]}},{"id":"94502","type":"Feature","properties":{"_pk_label":"PK 108+000","_voie":"LGV2"},"geometry":{"type":"Point","coordinates":[0.2213031310000002,46.49103674999999]}},{"id":"94703","type":"Feature","properties":{"_pk_label":"PK 109+000","_voie":"LGV2"},"geometry":{"type":"Point","coordinates":[0.21656627200000025,46.48264738000001]}},{"id":"94903","type":"Feature","properties":{"_pk_label":"PK 110+000","_voie":"LGV2"},"geometry":{"type":"Point","coordinates":[0.21264840799999993,46.474061049999996]}},{"id":"95103","type":"Feature","properties":{"_pk_label":"PK 111+000","_voie":"LGV2"},"geometry":{"type":"Point","coordinates":[0.20999190300000134,46.46524733000001]}},{"id":"95303","type":"Feature","properties":{"_pk_label":"PK 112+000","_voie":"LGV2"},"geometry":{"type":"Point","coordinates":[0.20862271100000104,46.45629435999999]}},{"id":"95504","type":"Feature","properties":{"_pk_label":"PK 113+000","_voie":"LGV2"},"geometry":{"type":"Point","coordinates":[0.2083731360000009,46.4472915]}},{"id":"95704","type":"Feature","properties":{"_pk_label":"PK 114+000","_voie":"LGV2"},"geometry":{"type":"Point","coordinates":[0.20827420799999968,46.43828718]}},{"id":"95904","type":"Feature","properties":{"_pk_label":"PK 115+000","_voie":"LGV2"},"geometry":{"type":"Point","coordinates":[0.20762754200000047,46.42929909999999]}},{"id":"96104","type":"Feature","properties":{"_pk_label":"PK 116+000","_voie":"LGV2"},"geometry":{"type":"Point","coordinates":[0.20569388600000077,46.42040017]}},{"id":"96304","type":"Feature","properties":{"_pk_label":"PK 117+000","_voie":"LGV2"},"geometry":{"type":"Point","coordinates":[0.20248609700000011,46.41167908999999]}},{"id":"96505","type":"Feature","properties":{"_pk_label":"PK 118+000","_voie":"LGV2"},"geometry":{"type":"Point","coordinates":[0.19838522800000083,46.40313368]}},{"id":"96705","type":"Feature","properties":{"_pk_label":"PK 119+000","_voie":"LGV2"},"geometry":{"type":"Point","coordinates":[0.19424389400000014,46.39459710999999]}},{"id":"96905","type":"Feature","properties":{"_pk_label":"PK 120+000","_voie":"LGV2"},"geometry":{"type":"Point","coordinates":[0.18928803099999983,46.38628220999998]}},{"id":"97105","type":"Feature","properties":{"_pk_label":"PK 121+000","_voie":"LGV2"},"geometry":{"type":"Point","coordinates":[0.18267745000000057,46.37853694999998]}},{"id":"97305","type":"Feature","properties":{"_pk_label":"PK 122+000","_voie":"LGV2"},"geometry":{"type":"Point","coordinates":[0.17548918099999972,46.37103165]}},{"id":"97506","type":"Feature","properties":{"_pk_label":"PK 123+000","_voie":"LGV2"},"geometry":{"type":"Point","coordinates":[0.16833450800000038,46.36351107999999]}},{"id":"97706","type":"Feature","properties":{"_pk_label":"PK 124+000","_voie":"LGV2"},"geometry":{"type":"Point","coordinates":[0.16173393300000047,46.35575255]}},{"id":"97906","type":"Feature","properties":{"_pk_label":"PK 125+000","_voie":"LGV2"},"geometry":{"type":"Point","coordinates":[0.15589629200000038,46.34770648999999]}},{"id":"98106","type":"Feature","properties":{"_pk_label":"PK 126+000","_voie":"LGV2"},"geometry":{"type":"Point","coordinates":[0.15084729200000135,46.339408770000006]}},{"id":"98306","type":"Feature","properties":{"_pk_label":"PK 127+000","_voie":"LGV2"},"geometry":{"type":"Point","coordinates":[0.14660904200000044,46.330896360000004]}},{"id":"98507","type":"Feature","properties":{"_pk_label":"PK 128+000","_voie":"LGV2"},"geometry":{"type":"Point","coordinates":[0.143059256000001,46.32223370999999]}},{"id":"98707","type":"Feature","properties":{"_pk_label":"PK 129+000","_voie":"LGV2"},"geometry":{"type":"Point","coordinates":[0.1395853439999996,46.313556629999994]}},{"id":"98907","type":"Feature","properties":{"_pk_label":"PK 130+000","_voie":"LGV2"},"geometry":{"type":"Point","coordinates":[0.13655837200000087,46.304801190000006]}},{"id":"99107","type":"Feature","properties":{"_pk_label":"PK 131+000","_voie":"LGV2"},"geometry":{"type":"Point","coordinates":[0.13478945300000097,46.29588204999999]}},{"id":"99307","type":"Feature","properties":{"_pk_label":"PK 132+000","_voie":"LGV2"},"geometry":{"type":"Point","coordinates":[0.13431432800000165,46.28688504]}},{"id":"99507","type":"Feature","properties":{"_pk_label":"PK 133+000","_voie":"LGV2"},"geometry":{"type":"Point","coordinates":[0.13513713300000094,46.27790009]}},{"id":"99707","type":"Feature","properties":{"_pk_label":"PK 134+000","_voie":"LGV2"},"geometry":{"type":"Point","coordinates":[0.13710309400000037,46.26899935999999]}},{"id":"99907","type":"Feature","properties":{"_pk_label":"PK 135+000","_voie":"LGV2"},"geometry":{"type":"Point","coordinates":[0.13924810299999926,46.26011834000001]}},{"id":"100108","type":"Feature","properties":{"_pk_label":"PK 136+000","_voie":"LGV2"},"geometry":{"type":"Point","coordinates":[0.14095890600000038,46.25119511]}},{"id":"100308","type":"Feature","properties":{"_pk_label":"PK 137+000","_voie":"LGV2"},"geometry":{"type":"Point","coordinates":[0.14180888300000113,46.24221267]}},{"id":"100508","type":"Feature","properties":{"_pk_label":"PK 138+000","_voie":"LGV2"},"geometry":{"type":"Point","coordinates":[0.1417944030000008,46.233210889999995]}},{"id":"100708","type":"Feature","properties":{"_pk_label":"PK 139+000","_voie":"LGV2"},"geometry":{"type":"Point","coordinates":[0.14091596899999947,46.22422976]}},{"id":"100908","type":"Feature","properties":{"_pk_label":"PK 140+000","_voie":"LGV2"},"geometry":{"type":"Point","coordinates":[0.13917789700000077,46.215309160000004]}},{"id":"101108","type":"Feature","properties":{"_pk_label":"PK 141+000","_voie":"LGV2"},"geometry":{"type":"Point","coordinates":[0.13659292800000056,46.20648783]}},{"id":"101308","type":"Feature","properties":{"_pk_label":"PK 142+000","_voie":"LGV2"},"geometry":{"type":"Point","coordinates":[0.13389196400000022,46.19768131000001]}},{"id":"101508","type":"Feature","properties":{"_pk_label":"PK 143+000","_voie":"LGV2"},"geometry":{"type":"Point","coordinates":[0.13278271700000038,46.18871426]}},{"id":"101708","type":"Feature","properties":{"_pk_label":"PK 144+000","_voie":"LGV2"},"geometry":{"type":"Point","coordinates":[0.1330488690000009,46.179711049999995]}},{"id":"101909","type":"Feature","properties":{"_pk_label":"PK 145+000","_voie":"LGV2"},"geometry":{"type":"Point","coordinates":[0.13335820800000056,46.17070924]}},{"id":"102110","type":"Feature","properties":{"_pk_label":"PK 146+000","_voie":"LGV2"},"geometry":{"type":"Point","coordinates":[0.1332648470000001,46.161705229999995]}},{"id":"102311","type":"Feature","properties":{"_pk_label":"PK 147+000","_voie":"LGV2"},"geometry":{"type":"Point","coordinates":[0.13297061700000046,46.152704620000016]}},{"id":"102512","type":"Feature","properties":{"_pk_label":"PK 148+000","_voie":"LGV2"},"geometry":{"type":"Point","coordinates":[0.1317982750000007,46.143738219999996]}},{"id":"102712","type":"Feature","properties":{"_pk_label":"PK 149+000","_voie":"LGV2"},"geometry":{"type":"Point","coordinates":[0.1305167559999999,46.13477750999999]}},{"id":"102912","type":"Feature","properties":{"_pk_label":"PK 150+000","_voie":"LGV2"},"geometry":{"type":"Point","coordinates":[0.12923563900000004,46.125816799999996]}},{"id":"103113","type":"Feature","properties":{"_pk_label":"PK 151+000","_voie":"LGV2"},"geometry":{"type":"Point","coordinates":[0.12795595800000065,46.11685593999999]}},{"id":"103314","type":"Feature","properties":{"_pk_label":"PK 152+000","_voie":"LGV2"},"geometry":{"type":"Point","coordinates":[0.1271599,46.10786837999999]}},{"id":"103515","type":"Feature","properties":{"_pk_label":"PK 153+000","_voie":"LGV2"},"geometry":{"type":"Point","coordinates":[0.12594131400000055,46.09890719]}},{"id":"103716","type":"Feature","properties":{"_pk_label":"PK 154+000","_voie":"LGV2"},"geometry":{"type":"Point","coordinates":[0.12491329200000009,46.089933900000005]}},{"id":"103916","type":"Feature","properties":{"_pk_label":"PK 155+000","_voie":"LGV2"},"geometry":{"type":"Point","coordinates":[0.1255897060000009,46.08094453]}},{"id":"104116","type":"Feature","properties":{"_pk_label":"PK 156+000","_voie":"LGV2"},"geometry":{"type":"Point","coordinates":[0.12677877200000046,46.07197773]}},{"id":"104316","type":"Feature","properties":{"_pk_label":"PK 157+000","_voie":"LGV2"},"geometry":{"type":"Point","coordinates":[0.12759890000000043,46.06299378999999]}},{"id":"104516","type":"Feature","properties":{"_pk_label":"PK 158+000","_voie":"LGV2"},"geometry":{"type":"Point","coordinates":[0.1275605060000002,46.05399194000001]}},{"id":"104716","type":"Feature","properties":{"_pk_label":"PK 159+000","_voie":"LGV2"},"geometry":{"type":"Point","coordinates":[0.1268635080000002,46.045000699999996]}},{"id":"104916","type":"Feature","properties":{"_pk_label":"PK 160+000","_voie":"LGV2"},"geometry":{"type":"Point","coordinates":[0.1261233500000009,46.03601056]}},{"id":"105116","type":"Feature","properties":{"_pk_label":"PK 161+000","_voie":"LGV2"},"geometry":{"type":"Point","coordinates":[0.12538343600000026,46.0270204]}},{"id":"105316","type":"Feature","properties":{"_pk_label":"PK 162+000","_voie":"LGV2"},"geometry":{"type":"Point","coordinates":[0.12464374700000118,46.01803024000001]}},{"id":"105516","type":"Feature","properties":{"_pk_label":"PK 163+000","_voie":"LGV2"},"geometry":{"type":"Point","coordinates":[0.12390431700000078,46.00904007]}},{"id":"105716","type":"Feature","properties":{"_pk_label":"PK 164+000","_voie":"LGV2"},"geometry":{"type":"Point","coordinates":[0.12316512800000087,46.00004989]}},{"id":"105917","type":"Feature","properties":{"_pk_label":"PK 165+000","_voie":"LGV2"},"geometry":{"type":"Point","coordinates":[0.12243738099999991,45.99105907999999]}},{"id":"106117","type":"Feature","properties":{"_pk_label":"PK 166+000","_voie":"LGV2"},"geometry":{"type":"Point","coordinates":[0.1222316170000004,45.98205548]}},{"id":"106317","type":"Feature","properties":{"_pk_label":"PK 167+000","_voie":"LGV2"},"geometry":{"type":"Point","coordinates":[0.12225712199999997,45.973050560000004]}},{"id":"106517","type":"Feature","properties":{"_pk_label":"PK 168+000","_voie":"LGV2"},"geometry":{"type":"Point","coordinates":[0.12269392500000052,45.96405112999999]}},{"id":"106717","type":"Feature","properties":{"_pk_label":"PK 169+000","_voie":"LGV2"},"geometry":{"type":"Point","coordinates":[0.12356775300000059,45.955066830000014]}},{"id":"106917","type":"Feature","properties":{"_pk_label":"PK 170+000","_voie":"LGV2"},"geometry":{"type":"Point","coordinates":[0.12444182500000094,45.94608256000002]}},{"id":"107117","type":"Feature","properties":{"_pk_label":"PK 171+000","_voie":"LGV2"},"geometry":{"type":"Point","coordinates":[0.1253156080000006,45.93709829]}},{"id":"107317","type":"Feature","properties":{"_pk_label":"PK 172+000","_voie":"LGV2"},"geometry":{"type":"Point","coordinates":[0.12618912200000057,45.92811401999999]}},{"id":"107517","type":"Feature","properties":{"_pk_label":"PK 173+000","_voie":"LGV2"},"geometry":{"type":"Point","coordinates":[0.1270623360000006,45.91912974]}},{"id":"107717","type":"Feature","properties":{"_pk_label":"PK 174+000","_voie":"LGV2"},"geometry":{"type":"Point","coordinates":[0.12793526699999988,45.91014545000001]}},{"id":"107917","type":"Feature","properties":{"_pk_label":"PK 175+000","_voie":"LGV2"},"geometry":{"type":"Point","coordinates":[0.12845545599999977,45.90115338]}},{"id":"108117","type":"Feature","properties":{"_pk_label":"PK 176+000","_voie":"LGV2"},"geometry":{"type":"Point","coordinates":[0.12725606400000086,45.89219840999999]}},{"id":"108317","type":"Feature","properties":{"_pk_label":"PK 177+000","_voie":"LGV2"},"geometry":{"type":"Point","coordinates":[0.12421123899999995,45.88345930999999]}},{"id":"108518","type":"Feature","properties":{"_pk_label":"PK 178+000","_voie":"LGV2"},"geometry":{"type":"Point","coordinates":[0.11989343100000036,45.874975539999994]}},{"id":"108718","type":"Feature","properties":{"_pk_label":"PK 179+000","_voie":"LGV2"},"geometry":{"type":"Point","coordinates":[0.11551822500000024,45.86650514]}},{"id":"108918","type":"Feature","properties":{"_pk_label":"PK 180+000","_voie":"LGV2"},"geometry":{"type":"Point","coordinates":[0.11114436400000038,45.85803458999999]}},{"id":"109118","type":"Feature","properties":{"_pk_label":"PK 181+000","_voie":"LGV2"},"geometry":{"type":"Point","coordinates":[0.10723563100000026,45.849456509999996]}},{"id":"109318","type":"Feature","properties":{"_pk_label":"PK 182+000","_voie":"LGV2"},"geometry":{"type":"Point","coordinates":[0.10384941900000064,45.84076800999999]}},{"id":"109518","type":"Feature","properties":{"_pk_label":"PK 183+000","_voie":"LGV2"},"geometry":{"type":"Point","coordinates":[0.10089651399999999,45.83200270999998]}},{"id":"109718","type":"Feature","properties":{"_pk_label":"PK 184+000","_voie":"LGV2"},"geometry":{"type":"Point","coordinates":[0.09805557500000016,45.82321954999999]}},{"id":"109918","type":"Feature","properties":{"_pk_label":"PK 185+000","_voie":"LGV2"},"geometry":{"type":"Point","coordinates":[0.09521553900000061,45.81443633]}},{"id":"110118","type":"Feature","properties":{"_pk_label":"PK 186+000","_voie":"LGV2"},"geometry":{"type":"Point","coordinates":[0.09216888300000042,45.80569083999999]}},{"id":"110318","type":"Feature","properties":{"_pk_label":"PK 187+000","_voie":"LGV2"},"geometry":{"type":"Point","coordinates":[0.08747747800000091,45.79731885]}},{"id":"110518","type":"Feature","properties":{"_pk_label":"PK 188+000","_voie":"LGV2"},"geometry":{"type":"Point","coordinates":[0.0809407390000002,45.78957623999999]}},{"id":"110720","type":"Feature","properties":{"_pk_label":"PK 189+000","_voie":"LGV2"},"geometry":{"type":"Point","coordinates":[0.07310660300000062,45.78243378999999]}},{"id":"110920","type":"Feature","properties":{"_pk_label":"PK 190+000","_voie":"LGV2"},"geometry":{"type":"Point","coordinates":[0.06592523100000079,45.77496813999999]}},{"id":"111120","type":"Feature","properties":{"_pk_label":"PK 191+000","_voie":"LGV2"},"geometry":{"type":"Point","coordinates":[0.06047705800000024,45.76681679000001]}},{"id":"111320","type":"Feature","properties":{"_pk_label":"PK 192+000","_voie":"LGV2"},"geometry":{"type":"Point","coordinates":[0.056901586000001086,45.75817281999999]}},{"id":"111520","type":"Feature","properties":{"_pk_label":"PK 193+000","_voie":"LGV2"},"geometry":{"type":"Point","coordinates":[0.05528442199999981,45.749245370000004]}},{"id":"111720","type":"Feature","properties":{"_pk_label":"PK 194+000","_voie":"LGV2"},"geometry":{"type":"Point","coordinates":[0.05566372200000105,45.74025034999998]}},{"id":"111920","type":"Feature","properties":{"_pk_label":"PK 195+000","_voie":"LGV2"},"geometry":{"type":"Point","coordinates":[0.05796681100000018,45.73139541]}},{"id":"112120","type":"Feature","properties":{"_pk_label":"PK 196+000","_voie":"LGV2"},"geometry":{"type":"Point","coordinates":[0.06085411700000061,45.722620539999994]}},{"id":"112320","type":"Feature","properties":{"_pk_label":"PK 197+000","_voie":"LGV2"},"geometry":{"type":"Point","coordinates":[0.06374049200000072,45.71384558999999]}},{"id":"112520","type":"Feature","properties":{"_pk_label":"PK 198+000","_voie":"LGV2"},"geometry":{"type":"Point","coordinates":[0.06662595000000113,45.705070579999976]}},{"id":"112720","type":"Feature","properties":{"_pk_label":"PK 199+000","_voie":"LGV2"},"geometry":{"type":"Point","coordinates":[0.06951049400000117,45.69629548999998]}},{"id":"112920","type":"Feature","properties":{"_pk_label":"PK 200+000","_voie":"LGV2"},"geometry":{"type":"Point","coordinates":[0.07239412499999948,45.68752035000001]}},{"id":"113121","type":"Feature","properties":{"_pk_label":"PK 201+000","_voie":"LGV2"},"geometry":{"type":"Point","coordinates":[0.07462578300000022,45.67866262999999]}},{"id":"113321","type":"Feature","properties":{"_pk_label":"PK 202+000","_voie":"LGV2"},"geometry":{"type":"Point","coordinates":[0.0748677860000007,45.66967223999999]}},{"id":"113522","type":"Feature","properties":{"_pk_label":"PK 203+000","_voie":"LGV2"},"geometry":{"type":"Point","coordinates":[0.07317811399999992,45.660753609999986]}},{"id":"113722","type":"Feature","properties":{"_pk_label":"PK 204+000","_voie":"LGV2"},"geometry":{"type":"Point","coordinates":[0.07104620600000158,45.65187339]}},{"id":"113922","type":"Feature","properties":{"_pk_label":"PK 205+000","_voie":"LGV2"},"geometry":{"type":"Point","coordinates":[0.07028058899999969,45.642891739999996]}},{"id":"114122","type":"Feature","properties":{"_pk_label":"PK 206+000","_voie":"LGV2"},"geometry":{"type":"Point","coordinates":[0.0705534220000002,45.63388886]}},{"id":"114322","type":"Feature","properties":{"_pk_label":"PK 207+000","_voie":"LGV2"},"geometry":{"type":"Point","coordinates":[0.07021474700000058,45.62489675999999]}},{"id":"114522","type":"Feature","properties":{"_pk_label":"PK 208+000","_voie":"LGV2"},"geometry":{"type":"Point","coordinates":[0.06823198600000038,45.616003649999996]}},{"id":"114722","type":"Feature","properties":{"_pk_label":"PK 209+000","_voie":"LGV2"},"geometry":{"type":"Point","coordinates":[0.06635086100000054,45.60709791]}},{"id":"114922","type":"Feature","properties":{"_pk_label":"PK 210+000","_voie":"LGV2"},"geometry":{"type":"Point","coordinates":[0.06606016100000041,45.598097159999995]}},{"id":"115122","type":"Feature","properties":{"_pk_label":"PK 211+000","_voie":"LGV2"},"geometry":{"type":"Point","coordinates":[0.0659596670000013,45.58909429999999]}},{"id":"115323","type":"Feature","properties":{"_pk_label":"PK 212+000","_voie":"LGV2"},"geometry":{"type":"Point","coordinates":[0.06523215599999994,45.58010447000001]}},{"id":"115523","type":"Feature","properties":{"_pk_label":"PK 213+000","_voie":"LGV2"},"geometry":{"type":"Point","coordinates":[0.06448322499999995,45.57111508999999]}},{"id":"115723","type":"Feature","properties":{"_pk_label":"PK 214+000","_voie":"LGV2"},"geometry":{"type":"Point","coordinates":[0.06373454700000071,45.56212570999999]}},{"id":"115923","type":"Feature","properties":{"_pk_label":"PK 215+000","_voie":"LGV2"},"geometry":{"type":"Point","coordinates":[0.06277401100000016,45.55314993000001]}},{"id":"116124","type":"Feature","properties":{"_pk_label":"PK 216+000","_voie":"LGV2"},"geometry":{"type":"Point","coordinates":[0.060137267000001014,45.54434930999999]}},{"id":"116324","type":"Feature","properties":{"_pk_label":"PK 217+000","_voie":"LGV2"},"geometry":{"type":"Point","coordinates":[0.05673294700000046,45.53566820999998]}},{"id":"116525","type":"Feature","properties":{"_pk_label":"PK 218+000","_voie":"LGV2"},"geometry":{"type":"Point","coordinates":[0.054015547000000795,45.52687368]}},{"id":"116725","type":"Feature","properties":{"_pk_label":"PK 219+000","_voie":"LGV2"},"geometry":{"type":"Point","coordinates":[0.0532849330000003,45.51789002000002]}},{"id":"116926","type":"Feature","properties":{"_pk_label":"PK 220+000","_voie":"LGV2"},"geometry":{"type":"Point","coordinates":[0.0540032139999998,45.50889916999999]}},{"id":"117126","type":"Feature","properties":{"_pk_label":"PK 221+000","_voie":"LGV2"},"geometry":{"type":"Point","coordinates":[0.054525258000000604,45.4999065]}},{"id":"117326","type":"Feature","properties":{"_pk_label":"PK 222+000","_voie":"LGV2"},"geometry":{"type":"Point","coordinates":[0.0532691780000007,45.490958169999985]}},{"id":"117526","type":"Feature","properties":{"_pk_label":"PK 223+000","_voie":"LGV2"},"geometry":{"type":"Point","coordinates":[0.05000292500000082,45.48226482]}},{"id":"117726","type":"Feature","properties":{"_pk_label":"PK 224+000","_voie":"LGV2"},"geometry":{"type":"Point","coordinates":[0.04481077799999954,45.47404836000001]}},{"id":"117927","type":"Feature","properties":{"_pk_label":"PK 225+000","_voie":"LGV2"},"geometry":{"type":"Point","coordinates":[0.03833393100000138,45.466283389999994]}},{"id":"118128","type":"Feature","properties":{"_pk_label":"PK 226+000","_voie":"LGV2"},"geometry":{"type":"Point","coordinates":[0.03225393900000156,45.45836192999997]}},{"id":"118328","type":"Feature","properties":{"_pk_label":"PK 227+000","_voie":"LGV2"},"geometry":{"type":"Point","coordinates":[0.026496308000001186,45.45032064]}},{"id":"118528","type":"Feature","properties":{"_pk_label":"PK 228+000","_voie":"LGV2"},"geometry":{"type":"Point","coordinates":[0.020740343999999914,45.44227906]}},{"id":"118728","type":"Feature","properties":{"_pk_label":"PK 229+000","_voie":"LGV2"},"geometry":{"type":"Point","coordinates":[0.014986047000000922,45.43423719]}},{"id":"118928","type":"Feature","properties":{"_pk_label":"PK 230+000","_voie":"LGV2"},"geometry":{"type":"Point","coordinates":[0.009233414000001265,45.426195039999996]}},{"id":"119128","type":"Feature","properties":{"_pk_label":"PK 231+000","_voie":"LGV2"},"geometry":{"type":"Point","coordinates":[0.0033737830000003244,45.41819327000001]}},{"id":"119328","type":"Feature","properties":{"_pk_label":"PK 232+000","_voie":"LGV2"},"geometry":{"type":"Point","coordinates":[-0.002903005999999769,45.410348819999996]}},{"id":"119528","type":"Feature","properties":{"_pk_label":"PK 233+000","_voie":"LGV2"},"geometry":{"type":"Point","coordinates":[-0.009183988999999533,45.40250617999999]}},{"id":"119728","type":"Feature","properties":{"_pk_label":"PK 234+000","_voie":"LGV2"},"geometry":{"type":"Point","coordinates":[-0.01525888899999873,45.394584540000004]}},{"id":"119928","type":"Feature","properties":{"_pk_label":"PK 235+000","_voie":"LGV2"},"geometry":{"type":"Point","coordinates":[-0.020091843999999668,45.386251980000004]}},{"id":"120128","type":"Feature","properties":{"_pk_label":"PK 236+000","_voie":"LGV2"},"geometry":{"type":"Point","coordinates":[-0.023473124999999855,45.37757155]}},{"id":"120328","type":"Feature","properties":{"_pk_label":"PK 237+000","_voie":"LGV2"},"geometry":{"type":"Point","coordinates":[-0.025354741999999406,45.36866826]}},{"id":"120529","type":"Feature","properties":{"_pk_label":"PK 238+000","_voie":"LGV2"},"geometry":{"type":"Point","coordinates":[-0.02597359699999967,45.35967439]}},{"id":"120731","type":"Feature","properties":{"_pk_label":"PK 239+000","_voie":"LGV2"},"geometry":{"type":"Point","coordinates":[-0.026546382999999285,45.35068051999999]}},{"id":"120931","type":"Feature","properties":{"_pk_label":"PK 240+000","_voie":"LGV2"},"geometry":{"type":"Point","coordinates":[-0.02846519699999914,45.34178861]}},{"id":"121131","type":"Feature","properties":{"_pk_label":"PK 241+000","_voie":"LGV2"},"geometry":{"type":"Point","coordinates":[-0.03212379199999941,45.33317241999998]}},{"id":"121331","type":"Feature","properties":{"_pk_label":"PK 242+000","_voie":"LGV2"},"geometry":{"type":"Point","coordinates":[-0.03744988100000056,45.32500038]}},{"id":"121531","type":"Feature","properties":{"_pk_label":"PK 243+000","_voie":"LGV2"},"geometry":{"type":"Point","coordinates":[-0.044332096999999446,45.31742854]}},{"id":"121731","type":"Feature","properties":{"_pk_label":"PK 244+000","_voie":"LGV2"},"geometry":{"type":"Point","coordinates":[-0.05188370799999934,45.31016980999999]}},{"id":"121931","type":"Feature","properties":{"_pk_label":"PK 245+000","_voie":"LGV2"},"geometry":{"type":"Point","coordinates":[-0.05975434699999909,45.30308874]}},{"id":"122131","type":"Feature","properties":{"_pk_label":"PK 246+000","_voie":"LGV2"},"geometry":{"type":"Point","coordinates":[-0.06864381899999908,45.29663908]}},{"id":"122332","type":"Feature","properties":{"_pk_label":"PK 247+000","_voie":"LGV2"},"geometry":{"type":"Point","coordinates":[-0.07815796400000008,45.29064103]}},{"id":"122532","type":"Feature","properties":{"_pk_label":"PK 248+000","_voie":"LGV2"},"geometry":{"type":"Point","coordinates":[-0.08768360299999892,45.28465228999998]}},{"id":"122733","type":"Feature","properties":{"_pk_label":"PK 249+000","_voie":"LGV2"},"geometry":{"type":"Point","coordinates":[-0.09716250599999958,45.278627340000014]}},{"id":"122933","type":"Feature","properties":{"_pk_label":"PK 250+000","_voie":"LGV2"},"geometry":{"type":"Point","coordinates":[-0.10656904200000061,45.272547100000004]}},{"id":"123133","type":"Feature","properties":{"_pk_label":"PK 251+000","_voie":"LGV2"},"geometry":{"type":"Point","coordinates":[-0.11597351099999961,45.26646608000001]}},{"id":"123333","type":"Feature","properties":{"_pk_label":"PK 252+000","_voie":"LGV2"},"geometry":{"type":"Point","coordinates":[-0.12496148300000025,45.260086210000004]}},{"id":"123533","type":"Feature","properties":{"_pk_label":"PK 253+000","_voie":"LGV2"},"geometry":{"type":"Point","coordinates":[-0.13236449199999997,45.252764549999995]}},{"id":"123733","type":"Feature","properties":{"_pk_label":"PK 254+000","_voie":"LGV2"},"geometry":{"type":"Point","coordinates":[-0.13821533299999986,45.24476591]}},{"id":"123933","type":"Feature","properties":{"_pk_label":"PK 255+000","_voie":"LGV2"},"geometry":{"type":"Point","coordinates":[-0.14385863299999904,45.23669239999999]}},{"id":"124133","type":"Feature","properties":{"_pk_label":"PK 256+000","_voie":"LGV2"},"geometry":{"type":"Point","coordinates":[-0.14950031100000027,45.228618609999984]}},{"id":"124333","type":"Feature","properties":{"_pk_label":"PK 257+000","_voie":"LGV2"},"geometry":{"type":"Point","coordinates":[-0.15542465599999933,45.22065308000001]}},{"id":"124533","type":"Feature","properties":{"_pk_label":"PK 258+000","_voie":"LGV2"},"geometry":{"type":"Point","coordinates":[-0.16289034699999919,45.21337277999998]}},{"id":"124733","type":"Feature","properties":{"_pk_label":"PK 259+000","_voie":"LGV2"},"geometry":{"type":"Point","coordinates":[-0.17189971699999915,45.20702548]}},{"id":"124933","type":"Feature","properties":{"_pk_label":"PK 260+000","_voie":"LGV2"},"geometry":{"type":"Point","coordinates":[-0.18222264399999988,45.20177296999999]}},{"id":"125133","type":"Feature","properties":{"_pk_label":"PK 261+000","_voie":"LGV2"},"geometry":{"type":"Point","coordinates":[-0.19356414399999958,45.197696260000015]}},{"id":"125333","type":"Feature","properties":{"_pk_label":"PK 262+000","_voie":"LGV2"},"geometry":{"type":"Point","coordinates":[-0.20515871399999921,45.19397199000001]}},{"id":"125533","type":"Feature","properties":{"_pk_label":"PK 263+000","_voie":"LGV2"},"geometry":{"type":"Point","coordinates":[-0.21675174699999955,45.19024652]}},{"id":"125733","type":"Feature","properties":{"_pk_label":"PK 264+000","_voie":"LGV2"},"geometry":{"type":"Point","coordinates":[-0.22834322199999954,45.18651984]}},{"id":"125933","type":"Feature","properties":{"_pk_label":"PK 265+000","_voie":"LGV2"},"geometry":{"type":"Point","coordinates":[-0.23993316399999942,45.18279197]}},{"id":"126133","type":"Feature","properties":{"_pk_label":"PK 266+000","_voie":"LGV2"},"geometry":{"type":"Point","coordinates":[-0.25142208600000054,45.178914250000005]}},{"id":"126333","type":"Feature","properties":{"_pk_label":"PK 267+000","_voie":"LGV2"},"geometry":{"type":"Point","coordinates":[-0.26204965799999963,45.17396867000001]}},{"id":"126533","type":"Feature","properties":{"_pk_label":"PK 268+000","_voie":"LGV2"},"geometry":{"type":"Point","coordinates":[-0.27142546099999953,45.167887870000015]}},{"id":"126733","type":"Feature","properties":{"_pk_label":"PK 269+000","_voie":"LGV2"},"geometry":{"type":"Point","coordinates":[-0.27931336099999954,45.16082933999999]}},{"id":"126934","type":"Feature","properties":{"_pk_label":"PK 270+000","_voie":"LGV2"},"geometry":{"type":"Point","coordinates":[-0.2863686249999996,45.15333544999999]}},{"id":"127134","type":"Feature","properties":{"_pk_label":"PK 271+000","_voie":"LGV2"},"geometry":{"type":"Point","coordinates":[-0.2937465329999994,45.146007780000005]}},{"id":"127334","type":"Feature","properties":{"_pk_label":"PK 272+000","_voie":"LGV2"},"geometry":{"type":"Point","coordinates":[-0.30256228599999985,45.13953340999999]}},{"id":"127534","type":"Feature","properties":{"_pk_label":"PK 273+000","_voie":"LGV2"},"geometry":{"type":"Point","coordinates":[-0.31272095599999983,45.134134859999996]}},{"id":"127735","type":"Feature","properties":{"_pk_label":"PK 274+000","_voie":"LGV2"},"geometry":{"type":"Point","coordinates":[-0.32371104399999917,45.129603929999995]}},{"id":"127935","type":"Feature","properties":{"_pk_label":"PK 275+000","_voie":"LGV2"},"geometry":{"type":"Point","coordinates":[-0.3346600780000006,45.12502224000001]}},{"id":"128135","type":"Feature","properties":{"_pk_label":"PK 276+000","_voie":"LGV2"},"geometry":{"type":"Point","coordinates":[-0.3446727859999993,45.11948062999999]}},{"id":"128335","type":"Feature","properties":{"_pk_label":"PK 277+000","_voie":"LGV2"},"geometry":{"type":"Point","coordinates":[-0.353308494,45.11287975]}},{"id":"128535","type":"Feature","properties":{"_pk_label":"PK 278+000","_voie":"LGV2"},"geometry":{"type":"Point","coordinates":[-0.3603466719999996,45.10538856000001]}},{"id":"128736","type":"Feature","properties":{"_pk_label":"PK 279+000","_voie":"LGV2"},"geometry":{"type":"Point","coordinates":[-0.3662446859999999,45.09741171]}},{"id":"128936","type":"Feature","properties":{"_pk_label":"PK 280+000","_voie":"LGV2"},"geometry":{"type":"Point","coordinates":[-0.3722148829999991,45.08946369]}},{"id":"129136","type":"Feature","properties":{"_pk_label":"PK 281+000","_voie":"LGV2"},"geometry":{"type":"Point","coordinates":[-0.37860722499999977,45.08168301999999]}},{"id":"129337","type":"Feature","properties":{"_pk_label":"PK 282+000","_voie":"LGV2"},"geometry":{"type":"Point","coordinates":[-0.38536893299999975,45.074060030000005]}},{"id":"129537","type":"Feature","properties":{"_pk_label":"PK 283+000","_voie":"LGV2"},"geometry":{"type":"Point","coordinates":[-0.39144785599999915,45.06616076]}},{"id":"129737","type":"Feature","properties":{"_pk_label":"PK 284+000","_voie":"LGV2"},"geometry":{"type":"Point","coordinates":[-0.39649752499999924,45.05789840999999]}},{"id":"129937","type":"Feature","properties":{"_pk_label":"PK 285+000","_voie":"LGV2"},"geometry":{"type":"Point","coordinates":[-0.40153476899999885,45.04963272999999]}},{"id":"130137","type":"Feature","properties":{"_pk_label":"PK 286+000","_voie":"LGV2"},"geometry":{"type":"Point","coordinates":[-0.4066952060000005,45.041407219999996]}},{"id":"130337","type":"Feature","properties":{"_pk_label":"PK 287+000","_voie":"LGV2"},"geometry":{"type":"Point","coordinates":[-0.41220312800000053,45.03329444]}},{"id":"130537","type":"Feature","properties":{"_pk_label":"PK 288+000","_voie":"LGV2"},"geometry":{"type":"Point","coordinates":[-0.41657632799999955,45.02485838999999]}},{"id":"130737","type":"Feature","properties":{"_pk_label":"PK 289+000","_voie":"LGV2"},"geometry":{"type":"Point","coordinates":[-0.4189497749999991,45.016013109999996]}},{"id":"130939","type":"Feature","properties":{"_pk_label":"PK 290+000","_voie":"LGV2"},"geometry":{"type":"Point","coordinates":[-0.4225784529999999,45.00740504000001]}},{"id":"131140","type":"Feature","properties":{"_pk_label":"PK 291+000","_voie":"LGV2"},"geometry":{"type":"Point","coordinates":[-0.42576665600000013,44.99870753000001]}},{"id":"131340","type":"Feature","properties":{"_pk_label":"PK 292+000","_voie":"LGV2"},"geometry":{"type":"Point","coordinates":[-0.426444653,44.98971922999999]}},{"id":"131540","type":"Feature","properties":{"_pk_label":"PK 293+000","_voie":"LGV2"},"geometry":{"type":"Point","coordinates":[-0.42833784700000005,44.98084291]}},{"id":"131740","type":"Feature","properties":{"_pk_label":"PK 294+000","_voie":"LGV2"},"geometry":{"type":"Point","coordinates":[-0.433043477999999,44.97249938000001]}},{"id":"131942","type":"Feature","properties":{"_pk_label":"PK 295+000","_voie":"LGV2"},"geometry":{"type":"Point","coordinates":[-0.43882228599999906,44.96449625000001]}},{"id":"132142","type":"Feature","properties":{"_pk_label":"PK 296+000","_voie":"LGV2"},"geometry":{"type":"Point","coordinates":[-0.44655274699999953,44.95736899999999]}},{"id":"132342","type":"Feature","properties":{"_pk_label":"PK 297+000","_voie":"LGV2"},"geometry":{"type":"Point","coordinates":[-0.4545691359999991,44.95039298999999]}},{"id":"132542","type":"Feature","properties":{"_pk_label":"PK 298+000","_voie":"LGV2"},"geometry":{"type":"Point","coordinates":[-0.46258354399999985,44.943416429999985]}},{"id":"132742","type":"Feature","properties":{"_pk_label":"PK 299+000","_voie":"LGV2"},"geometry":{"type":"Point","coordinates":[-0.470859119,44.93661988999999]}},{"id":"132942","type":"Feature","properties":{"_pk_label":"PK 300+000","_voie":"LGV2"},"geometry":{"type":"Point","coordinates":[-0.48241659999999986,44.93302359999999]}}]}