{"type":"FeatureCollection","features":[{"id":"19","type":"Feature","properties":{"_pk_label":"PK 0+500","_voie":"RMS1"},"geometry":{"type":"Point","coordinates":[0.6475992555555566,47.25473987222222]}},{"id":"39","type":"Feature","properties":{"_pk_label":"PK 0+600","_voie":"RMS1"},"geometry":{"type":"Point","coordinates":[0.6473866111111113,47.25385133333331]}},{"id":"59","type":"Feature","properties":{"_pk_label":"PK 0+700","_voie":"RMS1"},"geometry":{"type":"Point","coordinates":[0.6471739750000003,47.2529627944444]}},{"id":"79","type":"Feature","properties":{"_pk_label":"PK 0+800","_voie":"RMS1"},"geometry":{"type":"Point","coordinates":[0.6469613416666677,47.25207425277781]}},{"id":"99","type":"Feature","properties":{"_pk_label":"PK 0+900","_voie":"RMS1"},"geometry":{"type":"Point","coordinates":[0.6467487194444447,47.251185713888916]}},{"id":"139","type":"Feature","properties":{"_pk_label":"PK 1+100","_voie":"RMS1"},"geometry":{"type":"Point","coordinates":[0.6463234944444444,47.249408630555585]}},{"id":"159","type":"Feature","properties":{"_pk_label":"PK 1+200","_voie":"RMS1"},"geometry":{"type":"Point","coordinates":[0.6461115250000008,47.2485200166667]}},{"id":"179","type":"Feature","properties":{"_pk_label":"PK 1+300","_voie":"RMS1"},"geometry":{"type":"Point","coordinates":[0.6459149083333334,47.24762978888889]}},{"id":"199","type":"Feature","properties":{"_pk_label":"PK 1+400","_voie":"RMS1"},"geometry":{"type":"Point","coordinates":[0.6457622777777778,47.246735625000014]}},{"id":"219","type":"Feature","properties":{"_pk_label":"PK 1+500","_voie":"RMS1"},"geometry":{"type":"Point","coordinates":[0.6456746888888895,47.2458374416667]}},{"id":"239","type":"Feature","properties":{"_pk_label":"PK 1+600","_voie":"RMS1"},"geometry":{"type":"Point","coordinates":[0.6456547916666673,47.24493738333331]}},{"id":"259","type":"Feature","properties":{"_pk_label":"PK 1+700","_voie":"RMS1"},"geometry":{"type":"Point","coordinates":[0.6457026361111119,47.24403781111109]}},{"id":"279","type":"Feature","properties":{"_pk_label":"PK 1+800","_voie":"RMS1"},"geometry":{"type":"Point","coordinates":[0.645818094444444,47.24314108888889]}},{"id":"299","type":"Feature","properties":{"_pk_label":"PK 1+900","_voie":"RMS1"},"geometry":{"type":"Point","coordinates":[0.6460008583333338,47.24224957222222]}},{"id":"339","type":"Feature","properties":{"_pk_label":"PK 2+100","_voie":"RMS1"},"geometry":{"type":"Point","coordinates":[0.646566194444444,47.24049150277781]}},{"id":"359","type":"Feature","properties":{"_pk_label":"PK 2+200","_voie":"RMS1"},"geometry":{"type":"Point","coordinates":[0.6469472777777784,47.2396295638889]}},{"id":"379","type":"Feature","properties":{"_pk_label":"PK 2+300","_voie":"RMS1"},"geometry":{"type":"Point","coordinates":[0.6473926888888896,47.238782052777786]}},{"id":"399","type":"Feature","properties":{"_pk_label":"PK 2+400","_voie":"RMS1"},"geometry":{"type":"Point","coordinates":[0.6479012555555561,47.237951194444406]}},{"id":"419","type":"Feature","properties":{"_pk_label":"PK 2+500","_voie":"RMS1"},"geometry":{"type":"Point","coordinates":[0.6484716416666678,47.23713916944438]}},{"id":"439","type":"Feature","properties":{"_pk_label":"PK 2+600","_voie":"RMS1"},"geometry":{"type":"Point","coordinates":[0.6491023166666675,47.236348099999994]}},{"id":"459","type":"Feature","properties":{"_pk_label":"PK 2+700","_voie":"RMS1"},"geometry":{"type":"Point","coordinates":[0.6497848055555563,47.23557718333331]}},{"id":"479","type":"Feature","properties":{"_pk_label":"PK 2+800","_voie":"RMS1"},"geometry":{"type":"Point","coordinates":[0.6504952888888889,47.23481804444439]}},{"id":"499","type":"Feature","properties":{"_pk_label":"PK 2+900","_voie":"RMS1"},"geometry":{"type":"Point","coordinates":[0.6512115194444443,47.2340614083333]}},{"id":"539","type":"Feature","properties":{"_pk_label":"PK 3+100","_voie":"RMS1"},"geometry":{"type":"Point","coordinates":[0.6526439277777785,47.2325481333333]}},{"id":"559","type":"Feature","properties":{"_pk_label":"PK 3+200","_voie":"RMS1"},"geometry":{"type":"Point","coordinates":[0.6533601027777778,47.231791486111085]}},{"id":"579","type":"Feature","properties":{"_pk_label":"PK 3+300","_voie":"RMS1"},"geometry":{"type":"Point","coordinates":[0.6540762583333333,47.2310348361111]}},{"id":"599","type":"Feature","properties":{"_pk_label":"PK 3+400","_voie":"RMS1"},"geometry":{"type":"Point","coordinates":[0.6547923916666674,47.23027818055561]}},{"id":"619","type":"Feature","properties":{"_pk_label":"PK 3+500","_voie":"RMS1"},"geometry":{"type":"Point","coordinates":[0.6555076472222223,47.22952114444439]}},{"id":"639","type":"Feature","properties":{"_pk_label":"PK 3+600","_voie":"RMS1"},"geometry":{"type":"Point","coordinates":[0.6562078416666676,47.2287576333333]}},{"id":"659","type":"Feature","properties":{"_pk_label":"PK 3+700","_voie":"RMS1"},"geometry":{"type":"Point","coordinates":[0.6568678638888894,47.22797776666668]}},{"id":"679","type":"Feature","properties":{"_pk_label":"PK 3+800","_voie":"RMS1"},"geometry":{"type":"Point","coordinates":[0.657469883333333,47.227176438888904]}},{"id":"699","type":"Feature","properties":{"_pk_label":"PK 3+900","_voie":"RMS1"},"geometry":{"type":"Point","coordinates":[0.6580108250000003,47.226355149999996]}},{"id":"739","type":"Feature","properties":{"_pk_label":"PK 4+100","_voie":"RMS1"},"geometry":{"type":"Point","coordinates":[0.6589039694444456,47.224661369444405]}},{"id":"759","type":"Feature","properties":{"_pk_label":"PK 4+200","_voie":"RMS1"},"geometry":{"type":"Point","coordinates":[0.6592538333333331,47.22379332777779]}},{"id":"779","type":"Feature","properties":{"_pk_label":"PK 4+300","_voie":"RMS1"},"geometry":{"type":"Point","coordinates":[0.6595379472222223,47.222914213888906]}},{"id":"799","type":"Feature","properties":{"_pk_label":"PK 4+400","_voie":"RMS1"},"geometry":{"type":"Point","coordinates":[0.6597555638888889,47.2220263388889]}},{"id":"819","type":"Feature","properties":{"_pk_label":"PK 4+500","_voie":"RMS1"},"geometry":{"type":"Point","coordinates":[0.6599061194444444,47.221132030555594]}},{"id":"839","type":"Feature","properties":{"_pk_label":"PK 4+600","_voie":"RMS1"},"geometry":{"type":"Point","coordinates":[0.6599892222222224,47.220233644444406]}},{"id":"859","type":"Feature","properties":{"_pk_label":"PK 4+700","_voie":"RMS1"},"geometry":{"type":"Point","coordinates":[0.6600046527777781,47.2193335333333]}},{"id":"879","type":"Feature","properties":{"_pk_label":"PK 4+800","_voie":"RMS1"},"geometry":{"type":"Point","coordinates":[0.6599523777777784,47.21843406944442]}},{"id":"899","type":"Feature","properties":{"_pk_label":"PK 4+900","_voie":"RMS1"},"geometry":{"type":"Point","coordinates":[0.6598325361111109,47.21753760833332]}},{"id":"939","type":"Feature","properties":{"_pk_label":"PK 5+100","_voie":"RMS1"},"geometry":{"type":"Point","coordinates":[0.6593966194444456,47.21576240555559]}},{"id":"959","type":"Feature","properties":{"_pk_label":"PK 5+200","_voie":"RMS1"},"geometry":{"type":"Point","coordinates":[0.6591106777777779,47.21488348333332]}},{"id":"979","type":"Feature","properties":{"_pk_label":"PK 5+300","_voie":"RMS1"},"geometry":{"type":"Point","coordinates":[0.6588164527777788,47.2140058194444]}},{"id":"999","type":"Feature","properties":{"_pk_label":"PK 5+400","_voie":"RMS1"},"geometry":{"type":"Point","coordinates":[0.6585401166666667,47.21312547222219]}},{"id":"1019","type":"Feature","properties":{"_pk_label":"PK 5+500","_voie":"RMS1"},"geometry":{"type":"Point","coordinates":[0.6582896500000016,47.21224154166669]}},{"id":"1039","type":"Feature","properties":{"_pk_label":"PK 5+600","_voie":"RMS1"},"geometry":{"type":"Point","coordinates":[0.6580651833333331,47.211354372222196]}},{"id":"1059","type":"Feature","properties":{"_pk_label":"PK 5+700","_voie":"RMS1"},"geometry":{"type":"Point","coordinates":[0.6578646833333335,47.2104645361111]}},{"id":"1079","type":"Feature","properties":{"_pk_label":"PK 5+800","_voie":"RMS1"},"geometry":{"type":"Point","coordinates":[0.6576718361111116,47.209573905555594]}},{"id":"1099","type":"Feature","properties":{"_pk_label":"PK 5+900","_voie":"RMS1"},"geometry":{"type":"Point","coordinates":[0.6574790333333331,47.20868327222222]}},{"id":"1156","type":"Feature","properties":{"_pk_label":"PK 0+100","_voie":"RMS2"},"geometry":{"type":"Point","coordinates":[0.6484005638888891,47.258025866666685]}},{"id":"1176","type":"Feature","properties":{"_pk_label":"PK 0+200","_voie":"RMS2"},"geometry":{"type":"Point","coordinates":[0.6481455972222224,47.25714250555559]}},{"id":"1196","type":"Feature","properties":{"_pk_label":"PK 0+300","_voie":"RMS2"},"geometry":{"type":"Point","coordinates":[0.6478906388888898,47.25625914444439]}},{"id":"1216","type":"Feature","properties":{"_pk_label":"PK 0+400","_voie":"RMS2"},"geometry":{"type":"Point","coordinates":[0.6476348527777781,47.2553758916667]}},{"id":"1236","type":"Feature","properties":{"_pk_label":"PK 0+500","_voie":"RMS2"},"geometry":{"type":"Point","coordinates":[0.6473646055555566,47.254494652777794]}},{"id":"1256","type":"Feature","properties":{"_pk_label":"PK 0+600","_voie":"RMS2"},"geometry":{"type":"Point","coordinates":[0.6470688555555557,47.25361721944439]}},{"id":"1276","type":"Feature","properties":{"_pk_label":"PK 0+700","_voie":"RMS2"},"geometry":{"type":"Point","coordinates":[0.6467474055555564,47.25274398888891]}},{"id":"1297","type":"Feature","properties":{"_pk_label":"PK 0+800","_voie":"RMS2"},"geometry":{"type":"Point","coordinates":[0.6464011694444441,47.251875158333306]}},{"id":"1318","type":"Feature","properties":{"_pk_label":"PK 0+900","_voie":"RMS2"},"geometry":{"type":"Point","coordinates":[0.6460455138888888,47.2510080805556]}},{"id":"1359","type":"Feature","properties":{"_pk_label":"PK 1+100","_voie":"RMS2"},"geometry":{"type":"Point","coordinates":[0.6454184333333333,47.249259349999996]}},{"id":"1379","type":"Feature","properties":{"_pk_label":"PK 1+200","_voie":"RMS2"},"geometry":{"type":"Point","coordinates":[0.6451935750000002,47.248372305555606]}},{"id":"1399","type":"Feature","properties":{"_pk_label":"PK 1+300","_voie":"RMS2"},"geometry":{"type":"Point","coordinates":[0.6450357611111114,47.24747858333329]}},{"id":"1419","type":"Feature","properties":{"_pk_label":"PK 1+400","_voie":"RMS2"},"geometry":{"type":"Point","coordinates":[0.6449454000000002,47.246580527777795]}},{"id":"1439","type":"Feature","properties":{"_pk_label":"PK 1+500","_voie":"RMS2"},"geometry":{"type":"Point","coordinates":[0.6449227277777785,47.24568049999999]}},{"id":"1459","type":"Feature","properties":{"_pk_label":"PK 1+600","_voie":"RMS2"},"geometry":{"type":"Point","coordinates":[0.6449678000000002,47.24478086111111]}},{"id":"1479","type":"Feature","properties":{"_pk_label":"PK 1+700","_voie":"RMS2"},"geometry":{"type":"Point","coordinates":[0.6450804944444443,47.243883977777806]}},{"id":"1499","type":"Feature","properties":{"_pk_label":"PK 1+800","_voie":"RMS2"},"geometry":{"type":"Point","coordinates":[0.6452605111111115,47.2429922027778]}},{"id":"1519","type":"Feature","properties":{"_pk_label":"PK 1+900","_voie":"RMS2"},"geometry":{"type":"Point","coordinates":[0.6455073750000001,47.24210787777779]}},{"id":"1559","type":"Feature","properties":{"_pk_label":"PK 2+100","_voie":"RMS2"},"geometry":{"type":"Point","coordinates":[0.6461988666666674,47.24037084722221]}},{"id":"1579","type":"Feature","properties":{"_pk_label":"PK 2+200","_voie":"RMS2"},"geometry":{"type":"Point","coordinates":[0.646641672222222,47.239522702777805]}},{"id":"1599","type":"Feature","properties":{"_pk_label":"PK 2+300","_voie":"RMS2"},"geometry":{"type":"Point","coordinates":[0.6471476833333337,47.23869111666671]}},{"id":"1619","type":"Feature","properties":{"_pk_label":"PK 2+400","_voie":"RMS2"},"geometry":{"type":"Point","coordinates":[0.6477155722222228,47.2378782777778]}},{"id":"1639","type":"Feature","properties":{"_pk_label":"PK 2+500","_voie":"RMS2"},"geometry":{"type":"Point","coordinates":[0.648343830555556,47.2370863138889]}},{"id":"1659","type":"Feature","properties":{"_pk_label":"PK 2+600","_voie":"RMS2"},"geometry":{"type":"Point","coordinates":[0.6490246361111106,47.23631470833331]}},{"id":"1679","type":"Feature","properties":{"_pk_label":"PK 2+700","_voie":"RMS2"},"geometry":{"type":"Point","coordinates":[0.6497344888888892,47.235555291666685]}},{"id":"1699","type":"Feature","properties":{"_pk_label":"PK 2+800","_voie":"RMS2"},"geometry":{"type":"Point","coordinates":[0.6504507277777786,47.23479865833329]}},{"id":"1719","type":"Feature","properties":{"_pk_label":"PK 2+900","_voie":"RMS2"},"geometry":{"type":"Point","coordinates":[0.6511669638888896,47.23404202777778]}},{"id":"1759","type":"Feature","properties":{"_pk_label":"PK 3+100","_voie":"RMS2"},"geometry":{"type":"Point","coordinates":[0.6525993750000005,47.23252875]}},{"id":"1779","type":"Feature","properties":{"_pk_label":"PK 3+200","_voie":"RMS2"},"geometry":{"type":"Point","coordinates":[0.6533155499999999,47.23177210555559]}},{"id":"1799","type":"Feature","properties":{"_pk_label":"PK 3+300","_voie":"RMS2"},"geometry":{"type":"Point","coordinates":[0.6540317055555562,47.2310154555556]}},{"id":"1819","type":"Feature","properties":{"_pk_label":"PK 3+400","_voie":"RMS2"},"geometry":{"type":"Point","coordinates":[0.6547472805555565,47.2302585555556]}},{"id":"1839","type":"Feature","properties":{"_pk_label":"PK 3+500","_voie":"RMS2"},"geometry":{"type":"Point","coordinates":[0.6554495583333333,47.229495924999995]}},{"id":"1859","type":"Feature","properties":{"_pk_label":"PK 3+600","_voie":"RMS2"},"geometry":{"type":"Point","coordinates":[0.6561136444444443,47.22871765]}},{"id":"1879","type":"Feature","properties":{"_pk_label":"PK 3+700","_voie":"RMS2"},"geometry":{"type":"Point","coordinates":[0.6567204055555564,47.227917983333285]}},{"id":"1899","type":"Feature","properties":{"_pk_label":"PK 3+800","_voie":"RMS2"},"geometry":{"type":"Point","coordinates":[0.6572662055555568,47.227098186111085]}},{"id":"1919","type":"Feature","properties":{"_pk_label":"PK 3+900","_voie":"RMS2"},"geometry":{"type":"Point","coordinates":[0.6577496166666668,47.226260413888895]}},{"id":"1959","type":"Feature","properties":{"_pk_label":"PK 4+100","_voie":"RMS2"},"geometry":{"type":"Point","coordinates":[0.658524372222222,47.2245397944444]}},{"id":"1979","type":"Feature","properties":{"_pk_label":"PK 4+200","_voie":"RMS2"},"geometry":{"type":"Point","coordinates":[0.6588136833333339,47.22366146944439]}},{"id":"1999","type":"Feature","properties":{"_pk_label":"PK 4+300","_voie":"RMS2"},"geometry":{"type":"Point","coordinates":[0.6590365527777782,47.22277419722221]}},{"id":"2019","type":"Feature","properties":{"_pk_label":"PK 4+400","_voie":"RMS2"},"geometry":{"type":"Point","coordinates":[0.6591923972222224,47.2218803111111]}},{"id":"2039","type":"Feature","properties":{"_pk_label":"PK 4+500","_voie":"RMS2"},"geometry":{"type":"Point","coordinates":[0.6592808111111118,47.2209821583333]}},{"id":"2059","type":"Feature","properties":{"_pk_label":"PK 4+600","_voie":"RMS2"},"geometry":{"type":"Point","coordinates":[0.6593015638888892,47.22008209722222]}},{"id":"2079","type":"Feature","properties":{"_pk_label":"PK 4+700","_voie":"RMS2"},"geometry":{"type":"Point","coordinates":[0.6592546138888895,47.219182497222185]}},{"id":"2099","type":"Feature","properties":{"_pk_label":"PK 4+800","_voie":"RMS2"},"geometry":{"type":"Point","coordinates":[0.6591468861111115,47.218285277777795]}},{"id":"2119","type":"Feature","properties":{"_pk_label":"PK 4+900","_voie":"RMS2"},"geometry":{"type":"Point","coordinates":[0.6590045055555563,47.21739025833331]}},{"id":"2159","type":"Feature","properties":{"_pk_label":"PK 5+100","_voie":"RMS2"},"geometry":{"type":"Point","coordinates":[0.6587037277777785,47.215601419444404]}},{"id":"2179","type":"Feature","properties":{"_pk_label":"PK 5+200","_voie":"RMS2"},"geometry":{"type":"Point","coordinates":[0.658553330555556,47.21470699999999]}},{"id":"2235","type":"Feature","properties":{"_pk_label":"PK 0+200","_voie":"RCA1"},"geometry":{"type":"Point","coordinates":[0.5912137000000003,47.026115930555605]}},{"id":"2255","type":"Feature","properties":{"_pk_label":"PK 0+300","_voie":"RCA1"},"geometry":{"type":"Point","coordinates":[0.5906622500000008,47.026933480555606]}},{"id":"2275","type":"Feature","properties":{"_pk_label":"PK 0+400","_voie":"RCA1"},"geometry":{"type":"Point","coordinates":[0.5901160694444457,47.0277526972222]}},{"id":"2295","type":"Feature","properties":{"_pk_label":"PK 0+500","_voie":"RCA1"},"geometry":{"type":"Point","coordinates":[0.5895698750000004,47.0285719138889]}},{"id":"2315","type":"Feature","properties":{"_pk_label":"PK 0+600","_voie":"RCA1"},"geometry":{"type":"Point","coordinates":[0.5890236611111107,47.029391125000004]}},{"id":"2335","type":"Feature","properties":{"_pk_label":"PK 0+700","_voie":"RCA1"},"geometry":{"type":"Point","coordinates":[0.5884774333333339,47.03021033333329]}},{"id":"2355","type":"Feature","properties":{"_pk_label":"PK 0+800","_voie":"RCA1"},"geometry":{"type":"Point","coordinates":[0.587937547222223,47.03103149999999]}},{"id":"2376","type":"Feature","properties":{"_pk_label":"PK 0+900","_voie":"RCA1"},"geometry":{"type":"Point","coordinates":[0.5874319555555569,47.031862749999995]}},{"id":"2416","type":"Feature","properties":{"_pk_label":"PK 1+100","_voie":"RCA1"},"geometry":{"type":"Point","coordinates":[0.5866073694444447,47.033572]}},{"id":"2436","type":"Feature","properties":{"_pk_label":"PK 1+200","_voie":"RCA1"},"geometry":{"type":"Point","coordinates":[0.5862945999999998,47.03444646111111]}},{"id":"2456","type":"Feature","properties":{"_pk_label":"PK 1+300","_voie":"RCA1"},"geometry":{"type":"Point","coordinates":[0.5860493999999998,47.03533093888889]}},{"id":"2476","type":"Feature","properties":{"_pk_label":"PK 1+400","_voie":"RCA1"},"geometry":{"type":"Point","coordinates":[0.5858724472222222,47.0362229972222]}},{"id":"2496","type":"Feature","properties":{"_pk_label":"PK 1+500","_voie":"RCA1"},"geometry":{"type":"Point","coordinates":[0.5857642305555574,47.037120177777794]}},{"id":"2516","type":"Feature","properties":{"_pk_label":"PK 1+600","_voie":"RCA1"},"geometry":{"type":"Point","coordinates":[0.5857250555555564,47.038020005555595]}},{"id":"2536","type":"Feature","properties":{"_pk_label":"PK 1+700","_voie":"RCA1"},"geometry":{"type":"Point","coordinates":[0.5857550305555563,47.038919994444406]}},{"id":"2556","type":"Feature","properties":{"_pk_label":"PK 1+800","_voie":"RCA1"},"geometry":{"type":"Point","coordinates":[0.585854075,47.039817669444396]}},{"id":"2576","type":"Feature","properties":{"_pk_label":"PK 1+900","_voie":"RCA1"},"geometry":{"type":"Point","coordinates":[0.5860219250000019,47.04071054999999]}},{"id":"2616","type":"Feature","properties":{"_pk_label":"PK 2+100","_voie":"RCA1"},"geometry":{"type":"Point","coordinates":[0.5865620027777785,47.04247210277779]}},{"id":"2636","type":"Feature","properties":{"_pk_label":"PK 2+200","_voie":"RCA1"},"geometry":{"type":"Point","coordinates":[0.5869327472222227,47.0433359166667]}},{"id":"2656","type":"Feature","properties":{"_pk_label":"PK 2+300","_voie":"RCA1"},"geometry":{"type":"Point","coordinates":[0.5873693333333334,47.044185230555584]}},{"id":"2676","type":"Feature","properties":{"_pk_label":"PK 2+400","_voie":"RCA1"},"geometry":{"type":"Point","coordinates":[0.5878705555555565,47.04501770555559]}},{"id":"2696","type":"Feature","properties":{"_pk_label":"PK 2+500","_voie":"RCA1"},"geometry":{"type":"Point","coordinates":[0.5884350388888894,47.04583104444442]}},{"id":"2716","type":"Feature","properties":{"_pk_label":"PK 2+600","_voie":"RCA1"},"geometry":{"type":"Point","coordinates":[0.5890612250000004,47.04662299999999]}},{"id":"2736","type":"Feature","properties":{"_pk_label":"PK 2+700","_voie":"RCA1"},"geometry":{"type":"Point","coordinates":[0.5897473916666672,47.04739138888892]}},{"id":"2756","type":"Feature","properties":{"_pk_label":"PK 2+800","_voie":"RCA1"},"geometry":{"type":"Point","coordinates":[0.5904916444444444,47.0481340944444]}},{"id":"2776","type":"Feature","properties":{"_pk_label":"PK 2+900","_voie":"RCA1"},"geometry":{"type":"Point","coordinates":[0.5912919361111112,47.04884906388891]}},{"id":"2816","type":"Feature","properties":{"_pk_label":"PK 3+100","_voie":"RCA1"},"geometry":{"type":"Point","coordinates":[0.5930310277777779,47.0502011416667]}},{"id":"2836","type":"Feature","properties":{"_pk_label":"PK 3+200","_voie":"RCA1"},"geometry":{"type":"Point","coordinates":[0.5939262388888888,47.05086160277781]}},{"id":"2856","type":"Feature","properties":{"_pk_label":"PK 3+300","_voie":"RCA1"},"geometry":{"type":"Point","coordinates":[0.5948215611111107,47.051522000000006]}},{"id":"2876","type":"Feature","properties":{"_pk_label":"PK 3+400","_voie":"RCA1"},"geometry":{"type":"Point","coordinates":[0.5957169055555565,47.052182388888895]}},{"id":"2896","type":"Feature","properties":{"_pk_label":"PK 3+500","_voie":"RCA1"},"geometry":{"type":"Point","coordinates":[0.5966122694444445,47.052842772222185]}},{"id":"2916","type":"Feature","properties":{"_pk_label":"PK 3+600","_voie":"RCA1"},"geometry":{"type":"Point","coordinates":[0.597507655555556,47.053503147222216]}},{"id":"2936","type":"Feature","properties":{"_pk_label":"PK 3+700","_voie":"RCA1"},"geometry":{"type":"Point","coordinates":[0.598403063888889,47.054163513888916]}},{"id":"2956","type":"Feature","properties":{"_pk_label":"PK 3+800","_voie":"RCA1"},"geometry":{"type":"Point","coordinates":[0.5992984944444458,47.0548238777778]}},{"id":"2976","type":"Feature","properties":{"_pk_label":"PK 3+900","_voie":"RCA1"},"geometry":{"type":"Point","coordinates":[0.6001939500000009,47.0554842305556]}},{"id":"3021","type":"Feature","properties":{"_pk_label":"PK 0+400","_voie":"RCA2"},"geometry":{"type":"Point","coordinates":[0.5901160722222217,47.0277526944444]}},{"id":"3041","type":"Feature","properties":{"_pk_label":"PK 0+500","_voie":"RCA2"},"geometry":{"type":"Point","coordinates":[0.5895451416666674,47.0285639638889]}},{"id":"3061","type":"Feature","properties":{"_pk_label":"PK 0+600","_voie":"RCA2"},"geometry":{"type":"Point","coordinates":[0.588971622222222,47.02937440277778]}},{"id":"3081","type":"Feature","properties":{"_pk_label":"PK 0+700","_voie":"RCA2"},"geometry":{"type":"Point","coordinates":[0.5883982361111115,47.03018489166669]}},{"id":"3101","type":"Feature","properties":{"_pk_label":"PK 0+800","_voie":"RCA2"},"geometry":{"type":"Point","coordinates":[0.5878460500000013,47.03100216111109]}},{"id":"3121","type":"Feature","properties":{"_pk_label":"PK 0+900","_voie":"RCA2"},"geometry":{"type":"Point","coordinates":[0.5873516000000008,47.0318365083333]}},{"id":"3161","type":"Feature","properties":{"_pk_label":"PK 1+100","_voie":"RCA2"},"geometry":{"type":"Point","coordinates":[0.5865485666666672,47.033550633333306]}},{"id":"3181","type":"Feature","properties":{"_pk_label":"PK 1+200","_voie":"RCA2"},"geometry":{"type":"Point","coordinates":[0.5862419916666671,47.034426127777806]}},{"id":"3201","type":"Feature","properties":{"_pk_label":"PK 1+300","_voie":"RCA2"},"geometry":{"type":"Point","coordinates":[0.5859997944444455,47.035311002777796]}},{"id":"3221","type":"Feature","properties":{"_pk_label":"PK 1+400","_voie":"RCA2"},"geometry":{"type":"Point","coordinates":[0.5858225777777786,47.0362030472222]}},{"id":"3241","type":"Feature","properties":{"_pk_label":"PK 1+500","_voie":"RCA2"},"geometry":{"type":"Point","coordinates":[0.5857107888888898,47.037100030555585]}},{"id":"3261","type":"Feature","properties":{"_pk_label":"PK 1+600","_voie":"RCA2"},"geometry":{"type":"Point","coordinates":[0.5856647138888896,47.037999713888894]}},{"id":"3281","type":"Feature","properties":{"_pk_label":"PK 1+700","_voie":"RCA2"},"geometry":{"type":"Point","coordinates":[0.5856844666666682,47.0388998472222]}},{"id":"3301","type":"Feature","properties":{"_pk_label":"PK 1+800","_voie":"RCA2"},"geometry":{"type":"Point","coordinates":[0.5857660111111114,47.0397983916667]}},{"id":"3321","type":"Feature","properties":{"_pk_label":"PK 1+900","_voie":"RCA2"},"geometry":{"type":"Point","coordinates":[0.5858676388888889,47.04069603333328]}},{"id":"3361","type":"Feature","properties":{"_pk_label":"PK 2+100","_voie":"RCA2"},"geometry":{"type":"Point","coordinates":[0.5860716333333329,47.04249127777781]}},{"id":"3381","type":"Feature","properties":{"_pk_label":"PK 2+200","_voie":"RCA2"},"geometry":{"type":"Point","coordinates":[0.5862058722222225,47.043386813888894]}},{"id":"3401","type":"Feature","properties":{"_pk_label":"PK 2+300","_voie":"RCA2"},"geometry":{"type":"Point","coordinates":[0.5864348027777784,47.0442731722222]}},{"id":"3421","type":"Feature","properties":{"_pk_label":"PK 2+400","_voie":"RCA2"},"geometry":{"type":"Point","coordinates":[0.5867708750000015,47.045143425000006]}},{"id":"3441","type":"Feature","properties":{"_pk_label":"PK 2+500","_voie":"RCA2"},"geometry":{"type":"Point","coordinates":[0.5872117638888893,47.0459915388889]}},{"id":"3461","type":"Feature","properties":{"_pk_label":"PK 2+600","_voie":"RCA2"},"geometry":{"type":"Point","coordinates":[0.587754416666667,47.04681161944441]}},{"id":"3481","type":"Feature","properties":{"_pk_label":"PK 2+700","_voie":"RCA2"},"geometry":{"type":"Point","coordinates":[0.5883950694444453,47.04759797500001]}},{"id":"3501","type":"Feature","properties":{"_pk_label":"PK 2+800","_voie":"RCA2"},"geometry":{"type":"Point","coordinates":[0.5891292777777781,47.04834515000001]}},{"id":"3521","type":"Feature","properties":{"_pk_label":"PK 2+900","_voie":"RCA2"},"geometry":{"type":"Point","coordinates":[0.5899519472222217,47.04904795277779]}},{"id":"3561","type":"Feature","properties":{"_pk_label":"PK 3+100","_voie":"RCA2"},"geometry":{"type":"Point","coordinates":[0.5918315888888898,47.05030729999999]}},{"id":"3581","type":"Feature","properties":{"_pk_label":"PK 3+200","_voie":"RCA2"},"geometry":{"type":"Point","coordinates":[0.5928298555555569,47.05089470833329]}},{"id":"3601","type":"Feature","properties":{"_pk_label":"PK 3+300","_voie":"RCA2"},"geometry":{"type":"Point","coordinates":[0.5938287916666671,47.05148159722219]}},{"id":"3621","type":"Feature","properties":{"_pk_label":"PK 3+400","_voie":"RCA2"},"geometry":{"type":"Point","coordinates":[0.5948277500000003,47.052068475]}},{"id":"3641","type":"Feature","properties":{"_pk_label":"PK 3+500","_voie":"RCA2"},"geometry":{"type":"Point","coordinates":[0.5958233805555555,47.05265798611111]}},{"id":"3661","type":"Feature","properties":{"_pk_label":"PK 3+600","_voie":"RCA2"},"geometry":{"type":"Point","coordinates":[0.5967976277777788,47.0532639277778]}},{"id":"3681","type":"Feature","properties":{"_pk_label":"PK 3+700","_voie":"RCA2"},"geometry":{"type":"Point","coordinates":[0.597746222222222,47.053888602777796]}},{"id":"3701","type":"Feature","properties":{"_pk_label":"PK 3+800","_voie":"RCA2"},"geometry":{"type":"Point","coordinates":[0.5986792583333338,47.0545241777778]}},{"id":"3721","type":"Feature","properties":{"_pk_label":"PK 3+900","_voie":"RCA2"},"geometry":{"type":"Point","coordinates":[0.5996118083333336,47.055160094444396]}},{"id":"3757","type":"Feature","properties":{"_pk_label":"PK 0+100","_voie":"RMA1"},"geometry":{"type":"Point","coordinates":[0.34982559166666816,46.60918348611109]}},{"id":"3777","type":"Feature","properties":{"_pk_label":"PK 0+200","_voie":"RMA1"},"geometry":{"type":"Point","coordinates":[0.3501559972222227,46.6100546527778]}},{"id":"3797","type":"Feature","properties":{"_pk_label":"PK 0+300","_voie":"RMA1"},"geometry":{"type":"Point","coordinates":[0.3504905305555568,46.61092506944439]}},{"id":"3817","type":"Feature","properties":{"_pk_label":"PK 0+400","_voie":"RMA1"},"geometry":{"type":"Point","coordinates":[0.35085212777777797,46.6117903055556]}},{"id":"3837","type":"Feature","properties":{"_pk_label":"PK 0+500","_voie":"RMA1"},"geometry":{"type":"Point","coordinates":[0.351245408333333,46.6126489583333]}},{"id":"3859","type":"Feature","properties":{"_pk_label":"PK 0+600","_voie":"RMA1"},"geometry":{"type":"Point","coordinates":[0.3516639861111119,46.6135019333333]}},{"id":"3879","type":"Feature","properties":{"_pk_label":"PK 0+700","_voie":"RMA1"},"geometry":{"type":"Point","coordinates":[0.35208497500000074,46.614354347222196]}},{"id":"3899","type":"Feature","properties":{"_pk_label":"PK 0+800","_voie":"RMA1"},"geometry":{"type":"Point","coordinates":[0.3524757444444447,46.61521346944441]}},{"id":"3920","type":"Feature","properties":{"_pk_label":"PK 0+900","_voie":"RMA1"},"geometry":{"type":"Point","coordinates":[0.3527710194444447,46.6160902916667]}},{"id":"3960","type":"Feature","properties":{"_pk_label":"PK 1+100","_voie":"RMA1"},"geometry":{"type":"Point","coordinates":[0.35300998888889007,46.6178811166667]}},{"id":"3980","type":"Feature","properties":{"_pk_label":"PK 1+200","_voie":"RMA1"},"geometry":{"type":"Point","coordinates":[0.3529516583333332,46.6187803361111]}},{"id":"4001","type":"Feature","properties":{"_pk_label":"PK 1+300","_voie":"RMA1"},"geometry":{"type":"Point","coordinates":[0.35278060277777845,46.6196728055556]}},{"id":"4021","type":"Feature","properties":{"_pk_label":"PK 1+400","_voie":"RMA1"},"geometry":{"type":"Point","coordinates":[0.3525506861111114,46.620559175]}},{"id":"4041","type":"Feature","properties":{"_pk_label":"PK 1+500","_voie":"RMA1"},"geometry":{"type":"Point","coordinates":[0.3523151555555563,46.62144486666671]}},{"id":"4061","type":"Feature","properties":{"_pk_label":"PK 1+600","_voie":"RMA1"},"geometry":{"type":"Point","coordinates":[0.35207961944444444,46.6223305472222]}},{"id":"4081","type":"Feature","properties":{"_pk_label":"PK 1+700","_voie":"RMA1"},"geometry":{"type":"Point","coordinates":[0.3518440749999994,46.6232162361111]}},{"id":"4101","type":"Feature","properties":{"_pk_label":"PK 1+800","_voie":"RMA1"},"geometry":{"type":"Point","coordinates":[0.35160852500000006,46.624101913888914]}},{"id":"4121","type":"Feature","properties":{"_pk_label":"PK 1+900","_voie":"RMA1"},"geometry":{"type":"Point","coordinates":[0.35137296388889033,46.62498760277781]}},{"id":"4161","type":"Feature","properties":{"_pk_label":"PK 2+100","_voie":"RMA1"},"geometry":{"type":"Point","coordinates":[0.3509018222222238,46.6267589666667]}},{"id":"4181","type":"Feature","properties":{"_pk_label":"PK 2+200","_voie":"RMA1"},"geometry":{"type":"Point","coordinates":[0.3506662416666678,46.627644644444395]}},{"id":"4201","type":"Feature","properties":{"_pk_label":"PK 2+300","_voie":"RMA1"},"geometry":{"type":"Point","coordinates":[0.35043065000000023,46.62853033055561]}},{"id":"4221","type":"Feature","properties":{"_pk_label":"PK 2+400","_voie":"RMA1"},"geometry":{"type":"Point","coordinates":[0.35019505277777874,46.629416005555605]}},{"id":"4241","type":"Feature","properties":{"_pk_label":"PK 2+500","_voie":"RMA1"},"geometry":{"type":"Point","coordinates":[0.3499594472222225,46.63030168055559]}},{"id":"4261","type":"Feature","properties":{"_pk_label":"PK 2+600","_voie":"RMA1"},"geometry":{"type":"Point","coordinates":[0.34972947500000134,46.6311878444444]}},{"id":"4281","type":"Feature","properties":{"_pk_label":"PK 2+700","_voie":"RMA1"},"geometry":{"type":"Point","coordinates":[0.34952736666666795,46.63207686111109]}},{"id":"4301","type":"Feature","properties":{"_pk_label":"PK 2+800","_voie":"RMA1"},"geometry":{"type":"Point","coordinates":[0.3493672138888895,46.6329698666667]}},{"id":"4321","type":"Feature","properties":{"_pk_label":"PK 2+900","_voie":"RMA1"},"geometry":{"type":"Point","coordinates":[0.34924991666666655,46.633866025]}},{"id":"4361","type":"Feature","properties":{"_pk_label":"PK 3+100","_voie":"RMA1"},"geometry":{"type":"Point","coordinates":[0.3491443722222223,46.6356638916667]}},{"id":"4381","type":"Feature","properties":{"_pk_label":"PK 3+200","_voie":"RMA1"},"geometry":{"type":"Point","coordinates":[0.3491562500000011,46.63656364166669]}},{"id":"4401","type":"Feature","properties":{"_pk_label":"PK 3+300","_voie":"RMA1"},"geometry":{"type":"Point","coordinates":[0.3492112083333325,46.63746263888891]}},{"id":"4421","type":"Feature","properties":{"_pk_label":"PK 3+400","_voie":"RMA1"},"geometry":{"type":"Point","coordinates":[0.34930922222222194,46.63835989444439]}},{"id":"4441","type":"Feature","properties":{"_pk_label":"PK 3+500","_voie":"RMA1"},"geometry":{"type":"Point","coordinates":[0.3494501722222215,46.6392544305556]}},{"id":"4461","type":"Feature","properties":{"_pk_label":"PK 3+600","_voie":"RMA1"},"geometry":{"type":"Point","coordinates":[0.34963389722222266,46.64014528055558]}},{"id":"4481","type":"Feature","properties":{"_pk_label":"PK 3+700","_voie":"RMA1"},"geometry":{"type":"Point","coordinates":[0.3498602083333332,46.641031463888886]}},{"id":"4501","type":"Feature","properties":{"_pk_label":"PK 3+800","_voie":"RMA1"},"geometry":{"type":"Point","coordinates":[0.3501288722222232,46.64191202222221]}},{"id":"4521","type":"Feature","properties":{"_pk_label":"PK 3+900","_voie":"RMA1"},"geometry":{"type":"Point","coordinates":[0.35043958055555646,46.64278600277779]}},{"id":"4561","type":"Feature","properties":{"_pk_label":"PK 4+100","_voie":"RMA1"},"geometry":{"type":"Point","coordinates":[0.3511667333333329,46.64451496944441]}},{"id":"4581","type":"Feature","properties":{"_pk_label":"PK 4+200","_voie":"RMA1"},"geometry":{"type":"Point","coordinates":[0.35154673055555663,46.645376516666694]}},{"id":"4601","type":"Feature","properties":{"_pk_label":"PK 4+300","_voie":"RMA1"},"geometry":{"type":"Point","coordinates":[0.35192672777777795,46.64623808333329]}},{"id":"4621","type":"Feature","properties":{"_pk_label":"PK 4+400","_voie":"RMA1"},"geometry":{"type":"Point","coordinates":[0.3522997722222232,46.64710106388888]}},{"id":"4641","type":"Feature","properties":{"_pk_label":"PK 4+500","_voie":"RMA1"},"geometry":{"type":"Point","coordinates":[0.35264291111111173,46.64796988333332]}},{"id":"4661","type":"Feature","properties":{"_pk_label":"PK 4+600","_voie":"RMA1"},"geometry":{"type":"Point","coordinates":[0.3529343333333334,46.64884758888889]}},{"id":"4681","type":"Feature","properties":{"_pk_label":"PK 4+700","_voie":"RMA1"},"geometry":{"type":"Point","coordinates":[0.35316885555555694,46.64973333055559]}},{"id":"4701","type":"Feature","properties":{"_pk_label":"PK 4+800","_voie":"RMA1"},"geometry":{"type":"Point","coordinates":[0.3533460111111114,46.6506253777778]}},{"id":"4721","type":"Feature","properties":{"_pk_label":"PK 4+900","_voie":"RMA1"},"geometry":{"type":"Point","coordinates":[0.3534717333333338,46.65152158888888]}},{"id":"4761","type":"Feature","properties":{"_pk_label":"PK 5+100","_voie":"RMA1"},"geometry":{"type":"Point","coordinates":[0.3536608916666684,46.653317713888896]}},{"id":"4781","type":"Feature","properties":{"_pk_label":"PK 5+200","_voie":"RMA1"},"geometry":{"type":"Point","coordinates":[0.3537526805555568,46.6542159138889]}},{"id":"4801","type":"Feature","properties":{"_pk_label":"PK 5+300","_voie":"RMA1"},"geometry":{"type":"Point","coordinates":[0.3538444750000003,46.655114116666695]}},{"id":"4821","type":"Feature","properties":{"_pk_label":"PK 5+400","_voie":"RMA1"},"geometry":{"type":"Point","coordinates":[0.35393625833333353,46.6560123166667]}},{"id":"4841","type":"Feature","properties":{"_pk_label":"PK 5+500","_voie":"RMA1"},"geometry":{"type":"Point","coordinates":[0.35402805833333345,46.6569105166667]}},{"id":"4861","type":"Feature","properties":{"_pk_label":"PK 5+600","_voie":"RMA1"},"geometry":{"type":"Point","coordinates":[0.35411985833333337,46.65780871666669]}},{"id":"4881","type":"Feature","properties":{"_pk_label":"PK 5+700","_voie":"RMA1"},"geometry":{"type":"Point","coordinates":[0.35421164999999977,46.65870692500001]}},{"id":"4901","type":"Feature","properties":{"_pk_label":"PK 5+800","_voie":"RMA1"},"geometry":{"type":"Point","coordinates":[0.3543034583333336,46.659605125]}},{"id":"4921","type":"Feature","properties":{"_pk_label":"PK 5+900","_voie":"RMA1"},"geometry":{"type":"Point","coordinates":[0.35439526944444466,46.660503322222205]}},{"id":"4961","type":"Feature","properties":{"_pk_label":"PK 6+100","_voie":"RMA1"},"geometry":{"type":"Point","coordinates":[0.35458018888888987,46.6622996527778]}},{"id":"4991","type":"Feature","properties":{"_pk_label":"PK 0+300","_voie":"RMA2"},"geometry":{"type":"Point","coordinates":[0.3503008972222225,46.61080539722221]}},{"id":"5011","type":"Feature","properties":{"_pk_label":"PK 0+400","_voie":"RMA2"},"geometry":{"type":"Point","coordinates":[0.35057306111111125,46.61168607222219]}},{"id":"5031","type":"Feature","properties":{"_pk_label":"PK 0+500","_voie":"RMA2"},"geometry":{"type":"Point","coordinates":[0.3508452444444451,46.612566755555605]}},{"id":"5051","type":"Feature","properties":{"_pk_label":"PK 0+600","_voie":"RMA2"},"geometry":{"type":"Point","coordinates":[0.35111742500000015,46.61344742777781]}},{"id":"5071","type":"Feature","properties":{"_pk_label":"PK 0+700","_voie":"RMA2"},"geometry":{"type":"Point","coordinates":[0.35138962500000104,46.61432810833328]}},{"id":"5091","type":"Feature","properties":{"_pk_label":"PK 0+800","_voie":"RMA2"},"geometry":{"type":"Point","coordinates":[0.35166183611111157,46.61520878888889]}},{"id":"5111","type":"Feature","properties":{"_pk_label":"PK 0+900","_voie":"RMA2"},"geometry":{"type":"Point","coordinates":[0.35193404444444526,46.61608945833331]}},{"id":"5151","type":"Feature","properties":{"_pk_label":"PK 1+100","_voie":"RMA2"},"geometry":{"type":"Point","coordinates":[0.352437133333333,46.61785630277781]}},{"id":"5171","type":"Feature","properties":{"_pk_label":"PK 1+200","_voie":"RMA2"},"geometry":{"type":"Point","coordinates":[0.35256611111111147,46.61875201944439]}},{"id":"5191","type":"Feature","properties":{"_pk_label":"PK 1+300","_voie":"RMA2"},"geometry":{"type":"Point","coordinates":[0.3525765472222224,46.619652116666714]}},{"id":"5211","type":"Feature","properties":{"_pk_label":"PK 1+400","_voie":"RMA2"},"geometry":{"type":"Point","coordinates":[0.35246840277777836,46.62054914722219]}},{"id":"5231","type":"Feature","properties":{"_pk_label":"PK 1+500","_voie":"RMA2"},"geometry":{"type":"Point","coordinates":[0.3522632500000009,46.6214383138889]}},{"id":"5251","type":"Feature","properties":{"_pk_label":"PK 1+600","_voie":"RMA2"},"geometry":{"type":"Point","coordinates":[0.35202819444444516,46.6223240611111]}},{"id":"5271","type":"Feature","properties":{"_pk_label":"PK 1+700","_voie":"RMA2"},"geometry":{"type":"Point","coordinates":[0.35179265000000054,46.62320974166669]}},{"id":"5291","type":"Feature","properties":{"_pk_label":"PK 1+800","_voie":"RMA2"},"geometry":{"type":"Point","coordinates":[0.3515570972222224,46.6240954194444]}},{"id":"5311","type":"Feature","properties":{"_pk_label":"PK 1+900","_voie":"RMA2"},"geometry":{"type":"Point","coordinates":[0.35132153611111144,46.624981108333316]}},{"id":"5351","type":"Feature","properties":{"_pk_label":"PK 2+100","_voie":"RMA2"},"geometry":{"type":"Point","coordinates":[0.3508503916666669,46.62675247222219]}},{"id":"5371","type":"Feature","properties":{"_pk_label":"PK 2+200","_voie":"RMA2"},"geometry":{"type":"Point","coordinates":[0.35061480833333336,46.627638149999996]}},{"id":"5391","type":"Feature","properties":{"_pk_label":"PK 2+300","_voie":"RMA2"},"geometry":{"type":"Point","coordinates":[0.350379219444445,46.628523824999995]}},{"id":"5411","type":"Feature","properties":{"_pk_label":"PK 2+400","_voie":"RMA2"},"geometry":{"type":"Point","coordinates":[0.3501436194444443,46.62940950833329]}},{"id":"5431","type":"Feature","properties":{"_pk_label":"PK 2+500","_voie":"RMA2"},"geometry":{"type":"Point","coordinates":[0.3499080138888892,46.630295191666704]}},{"id":"5451","type":"Feature","properties":{"_pk_label":"PK 2+600","_voie":"RMA2"},"geometry":{"type":"Point","coordinates":[0.34967794166666744,46.631181769444396]}},{"id":"5471","type":"Feature","properties":{"_pk_label":"PK 2+700","_voie":"RMA2"},"geometry":{"type":"Point","coordinates":[0.34947558611111107,46.63207185277779]}},{"id":"5491","type":"Feature","properties":{"_pk_label":"PK 2+800","_voie":"RMA2"},"geometry":{"type":"Point","coordinates":[0.34931521666666665,46.63296604166671]}},{"id":"5511","type":"Feature","properties":{"_pk_label":"PK 2+900","_voie":"RMA2"},"geometry":{"type":"Point","coordinates":[0.3491977694444441,46.63386337777779]}},{"id":"5551","type":"Feature","properties":{"_pk_label":"PK 3+100","_voie":"RMA2"},"geometry":{"type":"Point","coordinates":[0.34909208055555585,46.63566361944441]}},{"id":"5571","type":"Feature","properties":{"_pk_label":"PK 3+200","_voie":"RMA2"},"geometry":{"type":"Point","coordinates":[0.34910397777777896,46.636564569444396]}},{"id":"5591","type":"Feature","properties":{"_pk_label":"PK 3+300","_voie":"RMA2"},"geometry":{"type":"Point","coordinates":[0.3491590083333336,46.63746474722219]}},{"id":"5611","type":"Feature","properties":{"_pk_label":"PK 3+400","_voie":"RMA2"},"geometry":{"type":"Point","coordinates":[0.3492571472222219,46.63836318611108]}},{"id":"5631","type":"Feature","properties":{"_pk_label":"PK 3+500","_voie":"RMA2"},"geometry":{"type":"Point","coordinates":[0.3493982861111116,46.63925890555559]}},{"id":"5651","type":"Feature","properties":{"_pk_label":"PK 3+600","_voie":"RMA2"},"geometry":{"type":"Point","coordinates":[0.3495822527777786,46.6401509333333]}},{"id":"5671","type":"Feature","properties":{"_pk_label":"PK 3+700","_voie":"RMA2"},"geometry":{"type":"Point","coordinates":[0.34980886111111104,46.64103828611109]}},{"id":"5691","type":"Feature","properties":{"_pk_label":"PK 3+800","_voie":"RMA2"},"geometry":{"type":"Point","coordinates":[0.3500778722222223,46.641920013888914]}},{"id":"5711","type":"Feature","properties":{"_pk_label":"PK 3+900","_voie":"RMA2"},"geometry":{"type":"Point","coordinates":[0.3503889944444452,46.6427951388889]}},{"id":"5751","type":"Feature","properties":{"_pk_label":"PK 4+100","_voie":"RMA2"},"geometry":{"type":"Point","coordinates":[0.351116697222223,46.6445254333333]}},{"id":"5771","type":"Feature","properties":{"_pk_label":"PK 4+200","_voie":"RMA2"},"geometry":{"type":"Point","coordinates":[0.35149669166666714,46.64538699166672]}},{"id":"5791","type":"Feature","properties":{"_pk_label":"PK 4+300","_voie":"RMA2"},"geometry":{"type":"Point","coordinates":[0.3518740861111107,46.6462490833333]}},{"id":"5811","type":"Feature","properties":{"_pk_label":"PK 4+400","_voie":"RMA2"},"geometry":{"type":"Point","coordinates":[0.3522283194444445,46.64711580000001]}},{"id":"5831","type":"Feature","properties":{"_pk_label":"PK 4+500","_voie":"RMA2"},"geometry":{"type":"Point","coordinates":[0.3525317027777785,46.647991558333295]}},{"id":"5851","type":"Feature","properties":{"_pk_label":"PK 4+600","_voie":"RMA2"},"geometry":{"type":"Point","coordinates":[0.3527700583333337,46.64887679444441]}},{"id":"5871","type":"Feature","properties":{"_pk_label":"PK 4+700","_voie":"RMA2"},"geometry":{"type":"Point","coordinates":[0.35294225000000007,46.6497692777778]}},{"id":"5891","type":"Feature","properties":{"_pk_label":"PK 4+800","_voie":"RMA2"},"geometry":{"type":"Point","coordinates":[0.35304815277777873,46.65066664444439]}},{"id":"5911","type":"Feature","properties":{"_pk_label":"PK 4+900","_voie":"RMA2"},"geometry":{"type":"Point","coordinates":[0.353100188888889,46.6515663166667]}},{"id":"5951","type":"Feature","properties":{"_pk_label":"PK 5+100","_voie":"RMA2"},"geometry":{"type":"Point","coordinates":[0.35314925555555554,46.653366850000005]}},{"id":"5971","type":"Feature","properties":{"_pk_label":"PK 5+200","_voie":"RMA2"},"geometry":{"type":"Point","coordinates":[0.3531720888888888,46.6542671333333]}},{"id":"5991","type":"Feature","properties":{"_pk_label":"PK 5+300","_voie":"RMA2"},"geometry":{"type":"Point","coordinates":[0.3531949361111115,46.65516741944441]}},{"id":"6011","type":"Feature","properties":{"_pk_label":"PK 5+400","_voie":"RMA2"},"geometry":{"type":"Point","coordinates":[0.3532191722222225,46.65606768333331]}},{"id":"6031","type":"Feature","properties":{"_pk_label":"PK 5+500","_voie":"RMA2"},"geometry":{"type":"Point","coordinates":[0.35326151944444484,46.656967616666705]}},{"id":"6051","type":"Feature","properties":{"_pk_label":"PK 5+600","_voie":"RMA2"},"geometry":{"type":"Point","coordinates":[0.35334661111111165,46.657866066666685]}},{"id":"6072","type":"Feature","properties":{"_pk_label":"PK 5+700","_voie":"RMA2"},"geometry":{"type":"Point","coordinates":[0.35348369444444416,46.65876146666668]}},{"id":"6092","type":"Feature","properties":{"_pk_label":"PK 5+800","_voie":"RMA2"},"geometry":{"type":"Point","coordinates":[0.35366698333333374,46.65965297777778]}},{"id":"6112","type":"Feature","properties":{"_pk_label":"PK 5+900","_voie":"RMA2"},"geometry":{"type":"Point","coordinates":[0.353873525000001,46.660542094444395]}},{"id":"6152","type":"Feature","properties":{"_pk_label":"PK 6+100","_voie":"RMA2"},"geometry":{"type":"Point","coordinates":[0.3542920555555561,46.662319733333284]}},{"id":"6172","type":"Feature","properties":{"_pk_label":"PK 6+200","_voie":"RMA2"},"geometry":{"type":"Point","coordinates":[0.3544866222222227,46.66321012222222]}},{"id":"6192","type":"Feature","properties":{"_pk_label":"PK 6+300","_voie":"RMA2"},"geometry":{"type":"Point","coordinates":[0.3546533777777776,46.66410317500001]}},{"id":"6212","type":"Feature","properties":{"_pk_label":"PK 6+400","_voie":"RMA2"},"geometry":{"type":"Point","coordinates":[0.3547947916666666,46.66499831111109]}},{"id":"6232","type":"Feature","properties":{"_pk_label":"PK 6+500","_voie":"RMA2"},"geometry":{"type":"Point","coordinates":[0.35492889444444353,46.66589398888887]}},{"id":"6252","type":"Feature","properties":{"_pk_label":"PK 6+600","_voie":"RMA2"},"geometry":{"type":"Point","coordinates":[0.3550629777777781,46.666789663888885]}},{"id":"6272","type":"Feature","properties":{"_pk_label":"PK 6+700","_voie":"RMA2"},"geometry":{"type":"Point","coordinates":[0.35519706388889033,46.6676853416667]}},{"id":"6310","type":"Feature","properties":{"_pk_label":"PK 0+100","_voie":"RFN1"},"geometry":{"type":"Point","coordinates":[0.2156347138888907,46.49968823611109]}},{"id":"6332","type":"Feature","properties":{"_pk_label":"PK 0+200","_voie":"RFN1"},"geometry":{"type":"Point","coordinates":[0.2165408416666678,46.500335724999985]}},{"id":"6352","type":"Feature","properties":{"_pk_label":"PK 0+300","_voie":"RFN1"},"geometry":{"type":"Point","coordinates":[0.21744082222222266,46.500987319444384]}},{"id":"6372","type":"Feature","properties":{"_pk_label":"PK 0+400","_voie":"RFN1"},"geometry":{"type":"Point","coordinates":[0.2183408277777786,46.5016389055556]}},{"id":"6392","type":"Feature","properties":{"_pk_label":"PK 0+500","_voie":"RFN1"},"geometry":{"type":"Point","coordinates":[0.21924085000000004,46.5022904861111]}},{"id":"6412","type":"Feature","properties":{"_pk_label":"PK 0+600","_voie":"RFN1"},"geometry":{"type":"Point","coordinates":[0.22014089722222252,46.50294206111109]}},{"id":"6432","type":"Feature","properties":{"_pk_label":"PK 0+700","_voie":"RFN1"},"geometry":{"type":"Point","coordinates":[0.22104336111111184,46.50359203888889]}},{"id":"6452","type":"Feature","properties":{"_pk_label":"PK 0+800","_voie":"RFN1"},"geometry":{"type":"Point","coordinates":[0.2219813194444444,46.5042173555556]}},{"id":"6472","type":"Feature","properties":{"_pk_label":"PK 0+900","_voie":"RFN1"},"geometry":{"type":"Point","coordinates":[0.22299194722222324,46.504785933333295]}},{"id":"6512","type":"Feature","properties":{"_pk_label":"PK 1+100","_voie":"RFN1"},"geometry":{"type":"Point","coordinates":[0.22518220000000003,46.50576238888889]}},{"id":"6532","type":"Feature","properties":{"_pk_label":"PK 1+200","_voie":"RFN1"},"geometry":{"type":"Point","coordinates":[0.22629723333333351,46.506229352777794]}},{"id":"6553","type":"Feature","properties":{"_pk_label":"PK 1+300","_voie":"RFN1"},"geometry":{"type":"Point","coordinates":[0.22741038055555637,46.50669845833332]}},{"id":"6573","type":"Feature","properties":{"_pk_label":"PK 1+400","_voie":"RFN1"},"geometry":{"type":"Point","coordinates":[0.22849572500000076,46.50719736388889]}},{"id":"6593","type":"Feature","properties":{"_pk_label":"PK 1+500","_voie":"RFN1"},"geometry":{"type":"Point","coordinates":[0.22952229722222237,46.50775231666672]}},{"id":"6613","type":"Feature","properties":{"_pk_label":"PK 1+600","_voie":"RFN1"},"geometry":{"type":"Point","coordinates":[0.23048137777778016,46.508362130555604]}},{"id":"6633","type":"Feature","properties":{"_pk_label":"PK 1+700","_voie":"RFN1"},"geometry":{"type":"Point","coordinates":[0.2313668305555567,46.50902290277779]}},{"id":"6653","type":"Feature","properties":{"_pk_label":"PK 1+800","_voie":"RFN1"},"geometry":{"type":"Point","coordinates":[0.23217298888888904,46.509730413888896]}},{"id":"6673","type":"Feature","properties":{"_pk_label":"PK 1+900","_voie":"RFN1"},"geometry":{"type":"Point","coordinates":[0.2328947027777793,46.5104801361111]}},{"id":"6714","type":"Feature","properties":{"_pk_label":"PK 2+100","_voie":"RFN1"},"geometry":{"type":"Point","coordinates":[0.23406688333333311,46.512086802777816]}},{"id":"6734","type":"Feature","properties":{"_pk_label":"PK 2+200","_voie":"RFN1"},"geometry":{"type":"Point","coordinates":[0.23452643611111118,46.512929424999996]}},{"id":"6754","type":"Feature","properties":{"_pk_label":"PK 2+300","_voie":"RFN1"},"geometry":{"type":"Point","coordinates":[0.2349637277777784,46.5137777555556]}},{"id":"6774","type":"Feature","properties":{"_pk_label":"PK 2+400","_voie":"RFN1"},"geometry":{"type":"Point","coordinates":[0.23540089166666794,46.514626119444394]}},{"id":"6794","type":"Feature","properties":{"_pk_label":"PK 2+500","_voie":"RFN1"},"geometry":{"type":"Point","coordinates":[0.2358380694444446,46.51547447777781]}},{"id":"6814","type":"Feature","properties":{"_pk_label":"PK 2+600","_voie":"RFN1"},"geometry":{"type":"Point","coordinates":[0.236275261111112,46.51632283888889]}},{"id":"6834","type":"Feature","properties":{"_pk_label":"PK 2+700","_voie":"RFN1"},"geometry":{"type":"Point","coordinates":[0.23671246666666731,46.51717119722218]}},{"id":"6854","type":"Feature","properties":{"_pk_label":"PK 2+800","_voie":"RFN1"},"geometry":{"type":"Point","coordinates":[0.23714968611111095,46.518019552777794]}},{"id":"6874","type":"Feature","properties":{"_pk_label":"PK 2+900","_voie":"RFN1"},"geometry":{"type":"Point","coordinates":[0.2375869166666677,46.518867905555595]}},{"id":"6914","type":"Feature","properties":{"_pk_label":"PK 3+100","_voie":"RFN1"},"geometry":{"type":"Point","coordinates":[0.2384614222222222,46.5205646083333]}},{"id":"6934","type":"Feature","properties":{"_pk_label":"PK 3+200","_voie":"RFN1"},"geometry":{"type":"Point","coordinates":[0.2388986972222219,46.5214129555556]}},{"id":"6954","type":"Feature","properties":{"_pk_label":"PK 3+300","_voie":"RFN1"},"geometry":{"type":"Point","coordinates":[0.23933598333333356,46.52226130277779]}},{"id":"6974","type":"Feature","properties":{"_pk_label":"PK 3+400","_voie":"RFN1"},"geometry":{"type":"Point","coordinates":[0.23977328333333472,46.523109647222185]}},{"id":"6994","type":"Feature","properties":{"_pk_label":"PK 3+500","_voie":"RFN1"},"geometry":{"type":"Point","coordinates":[0.24021079722222272,46.52395793888889]}},{"id":"7014","type":"Feature","properties":{"_pk_label":"PK 3+600","_voie":"RFN1"},"geometry":{"type":"Point","coordinates":[0.24065360277777853,46.524804925000005]}},{"id":"7034","type":"Feature","properties":{"_pk_label":"PK 3+700","_voie":"RFN1"},"geometry":{"type":"Point","coordinates":[0.24110459166666676,46.52564985277781]}},{"id":"7054","type":"Feature","properties":{"_pk_label":"PK 3+800","_voie":"RFN1"},"geometry":{"type":"Point","coordinates":[0.2415611833333343,46.5264933472222]}},{"id":"7074","type":"Feature","properties":{"_pk_label":"PK 3+900","_voie":"RFN1"},"geometry":{"type":"Point","coordinates":[0.24201806944444496,46.52733676666669]}},{"id":"7114","type":"Feature","properties":{"_pk_label":"PK 0+300","_voie":"RFN2"},"geometry":{"type":"Point","coordinates":[0.2174408194444443,46.5009873138889]}},{"id":"7134","type":"Feature","properties":{"_pk_label":"PK 0+400","_voie":"RFN2"},"geometry":{"type":"Point","coordinates":[0.21831387222222293,46.501656030555594]}},{"id":"7154","type":"Feature","properties":{"_pk_label":"PK 0+500","_voie":"RFN2"},"geometry":{"type":"Point","coordinates":[0.2191645805555572,46.5023384694444]}},{"id":"7174","type":"Feature","properties":{"_pk_label":"PK 0+600","_voie":"RFN2"},"geometry":{"type":"Point","coordinates":[0.22001347777777885,46.503021991666685]}},{"id":"7194","type":"Feature","properties":{"_pk_label":"PK 0+700","_voie":"RFN2"},"geometry":{"type":"Point","coordinates":[0.22088044166666695,46.5036945027778]}},{"id":"7214","type":"Feature","properties":{"_pk_label":"PK 0+800","_voie":"RFN2"},"geometry":{"type":"Point","coordinates":[0.22182076388888902,46.504317827777825]}},{"id":"7234","type":"Feature","properties":{"_pk_label":"PK 0+900","_voie":"RFN2"},"geometry":{"type":"Point","coordinates":[0.22284838333333354,46.504871555555596]}},{"id":"7274","type":"Feature","properties":{"_pk_label":"PK 1+100","_voie":"RFN2"},"geometry":{"type":"Point","coordinates":[0.22506764444444405,46.50581674444441]}},{"id":"7294","type":"Feature","properties":{"_pk_label":"PK 1+200","_voie":"RFN2"},"geometry":{"type":"Point","coordinates":[0.2261894555555566,46.506275900000006]}},{"id":"7315","type":"Feature","properties":{"_pk_label":"PK 1+300","_voie":"RFN2"},"geometry":{"type":"Point","coordinates":[0.22728841666666685,46.5067604277778]}},{"id":"7335","type":"Feature","properties":{"_pk_label":"PK 1+400","_voie":"RFN2"},"geometry":{"type":"Point","coordinates":[0.2283298500000005,46.50730197499999]}},{"id":"7355","type":"Feature","properties":{"_pk_label":"PK 1+500","_voie":"RFN2"},"geometry":{"type":"Point","coordinates":[0.22930240833333296,46.50790148888888]}},{"id":"7375","type":"Feature","properties":{"_pk_label":"PK 1+600","_voie":"RFN2"},"geometry":{"type":"Point","coordinates":[0.23019933611111176,46.508554811111104]}},{"id":"7395","type":"Feature","properties":{"_pk_label":"PK 1+700","_voie":"RFN2"},"geometry":{"type":"Point","coordinates":[0.23101441388888916,46.5092574055556]}},{"id":"7415","type":"Feature","properties":{"_pk_label":"PK 1+800","_voie":"RFN2"},"geometry":{"type":"Point","coordinates":[0.2317419805555565,46.51000440000001]}},{"id":"7435","type":"Feature","properties":{"_pk_label":"PK 1+900","_voie":"RFN2"},"geometry":{"type":"Point","coordinates":[0.23237698333333381,46.51079060833329]}},{"id":"7476","type":"Feature","properties":{"_pk_label":"PK 2+100","_voie":"RFN2"},"geometry":{"type":"Point","coordinates":[0.23342824166666823,46.51243834166671]}},{"id":"7496","type":"Feature","properties":{"_pk_label":"PK 2+200","_voie":"RFN2"},"geometry":{"type":"Point","coordinates":[0.23393232222222238,46.513268819444406]}},{"id":"7548","type":"Feature","properties":{"_pk_label":"PK 0+200","_voie":"RFS1"},"geometry":{"type":"Point","coordinates":[0.24444301388888914,46.513756258333295]}},{"id":"7568","type":"Feature","properties":{"_pk_label":"PK 0+300","_voie":"RFS1"},"geometry":{"type":"Point","coordinates":[0.24339474166666755,46.513220486111095]}},{"id":"7588","type":"Feature","properties":{"_pk_label":"PK 0+400","_voie":"RFS1"},"geometry":{"type":"Point","coordinates":[0.24234759444444404,46.512683672222195]}},{"id":"7608","type":"Feature","properties":{"_pk_label":"PK 0+500","_voie":"RFS1"},"geometry":{"type":"Point","coordinates":[0.241300466666668,46.51214684999999]}},{"id":"7628","type":"Feature","properties":{"_pk_label":"PK 0+600","_voie":"RFS1"},"geometry":{"type":"Point","coordinates":[0.24025335833333383,46.51161001944438]}},{"id":"7648","type":"Feature","properties":{"_pk_label":"PK 0+700","_voie":"RFS1"},"geometry":{"type":"Point","coordinates":[0.23920627222222277,46.511073177777796]}},{"id":"7668","type":"Feature","properties":{"_pk_label":"PK 0+800","_voie":"RFS1"},"geometry":{"type":"Point","coordinates":[0.23815985555555635,46.5105357277778]}},{"id":"7688","type":"Feature","properties":{"_pk_label":"PK 0+900","_voie":"RFS1"},"geometry":{"type":"Point","coordinates":[0.23713200833333353,46.5099815583333]}},{"id":"7728","type":"Feature","properties":{"_pk_label":"PK 1+100","_voie":"RFS1"},"geometry":{"type":"Point","coordinates":[0.23517651666666695,46.50879049444439]}},{"id":"7748","type":"Feature","properties":{"_pk_label":"PK 1+200","_voie":"RFS1"},"geometry":{"type":"Point","coordinates":[0.23425210000000024,46.5081554138889]}},{"id":"7768","type":"Feature","properties":{"_pk_label":"PK 1+300","_voie":"RFS1"},"geometry":{"type":"Point","coordinates":[0.2333652277777781,46.50749531388889]}},{"id":"7788","type":"Feature","properties":{"_pk_label":"PK 1+400","_voie":"RFS1"},"geometry":{"type":"Point","coordinates":[0.23251731666666808,46.5068112444444]}},{"id":"7808","type":"Feature","properties":{"_pk_label":"PK 1+500","_voie":"RFS1"},"geometry":{"type":"Point","coordinates":[0.23170972222222305,46.5061043083333]}},{"id":"7828","type":"Feature","properties":{"_pk_label":"PK 1+600","_voie":"RFS1"},"geometry":{"type":"Point","coordinates":[0.23094373888888928,46.50537563055559]}},{"id":"7848","type":"Feature","properties":{"_pk_label":"PK 1+700","_voie":"RFS1"},"geometry":{"type":"Point","coordinates":[0.23022059166666708,46.5046263833333]}},{"id":"7868","type":"Feature","properties":{"_pk_label":"PK 1+800","_voie":"RFS1"},"geometry":{"type":"Point","coordinates":[0.2295414333333328,46.503857761111085]}},{"id":"7888","type":"Feature","properties":{"_pk_label":"PK 1+900","_voie":"RFS1"},"geometry":{"type":"Point","coordinates":[0.2289073500000003,46.50307099722221]}},{"id":"7929","type":"Feature","properties":{"_pk_label":"PK 2+100","_voie":"RFS1"},"geometry":{"type":"Point","coordinates":[0.22777828611111167,46.50144813888889]}},{"id":"7949","type":"Feature","properties":{"_pk_label":"PK 2+200","_voie":"RFS1"},"geometry":{"type":"Point","coordinates":[0.22726622777777877,46.50062002222219]}},{"id":"7969","type":"Feature","properties":{"_pk_label":"PK 2+300","_voie":"RFS1"},"geometry":{"type":"Point","coordinates":[0.22675539722222218,46.4997915444444]}},{"id":"7989","type":"Feature","properties":{"_pk_label":"PK 2+400","_voie":"RFS1"},"geometry":{"type":"Point","coordinates":[0.2262445805555567,46.498963063888894]}},{"id":"8009","type":"Feature","properties":{"_pk_label":"PK 2+500","_voie":"RFS1"},"geometry":{"type":"Point","coordinates":[0.22573378055555712,46.49813458333328]}},{"id":"8029","type":"Feature","properties":{"_pk_label":"PK 2+600","_voie":"RFS1"},"geometry":{"type":"Point","coordinates":[0.2252229944444443,46.49730609999999]}},{"id":"8049","type":"Feature","properties":{"_pk_label":"PK 2+700","_voie":"RFS1"},"geometry":{"type":"Point","coordinates":[0.22471222777777813,46.49647761111109]}},{"id":"8069","type":"Feature","properties":{"_pk_label":"PK 2+800","_voie":"RFS1"},"geometry":{"type":"Point","coordinates":[0.2242014722222239,46.49564912222219]}},{"id":"8089","type":"Feature","properties":{"_pk_label":"PK 2+900","_voie":"RFS1"},"geometry":{"type":"Point","coordinates":[0.22369073333333359,46.4948206333333]}},{"id":"8129","type":"Feature","properties":{"_pk_label":"PK 3+100","_voie":"RFS1"},"geometry":{"type":"Point","coordinates":[0.22267018611111092,46.49316338333329]}},{"id":"8149","type":"Feature","properties":{"_pk_label":"PK 3+200","_voie":"RFS1"},"geometry":{"type":"Point","coordinates":[0.22216457777777857,46.4923334]}},{"id":"8189","type":"Feature","properties":{"_pk_label":"PK 3+400","_voie":"RFS1"},"geometry":{"type":"Point","coordinates":[0.22115895000000083,46.4906718361111]}},{"id":"8219","type":"Feature","properties":{"_pk_label":"PK 0+100","_voie":"RFS2"},"geometry":{"type":"Point","coordinates":[0.24658876111111133,46.514821694444386]}},{"id":"8239","type":"Feature","properties":{"_pk_label":"PK 0+200","_voie":"RFS2"},"geometry":{"type":"Point","coordinates":[0.24545281666666702,46.51437927777779]}},{"id":"8261","type":"Feature","properties":{"_pk_label":"PK 0+300","_voie":"RFS2"},"geometry":{"type":"Point","coordinates":[0.24429948333333207,46.513958788888914]}},{"id":"8281","type":"Feature","properties":{"_pk_label":"PK 0+400","_voie":"RFS2"},"geometry":{"type":"Point","coordinates":[0.24314380833333385,46.5135413694444]}},{"id":"8321","type":"Feature","properties":{"_pk_label":"PK 0+600","_voie":"RFS2"},"geometry":{"type":"Point","coordinates":[0.24083251388889032,46.5127064916667]}},{"id":"8342","type":"Feature","properties":{"_pk_label":"PK 0+700","_voie":"RFS2"},"geometry":{"type":"Point","coordinates":[0.23967763611111204,46.512288061111114]}},{"id":"8363","type":"Feature","properties":{"_pk_label":"PK 0+800","_voie":"RFS2"},"geometry":{"type":"Point","coordinates":[0.2385419111111117,46.511845599999994]}},{"id":"8383","type":"Feature","properties":{"_pk_label":"PK 0+900","_voie":"RFS2"},"geometry":{"type":"Point","coordinates":[0.23744943611111138,46.51135405555559]}},{"id":"8423","type":"Feature","properties":{"_pk_label":"PK 1+100","_voie":"RFS2"},"geometry":{"type":"Point","coordinates":[0.2354171055555564,46.51022725]}},{"id":"8443","type":"Feature","properties":{"_pk_label":"PK 1+200","_voie":"RFS2"},"geometry":{"type":"Point","coordinates":[0.23448610555555632,46.509596902777794]}},{"id":"8463","type":"Feature","properties":{"_pk_label":"PK 1+300","_voie":"RFS2"},"geometry":{"type":"Point","coordinates":[0.23361737500000057,46.50892552222219]}},{"id":"8483","type":"Feature","properties":{"_pk_label":"PK 1+400","_voie":"RFS2"},"geometry":{"type":"Point","coordinates":[0.23281468055555637,46.508216044444396]}},{"id":"8503","type":"Feature","properties":{"_pk_label":"PK 1+500","_voie":"RFS2"},"geometry":{"type":"Point","coordinates":[0.2320666111111115,46.507478502777815]}},{"id":"8523","type":"Feature","properties":{"_pk_label":"PK 1+600","_voie":"RFS2"},"geometry":{"type":"Point","coordinates":[0.23132880555555568,46.5067360111111]}},{"id":"8543","type":"Feature","properties":{"_pk_label":"PK 1+700","_voie":"RFS2"},"geometry":{"type":"Point","coordinates":[0.2305910194444446,46.505993516666706]}},{"id":"8563","type":"Feature","properties":{"_pk_label":"PK 1+800","_voie":"RFS2"},"geometry":{"type":"Point","coordinates":[0.22985325555555736,46.5052510138889]}},{"id":"8583","type":"Feature","properties":{"_pk_label":"PK 1+900","_voie":"RFS2"},"geometry":{"type":"Point","coordinates":[0.22911551666666682,46.504508505555584]}},{"id":"8623","type":"Feature","properties":{"_pk_label":"PK 2+100","_voie":"RFS2"},"geometry":{"type":"Point","coordinates":[0.22767476388888888,46.50300752777781]}},{"id":"8643","type":"Feature","properties":{"_pk_label":"PK 2+200","_voie":"RFS2"},"geometry":{"type":"Point","coordinates":[0.2270118583333336,46.50223220000001]}},{"id":"8663","type":"Feature","properties":{"_pk_label":"PK 2+300","_voie":"RFS2"},"geometry":{"type":"Point","coordinates":[0.22640144999999962,46.5014365888889]}},{"id":"8683","type":"Feature","properties":{"_pk_label":"PK 2+400","_voie":"RFS2"},"geometry":{"type":"Point","coordinates":[0.22584486111111066,46.500622375000006]}},{"id":"8703","type":"Feature","properties":{"_pk_label":"PK 2+500","_voie":"RFS2"},"geometry":{"type":"Point","coordinates":[0.22534326944444452,46.499791297222195]}},{"id":"8723","type":"Feature","properties":{"_pk_label":"PK 2+600","_voie":"RFS2"},"geometry":{"type":"Point","coordinates":[0.2248955722222222,46.49894564722221]}},{"id":"8743","type":"Feature","properties":{"_pk_label":"PK 2+700","_voie":"RFS2"},"geometry":{"type":"Point","coordinates":[0.2244846916666661,46.49809108611111]}},{"id":"8763","type":"Feature","properties":{"_pk_label":"PK 2+800","_voie":"RFS2"},"geometry":{"type":"Point","coordinates":[0.22408659444444493,46.4972336333333]}},{"id":"8783","type":"Feature","properties":{"_pk_label":"PK 2+900","_voie":"RFS2"},"geometry":{"type":"Point","coordinates":[0.2236890027777789,46.496376066666706]}},{"id":"8823","type":"Feature","properties":{"_pk_label":"PK 3+100","_voie":"RFS2"},"geometry":{"type":"Point","coordinates":[0.2228938555555551,46.49466092777781]}},{"id":"8843","type":"Feature","properties":{"_pk_label":"PK 3+200","_voie":"RFS2"},"geometry":{"type":"Point","coordinates":[0.22249629999999967,46.493803358333295]}},{"id":"8863","type":"Feature","properties":{"_pk_label":"PK 3+300","_voie":"RFS2"},"geometry":{"type":"Point","coordinates":[0.22209876111111138,46.49294578611109]}},{"id":"8883","type":"Feature","properties":{"_pk_label":"PK 3+400","_voie":"RFS2"},"geometry":{"type":"Point","coordinates":[0.22170022777777826,46.4920884361111]}},{"id":"8903","type":"Feature","properties":{"_pk_label":"PK 3+500","_voie":"RFS2"},"geometry":{"type":"Point","coordinates":[0.22128761388888948,46.49123428055559]}},{"id":"8923","type":"Feature","properties":{"_pk_label":"PK 3+600","_voie":"RFS2"},"geometry":{"type":"Point","coordinates":[0.22085292500000123,46.4903853666667]}},{"id":"8943","type":"Feature","properties":{"_pk_label":"PK 3+700","_voie":"RFS2"},"geometry":{"type":"Point","coordinates":[0.22039993611111186,46.48954102222221]}},{"id":"8963","type":"Feature","properties":{"_pk_label":"PK 3+800","_voie":"RFS2"},"geometry":{"type":"Point","coordinates":[0.21994369999999994,46.4886975083333]}},{"id":"8983","type":"Feature","properties":{"_pk_label":"PK 3+900","_voie":"RFS2"},"geometry":{"type":"Point","coordinates":[0.21948748055555672,46.48785399444439]}},{"id":"9026","type":"Feature","properties":{"_pk_label":"PK 0+100","_voie":"RJ2"},"geometry":{"type":"Point","coordinates":[0.12138082222222295,45.90546951666669]}},{"id":"9046","type":"Feature","properties":{"_pk_label":"PK 0+200","_voie":"RJ2"},"geometry":{"type":"Point","coordinates":[0.12190552777777834,45.9062921388889]}},{"id":"9066","type":"Feature","properties":{"_pk_label":"PK 0+300","_voie":"RJ2"},"geometry":{"type":"Point","coordinates":[0.12243024999999966,45.9071147611111]}},{"id":"9086","type":"Feature","properties":{"_pk_label":"PK 0+400","_voie":"RJ2"},"geometry":{"type":"Point","coordinates":[0.12295305555555693,45.90793797777781]}},{"id":"9106","type":"Feature","properties":{"_pk_label":"PK 0+500","_voie":"RJ2"},"geometry":{"type":"Point","coordinates":[0.12345255277777885,45.908768175000006]}},{"id":"9127","type":"Feature","properties":{"_pk_label":"PK 0+600","_voie":"RJ2"},"geometry":{"type":"Point","coordinates":[0.12389941944444424,45.90961281111112]}},{"id":"9147","type":"Feature","properties":{"_pk_label":"PK 0+700","_voie":"RJ2"},"geometry":{"type":"Point","coordinates":[0.12428527500000024,45.9104719777778]}},{"id":"9167","type":"Feature","properties":{"_pk_label":"PK 0+800","_voie":"RJ2"},"geometry":{"type":"Point","coordinates":[0.1246091444444447,45.91134353333331]}},{"id":"9187","type":"Feature","properties":{"_pk_label":"PK 0+900","_voie":"RJ2"},"geometry":{"type":"Point","coordinates":[0.12487024166666764,45.91222529444439]}},{"id":"9248","type":"Feature","properties":{"_pk_label":"PK 1+200","_voie":"RJ2"},"geometry":{"type":"Point","coordinates":[0.12544311944444383,45.9148968666667]}},{"id":"9268","type":"Feature","properties":{"_pk_label":"PK 1+300","_voie":"RJ2"},"geometry":{"type":"Point","coordinates":[0.12562535277777856,45.9157883305556]}},{"id":"9288","type":"Feature","properties":{"_pk_label":"PK 1+400","_voie":"RJ2"},"geometry":{"type":"Point","coordinates":[0.12580759444444403,45.916679794444384]}},{"id":"9308","type":"Feature","properties":{"_pk_label":"PK 1+500","_voie":"RJ2"},"geometry":{"type":"Point","coordinates":[0.12598983888888907,45.9175712583333]}},{"id":"9328","type":"Feature","properties":{"_pk_label":"PK 1+600","_voie":"RJ2"},"geometry":{"type":"Point","coordinates":[0.12617194722222289,45.9184627361111]}},{"id":"9348","type":"Feature","properties":{"_pk_label":"PK 1+700","_voie":"RJ2"},"geometry":{"type":"Point","coordinates":[0.1263444527777779,45.91935513333329]}},{"id":"9368","type":"Feature","properties":{"_pk_label":"PK 1+800","_voie":"RJ2"},"geometry":{"type":"Point","coordinates":[0.12648319166666713,45.92025035555561]}},{"id":"9388","type":"Feature","properties":{"_pk_label":"PK 1+900","_voie":"RJ2"},"geometry":{"type":"Point","coordinates":[0.12657170277777913,45.921148663888886]}},{"id":"9428","type":"Feature","properties":{"_pk_label":"PK 2+100","_voie":"RJ2"},"geometry":{"type":"Point","coordinates":[0.12659399722222262,45.92294911388888]}},{"id":"9448","type":"Feature","properties":{"_pk_label":"PK 2+200","_voie":"RJ2"},"geometry":{"type":"Point","coordinates":[0.12654143888888889,45.9238488444444]}},{"id":"9469","type":"Feature","properties":{"_pk_label":"PK 2+300","_voie":"RJ2"},"geometry":{"type":"Point","coordinates":[0.12647552500000023,45.92474816111109]}},{"id":"9489","type":"Feature","properties":{"_pk_label":"PK 2+400","_voie":"RJ2"},"geometry":{"type":"Point","coordinates":[0.12640908055555658,45.925647458333295]}},{"id":"9509","type":"Feature","properties":{"_pk_label":"PK 2+500","_voie":"RJ2"},"geometry":{"type":"Point","coordinates":[0.12634147222222306,45.926546708333284]}},{"id":"9538","type":"Feature","properties":{"_pk_label":"PK 0+200","_voie":"RV1"},"geometry":{"type":"Point","coordinates":[0.12236726111111136,45.8289196972222]}},{"id":"9558","type":"Feature","properties":{"_pk_label":"PK 0+300","_voie":"RV1"},"geometry":{"type":"Point","coordinates":[0.12136441388889,45.8294848388889]}},{"id":"9578","type":"Feature","properties":{"_pk_label":"PK 0+400","_voie":"RV1"},"geometry":{"type":"Point","coordinates":[0.12036330833333324,45.83005149166671]}},{"id":"9598","type":"Feature","properties":{"_pk_label":"PK 0+500","_voie":"RV1"},"geometry":{"type":"Point","coordinates":[0.11937747499999941,45.830631041666706]}},{"id":"9618","type":"Feature","properties":{"_pk_label":"PK 0+600","_voie":"RV1"},"geometry":{"type":"Point","coordinates":[0.11842272500000084,45.83123545833331]}},{"id":"9638","type":"Feature","properties":{"_pk_label":"PK 0+700","_voie":"RV1"},"geometry":{"type":"Point","coordinates":[0.11750329166666694,45.831866074999986]}},{"id":"9658","type":"Feature","properties":{"_pk_label":"PK 0+800","_voie":"RV1"},"geometry":{"type":"Point","coordinates":[0.11662064722222301,45.8325218805556]}},{"id":"9678","type":"Feature","properties":{"_pk_label":"PK 0+900","_voie":"RV1"},"geometry":{"type":"Point","coordinates":[0.1157762055555567,45.833201830555595]}},{"id":"9718","type":"Feature","properties":{"_pk_label":"PK 1+100","_voie":"RV1"},"geometry":{"type":"Point","coordinates":[0.1142072666666674,45.834629769444405]}},{"id":"9738","type":"Feature","properties":{"_pk_label":"PK 1+200","_voie":"RV1"},"geometry":{"type":"Point","coordinates":[0.11348528333333387,45.835375477777795]}},{"id":"9758","type":"Feature","properties":{"_pk_label":"PK 1+300","_voie":"RV1"},"geometry":{"type":"Point","coordinates":[0.11280651666666658,45.83614076944439]}},{"id":"9778","type":"Feature","properties":{"_pk_label":"PK 1+400","_voie":"RV1"},"geometry":{"type":"Point","coordinates":[0.11217205833333378,45.8369244166667]}},{"id":"9798","type":"Feature","properties":{"_pk_label":"PK 1+500","_voie":"RV1"},"geometry":{"type":"Point","coordinates":[0.11158292222222141,45.837725166666694]}},{"id":"9818","type":"Feature","properties":{"_pk_label":"PK 1+600","_voie":"RV1"},"geometry":{"type":"Point","coordinates":[0.11104005277777891,45.838541744444406]}},{"id":"9838","type":"Feature","properties":{"_pk_label":"PK 1+700","_voie":"RV1"},"geometry":{"type":"Point","coordinates":[0.11054431944444504,45.8393728388889]}},{"id":"9858","type":"Feature","properties":{"_pk_label":"PK 1+800","_voie":"RV1"},"geometry":{"type":"Point","coordinates":[0.1100965194444445,45.84021712222219]}},{"id":"9878","type":"Feature","properties":{"_pk_label":"PK 1+900","_voie":"RV1"},"geometry":{"type":"Point","coordinates":[0.10969736944444446,45.8410732472222]}},{"id":"9918","type":"Feature","properties":{"_pk_label":"PK 2+100","_voie":"RV1"},"geometry":{"type":"Point","coordinates":[0.10904750277777789,45.8428155166667]}},{"id":"9938","type":"Feature","properties":{"_pk_label":"PK 2+200","_voie":"RV1"},"geometry":{"type":"Point","coordinates":[0.10879783055555589,45.8436988777778]}},{"id":"9958","type":"Feature","properties":{"_pk_label":"PK 2+300","_voie":"RV1"},"geometry":{"type":"Point","coordinates":[0.10859889444444389,45.8445885111111]}},{"id":"9978","type":"Feature","properties":{"_pk_label":"PK 2+400","_voie":"RV1"},"geometry":{"type":"Point","coordinates":[0.10845101666666841,45.8454829916667]}},{"id":"9998","type":"Feature","properties":{"_pk_label":"PK 2+500","_voie":"RV1"},"geometry":{"type":"Point","coordinates":[0.10835443611111098,45.846380891666705]}},{"id":"10018","type":"Feature","properties":{"_pk_label":"PK 2+600","_voie":"RV1"},"geometry":{"type":"Point","coordinates":[0.1083093055555555,45.8472807694444]}},{"id":"10038","type":"Feature","properties":{"_pk_label":"PK 2+700","_voie":"RV1"},"geometry":{"type":"Point","coordinates":[0.10831570555555632,45.848181191666704]}},{"id":"10058","type":"Feature","properties":{"_pk_label":"PK 2+800","_voie":"RV1"},"geometry":{"type":"Point","coordinates":[0.10837362500000071,45.84908071111111]}},{"id":"10078","type":"Feature","properties":{"_pk_label":"PK 2+900","_voie":"RV1"},"geometry":{"type":"Point","coordinates":[0.10848297500000036,45.84997789444451]}},{"id":"10118","type":"Feature","properties":{"_pk_label":"PK 3+100","_voie":"RV1"},"geometry":{"type":"Point","coordinates":[0.10885519166666702,45.8517595111111]}},{"id":"10138","type":"Feature","properties":{"_pk_label":"PK 3+200","_voie":"RV1"},"geometry":{"type":"Point","coordinates":[0.10911746666666657,45.852641094444415]}},{"id":"10158","type":"Feature","properties":{"_pk_label":"PK 3+300","_voie":"RV1"},"geometry":{"type":"Point","coordinates":[0.109429955555557,45.8535146472222]}},{"id":"10178","type":"Feature","properties":{"_pk_label":"PK 3+400","_voie":"RV1"},"geometry":{"type":"Point","coordinates":[0.10978497777777953,45.854380266666695]}},{"id":"10198","type":"Feature","properties":{"_pk_label":"PK 3+500","_voie":"RV1"},"geometry":{"type":"Point","coordinates":[0.11015958888888992,45.85524187222221]}},{"id":"10218","type":"Feature","properties":{"_pk_label":"PK 3+600","_voie":"RV1"},"geometry":{"type":"Point","coordinates":[0.11053623888888847,45.8561030472222]}},{"id":"10238","type":"Feature","properties":{"_pk_label":"PK 3+700","_voie":"RV1"},"geometry":{"type":"Point","coordinates":[0.11091290000000134,45.8569642194444]}},{"id":"10258","type":"Feature","properties":{"_pk_label":"PK 3+800","_voie":"RV1"},"geometry":{"type":"Point","coordinates":[0.11129028333333298,45.857825238888914]}},{"id":"10278","type":"Feature","properties":{"_pk_label":"PK 3+900","_voie":"RV1"},"geometry":{"type":"Point","coordinates":[0.11167672777777844,45.8586842916667]}},{"id":"10319","type":"Feature","properties":{"_pk_label":"PK 4+100","_voie":"RV1"},"geometry":{"type":"Point","coordinates":[0.1124863833333331,45.86039409166669]}},{"id":"10340","type":"Feature","properties":{"_pk_label":"PK 4+200","_voie":"RV1"},"geometry":{"type":"Point","coordinates":[0.11290389444444553,45.86124602777781]}},{"id":"10373","type":"Feature","properties":{"_pk_label":"PK 0+100","_voie":"RCO1"},"geometry":{"type":"Point","coordinates":[0.09918096944444538,45.60029850277779]}},{"id":"10393","type":"Feature","properties":{"_pk_label":"PK 0+200","_voie":"RCO1"},"geometry":{"type":"Point","coordinates":[0.098838480555556,45.5994352722222]}},{"id":"10413","type":"Feature","properties":{"_pk_label":"PK 0+300","_voie":"RCO1"},"geometry":{"type":"Point","coordinates":[0.09853113333333424,45.5985610416667]}},{"id":"10433","type":"Feature","properties":{"_pk_label":"PK 0+400","_voie":"RCO1"},"geometry":{"type":"Point","coordinates":[0.09823168055555612,45.597685444444394]}},{"id":"10453","type":"Feature","properties":{"_pk_label":"PK 0+500","_voie":"RCO1"},"geometry":{"type":"Point","coordinates":[0.09793207499999926,45.59680987499999]}},{"id":"10473","type":"Feature","properties":{"_pk_label":"PK 0+600","_voie":"RCO1"},"geometry":{"type":"Point","coordinates":[0.09760544166666751,45.5959391916667]}},{"id":"10493","type":"Feature","properties":{"_pk_label":"PK 0+700","_voie":"RCO1"},"geometry":{"type":"Point","coordinates":[0.097178236111112,45.595090536111094]}},{"id":"10513","type":"Feature","properties":{"_pk_label":"PK 0+800","_voie":"RCO1"},"geometry":{"type":"Point","coordinates":[0.09663021388888889,45.59427681944441]}},{"id":"10533","type":"Feature","properties":{"_pk_label":"PK 0+900","_voie":"RCO1"},"geometry":{"type":"Point","coordinates":[0.0959669916666654,45.593506522222185]}},{"id":"10573","type":"Feature","properties":{"_pk_label":"PK 1+100","_voie":"RCO1"},"geometry":{"type":"Point","coordinates":[0.09432368333333498,45.5921276972222]}},{"id":"10593","type":"Feature","properties":{"_pk_label":"PK 1+200","_voie":"RCO1"},"geometry":{"type":"Point","coordinates":[0.09336069722222272,45.59153351111112]}},{"id":"10613","type":"Feature","properties":{"_pk_label":"PK 1+300","_voie":"RCO1"},"geometry":{"type":"Point","coordinates":[0.09231652777777846,45.5910112722222]}},{"id":"10633","type":"Feature","properties":{"_pk_label":"PK 1+400","_voie":"RCO1"},"geometry":{"type":"Point","coordinates":[0.09120383611111102,45.590564030555605]}},{"id":"10653","type":"Feature","properties":{"_pk_label":"PK 1+500","_voie":"RCO1"},"geometry":{"type":"Point","coordinates":[0.09005474166666622,45.590164130555586]}},{"id":"10673","type":"Feature","properties":{"_pk_label":"PK 1+600","_voie":"RCO1"},"geometry":{"type":"Point","coordinates":[0.08890057222222275,45.5897714388889]}},{"id":"10693","type":"Feature","properties":{"_pk_label":"PK 1+700","_voie":"RCO1"},"geometry":{"type":"Point","coordinates":[0.08774641944444479,45.58937873611111]}},{"id":"10713","type":"Feature","properties":{"_pk_label":"PK 1+800","_voie":"RCO1"},"geometry":{"type":"Point","coordinates":[0.08659228333333394,45.5889860222222]}},{"id":"10733","type":"Feature","properties":{"_pk_label":"PK 1+900","_voie":"RCO1"},"geometry":{"type":"Point","coordinates":[0.08543816111111062,45.58859329444441]}},{"id":"10773","type":"Feature","properties":{"_pk_label":"PK 2+100","_voie":"RCO1"},"geometry":{"type":"Point","coordinates":[0.08312996944444447,45.58780780555562]}},{"id":"10794","type":"Feature","properties":{"_pk_label":"PK 2+200","_voie":"RCO1"},"geometry":{"type":"Point","coordinates":[0.08197594722222297,45.5874149722222]}},{"id":"10814","type":"Feature","properties":{"_pk_label":"PK 2+300","_voie":"RCO1"},"geometry":{"type":"Point","coordinates":[0.08082596388889036,45.58701637777779]}},{"id":"10835","type":"Feature","properties":{"_pk_label":"PK 2+400","_voie":"RCO1"},"geometry":{"type":"Point","coordinates":[0.07969116111111163,45.586596972222196]}},{"id":"10855","type":"Feature","properties":{"_pk_label":"PK 2+500","_voie":"RCO1"},"geometry":{"type":"Point","coordinates":[0.07858219722222243,45.58614483333329]}},{"id":"10875","type":"Feature","properties":{"_pk_label":"PK 2+600","_voie":"RCO1"},"geometry":{"type":"Point","coordinates":[0.07750264722222266,45.5856588777778]}},{"id":"10895","type":"Feature","properties":{"_pk_label":"PK 2+700","_voie":"RCO1"},"geometry":{"type":"Point","coordinates":[0.076454600000001,45.58514004444441]}},{"id":"10915","type":"Feature","properties":{"_pk_label":"PK 2+800","_voie":"RCO1"},"geometry":{"type":"Point","coordinates":[0.07544008611111201,45.58458933888889]}},{"id":"10935","type":"Feature","properties":{"_pk_label":"PK 2+900","_voie":"RCO1"},"geometry":{"type":"Point","coordinates":[0.0744610638888899,45.584007825]}},{"id":"10975","type":"Feature","properties":{"_pk_label":"PK 3+100","_voie":"RCO1"},"geometry":{"type":"Point","coordinates":[0.07261702222222317,45.58275694999999]}},{"id":"10995","type":"Feature","properties":{"_pk_label":"PK 3+200","_voie":"RCO1"},"geometry":{"type":"Point","coordinates":[0.07175556666666813,45.58209000555561]}},{"id":"11015","type":"Feature","properties":{"_pk_label":"PK 3+300","_voie":"RCO1"},"geometry":{"type":"Point","coordinates":[0.07093673888888984,45.58139709722221]}},{"id":"11035","type":"Feature","properties":{"_pk_label":"PK 3+400","_voie":"RCO1"},"geometry":{"type":"Point","coordinates":[0.070162122222223,45.58067956666671]}},{"id":"11055","type":"Feature","properties":{"_pk_label":"PK 3+500","_voie":"RCO1"},"geometry":{"type":"Point","coordinates":[0.06943321388888998,45.5799388027778]}},{"id":"11075","type":"Feature","properties":{"_pk_label":"PK 3+600","_voie":"RCO1"},"geometry":{"type":"Point","coordinates":[0.06875142500000009,45.5791762416667]}},{"id":"11095","type":"Feature","properties":{"_pk_label":"PK 3+700","_voie":"RCO1"},"geometry":{"type":"Point","coordinates":[0.06811807222222308,45.5783933555556]}},{"id":"11115","type":"Feature","properties":{"_pk_label":"PK 3+800","_voie":"RCO1"},"geometry":{"type":"Point","coordinates":[0.0675343805555565,45.57759166388889]}},{"id":"11135","type":"Feature","properties":{"_pk_label":"PK 3+900","_voie":"RCO1"},"geometry":{"type":"Point","coordinates":[0.06700148055555556,45.57677271666671]}},{"id":"11175","type":"Feature","properties":{"_pk_label":"PK 4+100","_voie":"RCO1"},"geometry":{"type":"Point","coordinates":[0.06609206388888854,45.57508943333329]}},{"id":"11195","type":"Feature","properties":{"_pk_label":"PK 4+200","_voie":"RCO1"},"geometry":{"type":"Point","coordinates":[0.06571730277777858,45.5742283555556]}},{"id":"11215","type":"Feature","properties":{"_pk_label":"PK 4+300","_voie":"RCO1"},"geometry":{"type":"Point","coordinates":[0.06539683888889056,45.573356533333296]}},{"id":"11235","type":"Feature","properties":{"_pk_label":"PK 4+400","_voie":"RCO1"},"geometry":{"type":"Point","coordinates":[0.06513129444444461,45.572475658333296]}},{"id":"11255","type":"Feature","properties":{"_pk_label":"PK 4+500","_voie":"RCO1"},"geometry":{"type":"Point","coordinates":[0.06492117222222268,45.5715874305556]}},{"id":"11276","type":"Feature","properties":{"_pk_label":"PK 4+600","_voie":"RCO1"},"geometry":{"type":"Point","coordinates":[0.06476615555555616,45.5706936277778]}},{"id":"11296","type":"Feature","properties":{"_pk_label":"PK 4+700","_voie":"RCO1"},"geometry":{"type":"Point","coordinates":[0.06465271111111112,45.56979670555561]}},{"id":"11317","type":"Feature","properties":{"_pk_label":"PK 4+800","_voie":"RCO1"},"geometry":{"type":"Point","coordinates":[0.06455594444444433,45.5688988]}},{"id":"11337","type":"Feature","properties":{"_pk_label":"PK 4+900","_voie":"RCO1"},"geometry":{"type":"Point","coordinates":[0.06446032777777787,45.5680008333333]}},{"id":"11377","type":"Feature","properties":{"_pk_label":"PK 5+100","_voie":"RCO1"},"geometry":{"type":"Point","coordinates":[0.0642691027777785,45.566204899999995]}},{"id":"11397","type":"Feature","properties":{"_pk_label":"PK 5+200","_voie":"RCO1"},"geometry":{"type":"Point","coordinates":[0.0641734916666672,45.5653069333333]}},{"id":"11417","type":"Feature","properties":{"_pk_label":"PK 5+300","_voie":"RCO1"},"geometry":{"type":"Point","coordinates":[0.0640778861111115,45.564408966666704]}},{"id":"11437","type":"Feature","properties":{"_pk_label":"PK 5+400","_voie":"RCO1"},"geometry":{"type":"Point","coordinates":[0.06398228611111213,45.563511]}},{"id":"11457","type":"Feature","properties":{"_pk_label":"PK 5+500","_voie":"RCO1"},"geometry":{"type":"Point","coordinates":[0.06388668333333321,45.5626130333333]}},{"id":"11477","type":"Feature","properties":{"_pk_label":"PK 5+600","_voie":"RCO1"},"geometry":{"type":"Point","coordinates":[0.06379108888888901,45.56171506944442]}},{"id":"11497","type":"Feature","properties":{"_pk_label":"PK 5+700","_voie":"RCO1"},"geometry":{"type":"Point","coordinates":[0.0636955000000008,45.56081709166672]}},{"id":"11517","type":"Feature","properties":{"_pk_label":"PK 5+800","_voie":"RCO1"},"geometry":{"type":"Point","coordinates":[0.06360854722222203,45.55991872222221]}},{"id":"11543","type":"Feature","properties":{"_pk_label":"PK 0+400","_voie":"RCO2"},"geometry":{"type":"Point","coordinates":[0.09800336944444485,45.59802035833329]}},{"id":"11563","type":"Feature","properties":{"_pk_label":"PK 0+500","_voie":"RCO2"},"geometry":{"type":"Point","coordinates":[0.09753865000000062,45.59718108611109]}},{"id":"11583","type":"Feature","properties":{"_pk_label":"PK 0+600","_voie":"RCO2"},"geometry":{"type":"Point","coordinates":[0.09705498055555571,45.5963470777778]}},{"id":"11603","type":"Feature","properties":{"_pk_label":"PK 0+700","_voie":"RCO2"},"geometry":{"type":"Point","coordinates":[0.09656993888888933,45.595513463888885]}},{"id":"11623","type":"Feature","properties":{"_pk_label":"PK 0+800","_voie":"RCO2"},"geometry":{"type":"Point","coordinates":[0.09607641111111145,45.594682338888894]}},{"id":"11643","type":"Feature","properties":{"_pk_label":"PK 0+900","_voie":"RCO2"},"geometry":{"type":"Point","coordinates":[0.09551275277777785,45.59387383333329]}},{"id":"11683","type":"Feature","properties":{"_pk_label":"PK 1+100","_voie":"RCO2"},"geometry":{"type":"Point","coordinates":[0.09405401944444498,45.59239620555561]}},{"id":"11703","type":"Feature","properties":{"_pk_label":"PK 1+200","_voie":"RCO2"},"geometry":{"type":"Point","coordinates":[0.09317161388888931,45.59174324166669]}},{"id":"11723","type":"Feature","properties":{"_pk_label":"PK 1+300","_voie":"RCO2"},"geometry":{"type":"Point","coordinates":[0.09219908333333311,45.591156772222206]}},{"id":"11743","type":"Feature","properties":{"_pk_label":"PK 1+400","_voie":"RCO2"},"geometry":{"type":"Point","coordinates":[0.09114653888888873,45.59064289722222]}},{"id":"11763","type":"Feature","properties":{"_pk_label":"PK 1+500","_voie":"RCO2"},"geometry":{"type":"Point","coordinates":[0.09002777500000061,45.59020312222219]}},{"id":"11783","type":"Feature","properties":{"_pk_label":"PK 1+600","_voie":"RCO2"},"geometry":{"type":"Point","coordinates":[0.088877083333334,45.589805475000006]}},{"id":"11803","type":"Feature","properties":{"_pk_label":"PK 1+700","_voie":"RCO2"},"geometry":{"type":"Point","coordinates":[0.08772292777777925,45.58941277222219]}},{"id":"11823","type":"Feature","properties":{"_pk_label":"PK 1+800","_voie":"RCO2"},"geometry":{"type":"Point","coordinates":[0.0865687916666676,45.5890200555556]}},{"id":"11843","type":"Feature","properties":{"_pk_label":"PK 1+900","_voie":"RCO2"},"geometry":{"type":"Point","coordinates":[0.08541467222222346,45.58862732777779]}},{"id":"11883","type":"Feature","properties":{"_pk_label":"PK 2+100","_voie":"RCO2"},"geometry":{"type":"Point","coordinates":[0.08310647777777852,45.587841838888906]}},{"id":"11903","type":"Feature","properties":{"_pk_label":"PK 2+200","_voie":"RCO2"},"geometry":{"type":"Point","coordinates":[0.08195240555555651,45.587449074999995]}},{"id":"11923","type":"Feature","properties":{"_pk_label":"PK 2+300","_voie":"RCO2"},"geometry":{"type":"Point","coordinates":[0.08079835,45.58705629999999]}},{"id":"11944","type":"Feature","properties":{"_pk_label":"PK 2+400","_voie":"RCO2"},"geometry":{"type":"Point","coordinates":[0.07964527222222201,45.58666212777779]}},{"id":"11964","type":"Feature","properties":{"_pk_label":"PK 2+500","_voie":"RCO2"},"geometry":{"type":"Point","coordinates":[0.07850140555555662,45.58625500555559]}},{"id":"11985","type":"Feature","properties":{"_pk_label":"PK 2+600","_voie":"RCO2"},"geometry":{"type":"Point","coordinates":[0.07737899444444382,45.58581954166671]}},{"id":"12005","type":"Feature","properties":{"_pk_label":"PK 2+700","_voie":"RCO2"},"geometry":{"type":"Point","coordinates":[0.07628606388888969,45.5853485805556]}},{"id":"12025","type":"Feature","properties":{"_pk_label":"PK 2+800","_voie":"RCO2"},"geometry":{"type":"Point","coordinates":[0.07522518333333257,45.584842788888906]}},{"id":"12045","type":"Feature","properties":{"_pk_label":"PK 2+900","_voie":"RCO2"},"geometry":{"type":"Point","coordinates":[0.07419859722222225,45.5843032388889]}},{"id":"12085","type":"Feature","properties":{"_pk_label":"PK 3+100","_voie":"RCO2"},"geometry":{"type":"Point","coordinates":[0.07225694444444468,45.583127516666714]}},{"id":"12105","type":"Feature","properties":{"_pk_label":"PK 3+200","_voie":"RCO2"},"geometry":{"type":"Point","coordinates":[0.07134599722222305,45.5824938361111]}},{"id":"12125","type":"Feature","properties":{"_pk_label":"PK 3+300","_voie":"RCO2"},"geometry":{"type":"Point","coordinates":[0.07047756666666682,45.58183138055559]}},{"id":"12145","type":"Feature","properties":{"_pk_label":"PK 3+400","_voie":"RCO2"},"geometry":{"type":"Point","coordinates":[0.06965349722222319,45.58114155555559]}},{"id":"12165","type":"Feature","properties":{"_pk_label":"PK 3+500","_voie":"RCO2"},"geometry":{"type":"Point","coordinates":[0.06887553333333317,45.5804258222222]}},{"id":"12185","type":"Feature","properties":{"_pk_label":"PK 3+600","_voie":"RCO2"},"geometry":{"type":"Point","coordinates":[0.06814532500000027,45.57968569999999]}},{"id":"12205","type":"Feature","properties":{"_pk_label":"PK 3+700","_voie":"RCO2"},"geometry":{"type":"Point","coordinates":[0.06746441666666662,45.5789227583333]}},{"id":"12225","type":"Feature","properties":{"_pk_label":"PK 3+800","_voie":"RCO2"},"geometry":{"type":"Point","coordinates":[0.0668342527777773,45.57813861388891]}},{"id":"12245","type":"Feature","properties":{"_pk_label":"PK 3+900","_voie":"RCO2"},"geometry":{"type":"Point","coordinates":[0.0662561638888896,45.577334930555615]}},{"id":"12285","type":"Feature","properties":{"_pk_label":"PK 4+100","_voie":"RCO2"},"geometry":{"type":"Point","coordinates":[0.06526099722222305,45.5756758027778]}},{"id":"12305","type":"Feature","properties":{"_pk_label":"PK 4+200","_voie":"RCO2"},"geometry":{"type":"Point","coordinates":[0.06484602500000035,45.57482387499999]}},{"id":"12325","type":"Feature","properties":{"_pk_label":"PK 4+300","_voie":"RCO2"},"geometry":{"type":"Point","coordinates":[0.06448733611111283,45.57395943611108]}},{"id":"12345","type":"Feature","properties":{"_pk_label":"PK 4+400","_voie":"RCO2"},"geometry":{"type":"Point","coordinates":[0.06418568611111186,45.5730843166667]}},{"id":"12365","type":"Feature","properties":{"_pk_label":"PK 4+500","_voie":"RCO2"},"geometry":{"type":"Point","coordinates":[0.06394171388888982,45.572200374999994]}},{"id":"12385","type":"Feature","properties":{"_pk_label":"PK 4+600","_voie":"RCO2"},"geometry":{"type":"Point","coordinates":[0.06375593333333425,45.5713094833333]}},{"id":"12405","type":"Feature","properties":{"_pk_label":"PK 4+700","_voie":"RCO2"},"geometry":{"type":"Point","coordinates":[0.06362873611111253,45.5704135305556]}},{"id":"12425","type":"Feature","properties":{"_pk_label":"PK 4+800","_voie":"RCO2"},"geometry":{"type":"Point","coordinates":[0.06356038888888838,45.569514416666706]}},{"id":"12445","type":"Feature","properties":{"_pk_label":"PK 4+900","_voie":"RCO2"},"geometry":{"type":"Point","coordinates":[0.0635509750000005,45.56861404722218]}},{"id":"12485","type":"Feature","properties":{"_pk_label":"PK 5+100","_voie":"RCO2"},"geometry":{"type":"Point","coordinates":[0.06366176388888846,45.566814925]}},{"id":"12505","type":"Feature","properties":{"_pk_label":"PK 5+200","_voie":"RCO2"},"geometry":{"type":"Point","coordinates":[0.06373257500000037,45.5659158277778]}},{"id":"12525","type":"Feature","properties":{"_pk_label":"PK 5+300","_voie":"RCO2"},"geometry":{"type":"Point","coordinates":[0.06377966111111126,45.5650159916667]}},{"id":"12545","type":"Feature","properties":{"_pk_label":"PK 5+400","_voie":"RCO2"},"geometry":{"type":"Point","coordinates":[0.06378700833333395,45.56411557222221]}},{"id":"12566","type":"Feature","properties":{"_pk_label":"PK 5+500","_voie":"RCO2"},"geometry":{"type":"Point","coordinates":[0.06375553888888887,45.563215394444406]}},{"id":"12587","type":"Feature","properties":{"_pk_label":"PK 5+600","_voie":"RCO2"},"geometry":{"type":"Point","coordinates":[0.0637036111111116,45.56231566111111]}},{"id":"12629","type":"Feature","properties":{"_pk_label":"PK 0+100","_voie":"LGV1"},"geometry":{"type":"Point","coordinates":[0.7494512030000005,47.33649892999999]}},{"id":"12649","type":"Feature","properties":{"_pk_label":"PK 0+200","_voie":"LGV1"},"geometry":{"type":"Point","coordinates":[0.7486161970000016,47.335800549999995]}},{"id":"12669","type":"Feature","properties":{"_pk_label":"PK 0+300","_voie":"LGV1"},"geometry":{"type":"Point","coordinates":[0.7477884110000012,47.335097879999985]}},{"id":"12689","type":"Feature","properties":{"_pk_label":"PK 0+400","_voie":"LGV1"},"geometry":{"type":"Point","coordinates":[0.7469610560000011,47.33439503999999]}},{"id":"12709","type":"Feature","properties":{"_pk_label":"PK 0+500","_voie":"LGV1"},"geometry":{"type":"Point","coordinates":[0.7461337169999995,47.33369219000001]}},{"id":"12729","type":"Feature","properties":{"_pk_label":"PK 0+600","_voie":"LGV1"},"geometry":{"type":"Point","coordinates":[0.7453062750000004,47.33298925000001]}},{"id":"12749","type":"Feature","properties":{"_pk_label":"PK 0+700","_voie":"LGV1"},"geometry":{"type":"Point","coordinates":[0.7444789810000004,47.33228639]}},{"id":"12769","type":"Feature","properties":{"_pk_label":"PK 0+800","_voie":"LGV1"},"geometry":{"type":"Point","coordinates":[0.7436517110000005,47.331583519999995]}},{"id":"12789","type":"Feature","properties":{"_pk_label":"PK 0+900","_voie":"LGV1"},"geometry":{"type":"Point","coordinates":[0.742824328,47.33088063999999]}},{"id":"12829","type":"Feature","properties":{"_pk_label":"PK 1+100","_voie":"LGV1"},"geometry":{"type":"Point","coordinates":[0.741169764000001,47.32947478999999]}},{"id":"12849","type":"Feature","properties":{"_pk_label":"PK 1+200","_voie":"LGV1"},"geometry":{"type":"Point","coordinates":[0.7403425810000009,47.32877189999999]}},{"id":"12869","type":"Feature","properties":{"_pk_label":"PK 1+300","_voie":"LGV1"},"geometry":{"type":"Point","coordinates":[0.739515558000001,47.328068830000014]}},{"id":"12889","type":"Feature","properties":{"_pk_label":"PK 1+400","_voie":"LGV1"},"geometry":{"type":"Point","coordinates":[0.7386947780000012,47.327362709999996]}},{"id":"12909","type":"Feature","properties":{"_pk_label":"PK 1+500","_voie":"LGV1"},"geometry":{"type":"Point","coordinates":[0.7378918829999999,47.32664757999997]}},{"id":"12929","type":"Feature","properties":{"_pk_label":"PK 1+600","_voie":"LGV1"},"geometry":{"type":"Point","coordinates":[0.7371127000000007,47.32592028999999]}},{"id":"12949","type":"Feature","properties":{"_pk_label":"PK 1+700","_voie":"LGV1"},"geometry":{"type":"Point","coordinates":[0.7363578750000007,47.32518131]}},{"id":"12969","type":"Feature","properties":{"_pk_label":"PK 1+800","_voie":"LGV1"},"geometry":{"type":"Point","coordinates":[0.7356277940000014,47.32443083]}},{"id":"12989","type":"Feature","properties":{"_pk_label":"PK 1+900","_voie":"LGV1"},"geometry":{"type":"Point","coordinates":[0.7349229670000011,47.32366931999999]}},{"id":"13029","type":"Feature","properties":{"_pk_label":"PK 2+100","_voie":"LGV1"},"geometry":{"type":"Point","coordinates":[0.7335741890000007,47.322120610000006]}},{"id":"13049","type":"Feature","properties":{"_pk_label":"PK 2+200","_voie":"LGV1"},"geometry":{"type":"Point","coordinates":[0.7329089389999999,47.32134219999998]}},{"id":"13069","type":"Feature","properties":{"_pk_label":"PK 2+300","_voie":"LGV1"},"geometry":{"type":"Point","coordinates":[0.7322438390000013,47.32056388000001]}},{"id":"13089","type":"Feature","properties":{"_pk_label":"PK 2+400","_voie":"LGV1"},"geometry":{"type":"Point","coordinates":[0.7315786249999999,47.31978554999999]}},{"id":"13109","type":"Feature","properties":{"_pk_label":"PK 2+500","_voie":"LGV1"},"geometry":{"type":"Point","coordinates":[0.7309135639999995,47.31900722000002]}},{"id":"13129","type":"Feature","properties":{"_pk_label":"PK 2+600","_voie":"LGV1"},"geometry":{"type":"Point","coordinates":[0.7302475859999997,47.31822904999999]}},{"id":"13149","type":"Feature","properties":{"_pk_label":"PK 2+700","_voie":"LGV1"},"geometry":{"type":"Point","coordinates":[0.7295724750000002,47.31745438]}},{"id":"13169","type":"Feature","properties":{"_pk_label":"PK 2+800","_voie":"LGV1"},"geometry":{"type":"Point","coordinates":[0.7288748890000005,47.31668864000001]}},{"id":"13189","type":"Feature","properties":{"_pk_label":"PK 2+900","_voie":"LGV1"},"geometry":{"type":"Point","coordinates":[0.7281453439999998,47.31593686]}},{"id":"13229","type":"Feature","properties":{"_pk_label":"PK 3+100","_voie":"LGV1"},"geometry":{"type":"Point","coordinates":[0.7265878140000005,47.31447970999999]}},{"id":"13249","type":"Feature","properties":{"_pk_label":"PK 3+200","_voie":"LGV1"},"geometry":{"type":"Point","coordinates":[0.7257612170000013,47.313775910000004]}},{"id":"13269","type":"Feature","properties":{"_pk_label":"PK 3+300","_voie":"LGV1"},"geometry":{"type":"Point","coordinates":[0.724903719,47.31308932000001]}},{"id":"13289","type":"Feature","properties":{"_pk_label":"PK 3+400","_voie":"LGV1"},"geometry":{"type":"Point","coordinates":[0.724016089000001,47.312420599999996]}},{"id":"13309","type":"Feature","properties":{"_pk_label":"PK 3+500","_voie":"LGV1"},"geometry":{"type":"Point","coordinates":[0.7230992170000009,47.311770569999986]}},{"id":"13329","type":"Feature","properties":{"_pk_label":"PK 3+600","_voie":"LGV1"},"geometry":{"type":"Point","coordinates":[0.7221540170000003,47.31113951999999]}},{"id":"13349","type":"Feature","properties":{"_pk_label":"PK 3+700","_voie":"LGV1"},"geometry":{"type":"Point","coordinates":[0.7211811190000001,47.31052826999999]}},{"id":"13369","type":"Feature","properties":{"_pk_label":"PK 3+800","_voie":"LGV1"},"geometry":{"type":"Point","coordinates":[0.7201815610000007,47.30993728999999]}},{"id":"13389","type":"Feature","properties":{"_pk_label":"PK 3+900","_voie":"LGV1"},"geometry":{"type":"Point","coordinates":[0.7191562469999998,47.30936704999999]}},{"id":"13429","type":"Feature","properties":{"_pk_label":"PK 4+100","_voie":"LGV1"},"geometry":{"type":"Point","coordinates":[0.7170319690000003,47.30829111]}},{"id":"13449","type":"Feature","properties":{"_pk_label":"PK 4+200","_voie":"LGV1"},"geometry":{"type":"Point","coordinates":[0.7159349500000003,47.307786350000015]}},{"id":"13469","type":"Feature","properties":{"_pk_label":"PK 4+300","_voie":"LGV1"},"geometry":{"type":"Point","coordinates":[0.714816058,47.307304380000005]}},{"id":"13489","type":"Feature","properties":{"_pk_label":"PK 4+400","_voie":"LGV1"},"geometry":{"type":"Point","coordinates":[0.7136763390000013,47.306845589999995]}},{"id":"13509","type":"Feature","properties":{"_pk_label":"PK 4+500","_voie":"LGV1"},"geometry":{"type":"Point","coordinates":[0.7125186390000006,47.30640831]}},{"id":"13529","type":"Feature","properties":{"_pk_label":"PK 4+600","_voie":"LGV1"},"geometry":{"type":"Point","coordinates":[0.7113504420000016,47.30598478]}},{"id":"13549","type":"Feature","properties":{"_pk_label":"PK 4+700","_voie":"LGV1"},"geometry":{"type":"Point","coordinates":[0.7101787500000006,47.305566030000016]}},{"id":"13569","type":"Feature","properties":{"_pk_label":"PK 4+800","_voie":"LGV1"},"geometry":{"type":"Point","coordinates":[0.7090070690000001,47.30514743999999]}},{"id":"13589","type":"Feature","properties":{"_pk_label":"PK 4+900","_voie":"LGV1"},"geometry":{"type":"Point","coordinates":[0.7078352720000007,47.304728839999996]}},{"id":"13629","type":"Feature","properties":{"_pk_label":"PK 5+100","_voie":"LGV1"},"geometry":{"type":"Point","coordinates":[0.7055033000000008,47.303878149999996]}},{"id":"13649","type":"Feature","properties":{"_pk_label":"PK 5+200","_voie":"LGV1"},"geometry":{"type":"Point","coordinates":[0.7043566610000007,47.30342984]}},{"id":"13669","type":"Feature","properties":{"_pk_label":"PK 5+300","_voie":"LGV1"},"geometry":{"type":"Point","coordinates":[0.7032302219999998,47.302958509999996]}},{"id":"13689","type":"Feature","properties":{"_pk_label":"PK 5+400","_voie":"LGV1"},"geometry":{"type":"Point","coordinates":[0.7021253080000001,47.30246417]}},{"id":"13709","type":"Feature","properties":{"_pk_label":"PK 5+500","_voie":"LGV1"},"geometry":{"type":"Point","coordinates":[0.7010428250000013,47.30194739]}},{"id":"13729","type":"Feature","properties":{"_pk_label":"PK 5+600","_voie":"LGV1"},"geometry":{"type":"Point","coordinates":[0.6999838140000003,47.30140853999998]}},{"id":"13749","type":"Feature","properties":{"_pk_label":"PK 5+700","_voie":"LGV1"},"geometry":{"type":"Point","coordinates":[0.6989493109999999,47.30084820000002]}},{"id":"13769","type":"Feature","properties":{"_pk_label":"PK 5+800","_voie":"LGV1"},"geometry":{"type":"Point","coordinates":[0.697940094000001,47.30026682999999]}},{"id":"13789","type":"Feature","properties":{"_pk_label":"PK 5+900","_voie":"LGV1"},"geometry":{"type":"Point","coordinates":[0.6969571939999996,47.29966498000003]}},{"id":"13829","type":"Feature","properties":{"_pk_label":"PK 6+100","_voie":"LGV1"},"geometry":{"type":"Point","coordinates":[0.6950739669999999,47.29840203]}},{"id":"13849","type":"Feature","properties":{"_pk_label":"PK 6+200","_voie":"LGV1"},"geometry":{"type":"Point","coordinates":[0.6941736809999999,47.29774298000002]}},{"id":"13869","type":"Feature","properties":{"_pk_label":"PK 6+300","_voie":"LGV1"},"geometry":{"type":"Point","coordinates":[0.6932980330000001,47.297068759999995]}},{"id":"13889","type":"Feature","properties":{"_pk_label":"PK 6+400","_voie":"LGV1"},"geometry":{"type":"Point","coordinates":[0.6924475310000008,47.2963798]}},{"id":"13909","type":"Feature","properties":{"_pk_label":"PK 6+500","_voie":"LGV1"},"geometry":{"type":"Point","coordinates":[0.6916225530000016,47.29567657]}},{"id":"13929","type":"Feature","properties":{"_pk_label":"PK 6+600","_voie":"LGV1"},"geometry":{"type":"Point","coordinates":[0.6908237360000008,47.294959539999994]}},{"id":"13949","type":"Feature","properties":{"_pk_label":"PK 6+700","_voie":"LGV1"},"geometry":{"type":"Point","coordinates":[0.6900514639999998,47.29422915999999]}},{"id":"13969","type":"Feature","properties":{"_pk_label":"PK 6+800","_voie":"LGV1"},"geometry":{"type":"Point","coordinates":[0.6893063780000004,47.29348580999999]}},{"id":"13989","type":"Feature","properties":{"_pk_label":"PK 6+900","_voie":"LGV1"},"geometry":{"type":"Point","coordinates":[0.6885888469999999,47.29273012000001]}},{"id":"14029","type":"Feature","properties":{"_pk_label":"PK 7+100","_voie":"LGV1"},"geometry":{"type":"Point","coordinates":[0.6872381140000008,47.29118312]}},{"id":"14049","type":"Feature","properties":{"_pk_label":"PK 7+200","_voie":"LGV1"},"geometry":{"type":"Point","coordinates":[0.6866059189999998,47.29039291000001]}},{"id":"14069","type":"Feature","properties":{"_pk_label":"PK 7+300","_voie":"LGV1"},"geometry":{"type":"Point","coordinates":[0.6860029219999999,47.28959220999999]}},{"id":"14089","type":"Feature","properties":{"_pk_label":"PK 7+400","_voie":"LGV1"},"geometry":{"type":"Point","coordinates":[0.6854294940000014,47.28878145999999]}},{"id":"14109","type":"Feature","properties":{"_pk_label":"PK 7+500","_voie":"LGV1"},"geometry":{"type":"Point","coordinates":[0.6848861419999993,47.287961220000014]}},{"id":"14129","type":"Feature","properties":{"_pk_label":"PK 7+600","_voie":"LGV1"},"geometry":{"type":"Point","coordinates":[0.6843731060000001,47.28713204000002]}},{"id":"14149","type":"Feature","properties":{"_pk_label":"PK 7+700","_voie":"LGV1"},"geometry":{"type":"Point","coordinates":[0.6838882279999999,47.28629486000003]}},{"id":"14169","type":"Feature","properties":{"_pk_label":"PK 7+800","_voie":"LGV1"},"geometry":{"type":"Point","coordinates":[0.6834229139999999,47.28545239000001]}},{"id":"14189","type":"Feature","properties":{"_pk_label":"PK 7+900","_voie":"LGV1"},"geometry":{"type":"Point","coordinates":[0.6829665940000014,47.28460739999999]}},{"id":"14229","type":"Feature","properties":{"_pk_label":"PK 8+100","_voie":"LGV1"},"geometry":{"type":"Point","coordinates":[0.682056536,47.282916830000005]}},{"id":"14249","type":"Feature","properties":{"_pk_label":"PK 8+200","_voie":"LGV1"},"geometry":{"type":"Point","coordinates":[0.6816015940000004,47.2820715]}},{"id":"14269","type":"Feature","properties":{"_pk_label":"PK 8+300","_voie":"LGV1"},"geometry":{"type":"Point","coordinates":[0.6811466690000008,47.281226170000004]}},{"id":"14289","type":"Feature","properties":{"_pk_label":"PK 8+400","_voie":"LGV1"},"geometry":{"type":"Point","coordinates":[0.6806916249999997,47.28038083]}},{"id":"14309","type":"Feature","properties":{"_pk_label":"PK 8+500","_voie":"LGV1"},"geometry":{"type":"Point","coordinates":[0.6802333920000002,47.27953614999999]}},{"id":"14329","type":"Feature","properties":{"_pk_label":"PK 8+600","_voie":"LGV1"},"geometry":{"type":"Point","coordinates":[0.679762196999999,47.278694630000004]}},{"id":"14349","type":"Feature","properties":{"_pk_label":"PK 8+700","_voie":"LGV1"},"geometry":{"type":"Point","coordinates":[0.679269736000001,47.277858710000004]}},{"id":"14369","type":"Feature","properties":{"_pk_label":"PK 8+800","_voie":"LGV1"},"geometry":{"type":"Point","coordinates":[0.6787550500000007,47.27702901000001]}},{"id":"14389","type":"Feature","properties":{"_pk_label":"PK 8+900","_voie":"LGV1"},"geometry":{"type":"Point","coordinates":[0.6782184000000004,47.27620581000001]}},{"id":"14429","type":"Feature","properties":{"_pk_label":"PK 9+100","_voie":"LGV1"},"geometry":{"type":"Point","coordinates":[0.677080614,47.27457970999999]}},{"id":"14449","type":"Feature","properties":{"_pk_label":"PK 9+200","_voie":"LGV1"},"geometry":{"type":"Point","coordinates":[0.6764888500000005,47.27377439000001]}},{"id":"14469","type":"Feature","properties":{"_pk_label":"PK 9+300","_voie":"LGV1"},"geometry":{"type":"Point","coordinates":[0.6758940080000001,47.27297028000001]}},{"id":"14489","type":"Feature","properties":{"_pk_label":"PK 9+400","_voie":"LGV1"},"geometry":{"type":"Point","coordinates":[0.6752991810000002,47.27216624]}},{"id":"14509","type":"Feature","properties":{"_pk_label":"PK 9+500","_voie":"LGV1"},"geometry":{"type":"Point","coordinates":[0.6747045080000009,47.27136212]}},{"id":"14529","type":"Feature","properties":{"_pk_label":"PK 9+600","_voie":"LGV1"},"geometry":{"type":"Point","coordinates":[0.6741098530000001,47.27055798999999]}},{"id":"14549","type":"Feature","properties":{"_pk_label":"PK 9+700","_voie":"LGV1"},"geometry":{"type":"Point","coordinates":[0.6735197750000005,47.26975242]}},{"id":"14569","type":"Feature","properties":{"_pk_label":"PK 9+800","_voie":"LGV1"},"geometry":{"type":"Point","coordinates":[0.6729419220000006,47.26894304000001]}},{"id":"14589","type":"Feature","properties":{"_pk_label":"PK 9+900","_voie":"LGV1"},"geometry":{"type":"Point","coordinates":[0.6723834110000003,47.268127369999995]}},{"id":"14629","type":"Feature","properties":{"_pk_label":"PK 10+100","_voie":"LGV1"},"geometry":{"type":"Point","coordinates":[0.6713314690000008,47.26647626999999]}},{"id":"14649","type":"Feature","properties":{"_pk_label":"PK 10+200","_voie":"LGV1"},"geometry":{"type":"Point","coordinates":[0.6708384140000001,47.265641290000005]}},{"id":"14669","type":"Feature","properties":{"_pk_label":"PK 10+300","_voie":"LGV1"},"geometry":{"type":"Point","coordinates":[0.670367458000001,47.26480044]}},{"id":"14689","type":"Feature","properties":{"_pk_label":"PK 10+400","_voie":"LGV1"},"geometry":{"type":"Point","coordinates":[0.6699188560000006,47.26395401]}},{"id":"14709","type":"Feature","properties":{"_pk_label":"PK 10+500","_voie":"LGV1"},"geometry":{"type":"Point","coordinates":[0.6694927280000005,47.263102180000004]}},{"id":"14729","type":"Feature","properties":{"_pk_label":"PK 10+600","_voie":"LGV1"},"geometry":{"type":"Point","coordinates":[0.6690891940000006,47.26224521000001]}},{"id":"14749","type":"Feature","properties":{"_pk_label":"PK 10+700","_voie":"LGV1"},"geometry":{"type":"Point","coordinates":[0.6687083669999999,47.261383560000006]}},{"id":"14769","type":"Feature","properties":{"_pk_label":"PK 10+800","_voie":"LGV1"},"geometry":{"type":"Point","coordinates":[0.6683502439999995,47.260517320000005]}},{"id":"14789","type":"Feature","properties":{"_pk_label":"PK 10+900","_voie":"LGV1"},"geometry":{"type":"Point","coordinates":[0.6680152060000002,47.25964677000001]}},{"id":"14829","type":"Feature","properties":{"_pk_label":"PK 11+100","_voie":"LGV1"},"geometry":{"type":"Point","coordinates":[0.6674141810000003,47.25789427000001]}},{"id":"14849","type":"Feature","properties":{"_pk_label":"PK 11+200","_voie":"LGV1"},"geometry":{"type":"Point","coordinates":[0.6671429940000005,47.25701329]}},{"id":"14869","type":"Feature","properties":{"_pk_label":"PK 11+300","_voie":"LGV1"},"geometry":{"type":"Point","coordinates":[0.6668815330000006,47.25613088999999]}},{"id":"14889","type":"Feature","properties":{"_pk_label":"PK 11+400","_voie":"LGV1"},"geometry":{"type":"Point","coordinates":[0.6666220810000009,47.25524817000001]}},{"id":"14909","type":"Feature","properties":{"_pk_label":"PK 11+500","_voie":"LGV1"},"geometry":{"type":"Point","coordinates":[0.6663627670000004,47.254365439999994]}},{"id":"14929","type":"Feature","properties":{"_pk_label":"PK 11+600","_voie":"LGV1"},"geometry":{"type":"Point","coordinates":[0.666103333,47.25348262999999]}},{"id":"14949","type":"Feature","properties":{"_pk_label":"PK 11+700","_voie":"LGV1"},"geometry":{"type":"Point","coordinates":[0.6658439060000004,47.252599899999986]}},{"id":"14969","type":"Feature","properties":{"_pk_label":"PK 11+800","_voie":"LGV1"},"geometry":{"type":"Point","coordinates":[0.6655844920000009,47.25171709]}},{"id":"14989","type":"Feature","properties":{"_pk_label":"PK 11+900","_voie":"LGV1"},"geometry":{"type":"Point","coordinates":[0.6653250810000004,47.25083436]}},{"id":"15029","type":"Feature","properties":{"_pk_label":"PK 12+100","_voie":"LGV1"},"geometry":{"type":"Point","coordinates":[0.6648062860000004,47.249068810000004]}},{"id":"15049","type":"Feature","properties":{"_pk_label":"PK 12+200","_voie":"LGV1"},"geometry":{"type":"Point","coordinates":[0.6645469030000014,47.24818607999999]}},{"id":"15069","type":"Feature","properties":{"_pk_label":"PK 12+300","_voie":"LGV1"},"geometry":{"type":"Point","coordinates":[0.6642875250000005,47.24730335]}},{"id":"15089","type":"Feature","properties":{"_pk_label":"PK 12+400","_voie":"LGV1"},"geometry":{"type":"Point","coordinates":[0.664028161,47.24642052000001]}},{"id":"15109","type":"Feature","properties":{"_pk_label":"PK 12+500","_voie":"LGV1"},"geometry":{"type":"Point","coordinates":[0.6637688000000004,47.24553778999999]}},{"id":"15129","type":"Feature","properties":{"_pk_label":"PK 12+600","_voie":"LGV1"},"geometry":{"type":"Point","coordinates":[0.66350945,47.24465505999998]}},{"id":"15149","type":"Feature","properties":{"_pk_label":"PK 12+700","_voie":"LGV1"},"geometry":{"type":"Point","coordinates":[0.6632501110000001,47.24377222999999]}},{"id":"15169","type":"Feature","properties":{"_pk_label":"PK 12+800","_voie":"LGV1"},"geometry":{"type":"Point","coordinates":[0.6629907750000007,47.24288949]}},{"id":"15189","type":"Feature","properties":{"_pk_label":"PK 12+900","_voie":"LGV1"},"geometry":{"type":"Point","coordinates":[0.6627315859999999,47.242006669999995]}},{"id":"15229","type":"Feature","properties":{"_pk_label":"PK 13+100","_voie":"LGV1"},"geometry":{"type":"Point","coordinates":[0.6622158830000009,47.24024088999999]}},{"id":"15249","type":"Feature","properties":{"_pk_label":"PK 13+200","_voie":"LGV1"},"geometry":{"type":"Point","coordinates":[0.6619681470000004,47.239356760000014]}},{"id":"15269","type":"Feature","properties":{"_pk_label":"PK 13+300","_voie":"LGV1"},"geometry":{"type":"Point","coordinates":[0.6617350440000006,47.23847086]}},{"id":"15289","type":"Feature","properties":{"_pk_label":"PK 13+400","_voie":"LGV1"},"geometry":{"type":"Point","coordinates":[0.6615205580000003,47.23758280999999]}},{"id":"15309","type":"Feature","properties":{"_pk_label":"PK 13+500","_voie":"LGV1"},"geometry":{"type":"Point","coordinates":[0.6613250720000008,47.23669279]}},{"id":"15329","type":"Feature","properties":{"_pk_label":"PK 13+600","_voie":"LGV1"},"geometry":{"type":"Point","coordinates":[0.6611487170000004,47.23580092]}},{"id":"15349","type":"Feature","properties":{"_pk_label":"PK 13+700","_voie":"LGV1"},"geometry":{"type":"Point","coordinates":[0.6609913530000001,47.23490735]}},{"id":"15369","type":"Feature","properties":{"_pk_label":"PK 13+800","_voie":"LGV1"},"geometry":{"type":"Point","coordinates":[0.6608530970000009,47.234012279999995]}},{"id":"15389","type":"Feature","properties":{"_pk_label":"PK 13+900","_voie":"LGV1"},"geometry":{"type":"Point","coordinates":[0.6607339440000002,47.23311597]}},{"id":"15430","type":"Feature","properties":{"_pk_label":"PK 14+100","_voie":"LGV1"},"geometry":{"type":"Point","coordinates":[0.6605514440000007,47.23132033000001]}},{"id":"15450","type":"Feature","properties":{"_pk_label":"PK 14+200","_voie":"LGV1"},"geometry":{"type":"Point","coordinates":[0.6604806750000008,47.23042149000001]}},{"id":"15470","type":"Feature","properties":{"_pk_label":"PK 14+300","_voie":"LGV1"},"geometry":{"type":"Point","coordinates":[0.6604156030000008,47.22952239000001]}},{"id":"15490","type":"Feature","properties":{"_pk_label":"PK 14+400","_voie":"LGV1"},"geometry":{"type":"Point","coordinates":[0.6603513310000008,47.22862313999999]}},{"id":"15510","type":"Feature","properties":{"_pk_label":"PK 14+500","_voie":"LGV1"},"geometry":{"type":"Point","coordinates":[0.6602869280000002,47.22772397000001]}},{"id":"15530","type":"Feature","properties":{"_pk_label":"PK 14+600","_voie":"LGV1"},"geometry":{"type":"Point","coordinates":[0.6602226580000009,47.22682480000001]}},{"id":"15550","type":"Feature","properties":{"_pk_label":"PK 14+700","_voie":"LGV1"},"geometry":{"type":"Point","coordinates":[0.6601583940000006,47.22592553999999]}},{"id":"15570","type":"Feature","properties":{"_pk_label":"PK 14+800","_voie":"LGV1"},"geometry":{"type":"Point","coordinates":[0.6600939970000005,47.225026369999995]}},{"id":"15590","type":"Feature","properties":{"_pk_label":"PK 14+900","_voie":"LGV1"},"geometry":{"type":"Point","coordinates":[0.6600293390000005,47.224127200000005]}},{"id":"15630","type":"Feature","properties":{"_pk_label":"PK 15+100","_voie":"LGV1"},"geometry":{"type":"Point","coordinates":[0.6598804440000005,47.22232917]}},{"id":"15651","type":"Feature","properties":{"_pk_label":"PK 15+200","_voie":"LGV1"},"geometry":{"type":"Point","coordinates":[0.6597840170000006,47.22143105999999]}},{"id":"15671","type":"Feature","properties":{"_pk_label":"PK 15+300","_voie":"LGV1"},"geometry":{"type":"Point","coordinates":[0.6596686470000009,47.220533919999994]}},{"id":"15691","type":"Feature","properties":{"_pk_label":"PK 15+400","_voie":"LGV1"},"geometry":{"type":"Point","coordinates":[0.6595340560000001,47.21963800999999]}},{"id":"15711","type":"Feature","properties":{"_pk_label":"PK 15+500","_voie":"LGV1"},"geometry":{"type":"Point","coordinates":[0.6593818279999998,47.21874354999999]}},{"id":"15731","type":"Feature","properties":{"_pk_label":"PK 15+600","_voie":"LGV1"},"geometry":{"type":"Point","coordinates":[0.6592173940000005,47.2178501]}},{"id":"15751","type":"Feature","properties":{"_pk_label":"PK 15+700","_voie":"LGV1"},"geometry":{"type":"Point","coordinates":[0.6590467280000004,47.216957340000015]}},{"id":"15771","type":"Feature","properties":{"_pk_label":"PK 15+800","_voie":"LGV1"},"geometry":{"type":"Point","coordinates":[0.6588751330000012,47.21606473]}},{"id":"15791","type":"Feature","properties":{"_pk_label":"PK 15+900","_voie":"LGV1"},"geometry":{"type":"Point","coordinates":[0.6587034169999999,47.215172030000005]}},{"id":"15831","type":"Feature","properties":{"_pk_label":"PK 16+100","_voie":"LGV1"},"geometry":{"type":"Point","coordinates":[0.6583602580000013,47.21338673]}},{"id":"15851","type":"Feature","properties":{"_pk_label":"PK 16+200","_voie":"LGV1"},"geometry":{"type":"Point","coordinates":[0.6581886860000005,47.21249412999999]}},{"id":"15871","type":"Feature","properties":{"_pk_label":"PK 16+300","_voie":"LGV1"},"geometry":{"type":"Point","coordinates":[0.6580169860000009,47.21160152]}},{"id":"15891","type":"Feature","properties":{"_pk_label":"PK 16+400","_voie":"LGV1"},"geometry":{"type":"Point","coordinates":[0.6578454310000005,47.21070882000001]}},{"id":"15911","type":"Feature","properties":{"_pk_label":"PK 16+500","_voie":"LGV1"},"geometry":{"type":"Point","coordinates":[0.6576738750000005,47.20981621]}},{"id":"15931","type":"Feature","properties":{"_pk_label":"PK 16+600","_voie":"LGV1"},"geometry":{"type":"Point","coordinates":[0.6575021969999999,47.20892351]}},{"id":"15951","type":"Feature","properties":{"_pk_label":"PK 16+700","_voie":"LGV1"},"geometry":{"type":"Point","coordinates":[0.6573306560000008,47.20803089999999]}},{"id":"15971","type":"Feature","properties":{"_pk_label":"PK 16+800","_voie":"LGV1"},"geometry":{"type":"Point","coordinates":[0.6571591190000005,47.207138200000024]}},{"id":"15991","type":"Feature","properties":{"_pk_label":"PK 16+900","_voie":"LGV1"},"geometry":{"type":"Point","coordinates":[0.6569875889999999,47.20624559]}},{"id":"16031","type":"Feature","properties":{"_pk_label":"PK 17+100","_voie":"LGV1"},"geometry":{"type":"Point","coordinates":[0.6566502420000013,47.204459939999985]}},{"id":"16051","type":"Feature","properties":{"_pk_label":"PK 17+200","_voie":"LGV1"},"geometry":{"type":"Point","coordinates":[0.6564949030000004,47.20356611999999]}},{"id":"16071","type":"Feature","properties":{"_pk_label":"PK 17+300","_voie":"LGV1"},"geometry":{"type":"Point","coordinates":[0.6563564030000001,47.20267112]}},{"id":"16091","type":"Feature","properties":{"_pk_label":"PK 17+400","_voie":"LGV1"},"geometry":{"type":"Point","coordinates":[0.6562369969999998,47.20177478000001]}},{"id":"16111","type":"Feature","properties":{"_pk_label":"PK 17+500","_voie":"LGV1"},"geometry":{"type":"Point","coordinates":[0.6561366669999997,47.20087749000001]}},{"id":"16131","type":"Feature","properties":{"_pk_label":"PK 17+600","_voie":"LGV1"},"geometry":{"type":"Point","coordinates":[0.6560555439999998,47.19997922999999]}},{"id":"16151","type":"Feature","properties":{"_pk_label":"PK 17+700","_voie":"LGV1"},"geometry":{"type":"Point","coordinates":[0.6559936190000007,47.19908018]}},{"id":"16171","type":"Feature","properties":{"_pk_label":"PK 17+800","_voie":"LGV1"},"geometry":{"type":"Point","coordinates":[0.6559507440000005,47.19818071]}},{"id":"16191","type":"Feature","properties":{"_pk_label":"PK 17+900","_voie":"LGV1"},"geometry":{"type":"Point","coordinates":[0.6559271780000008,47.19728091]}},{"id":"16231","type":"Feature","properties":{"_pk_label":"PK 18+100","_voie":"LGV1"},"geometry":{"type":"Point","coordinates":[0.655937672000001,47.19548094999999]}},{"id":"16251","type":"Feature","properties":{"_pk_label":"PK 18+200","_voie":"LGV1"},"geometry":{"type":"Point","coordinates":[0.6559717110000007,47.19458131999998]}},{"id":"16271","type":"Feature","properties":{"_pk_label":"PK 18+300","_voie":"LGV1"},"geometry":{"type":"Point","coordinates":[0.6560250220000008,47.19368209000001]}},{"id":"16291","type":"Feature","properties":{"_pk_label":"PK 18+400","_voie":"LGV1"},"geometry":{"type":"Point","coordinates":[0.6560974670000005,47.19278341999999]}},{"id":"16311","type":"Feature","properties":{"_pk_label":"PK 18+500","_voie":"LGV1"},"geometry":{"type":"Point","coordinates":[0.6561890280000002,47.19188568]}},{"id":"16331","type":"Feature","properties":{"_pk_label":"PK 18+600","_voie":"LGV1"},"geometry":{"type":"Point","coordinates":[0.6562997030000005,47.19098885999999]}},{"id":"16351","type":"Feature","properties":{"_pk_label":"PK 18+700","_voie":"LGV1"},"geometry":{"type":"Point","coordinates":[0.6564296110000009,47.190093249999975]}},{"id":"16371","type":"Feature","properties":{"_pk_label":"PK 18+800","_voie":"LGV1"},"geometry":{"type":"Point","coordinates":[0.6565784830000002,47.18919901]}},{"id":"16391","type":"Feature","properties":{"_pk_label":"PK 18+900","_voie":"LGV1"},"geometry":{"type":"Point","coordinates":[0.6567464390000003,47.18830633]}},{"id":"16431","type":"Feature","properties":{"_pk_label":"PK 19+100","_voie":"LGV1"},"geometry":{"type":"Point","coordinates":[0.6571395670000012,47.18652644]}},{"id":"16451","type":"Feature","properties":{"_pk_label":"PK 19+200","_voie":"LGV1"},"geometry":{"type":"Point","coordinates":[0.657364453000001,47.18563968]}},{"id":"16471","type":"Feature","properties":{"_pk_label":"PK 19+300","_voie":"LGV1"},"geometry":{"type":"Point","coordinates":[0.6576082560000002,47.18475518999999]}},{"id":"16491","type":"Feature","properties":{"_pk_label":"PK 19+400","_voie":"LGV1"},"geometry":{"type":"Point","coordinates":[0.6578709690000005,47.18387316]}},{"id":"16511","type":"Feature","properties":{"_pk_label":"PK 19+500","_voie":"LGV1"},"geometry":{"type":"Point","coordinates":[0.6581524440000014,47.18299384]}},{"id":"16531","type":"Feature","properties":{"_pk_label":"PK 19+600","_voie":"LGV1"},"geometry":{"type":"Point","coordinates":[0.6584525420000003,47.18211752000002]}},{"id":"16551","type":"Feature","properties":{"_pk_label":"PK 19+700","_voie":"LGV1"},"geometry":{"type":"Point","coordinates":[0.658771389,47.181244190000015]}},{"id":"16571","type":"Feature","properties":{"_pk_label":"PK 19+800","_voie":"LGV1"},"geometry":{"type":"Point","coordinates":[0.6591087110000002,47.18037411000002]}},{"id":"16591","type":"Feature","properties":{"_pk_label":"PK 19+900","_voie":"LGV1"},"geometry":{"type":"Point","coordinates":[0.6594646310000004,47.17950746]}},{"id":"16631","type":"Feature","properties":{"_pk_label":"PK 20+100","_voie":"LGV1"},"geometry":{"type":"Point","coordinates":[0.6602317000000013,47.17778519999998]}},{"id":"16651","type":"Feature","properties":{"_pk_label":"PK 20+200","_voie":"LGV1"},"geometry":{"type":"Point","coordinates":[0.6606427030000009,47.176929939999994]}},{"id":"16671","type":"Feature","properties":{"_pk_label":"PK 20+300","_voie":"LGV1"},"geometry":{"type":"Point","coordinates":[0.6610718690000009,47.176078819999994]}},{"id":"16691","type":"Feature","properties":{"_pk_label":"PK 20+400","_voie":"LGV1"},"geometry":{"type":"Point","coordinates":[0.6615191920000001,47.17523211999999]}},{"id":"16711","type":"Feature","properties":{"_pk_label":"PK 20+500","_voie":"LGV1"},"geometry":{"type":"Point","coordinates":[0.6619844030000005,47.17438992999999]}},{"id":"16731","type":"Feature","properties":{"_pk_label":"PK 20+600","_voie":"LGV1"},"geometry":{"type":"Point","coordinates":[0.6624676189999998,47.173552410000006]}},{"id":"16751","type":"Feature","properties":{"_pk_label":"PK 20+700","_voie":"LGV1"},"geometry":{"type":"Point","coordinates":[0.6629685750000003,47.17271976]}},{"id":"16771","type":"Feature","properties":{"_pk_label":"PK 20+800","_voie":"LGV1"},"geometry":{"type":"Point","coordinates":[0.6634872560000004,47.17189223999999]}},{"id":"16791","type":"Feature","properties":{"_pk_label":"PK 20+900","_voie":"LGV1"},"geometry":{"type":"Point","coordinates":[0.6640233940000003,47.171069839999994]}},{"id":"16831","type":"Feature","properties":{"_pk_label":"PK 21+100","_voie":"LGV1"},"geometry":{"type":"Point","coordinates":[0.6651361670000006,47.16943737999999]}},{"id":"16851","type":"Feature","properties":{"_pk_label":"PK 21+200","_voie":"LGV1"},"geometry":{"type":"Point","coordinates":[0.6657017169999999,47.168623950000004]}},{"id":"16871","type":"Feature","properties":{"_pk_label":"PK 21+300","_voie":"LGV1"},"geometry":{"type":"Point","coordinates":[0.6662676439999999,47.16781051]}},{"id":"16891","type":"Feature","properties":{"_pk_label":"PK 21+400","_voie":"LGV1"},"geometry":{"type":"Point","coordinates":[0.6668336830000005,47.166997169999995]}},{"id":"16911","type":"Feature","properties":{"_pk_label":"PK 21+500","_voie":"LGV1"},"geometry":{"type":"Point","coordinates":[0.6673995750000004,47.16618383000001]}},{"id":"16931","type":"Feature","properties":{"_pk_label":"PK 21+600","_voie":"LGV1"},"geometry":{"type":"Point","coordinates":[0.6679654499999995,47.16537048]}},{"id":"16951","type":"Feature","properties":{"_pk_label":"PK 21+700","_voie":"LGV1"},"geometry":{"type":"Point","coordinates":[0.668531306,47.16455711999999]}},{"id":"16971","type":"Feature","properties":{"_pk_label":"PK 21+800","_voie":"LGV1"},"geometry":{"type":"Point","coordinates":[0.669097275000001,47.163743769999996]}},{"id":"16991","type":"Feature","properties":{"_pk_label":"PK 21+900","_voie":"LGV1"},"geometry":{"type":"Point","coordinates":[0.6696631030000002,47.162930319999994]}},{"id":"17031","type":"Feature","properties":{"_pk_label":"PK 22+100","_voie":"LGV1"},"geometry":{"type":"Point","coordinates":[0.6707946940000001,47.161303589999996]}},{"id":"17051","type":"Feature","properties":{"_pk_label":"PK 22+200","_voie":"LGV1"},"geometry":{"type":"Point","coordinates":[0.6713605970000008,47.16049022999999]}},{"id":"17071","type":"Feature","properties":{"_pk_label":"PK 22+300","_voie":"LGV1"},"geometry":{"type":"Point","coordinates":[0.6719263529999998,47.15967684999999]}},{"id":"17091","type":"Feature","properties":{"_pk_label":"PK 22+400","_voie":"LGV1"},"geometry":{"type":"Point","coordinates":[0.6724915689999994,47.158863290000006]}},{"id":"17111","type":"Feature","properties":{"_pk_label":"PK 22+500","_voie":"LGV1"},"geometry":{"type":"Point","coordinates":[0.6730523500000003,47.1580481]}},{"id":"17131","type":"Feature","properties":{"_pk_label":"PK 22+600","_voie":"LGV1"},"geometry":{"type":"Point","coordinates":[0.6736030860000003,47.15722964]}},{"id":"17152","type":"Feature","properties":{"_pk_label":"PK 22+700","_voie":"LGV1"},"geometry":{"type":"Point","coordinates":[0.6741381690000001,47.15640637]}},{"id":"17172","type":"Feature","properties":{"_pk_label":"PK 22+800","_voie":"LGV1"},"geometry":{"type":"Point","coordinates":[0.6746557690000006,47.155577879999996]}},{"id":"17192","type":"Feature","properties":{"_pk_label":"PK 22+900","_voie":"LGV1"},"geometry":{"type":"Point","coordinates":[0.6751556110000007,47.15474433999999]}},{"id":"17232","type":"Feature","properties":{"_pk_label":"PK 23+100","_voie":"LGV1"},"geometry":{"type":"Point","coordinates":[0.6761016080000003,47.15306286]}},{"id":"17252","type":"Feature","properties":{"_pk_label":"PK 23+200","_voie":"LGV1"},"geometry":{"type":"Point","coordinates":[0.6765476140000001,47.15221525999999]}},{"id":"17272","type":"Feature","properties":{"_pk_label":"PK 23+300","_voie":"LGV1"},"geometry":{"type":"Point","coordinates":[0.6769755780000004,47.15136325]}},{"id":"17292","type":"Feature","properties":{"_pk_label":"PK 23+400","_voie":"LGV1"},"geometry":{"type":"Point","coordinates":[0.6773852190000009,47.15050717999999]}},{"id":"17312","type":"Feature","properties":{"_pk_label":"PK 23+500","_voie":"LGV1"},"geometry":{"type":"Point","coordinates":[0.6777765390000005,47.14964705]}},{"id":"17332","type":"Feature","properties":{"_pk_label":"PK 23+600","_voie":"LGV1"},"geometry":{"type":"Point","coordinates":[0.6781495250000005,47.148783120000004]}},{"id":"17352","type":"Feature","properties":{"_pk_label":"PK 23+700","_voie":"LGV1"},"geometry":{"type":"Point","coordinates":[0.6785040390000006,47.14791567]}},{"id":"17372","type":"Feature","properties":{"_pk_label":"PK 23+800","_voie":"LGV1"},"geometry":{"type":"Point","coordinates":[0.6788399440000007,47.147044699999995]}},{"id":"17392","type":"Feature","properties":{"_pk_label":"PK 23+900","_voie":"LGV1"},"geometry":{"type":"Point","coordinates":[0.6791572279999999,47.14617054999999]}},{"id":"17432","type":"Feature","properties":{"_pk_label":"PK 24+100","_voie":"LGV1"},"geometry":{"type":"Point","coordinates":[0.6797357890000003,47.144413220000004]}},{"id":"17452","type":"Feature","properties":{"_pk_label":"PK 24+200","_voie":"LGV1"},"geometry":{"type":"Point","coordinates":[0.6799969140000007,47.143530469999995]}},{"id":"17472","type":"Feature","properties":{"_pk_label":"PK 24+300","_voie":"LGV1"},"geometry":{"type":"Point","coordinates":[0.6802392640000002,47.14264518]}},{"id":"17492","type":"Feature","properties":{"_pk_label":"PK 24+400","_voie":"LGV1"},"geometry":{"type":"Point","coordinates":[0.6804625670000006,47.14175753]}},{"id":"17512","type":"Feature","properties":{"_pk_label":"PK 24+500","_voie":"LGV1"},"geometry":{"type":"Point","coordinates":[0.6806669390000007,47.14086787999999]}},{"id":"17532","type":"Feature","properties":{"_pk_label":"PK 24+600","_voie":"LGV1"},"geometry":{"type":"Point","coordinates":[0.6808523830000006,47.13997623]}},{"id":"17552","type":"Feature","properties":{"_pk_label":"PK 24+700","_voie":"LGV1"},"geometry":{"type":"Point","coordinates":[0.6810187560000002,47.139082840000015]}},{"id":"17572","type":"Feature","properties":{"_pk_label":"PK 24+800","_voie":"LGV1"},"geometry":{"type":"Point","coordinates":[0.6811660530000007,47.13818780999999]}},{"id":"17592","type":"Feature","properties":{"_pk_label":"PK 24+900","_voie":"LGV1"},"geometry":{"type":"Point","coordinates":[0.681294261000001,47.137291499999996]}},{"id":"17632","type":"Feature","properties":{"_pk_label":"PK 25+100","_voie":"LGV1"},"geometry":{"type":"Point","coordinates":[0.6814932610000007,47.13549556000001]}},{"id":"17652","type":"Feature","properties":{"_pk_label":"PK 25+200","_voie":"LGV1"},"geometry":{"type":"Point","coordinates":[0.6815640439999999,47.1345962]}},{"id":"17672","type":"Feature","properties":{"_pk_label":"PK 25+300","_voie":"LGV1"},"geometry":{"type":"Point","coordinates":[0.6816155750000006,47.133696370000024]}},{"id":"17692","type":"Feature","properties":{"_pk_label":"PK 25+400","_voie":"LGV1"},"geometry":{"type":"Point","coordinates":[0.6816479829999995,47.13279605999999]}},{"id":"17712","type":"Feature","properties":{"_pk_label":"PK 25+500","_voie":"LGV1"},"geometry":{"type":"Point","coordinates":[0.6816612690000009,47.13189546000002]}},{"id":"17732","type":"Feature","properties":{"_pk_label":"PK 25+600","_voie":"LGV1"},"geometry":{"type":"Point","coordinates":[0.6816552830000001,47.13099491999999]}},{"id":"17752","type":"Feature","properties":{"_pk_label":"PK 25+700","_voie":"LGV1"},"geometry":{"type":"Point","coordinates":[0.6816301560000001,47.13009444999999]}},{"id":"17772","type":"Feature","properties":{"_pk_label":"PK 25+800","_voie":"LGV1"},"geometry":{"type":"Point","coordinates":[0.6815857439999999,47.12919441]}},{"id":"17792","type":"Feature","properties":{"_pk_label":"PK 25+900","_voie":"LGV1"},"geometry":{"type":"Point","coordinates":[0.6815221750000005,47.128294880000006]}},{"id":"17832","type":"Feature","properties":{"_pk_label":"PK 26+100","_voie":"LGV1"},"geometry":{"type":"Point","coordinates":[0.6813376670000002,47.126498180000006]}},{"id":"17852","type":"Feature","properties":{"_pk_label":"PK 26+200","_voie":"LGV1"},"geometry":{"type":"Point","coordinates":[0.681216714,47.12560136999999]}},{"id":"17872","type":"Feature","properties":{"_pk_label":"PK 26+300","_voie":"LGV1"},"geometry":{"type":"Point","coordinates":[0.6810767079999999,47.12470589]}},{"id":"17892","type":"Feature","properties":{"_pk_label":"PK 26+400","_voie":"LGV1"},"geometry":{"type":"Point","coordinates":[0.680917508000001,47.12381181999999]}},{"id":"17912","type":"Feature","properties":{"_pk_label":"PK 26+500","_voie":"LGV1"},"geometry":{"type":"Point","coordinates":[0.6807393690000001,47.12291954000001]}},{"id":"17932","type":"Feature","properties":{"_pk_label":"PK 26+600","_voie":"LGV1"},"geometry":{"type":"Point","coordinates":[0.6805422860000001,47.122029039999994]}},{"id":"17952","type":"Feature","properties":{"_pk_label":"PK 26+700","_voie":"LGV1"},"geometry":{"type":"Point","coordinates":[0.6803261220000006,47.12114059000002]}},{"id":"17972","type":"Feature","properties":{"_pk_label":"PK 26+800","_voie":"LGV1"},"geometry":{"type":"Point","coordinates":[0.6800911329999998,47.120254370000005]}},{"id":"17992","type":"Feature","properties":{"_pk_label":"PK 26+900","_voie":"LGV1"},"geometry":{"type":"Point","coordinates":[0.6798373060000008,47.119370649999986]}},{"id":"18032","type":"Feature","properties":{"_pk_label":"PK 27+100","_voie":"LGV1"},"geometry":{"type":"Point","coordinates":[0.6792733890000002,47.11761108999999]}},{"id":"18052","type":"Feature","properties":{"_pk_label":"PK 27+200","_voie":"LGV1"},"geometry":{"type":"Point","coordinates":[0.678963281,47.11673579000001]}},{"id":"18072","type":"Feature","properties":{"_pk_label":"PK 27+300","_voie":"LGV1"},"geometry":{"type":"Point","coordinates":[0.678634711000001,47.115863539999985]}},{"id":"18092","type":"Feature","properties":{"_pk_label":"PK 27+400","_voie":"LGV1"},"geometry":{"type":"Point","coordinates":[0.6782874000000002,47.114994689999996]}},{"id":"18112","type":"Feature","properties":{"_pk_label":"PK 27+500","_voie":"LGV1"},"geometry":{"type":"Point","coordinates":[0.6779217390000002,47.11412943999999]}},{"id":"18132","type":"Feature","properties":{"_pk_label":"PK 27+600","_voie":"LGV1"},"geometry":{"type":"Point","coordinates":[0.6775377250000003,47.113267870000016]}},{"id":"18152","type":"Feature","properties":{"_pk_label":"PK 27+700","_voie":"LGV1"},"geometry":{"type":"Point","coordinates":[0.6771353470000007,47.11241016]}},{"id":"18172","type":"Feature","properties":{"_pk_label":"PK 27+800","_voie":"LGV1"},"geometry":{"type":"Point","coordinates":[0.6767148640000001,47.11155659]}},{"id":"18192","type":"Feature","properties":{"_pk_label":"PK 27+900","_voie":"LGV1"},"geometry":{"type":"Point","coordinates":[0.6762761360000008,47.11070725]}},{"id":"18232","type":"Feature","properties":{"_pk_label":"PK 28+100","_voie":"LGV1"},"geometry":{"type":"Point","coordinates":[0.6753447080000006,47.109022059999994]}},{"id":"18252","type":"Feature","properties":{"_pk_label":"PK 28+200","_voie":"LGV1"},"geometry":{"type":"Point","coordinates":[0.6748522579999999,47.10818658000002]}},{"id":"18272","type":"Feature","properties":{"_pk_label":"PK 28+300","_voie":"LGV1"},"geometry":{"type":"Point","coordinates":[0.6743420609999999,47.10735614]}},{"id":"18292","type":"Feature","properties":{"_pk_label":"PK 28+400","_voie":"LGV1"},"geometry":{"type":"Point","coordinates":[0.6738142500000003,47.106530750000005]}},{"id":"18312","type":"Feature","properties":{"_pk_label":"PK 28+500","_voie":"LGV1"},"geometry":{"type":"Point","coordinates":[0.6732688060000009,47.10571077000001]}},{"id":"18332","type":"Feature","properties":{"_pk_label":"PK 28+600","_voie":"LGV1"},"geometry":{"type":"Point","coordinates":[0.6727061280000005,47.1048962]}},{"id":"18352","type":"Feature","properties":{"_pk_label":"PK 28+700","_voie":"LGV1"},"geometry":{"type":"Point","coordinates":[0.6721260690000009,47.10408741]}},{"id":"18372","type":"Feature","properties":{"_pk_label":"PK 28+800","_voie":"LGV1"},"geometry":{"type":"Point","coordinates":[0.6715288920000005,47.103284390000006]}},{"id":"18392","type":"Feature","properties":{"_pk_label":"PK 28+900","_voie":"LGV1"},"geometry":{"type":"Point","coordinates":[0.6709145890000003,47.10248741]}},{"id":"18432","type":"Feature","properties":{"_pk_label":"PK 29+100","_voie":"LGV1"},"geometry":{"type":"Point","coordinates":[0.6696356280000003,47.100912159999986]}},{"id":"18452","type":"Feature","properties":{"_pk_label":"PK 29+200","_voie":"LGV1"},"geometry":{"type":"Point","coordinates":[0.6689712280000002,47.10013416000001]}},{"id":"18472","type":"Feature","properties":{"_pk_label":"PK 29+300","_voie":"LGV1"},"geometry":{"type":"Point","coordinates":[0.6682901939999999,47.09936294]}},{"id":"18492","type":"Feature","properties":{"_pk_label":"PK 29+400","_voie":"LGV1"},"geometry":{"type":"Point","coordinates":[0.6675929280000004,47.098598499999994]}},{"id":"18512","type":"Feature","properties":{"_pk_label":"PK 29+500","_voie":"LGV1"},"geometry":{"type":"Point","coordinates":[0.6668794169999995,47.09784111]}},{"id":"18532","type":"Feature","properties":{"_pk_label":"PK 29+600","_voie":"LGV1"},"geometry":{"type":"Point","coordinates":[0.666149919000001,47.09709087000002]}},{"id":"18552","type":"Feature","properties":{"_pk_label":"PK 29+700","_voie":"LGV1"},"geometry":{"type":"Point","coordinates":[0.6654045640000003,47.09634787]}},{"id":"18572","type":"Feature","properties":{"_pk_label":"PK 29+800","_voie":"LGV1"},"geometry":{"type":"Point","coordinates":[0.664643342,47.095612379999984]}},{"id":"18592","type":"Feature","properties":{"_pk_label":"PK 29+900","_voie":"LGV1"},"geometry":{"type":"Point","coordinates":[0.6638667690000004,47.09488459]}},{"id":"18632","type":"Feature","properties":{"_pk_label":"PK 30+100","_voie":"LGV1"},"geometry":{"type":"Point","coordinates":[0.6622673030000001,47.09345247000001]}},{"id":"18652","type":"Feature","properties":{"_pk_label":"PK 30+200","_voie":"LGV1"},"geometry":{"type":"Point","coordinates":[0.6614449220000006,47.09274841999999]}},{"id":"18672","type":"Feature","properties":{"_pk_label":"PK 30+300","_voie":"LGV1"},"geometry":{"type":"Point","coordinates":[0.660607697000001,47.092052609999996]}},{"id":"18692","type":"Feature","properties":{"_pk_label":"PK 30+400","_voie":"LGV1"},"geometry":{"type":"Point","coordinates":[0.6597556220000004,47.09136524000001]}},{"id":"18712","type":"Feature","properties":{"_pk_label":"PK 30+500","_voie":"LGV1"},"geometry":{"type":"Point","coordinates":[0.658889217000001,47.09068639000001]}},{"id":"18732","type":"Feature","properties":{"_pk_label":"PK 30+600","_voie":"LGV1"},"geometry":{"type":"Point","coordinates":[0.6580083500000006,47.09001617]}},{"id":"18752","type":"Feature","properties":{"_pk_label":"PK 30+700","_voie":"LGV1"},"geometry":{"type":"Point","coordinates":[0.657113269000001,47.089354830000005]}},{"id":"18772","type":"Feature","properties":{"_pk_label":"PK 30+800","_voie":"LGV1"},"geometry":{"type":"Point","coordinates":[0.6562043720000008,47.088702389999995]}},{"id":"18792","type":"Feature","properties":{"_pk_label":"PK 30+900","_voie":"LGV1"},"geometry":{"type":"Point","coordinates":[0.6552815190000004,47.08805902999999]}},{"id":"18832","type":"Feature","properties":{"_pk_label":"PK 31+100","_voie":"LGV1"},"geometry":{"type":"Point","coordinates":[0.6533954970000007,47.08680019999999]}},{"id":"18852","type":"Feature","properties":{"_pk_label":"PK 31+200","_voie":"LGV1"},"geometry":{"type":"Point","coordinates":[0.6524325860000006,47.086184919999994]}},{"id":"18872","type":"Feature","properties":{"_pk_label":"PK 31+300","_voie":"LGV1"},"geometry":{"type":"Point","coordinates":[0.6514567470000008,47.08557927]}},{"id":"18892","type":"Feature","properties":{"_pk_label":"PK 31+400","_voie":"LGV1"},"geometry":{"type":"Point","coordinates":[0.650468108,47.08498344000001]}},{"id":"18912","type":"Feature","properties":{"_pk_label":"PK 31+500","_voie":"LGV1"},"geometry":{"type":"Point","coordinates":[0.6494669280000007,47.08439743]}},{"id":"18932","type":"Feature","properties":{"_pk_label":"PK 31+600","_voie":"LGV1"},"geometry":{"type":"Point","coordinates":[0.6484533390000002,47.08382134]}},{"id":"18952","type":"Feature","properties":{"_pk_label":"PK 31+700","_voie":"LGV1"},"geometry":{"type":"Point","coordinates":[0.6474277190000003,47.08325554]}},{"id":"18972","type":"Feature","properties":{"_pk_label":"PK 31+800","_voie":"LGV1"},"geometry":{"type":"Point","coordinates":[0.6463900750000005,47.08269984000001]}},{"id":"18992","type":"Feature","properties":{"_pk_label":"PK 31+900","_voie":"LGV1"},"geometry":{"type":"Point","coordinates":[0.6453407860000003,47.08215461]}},{"id":"19032","type":"Feature","properties":{"_pk_label":"PK 32+100","_voie":"LGV1"},"geometry":{"type":"Point","coordinates":[0.6432128690000014,47.08109117]}},{"id":"19052","type":"Feature","properties":{"_pk_label":"PK 32+200","_voie":"LGV1"},"geometry":{"type":"Point","coordinates":[0.6421412310000006,47.08056697999998]}},{"id":"19072","type":"Feature","properties":{"_pk_label":"PK 32+300","_voie":"LGV1"},"geometry":{"type":"Point","coordinates":[0.6410687860000012,47.08004356999998]}},{"id":"19092","type":"Feature","properties":{"_pk_label":"PK 32+400","_voie":"LGV1"},"geometry":{"type":"Point","coordinates":[0.6399963609999997,47.07952016]}},{"id":"19112","type":"Feature","properties":{"_pk_label":"PK 32+500","_voie":"LGV1"},"geometry":{"type":"Point","coordinates":[0.6389240859999998,47.07899682000002]}},{"id":"19132","type":"Feature","properties":{"_pk_label":"PK 32+600","_voie":"LGV1"},"geometry":{"type":"Point","coordinates":[0.6378517030000007,47.078473389999985]}},{"id":"19152","type":"Feature","properties":{"_pk_label":"PK 32+700","_voie":"LGV1"},"geometry":{"type":"Point","coordinates":[0.6367793420000007,47.07794993999999]}},{"id":"19172","type":"Feature","properties":{"_pk_label":"PK 32+800","_voie":"LGV1"},"geometry":{"type":"Point","coordinates":[0.6357069970000002,47.07742658000001]}},{"id":"19192","type":"Feature","properties":{"_pk_label":"PK 32+900","_voie":"LGV1"},"geometry":{"type":"Point","coordinates":[0.6346348080000008,47.07690311]}},{"id":"19232","type":"Feature","properties":{"_pk_label":"PK 33+100","_voie":"LGV1"},"geometry":{"type":"Point","coordinates":[0.6324902280000008,47.07585624]}},{"id":"19252","type":"Feature","properties":{"_pk_label":"PK 33+200","_voie":"LGV1"},"geometry":{"type":"Point","coordinates":[0.6314179690000007,47.07533273999999]}},{"id":"19272","type":"Feature","properties":{"_pk_label":"PK 33+300","_voie":"LGV1"},"geometry":{"type":"Point","coordinates":[0.6303458610000003,47.07480933]}},{"id":"19293","type":"Feature","properties":{"_pk_label":"PK 33+400","_voie":"LGV1"},"geometry":{"type":"Point","coordinates":[0.629273781,47.07428573000001]}},{"id":"19313","type":"Feature","properties":{"_pk_label":"PK 33+500","_voie":"LGV1"},"geometry":{"type":"Point","coordinates":[0.628204322000001,47.07375991]}},{"id":"19333","type":"Feature","properties":{"_pk_label":"PK 33+600","_voie":"LGV1"},"geometry":{"type":"Point","coordinates":[0.6271407969999999,47.07322854000001]}},{"id":"19353","type":"Feature","properties":{"_pk_label":"PK 33+700","_voie":"LGV1"},"geometry":{"type":"Point","coordinates":[0.6260866279999998,47.072688789999994]}},{"id":"19373","type":"Feature","properties":{"_pk_label":"PK 33+800","_voie":"LGV1"},"geometry":{"type":"Point","coordinates":[0.625042369,47.07214004]}},{"id":"19393","type":"Feature","properties":{"_pk_label":"PK 33+900","_voie":"LGV1"},"geometry":{"type":"Point","coordinates":[0.624008142000001,47.07158248999999]}},{"id":"19433","type":"Feature","properties":{"_pk_label":"PK 34+100","_voie":"LGV1"},"geometry":{"type":"Point","coordinates":[0.6219709720000002,47.07044097000001]}},{"id":"19453","type":"Feature","properties":{"_pk_label":"PK 34+200","_voie":"LGV1"},"geometry":{"type":"Point","coordinates":[0.620968286000001,47.06985719]}},{"id":"19473","type":"Feature","properties":{"_pk_label":"PK 34+300","_voie":"LGV1"},"geometry":{"type":"Point","coordinates":[0.6199762780000008,47.06926498]}},{"id":"19493","type":"Feature","properties":{"_pk_label":"PK 34+400","_voie":"LGV1"},"geometry":{"type":"Point","coordinates":[0.6189952110000009,47.06866425]}},{"id":"19513","type":"Feature","properties":{"_pk_label":"PK 34+500","_voie":"LGV1"},"geometry":{"type":"Point","coordinates":[0.6180253420000005,47.06805527]}},{"id":"19533","type":"Feature","properties":{"_pk_label":"PK 34+600","_voie":"LGV1"},"geometry":{"type":"Point","coordinates":[0.6170666720000009,47.06743796000001]}},{"id":"19553","type":"Feature","properties":{"_pk_label":"PK 34+700","_voie":"LGV1"},"geometry":{"type":"Point","coordinates":[0.6161193190000005,47.066812580000004]}},{"id":"19573","type":"Feature","properties":{"_pk_label":"PK 34+800","_voie":"LGV1"},"geometry":{"type":"Point","coordinates":[0.6151835560000007,47.06617906000002]}},{"id":"19594","type":"Feature","properties":{"_pk_label":"PK 34+900","_voie":"LGV1"},"geometry":{"type":"Point","coordinates":[0.6142590940000008,47.06553783999998]}},{"id":"19634","type":"Feature","properties":{"_pk_label":"PK 35+100","_voie":"LGV1"},"geometry":{"type":"Point","coordinates":[0.6124311750000005,47.064241029999984]}},{"id":"19654","type":"Feature","properties":{"_pk_label":"PK 35+200","_voie":"LGV1"},"geometry":{"type":"Point","coordinates":[0.6115199640000003,47.063590790000006]}},{"id":"19674","type":"Feature","properties":{"_pk_label":"PK 35+300","_voie":"LGV1"},"geometry":{"type":"Point","coordinates":[0.6106086440000006,47.06294053000002]}},{"id":"19694","type":"Feature","properties":{"_pk_label":"PK 35+400","_voie":"LGV1"},"geometry":{"type":"Point","coordinates":[0.6096973469999999,47.06229025999999]}},{"id":"19714","type":"Feature","properties":{"_pk_label":"PK 35+500","_voie":"LGV1"},"geometry":{"type":"Point","coordinates":[0.6087862000000004,47.06164008]}},{"id":"19734","type":"Feature","properties":{"_pk_label":"PK 35+600","_voie":"LGV1"},"geometry":{"type":"Point","coordinates":[0.6078749469999999,47.06098980000001]}},{"id":"19754","type":"Feature","properties":{"_pk_label":"PK 35+700","_voie":"LGV1"},"geometry":{"type":"Point","coordinates":[0.6069637140000008,47.060339510000006]}},{"id":"19774","type":"Feature","properties":{"_pk_label":"PK 35+800","_voie":"LGV1"},"geometry":{"type":"Point","coordinates":[0.6060526360000005,47.05968921999999]}},{"id":"19794","type":"Feature","properties":{"_pk_label":"PK 35+900","_voie":"LGV1"},"geometry":{"type":"Point","coordinates":[0.6051414499999997,47.05903890999999]}},{"id":"19834","type":"Feature","properties":{"_pk_label":"PK 36+100","_voie":"LGV1"},"geometry":{"type":"Point","coordinates":[0.6033192719999999,47.05773829]}},{"id":"19854","type":"Feature","properties":{"_pk_label":"PK 36+200","_voie":"LGV1"},"geometry":{"type":"Point","coordinates":[0.602408150000001,47.057087960000004]}},{"id":"19874","type":"Feature","properties":{"_pk_label":"PK 36+300","_voie":"LGV1"},"geometry":{"type":"Point","coordinates":[0.6014971810000007,47.05643762999999]}},{"id":"19894","type":"Feature","properties":{"_pk_label":"PK 36+400","_voie":"LGV1"},"geometry":{"type":"Point","coordinates":[0.6005861030000005,47.055787290000005]}},{"id":"19914","type":"Feature","properties":{"_pk_label":"PK 36+500","_voie":"LGV1"},"geometry":{"type":"Point","coordinates":[0.5996750470000003,47.05513693999999]}},{"id":"19934","type":"Feature","properties":{"_pk_label":"PK 36+600","_voie":"LGV1"},"geometry":{"type":"Point","coordinates":[0.5987641439999999,47.05448659000001]}},{"id":"19954","type":"Feature","properties":{"_pk_label":"PK 36+700","_voie":"LGV1"},"geometry":{"type":"Point","coordinates":[0.5978531330000001,47.05383623000001]}},{"id":"19974","type":"Feature","properties":{"_pk_label":"PK 36+800","_voie":"LGV1"},"geometry":{"type":"Point","coordinates":[0.5969421420000013,47.05318586]}},{"id":"19994","type":"Feature","properties":{"_pk_label":"PK 36+900","_voie":"LGV1"},"geometry":{"type":"Point","coordinates":[0.5960313060000001,47.05253548999998]}},{"id":"20034","type":"Feature","properties":{"_pk_label":"PK 37+100","_voie":"LGV1"},"geometry":{"type":"Point","coordinates":[0.5942094360000005,47.051234709999996]}},{"id":"20054","type":"Feature","properties":{"_pk_label":"PK 37+200","_voie":"LGV1"},"geometry":{"type":"Point","coordinates":[0.5932986670000007,47.05058431999999]}},{"id":"20074","type":"Feature","properties":{"_pk_label":"PK 37+300","_voie":"LGV1"},"geometry":{"type":"Point","coordinates":[0.5923877860000006,47.04993391]}},{"id":"20094","type":"Feature","properties":{"_pk_label":"PK 37+400","_voie":"LGV1"},"geometry":{"type":"Point","coordinates":[0.5914769280000002,47.04928350000002]}},{"id":"20114","type":"Feature","properties":{"_pk_label":"PK 37+500","_voie":"LGV1"},"geometry":{"type":"Point","coordinates":[0.5905662220000009,47.04863308]}},{"id":"20134","type":"Feature","properties":{"_pk_label":"PK 37+600","_voie":"LGV1"},"geometry":{"type":"Point","coordinates":[0.5896555440000012,47.04798257]}},{"id":"20154","type":"Feature","properties":{"_pk_label":"PK 37+700","_voie":"LGV1"},"geometry":{"type":"Point","coordinates":[0.5887475919999999,47.04733048000001]}},{"id":"20174","type":"Feature","properties":{"_pk_label":"PK 37+800","_voie":"LGV1"},"geometry":{"type":"Point","coordinates":[0.5878467140000011,47.046673940000005]}},{"id":"20194","type":"Feature","properties":{"_pk_label":"PK 37+900","_voie":"LGV1"},"geometry":{"type":"Point","coordinates":[0.5869573780000004,47.046010249999995]}},{"id":"20234","type":"Feature","properties":{"_pk_label":"PK 38+100","_voie":"LGV1"},"geometry":{"type":"Point","coordinates":[0.5852213140000003,47.044656790000005]}},{"id":"20254","type":"Feature","properties":{"_pk_label":"PK 38+200","_voie":"LGV1"},"geometry":{"type":"Point","coordinates":[0.5843751059999995,47.04396723000001]}},{"id":"20274","type":"Feature","properties":{"_pk_label":"PK 38+300","_voie":"LGV1"},"geometry":{"type":"Point","coordinates":[0.5835437830000008,47.04326932000001]}},{"id":"20294","type":"Feature","properties":{"_pk_label":"PK 38+400","_voie":"LGV1"},"geometry":{"type":"Point","coordinates":[0.5827273470000008,47.04256325]}},{"id":"20314","type":"Feature","properties":{"_pk_label":"PK 38+500","_voie":"LGV1"},"geometry":{"type":"Point","coordinates":[0.5819260470000004,47.041849119999995]}},{"id":"20334","type":"Feature","properties":{"_pk_label":"PK 38+600","_voie":"LGV1"},"geometry":{"type":"Point","coordinates":[0.5811400140000003,47.04112709000001]}},{"id":"20354","type":"Feature","properties":{"_pk_label":"PK 38+700","_voie":"LGV1"},"geometry":{"type":"Point","coordinates":[0.5803695000000001,47.040397290000016]}},{"id":"20374","type":"Feature","properties":{"_pk_label":"PK 38+800","_voie":"LGV1"},"geometry":{"type":"Point","coordinates":[0.5796145000000013,47.03965995999999]}},{"id":"20394","type":"Feature","properties":{"_pk_label":"PK 38+900","_voie":"LGV1"},"geometry":{"type":"Point","coordinates":[0.5788754030000005,47.03891512999999]}},{"id":"20434","type":"Feature","properties":{"_pk_label":"PK 39+100","_voie":"LGV1"},"geometry":{"type":"Point","coordinates":[0.5774451390000009,47.03740393999998]}},{"id":"20454","type":"Feature","properties":{"_pk_label":"PK 39+200","_voie":"LGV1"},"geometry":{"type":"Point","coordinates":[0.5767542310000003,47.03663776]}},{"id":"20474","type":"Feature","properties":{"_pk_label":"PK 39+300","_voie":"LGV1"},"geometry":{"type":"Point","coordinates":[0.5760798470000004,47.03586481]}},{"id":"20494","type":"Feature","properties":{"_pk_label":"PK 39+400","_voie":"LGV1"},"geometry":{"type":"Point","coordinates":[0.5754218560000004,47.03508527000002]}},{"id":"20514","type":"Feature","properties":{"_pk_label":"PK 39+500","_voie":"LGV1"},"geometry":{"type":"Point","coordinates":[0.5747806420000009,47.034299219999994]}},{"id":"20534","type":"Feature","properties":{"_pk_label":"PK 39+600","_voie":"LGV1"},"geometry":{"type":"Point","coordinates":[0.5741561999999997,47.033506860000024]}},{"id":"20554","type":"Feature","properties":{"_pk_label":"PK 39+700","_voie":"LGV1"},"geometry":{"type":"Point","coordinates":[0.5735487810000013,47.03270846]}},{"id":"20574","type":"Feature","properties":{"_pk_label":"PK 39+800","_voie":"LGV1"},"geometry":{"type":"Point","coordinates":[0.5729583779999998,47.031904010000005]}},{"id":"20594","type":"Feature","properties":{"_pk_label":"PK 39+900","_voie":"LGV1"},"geometry":{"type":"Point","coordinates":[0.5723851190000012,47.03109379999999]}},{"id":"20634","type":"Feature","properties":{"_pk_label":"PK 40+100","_voie":"LGV1"},"geometry":{"type":"Point","coordinates":[0.5712905110000002,47.02945672]}},{"id":"20654","type":"Feature","properties":{"_pk_label":"PK 40+200","_voie":"LGV1"},"geometry":{"type":"Point","coordinates":[0.570765942,47.02863121]}},{"id":"20674","type":"Feature","properties":{"_pk_label":"PK 40+300","_voie":"LGV1"},"geometry":{"type":"Point","coordinates":[0.5702499389999999,47.02780301]}},{"id":"20694","type":"Feature","properties":{"_pk_label":"PK 40+400","_voie":"LGV1"},"geometry":{"type":"Point","coordinates":[0.5697368970000001,47.02697377999999]}},{"id":"20714","type":"Feature","properties":{"_pk_label":"PK 40+500","_voie":"LGV1"},"geometry":{"type":"Point","coordinates":[0.5692241330000013,47.026144560000006]}},{"id":"20734","type":"Feature","properties":{"_pk_label":"PK 40+600","_voie":"LGV1"},"geometry":{"type":"Point","coordinates":[0.5687113860000008,47.02531533]}},{"id":"20754","type":"Feature","properties":{"_pk_label":"PK 40+700","_voie":"LGV1"},"geometry":{"type":"Point","coordinates":[0.5681985280000005,47.02448601000001]}},{"id":"20774","type":"Feature","properties":{"_pk_label":"PK 40+800","_voie":"LGV1"},"geometry":{"type":"Point","coordinates":[0.5676858110000004,47.02365678000001]}},{"id":"20794","type":"Feature","properties":{"_pk_label":"PK 40+900","_voie":"LGV1"},"geometry":{"type":"Point","coordinates":[0.5671731110000007,47.022827539999994]}},{"id":"20834","type":"Feature","properties":{"_pk_label":"PK 41+100","_voie":"LGV1"},"geometry":{"type":"Point","coordinates":[0.566147625,47.02116906]}},{"id":"20854","type":"Feature","properties":{"_pk_label":"PK 41+200","_voie":"LGV1"},"geometry":{"type":"Point","coordinates":[0.5656349720000003,47.020339820000004]}},{"id":"20874","type":"Feature","properties":{"_pk_label":"PK 41+300","_voie":"LGV1"},"geometry":{"type":"Point","coordinates":[0.5651223389999995,47.019510479999994]}},{"id":"20894","type":"Feature","properties":{"_pk_label":"PK 41+400","_voie":"LGV1"},"geometry":{"type":"Point","coordinates":[0.5646095860000004,47.01868122999999]}},{"id":"20914","type":"Feature","properties":{"_pk_label":"PK 41+500","_voie":"LGV1"},"geometry":{"type":"Point","coordinates":[0.5640969810000008,47.017851979999996]}},{"id":"20934","type":"Feature","properties":{"_pk_label":"PK 41+600","_voie":"LGV1"},"geometry":{"type":"Point","coordinates":[0.5635843920000002,47.01702272999998]}},{"id":"20954","type":"Feature","properties":{"_pk_label":"PK 41+700","_voie":"LGV1"},"geometry":{"type":"Point","coordinates":[0.5630716860000002,47.01619347999999]}},{"id":"20974","type":"Feature","properties":{"_pk_label":"PK 41+800","_voie":"LGV1"},"geometry":{"type":"Point","coordinates":[0.5625591249999996,47.01536422000001]}},{"id":"20994","type":"Feature","properties":{"_pk_label":"PK 41+900","_voie":"LGV1"},"geometry":{"type":"Point","coordinates":[0.5620465890000005,47.01453486999999]}},{"id":"21034","type":"Feature","properties":{"_pk_label":"PK 42+100","_voie":"LGV1"},"geometry":{"type":"Point","coordinates":[0.561021417,47.01287633999999]}},{"id":"21054","type":"Feature","properties":{"_pk_label":"PK 42+200","_voie":"LGV1"},"geometry":{"type":"Point","coordinates":[0.5605086560000009,47.012047159999995]}},{"id":"21074","type":"Feature","properties":{"_pk_label":"PK 42+300","_voie":"LGV1"},"geometry":{"type":"Point","coordinates":[0.5599917809999999,47.011218959999994]}},{"id":"21094","type":"Feature","properties":{"_pk_label":"PK 42+400","_voie":"LGV1"},"geometry":{"type":"Point","coordinates":[0.5594653140000008,47.01039354]}},{"id":"21114","type":"Feature","properties":{"_pk_label":"PK 42+500","_voie":"LGV1"},"geometry":{"type":"Point","coordinates":[0.5589232440000007,47.00957283000002]}},{"id":"21134","type":"Feature","properties":{"_pk_label":"PK 42+600","_voie":"LGV1"},"geometry":{"type":"Point","coordinates":[0.5583614280000004,47.008758179999994]}},{"id":"21154","type":"Feature","properties":{"_pk_label":"PK 42+700","_voie":"LGV1"},"geometry":{"type":"Point","coordinates":[0.5577795720000008,47.00795020999999]}},{"id":"21174","type":"Feature","properties":{"_pk_label":"PK 42+800","_voie":"LGV1"},"geometry":{"type":"Point","coordinates":[0.5571778000000008,47.00714913]}},{"id":"21194","type":"Feature","properties":{"_pk_label":"PK 42+900","_voie":"LGV1"},"geometry":{"type":"Point","coordinates":[0.5565563720000006,47.00635509]}},{"id":"21234","type":"Feature","properties":{"_pk_label":"PK 43+100","_voie":"LGV1"},"geometry":{"type":"Point","coordinates":[0.5552547560000002,47.004789280000004]}},{"id":"21254","type":"Feature","properties":{"_pk_label":"PK 43+200","_voie":"LGV1"},"geometry":{"type":"Point","coordinates":[0.5545752079999997,47.004017880000006]}},{"id":"21274","type":"Feature","properties":{"_pk_label":"PK 43+300","_voie":"LGV1"},"geometry":{"type":"Point","coordinates":[0.5538764919999999,47.00325443999999]}},{"id":"21294","type":"Feature","properties":{"_pk_label":"PK 43+400","_voie":"LGV1"},"geometry":{"type":"Point","coordinates":[0.5531591190000008,47.00249923999999]}},{"id":"21314","type":"Feature","properties":{"_pk_label":"PK 43+500","_voie":"LGV1"},"geometry":{"type":"Point","coordinates":[0.5524230810000001,47.00175247999999]}},{"id":"21334","type":"Feature","properties":{"_pk_label":"PK 43+600","_voie":"LGV1"},"geometry":{"type":"Point","coordinates":[0.5516686360000002,47.00101432000001]}},{"id":"21354","type":"Feature","properties":{"_pk_label":"PK 43+700","_voie":"LGV1"},"geometry":{"type":"Point","coordinates":[0.5508961639999997,47.000285059999996]}},{"id":"21374","type":"Feature","properties":{"_pk_label":"PK 43+800","_voie":"LGV1"},"geometry":{"type":"Point","coordinates":[0.5501056610000009,46.99956477]}},{"id":"21394","type":"Feature","properties":{"_pk_label":"PK 43+900","_voie":"LGV1"},"geometry":{"type":"Point","coordinates":[0.5492973750000008,46.998853829999995]}},{"id":"21434","type":"Feature","properties":{"_pk_label":"PK 44+100","_voie":"LGV1"},"geometry":{"type":"Point","coordinates":[0.5476288860000005,46.99746045999999]}},{"id":"21454","type":"Feature","properties":{"_pk_label":"PK 44+200","_voie":"LGV1"},"geometry":{"type":"Point","coordinates":[0.5467689220000004,46.99677848999999]}},{"id":"21474","type":"Feature","properties":{"_pk_label":"PK 44+300","_voie":"LGV1"},"geometry":{"type":"Point","coordinates":[0.5458923310000001,46.996106610000005]}},{"id":"21494","type":"Feature","properties":{"_pk_label":"PK 44+400","_voie":"LGV1"},"geometry":{"type":"Point","coordinates":[0.5450004500000013,46.99544421]}},{"id":"21514","type":"Feature","properties":{"_pk_label":"PK 44+500","_voie":"LGV1"},"geometry":{"type":"Point","coordinates":[0.5440978690000003,46.99478887000001]}},{"id":"21534","type":"Feature","properties":{"_pk_label":"PK 44+600","_voie":"LGV1"},"geometry":{"type":"Point","coordinates":[0.5431890750000006,46.99413753]}},{"id":"21554","type":"Feature","properties":{"_pk_label":"PK 44+700","_voie":"LGV1"},"geometry":{"type":"Point","coordinates":[0.5422787940000012,46.99348741999999]}},{"id":"21574","type":"Feature","properties":{"_pk_label":"PK 44+800","_voie":"LGV1"},"geometry":{"type":"Point","coordinates":[0.5413684080000007,46.99283729999999]}},{"id":"21594","type":"Feature","properties":{"_pk_label":"PK 44+900","_voie":"LGV1"},"geometry":{"type":"Point","coordinates":[0.5404580360000009,46.99218726000002]}},{"id":"21634","type":"Feature","properties":{"_pk_label":"PK 45+100","_voie":"LGV1"},"geometry":{"type":"Point","coordinates":[0.5386375030000001,46.990886979999985]}},{"id":"21654","type":"Feature","properties":{"_pk_label":"PK 45+200","_voie":"LGV1"},"geometry":{"type":"Point","coordinates":[0.5377271969999997,46.99023692000001]}},{"id":"21674","type":"Feature","properties":{"_pk_label":"PK 45+300","_voie":"LGV1"},"geometry":{"type":"Point","coordinates":[0.5368166470000003,46.989586929999994]}},{"id":"21694","type":"Feature","properties":{"_pk_label":"PK 45+400","_voie":"LGV1"},"geometry":{"type":"Point","coordinates":[0.5359030030000006,46.988938860000005]}},{"id":"21714","type":"Feature","properties":{"_pk_label":"PK 45+500","_voie":"LGV1"},"geometry":{"type":"Point","coordinates":[0.5349819250000001,46.988295569999984]}},{"id":"21734","type":"Feature","properties":{"_pk_label":"PK 45+600","_voie":"LGV1"},"geometry":{"type":"Point","coordinates":[0.5340499920000009,46.987659789999995]}},{"id":"21754","type":"Feature","properties":{"_pk_label":"PK 45+700","_voie":"LGV1"},"geometry":{"type":"Point","coordinates":[0.5331063969999998,46.987031940000016]}},{"id":"21774","type":"Feature","properties":{"_pk_label":"PK 45+800","_voie":"LGV1"},"geometry":{"type":"Point","coordinates":[0.5321515279999999,46.986412229999985]}},{"id":"21794","type":"Feature","properties":{"_pk_label":"PK 45+900","_voie":"LGV1"},"geometry":{"type":"Point","coordinates":[0.5311852500000007,46.985800729999994]}},{"id":"21834","type":"Feature","properties":{"_pk_label":"PK 46+100","_voie":"LGV1"},"geometry":{"type":"Point","coordinates":[0.5292198890000007,46.98460267000001]}},{"id":"21854","type":"Feature","properties":{"_pk_label":"PK 46+200","_voie":"LGV1"},"geometry":{"type":"Point","coordinates":[0.5282210609999998,46.98401639]}},{"id":"21874","type":"Feature","properties":{"_pk_label":"PK 46+300","_voie":"LGV1"},"geometry":{"type":"Point","coordinates":[0.5272114670000008,46.98343859999999]}},{"id":"21894","type":"Feature","properties":{"_pk_label":"PK 46+400","_voie":"LGV1"},"geometry":{"type":"Point","coordinates":[0.5261914860000001,46.982869589999986]}},{"id":"21914","type":"Feature","properties":{"_pk_label":"PK 46+500","_voie":"LGV1"},"geometry":{"type":"Point","coordinates":[0.5251612580000001,46.98230928000002]}},{"id":"21934","type":"Feature","properties":{"_pk_label":"PK 46+600","_voie":"LGV1"},"geometry":{"type":"Point","coordinates":[0.524120906,46.98175783000001]}},{"id":"21954","type":"Feature","properties":{"_pk_label":"PK 46+700","_voie":"LGV1"},"geometry":{"type":"Point","coordinates":[0.5230705530000007,46.98121534]}},{"id":"21974","type":"Feature","properties":{"_pk_label":"PK 46+800","_voie":"LGV1"},"geometry":{"type":"Point","coordinates":[0.5220103330000004,46.980681819999994]}},{"id":"21994","type":"Feature","properties":{"_pk_label":"PK 46+900","_voie":"LGV1"},"geometry":{"type":"Point","coordinates":[0.5209405060000004,46.98015736000001]}},{"id":"22034","type":"Feature","properties":{"_pk_label":"PK 47+100","_voie":"LGV1"},"geometry":{"type":"Point","coordinates":[0.5187726560000006,46.97913618]}},{"id":"22054","type":"Feature","properties":{"_pk_label":"PK 47+200","_voie":"LGV1"},"geometry":{"type":"Point","coordinates":[0.5176761280000001,46.97863841]}},{"id":"22074","type":"Feature","properties":{"_pk_label":"PK 47+300","_voie":"LGV1"},"geometry":{"type":"Point","coordinates":[0.5165750470000006,46.978145659999996]}},{"id":"22094","type":"Feature","properties":{"_pk_label":"PK 47+400","_voie":"LGV1"},"geometry":{"type":"Point","coordinates":[0.5154725970000004,46.9776545]}},{"id":"22114","type":"Feature","properties":{"_pk_label":"PK 47+500","_voie":"LGV1"},"geometry":{"type":"Point","coordinates":[0.5143700310000009,46.97716341]}},{"id":"22134","type":"Feature","properties":{"_pk_label":"PK 47+600","_voie":"LGV1"},"geometry":{"type":"Point","coordinates":[0.5132674890000007,46.97667222999999]}},{"id":"22154","type":"Feature","properties":{"_pk_label":"PK 47+700","_voie":"LGV1"},"geometry":{"type":"Point","coordinates":[0.5121649610000008,46.97618111]}},{"id":"22174","type":"Feature","properties":{"_pk_label":"PK 47+800","_voie":"LGV1"},"geometry":{"type":"Point","coordinates":[0.5110625860000005,46.975690000000014]}},{"id":"22194","type":"Feature","properties":{"_pk_label":"PK 47+900","_voie":"LGV1"},"geometry":{"type":"Point","coordinates":[0.5099601060000007,46.97519878]}},{"id":"22234","type":"Feature","properties":{"_pk_label":"PK 48+100","_voie":"LGV1"},"geometry":{"type":"Point","coordinates":[0.5077553280000006,46.9742164]}},{"id":"22254","type":"Feature","properties":{"_pk_label":"PK 48+200","_voie":"LGV1"},"geometry":{"type":"Point","coordinates":[0.5066529030000007,46.97372524000001]}},{"id":"22274","type":"Feature","properties":{"_pk_label":"PK 48+300","_voie":"LGV1"},"geometry":{"type":"Point","coordinates":[0.505550497000001,46.97323406000001]}},{"id":"22294","type":"Feature","properties":{"_pk_label":"PK 48+400","_voie":"LGV1"},"geometry":{"type":"Point","coordinates":[0.5044482470000005,46.97274279]}},{"id":"22314","type":"Feature","properties":{"_pk_label":"PK 48+500","_voie":"LGV1"},"geometry":{"type":"Point","coordinates":[0.5033458810000011,46.972251600000014]}},{"id":"22334","type":"Feature","properties":{"_pk_label":"PK 48+600","_voie":"LGV1"},"geometry":{"type":"Point","coordinates":[0.5022435389999999,46.97176029999999]}},{"id":"22354","type":"Feature","properties":{"_pk_label":"PK 48+700","_voie":"LGV1"},"geometry":{"type":"Point","coordinates":[0.5011412140000001,46.971269089999986]}},{"id":"22374","type":"Feature","properties":{"_pk_label":"PK 48+800","_voie":"LGV1"},"geometry":{"type":"Point","coordinates":[0.5000390390000011,46.97077785999999]}},{"id":"22394","type":"Feature","properties":{"_pk_label":"PK 48+900","_voie":"LGV1"},"geometry":{"type":"Point","coordinates":[0.49893675600000004,46.97028653999999]}},{"id":"22434","type":"Feature","properties":{"_pk_label":"PK 49+100","_voie":"LGV1"},"geometry":{"type":"Point","coordinates":[0.49673955000000036,46.96929689000001]}},{"id":"22454","type":"Feature","properties":{"_pk_label":"PK 49+200","_voie":"LGV1"},"geometry":{"type":"Point","coordinates":[0.4956512580000005,46.96879178999998]}},{"id":"22474","type":"Feature","properties":{"_pk_label":"PK 49+300","_voie":"LGV1"},"geometry":{"type":"Point","coordinates":[0.4945736029999999,46.968276180000004]}},{"id":"22494","type":"Feature","properties":{"_pk_label":"PK 49+400","_voie":"LGV1"},"geometry":{"type":"Point","coordinates":[0.49350699400000086,46.96774980999999]}},{"id":"22514","type":"Feature","properties":{"_pk_label":"PK 49+500","_voie":"LGV1"},"geometry":{"type":"Point","coordinates":[0.4924516860000001,46.96721295999999]}},{"id":"22534","type":"Feature","properties":{"_pk_label":"PK 49+600","_voie":"LGV1"},"geometry":{"type":"Point","coordinates":[0.49140793300000013,46.966665630000016]}},{"id":"22554","type":"Feature","properties":{"_pk_label":"PK 49+700","_voie":"LGV1"},"geometry":{"type":"Point","coordinates":[0.4903759999999999,46.966108010000006]}},{"id":"22574","type":"Feature","properties":{"_pk_label":"PK 49+800","_voie":"LGV1"},"geometry":{"type":"Point","coordinates":[0.48935601100000026,46.96554010000001]}},{"id":"22594","type":"Feature","properties":{"_pk_label":"PK 49+900","_voie":"LGV1"},"geometry":{"type":"Point","coordinates":[0.4883482250000005,46.96496207999999]}},{"id":"22634","type":"Feature","properties":{"_pk_label":"PK 50+100","_voie":"LGV1"},"geometry":{"type":"Point","coordinates":[0.4863700190000005,46.963776300000006]}},{"id":"22654","type":"Feature","properties":{"_pk_label":"PK 50+200","_voie":"LGV1"},"geometry":{"type":"Point","coordinates":[0.4853999890000001,46.96316872999999]}},{"id":"22674","type":"Feature","properties":{"_pk_label":"PK 50+300","_voie":"LGV1"},"geometry":{"type":"Point","coordinates":[0.4844430579999994,46.96255152]}},{"id":"22694","type":"Feature","properties":{"_pk_label":"PK 50+400","_voie":"LGV1"},"geometry":{"type":"Point","coordinates":[0.4834994780000003,46.96192495]}},{"id":"22714","type":"Feature","properties":{"_pk_label":"PK 50+500","_voie":"LGV1"},"geometry":{"type":"Point","coordinates":[0.482569125,46.96128894000001]}},{"id":"22734","type":"Feature","properties":{"_pk_label":"PK 50+600","_voie":"LGV1"},"geometry":{"type":"Point","coordinates":[0.48165250600000103,46.96064376000001]}},{"id":"22754","type":"Feature","properties":{"_pk_label":"PK 50+700","_voie":"LGV1"},"geometry":{"type":"Point","coordinates":[0.4807497560000009,46.95998950999999]}},{"id":"22774","type":"Feature","properties":{"_pk_label":"PK 50+800","_voie":"LGV1"},"geometry":{"type":"Point","coordinates":[0.47986099400000065,46.95932627999999]}},{"id":"22794","type":"Feature","properties":{"_pk_label":"PK 50+900","_voie":"LGV1"},"geometry":{"type":"Point","coordinates":[0.47898499400000016,46.95865511999999]}},{"id":"22834","type":"Feature","properties":{"_pk_label":"PK 51+100","_voie":"LGV1"},"geometry":{"type":"Point","coordinates":[0.47725446900000007,46.957299379999995]}},{"id":"22854","type":"Feature","properties":{"_pk_label":"PK 51+200","_voie":"LGV1"},"geometry":{"type":"Point","coordinates":[0.47639181100000105,46.95661994]}},{"id":"22874","type":"Feature","properties":{"_pk_label":"PK 51+300","_voie":"LGV1"},"geometry":{"type":"Point","coordinates":[0.47552905000000045,46.95594038999999]}},{"id":"22894","type":"Feature","properties":{"_pk_label":"PK 51+400","_voie":"LGV1"},"geometry":{"type":"Point","coordinates":[0.47466644200000035,46.955260839999994]}},{"id":"22914","type":"Feature","properties":{"_pk_label":"PK 51+500","_voie":"LGV1"},"geometry":{"type":"Point","coordinates":[0.4738038529999998,46.95458128999999]}},{"id":"22934","type":"Feature","properties":{"_pk_label":"PK 51+600","_voie":"LGV1"},"geometry":{"type":"Point","coordinates":[0.4729412860000013,46.95390172999999]}},{"id":"22955","type":"Feature","properties":{"_pk_label":"PK 51+700","_voie":"LGV1"},"geometry":{"type":"Point","coordinates":[0.4720790080000003,46.95322208]}},{"id":"22975","type":"Feature","properties":{"_pk_label":"PK 51+800","_voie":"LGV1"},"geometry":{"type":"Point","coordinates":[0.4712198610000001,46.95254068000001]}},{"id":"22995","type":"Feature","properties":{"_pk_label":"PK 51+900","_voie":"LGV1"},"geometry":{"type":"Point","coordinates":[0.4703684440000009,46.95185476999999]}},{"id":"23035","type":"Feature","properties":{"_pk_label":"PK 52+100","_voie":"LGV1"},"geometry":{"type":"Point","coordinates":[0.4687053890000005,46.950460730000025]}},{"id":"23055","type":"Feature","properties":{"_pk_label":"PK 52+200","_voie":"LGV1"},"geometry":{"type":"Point","coordinates":[0.4678961690000004,46.94975148999999]}},{"id":"23075","type":"Feature","properties":{"_pk_label":"PK 52+300","_voie":"LGV1"},"geometry":{"type":"Point","coordinates":[0.46710221700000026,46.94903420999999]}},{"id":"23095","type":"Feature","properties":{"_pk_label":"PK 52+400","_voie":"LGV1"},"geometry":{"type":"Point","coordinates":[0.46632351100000086,46.94830913999999]}},{"id":"23115","type":"Feature","properties":{"_pk_label":"PK 52+500","_voie":"LGV1"},"geometry":{"type":"Point","coordinates":[0.46556045000000057,46.9475763]}},{"id":"23135","type":"Feature","properties":{"_pk_label":"PK 52+600","_voie":"LGV1"},"geometry":{"type":"Point","coordinates":[0.4648128830000012,46.94683606000002]}},{"id":"23155","type":"Feature","properties":{"_pk_label":"PK 52+700","_voie":"LGV1"},"geometry":{"type":"Point","coordinates":[0.46408121100000105,46.94608832000001]}},{"id":"23175","type":"Feature","properties":{"_pk_label":"PK 52+800","_voie":"LGV1"},"geometry":{"type":"Point","coordinates":[0.46336554399999996,46.94533343999999]}},{"id":"23195","type":"Feature","properties":{"_pk_label":"PK 52+900","_voie":"LGV1"},"geometry":{"type":"Point","coordinates":[0.4626660170000006,46.944571449999984]}},{"id":"23235","type":"Feature","properties":{"_pk_label":"PK 53+100","_voie":"LGV1"},"geometry":{"type":"Point","coordinates":[0.4613158580000004,46.94302707999999]}},{"id":"23255","type":"Feature","properties":{"_pk_label":"PK 53+200","_voie":"LGV1"},"geometry":{"type":"Point","coordinates":[0.4606656030000003,46.942244980000005]}},{"id":"23275","type":"Feature","properties":{"_pk_label":"PK 53+300","_voie":"LGV1"},"geometry":{"type":"Point","coordinates":[0.46003198299999976,46.941456409999994]}},{"id":"23295","type":"Feature","properties":{"_pk_label":"PK 53+400","_voie":"LGV1"},"geometry":{"type":"Point","coordinates":[0.4594152440000003,46.940661620000014]}},{"id":"23315","type":"Feature","properties":{"_pk_label":"PK 53+500","_voie":"LGV1"},"geometry":{"type":"Point","coordinates":[0.45881538100000085,46.93986081]}},{"id":"23335","type":"Feature","properties":{"_pk_label":"PK 53+600","_voie":"LGV1"},"geometry":{"type":"Point","coordinates":[0.45823264700000077,46.93905406]}},{"id":"23355","type":"Feature","properties":{"_pk_label":"PK 53+700","_voie":"LGV1"},"geometry":{"type":"Point","coordinates":[0.45766716100000093,46.938241659999996]}},{"id":"23375","type":"Feature","properties":{"_pk_label":"PK 53+800","_voie":"LGV1"},"geometry":{"type":"Point","coordinates":[0.45711892799999987,46.93742358999999]}},{"id":"23395","type":"Feature","properties":{"_pk_label":"PK 53+900","_voie":"LGV1"},"geometry":{"type":"Point","coordinates":[0.45658831700000035,46.93660023999999]}},{"id":"23435","type":"Feature","properties":{"_pk_label":"PK 54+100","_voie":"LGV1"},"geometry":{"type":"Point","coordinates":[0.45557915800000115,46.93493818999999]}},{"id":"23455","type":"Feature","properties":{"_pk_label":"PK 54+200","_voie":"LGV1"},"geometry":{"type":"Point","coordinates":[0.45509646100000056,46.934100939999986]}},{"id":"23475","type":"Feature","properties":{"_pk_label":"PK 54+300","_voie":"LGV1"},"geometry":{"type":"Point","coordinates":[0.454621514,46.93326142]}},{"id":"23496","type":"Feature","properties":{"_pk_label":"PK 54+400","_voie":"LGV1"},"geometry":{"type":"Point","coordinates":[0.4541488440000006,46.93242131]}},{"id":"23516","type":"Feature","properties":{"_pk_label":"PK 54+500","_voie":"LGV1"},"geometry":{"type":"Point","coordinates":[0.4536761920000002,46.93158121]}},{"id":"23536","type":"Feature","properties":{"_pk_label":"PK 54+600","_voie":"LGV1"},"geometry":{"type":"Point","coordinates":[0.45320355000000123,46.9307411]}},{"id":"23556","type":"Feature","properties":{"_pk_label":"PK 54+700","_voie":"LGV1"},"geometry":{"type":"Point","coordinates":[0.4527299970000001,46.92990115]}},{"id":"23576","type":"Feature","properties":{"_pk_label":"PK 54+800","_voie":"LGV1"},"geometry":{"type":"Point","coordinates":[0.45225033900000033,46.929062689999995]}},{"id":"23596","type":"Feature","properties":{"_pk_label":"PK 54+900","_voie":"LGV1"},"geometry":{"type":"Point","coordinates":[0.45175923900000037,46.928227389999996]}},{"id":"23636","type":"Feature","properties":{"_pk_label":"PK 55+100","_voie":"LGV1"},"geometry":{"type":"Point","coordinates":[0.45072631900000026,46.926570889999994]}},{"id":"23656","type":"Feature","properties":{"_pk_label":"PK 55+200","_voie":"LGV1"},"geometry":{"type":"Point","coordinates":[0.45018367199999987,46.92575057]}},{"id":"23676","type":"Feature","properties":{"_pk_label":"PK 55+300","_voie":"LGV1"},"geometry":{"type":"Point","coordinates":[0.44962369200000063,46.92493570999999]}},{"id":"23696","type":"Feature","properties":{"_pk_label":"PK 55+400","_voie":"LGV1"},"geometry":{"type":"Point","coordinates":[0.4490464970000005,46.92412651]}},{"id":"23716","type":"Feature","properties":{"_pk_label":"PK 55+500","_voie":"LGV1"},"geometry":{"type":"Point","coordinates":[0.44845207800000053,46.923323229999994]}},{"id":"23736","type":"Feature","properties":{"_pk_label":"PK 55+600","_voie":"LGV1"},"geometry":{"type":"Point","coordinates":[0.44784083099999983,46.92252588]}},{"id":"23756","type":"Feature","properties":{"_pk_label":"PK 55+700","_voie":"LGV1"},"geometry":{"type":"Point","coordinates":[0.44721261100000054,46.92173472000001]}},{"id":"23776","type":"Feature","properties":{"_pk_label":"PK 55+800","_voie":"LGV1"},"geometry":{"type":"Point","coordinates":[0.44656780799999973,46.92094986]}},{"id":"23796","type":"Feature","properties":{"_pk_label":"PK 55+900","_voie":"LGV1"},"geometry":{"type":"Point","coordinates":[0.44590641100000056,46.920171559999986]}},{"id":"23836","type":"Feature","properties":{"_pk_label":"PK 56+100","_voie":"LGV1"},"geometry":{"type":"Point","coordinates":[0.4445350140000001,46.91863477999999]}},{"id":"23856","type":"Feature","properties":{"_pk_label":"PK 56+200","_voie":"LGV1"},"geometry":{"type":"Point","coordinates":[0.44383008299999993,46.91787477999999]}},{"id":"23876","type":"Feature","properties":{"_pk_label":"PK 56+300","_voie":"LGV1"},"geometry":{"type":"Point","coordinates":[0.44311912199999953,46.91711753000002]}},{"id":"23896","type":"Feature","properties":{"_pk_label":"PK 56+400","_voie":"LGV1"},"geometry":{"type":"Point","coordinates":[0.4424065690000012,46.91636103999999]}},{"id":"23916","type":"Feature","properties":{"_pk_label":"PK 56+500","_voie":"LGV1"},"geometry":{"type":"Point","coordinates":[0.4416940360000006,46.915604550000005]}},{"id":"23936","type":"Feature","properties":{"_pk_label":"PK 56+600","_voie":"LGV1"},"geometry":{"type":"Point","coordinates":[0.44098152200000074,46.91484806]}},{"id":"23957","type":"Feature","properties":{"_pk_label":"PK 56+700","_voie":"LGV1"},"geometry":{"type":"Point","coordinates":[0.44026929699999995,46.91409148000002]}},{"id":"23977","type":"Feature","properties":{"_pk_label":"PK 56+800","_voie":"LGV1"},"geometry":{"type":"Point","coordinates":[0.439560575,46.91333344]}},{"id":"23997","type":"Feature","properties":{"_pk_label":"PK 56+900","_voie":"LGV1"},"geometry":{"type":"Point","coordinates":[0.4388604580000003,46.912571799999995]}},{"id":"24037","type":"Feature","properties":{"_pk_label":"PK 57+100","_voie":"LGV1"},"geometry":{"type":"Point","coordinates":[0.43750360000000077,46.91103047000001]}},{"id":"24057","type":"Feature","properties":{"_pk_label":"PK 57+200","_voie":"LGV1"},"geometry":{"type":"Point","coordinates":[0.4368493940000003,46.91024992999999]}},{"id":"24077","type":"Feature","properties":{"_pk_label":"PK 57+300","_voie":"LGV1"},"geometry":{"type":"Point","coordinates":[0.4362115389999996,46.90946318000002]}},{"id":"24097","type":"Feature","properties":{"_pk_label":"PK 57+400","_voie":"LGV1"},"geometry":{"type":"Point","coordinates":[0.43559016400000006,46.90867021]}},{"id":"24117","type":"Feature","properties":{"_pk_label":"PK 57+500","_voie":"LGV1"},"geometry":{"type":"Point","coordinates":[0.43498539400000014,46.90787121000001]}},{"id":"24137","type":"Feature","properties":{"_pk_label":"PK 57+600","_voie":"LGV1"},"geometry":{"type":"Point","coordinates":[0.43439748100000075,46.90706636]}},{"id":"24157","type":"Feature","properties":{"_pk_label":"PK 57+700","_voie":"LGV1"},"geometry":{"type":"Point","coordinates":[0.4338262780000006,46.90625594]}},{"id":"24177","type":"Feature","properties":{"_pk_label":"PK 57+800","_voie":"LGV1"},"geometry":{"type":"Point","coordinates":[0.43327072200000066,46.905440290000016]}},{"id":"24197","type":"Feature","properties":{"_pk_label":"PK 57+900","_voie":"LGV1"},"geometry":{"type":"Point","coordinates":[0.4327258610000005,46.90462117000002]}},{"id":"24237","type":"Feature","properties":{"_pk_label":"PK 58+100","_voie":"LGV1"},"geometry":{"type":"Point","coordinates":[0.4316474080000004,46.90297912]}},{"id":"24257","type":"Feature","properties":{"_pk_label":"PK 58+200","_voie":"LGV1"},"geometry":{"type":"Point","coordinates":[0.43110860799999984,46.90215797]}},{"id":"24277","type":"Feature","properties":{"_pk_label":"PK 58+300","_voie":"LGV1"},"geometry":{"type":"Point","coordinates":[0.43056981900000013,46.90133689999999]}},{"id":"24297","type":"Feature","properties":{"_pk_label":"PK 58+400","_voie":"LGV1"},"geometry":{"type":"Point","coordinates":[0.4300309190000013,46.900515739999996]}},{"id":"24317","type":"Feature","properties":{"_pk_label":"PK 58+500","_voie":"LGV1"},"geometry":{"type":"Point","coordinates":[0.4294921670000001,46.899694580000016]}},{"id":"24337","type":"Feature","properties":{"_pk_label":"PK 58+600","_voie":"LGV1"},"geometry":{"type":"Point","coordinates":[0.42895343100000066,46.89887341]}},{"id":"24357","type":"Feature","properties":{"_pk_label":"PK 58+700","_voie":"LGV1"},"geometry":{"type":"Point","coordinates":[0.4284145749999997,46.89805233000001]}},{"id":"24377","type":"Feature","properties":{"_pk_label":"PK 58+800","_voie":"LGV1"},"geometry":{"type":"Point","coordinates":[0.427875872,46.89723115999999]}},{"id":"24397","type":"Feature","properties":{"_pk_label":"PK 58+900","_voie":"LGV1"},"geometry":{"type":"Point","coordinates":[0.42733718600000065,46.896409989999995]}},{"id":"24437","type":"Feature","properties":{"_pk_label":"PK 59+100","_voie":"LGV1"},"geometry":{"type":"Point","coordinates":[0.4262597310000002,46.894767630000004]}},{"id":"24457","type":"Feature","properties":{"_pk_label":"PK 59+200","_voie":"LGV1"},"geometry":{"type":"Point","coordinates":[0.4257210890000003,46.893946539999995]}},{"id":"24477","type":"Feature","properties":{"_pk_label":"PK 59+300","_voie":"LGV1"},"geometry":{"type":"Point","coordinates":[0.42518233600000127,46.89312534999999]}},{"id":"24497","type":"Feature","properties":{"_pk_label":"PK 59+400","_voie":"LGV1"},"geometry":{"type":"Point","coordinates":[0.424643731000001,46.892304160000016]}},{"id":"24517","type":"Feature","properties":{"_pk_label":"PK 59+500","_voie":"LGV1"},"geometry":{"type":"Point","coordinates":[0.424105142000001,46.89148297999999]}},{"id":"24537","type":"Feature","properties":{"_pk_label":"PK 59+600","_voie":"LGV1"},"geometry":{"type":"Point","coordinates":[0.42356643600000077,46.89066187]}},{"id":"24557","type":"Feature","properties":{"_pk_label":"PK 59+700","_voie":"LGV1"},"geometry":{"type":"Point","coordinates":[0.42302788100000066,46.889840679999985]}},{"id":"24577","type":"Feature","properties":{"_pk_label":"PK 59+800","_voie":"LGV1"},"geometry":{"type":"Point","coordinates":[0.4224893390000006,46.889019480000016]}},{"id":"24597","type":"Feature","properties":{"_pk_label":"PK 59+900","_voie":"LGV1"},"geometry":{"type":"Point","coordinates":[0.42195068600000063,46.888198280000005]}},{"id":"24637","type":"Feature","properties":{"_pk_label":"PK 60+100","_voie":"LGV1"},"geometry":{"type":"Point","coordinates":[0.42087368300000033,46.88655595999999]}},{"id":"24657","type":"Feature","properties":{"_pk_label":"PK 60+200","_voie":"LGV1"},"geometry":{"type":"Point","coordinates":[0.42033507800000136,46.88573473999999]}},{"id":"24677","type":"Feature","properties":{"_pk_label":"PK 60+300","_voie":"LGV1"},"geometry":{"type":"Point","coordinates":[0.4197966190000007,46.88491353]}},{"id":"24697","type":"Feature","properties":{"_pk_label":"PK 60+400","_voie":"LGV1"},"geometry":{"type":"Point","coordinates":[0.41925817800000026,46.88409232000001]}},{"id":"24717","type":"Feature","properties":{"_pk_label":"PK 60+500","_voie":"LGV1"},"geometry":{"type":"Point","coordinates":[0.41871961900000104,46.88327118999998]}},{"id":"24737","type":"Feature","properties":{"_pk_label":"PK 60+600","_voie":"LGV1"},"geometry":{"type":"Point","coordinates":[0.41818120800000097,46.88244997]}},{"id":"24757","type":"Feature","properties":{"_pk_label":"PK 60+700","_voie":"LGV1"},"geometry":{"type":"Point","coordinates":[0.4176428170000002,46.88162874999999]}},{"id":"24777","type":"Feature","properties":{"_pk_label":"PK 60+800","_voie":"LGV1"},"geometry":{"type":"Point","coordinates":[0.4171043080000003,46.88080751999999]}},{"id":"24797","type":"Feature","properties":{"_pk_label":"PK 60+900","_voie":"LGV1"},"geometry":{"type":"Point","coordinates":[0.41656594999999974,46.87998629000001]}},{"id":"24837","type":"Feature","properties":{"_pk_label":"PK 61+100","_voie":"LGV1"},"geometry":{"type":"Point","coordinates":[0.4154891440000006,46.878343920000006]}},{"id":"24857","type":"Feature","properties":{"_pk_label":"PK 61+200","_voie":"LGV1"},"geometry":{"type":"Point","coordinates":[0.4149508330000012,46.87752268]}},{"id":"24877","type":"Feature","properties":{"_pk_label":"PK 61+300","_voie":"LGV1"},"geometry":{"type":"Point","coordinates":[0.4144125390000009,46.87670144]}},{"id":"24897","type":"Feature","properties":{"_pk_label":"PK 61+400","_voie":"LGV1"},"geometry":{"type":"Point","coordinates":[0.41387425600000033,46.87588028999999]}},{"id":"24917","type":"Feature","properties":{"_pk_label":"PK 61+500","_voie":"LGV1"},"geometry":{"type":"Point","coordinates":[0.4133358610000008,46.87505905]}},{"id":"24937","type":"Feature","properties":{"_pk_label":"PK 61+600","_voie":"LGV1"},"geometry":{"type":"Point","coordinates":[0.4127976170000003,46.8742378]}},{"id":"24957","type":"Feature","properties":{"_pk_label":"PK 61+700","_voie":"LGV1"},"geometry":{"type":"Point","coordinates":[0.41225938900000075,46.87341654999999]}},{"id":"24977","type":"Feature","properties":{"_pk_label":"PK 61+800","_voie":"LGV1"},"geometry":{"type":"Point","coordinates":[0.4117210440000006,46.8725953]}},{"id":"24997","type":"Feature","properties":{"_pk_label":"PK 61+900","_voie":"LGV1"},"geometry":{"type":"Point","coordinates":[0.41118284200000066,46.871774130000006]}},{"id":"25037","type":"Feature","properties":{"_pk_label":"PK 62+100","_voie":"LGV1"},"geometry":{"type":"Point","coordinates":[0.41010636699999964,46.87013161000001]}},{"id":"25057","type":"Feature","properties":{"_pk_label":"PK 62+200","_voie":"LGV1"},"geometry":{"type":"Point","coordinates":[0.4095682189999998,46.86931034999999]}},{"id":"25077","type":"Feature","properties":{"_pk_label":"PK 62+300","_voie":"LGV1"},"geometry":{"type":"Point","coordinates":[0.4090300830000006,46.86848917999999]}},{"id":"25097","type":"Feature","properties":{"_pk_label":"PK 62+400","_voie":"LGV1"},"geometry":{"type":"Point","coordinates":[0.40849183900000086,46.86766791000001]}},{"id":"25117","type":"Feature","properties":{"_pk_label":"PK 62+500","_voie":"LGV1"},"geometry":{"type":"Point","coordinates":[0.40795373900000076,46.86684663999999]}},{"id":"25137","type":"Feature","properties":{"_pk_label":"PK 62+600","_voie":"LGV1"},"geometry":{"type":"Point","coordinates":[0.40741565800000057,46.866025359999995]}},{"id":"25157","type":"Feature","properties":{"_pk_label":"PK 62+700","_voie":"LGV1"},"geometry":{"type":"Point","coordinates":[0.4068774610000012,46.86520407999999]}},{"id":"25177","type":"Feature","properties":{"_pk_label":"PK 62+800","_voie":"LGV1"},"geometry":{"type":"Point","coordinates":[0.4063394059999995,46.86438289]}},{"id":"25197","type":"Feature","properties":{"_pk_label":"PK 62+900","_voie":"LGV1"},"geometry":{"type":"Point","coordinates":[0.4058013719999997,46.86356160999998]}},{"id":"25237","type":"Feature","properties":{"_pk_label":"PK 63+100","_voie":"LGV1"},"geometry":{"type":"Point","coordinates":[0.40472495600000125,46.86191912]}},{"id":"25257","type":"Feature","properties":{"_pk_label":"PK 63+200","_voie":"LGV1"},"geometry":{"type":"Point","coordinates":[0.40418337800000015,46.86109883000001]}},{"id":"25278","type":"Feature","properties":{"_pk_label":"PK 63+300","_voie":"LGV1"},"geometry":{"type":"Point","coordinates":[0.403632889000001,46.86028122]}},{"id":"25298","type":"Feature","properties":{"_pk_label":"PK 63+400","_voie":"LGV1"},"geometry":{"type":"Point","coordinates":[0.4030706750000006,46.859467399999986]}},{"id":"25318","type":"Feature","properties":{"_pk_label":"PK 63+500","_voie":"LGV1"},"geometry":{"type":"Point","coordinates":[0.4024967389999998,46.85865745000002]}},{"id":"25338","type":"Feature","properties":{"_pk_label":"PK 63+600","_voie":"LGV1"},"geometry":{"type":"Point","coordinates":[0.40191093300000036,46.85785155]}},{"id":"25358","type":"Feature","properties":{"_pk_label":"PK 63+700","_voie":"LGV1"},"geometry":{"type":"Point","coordinates":[0.401313933000001,46.85704944999999]}},{"id":"25378","type":"Feature","properties":{"_pk_label":"PK 63+800","_voie":"LGV1"},"geometry":{"type":"Point","coordinates":[0.400709592000001,46.856250159999995]}},{"id":"25398","type":"Feature","properties":{"_pk_label":"PK 63+900","_voie":"LGV1"},"geometry":{"type":"Point","coordinates":[0.4001030030000013,46.85545161999998]}},{"id":"25438","type":"Feature","properties":{"_pk_label":"PK 64+100","_voie":"LGV1"},"geometry":{"type":"Point","coordinates":[0.39888999400000125,46.85385470999999]}},{"id":"25458","type":"Feature","properties":{"_pk_label":"PK 64+200","_voie":"LGV1"},"geometry":{"type":"Point","coordinates":[0.3982837190000008,46.85305617]}},{"id":"25478","type":"Feature","properties":{"_pk_label":"PK 64+300","_voie":"LGV1"},"geometry":{"type":"Point","coordinates":[0.3976803940000002,46.852256700000005]}},{"id":"25498","type":"Feature","properties":{"_pk_label":"PK 64+400","_voie":"LGV1"},"geometry":{"type":"Point","coordinates":[0.39708563600000113,46.85145427]}},{"id":"25518","type":"Feature","properties":{"_pk_label":"PK 64+500","_voie":"LGV1"},"geometry":{"type":"Point","coordinates":[0.39650463600000097,46.85064728]}},{"id":"25538","type":"Feature","properties":{"_pk_label":"PK 64+600","_voie":"LGV1"},"geometry":{"type":"Point","coordinates":[0.39594060300000117,46.84983462999999]}},{"id":"25558","type":"Feature","properties":{"_pk_label":"PK 64+700","_voie":"LGV1"},"geometry":{"type":"Point","coordinates":[0.3953940580000007,46.84901633999999]}},{"id":"25578","type":"Feature","properties":{"_pk_label":"PK 64+800","_voie":"LGV1"},"geometry":{"type":"Point","coordinates":[0.39486472500000136,46.84819276]}},{"id":"25598","type":"Feature","properties":{"_pk_label":"PK 64+900","_voie":"LGV1"},"geometry":{"type":"Point","coordinates":[0.39435311900000075,46.84736398999999]}},{"id":"25638","type":"Feature","properties":{"_pk_label":"PK 65+100","_voie":"LGV1"},"geometry":{"type":"Point","coordinates":[0.3933826670000005,46.84569153000001]}},{"id":"25658","type":"Feature","properties":{"_pk_label":"PK 65+200","_voie":"LGV1"},"geometry":{"type":"Point","coordinates":[0.39292419399999995,46.84484819]}},{"id":"25678","type":"Feature","properties":{"_pk_label":"PK 65+300","_voie":"LGV1"},"geometry":{"type":"Point","coordinates":[0.3924836780000014,46.84400039]}},{"id":"25698","type":"Feature","properties":{"_pk_label":"PK 65+400","_voie":"LGV1"},"geometry":{"type":"Point","coordinates":[0.3920612360000006,46.84314832]}},{"id":"25718","type":"Feature","properties":{"_pk_label":"PK 65+500","_voie":"LGV1"},"geometry":{"type":"Point","coordinates":[0.3916567330000001,46.84229206]}},{"id":"25738","type":"Feature","properties":{"_pk_label":"PK 65+600","_voie":"LGV1"},"geometry":{"type":"Point","coordinates":[0.39127055000000077,46.84143189000002]}},{"id":"25758","type":"Feature","properties":{"_pk_label":"PK 65+700","_voie":"LGV1"},"geometry":{"type":"Point","coordinates":[0.3909026810000004,46.840567899999996]}},{"id":"25778","type":"Feature","properties":{"_pk_label":"PK 65+800","_voie":"LGV1"},"geometry":{"type":"Point","coordinates":[0.39055324199999986,46.839700359999995]}},{"id":"25798","type":"Feature","properties":{"_pk_label":"PK 65+900","_voie":"LGV1"},"geometry":{"type":"Point","coordinates":[0.39022209400000024,46.838829440000005]}},{"id":"25838","type":"Feature","properties":{"_pk_label":"PK 66+100","_voie":"LGV1"},"geometry":{"type":"Point","coordinates":[0.3896155560000008,46.837078080000005]}},{"id":"25858","type":"Feature","properties":{"_pk_label":"PK 66+200","_voie":"LGV1"},"geometry":{"type":"Point","coordinates":[0.38934014400000044,46.83619807]}},{"id":"25878","type":"Feature","properties":{"_pk_label":"PK 66+300","_voie":"LGV1"},"geometry":{"type":"Point","coordinates":[0.3890833810000006,46.835315419999986]}},{"id":"25898","type":"Feature","properties":{"_pk_label":"PK 66+400","_voie":"LGV1"},"geometry":{"type":"Point","coordinates":[0.388845514000001,46.834430309999995]}},{"id":"25918","type":"Feature","properties":{"_pk_label":"PK 66+500","_voie":"LGV1"},"geometry":{"type":"Point","coordinates":[0.3886262780000006,46.83354283999999]}},{"id":"25938","type":"Feature","properties":{"_pk_label":"PK 66+600","_voie":"LGV1"},"geometry":{"type":"Point","coordinates":[0.3884260470000007,46.83265335999999]}},{"id":"25958","type":"Feature","properties":{"_pk_label":"PK 66+700","_voie":"LGV1"},"geometry":{"type":"Point","coordinates":[0.38824456100000126,46.83176186999998]}},{"id":"25978","type":"Feature","properties":{"_pk_label":"PK 66+800","_voie":"LGV1"},"geometry":{"type":"Point","coordinates":[0.3880820610000004,46.83086875000002]}},{"id":"25998","type":"Feature","properties":{"_pk_label":"PK 66+900","_voie":"LGV1"},"geometry":{"type":"Point","coordinates":[0.3879385420000004,46.82997406999999]}},{"id":"26038","type":"Feature","properties":{"_pk_label":"PK 67+100","_voie":"LGV1"},"geometry":{"type":"Point","coordinates":[0.3877082719999999,46.82818096000002]}},{"id":"26058","type":"Feature","properties":{"_pk_label":"PK 67+200","_voie":"LGV1"},"geometry":{"type":"Point","coordinates":[0.38762176900000006,46.827282799999985]}},{"id":"26078","type":"Feature","properties":{"_pk_label":"PK 67+300","_voie":"LGV1"},"geometry":{"type":"Point","coordinates":[0.38755420600000057,46.82638389999999]}},{"id":"26098","type":"Feature","properties":{"_pk_label":"PK 67+400","_voie":"LGV1"},"geometry":{"type":"Point","coordinates":[0.38750583100000013,46.82548444]}},{"id":"26118","type":"Feature","properties":{"_pk_label":"PK 67+500","_voie":"LGV1"},"geometry":{"type":"Point","coordinates":[0.38747637800000034,46.824584609999995]}},{"id":"26138","type":"Feature","properties":{"_pk_label":"PK 67+600","_voie":"LGV1"},"geometry":{"type":"Point","coordinates":[0.38746610300000006,46.82368449]}},{"id":"26158","type":"Feature","properties":{"_pk_label":"PK 67+700","_voie":"LGV1"},"geometry":{"type":"Point","coordinates":[0.38747354200000056,46.82278441]}},{"id":"26178","type":"Feature","properties":{"_pk_label":"PK 67+800","_voie":"LGV1"},"geometry":{"type":"Point","coordinates":[0.3874933220000003,46.82188424999999]}},{"id":"26198","type":"Feature","properties":{"_pk_label":"PK 67+900","_voie":"LGV1"},"geometry":{"type":"Point","coordinates":[0.38751939700000054,46.82098413999999]}},{"id":"26238","type":"Feature","properties":{"_pk_label":"PK 68+100","_voie":"LGV1"},"geometry":{"type":"Point","coordinates":[0.3875739189999998,46.81918371]}},{"id":"26258","type":"Feature","properties":{"_pk_label":"PK 68+200","_voie":"LGV1"},"geometry":{"type":"Point","coordinates":[0.3876010470000003,46.81828354]}},{"id":"26278","type":"Feature","properties":{"_pk_label":"PK 68+300","_voie":"LGV1"},"geometry":{"type":"Point","coordinates":[0.3876283030000006,46.81738336]}},{"id":"26298","type":"Feature","properties":{"_pk_label":"PK 68+400","_voie":"LGV1"},"geometry":{"type":"Point","coordinates":[0.38765543300000027,46.81648309999999]}},{"id":"26318","type":"Feature","properties":{"_pk_label":"PK 68+500","_voie":"LGV1"},"geometry":{"type":"Point","coordinates":[0.38768268600000044,46.81558292999999]}},{"id":"26338","type":"Feature","properties":{"_pk_label":"PK 68+600","_voie":"LGV1"},"geometry":{"type":"Point","coordinates":[0.38770994200000075,46.81468275999999]}},{"id":"26358","type":"Feature","properties":{"_pk_label":"PK 68+700","_voie":"LGV1"},"geometry":{"type":"Point","coordinates":[0.3877370640000009,46.813782579999994]}},{"id":"26378","type":"Feature","properties":{"_pk_label":"PK 68+800","_voie":"LGV1"},"geometry":{"type":"Point","coordinates":[0.3877643190000014,46.81288231999999]}},{"id":"26398","type":"Feature","properties":{"_pk_label":"PK 68+900","_voie":"LGV1"},"geometry":{"type":"Point","coordinates":[0.3877915720000004,46.81198214999999]}},{"id":"26438","type":"Feature","properties":{"_pk_label":"PK 69+100","_voie":"LGV1"},"geometry":{"type":"Point","coordinates":[0.3878459390000004,46.8101818]}},{"id":"26458","type":"Feature","properties":{"_pk_label":"PK 69+200","_voie":"LGV1"},"geometry":{"type":"Point","coordinates":[0.3878731920000006,46.80928154]}},{"id":"26478","type":"Feature","properties":{"_pk_label":"PK 69+300","_voie":"LGV1"},"geometry":{"type":"Point","coordinates":[0.38790030800000164,46.80838136]}},{"id":"26498","type":"Feature","properties":{"_pk_label":"PK 69+400","_voie":"LGV1"},"geometry":{"type":"Point","coordinates":[0.38792755600000045,46.80748118999998]}},{"id":"26518","type":"Feature","properties":{"_pk_label":"PK 69+500","_voie":"LGV1"},"geometry":{"type":"Point","coordinates":[0.3879546720000003,46.80658101]}},{"id":"26538","type":"Feature","properties":{"_pk_label":"PK 69+600","_voie":"LGV1"},"geometry":{"type":"Point","coordinates":[0.3879819170000002,46.80568083999998]}},{"id":"26558","type":"Feature","properties":{"_pk_label":"PK 69+700","_voie":"LGV1"},"geometry":{"type":"Point","coordinates":[0.3880091640000008,46.804780569999984]}},{"id":"26578","type":"Feature","properties":{"_pk_label":"PK 69+800","_voie":"LGV1"},"geometry":{"type":"Point","coordinates":[0.3880362750000005,46.80388038999999]}},{"id":"26598","type":"Feature","properties":{"_pk_label":"PK 69+900","_voie":"LGV1"},"geometry":{"type":"Point","coordinates":[0.3880635190000006,46.802980219999995]}},{"id":"26638","type":"Feature","properties":{"_pk_label":"PK 70+100","_voie":"LGV1"},"geometry":{"type":"Point","coordinates":[0.3881178749999998,46.80117977999999]}},{"id":"26658","type":"Feature","properties":{"_pk_label":"PK 70+200","_voie":"LGV1"},"geometry":{"type":"Point","coordinates":[0.3881451140000001,46.800279599999996]}},{"id":"26678","type":"Feature","properties":{"_pk_label":"PK 70+300","_voie":"LGV1"},"geometry":{"type":"Point","coordinates":[0.38817235300000086,46.799379429999995]}},{"id":"26698","type":"Feature","properties":{"_pk_label":"PK 70+400","_voie":"LGV1"},"geometry":{"type":"Point","coordinates":[0.3881994580000003,46.79847924999999]}},{"id":"26719","type":"Feature","properties":{"_pk_label":"PK 70+500","_voie":"LGV1"},"geometry":{"type":"Point","coordinates":[0.3882268310000004,46.79757898]}},{"id":"26739","type":"Feature","properties":{"_pk_label":"PK 70+600","_voie":"LGV1"},"geometry":{"type":"Point","coordinates":[0.3882569440000004,46.79667896000001]}},{"id":"26759","type":"Feature","properties":{"_pk_label":"PK 70+700","_voie":"LGV1"},"geometry":{"type":"Point","coordinates":[0.3882957079999996,46.79577913999999]}},{"id":"26779","type":"Feature","properties":{"_pk_label":"PK 70+800","_voie":"LGV1"},"geometry":{"type":"Point","coordinates":[0.38834481899999956,46.79487954999998]}},{"id":"26799","type":"Feature","properties":{"_pk_label":"PK 70+900","_voie":"LGV1"},"geometry":{"type":"Point","coordinates":[0.3884044110000006,46.79398020000001]}},{"id":"26839","type":"Feature","properties":{"_pk_label":"PK 71+100","_voie":"LGV1"},"geometry":{"type":"Point","coordinates":[0.3885550110000004,46.792182749999995]}},{"id":"26859","type":"Feature","properties":{"_pk_label":"PK 71+200","_voie":"LGV1"},"geometry":{"type":"Point","coordinates":[0.38864601399999976,46.79128474000001]}},{"id":"26879","type":"Feature","properties":{"_pk_label":"PK 71+300","_voie":"LGV1"},"geometry":{"type":"Point","coordinates":[0.3887474860000011,46.790387149999994]}},{"id":"26899","type":"Feature","properties":{"_pk_label":"PK 71+400","_voie":"LGV1"},"geometry":{"type":"Point","coordinates":[0.38885941400000085,46.78949025]}},{"id":"26919","type":"Feature","properties":{"_pk_label":"PK 71+500","_voie":"LGV1"},"geometry":{"type":"Point","coordinates":[0.3889816720000003,46.788593940000005]}},{"id":"26939","type":"Feature","properties":{"_pk_label":"PK 71+600","_voie":"LGV1"},"geometry":{"type":"Point","coordinates":[0.3891145170000009,46.78769832999998]}},{"id":"26959","type":"Feature","properties":{"_pk_label":"PK 71+700","_voie":"LGV1"},"geometry":{"type":"Point","coordinates":[0.38925768100000036,46.786803479999996]}},{"id":"26979","type":"Feature","properties":{"_pk_label":"PK 71+800","_voie":"LGV1"},"geometry":{"type":"Point","coordinates":[0.3894112920000001,46.78590951]}},{"id":"26999","type":"Feature","properties":{"_pk_label":"PK 71+900","_voie":"LGV1"},"geometry":{"type":"Point","coordinates":[0.3895753500000005,46.785016309999996]}},{"id":"27039","type":"Feature","properties":{"_pk_label":"PK 72+100","_voie":"LGV1"},"geometry":{"type":"Point","coordinates":[0.3899345250000005,46.78323288]}},{"id":"27059","type":"Feature","properties":{"_pk_label":"PK 72+200","_voie":"LGV1"},"geometry":{"type":"Point","coordinates":[0.3901296360000005,46.782342640000024]}},{"id":"27080","type":"Feature","properties":{"_pk_label":"PK 72+300","_voie":"LGV1"},"geometry":{"type":"Point","coordinates":[0.3903350500000004,46.78145353000001]}},{"id":"27100","type":"Feature","properties":{"_pk_label":"PK 72+400","_voie":"LGV1"},"geometry":{"type":"Point","coordinates":[0.39054763300000084,46.780565129999985]}},{"id":"27120","type":"Feature","properties":{"_pk_label":"PK 72+500","_voie":"LGV1"},"geometry":{"type":"Point","coordinates":[0.39076204200000036,46.77967686]}},{"id":"27140","type":"Feature","properties":{"_pk_label":"PK 72+600","_voie":"LGV1"},"geometry":{"type":"Point","coordinates":[0.39097631099999985,46.77878857999998]}},{"id":"27160","type":"Feature","properties":{"_pk_label":"PK 72+700","_voie":"LGV1"},"geometry":{"type":"Point","coordinates":[0.391190706,46.77790031000001]}},{"id":"27180","type":"Feature","properties":{"_pk_label":"PK 72+800","_voie":"LGV1"},"geometry":{"type":"Point","coordinates":[0.39140509200000007,46.77701204]}},{"id":"27200","type":"Feature","properties":{"_pk_label":"PK 72+900","_voie":"LGV1"},"geometry":{"type":"Point","coordinates":[0.3916194690000009,46.77612376]}},{"id":"27240","type":"Feature","properties":{"_pk_label":"PK 73+100","_voie":"LGV1"},"geometry":{"type":"Point","coordinates":[0.39204820800000045,46.774347210000016]}},{"id":"27260","type":"Feature","properties":{"_pk_label":"PK 73+200","_voie":"LGV1"},"geometry":{"type":"Point","coordinates":[0.39226243600000027,46.77345893999998]}},{"id":"27280","type":"Feature","properties":{"_pk_label":"PK 73+300","_voie":"LGV1"},"geometry":{"type":"Point","coordinates":[0.39247678600000124,46.772570660000014]}},{"id":"27301","type":"Feature","properties":{"_pk_label":"PK 73+400","_voie":"LGV1"},"geometry":{"type":"Point","coordinates":[0.39269113100000047,46.77168237999999]}},{"id":"27321","type":"Feature","properties":{"_pk_label":"PK 73+500","_voie":"LGV1"},"geometry":{"type":"Point","coordinates":[0.3929042940000002,46.77079399]}},{"id":"27341","type":"Feature","properties":{"_pk_label":"PK 73+600","_voie":"LGV1"},"geometry":{"type":"Point","coordinates":[0.3931111970000004,46.76990472999999]}},{"id":"27361","type":"Feature","properties":{"_pk_label":"PK 73+700","_voie":"LGV1"},"geometry":{"type":"Point","coordinates":[0.3933057079999994,46.76901402000002]}},{"id":"27381","type":"Feature","properties":{"_pk_label":"PK 73+800","_voie":"LGV1"},"geometry":{"type":"Point","coordinates":[0.3934825970000005,46.76812156]}},{"id":"27401","type":"Feature","properties":{"_pk_label":"PK 73+900","_voie":"LGV1"},"geometry":{"type":"Point","coordinates":[0.39364054400000037,46.76722749000001]}},{"id":"27441","type":"Feature","properties":{"_pk_label":"PK 74+100","_voie":"LGV1"},"geometry":{"type":"Point","coordinates":[0.39389961100000037,46.76543493000001]}},{"id":"27462","type":"Feature","properties":{"_pk_label":"PK 74+200","_voie":"LGV1"},"geometry":{"type":"Point","coordinates":[0.3940007030000001,46.76453696]}},{"id":"27482","type":"Feature","properties":{"_pk_label":"PK 74+300","_voie":"LGV1"},"geometry":{"type":"Point","coordinates":[0.3940843940000003,46.763638150000006]}},{"id":"27502","type":"Feature","properties":{"_pk_label":"PK 74+400","_voie":"LGV1"},"geometry":{"type":"Point","coordinates":[0.3941564359999998,46.76273898000001]}},{"id":"27522","type":"Feature","properties":{"_pk_label":"PK 74+500","_voie":"LGV1"},"geometry":{"type":"Point","coordinates":[0.3942228420000008,46.76183969000001]}},{"id":"27542","type":"Feature","properties":{"_pk_label":"PK 74+600","_voie":"LGV1"},"geometry":{"type":"Point","coordinates":[0.3942883250000002,46.76094046000001]}},{"id":"27562","type":"Feature","properties":{"_pk_label":"PK 74+700","_voie":"LGV1"},"geometry":{"type":"Point","coordinates":[0.3943539390000008,46.76004114999998]}},{"id":"27582","type":"Feature","properties":{"_pk_label":"PK 74+800","_voie":"LGV1"},"geometry":{"type":"Point","coordinates":[0.39441941900000044,46.75914193]}},{"id":"27602","type":"Feature","properties":{"_pk_label":"PK 74+900","_voie":"LGV1"},"geometry":{"type":"Point","coordinates":[0.39448437500000005,46.75824260000001]}},{"id":"27642","type":"Feature","properties":{"_pk_label":"PK 75+100","_voie":"LGV1"},"geometry":{"type":"Point","coordinates":[0.39459270000000063,46.75644299999998]}},{"id":"27662","type":"Feature","properties":{"_pk_label":"PK 75+200","_voie":"LGV1"},"geometry":{"type":"Point","coordinates":[0.3946242780000009,46.75554255]}},{"id":"27682","type":"Feature","properties":{"_pk_label":"PK 75+300","_voie":"LGV1"},"geometry":{"type":"Point","coordinates":[0.39463685800000153,46.75464195000001]}},{"id":"27702","type":"Feature","properties":{"_pk_label":"PK 75+400","_voie":"LGV1"},"geometry":{"type":"Point","coordinates":[0.394630303000001,46.75374127]}},{"id":"27722","type":"Feature","properties":{"_pk_label":"PK 75+500","_voie":"LGV1"},"geometry":{"type":"Point","coordinates":[0.3946047359999999,46.752840690000006]}},{"id":"27742","type":"Feature","properties":{"_pk_label":"PK 75+600","_voie":"LGV1"},"geometry":{"type":"Point","coordinates":[0.3945601470000003,46.7519405]}},{"id":"27762","type":"Feature","properties":{"_pk_label":"PK 75+700","_voie":"LGV1"},"geometry":{"type":"Point","coordinates":[0.39449652500000054,46.75104096]}},{"id":"27782","type":"Feature","properties":{"_pk_label":"PK 75+800","_voie":"LGV1"},"geometry":{"type":"Point","coordinates":[0.39441373600000124,46.75014205999999]}},{"id":"27802","type":"Feature","properties":{"_pk_label":"PK 75+900","_voie":"LGV1"},"geometry":{"type":"Point","coordinates":[0.39431203300000045,46.74924408]}},{"id":"27842","type":"Feature","properties":{"_pk_label":"PK 76+100","_voie":"LGV1"},"geometry":{"type":"Point","coordinates":[0.3940517190000004,46.74745160999999]}},{"id":"27862","type":"Feature","properties":{"_pk_label":"PK 76+200","_voie":"LGV1"},"geometry":{"type":"Point","coordinates":[0.39389309200000056,46.74655757]}},{"id":"27882","type":"Feature","properties":{"_pk_label":"PK 76+300","_voie":"LGV1"},"geometry":{"type":"Point","coordinates":[0.3937156470000003,46.74566517]}},{"id":"27902","type":"Feature","properties":{"_pk_label":"PK 76+400","_voie":"LGV1"},"geometry":{"type":"Point","coordinates":[0.39351924400000066,46.74477467999999]}},{"id":"27922","type":"Feature","properties":{"_pk_label":"PK 76+500","_voie":"LGV1"},"geometry":{"type":"Point","coordinates":[0.39330414200000036,46.7438862]}},{"id":"27942","type":"Feature","properties":{"_pk_label":"PK 76+600","_voie":"LGV1"},"geometry":{"type":"Point","coordinates":[0.3930701970000009,46.742999989999994]}},{"id":"27962","type":"Feature","properties":{"_pk_label":"PK 76+700","_voie":"LGV1"},"geometry":{"type":"Point","coordinates":[0.3928175360000008,46.74211616]}},{"id":"27982","type":"Feature","properties":{"_pk_label":"PK 76+800","_voie":"LGV1"},"geometry":{"type":"Point","coordinates":[0.39254614699999985,46.74123503999999]}},{"id":"28002","type":"Feature","properties":{"_pk_label":"PK 76+900","_voie":"LGV1"},"geometry":{"type":"Point","coordinates":[0.39225628600000084,46.74035666]}},{"id":"28042","type":"Feature","properties":{"_pk_label":"PK 77+100","_voie":"LGV1"},"geometry":{"type":"Point","coordinates":[0.3916208560000002,46.73860908000001]}},{"id":"28062","type":"Feature","properties":{"_pk_label":"PK 77+200","_voie":"LGV1"},"geometry":{"type":"Point","coordinates":[0.391275528000001,46.73774024999999]}},{"id":"28082","type":"Feature","properties":{"_pk_label":"PK 77+300","_voie":"LGV1"},"geometry":{"type":"Point","coordinates":[0.3909118310000006,46.73687496]}},{"id":"28102","type":"Feature","properties":{"_pk_label":"PK 77+400","_voie":"LGV1"},"geometry":{"type":"Point","coordinates":[0.390529881000001,46.7360134]}},{"id":"28122","type":"Feature","properties":{"_pk_label":"PK 77+500","_voie":"LGV1"},"geometry":{"type":"Point","coordinates":[0.39012980300000044,46.73515574999998]}},{"id":"28142","type":"Feature","properties":{"_pk_label":"PK 77+600","_voie":"LGV1"},"geometry":{"type":"Point","coordinates":[0.38971159199999983,46.73430219000002]}},{"id":"28162","type":"Feature","properties":{"_pk_label":"PK 77+700","_voie":"LGV1"},"geometry":{"type":"Point","coordinates":[0.38927549700000164,46.73345290999999]}},{"id":"28182","type":"Feature","properties":{"_pk_label":"PK 77+800","_voie":"LGV1"},"geometry":{"type":"Point","coordinates":[0.38882138900000063,46.73260798]}},{"id":"28202","type":"Feature","properties":{"_pk_label":"PK 77+900","_voie":"LGV1"},"geometry":{"type":"Point","coordinates":[0.38834937800000086,46.731767790000006]}},{"id":"28242","type":"Feature","properties":{"_pk_label":"PK 78+100","_voie":"LGV1"},"geometry":{"type":"Point","coordinates":[0.38735255300000004,46.73010195999999]}},{"id":"28262","type":"Feature","properties":{"_pk_label":"PK 78+200","_voie":"LGV1"},"geometry":{"type":"Point","coordinates":[0.3868278530000002,46.729276680000005]}},{"id":"28282","type":"Feature","properties":{"_pk_label":"PK 78+300","_voie":"LGV1"},"geometry":{"type":"Point","coordinates":[0.3862857469999999,46.72845677000001]}},{"id":"28302","type":"Feature","properties":{"_pk_label":"PK 78+400","_voie":"LGV1"},"geometry":{"type":"Point","coordinates":[0.38572848900000073,46.72764174000001]}},{"id":"28322","type":"Feature","properties":{"_pk_label":"PK 78+500","_voie":"LGV1"},"geometry":{"type":"Point","coordinates":[0.38516125800000006,46.72683007999999]}},{"id":"28342","type":"Feature","properties":{"_pk_label":"PK 78+600","_voie":"LGV1"},"geometry":{"type":"Point","coordinates":[0.38458964700000065,46.72601994]}},{"id":"28362","type":"Feature","properties":{"_pk_label":"PK 78+700","_voie":"LGV1"},"geometry":{"type":"Point","coordinates":[0.38401765299999946,46.72520996000002]}},{"id":"28382","type":"Feature","properties":{"_pk_label":"PK 78+800","_voie":"LGV1"},"geometry":{"type":"Point","coordinates":[0.38344553900000067,46.724400079999995]}},{"id":"28402","type":"Feature","properties":{"_pk_label":"PK 78+900","_voie":"LGV1"},"geometry":{"type":"Point","coordinates":[0.38287357800000127,46.72359008999998]}},{"id":"28442","type":"Feature","properties":{"_pk_label":"PK 79+100","_voie":"LGV1"},"geometry":{"type":"Point","coordinates":[0.38172957199999913,46.72197021000001]}},{"id":"28462","type":"Feature","properties":{"_pk_label":"PK 79+200","_voie":"LGV1"},"geometry":{"type":"Point","coordinates":[0.3811576580000004,46.72116032]}},{"id":"28482","type":"Feature","properties":{"_pk_label":"PK 79+300","_voie":"LGV1"},"geometry":{"type":"Point","coordinates":[0.3805856360000008,46.72035032]}},{"id":"28502","type":"Feature","properties":{"_pk_label":"PK 79+400","_voie":"LGV1"},"geometry":{"type":"Point","coordinates":[0.3800137560000008,46.719540419999994]}},{"id":"28522","type":"Feature","properties":{"_pk_label":"PK 79+500","_voie":"LGV1"},"geometry":{"type":"Point","coordinates":[0.37944176700000015,46.71873041999999]}},{"id":"28542","type":"Feature","properties":{"_pk_label":"PK 79+600","_voie":"LGV1"},"geometry":{"type":"Point","coordinates":[0.3788699219999995,46.71792051000002]}},{"id":"28562","type":"Feature","properties":{"_pk_label":"PK 79+700","_voie":"LGV1"},"geometry":{"type":"Point","coordinates":[0.3782980970000006,46.71711050999999]}},{"id":"28582","type":"Feature","properties":{"_pk_label":"PK 79+800","_voie":"LGV1"},"geometry":{"type":"Point","coordinates":[0.3777261560000001,46.71630059]}},{"id":"28602","type":"Feature","properties":{"_pk_label":"PK 79+900","_voie":"LGV1"},"geometry":{"type":"Point","coordinates":[0.3771543640000002,46.715490579999994]}},{"id":"28643","type":"Feature","properties":{"_pk_label":"PK 80+100","_voie":"LGV1"},"geometry":{"type":"Point","coordinates":[0.3760108310000014,46.713870639999996]}},{"id":"28663","type":"Feature","properties":{"_pk_label":"PK 80+200","_voie":"LGV1"},"geometry":{"type":"Point","coordinates":[0.3754420140000007,46.713059790000024]}},{"id":"28683","type":"Feature","properties":{"_pk_label":"PK 80+300","_voie":"LGV1"},"geometry":{"type":"Point","coordinates":[0.37488159400000026,46.712246240000006]}},{"id":"28703","type":"Feature","properties":{"_pk_label":"PK 80+400","_voie":"LGV1"},"geometry":{"type":"Point","coordinates":[0.37433502199999996,46.711428409999996]}},{"id":"28723","type":"Feature","properties":{"_pk_label":"PK 80+500","_voie":"LGV1"},"geometry":{"type":"Point","coordinates":[0.37380561900000037,46.71060521]}},{"id":"28743","type":"Feature","properties":{"_pk_label":"PK 80+600","_voie":"LGV1"},"geometry":{"type":"Point","coordinates":[0.3732936389999997,46.709776910000016]}},{"id":"28764","type":"Feature","properties":{"_pk_label":"PK 80+700","_voie":"LGV1"},"geometry":{"type":"Point","coordinates":[0.3727990780000003,46.708943510000005]}},{"id":"28784","type":"Feature","properties":{"_pk_label":"PK 80+800","_voie":"LGV1"},"geometry":{"type":"Point","coordinates":[0.3723195310000004,46.70810594]}},{"id":"28804","type":"Feature","properties":{"_pk_label":"PK 80+900","_voie":"LGV1"},"geometry":{"type":"Point","coordinates":[0.37184942800000026,46.70726571]}},{"id":"28844","type":"Feature","properties":{"_pk_label":"PK 81+100","_voie":"LGV1"},"geometry":{"type":"Point","coordinates":[0.3709172309999999,46.705582979999996]}},{"id":"28864","type":"Feature","properties":{"_pk_label":"PK 81+200","_voie":"LGV1"},"geometry":{"type":"Point","coordinates":[0.37045115600000045,46.70474157]}},{"id":"28884","type":"Feature","properties":{"_pk_label":"PK 81+300","_voie":"LGV1"},"geometry":{"type":"Point","coordinates":[0.3699852250000011,46.70390015999999]}},{"id":"28904","type":"Feature","properties":{"_pk_label":"PK 81+400","_voie":"LGV1"},"geometry":{"type":"Point","coordinates":[0.3695193110000013,46.70305874000001]}},{"id":"28924","type":"Feature","properties":{"_pk_label":"PK 81+500","_voie":"LGV1"},"geometry":{"type":"Point","coordinates":[0.36905327800000054,46.702217329999996]}},{"id":"28944","type":"Feature","properties":{"_pk_label":"PK 81+600","_voie":"LGV1"},"geometry":{"type":"Point","coordinates":[0.3685873920000011,46.70137591000002]}},{"id":"28964","type":"Feature","properties":{"_pk_label":"PK 81+700","_voie":"LGV1"},"geometry":{"type":"Point","coordinates":[0.36812152499999967,46.7005344]}},{"id":"28984","type":"Feature","properties":{"_pk_label":"PK 81+800","_voie":"LGV1"},"geometry":{"type":"Point","coordinates":[0.36765553600000034,46.699692979999995]}},{"id":"29004","type":"Feature","properties":{"_pk_label":"PK 81+900","_voie":"LGV1"},"geometry":{"type":"Point","coordinates":[0.3671896939999995,46.69885156000001]}},{"id":"29044","type":"Feature","properties":{"_pk_label":"PK 82+100","_voie":"LGV1"},"geometry":{"type":"Point","coordinates":[0.3662579190000002,46.69716869999999]}},{"id":"29064","type":"Feature","properties":{"_pk_label":"PK 82+200","_voie":"LGV1"},"geometry":{"type":"Point","coordinates":[0.36579211900000086,46.696327270000005]}},{"id":"29084","type":"Feature","properties":{"_pk_label":"PK 82+300","_voie":"LGV1"},"geometry":{"type":"Point","coordinates":[0.3653263360000011,46.69548583999999]}},{"id":"29104","type":"Feature","properties":{"_pk_label":"PK 82+400","_voie":"LGV1"},"geometry":{"type":"Point","coordinates":[0.3648604330000009,46.69464440999999]}},{"id":"29124","type":"Feature","properties":{"_pk_label":"PK 82+500","_voie":"LGV1"},"geometry":{"type":"Point","coordinates":[0.36439467799999953,46.69380297]}},{"id":"29144","type":"Feature","properties":{"_pk_label":"PK 82+600","_voie":"LGV1"},"geometry":{"type":"Point","coordinates":[0.3639288030000014,46.69296153]}},{"id":"29164","type":"Feature","properties":{"_pk_label":"PK 82+700","_voie":"LGV1"},"geometry":{"type":"Point","coordinates":[0.3634630750000011,46.69212009000001]}},{"id":"29184","type":"Feature","properties":{"_pk_label":"PK 82+800","_voie":"LGV1"},"geometry":{"type":"Point","coordinates":[0.3629973639999995,46.69127865000001]}},{"id":"29204","type":"Feature","properties":{"_pk_label":"PK 82+900","_voie":"LGV1"},"geometry":{"type":"Point","coordinates":[0.36253153300000035,46.6904372]}},{"id":"29245","type":"Feature","properties":{"_pk_label":"PK 83+100","_voie":"LGV1"},"geometry":{"type":"Point","coordinates":[0.3616008419999995,46.688754149999994]}},{"id":"29265","type":"Feature","properties":{"_pk_label":"PK 83+200","_voie":"LGV1"},"geometry":{"type":"Point","coordinates":[0.361141014,46.6879113]}},{"id":"29285","type":"Feature","properties":{"_pk_label":"PK 83+300","_voie":"LGV1"},"geometry":{"type":"Point","coordinates":[0.36069220000000046,46.68706573000001]}},{"id":"29305","type":"Feature","properties":{"_pk_label":"PK 83+400","_voie":"LGV1"},"geometry":{"type":"Point","coordinates":[0.360259428,46.68621629]}},{"id":"29325","type":"Feature","properties":{"_pk_label":"PK 83+500","_voie":"LGV1"},"geometry":{"type":"Point","coordinates":[0.35984481400000096,46.68536258999999]}},{"id":"29345","type":"Feature","properties":{"_pk_label":"PK 83+600","_voie":"LGV1"},"geometry":{"type":"Point","coordinates":[0.3594483390000003,46.68450488999998]}},{"id":"29365","type":"Feature","properties":{"_pk_label":"PK 83+700","_voie":"LGV1"},"geometry":{"type":"Point","coordinates":[0.3590698720000003,46.68364326999999]}},{"id":"29385","type":"Feature","properties":{"_pk_label":"PK 83+800","_voie":"LGV1"},"geometry":{"type":"Point","coordinates":[0.358709794,46.68277793000001]}},{"id":"29405","type":"Feature","properties":{"_pk_label":"PK 83+900","_voie":"LGV1"},"geometry":{"type":"Point","coordinates":[0.358367964,46.681909049999994]}},{"id":"29445","type":"Feature","properties":{"_pk_label":"PK 84+100","_voie":"LGV1"},"geometry":{"type":"Point","coordinates":[0.35773978900000064,46.68016156000001]}},{"id":"29465","type":"Feature","properties":{"_pk_label":"PK 84+200","_voie":"LGV1"},"geometry":{"type":"Point","coordinates":[0.3574534219999993,46.679283330000004]}},{"id":"29485","type":"Feature","properties":{"_pk_label":"PK 84+300","_voie":"LGV1"},"geometry":{"type":"Point","coordinates":[0.3571856610000009,46.67840227]}},{"id":"29505","type":"Feature","properties":{"_pk_label":"PK 84+400","_voie":"LGV1"},"geometry":{"type":"Point","coordinates":[0.3569366170000001,46.677518670000005]}},{"id":"29525","type":"Feature","properties":{"_pk_label":"PK 84+500","_voie":"LGV1"},"geometry":{"type":"Point","coordinates":[0.3567061580000008,46.676632609999984]}},{"id":"29545","type":"Feature","properties":{"_pk_label":"PK 84+600","_voie":"LGV1"},"geometry":{"type":"Point","coordinates":[0.35649452800000037,46.675744380000005]}},{"id":"29565","type":"Feature","properties":{"_pk_label":"PK 84+700","_voie":"LGV1"},"geometry":{"type":"Point","coordinates":[0.3563017250000013,46.67485406]}},{"id":"29585","type":"Feature","properties":{"_pk_label":"PK 84+800","_voie":"LGV1"},"geometry":{"type":"Point","coordinates":[0.356127732999999,46.67396192]}},{"id":"29605","type":"Feature","properties":{"_pk_label":"PK 84+900","_voie":"LGV1"},"geometry":{"type":"Point","coordinates":[0.35597266900000046,46.67306822999999]}},{"id":"29645","type":"Feature","properties":{"_pk_label":"PK 85+100","_voie":"LGV1"},"geometry":{"type":"Point","coordinates":[0.35571288900000075,46.67127668999999]}},{"id":"29665","type":"Feature","properties":{"_pk_label":"PK 85+200","_voie":"LGV1"},"geometry":{"type":"Point","coordinates":[0.355597778000001,46.67037986999999]}},{"id":"29685","type":"Feature","properties":{"_pk_label":"PK 85+300","_voie":"LGV1"},"geometry":{"type":"Point","coordinates":[0.3554847780000014,46.66948282999999]}},{"id":"29705","type":"Feature","properties":{"_pk_label":"PK 85+400","_voie":"LGV1"},"geometry":{"type":"Point","coordinates":[0.35537178100000005,46.66858577999999]}},{"id":"29725","type":"Feature","properties":{"_pk_label":"PK 85+500","_voie":"LGV1"},"geometry":{"type":"Point","coordinates":[0.35525878600000066,46.66768874]}},{"id":"29745","type":"Feature","properties":{"_pk_label":"PK 85+600","_voie":"LGV1"},"geometry":{"type":"Point","coordinates":[0.35514579700000076,46.66679169]}},{"id":"29765","type":"Feature","properties":{"_pk_label":"PK 85+700","_voie":"LGV1"},"geometry":{"type":"Point","coordinates":[0.3550328139999996,46.665894560000005]}},{"id":"29785","type":"Feature","properties":{"_pk_label":"PK 85+800","_voie":"LGV1"},"geometry":{"type":"Point","coordinates":[0.35491996399999964,46.664997510000006]}},{"id":"29805","type":"Feature","properties":{"_pk_label":"PK 85+900","_voie":"LGV1"},"geometry":{"type":"Point","coordinates":[0.354806986000001,46.66410047]}},{"id":"29845","type":"Feature","properties":{"_pk_label":"PK 86+100","_voie":"LGV1"},"geometry":{"type":"Point","coordinates":[0.354581039000001,46.66230638000001]}},{"id":"29865","type":"Feature","properties":{"_pk_label":"PK 86+200","_voie":"LGV1"},"geometry":{"type":"Point","coordinates":[0.3544680720000004,46.661409330000005]}},{"id":"29885","type":"Feature","properties":{"_pk_label":"PK 86+300","_voie":"LGV1"},"geometry":{"type":"Point","coordinates":[0.35435510800000036,46.66051227999999]}},{"id":"29906","type":"Feature","properties":{"_pk_label":"PK 86+400","_voie":"LGV1"},"geometry":{"type":"Point","coordinates":[0.35424188600000067,46.659615230000014]}},{"id":"29926","type":"Feature","properties":{"_pk_label":"PK 86+500","_voie":"LGV1"},"geometry":{"type":"Point","coordinates":[0.35412460800000023,46.658718259999986]}},{"id":"29946","type":"Feature","properties":{"_pk_label":"PK 86+600","_voie":"LGV1"},"geometry":{"type":"Point","coordinates":[0.35399735600000043,46.65782196]}},{"id":"29966","type":"Feature","properties":{"_pk_label":"PK 86+700","_voie":"LGV1"},"geometry":{"type":"Point","coordinates":[0.35385409700000087,46.65692664]}},{"id":"29986","type":"Feature","properties":{"_pk_label":"PK 86+800","_voie":"LGV1"},"geometry":{"type":"Point","coordinates":[0.3536921890000003,46.65603287999999]}},{"id":"30006","type":"Feature","properties":{"_pk_label":"PK 86+900","_voie":"LGV1"},"geometry":{"type":"Point","coordinates":[0.35351123100000054,46.65514083999999]}},{"id":"30046","type":"Feature","properties":{"_pk_label":"PK 87+100","_voie":"LGV1"},"geometry":{"type":"Point","coordinates":[0.3530931780000002,46.653362570000006]}},{"id":"30066","type":"Feature","properties":{"_pk_label":"PK 87+200","_voie":"LGV1"},"geometry":{"type":"Point","coordinates":[0.3528590890000007,46.65247650999999]}},{"id":"30086","type":"Feature","properties":{"_pk_label":"PK 87+300","_voie":"LGV1"},"geometry":{"type":"Point","coordinates":[0.3526152580000007,46.65159184]}},{"id":"30107","type":"Feature","properties":{"_pk_label":"PK 87+400","_voie":"LGV1"},"geometry":{"type":"Point","coordinates":[0.3523673530000002,46.65070770999999]}},{"id":"30127","type":"Feature","properties":{"_pk_label":"PK 87+500","_voie":"LGV1"},"geometry":{"type":"Point","coordinates":[0.35211932200000107,46.64982366]}},{"id":"30147","type":"Feature","properties":{"_pk_label":"PK 87+600","_voie":"LGV1"},"geometry":{"type":"Point","coordinates":[0.3518711720000005,46.64893952]}},{"id":"30167","type":"Feature","properties":{"_pk_label":"PK 87+700","_voie":"LGV1"},"geometry":{"type":"Point","coordinates":[0.35162315600000094,46.64805547000001]}},{"id":"30187","type":"Feature","properties":{"_pk_label":"PK 87+800","_voie":"LGV1"},"geometry":{"type":"Point","coordinates":[0.35137501700000123,46.64717141999999]}},{"id":"30207","type":"Feature","properties":{"_pk_label":"PK 87+900","_voie":"LGV1"},"geometry":{"type":"Point","coordinates":[0.3511270169999995,46.646287369999996]}},{"id":"30247","type":"Feature","properties":{"_pk_label":"PK 88+100","_voie":"LGV1"},"geometry":{"type":"Point","coordinates":[0.350627497000001,46.644519549999984]}},{"id":"30267","type":"Feature","properties":{"_pk_label":"PK 88+200","_voie":"LGV1"},"geometry":{"type":"Point","coordinates":[0.3503670189999992,46.64363700999999]}},{"id":"30287","type":"Feature","properties":{"_pk_label":"PK 88+300","_voie":"LGV1"},"geometry":{"type":"Point","coordinates":[0.35009167499999994,46.64275647]}},{"id":"30307","type":"Feature","properties":{"_pk_label":"PK 88+400","_voie":"LGV1"},"geometry":{"type":"Point","coordinates":[0.34979801700000046,46.64187875]}},{"id":"30327","type":"Feature","properties":{"_pk_label":"PK 88+500","_voie":"LGV1"},"geometry":{"type":"Point","coordinates":[0.34948577199999964,46.64100411]}},{"id":"30347","type":"Feature","properties":{"_pk_label":"PK 88+600","_voie":"LGV1"},"geometry":{"type":"Point","coordinates":[0.34915520300000075,46.640132650000005]}},{"id":"30367","type":"Feature","properties":{"_pk_label":"PK 88+700","_voie":"LGV1"},"geometry":{"type":"Point","coordinates":[0.3488062970000007,46.63926455]}},{"id":"30387","type":"Feature","properties":{"_pk_label":"PK 88+800","_voie":"LGV1"},"geometry":{"type":"Point","coordinates":[0.34843904200000037,46.63840016]}},{"id":"30407","type":"Feature","properties":{"_pk_label":"PK 88+900","_voie":"LGV1"},"geometry":{"type":"Point","coordinates":[0.34805356899999945,46.637539409999995]}},{"id":"30447","type":"Feature","properties":{"_pk_label":"PK 89+100","_voie":"LGV1"},"geometry":{"type":"Point","coordinates":[0.3472283140000003,46.63583006]}},{"id":"30467","type":"Feature","properties":{"_pk_label":"PK 89+200","_voie":"LGV1"},"geometry":{"type":"Point","coordinates":[0.3467887779999996,46.63498175000001]}},{"id":"30487","type":"Feature","properties":{"_pk_label":"PK 89+300","_voie":"LGV1"},"geometry":{"type":"Point","coordinates":[0.34633137499999966,46.63413797]}},{"id":"30507","type":"Feature","properties":{"_pk_label":"PK 89+400","_voie":"LGV1"},"geometry":{"type":"Point","coordinates":[0.3458562360000013,46.633298829999994]}},{"id":"30527","type":"Feature","properties":{"_pk_label":"PK 89+500","_voie":"LGV1"},"geometry":{"type":"Point","coordinates":[0.3453634830000005,46.63246449999999]}},{"id":"30547","type":"Feature","properties":{"_pk_label":"PK 89+600","_voie":"LGV1"},"geometry":{"type":"Point","coordinates":[0.34485310300000044,46.63163525000001]}},{"id":"30567","type":"Feature","properties":{"_pk_label":"PK 89+700","_voie":"LGV1"},"geometry":{"type":"Point","coordinates":[0.34432521900000157,46.63081118999999]}},{"id":"30587","type":"Feature","properties":{"_pk_label":"PK 89+800","_voie":"LGV1"},"geometry":{"type":"Point","coordinates":[0.34378009199999976,46.62999247999999]}},{"id":"30607","type":"Feature","properties":{"_pk_label":"PK 89+900","_voie":"LGV1"},"geometry":{"type":"Point","coordinates":[0.34321783600000033,46.62917932000001]}},{"id":"30647","type":"Feature","properties":{"_pk_label":"PK 90+100","_voie":"LGV1"},"geometry":{"type":"Point","coordinates":[0.3420419170000007,46.627570359999986]}},{"id":"30667","type":"Feature","properties":{"_pk_label":"PK 90+200","_voie":"LGV1"},"geometry":{"type":"Point","coordinates":[0.34142876100000136,46.62677493000001]}},{"id":"30687","type":"Feature","properties":{"_pk_label":"PK 90+300","_voie":"LGV1"},"geometry":{"type":"Point","coordinates":[0.34079871400000156,46.625985590000006]}},{"id":"30707","type":"Feature","properties":{"_pk_label":"PK 90+400","_voie":"LGV1"},"geometry":{"type":"Point","coordinates":[0.3401522859999999,46.62520271999999]}},{"id":"30727","type":"Feature","properties":{"_pk_label":"PK 90+500","_voie":"LGV1"},"geometry":{"type":"Point","coordinates":[0.3394892059999995,46.62442648000001]}},{"id":"30747","type":"Feature","properties":{"_pk_label":"PK 90+600","_voie":"LGV1"},"geometry":{"type":"Point","coordinates":[0.33880999700000014,46.62365689]}},{"id":"30767","type":"Feature","properties":{"_pk_label":"PK 90+700","_voie":"LGV1"},"geometry":{"type":"Point","coordinates":[0.3381145190000014,46.62289411999999]}},{"id":"30787","type":"Feature","properties":{"_pk_label":"PK 90+800","_voie":"LGV1"},"geometry":{"type":"Point","coordinates":[0.33740315000000054,46.622138459999995]}},{"id":"30807","type":"Feature","properties":{"_pk_label":"PK 90+900","_voie":"LGV1"},"geometry":{"type":"Point","coordinates":[0.3366758860000008,46.621390080000005]}},{"id":"30847","type":"Feature","properties":{"_pk_label":"PK 91+100","_voie":"LGV1"},"geometry":{"type":"Point","coordinates":[0.33517430800000103,46.619915359999986]}},{"id":"30867","type":"Feature","properties":{"_pk_label":"PK 91+200","_voie":"LGV1"},"geometry":{"type":"Point","coordinates":[0.33440036700000014,46.61918948]}},{"id":"30887","type":"Feature","properties":{"_pk_label":"PK 91+300","_voie":"LGV1"},"geometry":{"type":"Point","coordinates":[0.33361116100000054,46.61847136]}},{"id":"30907","type":"Feature","properties":{"_pk_label":"PK 91+400","_voie":"LGV1"},"geometry":{"type":"Point","coordinates":[0.33280706099999985,46.61776134000002]}},{"id":"30927","type":"Feature","properties":{"_pk_label":"PK 91+500","_voie":"LGV1"},"geometry":{"type":"Point","coordinates":[0.3319879470000009,46.617059350000005]}},{"id":"30947","type":"Feature","properties":{"_pk_label":"PK 91+600","_voie":"LGV1"},"geometry":{"type":"Point","coordinates":[0.33115472800000023,46.61636540999999]}},{"id":"30967","type":"Feature","properties":{"_pk_label":"PK 91+700","_voie":"LGV1"},"geometry":{"type":"Point","coordinates":[0.3303110360000013,46.615677510000005]}},{"id":"30987","type":"Feature","properties":{"_pk_label":"PK 91+800","_voie":"LGV1"},"geometry":{"type":"Point","coordinates":[0.32946183300000076,46.61499309]}},{"id":"31007","type":"Feature","properties":{"_pk_label":"PK 91+900","_voie":"LGV1"},"geometry":{"type":"Point","coordinates":[0.32861103900000094,46.61430962]}},{"id":"31047","type":"Feature","properties":{"_pk_label":"PK 92+100","_voie":"LGV1"},"geometry":{"type":"Point","coordinates":[0.3269097690000013,46.612942649999994]}},{"id":"31067","type":"Feature","properties":{"_pk_label":"PK 92+200","_voie":"LGV1"},"geometry":{"type":"Point","coordinates":[0.3260591690000004,46.61225916]}},{"id":"31087","type":"Feature","properties":{"_pk_label":"PK 92+300","_voie":"LGV1"},"geometry":{"type":"Point","coordinates":[0.3252085890000005,46.61157566]}},{"id":"31107","type":"Feature","properties":{"_pk_label":"PK 92+400","_voie":"LGV1"},"geometry":{"type":"Point","coordinates":[0.324358033000001,46.61089206999998]}},{"id":"31127","type":"Feature","properties":{"_pk_label":"PK 92+500","_voie":"LGV1"},"geometry":{"type":"Point","coordinates":[0.32350749700000087,46.61020855999999]}},{"id":"31147","type":"Feature","properties":{"_pk_label":"PK 92+600","_voie":"LGV1"},"geometry":{"type":"Point","coordinates":[0.32265698100000045,46.60952503999999]}},{"id":"31167","type":"Feature","properties":{"_pk_label":"PK 92+700","_voie":"LGV1"},"geometry":{"type":"Point","coordinates":[0.32180648600000034,46.608841520000006]}},{"id":"31187","type":"Feature","properties":{"_pk_label":"PK 92+800","_voie":"LGV1"},"geometry":{"type":"Point","coordinates":[0.3209558810000017,46.60815798]}},{"id":"31207","type":"Feature","properties":{"_pk_label":"PK 92+900","_voie":"LGV1"},"geometry":{"type":"Point","coordinates":[0.32010542800000025,46.60747445]}},{"id":"31247","type":"Feature","properties":{"_pk_label":"PK 93+100","_voie":"LGV1"},"geometry":{"type":"Point","coordinates":[0.3184045920000003,46.606107259999995]}},{"id":"31267","type":"Feature","properties":{"_pk_label":"PK 93+200","_voie":"LGV1"},"geometry":{"type":"Point","coordinates":[0.31755420600000095,46.60542371]}},{"id":"31287","type":"Feature","properties":{"_pk_label":"PK 93+300","_voie":"LGV1"},"geometry":{"type":"Point","coordinates":[0.31670383900000026,46.60474015]}},{"id":"31307","type":"Feature","properties":{"_pk_label":"PK 93+400","_voie":"LGV1"},"geometry":{"type":"Point","coordinates":[0.31585349200000057,46.60405658]}},{"id":"31327","type":"Feature","properties":{"_pk_label":"PK 93+500","_voie":"LGV1"},"geometry":{"type":"Point","coordinates":[0.3150031690000005,46.60337300000001]}},{"id":"31347","type":"Feature","properties":{"_pk_label":"PK 93+600","_voie":"LGV1"},"geometry":{"type":"Point","coordinates":[0.31415273600000077,46.60268941999999]}},{"id":"31367","type":"Feature","properties":{"_pk_label":"PK 93+700","_voie":"LGV1"},"geometry":{"type":"Point","coordinates":[0.3133024580000003,46.60200574000001]}},{"id":"31387","type":"Feature","properties":{"_pk_label":"PK 93+800","_voie":"LGV1"},"geometry":{"type":"Point","coordinates":[0.3124521970000014,46.601322149999994]}},{"id":"31407","type":"Feature","properties":{"_pk_label":"PK 93+900","_voie":"LGV1"},"geometry":{"type":"Point","coordinates":[0.31160195800000023,46.60063854999999]}},{"id":"31447","type":"Feature","properties":{"_pk_label":"PK 94+100","_voie":"LGV1"},"geometry":{"type":"Point","coordinates":[0.3099015469999999,46.59927133000001]}},{"id":"31467","type":"Feature","properties":{"_pk_label":"PK 94+200","_voie":"LGV1"},"geometry":{"type":"Point","coordinates":[0.30905137200000066,46.59858770999999]}},{"id":"31487","type":"Feature","properties":{"_pk_label":"PK 94+300","_voie":"LGV1"},"geometry":{"type":"Point","coordinates":[0.30820122200000044,46.59790399]}},{"id":"31507","type":"Feature","properties":{"_pk_label":"PK 94+400","_voie":"LGV1"},"geometry":{"type":"Point","coordinates":[0.30735096100000076,46.59722036]}},{"id":"31527","type":"Feature","properties":{"_pk_label":"PK 94+500","_voie":"LGV1"},"geometry":{"type":"Point","coordinates":[0.3065008500000002,46.59653672]}},{"id":"31547","type":"Feature","properties":{"_pk_label":"PK 94+600","_voie":"LGV1"},"geometry":{"type":"Point","coordinates":[0.30565076100000055,46.59585307]}},{"id":"31567","type":"Feature","properties":{"_pk_label":"PK 94+700","_voie":"LGV1"},"geometry":{"type":"Point","coordinates":[0.3048008250000006,46.59516941999999]}},{"id":"31587","type":"Feature","properties":{"_pk_label":"PK 94+800","_voie":"LGV1"},"geometry":{"type":"Point","coordinates":[0.3039529330000005,46.59448446]}},{"id":"31607","type":"Feature","properties":{"_pk_label":"PK 94+900","_voie":"LGV1"},"geometry":{"type":"Point","coordinates":[0.30311177799999994,46.593795869999994]}},{"id":"31648","type":"Feature","properties":{"_pk_label":"PK 95+100","_voie":"LGV1"},"geometry":{"type":"Point","coordinates":[0.30146690800000125,46.59239766]}},{"id":"31668","type":"Feature","properties":{"_pk_label":"PK 95+200","_voie":"LGV1"},"geometry":{"type":"Point","coordinates":[0.3006666750000001,46.59168632000001]}},{"id":"31688","type":"Feature","properties":{"_pk_label":"PK 95+300","_voie":"LGV1"},"geometry":{"type":"Point","coordinates":[0.2998814889999998,46.59096713000002]}},{"id":"31708","type":"Feature","properties":{"_pk_label":"PK 95+400","_voie":"LGV1"},"geometry":{"type":"Point","coordinates":[0.29911161099999933,46.59024009000001]}},{"id":"31728","type":"Feature","properties":{"_pk_label":"PK 95+500","_voie":"LGV1"},"geometry":{"type":"Point","coordinates":[0.2983572890000005,46.58950549000001]}},{"id":"31748","type":"Feature","properties":{"_pk_label":"PK 95+600","_voie":"LGV1"},"geometry":{"type":"Point","coordinates":[0.29761839199999984,46.58876332000002]}},{"id":"31768","type":"Feature","properties":{"_pk_label":"PK 95+700","_voie":"LGV1"},"geometry":{"type":"Point","coordinates":[0.2968953000000005,46.58801376]}},{"id":"31788","type":"Feature","properties":{"_pk_label":"PK 95+800","_voie":"LGV1"},"geometry":{"type":"Point","coordinates":[0.2961882669999994,46.58725711]}},{"id":"31808","type":"Feature","properties":{"_pk_label":"PK 95+900","_voie":"LGV1"},"geometry":{"type":"Point","coordinates":[0.2954968829999997,46.586493520000005]}},{"id":"31848","type":"Feature","properties":{"_pk_label":"PK 96+100","_voie":"LGV1"},"geometry":{"type":"Point","coordinates":[0.2941466280000004,46.584952310000006]}},{"id":"31868","type":"Feature","properties":{"_pk_label":"PK 96+200","_voie":"LGV1"},"geometry":{"type":"Point","coordinates":[0.29347761100000186,46.58417897000001]}},{"id":"31888","type":"Feature","properties":{"_pk_label":"PK 96+300","_voie":"LGV1"},"geometry":{"type":"Point","coordinates":[0.29280874200000007,46.58340562]}},{"id":"31908","type":"Feature","properties":{"_pk_label":"PK 96+400","_voie":"LGV1"},"geometry":{"type":"Point","coordinates":[0.2921398940000014,46.58263226999999]}},{"id":"31928","type":"Feature","properties":{"_pk_label":"PK 96+500","_voie":"LGV1"},"geometry":{"type":"Point","coordinates":[0.2914709389999996,46.58185882000002]}},{"id":"31948","type":"Feature","properties":{"_pk_label":"PK 96+600","_voie":"LGV1"},"geometry":{"type":"Point","coordinates":[0.2908021280000006,46.58108546000002]}},{"id":"31968","type":"Feature","properties":{"_pk_label":"PK 96+700","_voie":"LGV1"},"geometry":{"type":"Point","coordinates":[0.2901318719999991,46.58031261000001]}},{"id":"31988","type":"Feature","properties":{"_pk_label":"PK 96+800","_voie":"LGV1"},"geometry":{"type":"Point","coordinates":[0.2894559060000014,46.57954204]}},{"id":"32008","type":"Feature","properties":{"_pk_label":"PK 96+900","_voie":"LGV1"},"geometry":{"type":"Point","coordinates":[0.2887731470000004,46.57877438000002]}},{"id":"32048","type":"Feature","properties":{"_pk_label":"PK 97+100","_voie":"LGV1"},"geometry":{"type":"Point","coordinates":[0.2873866000000015,46.57724798999999]}},{"id":"32068","type":"Feature","properties":{"_pk_label":"PK 97+200","_voie":"LGV1"},"geometry":{"type":"Point","coordinates":[0.28668307200000087,46.576489280000004]}},{"id":"32088","type":"Feature","properties":{"_pk_label":"PK 97+300","_voie":"LGV1"},"geometry":{"type":"Point","coordinates":[0.2859726170000004,46.575733639999996]}},{"id":"32108","type":"Feature","properties":{"_pk_label":"PK 97+400","_voie":"LGV1"},"geometry":{"type":"Point","coordinates":[0.285255367000001,46.57498099]}},{"id":"32128","type":"Feature","properties":{"_pk_label":"PK 97+500","_voie":"LGV1"},"geometry":{"type":"Point","coordinates":[0.28453144400000036,46.57423151]}},{"id":"32148","type":"Feature","properties":{"_pk_label":"PK 97+600","_voie":"LGV1"},"geometry":{"type":"Point","coordinates":[0.28380059400000024,46.57348518999999]}},{"id":"32168","type":"Feature","properties":{"_pk_label":"PK 97+700","_voie":"LGV1"},"geometry":{"type":"Point","coordinates":[0.2830632060000004,46.57274195999999]}},{"id":"32188","type":"Feature","properties":{"_pk_label":"PK 97+800","_voie":"LGV1"},"geometry":{"type":"Point","coordinates":[0.28231901100000034,46.572001979999996]}},{"id":"32208","type":"Feature","properties":{"_pk_label":"PK 97+900","_voie":"LGV1"},"geometry":{"type":"Point","coordinates":[0.2815681530000004,46.571265079999996]}},{"id":"32248","type":"Feature","properties":{"_pk_label":"PK 98+100","_voie":"LGV1"},"geometry":{"type":"Point","coordinates":[0.28005629400000004,46.56979671]}},{"id":"32268","type":"Feature","properties":{"_pk_label":"PK 98+200","_voie":"LGV1"},"geometry":{"type":"Point","coordinates":[0.27930012200000126,46.56906272999999]}},{"id":"32288","type":"Feature","properties":{"_pk_label":"PK 98+300","_voie":"LGV1"},"geometry":{"type":"Point","coordinates":[0.2785438470000005,46.56832866000002]}},{"id":"32308","type":"Feature","properties":{"_pk_label":"PK 98+400","_voie":"LGV1"},"geometry":{"type":"Point","coordinates":[0.27778758600000036,46.56759467]}},{"id":"32328","type":"Feature","properties":{"_pk_label":"PK 98+500","_voie":"LGV1"},"geometry":{"type":"Point","coordinates":[0.27703134400000096,46.56686067]}},{"id":"32348","type":"Feature","properties":{"_pk_label":"PK 98+600","_voie":"LGV1"},"geometry":{"type":"Point","coordinates":[0.2762752560000003,46.56612666999999]}},{"id":"32368","type":"Feature","properties":{"_pk_label":"PK 98+700","_voie":"LGV1"},"geometry":{"type":"Point","coordinates":[0.2755190560000003,46.565392669999994]}},{"id":"32388","type":"Feature","properties":{"_pk_label":"PK 98+800","_voie":"LGV1"},"geometry":{"type":"Point","coordinates":[0.27476288100000096,46.56465856999999]}},{"id":"32408","type":"Feature","properties":{"_pk_label":"PK 98+900","_voie":"LGV1"},"geometry":{"type":"Point","coordinates":[0.27400672199999987,46.56392455000002]}},{"id":"32448","type":"Feature","properties":{"_pk_label":"PK 99+100","_voie":"LGV1"},"geometry":{"type":"Point","coordinates":[0.27249459700000034,46.56245651]}},{"id":"32468","type":"Feature","properties":{"_pk_label":"PK 99+200","_voie":"LGV1"},"geometry":{"type":"Point","coordinates":[0.27173850000000077,46.561722479999986]}},{"id":"32488","type":"Feature","properties":{"_pk_label":"PK 99+300","_voie":"LGV1"},"geometry":{"type":"Point","coordinates":[0.27098242799999983,46.56098835]}},{"id":"32508","type":"Feature","properties":{"_pk_label":"PK 99+400","_voie":"LGV1"},"geometry":{"type":"Point","coordinates":[0.270226500000001,46.56025431]}},{"id":"32528","type":"Feature","properties":{"_pk_label":"PK 99+500","_voie":"LGV1"},"geometry":{"type":"Point","coordinates":[0.26947046399999997,46.55952027]}},{"id":"32548","type":"Feature","properties":{"_pk_label":"PK 99+600","_voie":"LGV1"},"geometry":{"type":"Point","coordinates":[0.26871444700000047,46.55878622]}},{"id":"32568","type":"Feature","properties":{"_pk_label":"PK 99+700","_voie":"LGV1"},"geometry":{"type":"Point","coordinates":[0.2679584560000006,46.55805207]}},{"id":"32588","type":"Feature","properties":{"_pk_label":"PK 99+800","_voie":"LGV1"},"geometry":{"type":"Point","coordinates":[0.26720261100000003,46.557318009999996]}},{"id":"32608","type":"Feature","properties":{"_pk_label":"PK 99+900","_voie":"LGV1"},"geometry":{"type":"Point","coordinates":[0.2664466560000001,46.55658394]}},{"id":"32648","type":"Feature","properties":{"_pk_label":"PK 100+100","_voie":"LGV1"},"geometry":{"type":"Point","coordinates":[0.26493480800000024,46.555115799999996]}},{"id":"32668","type":"Feature","properties":{"_pk_label":"PK 100+200","_voie":"LGV1"},"geometry":{"type":"Point","coordinates":[0.26417905000000147,46.55438163]}},{"id":"32688","type":"Feature","properties":{"_pk_label":"PK 100+300","_voie":"LGV1"},"geometry":{"type":"Point","coordinates":[0.26342317500000045,46.55364753999999]}},{"id":"32708","type":"Feature","properties":{"_pk_label":"PK 100+400","_voie":"LGV1"},"geometry":{"type":"Point","coordinates":[0.2626673220000003,46.55291345]}},{"id":"32728","type":"Feature","properties":{"_pk_label":"PK 100+500","_voie":"LGV1"},"geometry":{"type":"Point","coordinates":[0.26191148899999955,46.552179349999996]}},{"id":"32748","type":"Feature","properties":{"_pk_label":"PK 100+600","_voie":"LGV1"},"geometry":{"type":"Point","coordinates":[0.2611558080000003,46.55144525]}},{"id":"32768","type":"Feature","properties":{"_pk_label":"PK 100+700","_voie":"LGV1"},"geometry":{"type":"Point","coordinates":[0.2604000190000013,46.55071106000002]}},{"id":"32788","type":"Feature","properties":{"_pk_label":"PK 100+800","_voie":"LGV1"},"geometry":{"type":"Point","coordinates":[0.25964424699999955,46.54997694]}},{"id":"32808","type":"Feature","properties":{"_pk_label":"PK 100+900","_voie":"LGV1"},"geometry":{"type":"Point","coordinates":[0.2588884970000002,46.549242829999976]}},{"id":"32848","type":"Feature","properties":{"_pk_label":"PK 101+100","_voie":"LGV1"},"geometry":{"type":"Point","coordinates":[0.2573771860000004,46.547774579999995]}},{"id":"32868","type":"Feature","properties":{"_pk_label":"PK 101+200","_voie":"LGV1"},"geometry":{"type":"Point","coordinates":[0.2566216309999987,46.54704035999999]}},{"id":"32888","type":"Feature","properties":{"_pk_label":"PK 101+300","_voie":"LGV1"},"geometry":{"type":"Point","coordinates":[0.2558686329999999,46.546305030000006]}},{"id":"32908","type":"Feature","properties":{"_pk_label":"PK 101+400","_voie":"LGV1"},"geometry":{"type":"Point","coordinates":[0.2551230170000009,46.545566169999994]}},{"id":"32928","type":"Feature","properties":{"_pk_label":"PK 101+500","_voie":"LGV1"},"geometry":{"type":"Point","coordinates":[0.2543898470000012,46.54482165999998]}},{"id":"32948","type":"Feature","properties":{"_pk_label":"PK 101+600","_voie":"LGV1"},"geometry":{"type":"Point","coordinates":[0.25367100599999937,46.544070460000015]}},{"id":"32968","type":"Feature","properties":{"_pk_label":"PK 101+700","_voie":"LGV1"},"geometry":{"type":"Point","coordinates":[0.25296675300000115,46.54331267]}},{"id":"32988","type":"Feature","properties":{"_pk_label":"PK 101+800","_voie":"LGV1"},"geometry":{"type":"Point","coordinates":[0.25227733099999994,46.54254855999999]}},{"id":"33008","type":"Feature","properties":{"_pk_label":"PK 101+900","_voie":"LGV1"},"geometry":{"type":"Point","coordinates":[0.2516026110000001,46.541778040000004]}},{"id":"33048","type":"Feature","properties":{"_pk_label":"PK 102+100","_voie":"LGV1"},"geometry":{"type":"Point","coordinates":[0.2502984139999998,46.54021889000003]}},{"id":"33068","type":"Feature","properties":{"_pk_label":"PK 102+200","_voie":"LGV1"},"geometry":{"type":"Point","coordinates":[0.24966892199999985,46.53943044000001]}},{"id":"33088","type":"Feature","properties":{"_pk_label":"PK 102+300","_voie":"LGV1"},"geometry":{"type":"Point","coordinates":[0.24905488299999998,46.53863622]}},{"id":"33108","type":"Feature","properties":{"_pk_label":"PK 102+400","_voie":"LGV1"},"geometry":{"type":"Point","coordinates":[0.24845616100000045,46.537836429999984]}},{"id":"33128","type":"Feature","properties":{"_pk_label":"PK 102+500","_voie":"LGV1"},"geometry":{"type":"Point","coordinates":[0.24787300600000067,46.53703123999999]}},{"id":"33148","type":"Feature","properties":{"_pk_label":"PK 102+600","_voie":"LGV1"},"geometry":{"type":"Point","coordinates":[0.2473055390000012,46.53622074000001]}},{"id":"33168","type":"Feature","properties":{"_pk_label":"PK 102+700","_voie":"LGV1"},"geometry":{"type":"Point","coordinates":[0.24675375600000052,46.53540512999999]}},{"id":"33188","type":"Feature","properties":{"_pk_label":"PK 102+800","_voie":"LGV1"},"geometry":{"type":"Point","coordinates":[0.24621778300000044,46.53458440000001]}},{"id":"33208","type":"Feature","properties":{"_pk_label":"PK 102+900","_voie":"LGV1"},"geometry":{"type":"Point","coordinates":[0.24569773300000047,46.53375891000002]}},{"id":"33248","type":"Feature","properties":{"_pk_label":"PK 103+100","_voie":"LGV1"},"geometry":{"type":"Point","coordinates":[0.244703936,46.53209426000001]}},{"id":"33268","type":"Feature","properties":{"_pk_label":"PK 103+200","_voie":"LGV1"},"geometry":{"type":"Point","coordinates":[0.24422342500000122,46.531257199999985]}},{"id":"33288","type":"Feature","properties":{"_pk_label":"PK 103+300","_voie":"LGV1"},"geometry":{"type":"Point","coordinates":[0.24374649999999923,46.53041913000001]}},{"id":"33308","type":"Feature","properties":{"_pk_label":"PK 103+400","_voie":"LGV1"},"geometry":{"type":"Point","coordinates":[0.24326972800000052,46.52958098]}},{"id":"33328","type":"Feature","properties":{"_pk_label":"PK 103+500","_voie":"LGV1"},"geometry":{"type":"Point","coordinates":[0.24279310300000004,46.52874274000001]}},{"id":"33348","type":"Feature","properties":{"_pk_label":"PK 103+600","_voie":"LGV1"},"geometry":{"type":"Point","coordinates":[0.24231635799999995,46.52790458]}},{"id":"33368","type":"Feature","properties":{"_pk_label":"PK 103+700","_voie":"LGV1"},"geometry":{"type":"Point","coordinates":[0.24183976400000085,46.52706632999998]}},{"id":"33388","type":"Feature","properties":{"_pk_label":"PK 103+800","_voie":"LGV1"},"geometry":{"type":"Point","coordinates":[0.24136318100000057,46.52622816999998]}},{"id":"33408","type":"Feature","properties":{"_pk_label":"PK 103+900","_voie":"LGV1"},"geometry":{"type":"Point","coordinates":[0.24088648100000049,46.52539000999999]}},{"id":"33448","type":"Feature","properties":{"_pk_label":"PK 104+100","_voie":"LGV1"},"geometry":{"type":"Point","coordinates":[0.23993325800000054,46.52371359]}},{"id":"33468","type":"Feature","properties":{"_pk_label":"PK 104+200","_voie":"LGV1"},"geometry":{"type":"Point","coordinates":[0.23945673599999961,46.52287532999999]}},{"id":"33488","type":"Feature","properties":{"_pk_label":"PK 104+300","_voie":"LGV1"},"geometry":{"type":"Point","coordinates":[0.23898022500000077,46.52203716]}},{"id":"33508","type":"Feature","properties":{"_pk_label":"PK 104+400","_voie":"LGV1"},"geometry":{"type":"Point","coordinates":[0.23850360300000004,46.521198889999994]}},{"id":"33528","type":"Feature","properties":{"_pk_label":"PK 104+500","_voie":"LGV1"},"geometry":{"type":"Point","coordinates":[0.23802712200000117,46.52036071999999]}},{"id":"33548","type":"Feature","properties":{"_pk_label":"PK 104+600","_voie":"LGV1"},"geometry":{"type":"Point","coordinates":[0.23755065300000014,46.51952253999999]}},{"id":"33568","type":"Feature","properties":{"_pk_label":"PK 104+700","_voie":"LGV1"},"geometry":{"type":"Point","coordinates":[0.2370740750000004,46.518684279999995]}},{"id":"33588","type":"Feature","properties":{"_pk_label":"PK 104+800","_voie":"LGV1"},"geometry":{"type":"Point","coordinates":[0.23659763900000072,46.51784609000001]}},{"id":"33608","type":"Feature","properties":{"_pk_label":"PK 104+900","_voie":"LGV1"},"geometry":{"type":"Point","coordinates":[0.236121089000001,46.51700782]}},{"id":"33648","type":"Feature","properties":{"_pk_label":"PK 105+100","_voie":"LGV1"},"geometry":{"type":"Point","coordinates":[0.23516829200000083,46.51533136]}},{"id":"33668","type":"Feature","properties":{"_pk_label":"PK 105+200","_voie":"LGV1"},"geometry":{"type":"Point","coordinates":[0.2346917810000004,46.51449317]}},{"id":"33688","type":"Feature","properties":{"_pk_label":"PK 105+300","_voie":"LGV1"},"geometry":{"type":"Point","coordinates":[0.23421541700000134,46.513654980000005]}},{"id":"33708","type":"Feature","properties":{"_pk_label":"PK 105+400","_voie":"LGV1"},"geometry":{"type":"Point","coordinates":[0.23373893899999945,46.512816690000015]}},{"id":"33728","type":"Feature","properties":{"_pk_label":"PK 105+500","_voie":"LGV1"},"geometry":{"type":"Point","coordinates":[0.23326260600000018,46.51197848999999]}},{"id":"33748","type":"Feature","properties":{"_pk_label":"PK 105+600","_voie":"LGV1"},"geometry":{"type":"Point","coordinates":[0.23278628900000145,46.51114020999999]}},{"id":"33768","type":"Feature","properties":{"_pk_label":"PK 105+700","_voie":"LGV1"},"geometry":{"type":"Point","coordinates":[0.2323098529999994,46.51030201]}},{"id":"33788","type":"Feature","properties":{"_pk_label":"PK 105+800","_voie":"LGV1"},"geometry":{"type":"Point","coordinates":[0.23183356100000055,46.50946381]}},{"id":"33808","type":"Feature","properties":{"_pk_label":"PK 105+900","_voie":"LGV1"},"geometry":{"type":"Point","coordinates":[0.23135715800000103,46.508625509999995]}},{"id":"33848","type":"Feature","properties":{"_pk_label":"PK 106+100","_voie":"LGV1"},"geometry":{"type":"Point","coordinates":[0.2304046530000005,46.50694901000001]}},{"id":"33868","type":"Feature","properties":{"_pk_label":"PK 106+200","_voie":"LGV1"},"geometry":{"type":"Point","coordinates":[0.22992828900000065,46.50611079000001]}},{"id":"33888","type":"Feature","properties":{"_pk_label":"PK 106+300","_voie":"LGV1"},"geometry":{"type":"Point","coordinates":[0.22945207500000114,46.50527249000001]}},{"id":"33908","type":"Feature","properties":{"_pk_label":"PK 106+400","_voie":"LGV1"},"geometry":{"type":"Point","coordinates":[0.22897574200000068,46.504434280000005]}},{"id":"33928","type":"Feature","properties":{"_pk_label":"PK 106+500","_voie":"LGV1"},"geometry":{"type":"Point","coordinates":[0.2284995530000014,46.50359606]}},{"id":"33948","type":"Feature","properties":{"_pk_label":"PK 106+600","_voie":"LGV1"},"geometry":{"type":"Point","coordinates":[0.22802338300000013,46.502757749999994]}},{"id":"33968","type":"Feature","properties":{"_pk_label":"PK 106+700","_voie":"LGV1"},"geometry":{"type":"Point","coordinates":[0.22754709400000064,46.50191953000001]}},{"id":"33988","type":"Feature","properties":{"_pk_label":"PK 106+800","_voie":"LGV1"},"geometry":{"type":"Point","coordinates":[0.22707095299999996,46.501081219999996]}},{"id":"34008","type":"Feature","properties":{"_pk_label":"PK 106+900","_voie":"LGV1"},"geometry":{"type":"Point","coordinates":[0.22659482200000072,46.50024298999999]}},{"id":"34048","type":"Feature","properties":{"_pk_label":"PK 107+100","_voie":"LGV1"},"geometry":{"type":"Point","coordinates":[0.22564248100000076,46.498566439999976]}},{"id":"34068","type":"Feature","properties":{"_pk_label":"PK 107+200","_voie":"LGV1"},"geometry":{"type":"Point","coordinates":[0.2251662640000007,46.497728209999984]}},{"id":"34088","type":"Feature","properties":{"_pk_label":"PK 107+300","_voie":"LGV1"},"geometry":{"type":"Point","coordinates":[0.224690197000001,46.496889890000006]}},{"id":"34108","type":"Feature","properties":{"_pk_label":"PK 107+400","_voie":"LGV1"},"geometry":{"type":"Point","coordinates":[0.22421413900000017,46.496051650000005]}},{"id":"34128","type":"Feature","properties":{"_pk_label":"PK 107+500","_voie":"LGV1"},"geometry":{"type":"Point","coordinates":[0.22373796900000087,46.49521331999999]}},{"id":"34148","type":"Feature","properties":{"_pk_label":"PK 107+600","_voie":"LGV1"},"geometry":{"type":"Point","coordinates":[0.22326194199999982,46.49437508]}},{"id":"34168","type":"Feature","properties":{"_pk_label":"PK 107+700","_voie":"LGV1"},"geometry":{"type":"Point","coordinates":[0.22278579999999937,46.49353684000001]}},{"id":"34188","type":"Feature","properties":{"_pk_label":"PK 107+800","_voie":"LGV1"},"geometry":{"type":"Point","coordinates":[0.22230980600000047,46.49269850999999]}},{"id":"34208","type":"Feature","properties":{"_pk_label":"PK 107+900","_voie":"LGV1"},"geometry":{"type":"Point","coordinates":[0.22183381900000046,46.49186026000002]}},{"id":"34248","type":"Feature","properties":{"_pk_label":"PK 108+100","_voie":"LGV1"},"geometry":{"type":"Point","coordinates":[0.2208817720000009,46.490183669999986]}},{"id":"34268","type":"Feature","properties":{"_pk_label":"PK 108+200","_voie":"LGV1"},"geometry":{"type":"Point","coordinates":[0.22040570000000145,46.48934542000001]}},{"id":"34288","type":"Feature","properties":{"_pk_label":"PK 108+300","_voie":"LGV1"},"geometry":{"type":"Point","coordinates":[0.21992978100000132,46.488507070000004]}},{"id":"34308","type":"Feature","properties":{"_pk_label":"PK 108+400","_voie":"LGV1"},"geometry":{"type":"Point","coordinates":[0.21945386899999975,46.48766882]}},{"id":"34328","type":"Feature","properties":{"_pk_label":"PK 108+500","_voie":"LGV1"},"geometry":{"type":"Point","coordinates":[0.21897784700000003,46.48683047]}},{"id":"34348","type":"Feature","properties":{"_pk_label":"PK 108+600","_voie":"LGV1"},"geometry":{"type":"Point","coordinates":[0.2185019640000006,46.485992209999985]}},{"id":"34368","type":"Feature","properties":{"_pk_label":"PK 108+700","_voie":"LGV1"},"geometry":{"type":"Point","coordinates":[0.21802597200000048,46.485153849999996]}},{"id":"34389","type":"Feature","properties":{"_pk_label":"PK 108+800","_voie":"LGV1"},"geometry":{"type":"Point","coordinates":[0.21755078100000044,46.48431542]}},{"id":"34409","type":"Feature","properties":{"_pk_label":"PK 108+900","_voie":"LGV1"},"geometry":{"type":"Point","coordinates":[0.21708088900000044,46.483475679999984]}},{"id":"34449","type":"Feature","properties":{"_pk_label":"PK 109+100","_voie":"LGV1"},"geometry":{"type":"Point","coordinates":[0.2161739280000015,46.481787709999985]}},{"id":"34469","type":"Feature","properties":{"_pk_label":"PK 109+200","_voie":"LGV1"},"geometry":{"type":"Point","coordinates":[0.2157388310000009,46.48093916]}},{"id":"34489","type":"Feature","properties":{"_pk_label":"PK 109+300","_voie":"LGV1"},"geometry":{"type":"Point","coordinates":[0.21531616100000125,46.48008759]}},{"id":"34509","type":"Feature","properties":{"_pk_label":"PK 109+400","_voie":"LGV1"},"geometry":{"type":"Point","coordinates":[0.21490578100000096,46.47923315000001]}},{"id":"34529","type":"Feature","properties":{"_pk_label":"PK 109+500","_voie":"LGV1"},"geometry":{"type":"Point","coordinates":[0.21450768900000092,46.478375860000014]}},{"id":"34549","type":"Feature","properties":{"_pk_label":"PK 109+600","_voie":"LGV1"},"geometry":{"type":"Point","coordinates":[0.21412213600000024,46.47751591]}},{"id":"34569","type":"Feature","properties":{"_pk_label":"PK 109+700","_voie":"LGV1"},"geometry":{"type":"Point","coordinates":[0.21374911700000085,46.476653369999994]}},{"id":"34589","type":"Feature","properties":{"_pk_label":"PK 109+800","_voie":"LGV1"},"geometry":{"type":"Point","coordinates":[0.21338863300000088,46.47578826]}},{"id":"34609","type":"Feature","properties":{"_pk_label":"PK 109+900","_voie":"LGV1"},"geometry":{"type":"Point","coordinates":[0.21304053899999978,46.47492074]}},{"id":"34649","type":"Feature","properties":{"_pk_label":"PK 110+100","_voie":"LGV1"},"geometry":{"type":"Point","coordinates":[0.21238231099999963,46.47317859999998]}},{"id":"34669","type":"Feature","properties":{"_pk_label":"PK 110+200","_voie":"LGV1"},"geometry":{"type":"Point","coordinates":[0.21207215800000148,46.47230426]}},{"id":"34689","type":"Feature","properties":{"_pk_label":"PK 110+300","_voie":"LGV1"},"geometry":{"type":"Point","coordinates":[0.21177477200000042,46.471427789999986]}},{"id":"34709","type":"Feature","properties":{"_pk_label":"PK 110+400","_voie":"LGV1"},"geometry":{"type":"Point","coordinates":[0.21149002199999964,46.47054929]}},{"id":"34729","type":"Feature","properties":{"_pk_label":"PK 110+500","_voie":"LGV1"},"geometry":{"type":"Point","coordinates":[0.2112180280000003,46.46966884]}},{"id":"34749","type":"Feature","properties":{"_pk_label":"PK 110+600","_voie":"LGV1"},"geometry":{"type":"Point","coordinates":[0.2109587810000007,46.46878662999999]}},{"id":"34769","type":"Feature","properties":{"_pk_label":"PK 110+700","_voie":"LGV1"},"geometry":{"type":"Point","coordinates":[0.2107122810000017,46.46790266]}},{"id":"34789","type":"Feature","properties":{"_pk_label":"PK 110+800","_voie":"LGV1"},"geometry":{"type":"Point","coordinates":[0.21047865600000068,46.46701703]}},{"id":"34809","type":"Feature","properties":{"_pk_label":"PK 110+900","_voie":"LGV1"},"geometry":{"type":"Point","coordinates":[0.21025776700000098,46.46612980999999]}},{"id":"34849","type":"Feature","properties":{"_pk_label":"PK 111+100","_voie":"LGV1"},"geometry":{"type":"Point","coordinates":[0.20985469700000114,46.46435099]}},{"id":"34869","type":"Feature","properties":{"_pk_label":"PK 111+200","_voie":"LGV1"},"geometry":{"type":"Point","coordinates":[0.20967263600000136,46.46345958999999]}},{"id":"34889","type":"Feature","properties":{"_pk_label":"PK 111+300","_voie":"LGV1"},"geometry":{"type":"Point","coordinates":[0.20950329400000128,46.46256696]}},{"id":"34909","type":"Feature","properties":{"_pk_label":"PK 111+400","_voie":"LGV1"},"geometry":{"type":"Point","coordinates":[0.20934692199999977,46.46167320000002]}},{"id":"34929","type":"Feature","properties":{"_pk_label":"PK 111+500","_voie":"LGV1"},"geometry":{"type":"Point","coordinates":[0.20920364700000083,46.46077841000002]}},{"id":"34949","type":"Feature","properties":{"_pk_label":"PK 111+600","_voie":"LGV1"},"geometry":{"type":"Point","coordinates":[0.20907319999999996,46.459882680000014]}},{"id":"34969","type":"Feature","properties":{"_pk_label":"PK 111+700","_voie":"LGV1"},"geometry":{"type":"Point","coordinates":[0.20895571100000096,46.458986079999995]}},{"id":"34989","type":"Feature","properties":{"_pk_label":"PK 111+800","_voie":"LGV1"},"geometry":{"type":"Point","coordinates":[0.2088511720000004,46.45808873]}},{"id":"35009","type":"Feature","properties":{"_pk_label":"PK 111+900","_voie":"LGV1"},"geometry":{"type":"Point","coordinates":[0.20875970800000068,46.45719069999999]}},{"id":"35049","type":"Feature","properties":{"_pk_label":"PK 112+100","_voie":"LGV1"},"geometry":{"type":"Point","coordinates":[0.20861572200000084,46.45539298]}},{"id":"35069","type":"Feature","properties":{"_pk_label":"PK 112+200","_voie":"LGV1"},"geometry":{"type":"Point","coordinates":[0.20856332199999944,46.45449346999999]}},{"id":"35089","type":"Feature","properties":{"_pk_label":"PK 112+300","_voie":"LGV1"},"geometry":{"type":"Point","coordinates":[0.20852384699999976,46.45359365000001]}},{"id":"35110","type":"Feature","properties":{"_pk_label":"PK 112+400","_voie":"LGV1"},"geometry":{"type":"Point","coordinates":[0.20849741900000135,46.45269361]}},{"id":"35130","type":"Feature","properties":{"_pk_label":"PK 112+500","_voie":"LGV1"},"geometry":{"type":"Point","coordinates":[0.20848182799999912,46.45179329000001]}},{"id":"35150","type":"Feature","properties":{"_pk_label":"PK 112+600","_voie":"LGV1"},"geometry":{"type":"Point","coordinates":[0.2084713250000004,46.45089290999999]}},{"id":"35170","type":"Feature","properties":{"_pk_label":"PK 112+700","_voie":"LGV1"},"geometry":{"type":"Point","coordinates":[0.20846147500000056,46.44999245999998]}},{"id":"35190","type":"Feature","properties":{"_pk_label":"PK 112+800","_voie":"LGV1"},"geometry":{"type":"Point","coordinates":[0.20845149200000035,46.44909210000001]}},{"id":"35210","type":"Feature","properties":{"_pk_label":"PK 112+900","_voie":"LGV1"},"geometry":{"type":"Point","coordinates":[0.2084416440000009,46.44819165000001]}},{"id":"35250","type":"Feature","properties":{"_pk_label":"PK 113+100","_voie":"LGV1"},"geometry":{"type":"Point","coordinates":[0.20842181900000037,46.44639073999999]}},{"id":"35270","type":"Feature","properties":{"_pk_label":"PK 113+200","_voie":"LGV1"},"geometry":{"type":"Point","coordinates":[0.20841197200000108,46.44549028999999]}},{"id":"35290","type":"Feature","properties":{"_pk_label":"PK 113+300","_voie":"LGV1"},"geometry":{"type":"Point","coordinates":[0.20840212200000047,46.44458993]}},{"id":"35310","type":"Feature","properties":{"_pk_label":"PK 113+400","_voie":"LGV1"},"geometry":{"type":"Point","coordinates":[0.20839214400000078,46.443689479999975]}},{"id":"35330","type":"Feature","properties":{"_pk_label":"PK 113+500","_voie":"LGV1"},"geometry":{"type":"Point","coordinates":[0.20838230000000127,46.44278903000001]}},{"id":"35350","type":"Feature","properties":{"_pk_label":"PK 113+600","_voie":"LGV1"},"geometry":{"type":"Point","coordinates":[0.208372453,46.441888580000004]}},{"id":"35370","type":"Feature","properties":{"_pk_label":"PK 113+700","_voie":"LGV1"},"geometry":{"type":"Point","coordinates":[0.20836247199999977,46.44098821]}},{"id":"35390","type":"Feature","properties":{"_pk_label":"PK 113+800","_voie":"LGV1"},"geometry":{"type":"Point","coordinates":[0.20835262800000146,46.44008776000001]}},{"id":"35410","type":"Feature","properties":{"_pk_label":"PK 113+900","_voie":"LGV1"},"geometry":{"type":"Point","coordinates":[0.20834265300000113,46.43918731]}},{"id":"35450","type":"Feature","properties":{"_pk_label":"PK 114+100","_voie":"LGV1"},"geometry":{"type":"Point","coordinates":[0.20832101400000091,46.437386360000005]}},{"id":"35470","type":"Feature","properties":{"_pk_label":"PK 114+200","_voie":"LGV1"},"geometry":{"type":"Point","coordinates":[0.20830178900000057,46.43648585999998]}},{"id":"35490","type":"Feature","properties":{"_pk_label":"PK 114+300","_voie":"LGV1"},"geometry":{"type":"Point","coordinates":[0.20827030600000163,46.43558551]}},{"id":"35510","type":"Feature","properties":{"_pk_label":"PK 114+400","_voie":"LGV1"},"geometry":{"type":"Point","coordinates":[0.2082259169999997,46.43468529000001]}},{"id":"35530","type":"Feature","properties":{"_pk_label":"PK 114+500","_voie":"LGV1"},"geometry":{"type":"Point","coordinates":[0.20816834199999978,46.433785560000004]}},{"id":"35550","type":"Feature","properties":{"_pk_label":"PK 114+600","_voie":"LGV1"},"geometry":{"type":"Point","coordinates":[0.20809784400000048,46.43288624000001]}},{"id":"35570","type":"Feature","properties":{"_pk_label":"PK 114+700","_voie":"LGV1"},"geometry":{"type":"Point","coordinates":[0.20801429699999996,46.43198740999999]}},{"id":"35590","type":"Feature","properties":{"_pk_label":"PK 114+800","_voie":"LGV1"},"geometry":{"type":"Point","coordinates":[0.2079178140000008,46.43108924999999]}},{"id":"35610","type":"Feature","properties":{"_pk_label":"PK 114+900","_voie":"LGV1"},"geometry":{"type":"Point","coordinates":[0.20780826900000043,46.43019177]}},{"id":"35650","type":"Feature","properties":{"_pk_label":"PK 115+100","_voie":"LGV1"},"geometry":{"type":"Point","coordinates":[0.20755049200000003,46.42839927]}},{"id":"35670","type":"Feature","properties":{"_pk_label":"PK 115+200","_voie":"LGV1"},"geometry":{"type":"Point","coordinates":[0.20740211900000052,46.42750453000001]}},{"id":"35690","type":"Feature","properties":{"_pk_label":"PK 115+300","_voie":"LGV1"},"geometry":{"type":"Point","coordinates":[0.20724079700000084,46.42661082000001]}},{"id":"35710","type":"Feature","properties":{"_pk_label":"PK 115+400","_voie":"LGV1"},"geometry":{"type":"Point","coordinates":[0.20706652200000097,46.42571823999999]}},{"id":"35730","type":"Feature","properties":{"_pk_label":"PK 115+500","_voie":"LGV1"},"geometry":{"type":"Point","coordinates":[0.20687942500000056,46.424826870000004]}},{"id":"35750","type":"Feature","properties":{"_pk_label":"PK 115+600","_voie":"LGV1"},"geometry":{"type":"Point","coordinates":[0.20667948900000047,46.4239369]}},{"id":"35770","type":"Feature","properties":{"_pk_label":"PK 115+700","_voie":"LGV1"},"geometry":{"type":"Point","coordinates":[0.20646672200000013,46.42304832999999]}},{"id":"35790","type":"Feature","properties":{"_pk_label":"PK 115+800","_voie":"LGV1"},"geometry":{"type":"Point","coordinates":[0.20624098100000135,46.42216133]}},{"id":"35810","type":"Feature","properties":{"_pk_label":"PK 115+900","_voie":"LGV1"},"geometry":{"type":"Point","coordinates":[0.20600253100000065,46.42127591999999]}},{"id":"35850","type":"Feature","properties":{"_pk_label":"PK 116+100","_voie":"LGV1"},"geometry":{"type":"Point","coordinates":[0.20548734400000146,46.41951018000001]}},{"id":"35870","type":"Feature","properties":{"_pk_label":"PK 116+200","_voie":"LGV1"},"geometry":{"type":"Point","coordinates":[0.2052106000000008,46.41863013]}},{"id":"35890","type":"Feature","properties":{"_pk_label":"PK 116+300","_voie":"LGV1"},"geometry":{"type":"Point","coordinates":[0.2049211309999997,46.417751929999994]}},{"id":"35910","type":"Feature","properties":{"_pk_label":"PK 116+400","_voie":"LGV1"},"geometry":{"type":"Point","coordinates":[0.2046190560000011,46.41687585]}},{"id":"35930","type":"Feature","properties":{"_pk_label":"PK 116+500","_voie":"LGV1"},"geometry":{"type":"Point","coordinates":[0.20430424700000038,46.416001890000004]}},{"id":"35950","type":"Feature","properties":{"_pk_label":"PK 116+600","_voie":"LGV1"},"geometry":{"type":"Point","coordinates":[0.2039769560000001,46.41513014999999]}},{"id":"35970","type":"Feature","properties":{"_pk_label":"PK 116+700","_voie":"LGV1"},"geometry":{"type":"Point","coordinates":[0.20363705299999998,46.41426071000001]}},{"id":"35990","type":"Feature","properties":{"_pk_label":"PK 116+800","_voie":"LGV1"},"geometry":{"type":"Point","coordinates":[0.20328452500000047,46.413393750000004]}},{"id":"36010","type":"Feature","properties":{"_pk_label":"PK 116+900","_voie":"LGV1"},"geometry":{"type":"Point","coordinates":[0.20291951400000116,46.412529189999994]}},{"id":"36050","type":"Feature","properties":{"_pk_label":"PK 117+100","_voie":"LGV1"},"geometry":{"type":"Point","coordinates":[0.20215226099999956,46.4108078]}},{"id":"36071","type":"Feature","properties":{"_pk_label":"PK 117+200","_voie":"LGV1"},"geometry":{"type":"Point","coordinates":[0.20175014200000055,46.40995114999998]}},{"id":"36091","type":"Feature","properties":{"_pk_label":"PK 117+300","_voie":"LGV1"},"geometry":{"type":"Point","coordinates":[0.20133933100000034,46.40909662999998]}},{"id":"36111","type":"Feature","properties":{"_pk_label":"PK 117+400","_voie":"LGV1"},"geometry":{"type":"Point","coordinates":[0.20092536400000113,46.40824294]}},{"id":"36131","type":"Feature","properties":{"_pk_label":"PK 117+500","_voie":"LGV1"},"geometry":{"type":"Point","coordinates":[0.2005111499999999,46.407389230000014]}},{"id":"36151","type":"Feature","properties":{"_pk_label":"PK 117+600","_voie":"LGV1"},"geometry":{"type":"Point","coordinates":[0.2000970780000011,46.406535529999985]}},{"id":"36171","type":"Feature","properties":{"_pk_label":"PK 117+700","_voie":"LGV1"},"geometry":{"type":"Point","coordinates":[0.19968301900000035,46.40568182]}},{"id":"36191","type":"Feature","properties":{"_pk_label":"PK 117+800","_voie":"LGV1"},"geometry":{"type":"Point","coordinates":[0.19926883900000023,46.40482819999998]}},{"id":"36211","type":"Feature","properties":{"_pk_label":"PK 117+900","_voie":"LGV1"},"geometry":{"type":"Point","coordinates":[0.1988548060000003,46.40397449]}},{"id":"36251","type":"Feature","properties":{"_pk_label":"PK 118+100","_voie":"LGV1"},"geometry":{"type":"Point","coordinates":[0.19802678100000093,46.40226707]}},{"id":"36271","type":"Feature","properties":{"_pk_label":"PK 118+200","_voie":"LGV1"},"geometry":{"type":"Point","coordinates":[0.1976126530000001,46.40141345]}},{"id":"36291","type":"Feature","properties":{"_pk_label":"PK 118+300","_voie":"LGV1"},"geometry":{"type":"Point","coordinates":[0.19719867200000069,46.40055972999999]}},{"id":"36311","type":"Feature","properties":{"_pk_label":"PK 118+400","_voie":"LGV1"},"geometry":{"type":"Point","coordinates":[0.1967847029999995,46.39970601000002]}},{"id":"36331","type":"Feature","properties":{"_pk_label":"PK 118+500","_voie":"LGV1"},"geometry":{"type":"Point","coordinates":[0.19637061900000008,46.39885229]}},{"id":"36351","type":"Feature","properties":{"_pk_label":"PK 118+600","_voie":"LGV1"},"geometry":{"type":"Point","coordinates":[0.19595667200000058,46.39799866]}},{"id":"36371","type":"Feature","properties":{"_pk_label":"PK 118+700","_voie":"LGV1"},"geometry":{"type":"Point","coordinates":[0.19554274400000024,46.39714494]}},{"id":"36391","type":"Feature","properties":{"_pk_label":"PK 118+800","_voie":"LGV1"},"geometry":{"type":"Point","coordinates":[0.19512882800000092,46.39629122000001]}},{"id":"36411","type":"Feature","properties":{"_pk_label":"PK 118+900","_voie":"LGV1"},"geometry":{"type":"Point","coordinates":[0.1947147940000004,46.39543749000001]}},{"id":"36451","type":"Feature","properties":{"_pk_label":"PK 119+100","_voie":"LGV1"},"geometry":{"type":"Point","coordinates":[0.1938771530000008,46.39373214]}},{"id":"36471","type":"Feature","properties":{"_pk_label":"PK 119+200","_voie":"LGV1"},"geometry":{"type":"Point","coordinates":[0.19344260000000002,46.39288313]}},{"id":"36491","type":"Feature","properties":{"_pk_label":"PK 119+300","_voie":"LGV1"},"geometry":{"type":"Point","coordinates":[0.19299104999999975,46.39203829]}},{"id":"36511","type":"Feature","properties":{"_pk_label":"PK 119+400","_voie":"LGV1"},"geometry":{"type":"Point","coordinates":[0.1925218219999995,46.391198150000015]}},{"id":"36531","type":"Feature","properties":{"_pk_label":"PK 119+500","_voie":"LGV1"},"geometry":{"type":"Point","coordinates":[0.19203491700000022,46.39036271]}},{"id":"36551","type":"Feature","properties":{"_pk_label":"PK 119+600","_voie":"LGV1"},"geometry":{"type":"Point","coordinates":[0.1915305810000002,46.38953233999999]}},{"id":"36571","type":"Feature","properties":{"_pk_label":"PK 119+700","_voie":"LGV1"},"geometry":{"type":"Point","coordinates":[0.19100880300000136,46.38870711]}},{"id":"36591","type":"Feature","properties":{"_pk_label":"PK 119+800","_voie":"LGV1"},"geometry":{"type":"Point","coordinates":[0.1904698420000012,46.38788722999999]}},{"id":"36611","type":"Feature","properties":{"_pk_label":"PK 119+900","_voie":"LGV1"},"geometry":{"type":"Point","coordinates":[0.18991368900000083,46.38707277999999]}},{"id":"36651","type":"Feature","properties":{"_pk_label":"PK 120+100","_voie":"LGV1"},"geometry":{"type":"Point","coordinates":[0.1887502780000008,46.38546125999999]}},{"id":"36671","type":"Feature","properties":{"_pk_label":"PK 120+200","_voie":"LGV1"},"geometry":{"type":"Point","coordinates":[0.18814340300000135,46.384664380000004]}},{"id":"36691","type":"Feature","properties":{"_pk_label":"PK 120+300","_voie":"LGV1"},"geometry":{"type":"Point","coordinates":[0.18751968900000066,46.38387375]}},{"id":"36711","type":"Feature","properties":{"_pk_label":"PK 120+400","_voie":"LGV1"},"geometry":{"type":"Point","coordinates":[0.18687965000000056,46.38308947]}},{"id":"36731","type":"Feature","properties":{"_pk_label":"PK 120+500","_voie":"LGV1"},"geometry":{"type":"Point","coordinates":[0.18622314700000073,46.38231171999999]}},{"id":"36751","type":"Feature","properties":{"_pk_label":"PK 120+600","_voie":"LGV1"},"geometry":{"type":"Point","coordinates":[0.18555031100000077,46.38154059000001]}},{"id":"36771","type":"Feature","properties":{"_pk_label":"PK 120+700","_voie":"LGV1"},"geometry":{"type":"Point","coordinates":[0.18486138300000043,46.380776360000006]}},{"id":"36791","type":"Feature","properties":{"_pk_label":"PK 120+800","_voie":"LGV1"},"geometry":{"type":"Point","coordinates":[0.1841579470000009,46.38001861]}},{"id":"36811","type":"Feature","properties":{"_pk_label":"PK 120+900","_voie":"LGV1"},"geometry":{"type":"Point","coordinates":[0.18344453100000174,46.37926546999999]}},{"id":"36851","type":"Feature","properties":{"_pk_label":"PK 121+100","_voie":"LGV1"},"geometry":{"type":"Point","coordinates":[0.18200735000000057,46.37776405999999]}},{"id":"36871","type":"Feature","properties":{"_pk_label":"PK 121+200","_voie":"LGV1"},"geometry":{"type":"Point","coordinates":[0.18128838600000097,46.37701357]}},{"id":"36891","type":"Feature","properties":{"_pk_label":"PK 121+300","_voie":"LGV1"},"geometry":{"type":"Point","coordinates":[0.18056957800000045,46.37626298]}},{"id":"36911","type":"Feature","properties":{"_pk_label":"PK 121+400","_voie":"LGV1"},"geometry":{"type":"Point","coordinates":[0.1798506559999999,46.37551248]}},{"id":"36931","type":"Feature","properties":{"_pk_label":"PK 121+500","_voie":"LGV1"},"geometry":{"type":"Point","coordinates":[0.17913188300000027,46.37476198]}},{"id":"36951","type":"Feature","properties":{"_pk_label":"PK 121+600","_voie":"LGV1"},"geometry":{"type":"Point","coordinates":[0.17841300000000057,46.37401146]}},{"id":"36971","type":"Feature","properties":{"_pk_label":"PK 121+700","_voie":"LGV1"},"geometry":{"type":"Point","coordinates":[0.177694269,46.373260860000016]}},{"id":"36991","type":"Feature","properties":{"_pk_label":"PK 121+800","_voie":"LGV1"},"geometry":{"type":"Point","coordinates":[0.17697542500000116,46.372510339999984]}},{"id":"37011","type":"Feature","properties":{"_pk_label":"PK 121+900","_voie":"LGV1"},"geometry":{"type":"Point","coordinates":[0.17625673100000028,46.37175981000001]}},{"id":"37051","type":"Feature","properties":{"_pk_label":"PK 122+100","_voie":"LGV1"},"geometry":{"type":"Point","coordinates":[0.17481927500000063,46.37025865999998]}},{"id":"37071","type":"Feature","properties":{"_pk_label":"PK 122+200","_voie":"LGV1"},"geometry":{"type":"Point","coordinates":[0.17410051099999993,46.36950812000001]}},{"id":"37091","type":"Feature","properties":{"_pk_label":"PK 122+300","_voie":"LGV1"},"geometry":{"type":"Point","coordinates":[0.1733818940000006,46.36875757999999]}},{"id":"37111","type":"Feature","properties":{"_pk_label":"PK 122+400","_voie":"LGV1"},"geometry":{"type":"Point","coordinates":[0.17266316900000114,46.36800703000001]}},{"id":"37131","type":"Feature","properties":{"_pk_label":"PK 122+500","_voie":"LGV1"},"geometry":{"type":"Point","coordinates":[0.17194459700000062,46.36725639000001]}},{"id":"37151","type":"Feature","properties":{"_pk_label":"PK 122+600","_voie":"LGV1"},"geometry":{"type":"Point","coordinates":[0.1712259110000008,46.366505829999994]}},{"id":"37172","type":"Feature","properties":{"_pk_label":"PK 122+700","_voie":"LGV1"},"geometry":{"type":"Point","coordinates":[0.1705076389999998,46.36575518000002]}},{"id":"37192","type":"Feature","properties":{"_pk_label":"PK 122+800","_voie":"LGV1"},"geometry":{"type":"Point","coordinates":[0.16979271700000073,46.365003089999966]}},{"id":"37212","type":"Feature","properties":{"_pk_label":"PK 122+900","_voie":"LGV1"},"geometry":{"type":"Point","coordinates":[0.1690846139999998,46.36424782000001]}},{"id":"37252","type":"Feature","properties":{"_pk_label":"PK 123+100","_voie":"LGV1"},"geometry":{"type":"Point","coordinates":[0.16769057500000134,46.362727639999996]}},{"id":"37272","type":"Feature","properties":{"_pk_label":"PK 123+200","_voie":"LGV1"},"geometry":{"type":"Point","coordinates":[0.16700449999999953,46.36196281000001]}},{"id":"37292","type":"Feature","properties":{"_pk_label":"PK 123+300","_voie":"LGV1"},"geometry":{"type":"Point","coordinates":[0.16632590300000025,46.361194739999995]}},{"id":"37312","type":"Feature","properties":{"_pk_label":"PK 123+400","_voie":"LGV1"},"geometry":{"type":"Point","coordinates":[0.16565476900000073,46.36042360999999]}},{"id":"37332","type":"Feature","properties":{"_pk_label":"PK 123+500","_voie":"LGV1"},"geometry":{"type":"Point","coordinates":[0.16499097500000082,46.35964941999999]}},{"id":"37352","type":"Feature","properties":{"_pk_label":"PK 123+600","_voie":"LGV1"},"geometry":{"type":"Point","coordinates":[0.1643347780000008,46.35887207]}},{"id":"37372","type":"Feature","properties":{"_pk_label":"PK 123+700","_voie":"LGV1"},"geometry":{"type":"Point","coordinates":[0.16368603900000042,46.35809184]}},{"id":"37392","type":"Feature","properties":{"_pk_label":"PK 123+800","_voie":"LGV1"},"geometry":{"type":"Point","coordinates":[0.16304489200000022,46.357308549999985]}},{"id":"37412","type":"Feature","properties":{"_pk_label":"PK 123+900","_voie":"LGV1"},"geometry":{"type":"Point","coordinates":[0.1624113360000008,46.356522290000015]}},{"id":"37452","type":"Feature","properties":{"_pk_label":"PK 124+100","_voie":"LGV1"},"geometry":{"type":"Point","coordinates":[0.16116698300000015,46.354941139999994]}},{"id":"37472","type":"Feature","properties":{"_pk_label":"PK 124+200","_voie":"LGV1"},"geometry":{"type":"Point","coordinates":[0.16055630799999926,46.354146340000014]}},{"id":"37492","type":"Feature","properties":{"_pk_label":"PK 124+300","_voie":"LGV1"},"geometry":{"type":"Point","coordinates":[0.15995321900000062,46.353348669999995]}},{"id":"37512","type":"Feature","properties":{"_pk_label":"PK 124+400","_voie":"LGV1"},"geometry":{"type":"Point","coordinates":[0.15935796700000143,46.35254821]}},{"id":"37532","type":"Feature","properties":{"_pk_label":"PK 124+500","_voie":"LGV1"},"geometry":{"type":"Point","coordinates":[0.15877029199999965,46.35174505000001]}},{"id":"37552","type":"Feature","properties":{"_pk_label":"PK 124+600","_voie":"LGV1"},"geometry":{"type":"Point","coordinates":[0.15819058100000058,46.35093919999999]}},{"id":"37572","type":"Feature","properties":{"_pk_label":"PK 124+700","_voie":"LGV1"},"geometry":{"type":"Point","coordinates":[0.15761857200000018,46.35013065999999]}},{"id":"37592","type":"Feature","properties":{"_pk_label":"PK 124+800","_voie":"LGV1"},"geometry":{"type":"Point","coordinates":[0.15705426399999947,46.34931951000002]}},{"id":"37612","type":"Feature","properties":{"_pk_label":"PK 124+900","_voie":"LGV1"},"geometry":{"type":"Point","coordinates":[0.15649791700000015,46.34850577]}},{"id":"37652","type":"Feature","properties":{"_pk_label":"PK 125+100","_voie":"LGV1"},"geometry":{"type":"Point","coordinates":[0.15540881900000084,46.346870749999994]}},{"id":"37672","type":"Feature","properties":{"_pk_label":"PK 125+200","_voie":"LGV1"},"geometry":{"type":"Point","coordinates":[0.15487607500000058,46.346049390000005]}},{"id":"37692","type":"Feature","properties":{"_pk_label":"PK 125+300","_voie":"LGV1"},"geometry":{"type":"Point","coordinates":[0.1543512749999997,46.345225700000015]}},{"id":"37712","type":"Feature","properties":{"_pk_label":"PK 125+400","_voie":"LGV1"},"geometry":{"type":"Point","coordinates":[0.153834553,46.34439958999999]}},{"id":"37732","type":"Feature","properties":{"_pk_label":"PK 125+500","_voie":"LGV1"},"geometry":{"type":"Point","coordinates":[0.1533256500000004,46.34357107000001]}},{"id":"37752","type":"Feature","properties":{"_pk_label":"PK 125+600","_voie":"LGV1"},"geometry":{"type":"Point","coordinates":[0.15282481900000122,46.342740219999996]}},{"id":"37772","type":"Feature","properties":{"_pk_label":"PK 125+700","_voie":"LGV1"},"geometry":{"type":"Point","coordinates":[0.15233205600000096,46.34190713]}},{"id":"37792","type":"Feature","properties":{"_pk_label":"PK 125+800","_voie":"LGV1"},"geometry":{"type":"Point","coordinates":[0.15184723300000133,46.34107172]}},{"id":"37812","type":"Feature","properties":{"_pk_label":"PK 125+900","_voie":"LGV1"},"geometry":{"type":"Point","coordinates":[0.1513706109999998,46.34023407999998]}},{"id":"37852","type":"Feature","properties":{"_pk_label":"PK 126+100","_voie":"LGV1"},"geometry":{"type":"Point","coordinates":[0.15044141899999988,46.33855236000001]}},{"id":"37872","type":"Feature","properties":{"_pk_label":"PK 126+200","_voie":"LGV1"},"geometry":{"type":"Point","coordinates":[0.14998911100000034,46.337708289999995]}},{"id":"37892","type":"Feature","properties":{"_pk_label":"PK 126+300","_voie":"LGV1"},"geometry":{"type":"Point","coordinates":[0.14954485800000009,46.33686217000001]}},{"id":"37912","type":"Feature","properties":{"_pk_label":"PK 126+400","_voie":"LGV1"},"geometry":{"type":"Point","coordinates":[0.1491087920000001,46.33601400000001]}},{"id":"37932","type":"Feature","properties":{"_pk_label":"PK 126+500","_voie":"LGV1"},"geometry":{"type":"Point","coordinates":[0.14868090600000067,46.33516387000001]}},{"id":"37952","type":"Feature","properties":{"_pk_label":"PK 126+600","_voie":"LGV1"},"geometry":{"type":"Point","coordinates":[0.14826120800000092,46.33431169000002]}},{"id":"37972","type":"Feature","properties":{"_pk_label":"PK 126+700","_voie":"LGV1"},"geometry":{"type":"Point","coordinates":[0.14784980800000014,46.33345773]}},{"id":"37992","type":"Feature","properties":{"_pk_label":"PK 126+800","_voie":"LGV1"},"geometry":{"type":"Point","coordinates":[0.14744658900000052,46.33260180999999]}},{"id":"38012","type":"Feature","properties":{"_pk_label":"PK 126+900","_voie":"LGV1"},"geometry":{"type":"Point","coordinates":[0.14705167500000038,46.33174402999998]}},{"id":"38052","type":"Feature","properties":{"_pk_label":"PK 127+100","_voie":"LGV1"},"geometry":{"type":"Point","coordinates":[0.14628661900000103,46.33002313]}},{"id":"38072","type":"Feature","properties":{"_pk_label":"PK 127+200","_voie":"LGV1"},"geometry":{"type":"Point","coordinates":[0.1459164720000009,46.32916001000001]}},{"id":"38092","type":"Feature","properties":{"_pk_label":"PK 127+300","_voie":"LGV1"},"geometry":{"type":"Point","coordinates":[0.14555474700000084,46.328295299999986]}},{"id":"38113","type":"Feature","properties":{"_pk_label":"PK 127+400","_voie":"LGV1"},"geometry":{"type":"Point","coordinates":[0.14520118599999962,46.327428899999994]}},{"id":"38133","type":"Feature","properties":{"_pk_label":"PK 127+500","_voie":"LGV1"},"geometry":{"type":"Point","coordinates":[0.14485302799999974,46.326561380000015]}},{"id":"38153","type":"Feature","properties":{"_pk_label":"PK 127+600","_voie":"LGV1"},"geometry":{"type":"Point","coordinates":[0.14450553600000082,46.325693689999994]}},{"id":"38173","type":"Feature","properties":{"_pk_label":"PK 127+700","_voie":"LGV1"},"geometry":{"type":"Point","coordinates":[0.1441580580000005,46.32482599000001]}},{"id":"38193","type":"Feature","properties":{"_pk_label":"PK 127+800","_voie":"LGV1"},"geometry":{"type":"Point","coordinates":[0.1438104609999996,46.32395829999999]}},{"id":"38213","type":"Feature","properties":{"_pk_label":"PK 127+900","_voie":"LGV1"},"geometry":{"type":"Point","coordinates":[0.1434630060000004,46.323090609999994]}},{"id":"38253","type":"Feature","properties":{"_pk_label":"PK 128+100","_voie":"LGV1"},"geometry":{"type":"Point","coordinates":[0.14276813100000005,46.32135512]}},{"id":"38273","type":"Feature","properties":{"_pk_label":"PK 128+200","_voie":"LGV1"},"geometry":{"type":"Point","coordinates":[0.14242070800000037,46.32048743]}},{"id":"38293","type":"Feature","properties":{"_pk_label":"PK 128+300","_voie":"LGV1"},"geometry":{"type":"Point","coordinates":[0.14207329700000096,46.31961973000001]}},{"id":"38313","type":"Feature","properties":{"_pk_label":"PK 128+400","_voie":"LGV1"},"geometry":{"type":"Point","coordinates":[0.14172589700000077,46.31875203]}},{"id":"38333","type":"Feature","properties":{"_pk_label":"PK 128+500","_voie":"LGV1"},"geometry":{"type":"Point","coordinates":[0.14137850600000026,46.31788433]}},{"id":"38353","type":"Feature","properties":{"_pk_label":"PK 128+600","_voie":"LGV1"},"geometry":{"type":"Point","coordinates":[0.1410311280000002,46.31701662999999]}},{"id":"38373","type":"Feature","properties":{"_pk_label":"PK 128+700","_voie":"LGV1"},"geometry":{"type":"Point","coordinates":[0.1406837580000012,46.31614892]}},{"id":"38393","type":"Feature","properties":{"_pk_label":"PK 128+800","_voie":"LGV1"},"geometry":{"type":"Point","coordinates":[0.1403364030000006,46.31528122]}},{"id":"38413","type":"Feature","properties":{"_pk_label":"PK 128+900","_voie":"LGV1"},"geometry":{"type":"Point","coordinates":[0.13998905599999992,46.314413509999994]}},{"id":"38453","type":"Feature","properties":{"_pk_label":"PK 129+100","_voie":"LGV1"},"geometry":{"type":"Point","coordinates":[0.13929439700000024,46.31267810000001]}},{"id":"38473","type":"Feature","properties":{"_pk_label":"PK 129+200","_voie":"LGV1"},"geometry":{"type":"Point","coordinates":[0.1389501000000008,46.311809929999995]}},{"id":"38493","type":"Feature","properties":{"_pk_label":"PK 129+300","_voie":"LGV1"},"geometry":{"type":"Point","coordinates":[0.13861434700000094,46.310940159999994]}},{"id":"38513","type":"Feature","properties":{"_pk_label":"PK 129+400","_voie":"LGV1"},"geometry":{"type":"Point","coordinates":[0.1382909420000001,46.31006828000001]}},{"id":"38533","type":"Feature","properties":{"_pk_label":"PK 129+500","_voie":"LGV1"},"geometry":{"type":"Point","coordinates":[0.13798001099999976,46.30919418000001]}},{"id":"38553","type":"Feature","properties":{"_pk_label":"PK 129+600","_voie":"LGV1"},"geometry":{"type":"Point","coordinates":[0.13768181700000012,46.308317970000004]}},{"id":"38573","type":"Feature","properties":{"_pk_label":"PK 129+700","_voie":"LGV1"},"geometry":{"type":"Point","coordinates":[0.13739621700000051,46.30743973]}},{"id":"38593","type":"Feature","properties":{"_pk_label":"PK 129+800","_voie":"LGV1"},"geometry":{"type":"Point","coordinates":[0.13712334400000092,46.30655946000001]}},{"id":"38613","type":"Feature","properties":{"_pk_label":"PK 129+900","_voie":"LGV1"},"geometry":{"type":"Point","coordinates":[0.13686318599999955,46.30567745000001]}},{"id":"38653","type":"Feature","properties":{"_pk_label":"PK 130+100","_voie":"LGV1"},"geometry":{"type":"Point","coordinates":[0.1363812580000007,46.303908249999985]}},{"id":"38673","type":"Feature","properties":{"_pk_label":"PK 130+200","_voie":"LGV1"},"geometry":{"type":"Point","coordinates":[0.13615935300000165,46.303021159999986]}},{"id":"38693","type":"Feature","properties":{"_pk_label":"PK 130+300","_voie":"LGV1"},"geometry":{"type":"Point","coordinates":[0.1359503969999996,46.302132680000014]}},{"id":"38713","type":"Feature","properties":{"_pk_label":"PK 130+400","_voie":"LGV1"},"geometry":{"type":"Point","coordinates":[0.1357541389999998,46.30124270999999]}},{"id":"38733","type":"Feature","properties":{"_pk_label":"PK 130+500","_voie":"LGV1"},"geometry":{"type":"Point","coordinates":[0.1355708220000003,46.30035145]}},{"id":"38753","type":"Feature","properties":{"_pk_label":"PK 130+600","_voie":"LGV1"},"geometry":{"type":"Point","coordinates":[0.13540044700000173,46.299458980000004]}},{"id":"38773","type":"Feature","properties":{"_pk_label":"PK 130+700","_voie":"LGV1"},"geometry":{"type":"Point","coordinates":[0.13524288300000123,46.298565299999986]}},{"id":"38793","type":"Feature","properties":{"_pk_label":"PK 130+800","_voie":"LGV1"},"geometry":{"type":"Point","coordinates":[0.13509823899999995,46.29767069000001]}},{"id":"38813","type":"Feature","properties":{"_pk_label":"PK 130+900","_voie":"LGV1"},"geometry":{"type":"Point","coordinates":[0.13496652500000172,46.296775049999994]}},{"id":"38853","type":"Feature","properties":{"_pk_label":"PK 131+100","_voie":"LGV1"},"geometry":{"type":"Point","coordinates":[0.13474185300000058,46.29498121999999]}},{"id":"38873","type":"Feature","properties":{"_pk_label":"PK 131+200","_voie":"LGV1"},"geometry":{"type":"Point","coordinates":[0.1346488750000015,46.29408330999998]}},{"id":"38893","type":"Feature","properties":{"_pk_label":"PK 131+300","_voie":"LGV1"},"geometry":{"type":"Point","coordinates":[0.13456893599999983,46.29318474]}},{"id":"38913","type":"Feature","properties":{"_pk_label":"PK 131+400","_voie":"LGV1"},"geometry":{"type":"Point","coordinates":[0.13450202500000027,46.29228567999999]}},{"id":"38933","type":"Feature","properties":{"_pk_label":"PK 131+500","_voie":"LGV1"},"geometry":{"type":"Point","coordinates":[0.13444800300000095,46.291386220000014]}},{"id":"38953","type":"Feature","properties":{"_pk_label":"PK 131+600","_voie":"LGV1"},"geometry":{"type":"Point","coordinates":[0.13440700300000025,46.29048637999998]}},{"id":"38973","type":"Feature","properties":{"_pk_label":"PK 131+700","_voie":"LGV1"},"geometry":{"type":"Point","coordinates":[0.1343790140000013,46.289586310000004]}},{"id":"38993","type":"Feature","properties":{"_pk_label":"PK 131+800","_voie":"LGV1"},"geometry":{"type":"Point","coordinates":[0.13436390000000117,46.28868613]}},{"id":"39013","type":"Feature","properties":{"_pk_label":"PK 131+900","_voie":"LGV1"},"geometry":{"type":"Point","coordinates":[0.13436178900000134,46.28778581]}},{"id":"39053","type":"Feature","properties":{"_pk_label":"PK 132+100","_voie":"LGV1"},"geometry":{"type":"Point","coordinates":[0.13439667500000052,46.28598544999999]}},{"id":"39073","type":"Feature","properties":{"_pk_label":"PK 132+200","_voie":"LGV1"},"geometry":{"type":"Point","coordinates":[0.13443353300000085,46.28508558]}},{"id":"39093","type":"Feature","properties":{"_pk_label":"PK 132+300","_voie":"LGV1"},"geometry":{"type":"Point","coordinates":[0.13448337200000135,46.28418595]}},{"id":"39113","type":"Feature","properties":{"_pk_label":"PK 132+400","_voie":"LGV1"},"geometry":{"type":"Point","coordinates":[0.13454631700000053,46.28328673]}},{"id":"39133","type":"Feature","properties":{"_pk_label":"PK 132+500","_voie":"LGV1"},"geometry":{"type":"Point","coordinates":[0.13462209699999989,46.28238802]}},{"id":"39153","type":"Feature","properties":{"_pk_label":"PK 132+600","_voie":"LGV1"},"geometry":{"type":"Point","coordinates":[0.134710844,46.281489810000004]}},{"id":"39173","type":"Feature","properties":{"_pk_label":"PK 132+700","_voie":"LGV1"},"geometry":{"type":"Point","coordinates":[0.13481255000000095,46.28059229000002]}},{"id":"39193","type":"Feature","properties":{"_pk_label":"PK 132+800","_voie":"LGV1"},"geometry":{"type":"Point","coordinates":[0.13492720800000071,46.27969554999999]}},{"id":"39213","type":"Feature","properties":{"_pk_label":"PK 132+900","_voie":"LGV1"},"geometry":{"type":"Point","coordinates":[0.13505468100000048,46.27879967000001]}},{"id":"39253","type":"Feature","properties":{"_pk_label":"PK 133+100","_voie":"LGV1"},"geometry":{"type":"Point","coordinates":[0.13534858299999983,46.27701069999999]}},{"id":"39273","type":"Feature","properties":{"_pk_label":"PK 133+200","_voie":"LGV1"},"geometry":{"type":"Point","coordinates":[0.13551473900000008,46.27611786000002]}},{"id":"39293","type":"Feature","properties":{"_pk_label":"PK 133+300","_voie":"LGV1"},"geometry":{"type":"Point","coordinates":[0.13569395299999965,46.275226169999996]}},{"id":"39313","type":"Feature","properties":{"_pk_label":"PK 133+400","_voie":"LGV1"},"geometry":{"type":"Point","coordinates":[0.13588582800000096,46.27433578]}},{"id":"39333","type":"Feature","properties":{"_pk_label":"PK 133+500","_voie":"LGV1"},"geometry":{"type":"Point","coordinates":[0.13609010300000055,46.2734467]}},{"id":"39353","type":"Feature","properties":{"_pk_label":"PK 133+600","_voie":"LGV1"},"geometry":{"type":"Point","coordinates":[0.13630238300000092,46.27255845]}},{"id":"39373","type":"Feature","properties":{"_pk_label":"PK 133+700","_voie":"LGV1"},"geometry":{"type":"Point","coordinates":[0.13651698600000065,46.271670349999994]}},{"id":"39393","type":"Feature","properties":{"_pk_label":"PK 133+800","_voie":"LGV1"},"geometry":{"type":"Point","coordinates":[0.13673158300000082,46.27078225000001]}},{"id":"39413","type":"Feature","properties":{"_pk_label":"PK 133+900","_voie":"LGV1"},"geometry":{"type":"Point","coordinates":[0.1369461749999997,46.269894140000005]}},{"id":"39453","type":"Feature","properties":{"_pk_label":"PK 134+100","_voie":"LGV1"},"geometry":{"type":"Point","coordinates":[0.13737533600000035,46.26811794]}},{"id":"39473","type":"Feature","properties":{"_pk_label":"PK 134+200","_voie":"LGV1"},"geometry":{"type":"Point","coordinates":[0.1375899060000007,46.26722982999999]}},{"id":"39493","type":"Feature","properties":{"_pk_label":"PK 134+300","_voie":"LGV1"},"geometry":{"type":"Point","coordinates":[0.13780446900000018,46.26634173]}},{"id":"39513","type":"Feature","properties":{"_pk_label":"PK 134+400","_voie":"LGV1"},"geometry":{"type":"Point","coordinates":[0.1380190250000007,46.265453629999996]}},{"id":"39533","type":"Feature","properties":{"_pk_label":"PK 134+500","_voie":"LGV1"},"geometry":{"type":"Point","coordinates":[0.13823357500000016,46.26456552]}},{"id":"39553","type":"Feature","properties":{"_pk_label":"PK 134+600","_voie":"LGV1"},"geometry":{"type":"Point","coordinates":[0.1384481110000002,46.26367750000001]}},{"id":"39573","type":"Feature","properties":{"_pk_label":"PK 134+700","_voie":"LGV1"},"geometry":{"type":"Point","coordinates":[0.1386626470000006,46.2627894]}},{"id":"39593","type":"Feature","properties":{"_pk_label":"PK 134+800","_voie":"LGV1"},"geometry":{"type":"Point","coordinates":[0.13887717499999996,46.26190129]}},{"id":"39613","type":"Feature","properties":{"_pk_label":"PK 134+900","_voie":"LGV1"},"geometry":{"type":"Point","coordinates":[0.1390916940000012,46.26101318]}},{"id":"39654","type":"Feature","properties":{"_pk_label":"PK 135+100","_voie":"LGV1"},"geometry":{"type":"Point","coordinates":[0.13951517200000146,46.25923619]}},{"id":"39674","type":"Feature","properties":{"_pk_label":"PK 135+200","_voie":"LGV1"},"geometry":{"type":"Point","coordinates":[0.13971637499999973,46.25834649]}},{"id":"39694","type":"Feature","properties":{"_pk_label":"PK 135+300","_voie":"LGV1"},"geometry":{"type":"Point","coordinates":[0.1399090529999999,46.25745576]}},{"id":"39714","type":"Feature","properties":{"_pk_label":"PK 135+400","_voie":"LGV1"},"geometry":{"type":"Point","coordinates":[0.14009305800000083,46.25656427]}},{"id":"39734","type":"Feature","properties":{"_pk_label":"PK 135+500","_voie":"LGV1"},"geometry":{"type":"Point","coordinates":[0.14026853100000075,46.25567193999999]}},{"id":"39754","type":"Feature","properties":{"_pk_label":"PK 135+600","_voie":"LGV1"},"geometry":{"type":"Point","coordinates":[0.14043546700000079,46.25477876000001]}},{"id":"39774","type":"Feature","properties":{"_pk_label":"PK 135+700","_voie":"LGV1"},"geometry":{"type":"Point","coordinates":[0.14059373099999975,46.253884909999975]}},{"id":"39794","type":"Feature","properties":{"_pk_label":"PK 135+800","_voie":"LGV1"},"geometry":{"type":"Point","coordinates":[0.1407434560000004,46.25299029999999]}},{"id":"39814","type":"Feature","properties":{"_pk_label":"PK 135+900","_voie":"LGV1"},"geometry":{"type":"Point","coordinates":[0.1408845080000002,46.25209503]}},{"id":"39854","type":"Feature","properties":{"_pk_label":"PK 136+100","_voie":"LGV1"},"geometry":{"type":"Point","coordinates":[0.14114085000000037,46.25030258000001]}},{"id":"39874","type":"Feature","properties":{"_pk_label":"PK 136+200","_voie":"LGV1"},"geometry":{"type":"Point","coordinates":[0.14125613300000062,46.24940558]}},{"id":"39894","type":"Feature","properties":{"_pk_label":"PK 136+300","_voie":"LGV1"},"geometry":{"type":"Point","coordinates":[0.14136273900000085,46.24850799]}},{"id":"39914","type":"Feature","properties":{"_pk_label":"PK 136+400","_voie":"LGV1"},"geometry":{"type":"Point","coordinates":[0.14146079400000056,46.247609929999996]}},{"id":"39934","type":"Feature","properties":{"_pk_label":"PK 136+500","_voie":"LGV1"},"geometry":{"type":"Point","coordinates":[0.14155016700000014,46.24671145999999]}},{"id":"39954","type":"Feature","properties":{"_pk_label":"PK 136+600","_voie":"LGV1"},"geometry":{"type":"Point","coordinates":[0.14163085600000042,46.24581260000001]}},{"id":"39974","type":"Feature","properties":{"_pk_label":"PK 136+700","_voie":"LGV1"},"geometry":{"type":"Point","coordinates":[0.1417028580000008,46.24491333999999]}},{"id":"39994","type":"Feature","properties":{"_pk_label":"PK 136+800","_voie":"LGV1"},"geometry":{"type":"Point","coordinates":[0.14176629999999982,46.24401386]}},{"id":"40014","type":"Feature","properties":{"_pk_label":"PK 136+900","_voie":"LGV1"},"geometry":{"type":"Point","coordinates":[0.14182106100000086,46.24311398999998]}},{"id":"40054","type":"Feature","properties":{"_pk_label":"PK 137+100","_voie":"LGV1"},"geometry":{"type":"Point","coordinates":[0.141904756000001,46.24131376999999]}},{"id":"40074","type":"Feature","properties":{"_pk_label":"PK 137+200","_voie":"LGV1"},"geometry":{"type":"Point","coordinates":[0.14193356700000034,46.24041334]}},{"id":"40094","type":"Feature","properties":{"_pk_label":"PK 137+300","_voie":"LGV1"},"geometry":{"type":"Point","coordinates":[0.1419538080000004,46.23951286]}},{"id":"40114","type":"Feature","properties":{"_pk_label":"PK 137+400","_voie":"LGV1"},"geometry":{"type":"Point","coordinates":[0.14196522500000028,46.23861226]}},{"id":"40134","type":"Feature","properties":{"_pk_label":"PK 137+500","_voie":"LGV1"},"geometry":{"type":"Point","coordinates":[0.14196820300000093,46.23771163]}},{"id":"40154","type":"Feature","properties":{"_pk_label":"PK 137+600","_voie":"LGV1"},"geometry":{"type":"Point","coordinates":[0.1419623470000003,46.23681103999999]}},{"id":"40174","type":"Feature","properties":{"_pk_label":"PK 137+700","_voie":"LGV1"},"geometry":{"type":"Point","coordinates":[0.14194791900000042,46.235910510000004]}},{"id":"40194","type":"Feature","properties":{"_pk_label":"PK 137+800","_voie":"LGV1"},"geometry":{"type":"Point","coordinates":[0.14192491900000012,46.235010030000005]}},{"id":"40214","type":"Feature","properties":{"_pk_label":"PK 137+900","_voie":"LGV1"},"geometry":{"type":"Point","coordinates":[0.14189308300000059,46.23410969]}},{"id":"40254","type":"Feature","properties":{"_pk_label":"PK 138+100","_voie":"LGV1"},"geometry":{"type":"Point","coordinates":[0.14180367800000027,46.232309529999995]}},{"id":"40274","type":"Feature","properties":{"_pk_label":"PK 138+200","_voie":"LGV1"},"geometry":{"type":"Point","coordinates":[0.1417461060000001,46.231409809999995]}},{"id":"40294","type":"Feature","properties":{"_pk_label":"PK 138+300","_voie":"LGV1"},"geometry":{"type":"Point","coordinates":[0.1416798219999994,46.23051031999999]}},{"id":"40314","type":"Feature","properties":{"_pk_label":"PK 138+400","_voie":"LGV1"},"geometry":{"type":"Point","coordinates":[0.14160481900000008,46.22961123]}},{"id":"40334","type":"Feature","properties":{"_pk_label":"PK 138+500","_voie":"LGV1"},"geometry":{"type":"Point","coordinates":[0.14152123600000122,46.22871248000001]}},{"id":"40354","type":"Feature","properties":{"_pk_label":"PK 138+600","_voie":"LGV1"},"geometry":{"type":"Point","coordinates":[0.14142906400000077,46.227814129999985]}},{"id":"40374","type":"Feature","properties":{"_pk_label":"PK 138+700","_voie":"LGV1"},"geometry":{"type":"Point","coordinates":[0.14132816700000136,46.22691629]}},{"id":"40394","type":"Feature","properties":{"_pk_label":"PK 138+800","_voie":"LGV1"},"geometry":{"type":"Point","coordinates":[0.1412188170000009,46.226018870000004]}},{"id":"40414","type":"Feature","properties":{"_pk_label":"PK 138+900","_voie":"LGV1"},"geometry":{"type":"Point","coordinates":[0.14110074200000033,46.22512195]}},{"id":"40454","type":"Feature","properties":{"_pk_label":"PK 139+100","_voie":"LGV1"},"geometry":{"type":"Point","coordinates":[0.14083880600000076,46.22332998]}},{"id":"40474","type":"Feature","properties":{"_pk_label":"PK 139+200","_voie":"LGV1"},"geometry":{"type":"Point","coordinates":[0.14069494199999966,46.22243493]}},{"id":"40494","type":"Feature","properties":{"_pk_label":"PK 139+300","_voie":"LGV1"},"geometry":{"type":"Point","coordinates":[0.1405424860000008,46.22154048]}},{"id":"40514","type":"Feature","properties":{"_pk_label":"PK 139+400","_voie":"LGV1"},"geometry":{"type":"Point","coordinates":[0.14038141899999942,46.22064689000001]}},{"id":"40534","type":"Feature","properties":{"_pk_label":"PK 139+500","_voie":"LGV1"},"geometry":{"type":"Point","coordinates":[0.14021175599999913,46.219753980000014]}},{"id":"40554","type":"Feature","properties":{"_pk_label":"PK 139+600","_voie":"LGV1"},"geometry":{"type":"Point","coordinates":[0.14003361900000108,46.218861860000004]}},{"id":"40574","type":"Feature","properties":{"_pk_label":"PK 139+700","_voie":"LGV1"},"geometry":{"type":"Point","coordinates":[0.1398468720000007,46.21797068]}},{"id":"40594","type":"Feature","properties":{"_pk_label":"PK 139+800","_voie":"LGV1"},"geometry":{"type":"Point","coordinates":[0.1396516500000004,46.21708029000001]}},{"id":"40614","type":"Feature","properties":{"_pk_label":"PK 139+900","_voie":"LGV1"},"geometry":{"type":"Point","coordinates":[0.13944781899999995,46.21619083999999]}},{"id":"40654","type":"Feature","properties":{"_pk_label":"PK 140+100","_voie":"LGV1"},"geometry":{"type":"Point","coordinates":[0.1390145830000006,46.21441492]}},{"id":"40674","type":"Feature","properties":{"_pk_label":"PK 140+200","_voie":"LGV1"},"geometry":{"type":"Point","coordinates":[0.1387851720000002,46.21352853000001]}},{"id":"40694","type":"Feature","properties":{"_pk_label":"PK 140+300","_voie":"LGV1"},"geometry":{"type":"Point","coordinates":[0.13854727800000036,46.21264318000001]}},{"id":"40714","type":"Feature","properties":{"_pk_label":"PK 140+400","_voie":"LGV1"},"geometry":{"type":"Point","coordinates":[0.13830089400000095,46.21175897999999]}},{"id":"40734","type":"Feature","properties":{"_pk_label":"PK 140+500","_voie":"LGV1"},"geometry":{"type":"Point","coordinates":[0.13804602500000054,46.21087591]}},{"id":"40754","type":"Feature","properties":{"_pk_label":"PK 140+600","_voie":"LGV1"},"geometry":{"type":"Point","coordinates":[0.13778279400000162,46.209993979999986]}},{"id":"40774","type":"Feature","properties":{"_pk_label":"PK 140+700","_voie":"LGV1"},"geometry":{"type":"Point","coordinates":[0.13751093900000097,46.209113359999996]}},{"id":"40794","type":"Feature","properties":{"_pk_label":"PK 140+800","_voie":"LGV1"},"geometry":{"type":"Point","coordinates":[0.13723072200000064,46.20823397000001]}},{"id":"40814","type":"Feature","properties":{"_pk_label":"PK 140+900","_voie":"LGV1"},"geometry":{"type":"Point","coordinates":[0.13694239700000035,46.20735590999998]}},{"id":"40854","type":"Feature","properties":{"_pk_label":"PK 141+100","_voie":"LGV1"},"geometry":{"type":"Point","coordinates":[0.13635673599999992,46.20560145000002]}},{"id":"40874","type":"Feature","properties":{"_pk_label":"PK 141+200","_voie":"LGV1"},"geometry":{"type":"Point","coordinates":[0.13606372200000091,46.20472425999999]}},{"id":"40894","type":"Feature","properties":{"_pk_label":"PK 141+300","_voie":"LGV1"},"geometry":{"type":"Point","coordinates":[0.13577071700000037,46.20384707000001]}},{"id":"40914","type":"Feature","properties":{"_pk_label":"PK 141+400","_voie":"LGV1"},"geometry":{"type":"Point","coordinates":[0.1354777220000013,46.20296987999998]}},{"id":"40934","type":"Feature","properties":{"_pk_label":"PK 141+500","_voie":"LGV1"},"geometry":{"type":"Point","coordinates":[0.13518787500000015,46.202092230000005]}},{"id":"40954","type":"Feature","properties":{"_pk_label":"PK 141+600","_voie":"LGV1"},"geometry":{"type":"Point","coordinates":[0.13490679400000077,46.20121335]}},{"id":"40974","type":"Feature","properties":{"_pk_label":"PK 141+700","_voie":"LGV1"},"geometry":{"type":"Point","coordinates":[0.13464036699999982,46.20033241000001]}},{"id":"40994","type":"Feature","properties":{"_pk_label":"PK 141+800","_voie":"LGV1"},"geometry":{"type":"Point","coordinates":[0.13439185600000117,46.19944894999999]}},{"id":"41014","type":"Feature","properties":{"_pk_label":"PK 141+900","_voie":"LGV1"},"geometry":{"type":"Point","coordinates":[0.13416164700000086,46.19856305999999]}},{"id":"41054","type":"Feature","properties":{"_pk_label":"PK 142+100","_voie":"LGV1"},"geometry":{"type":"Point","coordinates":[0.13375582500000088,46.19678491999999]}},{"id":"41074","type":"Feature","properties":{"_pk_label":"PK 142+200","_voie":"LGV1"},"geometry":{"type":"Point","coordinates":[0.13358058600000017,46.195892940000014]}},{"id":"41094","type":"Feature","properties":{"_pk_label":"PK 142+300","_voie":"LGV1"},"geometry":{"type":"Point","coordinates":[0.1334234669999998,46.19499943000001]}},{"id":"41114","type":"Feature","properties":{"_pk_label":"PK 142+400","_voie":"LGV1"},"geometry":{"type":"Point","coordinates":[0.13328498600000116,46.194104409999994]}},{"id":"41134","type":"Feature","properties":{"_pk_label":"PK 142+500","_voie":"LGV1"},"geometry":{"type":"Point","coordinates":[0.13316474700000044,46.19320805]}},{"id":"41154","type":"Feature","properties":{"_pk_label":"PK 142+600","_voie":"LGV1"},"geometry":{"type":"Point","coordinates":[0.13306299199999994,46.19231061999999]}},{"id":"41174","type":"Feature","properties":{"_pk_label":"PK 142+700","_voie":"LGV1"},"geometry":{"type":"Point","coordinates":[0.13297983900000002,46.191412310000004]}},{"id":"41194","type":"Feature","properties":{"_pk_label":"PK 142+800","_voie":"LGV1"},"geometry":{"type":"Point","coordinates":[0.132915019000001,46.19051329]}},{"id":"41214","type":"Feature","properties":{"_pk_label":"PK 142+900","_voie":"LGV1"},"geometry":{"type":"Point","coordinates":[0.13286878900000074,46.189613660000006]}},{"id":"41254","type":"Feature","properties":{"_pk_label":"PK 143+100","_voie":"LGV1"},"geometry":{"type":"Point","coordinates":[0.13283177500000093,46.18781354]}},{"id":"41274","type":"Feature","properties":{"_pk_label":"PK 143+200","_voie":"LGV1"},"geometry":{"type":"Point","coordinates":[0.1328408439999988,46.18691333000002]}},{"id":"41294","type":"Feature","properties":{"_pk_label":"PK 143+300","_voie":"LGV1"},"geometry":{"type":"Point","coordinates":[0.13286444200000053,46.18601321000001]}},{"id":"41314","type":"Feature","properties":{"_pk_label":"PK 143+400","_voie":"LGV1"},"geometry":{"type":"Point","coordinates":[0.13289673100000052,46.18511303]}},{"id":"41334","type":"Feature","properties":{"_pk_label":"PK 143+500","_voie":"LGV1"},"geometry":{"type":"Point","coordinates":[0.1329317420000006,46.18421292999999]}},{"id":"41354","type":"Feature","properties":{"_pk_label":"PK 143+600","_voie":"LGV1"},"geometry":{"type":"Point","coordinates":[0.1329668830000013,46.18331273]}},{"id":"41374","type":"Feature","properties":{"_pk_label":"PK 143+700","_voie":"LGV1"},"geometry":{"type":"Point","coordinates":[0.13300189199999982,46.18241263]}},{"id":"41394","type":"Feature","properties":{"_pk_label":"PK 143+800","_voie":"LGV1"},"geometry":{"type":"Point","coordinates":[0.13303703099999978,46.18151244000001]}},{"id":"41414","type":"Feature","properties":{"_pk_label":"PK 143+900","_voie":"LGV1"},"geometry":{"type":"Point","coordinates":[0.13307216700000035,46.180612340000025]}},{"id":"41454","type":"Feature","properties":{"_pk_label":"PK 144+100","_voie":"LGV1"},"geometry":{"type":"Point","coordinates":[0.13314231100000007,46.178811950000004]}},{"id":"41474","type":"Feature","properties":{"_pk_label":"PK 144+200","_voie":"LGV1"},"geometry":{"type":"Point","coordinates":[0.1331773109999997,46.17791183999999]}},{"id":"41494","type":"Feature","properties":{"_pk_label":"PK 144+300","_voie":"LGV1"},"geometry":{"type":"Point","coordinates":[0.13321244699999987,46.177011650000004]}},{"id":"41514","type":"Feature","properties":{"_pk_label":"PK 144+400","_voie":"LGV1"},"geometry":{"type":"Point","coordinates":[0.13324744700000032,46.17611153999999]}},{"id":"41534","type":"Feature","properties":{"_pk_label":"PK 144+500","_voie":"LGV1"},"geometry":{"type":"Point","coordinates":[0.13328257799999996,46.175211350000005]}},{"id":"41555","type":"Feature","properties":{"_pk_label":"PK 144+600","_voie":"LGV1"},"geometry":{"type":"Point","coordinates":[0.13331770600000106,46.17431124999999]}},{"id":"41575","type":"Feature","properties":{"_pk_label":"PK 144+700","_voie":"LGV1"},"geometry":{"type":"Point","coordinates":[0.1333514140000003,46.17341093]}},{"id":"41595","type":"Feature","properties":{"_pk_label":"PK 144+800","_voie":"LGV1"},"geometry":{"type":"Point","coordinates":[0.13337955000000104,46.17251056]}},{"id":"41615","type":"Feature","properties":{"_pk_label":"PK 144+900","_voie":"LGV1"},"geometry":{"type":"Point","coordinates":[0.13340133100000012,46.17161011999999]}},{"id":"41655","type":"Feature","properties":{"_pk_label":"PK 145+100","_voie":"LGV1"},"geometry":{"type":"Point","coordinates":[0.13342531900000057,46.16980902]}},{"id":"41675","type":"Feature","properties":{"_pk_label":"PK 145+200","_voie":"LGV1"},"geometry":{"type":"Point","coordinates":[0.13342752200000035,46.168908449999996]}},{"id":"41695","type":"Feature","properties":{"_pk_label":"PK 145+300","_voie":"LGV1"},"geometry":{"type":"Point","coordinates":[0.13342336899999993,46.16800788999999]}},{"id":"41715","type":"Feature","properties":{"_pk_label":"PK 145+400","_voie":"LGV1"},"geometry":{"type":"Point","coordinates":[0.13341273100000084,46.16710736]}},{"id":"41736","type":"Feature","properties":{"_pk_label":"PK 145+500","_voie":"LGV1"},"geometry":{"type":"Point","coordinates":[0.13339806899999979,46.166206900000006]}},{"id":"41756","type":"Feature","properties":{"_pk_label":"PK 145+600","_voie":"LGV1"},"geometry":{"type":"Point","coordinates":[0.13338301700000002,46.165306429999994]}},{"id":"41776","type":"Feature","properties":{"_pk_label":"PK 145+700","_voie":"LGV1"},"geometry":{"type":"Point","coordinates":[0.13336809200000072,46.16440605999999]}},{"id":"41796","type":"Feature","properties":{"_pk_label":"PK 145+800","_voie":"LGV1"},"geometry":{"type":"Point","coordinates":[0.13335317200000074,46.16350558999999]}},{"id":"41816","type":"Feature","properties":{"_pk_label":"PK 145+900","_voie":"LGV1"},"geometry":{"type":"Point","coordinates":[0.1333381190000012,46.16260520999998]}},{"id":"41856","type":"Feature","properties":{"_pk_label":"PK 146+100","_voie":"LGV1"},"geometry":{"type":"Point","coordinates":[0.13330814699999988,46.16080437]}},{"id":"41876","type":"Feature","properties":{"_pk_label":"PK 146+200","_voie":"LGV1"},"geometry":{"type":"Point","coordinates":[0.13329323099999985,46.15990390000001]}},{"id":"41896","type":"Feature","properties":{"_pk_label":"PK 146+300","_voie":"LGV1"},"geometry":{"type":"Point","coordinates":[0.13327818300000044,46.15900344]}},{"id":"41916","type":"Feature","properties":{"_pk_label":"PK 146+400","_voie":"LGV1"},"geometry":{"type":"Point","coordinates":[0.1332632610000001,46.15810305999999]}},{"id":"41937","type":"Feature","properties":{"_pk_label":"PK 146+500","_voie":"LGV1"},"geometry":{"type":"Point","coordinates":[0.13324782500000037,46.15720258]}},{"id":"41957","type":"Feature","properties":{"_pk_label":"PK 146+600","_voie":"LGV1"},"geometry":{"type":"Point","coordinates":[0.13322785599999978,46.156302080000025]}},{"id":"41977","type":"Feature","properties":{"_pk_label":"PK 146+700","_voie":"LGV1"},"geometry":{"type":"Point","coordinates":[0.1331975060000004,46.15540168000001]}},{"id":"41997","type":"Feature","properties":{"_pk_label":"PK 146+800","_voie":"LGV1"},"geometry":{"type":"Point","coordinates":[0.13315418300000073,46.15450148000001]}},{"id":"42017","type":"Feature","properties":{"_pk_label":"PK 146+900","_voie":"LGV1"},"geometry":{"type":"Point","coordinates":[0.13309800299999963,46.153601690000016]}},{"id":"42057","type":"Feature","properties":{"_pk_label":"PK 147+100","_voie":"LGV1"},"geometry":{"type":"Point","coordinates":[0.13294668600000062,46.15180337]}},{"id":"42077","type":"Feature","properties":{"_pk_label":"PK 147+200","_voie":"LGV1"},"geometry":{"type":"Point","coordinates":[0.13285166399999981,46.15090511]}},{"id":"42097","type":"Feature","properties":{"_pk_label":"PK 147+300","_voie":"LGV1"},"geometry":{"type":"Point","coordinates":[0.1327437780000002,46.150007529999996]}},{"id":"42098","type":"Feature","properties":{"_pk_label":"PK 147+300","_voie":"LGV1"},"geometry":{"type":"Point","coordinates":[0.13274350800000068,46.150005269999994]}},{"id":"42118","type":"Feature","properties":{"_pk_label":"PK 147+400","_voie":"LGV1"},"geometry":{"type":"Point","coordinates":[0.13262392199999967,46.14911081]}},{"id":"42138","type":"Feature","properties":{"_pk_label":"PK 147+500","_voie":"LGV1"},"geometry":{"type":"Point","coordinates":[0.13249717200000022,46.148214549999985]}},{"id":"42158","type":"Feature","properties":{"_pk_label":"PK 147+600","_voie":"LGV1"},"geometry":{"type":"Point","coordinates":[0.13236899200000068,46.14731852]}},{"id":"42178","type":"Feature","properties":{"_pk_label":"PK 147+700","_voie":"LGV1"},"geometry":{"type":"Point","coordinates":[0.13224081900000081,46.146422400000006]}},{"id":"42198","type":"Feature","properties":{"_pk_label":"PK 147+800","_voie":"LGV1"},"geometry":{"type":"Point","coordinates":[0.1321126440000006,46.14552636999999]}},{"id":"42218","type":"Feature","properties":{"_pk_label":"PK 147+900","_voie":"LGV1"},"geometry":{"type":"Point","coordinates":[0.1319844810000002,46.14463026000001]}},{"id":"42258","type":"Feature","properties":{"_pk_label":"PK 148+100","_voie":"LGV1"},"geometry":{"type":"Point","coordinates":[0.1317281580000004,46.142838109999985]}},{"id":"42278","type":"Feature","properties":{"_pk_label":"PK 148+200","_voie":"LGV1"},"geometry":{"type":"Point","coordinates":[0.1316000029999999,46.14194207999999]}},{"id":"42298","type":"Feature","properties":{"_pk_label":"PK 148+300","_voie":"LGV1"},"geometry":{"type":"Point","coordinates":[0.13147185300000114,46.14104596]}},{"id":"42318","type":"Feature","properties":{"_pk_label":"PK 148+400","_voie":"LGV1"},"geometry":{"type":"Point","coordinates":[0.13134357500000052,46.14014993]}},{"id":"42338","type":"Feature","properties":{"_pk_label":"PK 148+500","_voie":"LGV1"},"geometry":{"type":"Point","coordinates":[0.13121543100000166,46.1392539]}},{"id":"42358","type":"Feature","properties":{"_pk_label":"PK 148+600","_voie":"LGV1"},"geometry":{"type":"Point","coordinates":[0.1310872969999991,46.13835778]}},{"id":"42378","type":"Feature","properties":{"_pk_label":"PK 148+700","_voie":"LGV1"},"geometry":{"type":"Point","coordinates":[0.13095916099999974,46.13746175000001]}},{"id":"42398","type":"Feature","properties":{"_pk_label":"PK 148+800","_voie":"LGV1"},"geometry":{"type":"Point","coordinates":[0.13083103300000068,46.13656563000001]}},{"id":"42418","type":"Feature","properties":{"_pk_label":"PK 148+900","_voie":"LGV1"},"geometry":{"type":"Point","coordinates":[0.1307029060000006,46.13566959999999]}},{"id":"42458","type":"Feature","properties":{"_pk_label":"PK 149+100","_voie":"LGV1"},"geometry":{"type":"Point","coordinates":[0.13044666700000085,46.13387744]}},{"id":"42478","type":"Feature","properties":{"_pk_label":"PK 149+200","_voie":"LGV1"},"geometry":{"type":"Point","coordinates":[0.1303185530000004,46.132981410000006]}},{"id":"42498","type":"Feature","properties":{"_pk_label":"PK 149+300","_voie":"LGV1"},"geometry":{"type":"Point","coordinates":[0.1301903170000008,46.132085289999985]}},{"id":"42518","type":"Feature","properties":{"_pk_label":"PK 149+400","_voie":"LGV1"},"geometry":{"type":"Point","coordinates":[0.13006221099999984,46.13118926000001]}},{"id":"42538","type":"Feature","properties":{"_pk_label":"PK 149+500","_voie":"LGV1"},"geometry":{"type":"Point","coordinates":[0.12993411100000118,46.13029314]}},{"id":"42558","type":"Feature","properties":{"_pk_label":"PK 149+600","_voie":"LGV1"},"geometry":{"type":"Point","coordinates":[0.12980601399999991,46.12939711]}},{"id":"42578","type":"Feature","properties":{"_pk_label":"PK 149+700","_voie":"LGV1"},"geometry":{"type":"Point","coordinates":[0.1296779250000013,46.12850097999998]}},{"id":"42598","type":"Feature","properties":{"_pk_label":"PK 149+800","_voie":"LGV1"},"geometry":{"type":"Point","coordinates":[0.12954983299999975,46.127604950000006]}},{"id":"42618","type":"Feature","properties":{"_pk_label":"PK 149+900","_voie":"LGV1"},"geometry":{"type":"Point","coordinates":[0.12942175300000044,46.126708830000005]}},{"id":"42658","type":"Feature","properties":{"_pk_label":"PK 150+100","_voie":"LGV1"},"geometry":{"type":"Point","coordinates":[0.12916559400000038,46.12491675999998]}},{"id":"42678","type":"Feature","properties":{"_pk_label":"PK 150+200","_voie":"LGV1"},"geometry":{"type":"Point","coordinates":[0.12903739700000047,46.12402064]}},{"id":"42698","type":"Feature","properties":{"_pk_label":"PK 150+300","_voie":"LGV1"},"geometry":{"type":"Point","coordinates":[0.12890932800000002,46.12312461]}},{"id":"42718","type":"Feature","properties":{"_pk_label":"PK 150+400","_voie":"LGV1"},"geometry":{"type":"Point","coordinates":[0.12878126700000103,46.12222847999999]}},{"id":"42738","type":"Feature","properties":{"_pk_label":"PK 150+500","_voie":"LGV1"},"geometry":{"type":"Point","coordinates":[0.12865320600000124,46.12133245]}},{"id":"42758","type":"Feature","properties":{"_pk_label":"PK 150+600","_voie":"LGV1"},"geometry":{"type":"Point","coordinates":[0.12852515599999992,46.12043632999998]}},{"id":"42778","type":"Feature","properties":{"_pk_label":"PK 150+700","_voie":"LGV1"},"geometry":{"type":"Point","coordinates":[0.12839710300000043,46.11954029000001]}},{"id":"42798","type":"Feature","properties":{"_pk_label":"PK 150+800","_voie":"LGV1"},"geometry":{"type":"Point","coordinates":[0.12826905799999924,46.11864417000002]}},{"id":"42818","type":"Feature","properties":{"_pk_label":"PK 150+900","_voie":"LGV1"},"geometry":{"type":"Point","coordinates":[0.1281415810000003,46.11775219999999]}},{"id":"42819","type":"Feature","properties":{"_pk_label":"PK 150+900","_voie":"LGV1"},"geometry":{"type":"Point","coordinates":[0.1281410169999996,46.11774813]}},{"id":"42859","type":"Feature","properties":{"_pk_label":"PK 151+100","_voie":"LGV1"},"geometry":{"type":"Point","coordinates":[0.1278929940000015,46.11595563999999]}},{"id":"42879","type":"Feature","properties":{"_pk_label":"PK 151+200","_voie":"LGV1"},"geometry":{"type":"Point","coordinates":[0.12778341900000034,46.115058539999985]}},{"id":"42899","type":"Feature","properties":{"_pk_label":"PK 151+300","_voie":"LGV1"},"geometry":{"type":"Point","coordinates":[0.12768683600000097,46.11416078]}},{"id":"42919","type":"Feature","properties":{"_pk_label":"PK 151+400","_voie":"LGV1"},"geometry":{"type":"Point","coordinates":[0.1276031140000002,46.11326243999999]}},{"id":"42939","type":"Feature","properties":{"_pk_label":"PK 151+500","_voie":"LGV1"},"geometry":{"type":"Point","coordinates":[0.12753173600000012,46.11236341999999]}},{"id":"42959","type":"Feature","properties":{"_pk_label":"PK 151+600","_voie":"LGV1"},"geometry":{"type":"Point","coordinates":[0.12746776100000018,46.111464139999995]}},{"id":"42980","type":"Feature","properties":{"_pk_label":"PK 151+700","_voie":"LGV1"},"geometry":{"type":"Point","coordinates":[0.12740573900000024,46.11056473]}},{"id":"43000","type":"Feature","properties":{"_pk_label":"PK 151+800","_voie":"LGV1"},"geometry":{"type":"Point","coordinates":[0.1273437220000008,46.10966523000002]}},{"id":"43020","type":"Feature","properties":{"_pk_label":"PK 151+900","_voie":"LGV1"},"geometry":{"type":"Point","coordinates":[0.12728170799999997,46.10876573]}},{"id":"43061","type":"Feature","properties":{"_pk_label":"PK 152+100","_voie":"LGV1"},"geometry":{"type":"Point","coordinates":[0.12714718099999947,46.10696699999999]}},{"id":"43081","type":"Feature","properties":{"_pk_label":"PK 152+200","_voie":"LGV1"},"geometry":{"type":"Point","coordinates":[0.12706415300000046,46.10606814000001]}},{"id":"43101","type":"Feature","properties":{"_pk_label":"PK 152+300","_voie":"LGV1"},"geometry":{"type":"Point","coordinates":[0.12696826700000058,46.105169940000025]}},{"id":"43121","type":"Feature","properties":{"_pk_label":"PK 152+400","_voie":"LGV1"},"geometry":{"type":"Point","coordinates":[0.12685952200000009,46.10427249999999]}},{"id":"43141","type":"Feature","properties":{"_pk_label":"PK 152+500","_voie":"LGV1"},"geometry":{"type":"Point","coordinates":[0.12673779200000068,46.103375719999995]}},{"id":"43161","type":"Feature","properties":{"_pk_label":"PK 152+600","_voie":"LGV1"},"geometry":{"type":"Point","coordinates":[0.12660318600000026,46.10247997]}},{"id":"43181","type":"Feature","properties":{"_pk_label":"PK 152+700","_voie":"LGV1"},"geometry":{"type":"Point","coordinates":[0.1264572690000005,46.10158510000001]}},{"id":"43201","type":"Feature","properties":{"_pk_label":"PK 152+800","_voie":"LGV1"},"geometry":{"type":"Point","coordinates":[0.1263052420000004,46.10069079]}},{"id":"43221","type":"Feature","properties":{"_pk_label":"PK 152+900","_voie":"LGV1"},"geometry":{"type":"Point","coordinates":[0.12615217800000061,46.09979656000001]}},{"id":"43261","type":"Feature","properties":{"_pk_label":"PK 153+100","_voie":"LGV1"},"geometry":{"type":"Point","coordinates":[0.12584618599999958,46.09800825999999]}},{"id":"43281","type":"Feature","properties":{"_pk_label":"PK 153+200","_voie":"LGV1"},"geometry":{"type":"Point","coordinates":[0.12569378300000097,46.09711403000001]}},{"id":"43301","type":"Feature","properties":{"_pk_label":"PK 153+300","_voie":"LGV1"},"geometry":{"type":"Point","coordinates":[0.1255465830000017,46.09621949]}},{"id":"43321","type":"Feature","properties":{"_pk_label":"PK 153+400","_voie":"LGV1"},"geometry":{"type":"Point","coordinates":[0.12541056399999995,46.09532424]}},{"id":"43342","type":"Feature","properties":{"_pk_label":"PK 153+500","_voie":"LGV1"},"geometry":{"type":"Point","coordinates":[0.1252913170000009,46.094427879999984]}},{"id":"43362","type":"Feature","properties":{"_pk_label":"PK 153+600","_voie":"LGV1"},"geometry":{"type":"Point","coordinates":[0.12519038899999974,46.09353046000001]}},{"id":"43382","type":"Feature","properties":{"_pk_label":"PK 153+700","_voie":"LGV1"},"geometry":{"type":"Point","coordinates":[0.12510803900000028,46.09263205999999]}},{"id":"43402","type":"Feature","properties":{"_pk_label":"PK 153+800","_voie":"LGV1"},"geometry":{"type":"Point","coordinates":[0.125044117000001,46.09173296]}},{"id":"43422","type":"Feature","properties":{"_pk_label":"PK 153+900","_voie":"LGV1"},"geometry":{"type":"Point","coordinates":[0.12499861400000065,46.090833329999995]}},{"id":"43462","type":"Feature","properties":{"_pk_label":"PK 154+100","_voie":"LGV1"},"geometry":{"type":"Point","coordinates":[0.12496296400000068,46.08903312999999]}},{"id":"43482","type":"Feature","properties":{"_pk_label":"PK 154+200","_voie":"LGV1"},"geometry":{"type":"Point","coordinates":[0.12497291900000047,46.088133019999994]}},{"id":"43502","type":"Feature","properties":{"_pk_label":"PK 154+300","_voie":"LGV1"},"geometry":{"type":"Point","coordinates":[0.1250013860000001,46.08723301]}},{"id":"43522","type":"Feature","properties":{"_pk_label":"PK 154+400","_voie":"LGV1"},"geometry":{"type":"Point","coordinates":[0.1250482220000001,46.08633339]}},{"id":"43542","type":"Feature","properties":{"_pk_label":"PK 154+500","_voie":"LGV1"},"geometry":{"type":"Point","coordinates":[0.12511353900000016,46.08543441]}},{"id":"43562","type":"Feature","properties":{"_pk_label":"PK 154+600","_voie":"LGV1"},"geometry":{"type":"Point","coordinates":[0.1251973420000012,46.084536069999984]}},{"id":"43582","type":"Feature","properties":{"_pk_label":"PK 154+700","_voie":"LGV1"},"geometry":{"type":"Point","coordinates":[0.1252981890000009,46.083638529999995]}},{"id":"43602","type":"Feature","properties":{"_pk_label":"PK 154+800","_voie":"LGV1"},"geometry":{"type":"Point","coordinates":[0.1254106559999995,46.08274165000002]}},{"id":"43622","type":"Feature","properties":{"_pk_label":"PK 154+900","_voie":"LGV1"},"geometry":{"type":"Point","coordinates":[0.12552880800000044,46.08184491000001]}},{"id":"43662","type":"Feature","properties":{"_pk_label":"PK 155+100","_voie":"LGV1"},"geometry":{"type":"Point","coordinates":[0.12576664700000045,46.08005154999999]}},{"id":"43682","type":"Feature","properties":{"_pk_label":"PK 155+200","_voie":"LGV1"},"geometry":{"type":"Point","coordinates":[0.12588555800000087,46.07915491999999]}},{"id":"43702","type":"Feature","properties":{"_pk_label":"PK 155+300","_voie":"LGV1"},"geometry":{"type":"Point","coordinates":[0.12600447200000023,46.0782582]}},{"id":"43722","type":"Feature","properties":{"_pk_label":"PK 155+400","_voie":"LGV1"},"geometry":{"type":"Point","coordinates":[0.12612337500000076,46.077361569999994]}},{"id":"43742","type":"Feature","properties":{"_pk_label":"PK 155+500","_voie":"LGV1"},"geometry":{"type":"Point","coordinates":[0.12624228099999946,46.076464849999994]}},{"id":"43762","type":"Feature","properties":{"_pk_label":"PK 155+600","_voie":"LGV1"},"geometry":{"type":"Point","coordinates":[0.12636117799999966,46.07556821]}},{"id":"43782","type":"Feature","properties":{"_pk_label":"PK 155+700","_voie":"LGV1"},"geometry":{"type":"Point","coordinates":[0.12648007500000025,46.07467149]}},{"id":"43802","type":"Feature","properties":{"_pk_label":"PK 155+800","_voie":"LGV1"},"geometry":{"type":"Point","coordinates":[0.1265989610000004,46.07377486]}},{"id":"43822","type":"Feature","properties":{"_pk_label":"PK 155+900","_voie":"LGV1"},"geometry":{"type":"Point","coordinates":[0.12671785000000071,46.07287813999998]}},{"id":"43862","type":"Feature","properties":{"_pk_label":"PK 156+100","_voie":"LGV1"},"geometry":{"type":"Point","coordinates":[0.1269547140000006,46.07108466999999]}},{"id":"43882","type":"Feature","properties":{"_pk_label":"PK 156+200","_voie":"LGV1"},"geometry":{"type":"Point","coordinates":[0.12706714400000071,46.07018742]}},{"id":"43902","type":"Feature","properties":{"_pk_label":"PK 156+300","_voie":"LGV1"},"geometry":{"type":"Point","coordinates":[0.12717105000000012,46.06928978000001]}},{"id":"43922","type":"Feature","properties":{"_pk_label":"PK 156+400","_voie":"LGV1"},"geometry":{"type":"Point","coordinates":[0.12726630800000013,46.06839155]}},{"id":"43942","type":"Feature","properties":{"_pk_label":"PK 156+500","_voie":"LGV1"},"geometry":{"type":"Point","coordinates":[0.12735291100000024,46.067492929999986]}},{"id":"43962","type":"Feature","properties":{"_pk_label":"PK 156+600","_voie":"LGV1"},"geometry":{"type":"Point","coordinates":[0.127430981,46.066593999999995]}},{"id":"43982","type":"Feature","properties":{"_pk_label":"PK 156+700","_voie":"LGV1"},"geometry":{"type":"Point","coordinates":[0.1275003970000016,46.065694679999986]}},{"id":"44002","type":"Feature","properties":{"_pk_label":"PK 156+800","_voie":"LGV1"},"geometry":{"type":"Point","coordinates":[0.127561286000002,46.06479503999999]}},{"id":"44022","type":"Feature","properties":{"_pk_label":"PK 156+900","_voie":"LGV1"},"geometry":{"type":"Point","coordinates":[0.12761351400000054,46.06389509000002]}},{"id":"44062","type":"Feature","properties":{"_pk_label":"PK 157+100","_voie":"LGV1"},"geometry":{"type":"Point","coordinates":[0.12769210000000086,46.06209472999998]}},{"id":"44082","type":"Feature","properties":{"_pk_label":"PK 157+200","_voie":"LGV1"},"geometry":{"type":"Point","coordinates":[0.12771833100000016,46.06119431000001]}},{"id":"44102","type":"Feature","properties":{"_pk_label":"PK 157+300","_voie":"LGV1"},"geometry":{"type":"Point","coordinates":[0.1277361529999998,46.06029377000001]}},{"id":"44122","type":"Feature","properties":{"_pk_label":"PK 157+400","_voie":"LGV1"},"geometry":{"type":"Point","coordinates":[0.12774517799999985,46.059393180000015]}},{"id":"44142","type":"Feature","properties":{"_pk_label":"PK 157+500","_voie":"LGV1"},"geometry":{"type":"Point","coordinates":[0.1277456580000005,46.05849254999999]}},{"id":"44162","type":"Feature","properties":{"_pk_label":"PK 157+600","_voie":"LGV1"},"geometry":{"type":"Point","coordinates":[0.12773746900000027,46.05759189]}},{"id":"44182","type":"Feature","properties":{"_pk_label":"PK 157+700","_voie":"LGV1"},"geometry":{"type":"Point","coordinates":[0.12772073299999945,46.05669137000001]}},{"id":"44202","type":"Feature","properties":{"_pk_label":"PK 157+800","_voie":"LGV1"},"geometry":{"type":"Point","coordinates":[0.12769532200000097,46.05579089999998]}},{"id":"44222","type":"Feature","properties":{"_pk_label":"PK 157+900","_voie":"LGV1"},"geometry":{"type":"Point","coordinates":[0.1276613610000002,46.054890580000006]}},{"id":"44262","type":"Feature","properties":{"_pk_label":"PK 158+100","_voie":"LGV1"},"geometry":{"type":"Point","coordinates":[0.12756740000000072,46.05309053]}},{"id":"44282","type":"Feature","properties":{"_pk_label":"PK 158+200","_voie":"LGV1"},"geometry":{"type":"Point","coordinates":[0.12750752200000076,46.05219089]}},{"id":"44302","type":"Feature","properties":{"_pk_label":"PK 158+300","_voie":"LGV1"},"geometry":{"type":"Point","coordinates":[0.1274392250000005,46.05129149999998]}},{"id":"44322","type":"Feature","properties":{"_pk_label":"PK 158+400","_voie":"LGV1"},"geometry":{"type":"Point","coordinates":[0.1273658640000008,46.05039243]}},{"id":"44342","type":"Feature","properties":{"_pk_label":"PK 158+500","_voie":"LGV1"},"geometry":{"type":"Point","coordinates":[0.1272917250000005,46.04949343]}},{"id":"44362","type":"Feature","properties":{"_pk_label":"PK 158+600","_voie":"LGV1"},"geometry":{"type":"Point","coordinates":[0.1272177190000006,46.04859443]}},{"id":"44382","type":"Feature","properties":{"_pk_label":"PK 158+700","_voie":"LGV1"},"geometry":{"type":"Point","coordinates":[0.12714371399999969,46.04769542999998]}},{"id":"44402","type":"Feature","properties":{"_pk_label":"PK 158+800","_voie":"LGV1"},"geometry":{"type":"Point","coordinates":[0.12706971100000033,46.046796430000015]}},{"id":"44422","type":"Feature","properties":{"_pk_label":"PK 158+900","_voie":"LGV1"},"geometry":{"type":"Point","coordinates":[0.1269955830000005,46.04589742999999]}},{"id":"44462","type":"Feature","properties":{"_pk_label":"PK 159+100","_voie":"LGV1"},"geometry":{"type":"Point","coordinates":[0.12684759400000056,46.04409934]}},{"id":"44482","type":"Feature","properties":{"_pk_label":"PK 159+200","_voie":"LGV1"},"geometry":{"type":"Point","coordinates":[0.12677360300000068,46.043200350000006]}},{"id":"44502","type":"Feature","properties":{"_pk_label":"PK 159+300","_voie":"LGV1"},"geometry":{"type":"Point","coordinates":[0.12669948299999992,46.04230134]}},{"id":"44522","type":"Feature","properties":{"_pk_label":"PK 159+400","_voie":"LGV1"},"geometry":{"type":"Point","coordinates":[0.12662549699999975,46.04140235]}},{"id":"44542","type":"Feature","properties":{"_pk_label":"PK 159+500","_voie":"LGV1"},"geometry":{"type":"Point","coordinates":[0.12655151100000156,46.04050335]}},{"id":"44562","type":"Feature","properties":{"_pk_label":"PK 159+600","_voie":"LGV1"},"geometry":{"type":"Point","coordinates":[0.12647753300000167,46.03960426]}},{"id":"44582","type":"Feature","properties":{"_pk_label":"PK 159+700","_voie":"LGV1"},"geometry":{"type":"Point","coordinates":[0.12640342499999996,46.03870526000001]}},{"id":"44602","type":"Feature","properties":{"_pk_label":"PK 159+800","_voie":"LGV1"},"geometry":{"type":"Point","coordinates":[0.12632944700000087,46.03780626]}},{"id":"44622","type":"Feature","properties":{"_pk_label":"PK 159+900","_voie":"LGV1"},"geometry":{"type":"Point","coordinates":[0.12625547199999995,46.03690725999999]}},{"id":"44662","type":"Feature","properties":{"_pk_label":"PK 160+100","_voie":"LGV1"},"geometry":{"type":"Point","coordinates":[0.126107397,46.03510925999999]}},{"id":"44682","type":"Feature","properties":{"_pk_label":"PK 160+200","_voie":"LGV1"},"geometry":{"type":"Point","coordinates":[0.12603343299999994,46.034210169999994]}},{"id":"44702","type":"Feature","properties":{"_pk_label":"PK 160+300","_voie":"LGV1"},"geometry":{"type":"Point","coordinates":[0.12595946900000066,46.03331116999999]}},{"id":"44722","type":"Feature","properties":{"_pk_label":"PK 160+400","_voie":"LGV1"},"geometry":{"type":"Point","coordinates":[0.1258853780000009,46.03241215999999]}},{"id":"44742","type":"Feature","properties":{"_pk_label":"PK 160+500","_voie":"LGV1"},"geometry":{"type":"Point","coordinates":[0.1258114170000006,46.031513159999996]}},{"id":"44762","type":"Feature","properties":{"_pk_label":"PK 160+600","_voie":"LGV1"},"geometry":{"type":"Point","coordinates":[0.12573745800000066,46.03061417]}},{"id":"44782","type":"Feature","properties":{"_pk_label":"PK 160+700","_voie":"LGV1"},"geometry":{"type":"Point","coordinates":[0.1256635000000009,46.02971517000001]}},{"id":"44802","type":"Feature","properties":{"_pk_label":"PK 160+800","_voie":"LGV1"},"geometry":{"type":"Point","coordinates":[0.12558942200000037,46.02881606999999]}},{"id":"44822","type":"Feature","properties":{"_pk_label":"PK 160+900","_voie":"LGV1"},"geometry":{"type":"Point","coordinates":[0.12551547200000052,46.02791706999999]}},{"id":"44862","type":"Feature","properties":{"_pk_label":"PK 161+100","_voie":"LGV1"},"geometry":{"type":"Point","coordinates":[0.1253675779999999,46.02611906999999]}},{"id":"44882","type":"Feature","properties":{"_pk_label":"PK 161+200","_voie":"LGV1"},"geometry":{"type":"Point","coordinates":[0.12529350299999953,46.02522007]}},{"id":"44902","type":"Feature","properties":{"_pk_label":"PK 161+300","_voie":"LGV1"},"geometry":{"type":"Point","coordinates":[0.12521956100000037,46.024321070000006]}},{"id":"44922","type":"Feature","properties":{"_pk_label":"PK 161+400","_voie":"LGV1"},"geometry":{"type":"Point","coordinates":[0.12514562800000045,46.023421979999995]}},{"id":"44942","type":"Feature","properties":{"_pk_label":"PK 161+500","_voie":"LGV1"},"geometry":{"type":"Point","coordinates":[0.1250716920000008,46.02252298]}},{"id":"44962","type":"Feature","properties":{"_pk_label":"PK 161+600","_voie":"LGV1"},"geometry":{"type":"Point","coordinates":[0.12499762800000089,46.021623979999994]}},{"id":"44982","type":"Feature","properties":{"_pk_label":"PK 161+700","_voie":"LGV1"},"geometry":{"type":"Point","coordinates":[0.12492369400000079,46.02072498]}},{"id":"45002","type":"Feature","properties":{"_pk_label":"PK 161+800","_voie":"LGV1"},"geometry":{"type":"Point","coordinates":[0.12484976700000003,46.01982598000001]}},{"id":"45022","type":"Feature","properties":{"_pk_label":"PK 161+900","_voie":"LGV1"},"geometry":{"type":"Point","coordinates":[0.12477583899999986,46.01892698000001]}},{"id":"45062","type":"Feature","properties":{"_pk_label":"PK 162+100","_voie":"LGV1"},"geometry":{"type":"Point","coordinates":[0.1246278669999999,46.017128879999994]}},{"id":"45082","type":"Feature","properties":{"_pk_label":"PK 162+200","_voie":"LGV1"},"geometry":{"type":"Point","coordinates":[0.12455394700000043,46.016229880000004]}},{"id":"45102","type":"Feature","properties":{"_pk_label":"PK 162+300","_voie":"LGV1"},"geometry":{"type":"Point","coordinates":[0.12447990000000049,46.01533088]}},{"id":"45122","type":"Feature","properties":{"_pk_label":"PK 162+400","_voie":"LGV1"},"geometry":{"type":"Point","coordinates":[0.12440598600000013,46.014431880000004]}},{"id":"45142","type":"Feature","properties":{"_pk_label":"PK 162+500","_voie":"LGV1"},"geometry":{"type":"Point","coordinates":[0.12433207499999874,46.013532870000006]}},{"id":"45162","type":"Feature","properties":{"_pk_label":"PK 162+600","_voie":"LGV1"},"geometry":{"type":"Point","coordinates":[0.12425816899999986,46.012633779999994]}},{"id":"45182","type":"Feature","properties":{"_pk_label":"PK 162+700","_voie":"LGV1"},"geometry":{"type":"Point","coordinates":[0.1241841310000012,46.01173477999998]}},{"id":"45202","type":"Feature","properties":{"_pk_label":"PK 162+800","_voie":"LGV1"},"geometry":{"type":"Point","coordinates":[0.12411022499999953,46.01083578000002]}},{"id":"45222","type":"Feature","properties":{"_pk_label":"PK 162+900","_voie":"LGV1"},"geometry":{"type":"Point","coordinates":[0.12403632200000003,46.00993677999999]}},{"id":"45262","type":"Feature","properties":{"_pk_label":"PK 163+100","_voie":"LGV1"},"geometry":{"type":"Point","coordinates":[0.12388839400000028,46.00813876999999]}},{"id":"45282","type":"Feature","properties":{"_pk_label":"PK 163+200","_voie":"LGV1"},"geometry":{"type":"Point","coordinates":[0.12381450600000116,46.00723968]}},{"id":"45302","type":"Feature","properties":{"_pk_label":"PK 163+300","_voie":"LGV1"},"geometry":{"type":"Point","coordinates":[0.12374061100000114,46.00634068]}},{"id":"45322","type":"Feature","properties":{"_pk_label":"PK 163+400","_voie":"LGV1"},"geometry":{"type":"Point","coordinates":[0.12366671900000088,46.00544168]}},{"id":"45342","type":"Feature","properties":{"_pk_label":"PK 163+500","_voie":"LGV1"},"geometry":{"type":"Point","coordinates":[0.12359270300000033,46.004542669999985]}},{"id":"45362","type":"Feature","properties":{"_pk_label":"PK 163+600","_voie":"LGV1"},"geometry":{"type":"Point","coordinates":[0.12351881700000039,46.00364367]}},{"id":"45382","type":"Feature","properties":{"_pk_label":"PK 163+700","_voie":"LGV1"},"geometry":{"type":"Point","coordinates":[0.12344493300000042,46.00274466999999]}},{"id":"45402","type":"Feature","properties":{"_pk_label":"PK 163+800","_voie":"LGV1"},"geometry":{"type":"Point","coordinates":[0.12337105800000132,46.001845579999994]}},{"id":"45422","type":"Feature","properties":{"_pk_label":"PK 163+900","_voie":"LGV1"},"geometry":{"type":"Point","coordinates":[0.12329705000000106,46.00094656999998]}},{"id":"45462","type":"Feature","properties":{"_pk_label":"PK 164+100","_voie":"LGV1"},"geometry":{"type":"Point","coordinates":[0.12314930000000128,45.99914856999998]}},{"id":"45482","type":"Feature","properties":{"_pk_label":"PK 164+200","_voie":"LGV1"},"geometry":{"type":"Point","coordinates":[0.12307542800000075,45.99824956]}},{"id":"45502","type":"Feature","properties":{"_pk_label":"PK 164+300","_voie":"LGV1"},"geometry":{"type":"Point","coordinates":[0.12300143100000092,45.99735056]}},{"id":"45522","type":"Feature","properties":{"_pk_label":"PK 164+400","_voie":"LGV1"},"geometry":{"type":"Point","coordinates":[0.1229275669999995,45.99645147]}},{"id":"45542","type":"Feature","properties":{"_pk_label":"PK 164+500","_voie":"LGV1"},"geometry":{"type":"Point","coordinates":[0.12285370300000086,45.99555245999998]}},{"id":"45562","type":"Feature","properties":{"_pk_label":"PK 164+600","_voie":"LGV1"},"geometry":{"type":"Point","coordinates":[0.12277971100000036,45.99465345999999]}},{"id":"45582","type":"Feature","properties":{"_pk_label":"PK 164+700","_voie":"LGV1"},"geometry":{"type":"Point","coordinates":[0.12270585300000084,45.993754460000005]}},{"id":"45602","type":"Feature","properties":{"_pk_label":"PK 164+800","_voie":"LGV1"},"geometry":{"type":"Point","coordinates":[0.12263199399999994,45.99285546000001]}},{"id":"45622","type":"Feature","properties":{"_pk_label":"PK 164+900","_voie":"LGV1"},"geometry":{"type":"Point","coordinates":[0.12256021099999956,45.99195641000001]}},{"id":"45663","type":"Feature","properties":{"_pk_label":"PK 165+100","_voie":"LGV1"},"geometry":{"type":"Point","coordinates":[0.12243930800000027,45.99015765000001]}},{"id":"45683","type":"Feature","properties":{"_pk_label":"PK 165+200","_voie":"LGV1"},"geometry":{"type":"Point","coordinates":[0.12239173900000085,45.98925796]}},{"id":"45703","type":"Feature","properties":{"_pk_label":"PK 165+300","_voie":"LGV1"},"geometry":{"type":"Point","coordinates":[0.12235284699999943,45.98835796000001]}},{"id":"45723","type":"Feature","properties":{"_pk_label":"PK 165+400","_voie":"LGV1"},"geometry":{"type":"Point","coordinates":[0.12232249399999949,45.98745790000002]}},{"id":"45743","type":"Feature","properties":{"_pk_label":"PK 165+500","_voie":"LGV1"},"geometry":{"type":"Point","coordinates":[0.12230081100000144,45.98655761]}},{"id":"45763","type":"Feature","properties":{"_pk_label":"PK 165+600","_voie":"LGV1"},"geometry":{"type":"Point","coordinates":[0.12228779200000138,45.98565735999998]}},{"id":"45783","type":"Feature","properties":{"_pk_label":"PK 165+700","_voie":"LGV1"},"geometry":{"type":"Point","coordinates":[0.12228317799999984,45.98475696000001]}},{"id":"45803","type":"Feature","properties":{"_pk_label":"PK 165+800","_voie":"LGV1"},"geometry":{"type":"Point","coordinates":[0.12228464399999987,45.98385654]}},{"id":"45823","type":"Feature","properties":{"_pk_label":"PK 165+900","_voie":"LGV1"},"geometry":{"type":"Point","coordinates":[0.12228714400000022,45.98295604999999]}},{"id":"45863","type":"Feature","properties":{"_pk_label":"PK 166+100","_voie":"LGV1"},"geometry":{"type":"Point","coordinates":[0.12229227800000107,45.98115507999999]}},{"id":"45883","type":"Feature","properties":{"_pk_label":"PK 166+200","_voie":"LGV1"},"geometry":{"type":"Point","coordinates":[0.12229478100000118,45.980254589999994]}},{"id":"45903","type":"Feature","properties":{"_pk_label":"PK 166+300","_voie":"LGV1"},"geometry":{"type":"Point","coordinates":[0.12229741100000056,45.97935410999999]}},{"id":"45923","type":"Feature","properties":{"_pk_label":"PK 166+400","_voie":"LGV1"},"geometry":{"type":"Point","coordinates":[0.12229991400000066,45.97845362000001]}},{"id":"45943","type":"Feature","properties":{"_pk_label":"PK 166+500","_voie":"LGV1"},"geometry":{"type":"Point","coordinates":[0.12230241400000061,45.97755313999999]}},{"id":"45963","type":"Feature","properties":{"_pk_label":"PK 166+600","_voie":"LGV1"},"geometry":{"type":"Point","coordinates":[0.12230491699999992,45.97665264999999]}},{"id":"45983","type":"Feature","properties":{"_pk_label":"PK 166+700","_voie":"LGV1"},"geometry":{"type":"Point","coordinates":[0.1223075530000008,45.97575208000001]}},{"id":"46003","type":"Feature","properties":{"_pk_label":"PK 166+800","_voie":"LGV1"},"geometry":{"type":"Point","coordinates":[0.12231005300000036,45.97485159000001]}},{"id":"46023","type":"Feature","properties":{"_pk_label":"PK 166+900","_voie":"LGV1"},"geometry":{"type":"Point","coordinates":[0.1223125529999995,45.973951099999994]}},{"id":"46063","type":"Feature","properties":{"_pk_label":"PK 167+100","_voie":"LGV1"},"geometry":{"type":"Point","coordinates":[0.12232090800000069,45.97215031000001]}},{"id":"46083","type":"Feature","properties":{"_pk_label":"PK 167+200","_voie":"LGV1"},"geometry":{"type":"Point","coordinates":[0.12233451699999992,45.971249920000005]}},{"id":"46103","type":"Feature","properties":{"_pk_label":"PK 167+300","_voie":"LGV1"},"geometry":{"type":"Point","coordinates":[0.12235651400000007,45.97034974999998]}},{"id":"46123","type":"Feature","properties":{"_pk_label":"PK 167+400","_voie":"LGV1"},"geometry":{"type":"Point","coordinates":[0.12238729699999976,45.96944962000002]}},{"id":"46143","type":"Feature","properties":{"_pk_label":"PK 167+500","_voie":"LGV1"},"geometry":{"type":"Point","coordinates":[0.12242659399999986,45.96854970999999]}},{"id":"46163","type":"Feature","properties":{"_pk_label":"PK 167+600","_voie":"LGV1"},"geometry":{"type":"Point","coordinates":[0.12247454200000071,45.96764993000001]}},{"id":"46183","type":"Feature","properties":{"_pk_label":"PK 167+700","_voie":"LGV1"},"geometry":{"type":"Point","coordinates":[0.12253100000000006,45.96675045]}},{"id":"46203","type":"Feature","properties":{"_pk_label":"PK 167+800","_voie":"LGV1"},"geometry":{"type":"Point","coordinates":[0.12259610000000087,45.965851289999996]}},{"id":"46223","type":"Feature","properties":{"_pk_label":"PK 167+900","_voie":"LGV1"},"geometry":{"type":"Point","coordinates":[0.12266984200000038,45.964952339999996]}},{"id":"46263","type":"Feature","properties":{"_pk_label":"PK 168+100","_voie":"LGV1"},"geometry":{"type":"Point","coordinates":[0.12283884700000001,45.96315536]}},{"id":"46283","type":"Feature","properties":{"_pk_label":"PK 168+200","_voie":"LGV1"},"geometry":{"type":"Point","coordinates":[0.12292625000000003,45.96225694000001]}},{"id":"46303","type":"Feature","properties":{"_pk_label":"PK 168+300","_voie":"LGV1"},"geometry":{"type":"Point","coordinates":[0.12301365000000028,45.96135852]}},{"id":"46323","type":"Feature","properties":{"_pk_label":"PK 168+400","_voie":"LGV1"},"geometry":{"type":"Point","coordinates":[0.1231011780000004,45.96046010999999]}},{"id":"46343","type":"Feature","properties":{"_pk_label":"PK 168+500","_voie":"LGV1"},"geometry":{"type":"Point","coordinates":[0.12318857200000152,45.95956169]}},{"id":"46363","type":"Feature","properties":{"_pk_label":"PK 168+600","_voie":"LGV1"},"geometry":{"type":"Point","coordinates":[0.12327596399999989,45.95866327000002]}},{"id":"46383","type":"Feature","properties":{"_pk_label":"PK 168+700","_voie":"LGV1"},"geometry":{"type":"Point","coordinates":[0.12336348100000154,45.95776485]}},{"id":"46403","type":"Feature","properties":{"_pk_label":"PK 168+800","_voie":"LGV1"},"geometry":{"type":"Point","coordinates":[0.12345086700000078,45.95686642999998]}},{"id":"46423","type":"Feature","properties":{"_pk_label":"PK 168+900","_voie":"LGV1"},"geometry":{"type":"Point","coordinates":[0.12353825000000067,45.95596801000001]}},{"id":"46463","type":"Feature","properties":{"_pk_label":"PK 169+100","_voie":"LGV1"},"geometry":{"type":"Point","coordinates":[0.1237131360000004,45.95417118]}},{"id":"46483","type":"Feature","properties":{"_pk_label":"PK 169+200","_voie":"LGV1"},"geometry":{"type":"Point","coordinates":[0.12380051400000096,45.95327267]}},{"id":"46503","type":"Feature","properties":{"_pk_label":"PK 169+300","_voie":"LGV1"},"geometry":{"type":"Point","coordinates":[0.12388801399999985,45.95237426000001]}},{"id":"46523","type":"Feature","properties":{"_pk_label":"PK 169+400","_voie":"LGV1"},"geometry":{"type":"Point","coordinates":[0.12397538300000033,45.95147583999999]}},{"id":"46543","type":"Feature","properties":{"_pk_label":"PK 169+500","_voie":"LGV1"},"geometry":{"type":"Point","coordinates":[0.12406275000000043,45.950577419999995]}},{"id":"46563","type":"Feature","properties":{"_pk_label":"PK 169+600","_voie":"LGV1"},"geometry":{"type":"Point","coordinates":[0.12415024200000102,45.949678999999996]}},{"id":"46583","type":"Feature","properties":{"_pk_label":"PK 169+700","_voie":"LGV1"},"geometry":{"type":"Point","coordinates":[0.12423760000000025,45.94878058]}},{"id":"46603","type":"Feature","properties":{"_pk_label":"PK 169+800","_voie":"LGV1"},"geometry":{"type":"Point","coordinates":[0.12432495799999949,45.94788216000002]}},{"id":"46623","type":"Feature","properties":{"_pk_label":"PK 169+900","_voie":"LGV1"},"geometry":{"type":"Point","coordinates":[0.12441244200000019,45.94698374000002]}},{"id":"46663","type":"Feature","properties":{"_pk_label":"PK 170+100","_voie":"LGV1"},"geometry":{"type":"Point","coordinates":[0.12458714200000005,45.94518690999999]}},{"id":"46683","type":"Feature","properties":{"_pk_label":"PK 170+200","_voie":"LGV1"},"geometry":{"type":"Point","coordinates":[0.12467461699999989,45.94428849000001]}},{"id":"46703","type":"Feature","properties":{"_pk_label":"PK 170+300","_voie":"LGV1"},"geometry":{"type":"Point","coordinates":[0.12476196400000066,45.94338997999999]}},{"id":"46723","type":"Feature","properties":{"_pk_label":"PK 170+400","_voie":"LGV1"},"geometry":{"type":"Point","coordinates":[0.1248493060000001,45.94249155999999]}},{"id":"46743","type":"Feature","properties":{"_pk_label":"PK 170+500","_voie":"LGV1"},"geometry":{"type":"Point","coordinates":[0.12493664199999963,45.94159314000002]}},{"id":"46763","type":"Feature","properties":{"_pk_label":"PK 170+600","_voie":"LGV1"},"geometry":{"type":"Point","coordinates":[0.1250241060000018,45.94069473]}},{"id":"46783","type":"Feature","properties":{"_pk_label":"PK 170+700","_voie":"LGV1"},"geometry":{"type":"Point","coordinates":[0.12511143600000102,45.93979629999999]}},{"id":"46803","type":"Feature","properties":{"_pk_label":"PK 170+800","_voie":"LGV1"},"geometry":{"type":"Point","coordinates":[0.1251987670000004,45.93889788]}},{"id":"46823","type":"Feature","properties":{"_pk_label":"PK 170+900","_voie":"LGV1"},"geometry":{"type":"Point","coordinates":[0.12528621900000075,45.93799947000001]}},{"id":"46863","type":"Feature","properties":{"_pk_label":"PK 171+100","_voie":"LGV1"},"geometry":{"type":"Point","coordinates":[0.12546086400000075,45.93620263]}},{"id":"46883","type":"Feature","properties":{"_pk_label":"PK 171+200","_voie":"LGV1"},"geometry":{"type":"Point","coordinates":[0.12554830800000083,45.93530420999999]}},{"id":"46903","type":"Feature","properties":{"_pk_label":"PK 171+300","_voie":"LGV1"},"geometry":{"type":"Point","coordinates":[0.1256356250000012,45.934405789999985]}},{"id":"46923","type":"Feature","properties":{"_pk_label":"PK 171+400","_voie":"LGV1"},"geometry":{"type":"Point","coordinates":[0.12572293600000087,45.93350737]}},{"id":"46943","type":"Feature","properties":{"_pk_label":"PK 171+500","_voie":"LGV1"},"geometry":{"type":"Point","coordinates":[0.12581037800000014,45.932608859999995]}},{"id":"46963","type":"Feature","properties":{"_pk_label":"PK 171+600","_voie":"LGV1"},"geometry":{"type":"Point","coordinates":[0.1258976830000007,45.931710439999996]}},{"id":"46983","type":"Feature","properties":{"_pk_label":"PK 171+700","_voie":"LGV1"},"geometry":{"type":"Point","coordinates":[0.12598498600000127,45.93081201999998]}},{"id":"47003","type":"Feature","properties":{"_pk_label":"PK 171+800","_voie":"LGV1"},"geometry":{"type":"Point","coordinates":[0.12607241699999971,45.9299136]}},{"id":"47023","type":"Feature","properties":{"_pk_label":"PK 171+900","_voie":"LGV1"},"geometry":{"type":"Point","coordinates":[0.12615971400000076,45.92901518]}},{"id":"47063","type":"Feature","properties":{"_pk_label":"PK 172+100","_voie":"LGV1"},"geometry":{"type":"Point","coordinates":[0.12633442800000003,45.92721834]}},{"id":"47083","type":"Feature","properties":{"_pk_label":"PK 172+200","_voie":"LGV1"},"geometry":{"type":"Point","coordinates":[0.1264217170000008,45.926319919999976]}},{"id":"47103","type":"Feature","properties":{"_pk_label":"PK 172+300","_voie":"LGV1"},"geometry":{"type":"Point","coordinates":[0.1265090030000006,45.92542149999998]}},{"id":"47123","type":"Feature","properties":{"_pk_label":"PK 172+400","_voie":"LGV1"},"geometry":{"type":"Point","coordinates":[0.12659641700000066,45.92452307999999]}},{"id":"47143","type":"Feature","properties":{"_pk_label":"PK 172+500","_voie":"LGV1"},"geometry":{"type":"Point","coordinates":[0.12668369700000015,45.923624659999994]}},{"id":"47163","type":"Feature","properties":{"_pk_label":"PK 172+600","_voie":"LGV1"},"geometry":{"type":"Point","coordinates":[0.12677097800000103,45.922726149999995]}},{"id":"47183","type":"Feature","properties":{"_pk_label":"PK 172+700","_voie":"LGV1"},"geometry":{"type":"Point","coordinates":[0.12685838100000063,45.92182772999999]}},{"id":"47203","type":"Feature","properties":{"_pk_label":"PK 172+800","_voie":"LGV1"},"geometry":{"type":"Point","coordinates":[0.12694565300000063,45.92092930999999]}},{"id":"47223","type":"Feature","properties":{"_pk_label":"PK 172+900","_voie":"LGV1"},"geometry":{"type":"Point","coordinates":[0.12703292200000008,45.92003089]}},{"id":"47263","type":"Feature","properties":{"_pk_label":"PK 173+100","_voie":"LGV1"},"geometry":{"type":"Point","coordinates":[0.1272075810000003,45.91823405]}},{"id":"47283","type":"Feature","properties":{"_pk_label":"PK 173+200","_voie":"LGV1"},"geometry":{"type":"Point","coordinates":[0.12729484200000024,45.91733563]}},{"id":"47303","type":"Feature","properties":{"_pk_label":"PK 173+300","_voie":"LGV1"},"geometry":{"type":"Point","coordinates":[0.1273822279999999,45.91643721]}},{"id":"47323","type":"Feature","properties":{"_pk_label":"PK 173+400","_voie":"LGV1"},"geometry":{"type":"Point","coordinates":[0.1274694829999999,45.91553878999999]}},{"id":"47343","type":"Feature","properties":{"_pk_label":"PK 173+500","_voie":"LGV1"},"geometry":{"type":"Point","coordinates":[0.1275567330000002,45.914640359999986]}},{"id":"47363","type":"Feature","properties":{"_pk_label":"PK 173+600","_voie":"LGV1"},"geometry":{"type":"Point","coordinates":[0.12764411100000037,45.91374194]}},{"id":"47383","type":"Feature","properties":{"_pk_label":"PK 173+700","_voie":"LGV1"},"geometry":{"type":"Point","coordinates":[0.12773136400000082,45.912843430000024]}},{"id":"47403","type":"Feature","properties":{"_pk_label":"PK 173+800","_voie":"LGV1"},"geometry":{"type":"Point","coordinates":[0.12781860600000083,45.91194500999999]}},{"id":"47423","type":"Feature","properties":{"_pk_label":"PK 173+900","_voie":"LGV1"},"geometry":{"type":"Point","coordinates":[0.12790584699999946,45.91104659000001]}},{"id":"47463","type":"Feature","properties":{"_pk_label":"PK 174+100","_voie":"LGV1"},"geometry":{"type":"Point","coordinates":[0.12808044699999988,45.909249749999994]}},{"id":"47483","type":"Feature","properties":{"_pk_label":"PK 174+200","_voie":"LGV1"},"geometry":{"type":"Point","coordinates":[0.1281676810000004,45.90835133000001]}},{"id":"47503","type":"Feature","properties":{"_pk_label":"PK 174+300","_voie":"LGV1"},"geometry":{"type":"Point","coordinates":[0.12825478100000032,45.90745290000002]}},{"id":"47523","type":"Feature","properties":{"_pk_label":"PK 174+400","_voie":"LGV1"},"geometry":{"type":"Point","coordinates":[0.12833802500000038,45.90655411000001]}},{"id":"47543","type":"Feature","properties":{"_pk_label":"PK 174+500","_voie":"LGV1"},"geometry":{"type":"Point","coordinates":[0.12841147800000044,45.90565488]}},{"id":"47563","type":"Feature","properties":{"_pk_label":"PK 174+600","_voie":"LGV1"},"geometry":{"type":"Point","coordinates":[0.12846934200000062,45.904755089999995]}},{"id":"47583","type":"Feature","properties":{"_pk_label":"PK 174+700","_voie":"LGV1"},"geometry":{"type":"Point","coordinates":[0.12850851899999996,45.90385471999999]}},{"id":"47603","type":"Feature","properties":{"_pk_label":"PK 174+800","_voie":"LGV1"},"geometry":{"type":"Point","coordinates":[0.1285288640000006,45.90295406]}},{"id":"47623","type":"Feature","properties":{"_pk_label":"PK 174+900","_voie":"LGV1"},"geometry":{"type":"Point","coordinates":[0.12853063100000076,45.90205329]}},{"id":"47663","type":"Feature","properties":{"_pk_label":"PK 175+100","_voie":"LGV1"},"geometry":{"type":"Point","coordinates":[0.12847761400000113,45.90025210999999]}},{"id":"47683","type":"Feature","properties":{"_pk_label":"PK 175+200","_voie":"LGV1"},"geometry":{"type":"Point","coordinates":[0.12842306900000033,45.899352159999985]}},{"id":"47703","type":"Feature","properties":{"_pk_label":"PK 175+300","_voie":"LGV1"},"geometry":{"type":"Point","coordinates":[0.12834964999999984,45.89845281]}},{"id":"47723","type":"Feature","properties":{"_pk_label":"PK 175+400","_voie":"LGV1"},"geometry":{"type":"Point","coordinates":[0.1282576029999999,45.89755434]}},{"id":"47743","type":"Feature","properties":{"_pk_label":"PK 175+500","_voie":"LGV1"},"geometry":{"type":"Point","coordinates":[0.1281467940000003,45.896656920000005]}},{"id":"47763","type":"Feature","properties":{"_pk_label":"PK 175+600","_voie":"LGV1"},"geometry":{"type":"Point","coordinates":[0.12801734400000006,45.89576065]}},{"id":"47783","type":"Feature","properties":{"_pk_label":"PK 175+700","_voie":"LGV1"},"geometry":{"type":"Point","coordinates":[0.12786923900000052,45.894865800000005]}},{"id":"47803","type":"Feature","properties":{"_pk_label":"PK 175+800","_voie":"LGV1"},"geometry":{"type":"Point","coordinates":[0.12770247200000037,45.893972639999994]}},{"id":"47823","type":"Feature","properties":{"_pk_label":"PK 175+900","_voie":"LGV1"},"geometry":{"type":"Point","coordinates":[0.12751716700000038,45.89308117]}},{"id":"47863","type":"Feature","properties":{"_pk_label":"PK 176+100","_voie":"LGV1"},"geometry":{"type":"Point","coordinates":[0.1270908940000008,45.89130438]}},{"id":"47883","type":"Feature","properties":{"_pk_label":"PK 176+200","_voie":"LGV1"},"geometry":{"type":"Point","coordinates":[0.12685016700000093,45.89041943]}},{"id":"47903","type":"Feature","properties":{"_pk_label":"PK 176+300","_voie":"LGV1"},"geometry":{"type":"Point","coordinates":[0.12659098899999982,45.88953707999999]}},{"id":"47923","type":"Feature","properties":{"_pk_label":"PK 176+400","_voie":"LGV1"},"geometry":{"type":"Point","coordinates":[0.12631335800000024,45.8886574]}},{"id":"47943","type":"Feature","properties":{"_pk_label":"PK 176+500","_voie":"LGV1"},"geometry":{"type":"Point","coordinates":[0.1260175190000003,45.887780600000006]}},{"id":"47963","type":"Feature","properties":{"_pk_label":"PK 176+600","_voie":"LGV1"},"geometry":{"type":"Point","coordinates":[0.1257034640000009,45.886906939999996]}},{"id":"47983","type":"Feature","properties":{"_pk_label":"PK 176+700","_voie":"LGV1"},"geometry":{"type":"Point","coordinates":[0.125371314000001,45.88603651]}},{"id":"48003","type":"Feature","properties":{"_pk_label":"PK 176+800","_voie":"LGV1"},"geometry":{"type":"Point","coordinates":[0.125021053,45.88516966999999]}},{"id":"48023","type":"Feature","properties":{"_pk_label":"PK 176+900","_voie":"LGV1"},"geometry":{"type":"Point","coordinates":[0.12465268600000082,45.884306339999995]}},{"id":"48064","type":"Feature","properties":{"_pk_label":"PK 177+100","_voie":"LGV1"},"geometry":{"type":"Point","coordinates":[0.12386246900000002,45.88259146]}},{"id":"48084","type":"Feature","properties":{"_pk_label":"PK 177+200","_voie":"LGV1"},"geometry":{"type":"Point","coordinates":[0.1234420420000008,45.88173995]}},{"id":"48104","type":"Feature","properties":{"_pk_label":"PK 177+300","_voie":"LGV1"},"geometry":{"type":"Point","coordinates":[0.12301064400000082,45.88089123]}},{"id":"48124","type":"Feature","properties":{"_pk_label":"PK 177+400","_voie":"LGV1"},"geometry":{"type":"Point","coordinates":[0.12257376399999953,45.88004398000001]}},{"id":"48144","type":"Feature","properties":{"_pk_label":"PK 177+500","_voie":"LGV1"},"geometry":{"type":"Point","coordinates":[0.12213611400000032,45.87919688999999]}},{"id":"48164","type":"Feature","properties":{"_pk_label":"PK 177+600","_voie":"LGV1"},"geometry":{"type":"Point","coordinates":[0.121698472000001,45.87834989]}},{"id":"48184","type":"Feature","properties":{"_pk_label":"PK 177+700","_voie":"LGV1"},"geometry":{"type":"Point","coordinates":[0.12126084400000109,45.877502889999995]}},{"id":"48204","type":"Feature","properties":{"_pk_label":"PK 177+800","_voie":"LGV1"},"geometry":{"type":"Point","coordinates":[0.12082323300000115,45.876655799999995]}},{"id":"48224","type":"Feature","properties":{"_pk_label":"PK 177+900","_voie":"LGV1"},"geometry":{"type":"Point","coordinates":[0.12038563300000087,45.875808799999994]}},{"id":"48264","type":"Feature","properties":{"_pk_label":"PK 178+100","_voie":"LGV1"},"geometry":{"type":"Point","coordinates":[0.11951047200000035,45.874114789999986]}},{"id":"48284","type":"Feature","properties":{"_pk_label":"PK 178+200","_voie":"LGV1"},"geometry":{"type":"Point","coordinates":[0.1190727890000006,45.87326768999999]}},{"id":"48304","type":"Feature","properties":{"_pk_label":"PK 178+300","_voie":"LGV1"},"geometry":{"type":"Point","coordinates":[0.11863524199999978,45.87242067999999]}},{"id":"48324","type":"Feature","properties":{"_pk_label":"PK 178+400","_voie":"LGV1"},"geometry":{"type":"Point","coordinates":[0.11819770600000101,45.87157366999998]}},{"id":"48344","type":"Feature","properties":{"_pk_label":"PK 178+500","_voie":"LGV1"},"geometry":{"type":"Point","coordinates":[0.11776018600000043,45.87072665000001]}},{"id":"48364","type":"Feature","properties":{"_pk_label":"PK 178+600","_voie":"LGV1"},"geometry":{"type":"Point","coordinates":[0.11732268300000022,45.86987955]}},{"id":"48384","type":"Feature","properties":{"_pk_label":"PK 178+700","_voie":"LGV1"},"geometry":{"type":"Point","coordinates":[0.11688519200000025,45.869032530000005]}},{"id":"48404","type":"Feature","properties":{"_pk_label":"PK 178+800","_voie":"LGV1"},"geometry":{"type":"Point","coordinates":[0.11644771099999975,45.868185509999996]}},{"id":"48424","type":"Feature","properties":{"_pk_label":"PK 178+900","_voie":"LGV1"},"geometry":{"type":"Point","coordinates":[0.11601025000000055,45.8673384]}},{"id":"48464","type":"Feature","properties":{"_pk_label":"PK 179+100","_voie":"LGV1"},"geometry":{"type":"Point","coordinates":[0.1151353560000018,45.86564435999999]}},{"id":"48484","type":"Feature","properties":{"_pk_label":"PK 179+200","_voie":"LGV1"},"geometry":{"type":"Point","coordinates":[0.11469793100000093,45.86479733]}},{"id":"48504","type":"Feature","properties":{"_pk_label":"PK 179+300","_voie":"LGV1"},"geometry":{"type":"Point","coordinates":[0.11426052199999984,45.86395022000001]}},{"id":"48524","type":"Feature","properties":{"_pk_label":"PK 179+400","_voie":"LGV1"},"geometry":{"type":"Point","coordinates":[0.11382312200000003,45.86310319000001]}},{"id":"48544","type":"Feature","properties":{"_pk_label":"PK 179+500","_voie":"LGV1"},"geometry":{"type":"Point","coordinates":[0.11338573600000042,45.86225616000001]}},{"id":"48564","type":"Feature","properties":{"_pk_label":"PK 179+600","_voie":"LGV1"},"geometry":{"type":"Point","coordinates":[0.11294836400000102,45.861409129999984]}},{"id":"48584","type":"Feature","properties":{"_pk_label":"PK 179+700","_voie":"LGV1"},"geometry":{"type":"Point","coordinates":[0.11251088100000015,45.860562]}},{"id":"48604","type":"Feature","properties":{"_pk_label":"PK 179+800","_voie":"LGV1"},"geometry":{"type":"Point","coordinates":[0.11207353600000018,45.85971495999999]}},{"id":"48624","type":"Feature","properties":{"_pk_label":"PK 179+900","_voie":"LGV1"},"geometry":{"type":"Point","coordinates":[0.11163620300000085,45.85886793]}},{"id":"48664","type":"Feature","properties":{"_pk_label":"PK 180+100","_voie":"LGV1"},"geometry":{"type":"Point","coordinates":[0.11076158300000076,45.857173759999995]}},{"id":"48684","type":"Feature","properties":{"_pk_label":"PK 180+200","_voie":"LGV1"},"geometry":{"type":"Point","coordinates":[0.11032546700000066,45.85632647999999]}},{"id":"48704","type":"Feature","properties":{"_pk_label":"PK 180+300","_voie":"LGV1"},"geometry":{"type":"Point","coordinates":[0.10989549700000083,45.85547772999997]}},{"id":"48724","type":"Feature","properties":{"_pk_label":"PK 180+400","_voie":"LGV1"},"geometry":{"type":"Point","coordinates":[0.10947742500000014,45.85462622]}},{"id":"48744","type":"Feature","properties":{"_pk_label":"PK 180+500","_voie":"LGV1"},"geometry":{"type":"Point","coordinates":[0.10907581100000005,45.853770889999986]}},{"id":"48764","type":"Feature","properties":{"_pk_label":"PK 180+600","_voie":"LGV1"},"geometry":{"type":"Point","coordinates":[0.10869182499999984,45.852911600000006]}},{"id":"48784","type":"Feature","properties":{"_pk_label":"PK 180+700","_voie":"LGV1"},"geometry":{"type":"Point","coordinates":[0.10832532800000079,45.852048610000004]}},{"id":"48804","type":"Feature","properties":{"_pk_label":"PK 180+800","_voie":"LGV1"},"geometry":{"type":"Point","coordinates":[0.10797357500000052,45.85118247999999]}},{"id":"48824","type":"Feature","properties":{"_pk_label":"PK 180+900","_voie":"LGV1"},"geometry":{"type":"Point","coordinates":[0.10763082800000075,45.85031451000002]}},{"id":"48864","type":"Feature","properties":{"_pk_label":"PK 181+100","_voie":"LGV1"},"geometry":{"type":"Point","coordinates":[0.1069524060000009,45.84857712]}},{"id":"48884","type":"Feature","properties":{"_pk_label":"PK 181+200","_voie":"LGV1"},"geometry":{"type":"Point","coordinates":[0.10661334200000076,45.847708339999976]}},{"id":"48904","type":"Feature","properties":{"_pk_label":"PK 181+300","_voie":"LGV1"},"geometry":{"type":"Point","coordinates":[0.10627429200000005,45.84683956]}},{"id":"48924","type":"Feature","properties":{"_pk_label":"PK 181+400","_voie":"LGV1"},"geometry":{"type":"Point","coordinates":[0.1059352440000005,45.845970859999994]}},{"id":"48944","type":"Feature","properties":{"_pk_label":"PK 181+500","_voie":"LGV1"},"geometry":{"type":"Point","coordinates":[0.10559608600000005,45.84510207]}},{"id":"48964","type":"Feature","properties":{"_pk_label":"PK 181+600","_voie":"LGV1"},"geometry":{"type":"Point","coordinates":[0.10525706099999999,45.84423338]}},{"id":"48984","type":"Feature","properties":{"_pk_label":"PK 181+700","_voie":"LGV1"},"geometry":{"type":"Point","coordinates":[0.10491805300000029,45.84336459000001]}},{"id":"49004","type":"Feature","properties":{"_pk_label":"PK 181+800","_voie":"LGV1"},"geometry":{"type":"Point","coordinates":[0.10457905599999985,45.8424958]}},{"id":"49024","type":"Feature","properties":{"_pk_label":"PK 181+900","_voie":"LGV1"},"geometry":{"type":"Point","coordinates":[0.10424032500000098,45.84162702]}},{"id":"49064","type":"Feature","properties":{"_pk_label":"PK 182+100","_voie":"LGV1"},"geometry":{"type":"Point","coordinates":[0.1035794219999999,45.83988654000001]}},{"id":"49084","type":"Feature","properties":{"_pk_label":"PK 182+200","_voie":"LGV1"},"geometry":{"type":"Point","coordinates":[0.10326349700000076,45.83901374000001]}},{"id":"49104","type":"Feature","properties":{"_pk_label":"PK 182+300","_voie":"LGV1"},"geometry":{"type":"Point","coordinates":[0.10295746900000022,45.83813921999999]}},{"id":"49124","type":"Feature","properties":{"_pk_label":"PK 182+400","_voie":"LGV1"},"geometry":{"type":"Point","coordinates":[0.10266159700000013,45.83726297]}},{"id":"49144","type":"Feature","properties":{"_pk_label":"PK 182+500","_voie":"LGV1"},"geometry":{"type":"Point","coordinates":[0.10237405800000074,45.83638530999999]}},{"id":"49164","type":"Feature","properties":{"_pk_label":"PK 182+600","_voie":"LGV1"},"geometry":{"type":"Point","coordinates":[0.10208965600000001,45.83550701]}},{"id":"49184","type":"Feature","properties":{"_pk_label":"PK 182+700","_voie":"LGV1"},"geometry":{"type":"Point","coordinates":[0.10180552200000004,45.83462870999999]}},{"id":"49204","type":"Feature","properties":{"_pk_label":"PK 182+800","_voie":"LGV1"},"geometry":{"type":"Point","coordinates":[0.10152139400000078,45.83375042000001]}},{"id":"49224","type":"Feature","properties":{"_pk_label":"PK 182+900","_voie":"LGV1"},"geometry":{"type":"Point","coordinates":[0.1012371499999999,45.83287211999999]}},{"id":"49264","type":"Feature","properties":{"_pk_label":"PK 183+100","_voie":"LGV1"},"geometry":{"type":"Point","coordinates":[0.10066894700000086,45.83111544000001]}},{"id":"49284","type":"Feature","properties":{"_pk_label":"PK 183+200","_voie":"LGV1"},"geometry":{"type":"Point","coordinates":[0.10038485800000087,45.83023714]}},{"id":"49304","type":"Feature","properties":{"_pk_label":"PK 183+300","_voie":"LGV1"},"geometry":{"type":"Point","coordinates":[0.10010064700000094,45.829358840000005]}},{"id":"49324","type":"Feature","properties":{"_pk_label":"PK 183+400","_voie":"LGV1"},"geometry":{"type":"Point","coordinates":[0.09981657500000052,45.828480539999994]}},{"id":"49344","type":"Feature","properties":{"_pk_label":"PK 183+500","_voie":"LGV1"},"geometry":{"type":"Point","coordinates":[0.09953251399999975,45.82760224]}},{"id":"49364","type":"Feature","properties":{"_pk_label":"PK 183+600","_voie":"LGV1"},"geometry":{"type":"Point","coordinates":[0.09924833600000077,45.82672383999998]}},{"id":"49384","type":"Feature","properties":{"_pk_label":"PK 183+700","_voie":"LGV1"},"geometry":{"type":"Point","coordinates":[0.09896429200000037,45.82584553999999]}},{"id":"49404","type":"Feature","properties":{"_pk_label":"PK 183+800","_voie":"LGV1"},"geometry":{"type":"Point","coordinates":[0.09868025599999986,45.824967239999985]}},{"id":"49424","type":"Feature","properties":{"_pk_label":"PK 183+900","_voie":"LGV1"},"geometry":{"type":"Point","coordinates":[0.09839622800000083,45.82408894]}},{"id":"49464","type":"Feature","properties":{"_pk_label":"PK 184+100","_voie":"LGV1"},"geometry":{"type":"Point","coordinates":[0.09782807200000096,45.82233233]}},{"id":"49484","type":"Feature","properties":{"_pk_label":"PK 184+200","_voie":"LGV1"},"geometry":{"type":"Point","coordinates":[0.09754407800000027,45.82145392999999]}},{"id":"49504","type":"Feature","properties":{"_pk_label":"PK 184+300","_voie":"LGV1"},"geometry":{"type":"Point","coordinates":[0.09725995800000051,45.82057562999999]}},{"id":"49524","type":"Feature","properties":{"_pk_label":"PK 184+400","_voie":"LGV1"},"geometry":{"type":"Point","coordinates":[0.09697597800000082,45.81969732]}},{"id":"49544","type":"Feature","properties":{"_pk_label":"PK 184+500","_voie":"LGV1"},"geometry":{"type":"Point","coordinates":[0.09669200600000025,45.818819009999984]}},{"id":"49564","type":"Feature","properties":{"_pk_label":"PK 184+600","_voie":"LGV1"},"geometry":{"type":"Point","coordinates":[0.0964079140000009,45.817940699999994]}},{"id":"49584","type":"Feature","properties":{"_pk_label":"PK 184+700","_voie":"LGV1"},"geometry":{"type":"Point","coordinates":[0.09612395800000129,45.81706238999999]}},{"id":"49604","type":"Feature","properties":{"_pk_label":"PK 184+800","_voie":"LGV1"},"geometry":{"type":"Point","coordinates":[0.09584001900000046,45.81618399999999]}},{"id":"49624","type":"Feature","properties":{"_pk_label":"PK 184+900","_voie":"LGV1"},"geometry":{"type":"Point","coordinates":[0.0955560830000002,45.81530568999999]}},{"id":"49664","type":"Feature","properties":{"_pk_label":"PK 185+100","_voie":"LGV1"},"geometry":{"type":"Point","coordinates":[0.09498810799999964,45.81354906]}},{"id":"49684","type":"Feature","properties":{"_pk_label":"PK 185+200","_voie":"LGV1"},"geometry":{"type":"Point","coordinates":[0.09470420000000099,45.81267075000001]}},{"id":"49704","type":"Feature","properties":{"_pk_label":"PK 185+300","_voie":"LGV1"},"geometry":{"type":"Point","coordinates":[0.094420169000001,45.81179243999999]}},{"id":"49724","type":"Feature","properties":{"_pk_label":"PK 185+400","_voie":"LGV1"},"geometry":{"type":"Point","coordinates":[0.09413627799999992,45.81091412]}},{"id":"49744","type":"Feature","properties":{"_pk_label":"PK 185+500","_voie":"LGV1"},"geometry":{"type":"Point","coordinates":[0.09385084399999966,45.81003595000001]}},{"id":"49764","type":"Feature","properties":{"_pk_label":"PK 185+600","_voie":"LGV1"},"geometry":{"type":"Point","coordinates":[0.09355840600000119,45.80915877000001]}},{"id":"49784","type":"Feature","properties":{"_pk_label":"PK 185+700","_voie":"LGV1"},"geometry":{"type":"Point","coordinates":[0.09325336899999975,45.80828369000002]}},{"id":"49804","type":"Feature","properties":{"_pk_label":"PK 185+800","_voie":"LGV1"},"geometry":{"type":"Point","coordinates":[0.09293027200000031,45.80741166]}},{"id":"49824","type":"Feature","properties":{"_pk_label":"PK 185+900","_voie":"LGV1"},"geometry":{"type":"Point","coordinates":[0.09258714200000077,45.80654343999999]}},{"id":"49864","type":"Feature","properties":{"_pk_label":"PK 186+100","_voie":"LGV1"},"geometry":{"type":"Point","coordinates":[0.09184178900000163,45.80481898999999]}},{"id":"49884","type":"Feature","properties":{"_pk_label":"PK 186+200","_voie":"LGV1"},"geometry":{"type":"Point","coordinates":[0.09143967200000021,45.803963219999986]}},{"id":"49904","type":"Feature","properties":{"_pk_label":"PK 186+300","_voie":"LGV1"},"geometry":{"type":"Point","coordinates":[0.09101786700000056,45.80311207000001]}},{"id":"49924","type":"Feature","properties":{"_pk_label":"PK 186+400","_voie":"LGV1"},"geometry":{"type":"Point","coordinates":[0.09057688600000093,45.80226574]}},{"id":"49944","type":"Feature","properties":{"_pk_label":"PK 186+500","_voie":"LGV1"},"geometry":{"type":"Point","coordinates":[0.09011645600000043,45.80142440000001]}},{"id":"49964","type":"Feature","properties":{"_pk_label":"PK 186+600","_voie":"LGV1"},"geometry":{"type":"Point","coordinates":[0.08963695000000017,45.800588430000026]}},{"id":"49984","type":"Feature","properties":{"_pk_label":"PK 186+700","_voie":"LGV1"},"geometry":{"type":"Point","coordinates":[0.08913836400000062,45.79975782]}},{"id":"50004","type":"Feature","properties":{"_pk_label":"PK 186+800","_voie":"LGV1"},"geometry":{"type":"Point","coordinates":[0.08862081400000019,45.79893292999999]}},{"id":"50024","type":"Feature","properties":{"_pk_label":"PK 186+900","_voie":"LGV1"},"geometry":{"type":"Point","coordinates":[0.08808454200000039,45.79811396]}},{"id":"50064","type":"Feature","properties":{"_pk_label":"PK 187+100","_voie":"LGV1"},"geometry":{"type":"Point","coordinates":[0.08695606400000072,45.796494569999986]}},{"id":"50084","type":"Feature","properties":{"_pk_label":"PK 187+200","_voie":"LGV1"},"geometry":{"type":"Point","coordinates":[0.08636422200000148,45.79569451]}},{"id":"50104","type":"Feature","properties":{"_pk_label":"PK 187+300","_voie":"LGV1"},"geometry":{"type":"Point","coordinates":[0.085754267,45.794901200000005]}},{"id":"50124","type":"Feature","properties":{"_pk_label":"PK 187+400","_voie":"LGV1"},"geometry":{"type":"Point","coordinates":[0.08512618900000035,45.79411471]}},{"id":"50144","type":"Feature","properties":{"_pk_label":"PK 187+500","_voie":"LGV1"},"geometry":{"type":"Point","coordinates":[0.08448022799999973,45.79333551]}},{"id":"50164","type":"Feature","properties":{"_pk_label":"PK 187+600","_voie":"LGV1"},"geometry":{"type":"Point","coordinates":[0.08381651400000031,45.79256349999999]}},{"id":"50184","type":"Feature","properties":{"_pk_label":"PK 187+700","_voie":"LGV1"},"geometry":{"type":"Point","coordinates":[0.08313528099999976,45.79179914]}},{"id":"50204","type":"Feature","properties":{"_pk_label":"PK 187+800","_voie":"LGV1"},"geometry":{"type":"Point","coordinates":[0.08243666100000062,45.79104244]}},{"id":"50224","type":"Feature","properties":{"_pk_label":"PK 187+900","_voie":"LGV1"},"geometry":{"type":"Point","coordinates":[0.08172090000000119,45.790293590000005]}},{"id":"50264","type":"Feature","properties":{"_pk_label":"PK 188+100","_voie":"LGV1"},"geometry":{"type":"Point","coordinates":[0.08023841400000135,45.78882048999999]}},{"id":"50285","type":"Feature","properties":{"_pk_label":"PK 188+200","_voie":"LGV1"},"geometry":{"type":"Point","coordinates":[0.07947231900000037,45.78809653999999]}},{"id":"50305","type":"Feature","properties":{"_pk_label":"PK 188+300","_voie":"LGV1"},"geometry":{"type":"Point","coordinates":[0.07869286099999961,45.787379709999996]}},{"id":"50325","type":"Feature","properties":{"_pk_label":"PK 188+400","_voie":"LGV1"},"geometry":{"type":"Point","coordinates":[0.07790466900000062,45.786667609999995]}},{"id":"50345","type":"Feature","properties":{"_pk_label":"PK 188+500","_voie":"LGV1"},"geometry":{"type":"Point","coordinates":[0.07711277200000069,45.785957750000016]}},{"id":"50365","type":"Feature","properties":{"_pk_label":"PK 188+600","_voie":"LGV1"},"geometry":{"type":"Point","coordinates":[0.07632037199999983,45.78524804999999]}},{"id":"50385","type":"Feature","properties":{"_pk_label":"PK 188+700","_voie":"LGV1"},"geometry":{"type":"Point","coordinates":[0.07552798600000037,45.78453843]}},{"id":"50405","type":"Feature","properties":{"_pk_label":"PK 188+800","_voie":"LGV1"},"geometry":{"type":"Point","coordinates":[0.07473562200000101,45.78382881000002]}},{"id":"50426","type":"Feature","properties":{"_pk_label":"PK 188+900","_voie":"LGV1"},"geometry":{"type":"Point","coordinates":[0.07394340800000081,45.78311919]}},{"id":"50466","type":"Feature","properties":{"_pk_label":"PK 189+100","_voie":"LGV1"},"geometry":{"type":"Point","coordinates":[0.0723669830000004,45.78169580999999]}},{"id":"50486","type":"Feature","properties":{"_pk_label":"PK 189+200","_voie":"LGV1"},"geometry":{"type":"Point","coordinates":[0.0715919170000006,45.78097724]}},{"id":"50506","type":"Feature","properties":{"_pk_label":"PK 189+300","_voie":"LGV1"},"geometry":{"type":"Point","coordinates":[0.07083169700000098,45.780251029999995]}},{"id":"50526","type":"Feature","properties":{"_pk_label":"PK 189+400","_voie":"LGV1"},"geometry":{"type":"Point","coordinates":[0.07008777799999913,45.77951659000001]}},{"id":"50546","type":"Feature","properties":{"_pk_label":"PK 189+500","_voie":"LGV1"},"geometry":{"type":"Point","coordinates":[0.06936026699999975,45.778774190000014]}},{"id":"50566","type":"Feature","properties":{"_pk_label":"PK 189+600","_voie":"LGV1"},"geometry":{"type":"Point","coordinates":[0.0686494189999996,45.778023929999996]}},{"id":"50586","type":"Feature","properties":{"_pk_label":"PK 189+700","_voie":"LGV1"},"geometry":{"type":"Point","coordinates":[0.06795535300000004,45.77726598000001]}},{"id":"50606","type":"Feature","properties":{"_pk_label":"PK 189+800","_voie":"LGV1"},"geometry":{"type":"Point","coordinates":[0.06727831100000138,45.77650064]}},{"id":"50626","type":"Feature","properties":{"_pk_label":"PK 189+900","_voie":"LGV1"},"geometry":{"type":"Point","coordinates":[0.06661829399999981,45.77572789]}},{"id":"50666","type":"Feature","properties":{"_pk_label":"PK 190+100","_voie":"LGV1"},"geometry":{"type":"Point","coordinates":[0.06535041700000041,45.77416148999999]}},{"id":"50686","type":"Feature","properties":{"_pk_label":"PK 190+200","_voie":"LGV1"},"geometry":{"type":"Point","coordinates":[0.0647426720000012,45.773368109999986]}},{"id":"50706","type":"Feature","properties":{"_pk_label":"PK 190+300","_voie":"LGV1"},"geometry":{"type":"Point","coordinates":[0.06415280600000026,45.772568160000006]}},{"id":"50726","type":"Feature","properties":{"_pk_label":"PK 190+400","_voie":"LGV1"},"geometry":{"type":"Point","coordinates":[0.06358067200000017,45.771761909999995]}},{"id":"50746","type":"Feature","properties":{"_pk_label":"PK 190+500","_voie":"LGV1"},"geometry":{"type":"Point","coordinates":[0.06302665300000071,45.77094955]}},{"id":"50766","type":"Feature","properties":{"_pk_label":"PK 190+600","_voie":"LGV1"},"geometry":{"type":"Point","coordinates":[0.062490733000000125,45.77013126]}},{"id":"50786","type":"Feature","properties":{"_pk_label":"PK 190+700","_voie":"LGV1"},"geometry":{"type":"Point","coordinates":[0.061973167000000315,45.76930713]}},{"id":"50806","type":"Feature","properties":{"_pk_label":"PK 190+800","_voie":"LGV1"},"geometry":{"type":"Point","coordinates":[0.061473931000001605,45.76847754]}},{"id":"50826","type":"Feature","properties":{"_pk_label":"PK 190+900","_voie":"LGV1"},"geometry":{"type":"Point","coordinates":[0.06099327799999999,45.767642660000014]}},{"id":"50866","type":"Feature","properties":{"_pk_label":"PK 191+100","_voie":"LGV1"},"geometry":{"type":"Point","coordinates":[0.060087935999999995,45.76595750000001]}},{"id":"50886","type":"Feature","properties":{"_pk_label":"PK 191+200","_voie":"LGV1"},"geometry":{"type":"Point","coordinates":[0.059663605999999744,45.76510777000001]}},{"id":"50906","type":"Feature","properties":{"_pk_label":"PK 191+300","_voie":"LGV1"},"geometry":{"type":"Point","coordinates":[0.05925806900000129,45.76425348]}},{"id":"50926","type":"Feature","properties":{"_pk_label":"PK 191+400","_voie":"LGV1"},"geometry":{"type":"Point","coordinates":[0.058871700000000145,45.763394909999995]}},{"id":"50946","type":"Feature","properties":{"_pk_label":"PK 191+500","_voie":"LGV1"},"geometry":{"type":"Point","coordinates":[0.05850435800000121,45.76253225000001]}},{"id":"50966","type":"Feature","properties":{"_pk_label":"PK 191+600","_voie":"LGV1"},"geometry":{"type":"Point","coordinates":[0.05815641900000097,45.76166567]}},{"id":"50986","type":"Feature","properties":{"_pk_label":"PK 191+700","_voie":"LGV1"},"geometry":{"type":"Point","coordinates":[0.05782773900000059,45.760795449999996]}},{"id":"51006","type":"Feature","properties":{"_pk_label":"PK 191+800","_voie":"LGV1"},"geometry":{"type":"Point","coordinates":[0.05751843900000023,45.75992168]}},{"id":"51026","type":"Feature","properties":{"_pk_label":"PK 191+900","_voie":"LGV1"},"geometry":{"type":"Point","coordinates":[0.05722850600000024,45.759044630000005]}},{"id":"51066","type":"Feature","properties":{"_pk_label":"PK 192+100","_voie":"LGV1"},"geometry":{"type":"Point","coordinates":[0.056707581000001187,45.757281699999986]}},{"id":"51086","type":"Feature","properties":{"_pk_label":"PK 192+200","_voie":"LGV1"},"geometry":{"type":"Point","coordinates":[0.0564765689999996,45.75639617999999]}},{"id":"51106","type":"Feature","properties":{"_pk_label":"PK 192+300","_voie":"LGV1"},"geometry":{"type":"Point","coordinates":[0.05626525799999984,45.755508289999995]}},{"id":"51126","type":"Feature","properties":{"_pk_label":"PK 192+400","_voie":"LGV1"},"geometry":{"type":"Point","coordinates":[0.056073769000000065,45.754618130000004]}},{"id":"51146","type":"Feature","properties":{"_pk_label":"PK 192+500","_voie":"LGV1"},"geometry":{"type":"Point","coordinates":[0.05590208300000034,45.75372604999998]}},{"id":"51166","type":"Feature","properties":{"_pk_label":"PK 192+600","_voie":"LGV1"},"geometry":{"type":"Point","coordinates":[0.05575032500000076,45.75283214]}},{"id":"51186","type":"Feature","properties":{"_pk_label":"PK 192+700","_voie":"LGV1"},"geometry":{"type":"Point","coordinates":[0.055618344000000784,45.75193677999999]}},{"id":"51206","type":"Feature","properties":{"_pk_label":"PK 192+800","_voie":"LGV1"},"geometry":{"type":"Point","coordinates":[0.05550638900000041,45.75104003999998]}},{"id":"51226","type":"Feature","properties":{"_pk_label":"PK 192+900","_voie":"LGV1"},"geometry":{"type":"Point","coordinates":[0.055414322000000335,45.75014219]}},{"id":"51266","type":"Feature","properties":{"_pk_label":"PK 193+100","_voie":"LGV1"},"geometry":{"type":"Point","coordinates":[0.055290178000000204,45.74834402]}},{"id":"51286","type":"Feature","properties":{"_pk_label":"PK 193+200","_voie":"LGV1"},"geometry":{"type":"Point","coordinates":[0.0552580750000005,45.74744413999999]}},{"id":"51306","type":"Feature","properties":{"_pk_label":"PK 193+300","_voie":"LGV1"},"geometry":{"type":"Point","coordinates":[0.05524593900000062,45.74654396999999]}},{"id":"51326","type":"Feature","properties":{"_pk_label":"PK 193+400","_voie":"LGV1"},"geometry":{"type":"Point","coordinates":[0.055253877999999874,45.745643879999996]}},{"id":"51346","type":"Feature","properties":{"_pk_label":"PK 193+500","_voie":"LGV1"},"geometry":{"type":"Point","coordinates":[0.05528188900000012,45.74474385]}},{"id":"51366","type":"Feature","properties":{"_pk_label":"PK 193+600","_voie":"LGV1"},"geometry":{"type":"Point","coordinates":[0.05532982200000018,45.74384435]}},{"id":"51386","type":"Feature","properties":{"_pk_label":"PK 193+700","_voie":"LGV1"},"geometry":{"type":"Point","coordinates":[0.05539779700000083,45.742945459999994]}},{"id":"51406","type":"Feature","properties":{"_pk_label":"PK 193+800","_voie":"LGV1"},"geometry":{"type":"Point","coordinates":[0.05548567800000153,45.74204736]}},{"id":"51426","type":"Feature","properties":{"_pk_label":"PK 193+900","_voie":"LGV1"},"geometry":{"type":"Point","coordinates":[0.05559343900000103,45.74115042]}},{"id":"51466","type":"Feature","properties":{"_pk_label":"PK 194+100","_voie":"LGV1"},"geometry":{"type":"Point","coordinates":[0.05586896900000101,45.73936052]}},{"id":"51486","type":"Feature","properties":{"_pk_label":"PK 194+200","_voie":"LGV1"},"geometry":{"type":"Point","coordinates":[0.05603645300000078,45.73846802]}},{"id":"51506","type":"Feature","properties":{"_pk_label":"PK 194+300","_voie":"LGV1"},"geometry":{"type":"Point","coordinates":[0.05622377200000095,45.73757748000001]}},{"id":"51526","type":"Feature","properties":{"_pk_label":"PK 194+400","_voie":"LGV1"},"geometry":{"type":"Point","coordinates":[0.05643079200000056,45.73668906999999]}},{"id":"51546","type":"Feature","properties":{"_pk_label":"PK 194+500","_voie":"LGV1"},"geometry":{"type":"Point","coordinates":[0.056657625000000086,45.735802979999995]}},{"id":"51566","type":"Feature","properties":{"_pk_label":"PK 194+600","_voie":"LGV1"},"geometry":{"type":"Point","coordinates":[0.0569041250000007,45.73491957]}},{"id":"51586","type":"Feature","properties":{"_pk_label":"PK 194+700","_voie":"LGV1"},"geometry":{"type":"Point","coordinates":[0.057169144000001254,45.734038620000014]}},{"id":"51606","type":"Feature","properties":{"_pk_label":"PK 194+800","_voie":"LGV1"},"geometry":{"type":"Point","coordinates":[0.057447944000000695,45.73315973999999]}},{"id":"51626","type":"Feature","properties":{"_pk_label":"PK 194+900","_voie":"LGV1"},"geometry":{"type":"Point","coordinates":[0.057734393999999134,45.73228197000001]}},{"id":"51666","type":"Feature","properties":{"_pk_label":"PK 195+100","_voie":"LGV1"},"geometry":{"type":"Point","coordinates":[0.058312000000000676,45.73052699]}},{"id":"51686","type":"Feature","properties":{"_pk_label":"PK 195+200","_voie":"LGV1"},"geometry":{"type":"Point","coordinates":[0.058600722000001354,45.72964955]}},{"id":"51706","type":"Feature","properties":{"_pk_label":"PK 195+300","_voie":"LGV1"},"geometry":{"type":"Point","coordinates":[0.05888943600000095,45.72877210000001]}},{"id":"51726","type":"Feature","properties":{"_pk_label":"PK 195+400","_voie":"LGV1"},"geometry":{"type":"Point","coordinates":[0.05917827200000087,45.72789456999998]}},{"id":"51746","type":"Feature","properties":{"_pk_label":"PK 195+500","_voie":"LGV1"},"geometry":{"type":"Point","coordinates":[0.05946696700000132,45.72701711999999]}},{"id":"51766","type":"Feature","properties":{"_pk_label":"PK 195+600","_voie":"LGV1"},"geometry":{"type":"Point","coordinates":[0.05975565800000102,45.726139580000016]}},{"id":"51786","type":"Feature","properties":{"_pk_label":"PK 195+700","_voie":"LGV1"},"geometry":{"type":"Point","coordinates":[0.06004433300000094,45.72526213]}},{"id":"51806","type":"Feature","properties":{"_pk_label":"PK 195+800","_voie":"LGV1"},"geometry":{"type":"Point","coordinates":[0.06033313600000032,45.724384589999985]}},{"id":"51826","type":"Feature","properties":{"_pk_label":"PK 195+900","_voie":"LGV1"},"geometry":{"type":"Point","coordinates":[0.060621792000000306,45.72350713999999]}},{"id":"51866","type":"Feature","properties":{"_pk_label":"PK 196+100","_voie":"LGV1"},"geometry":{"type":"Point","coordinates":[0.061199214000001556,45.72175215]}},{"id":"51886","type":"Feature","properties":{"_pk_label":"PK 196+200","_voie":"LGV1"},"geometry":{"type":"Point","coordinates":[0.061487843999999896,45.720874699999996]}},{"id":"51906","type":"Feature","properties":{"_pk_label":"PK 196+300","_voie":"LGV1"},"geometry":{"type":"Point","coordinates":[0.06177647200000065,45.71999714999999]}},{"id":"51926","type":"Feature","properties":{"_pk_label":"PK 196+400","_voie":"LGV1"},"geometry":{"type":"Point","coordinates":[0.06206508300000144,45.71911969999998]}},{"id":"51946","type":"Feature","properties":{"_pk_label":"PK 196+500","_voie":"LGV1"},"geometry":{"type":"Point","coordinates":[0.06235381900000034,45.71824216000001]}},{"id":"51966","type":"Feature","properties":{"_pk_label":"PK 196+600","_voie":"LGV1"},"geometry":{"type":"Point","coordinates":[0.06264241400000055,45.7173647]}},{"id":"51986","type":"Feature","properties":{"_pk_label":"PK 196+700","_voie":"LGV1"},"geometry":{"type":"Point","coordinates":[0.0629310059999998,45.71648715000002]}},{"id":"52006","type":"Feature","properties":{"_pk_label":"PK 196+800","_voie":"LGV1"},"geometry":{"type":"Point","coordinates":[0.06321970800000035,45.7156097]}},{"id":"52026","type":"Feature","properties":{"_pk_label":"PK 196+900","_voie":"LGV1"},"geometry":{"type":"Point","coordinates":[0.06350828100000086,45.714732149999996]}},{"id":"52066","type":"Feature","properties":{"_pk_label":"PK 197+100","_voie":"LGV1"},"geometry":{"type":"Point","coordinates":[0.06408538600000024,45.71297722999999]}},{"id":"52086","type":"Feature","properties":{"_pk_label":"PK 197+200","_voie":"LGV1"},"geometry":{"type":"Point","coordinates":[0.0643740580000016,45.712099689999995]}},{"id":"52106","type":"Feature","properties":{"_pk_label":"PK 197+300","_voie":"LGV1"},"geometry":{"type":"Point","coordinates":[0.06466258899999988,45.711222230000004]}},{"id":"52126","type":"Feature","properties":{"_pk_label":"PK 197+400","_voie":"LGV1"},"geometry":{"type":"Point","coordinates":[0.06495111399999985,45.71034468000001]}},{"id":"52146","type":"Feature","properties":{"_pk_label":"PK 197+500","_voie":"LGV1"},"geometry":{"type":"Point","coordinates":[0.06523975300000026,45.70946721999999]}},{"id":"52166","type":"Feature","properties":{"_pk_label":"PK 197+600","_voie":"LGV1"},"geometry":{"type":"Point","coordinates":[0.06552826099999946,45.70858966]}},{"id":"52186","type":"Feature","properties":{"_pk_label":"PK 197+700","_voie":"LGV1"},"geometry":{"type":"Point","coordinates":[0.06581675300000087,45.7077122]}},{"id":"52206","type":"Feature","properties":{"_pk_label":"PK 197+800","_voie":"LGV1"},"geometry":{"type":"Point","coordinates":[0.06610524200000012,45.70683463999999]}},{"id":"52226","type":"Feature","properties":{"_pk_label":"PK 197+900","_voie":"LGV1"},"geometry":{"type":"Point","coordinates":[0.06639384700000099,45.705957179999984]}},{"id":"52266","type":"Feature","properties":{"_pk_label":"PK 198+100","_voie":"LGV1"},"geometry":{"type":"Point","coordinates":[0.06697077200000082,45.70420216]}},{"id":"52286","type":"Feature","properties":{"_pk_label":"PK 198+200","_voie":"LGV1"},"geometry":{"type":"Point","coordinates":[0.06725935000000106,45.70332470000001]}},{"id":"52306","type":"Feature","properties":{"_pk_label":"PK 198+300","_voie":"LGV1"},"geometry":{"type":"Point","coordinates":[0.06754779199999997,45.70244713999999]}},{"id":"52326","type":"Feature","properties":{"_pk_label":"PK 198+400","_voie":"LGV1"},"geometry":{"type":"Point","coordinates":[0.06783622200000061,45.701569669999984]}},{"id":"52346","type":"Feature","properties":{"_pk_label":"PK 198+500","_voie":"LGV1"},"geometry":{"type":"Point","coordinates":[0.06812464700000154,45.70069210999999]}},{"id":"52366","type":"Feature","properties":{"_pk_label":"PK 198+600","_voie":"LGV1"},"geometry":{"type":"Point","coordinates":[0.06841318600000051,45.69981464999999]}},{"id":"52386","type":"Feature","properties":{"_pk_label":"PK 198+700","_voie":"LGV1"},"geometry":{"type":"Point","coordinates":[0.0687015920000007,45.698937089999994]}},{"id":"52406","type":"Feature","properties":{"_pk_label":"PK 198+800","_voie":"LGV1"},"geometry":{"type":"Point","coordinates":[0.06898998599999945,45.69805962000001]}},{"id":"52426","type":"Feature","properties":{"_pk_label":"PK 198+900","_voie":"LGV1"},"geometry":{"type":"Point","coordinates":[0.06927836900000055,45.69718214000002]}},{"id":"52466","type":"Feature","properties":{"_pk_label":"PK 199+100","_voie":"LGV1"},"geometry":{"type":"Point","coordinates":[0.06985524200000068,45.695427109999976]}},{"id":"52486","type":"Feature","properties":{"_pk_label":"PK 199+200","_voie":"LGV1"},"geometry":{"type":"Point","coordinates":[0.07014360300000008,45.694549549999984]}},{"id":"52506","type":"Feature","properties":{"_pk_label":"PK 199+300","_voie":"LGV1"},"geometry":{"type":"Point","coordinates":[0.07043207800000033,45.69367208]}},{"id":"52526","type":"Feature","properties":{"_pk_label":"PK 199+400","_voie":"LGV1"},"geometry":{"type":"Point","coordinates":[0.07072041899999999,45.69279451000001]}},{"id":"52546","type":"Feature","properties":{"_pk_label":"PK 199+500","_voie":"LGV1"},"geometry":{"type":"Point","coordinates":[0.0710087500000002,45.69191704]}},{"id":"52566","type":"Feature","properties":{"_pk_label":"PK 199+600","_voie":"LGV1"},"geometry":{"type":"Point","coordinates":[0.07129707199999993,45.691039469999986]}},{"id":"52586","type":"Feature","properties":{"_pk_label":"PK 199+700","_voie":"LGV1"},"geometry":{"type":"Point","coordinates":[0.07158551099999948,45.69016200000001]}},{"id":"52606","type":"Feature","properties":{"_pk_label":"PK 199+800","_voie":"LGV1"},"geometry":{"type":"Point","coordinates":[0.07187381400000085,45.689284519999994]}},{"id":"52626","type":"Feature","properties":{"_pk_label":"PK 199+900","_voie":"LGV1"},"geometry":{"type":"Point","coordinates":[0.07216211100000032,45.68840695]}},{"id":"52666","type":"Feature","properties":{"_pk_label":"PK 200+100","_voie":"LGV1"},"geometry":{"type":"Point","coordinates":[0.07273854699999982,45.68665180999999]}},{"id":"52686","type":"Feature","properties":{"_pk_label":"PK 200+200","_voie":"LGV1"},"geometry":{"type":"Point","coordinates":[0.07302248600000025,45.68577349]}},{"id":"52706","type":"Feature","properties":{"_pk_label":"PK 200+300","_voie":"LGV1"},"geometry":{"type":"Point","coordinates":[0.07329672800000137,45.684893580000015]}},{"id":"52727","type":"Feature","properties":{"_pk_label":"PK 200+400","_voie":"LGV1"},"geometry":{"type":"Point","coordinates":[0.07355527500000089,45.68401126999999]}},{"id":"52747","type":"Feature","properties":{"_pk_label":"PK 200+500","_voie":"LGV1"},"geometry":{"type":"Point","coordinates":[0.07379403900000128,45.683126099999996]}},{"id":"52767","type":"Feature","properties":{"_pk_label":"PK 200+600","_voie":"LGV1"},"geometry":{"type":"Point","coordinates":[0.0740126139999997,45.68223842999999]}},{"id":"52787","type":"Feature","properties":{"_pk_label":"PK 200+700","_voie":"LGV1"},"geometry":{"type":"Point","coordinates":[0.07421086700000014,45.68134842999999]}},{"id":"52807","type":"Feature","properties":{"_pk_label":"PK 200+800","_voie":"LGV1"},"geometry":{"type":"Point","coordinates":[0.07438878600000075,45.68045627000001]}},{"id":"52827","type":"Feature","properties":{"_pk_label":"PK 200+900","_voie":"LGV1"},"geometry":{"type":"Point","coordinates":[0.0745462280000001,45.679562319999995]}},{"id":"52867","type":"Feature","properties":{"_pk_label":"PK 201+100","_voie":"LGV1"},"geometry":{"type":"Point","coordinates":[0.07479990299999999,45.677769590000004]}},{"id":"52887","type":"Feature","properties":{"_pk_label":"PK 201+200","_voie":"LGV1"},"geometry":{"type":"Point","coordinates":[0.07489598900000072,45.676871259999984]}},{"id":"52907","type":"Feature","properties":{"_pk_label":"PK 201+300","_voie":"LGV1"},"geometry":{"type":"Point","coordinates":[0.07497168099999967,45.675972030000004]}},{"id":"52927","type":"Feature","properties":{"_pk_label":"PK 201+400","_voie":"LGV1"},"geometry":{"type":"Point","coordinates":[0.07502671100000045,45.67507209000002]}},{"id":"52947","type":"Feature","properties":{"_pk_label":"PK 201+500","_voie":"LGV1"},"geometry":{"type":"Point","coordinates":[0.0750612030000014,45.67417160999998]}},{"id":"52967","type":"Feature","properties":{"_pk_label":"PK 201+600","_voie":"LGV1"},"geometry":{"type":"Point","coordinates":[0.07507514200000054,45.67327088]}},{"id":"52987","type":"Feature","properties":{"_pk_label":"PK 201+700","_voie":"LGV1"},"geometry":{"type":"Point","coordinates":[0.07506851900000094,45.672370049999984]}},{"id":"53007","type":"Feature","properties":{"_pk_label":"PK 201+800","_voie":"LGV1"},"geometry":{"type":"Point","coordinates":[0.07504144399999996,45.671469509999994]}},{"id":"53027","type":"Feature","properties":{"_pk_label":"PK 201+900","_voie":"LGV1"},"geometry":{"type":"Point","coordinates":[0.0749936580000001,45.670569330000006]}},{"id":"53067","type":"Feature","properties":{"_pk_label":"PK 202+100","_voie":"LGV1"},"geometry":{"type":"Point","coordinates":[0.07483666900000116,45.668771160000006]}},{"id":"53087","type":"Feature","properties":{"_pk_label":"PK 202+200","_voie":"LGV1"},"geometry":{"type":"Point","coordinates":[0.07472744400000081,45.66787360999999]}},{"id":"53107","type":"Feature","properties":{"_pk_label":"PK 202+300","_voie":"LGV1"},"geometry":{"type":"Point","coordinates":[0.07459772200000027,45.66697734000001]}},{"id":"53127","type":"Feature","properties":{"_pk_label":"PK 202+400","_voie":"LGV1"},"geometry":{"type":"Point","coordinates":[0.07444760600000072,45.66608278999999]}},{"id":"53147","type":"Feature","properties":{"_pk_label":"PK 202+500","_voie":"LGV1"},"geometry":{"type":"Point","coordinates":[0.07427709700000036,45.66518996999999]}},{"id":"53167","type":"Feature","properties":{"_pk_label":"PK 202+600","_voie":"LGV1"},"geometry":{"type":"Point","coordinates":[0.07408708600000086,45.66429906]}},{"id":"53187","type":"Feature","properties":{"_pk_label":"PK 202+700","_voie":"LGV1"},"geometry":{"type":"Point","coordinates":[0.07388220800000046,45.66340994]}},{"id":"53207","type":"Feature","properties":{"_pk_label":"PK 202+800","_voie":"LGV1"},"geometry":{"type":"Point","coordinates":[0.07366853900000003,45.66252194]}},{"id":"53228","type":"Feature","properties":{"_pk_label":"PK 202+900","_voie":"LGV1"},"geometry":{"type":"Point","coordinates":[0.07345190000000044,45.66163430999999]}},{"id":"53268","type":"Feature","properties":{"_pk_label":"PK 203+100","_voie":"LGV1"},"geometry":{"type":"Point","coordinates":[0.07301825000000035,45.659859209999986]}},{"id":"53288","type":"Feature","properties":{"_pk_label":"PK 203+200","_voie":"LGV1"},"geometry":{"type":"Point","coordinates":[0.07280150000000048,45.65897167]}},{"id":"53308","type":"Feature","properties":{"_pk_label":"PK 203+300","_voie":"LGV1"},"geometry":{"type":"Point","coordinates":[0.07258475800000011,45.65808412]}},{"id":"53328","type":"Feature","properties":{"_pk_label":"PK 203+400","_voie":"LGV1"},"geometry":{"type":"Point","coordinates":[0.07236789200000021,45.65719657999998]}},{"id":"53348","type":"Feature","properties":{"_pk_label":"PK 203+500","_voie":"LGV1"},"geometry":{"type":"Point","coordinates":[0.07215116900000057,45.656308940000024]}},{"id":"53368","type":"Feature","properties":{"_pk_label":"PK 203+600","_voie":"LGV1"},"geometry":{"type":"Point","coordinates":[0.07193444700000072,45.65542139]}},{"id":"53388","type":"Feature","properties":{"_pk_label":"PK 203+700","_voie":"LGV1"},"geometry":{"type":"Point","coordinates":[0.0717177310000004,45.65453384999999]}},{"id":"53408","type":"Feature","properties":{"_pk_label":"PK 203+800","_voie":"LGV1"},"geometry":{"type":"Point","coordinates":[0.0715030890000006,45.65364608]}},{"id":"53428","type":"Feature","properties":{"_pk_label":"PK 203+900","_voie":"LGV1"},"geometry":{"type":"Point","coordinates":[0.07129620300000196,45.65275761999999]}},{"id":"53468","type":"Feature","properties":{"_pk_label":"PK 204+100","_voie":"LGV1"},"geometry":{"type":"Point","coordinates":[0.07093024699999977,45.650975720000005]}},{"id":"53488","type":"Feature","properties":{"_pk_label":"PK 204+200","_voie":"LGV1"},"geometry":{"type":"Point","coordinates":[0.0707786560000009,45.650081840000006]}},{"id":"53508","type":"Feature","properties":{"_pk_label":"PK 204+300","_voie":"LGV1"},"geometry":{"type":"Point","coordinates":[0.07064861100000056,45.64918637]}},{"id":"53528","type":"Feature","properties":{"_pk_label":"PK 204+400","_voie":"LGV1"},"geometry":{"type":"Point","coordinates":[0.07054035600000098,45.648289479999995]}},{"id":"53548","type":"Feature","properties":{"_pk_label":"PK 204+500","_voie":"LGV1"},"geometry":{"type":"Point","coordinates":[0.07045362800000038,45.64739134999999]}},{"id":"53568","type":"Feature","properties":{"_pk_label":"PK 204+600","_voie":"LGV1"},"geometry":{"type":"Point","coordinates":[0.07038878300000068,45.64649243]}},{"id":"53588","type":"Feature","properties":{"_pk_label":"PK 204+700","_voie":"LGV1"},"geometry":{"type":"Point","coordinates":[0.07034556100000025,45.64559281999999]}},{"id":"53608","type":"Feature","properties":{"_pk_label":"PK 204+800","_voie":"LGV1"},"geometry":{"type":"Point","coordinates":[0.07032420300000078,45.64469278]}},{"id":"53628","type":"Feature","properties":{"_pk_label":"PK 204+900","_voie":"LGV1"},"geometry":{"type":"Point","coordinates":[0.07032340600000063,45.64379265]}},{"id":"53668","type":"Feature","properties":{"_pk_label":"PK 205+100","_voie":"LGV1"},"geometry":{"type":"Point","coordinates":[0.0703625440000007,45.64199219000002]}},{"id":"53688","type":"Feature","properties":{"_pk_label":"PK 205+200","_voie":"LGV1"},"geometry":{"type":"Point","coordinates":[0.07039014399999916,45.64109190000002]}},{"id":"53708","type":"Feature","properties":{"_pk_label":"PK 205+300","_voie":"LGV1"},"geometry":{"type":"Point","coordinates":[0.07041774400000038,45.6401916]}},{"id":"53728","type":"Feature","properties":{"_pk_label":"PK 205+400","_voie":"LGV1"},"geometry":{"type":"Point","coordinates":[0.07044533900000029,45.63929139999999]}},{"id":"53748","type":"Feature","properties":{"_pk_label":"PK 205+500","_voie":"LGV1"},"geometry":{"type":"Point","coordinates":[0.07047293600000136,45.63839111000001]}},{"id":"53768","type":"Feature","properties":{"_pk_label":"PK 205+600","_voie":"LGV1"},"geometry":{"type":"Point","coordinates":[0.0705006610000007,45.637490819999975]}},{"id":"53788","type":"Feature","properties":{"_pk_label":"PK 205+700","_voie":"LGV1"},"geometry":{"type":"Point","coordinates":[0.07052825800000018,45.63659053]}},{"id":"53808","type":"Feature","properties":{"_pk_label":"PK 205+800","_voie":"LGV1"},"geometry":{"type":"Point","coordinates":[0.07055585300000049,45.63569024000001]}},{"id":"53828","type":"Feature","properties":{"_pk_label":"PK 205+900","_voie":"LGV1"},"geometry":{"type":"Point","coordinates":[0.07058356900000015,45.63479003999999]}},{"id":"53868","type":"Feature","properties":{"_pk_label":"PK 206+100","_voie":"LGV1"},"geometry":{"type":"Point","coordinates":[0.07063875600000019,45.63298946]}},{"id":"53888","type":"Feature","properties":{"_pk_label":"PK 206+200","_voie":"LGV1"},"geometry":{"type":"Point","coordinates":[0.07066378100000031,45.6320891]}},{"id":"53908","type":"Feature","properties":{"_pk_label":"PK 206+300","_voie":"LGV1"},"geometry":{"type":"Point","coordinates":[0.07068034200000131,45.63118852]}},{"id":"53928","type":"Feature","properties":{"_pk_label":"PK 206+400","_voie":"LGV1"},"geometry":{"type":"Point","coordinates":[0.070682656000001,45.630287749999994]}},{"id":"53948","type":"Feature","properties":{"_pk_label":"PK 206+500","_voie":"LGV1"},"geometry":{"type":"Point","coordinates":[0.07066557200000012,45.62938701000001]}},{"id":"53968","type":"Feature","properties":{"_pk_label":"PK 206+600","_voie":"LGV1"},"geometry":{"type":"Point","coordinates":[0.07062792200000097,45.628486650000006]}},{"id":"53988","type":"Feature","properties":{"_pk_label":"PK 206+700","_voie":"LGV1"},"geometry":{"type":"Point","coordinates":[0.07056970000000047,45.627586730000004]}},{"id":"54008","type":"Feature","properties":{"_pk_label":"PK 206+800","_voie":"LGV1"},"geometry":{"type":"Point","coordinates":[0.07049101700000007,45.62668764000001]}},{"id":"54028","type":"Feature","properties":{"_pk_label":"PK 206+900","_voie":"LGV1"},"geometry":{"type":"Point","coordinates":[0.0703918640000017,45.62578953999998]}},{"id":"54068","type":"Feature","properties":{"_pk_label":"PK 207+100","_voie":"LGV1"},"geometry":{"type":"Point","coordinates":[0.07013210000000057,45.62399724999998]}},{"id":"54088","type":"Feature","properties":{"_pk_label":"PK 207+200","_voie":"LGV1"},"geometry":{"type":"Point","coordinates":[0.06997160000000008,45.6231035]}},{"id":"54108","type":"Feature","properties":{"_pk_label":"PK 207+300","_voie":"LGV1"},"geometry":{"type":"Point","coordinates":[0.0697908360000012,45.62221174999999]}},{"id":"54128","type":"Feature","properties":{"_pk_label":"PK 207+400","_voie":"LGV1"},"geometry":{"type":"Point","coordinates":[0.06959213100000093,45.62132187999998]}},{"id":"54148","type":"Feature","properties":{"_pk_label":"PK 207+500","_voie":"LGV1"},"geometry":{"type":"Point","coordinates":[0.06938102500000098,45.62043348000001]}},{"id":"54168","type":"Feature","properties":{"_pk_label":"PK 207+600","_voie":"LGV1"},"geometry":{"type":"Point","coordinates":[0.06916358300000054,45.61954598999999]}},{"id":"54188","type":"Feature","properties":{"_pk_label":"PK 207+700","_voie":"LGV1"},"geometry":{"type":"Point","coordinates":[0.06894485800000018,45.61865866]}},{"id":"54208","type":"Feature","properties":{"_pk_label":"PK 207+800","_voie":"LGV1"},"geometry":{"type":"Point","coordinates":[0.06872626899999956,45.61777133]}},{"id":"54228","type":"Feature","properties":{"_pk_label":"PK 207+900","_voie":"LGV1"},"geometry":{"type":"Point","coordinates":[0.06850755300000047,45.616884079999984]}},{"id":"54268","type":"Feature","properties":{"_pk_label":"PK 208+100","_voie":"LGV1"},"geometry":{"type":"Point","coordinates":[0.0680702810000013,45.61510940999998]}},{"id":"54288","type":"Feature","properties":{"_pk_label":"PK 208+200","_voie":"LGV1"},"geometry":{"type":"Point","coordinates":[0.06785158599999974,45.61422216]}},{"id":"54308","type":"Feature","properties":{"_pk_label":"PK 208+300","_voie":"LGV1"},"geometry":{"type":"Point","coordinates":[0.0676329030000004,45.613334829999985]}},{"id":"54328","type":"Feature","properties":{"_pk_label":"PK 208+400","_voie":"LGV1"},"geometry":{"type":"Point","coordinates":[0.06741564200000008,45.61244743]}},{"id":"54348","type":"Feature","properties":{"_pk_label":"PK 208+500","_voie":"LGV1"},"geometry":{"type":"Point","coordinates":[0.06720497499999996,45.61155931]}},{"id":"54368","type":"Feature","properties":{"_pk_label":"PK 208+600","_voie":"LGV1"},"geometry":{"type":"Point","coordinates":[0.06700670800000051,45.61066989]}},{"id":"54388","type":"Feature","properties":{"_pk_label":"PK 208+700","_voie":"LGV1"},"geometry":{"type":"Point","coordinates":[0.06682664699999988,45.609778690000006]}},{"id":"54408","type":"Feature","properties":{"_pk_label":"PK 208+800","_voie":"LGV1"},"geometry":{"type":"Point","coordinates":[0.06666685300000175,45.608885499999985]}},{"id":"54428","type":"Feature","properties":{"_pk_label":"PK 208+900","_voie":"LGV1"},"geometry":{"type":"Point","coordinates":[0.06652743100000054,45.60799076]}},{"id":"54468","type":"Feature","properties":{"_pk_label":"PK 209+100","_voie":"LGV1"},"geometry":{"type":"Point","coordinates":[0.06630980799999996,45.60619694]}},{"id":"54488","type":"Feature","properties":{"_pk_label":"PK 209+200","_voie":"LGV1"},"geometry":{"type":"Point","coordinates":[0.06623170599999985,45.60529849]}},{"id":"54508","type":"Feature","properties":{"_pk_label":"PK 209+300","_voie":"LGV1"},"geometry":{"type":"Point","coordinates":[0.06617418100000004,45.60439931999999]}},{"id":"54528","type":"Feature","properties":{"_pk_label":"PK 209+400","_voie":"LGV1"},"geometry":{"type":"Point","coordinates":[0.06613710599999968,45.6034995]}},{"id":"54548","type":"Feature","properties":{"_pk_label":"PK 209+500","_voie":"LGV1"},"geometry":{"type":"Point","coordinates":[0.06611827800000095,45.60259934999999]}},{"id":"54568","type":"Feature","properties":{"_pk_label":"PK 209+600","_voie":"LGV1"},"geometry":{"type":"Point","coordinates":[0.06611203600000037,45.60169908]}},{"id":"54588","type":"Feature","properties":{"_pk_label":"PK 209+700","_voie":"LGV1"},"geometry":{"type":"Point","coordinates":[0.0661124810000009,45.60079863]}},{"id":"54608","type":"Feature","properties":{"_pk_label":"PK 209+800","_voie":"LGV1"},"geometry":{"type":"Point","coordinates":[0.06611433300000127,45.59989821]}},{"id":"54628","type":"Feature","properties":{"_pk_label":"PK 209+900","_voie":"LGV1"},"geometry":{"type":"Point","coordinates":[0.0661160640000007,45.59899769]}},{"id":"54668","type":"Feature","properties":{"_pk_label":"PK 210+100","_voie":"LGV1"},"geometry":{"type":"Point","coordinates":[0.06611964999999986,45.59719676000001]}},{"id":"54688","type":"Feature","properties":{"_pk_label":"PK 210+200","_voie":"LGV1"},"geometry":{"type":"Point","coordinates":[0.06612150799999975,45.59629625000001]}},{"id":"54708","type":"Feature","properties":{"_pk_label":"PK 210+300","_voie":"LGV1"},"geometry":{"type":"Point","coordinates":[0.06612323300000045,45.595395829999994]}},{"id":"54728","type":"Feature","properties":{"_pk_label":"PK 210+400","_voie":"LGV1"},"geometry":{"type":"Point","coordinates":[0.0661250940000001,45.59449532]}},{"id":"54748","type":"Feature","properties":{"_pk_label":"PK 210+500","_voie":"LGV1"},"geometry":{"type":"Point","coordinates":[0.06612682500000032,45.5935948]}},{"id":"54768","type":"Feature","properties":{"_pk_label":"PK 210+600","_voie":"LGV1"},"geometry":{"type":"Point","coordinates":[0.06612637499999925,45.59269423]}},{"id":"54788","type":"Feature","properties":{"_pk_label":"PK 210+700","_voie":"LGV1"},"geometry":{"type":"Point","coordinates":[0.06611796900000015,45.59179364]}},{"id":"54808","type":"Feature","properties":{"_pk_label":"PK 210+800","_voie":"LGV1"},"geometry":{"type":"Point","coordinates":[0.06609724400000026,45.59089308]}},{"id":"54828","type":"Feature","properties":{"_pk_label":"PK 210+900","_voie":"LGV1"},"geometry":{"type":"Point","coordinates":[0.06606367200000038,45.589992730000006]}},{"id":"54868","type":"Feature","properties":{"_pk_label":"PK 211+100","_voie":"LGV1"},"geometry":{"type":"Point","coordinates":[0.06595823899999997,45.588192910000004]}},{"id":"54888","type":"Feature","properties":{"_pk_label":"PK 211+200","_voie":"LGV1"},"geometry":{"type":"Point","coordinates":[0.0658885470000001,45.58729369000002]}},{"id":"54909","type":"Feature","properties":{"_pk_label":"PK 211+300","_voie":"LGV1"},"geometry":{"type":"Point","coordinates":[0.06581409700000064,45.5863947]}},{"id":"54929","type":"Feature","properties":{"_pk_label":"PK 211+400","_voie":"LGV1"},"geometry":{"type":"Point","coordinates":[0.06573926700000077,45.585495710000004]}},{"id":"54949","type":"Feature","properties":{"_pk_label":"PK 211+500","_voie":"LGV1"},"geometry":{"type":"Point","coordinates":[0.06566430299999991,45.58459680000001]}},{"id":"54969","type":"Feature","properties":{"_pk_label":"PK 211+600","_voie":"LGV1"},"geometry":{"type":"Point","coordinates":[0.065589344,45.58369789000001]}},{"id":"54989","type":"Feature","properties":{"_pk_label":"PK 211+700","_voie":"LGV1"},"geometry":{"type":"Point","coordinates":[0.06551451900000065,45.58279889]}},{"id":"55009","type":"Feature","properties":{"_pk_label":"PK 211+800","_voie":"LGV1"},"geometry":{"type":"Point","coordinates":[0.06543956400000067,45.58189998000001]}},{"id":"55029","type":"Feature","properties":{"_pk_label":"PK 211+900","_voie":"LGV1"},"geometry":{"type":"Point","coordinates":[0.06536461100000066,45.58100106999999]}},{"id":"55069","type":"Feature","properties":{"_pk_label":"PK 212+100","_voie":"LGV1"},"geometry":{"type":"Point","coordinates":[0.06521484700000033,45.57920315999999]}},{"id":"55089","type":"Feature","properties":{"_pk_label":"PK 212+200","_voie":"LGV1"},"geometry":{"type":"Point","coordinates":[0.065139903,45.57830426]}},{"id":"55109","type":"Feature","properties":{"_pk_label":"PK 212+300","_voie":"LGV1"},"geometry":{"type":"Point","coordinates":[0.06506509200000125,45.57740525999999]}},{"id":"55129","type":"Feature","properties":{"_pk_label":"PK 212+400","_voie":"LGV1"},"geometry":{"type":"Point","coordinates":[0.06499015299999987,45.57650635000001]}},{"id":"55149","type":"Feature","properties":{"_pk_label":"PK 212+500","_voie":"LGV1"},"geometry":{"type":"Point","coordinates":[0.06491521400000087,45.57560744]}},{"id":"55169","type":"Feature","properties":{"_pk_label":"PK 212+600","_voie":"LGV1"},"geometry":{"type":"Point","coordinates":[0.06484041100000003,45.574708439999995]}},{"id":"55189","type":"Feature","properties":{"_pk_label":"PK 212+700","_voie":"LGV1"},"geometry":{"type":"Point","coordinates":[0.06476548100000071,45.573809530000005]}},{"id":"55209","type":"Feature","properties":{"_pk_label":"PK 212+800","_voie":"LGV1"},"geometry":{"type":"Point","coordinates":[0.06469054999999921,45.57291063]}},{"id":"55229","type":"Feature","properties":{"_pk_label":"PK 212+900","_voie":"LGV1"},"geometry":{"type":"Point","coordinates":[0.06461575299999948,45.57201163000001]}},{"id":"55269","type":"Feature","properties":{"_pk_label":"PK 213+100","_voie":"LGV1"},"geometry":{"type":"Point","coordinates":[0.06446590600000006,45.57021381000001]}},{"id":"55289","type":"Feature","properties":{"_pk_label":"PK 213+200","_voie":"LGV1"},"geometry":{"type":"Point","coordinates":[0.06439111699999983,45.56931481]}},{"id":"55309","type":"Feature","properties":{"_pk_label":"PK 213+300","_voie":"LGV1"},"geometry":{"type":"Point","coordinates":[0.06431619699999958,45.568415910000006]}},{"id":"55329","type":"Feature","properties":{"_pk_label":"PK 213+400","_voie":"LGV1"},"geometry":{"type":"Point","coordinates":[0.06424128300000083,45.567516989999994]}},{"id":"55349","type":"Feature","properties":{"_pk_label":"PK 213+500","_voie":"LGV1"},"geometry":{"type":"Point","coordinates":[0.06416650299999949,45.566618]}},{"id":"55369","type":"Feature","properties":{"_pk_label":"PK 213+600","_voie":"LGV1"},"geometry":{"type":"Point","coordinates":[0.06409159199999931,45.56571909]}},{"id":"55389","type":"Feature","properties":{"_pk_label":"PK 213+700","_voie":"LGV1"},"geometry":{"type":"Point","coordinates":[0.06401668100000073,45.564820180000005]}},{"id":"55409","type":"Feature","properties":{"_pk_label":"PK 213+800","_voie":"LGV1"},"geometry":{"type":"Point","coordinates":[0.06394190799999988,45.56392119000001]}},{"id":"55429","type":"Feature","properties":{"_pk_label":"PK 213+900","_voie":"LGV1"},"geometry":{"type":"Point","coordinates":[0.06386700599999978,45.56302228]}},{"id":"55469","type":"Feature","properties":{"_pk_label":"PK 214+100","_voie":"LGV1"},"geometry":{"type":"Point","coordinates":[0.06371733599999975,45.56122437]}},{"id":"55489","type":"Feature","properties":{"_pk_label":"PK 214+200","_voie":"LGV1"},"geometry":{"type":"Point","coordinates":[0.06364244200000074,45.560325459999994]}},{"id":"55509","type":"Feature","properties":{"_pk_label":"PK 214+300","_voie":"LGV1"},"geometry":{"type":"Point","coordinates":[0.06356754699999995,45.55942656000001]}},{"id":"55529","type":"Feature","properties":{"_pk_label":"PK 214+400","_voie":"LGV1"},"geometry":{"type":"Point","coordinates":[0.06349265800000027,45.558527559999995]}},{"id":"55549","type":"Feature","properties":{"_pk_label":"PK 214+500","_voie":"LGV1"},"geometry":{"type":"Point","coordinates":[0.06341635600000084,45.5576287]}},{"id":"55569","type":"Feature","properties":{"_pk_label":"PK 214+600","_voie":"LGV1"},"geometry":{"type":"Point","coordinates":[0.06333286900000029,45.556729929999996]}},{"id":"55589","type":"Feature","properties":{"_pk_label":"PK 214+700","_voie":"LGV1"},"geometry":{"type":"Point","coordinates":[0.06323664999999998,45.555831809999994]}},{"id":"55609","type":"Feature","properties":{"_pk_label":"PK 214+800","_voie":"LGV1"},"geometry":{"type":"Point","coordinates":[0.06312191900000022,45.55493456]}},{"id":"55629","type":"Feature","properties":{"_pk_label":"PK 214+900","_voie":"LGV1"},"geometry":{"type":"Point","coordinates":[0.06298671700000111,45.554038859999984]}},{"id":"55669","type":"Feature","properties":{"_pk_label":"PK 215+100","_voie":"LGV1"},"geometry":{"type":"Point","coordinates":[0.06265526900000044,45.552252419999995]}},{"id":"55689","type":"Feature","properties":{"_pk_label":"PK 215+200","_voie":"LGV1"},"geometry":{"type":"Point","coordinates":[0.062459122000000915,45.55136222999999]}},{"id":"55709","type":"Feature","properties":{"_pk_label":"PK 215+300","_voie":"LGV1"},"geometry":{"type":"Point","coordinates":[0.06224272500000084,45.550474400000006]}},{"id":"55729","type":"Feature","properties":{"_pk_label":"PK 215+400","_voie":"LGV1"},"geometry":{"type":"Point","coordinates":[0.06200619399999983,45.54958901000001]}},{"id":"55749","type":"Feature","properties":{"_pk_label":"PK 215+500","_voie":"LGV1"},"geometry":{"type":"Point","coordinates":[0.061749513999999874,45.54870653]}},{"id":"55769","type":"Feature","properties":{"_pk_label":"PK 215+600","_voie":"LGV1"},"geometry":{"type":"Point","coordinates":[0.06147268100000064,45.54782693]}},{"id":"55789","type":"Feature","properties":{"_pk_label":"PK 215+700","_voie":"LGV1"},"geometry":{"type":"Point","coordinates":[0.061177497000000386,45.546954969999994]}},{"id":"55790","type":"Feature","properties":{"_pk_label":"PK 215+700","_voie":"LGV1"},"geometry":{"type":"Point","coordinates":[0.06117593300000089,45.546950599999995]}},{"id":"55810","type":"Feature","properties":{"_pk_label":"PK 215+800","_voie":"LGV1"},"geometry":{"type":"Point","coordinates":[0.0608602920000003,45.54607764999999]}},{"id":"55830","type":"Feature","properties":{"_pk_label":"PK 215+900","_voie":"LGV1"},"geometry":{"type":"Point","coordinates":[0.06053067499999969,45.545207310000016]}},{"id":"55870","type":"Feature","properties":{"_pk_label":"PK 216+100","_voie":"LGV1"},"geometry":{"type":"Point","coordinates":[0.05985241400000143,45.54347043999998]}},{"id":"55890","type":"Feature","properties":{"_pk_label":"PK 216+200","_voie":"LGV1"},"geometry":{"type":"Point","coordinates":[0.05951193600000136,45.542602339999995]}},{"id":"55910","type":"Feature","properties":{"_pk_label":"PK 216+300","_voie":"LGV1"},"geometry":{"type":"Point","coordinates":[0.05917146899999975,45.54173423000001]}},{"id":"55930","type":"Feature","properties":{"_pk_label":"PK 216+400","_voie":"LGV1"},"geometry":{"type":"Point","coordinates":[0.05883101399999957,45.540866120000004]}},{"id":"55950","type":"Feature","properties":{"_pk_label":"PK 216+500","_voie":"LGV1"},"geometry":{"type":"Point","coordinates":[0.05849056700000008,45.53999801]}},{"id":"55970","type":"Feature","properties":{"_pk_label":"PK 216+600","_voie":"LGV1"},"geometry":{"type":"Point","coordinates":[0.05815013100000103,45.53912988999998]}},{"id":"55990","type":"Feature","properties":{"_pk_label":"PK 216+700","_voie":"LGV1"},"geometry":{"type":"Point","coordinates":[0.05780970800000121,45.538261779999985]}},{"id":"56010","type":"Feature","properties":{"_pk_label":"PK 216+800","_voie":"LGV1"},"geometry":{"type":"Point","coordinates":[0.05746929400000067,45.53739365999999]}},{"id":"56030","type":"Feature","properties":{"_pk_label":"PK 216+900","_voie":"LGV1"},"geometry":{"type":"Point","coordinates":[0.05712889200000037,45.53652555]}},{"id":"56071","type":"Feature","properties":{"_pk_label":"PK 217+100","_voie":"LGV1"},"geometry":{"type":"Point","coordinates":[0.056449017000001295,45.53478924999999]}},{"id":"56091","type":"Feature","properties":{"_pk_label":"PK 217+200","_voie":"LGV1"},"geometry":{"type":"Point","coordinates":[0.05611498600000002,45.53392003999999]}},{"id":"56111","type":"Feature","properties":{"_pk_label":"PK 217+300","_voie":"LGV1"},"geometry":{"type":"Point","coordinates":[0.05579222500000041,45.53304886]}},{"id":"56131","type":"Feature","properties":{"_pk_label":"PK 217+400","_voie":"LGV1"},"geometry":{"type":"Point","coordinates":[0.055486428000001316,45.53217470999999]}},{"id":"56151","type":"Feature","properties":{"_pk_label":"PK 217+500","_voie":"LGV1"},"geometry":{"type":"Point","coordinates":[0.055200556000000615,45.5312973]}},{"id":"56171","type":"Feature","properties":{"_pk_label":"PK 217+600","_voie":"LGV1"},"geometry":{"type":"Point","coordinates":[0.05493473100000064,45.5304168]}},{"id":"56191","type":"Feature","properties":{"_pk_label":"PK 217+700","_voie":"LGV1"},"geometry":{"type":"Point","coordinates":[0.054688942000000136,45.52953331999999]}},{"id":"56211","type":"Feature","properties":{"_pk_label":"PK 217+800","_voie":"LGV1"},"geometry":{"type":"Point","coordinates":[0.054463297000001624,45.528647299999996]}},{"id":"56231","type":"Feature","properties":{"_pk_label":"PK 217+900","_voie":"LGV1"},"geometry":{"type":"Point","coordinates":[0.05425778900000022,45.52775883]}},{"id":"56271","type":"Feature","properties":{"_pk_label":"PK 218+100","_voie":"LGV1"},"geometry":{"type":"Point","coordinates":[0.053907766999999766,45.52597548]}},{"id":"56291","type":"Feature","properties":{"_pk_label":"PK 218+200","_voie":"LGV1"},"geometry":{"type":"Point","coordinates":[0.05376322499999949,45.52508113]}},{"id":"56311","type":"Feature","properties":{"_pk_label":"PK 218+300","_voie":"LGV1"},"geometry":{"type":"Point","coordinates":[0.053639025000000916,45.52418525]}},{"id":"56331","type":"Feature","properties":{"_pk_label":"PK 218+400","_voie":"LGV1"},"geometry":{"type":"Point","coordinates":[0.05353528100000089,45.523288010000016]}},{"id":"56351","type":"Feature","properties":{"_pk_label":"PK 218+500","_voie":"LGV1"},"geometry":{"type":"Point","coordinates":[0.053451971999999924,45.52238985999999]}},{"id":"56371","type":"Feature","properties":{"_pk_label":"PK 218+600","_voie":"LGV1"},"geometry":{"type":"Point","coordinates":[0.05338922200000029,45.52149081]}},{"id":"56391","type":"Feature","properties":{"_pk_label":"PK 218+700","_voie":"LGV1"},"geometry":{"type":"Point","coordinates":[0.053346761000000485,45.52059112]}},{"id":"56411","type":"Feature","properties":{"_pk_label":"PK 218+800","_voie":"LGV1"},"geometry":{"type":"Point","coordinates":[0.053324956000000506,45.51969116]}},{"id":"56431","type":"Feature","properties":{"_pk_label":"PK 218+900","_voie":"LGV1"},"geometry":{"type":"Point","coordinates":[0.0533235390000016,45.518791019999995]}},{"id":"56472","type":"Feature","properties":{"_pk_label":"PK 219+100","_voie":"LGV1"},"geometry":{"type":"Point","coordinates":[0.053382074999999446,45.51699126999999]}},{"id":"56492","type":"Feature","properties":{"_pk_label":"PK 219+200","_voie":"LGV1"},"geometry":{"type":"Point","coordinates":[0.053439957999999975,45.516091960000004]}},{"id":"56512","type":"Feature","properties":{"_pk_label":"PK 219+300","_voie":"LGV1"},"geometry":{"type":"Point","coordinates":[0.05351063900000096,45.515192989999996]}},{"id":"56532","type":"Feature","properties":{"_pk_label":"PK 219+400","_voie":"LGV1"},"geometry":{"type":"Point","coordinates":[0.05358797200000174,45.514294189999994]}},{"id":"56552","type":"Feature","properties":{"_pk_label":"PK 219+500","_voie":"LGV1"},"geometry":{"type":"Point","coordinates":[0.05366671100000137,45.513395429999996]}},{"id":"56572","type":"Feature","properties":{"_pk_label":"PK 219+600","_voie":"LGV1"},"geometry":{"type":"Point","coordinates":[0.05374557500000111,45.512496679999984]}},{"id":"56592","type":"Feature","properties":{"_pk_label":"PK 219+700","_voie":"LGV1"},"geometry":{"type":"Point","coordinates":[0.053824308000000425,45.511597920000014]}},{"id":"56612","type":"Feature","properties":{"_pk_label":"PK 219+800","_voie":"LGV1"},"geometry":{"type":"Point","coordinates":[0.05390316900000079,45.510699160000016]}},{"id":"56632","type":"Feature","properties":{"_pk_label":"PK 219+900","_voie":"LGV1"},"geometry":{"type":"Point","coordinates":[0.05398189699999997,45.509800410000004]}},{"id":"56672","type":"Feature","properties":{"_pk_label":"PK 220+100","_voie":"LGV1"},"geometry":{"type":"Point","coordinates":[0.054139474999999875,45.50800289]}},{"id":"56692","type":"Feature","properties":{"_pk_label":"PK 220+200","_voie":"LGV1"},"geometry":{"type":"Point","coordinates":[0.05421832500000099,45.50710414]}},{"id":"56712","type":"Feature","properties":{"_pk_label":"PK 220+300","_voie":"LGV1"},"geometry":{"type":"Point","coordinates":[0.054297044000002084,45.50620538]}},{"id":"56732","type":"Feature","properties":{"_pk_label":"PK 220+400","_voie":"LGV1"},"geometry":{"type":"Point","coordinates":[0.05437550300000074,45.50530661000001]}},{"id":"56752","type":"Feature","properties":{"_pk_label":"PK 220+500","_voie":"LGV1"},"geometry":{"type":"Point","coordinates":[0.054449625000000265,45.50440746]}},{"id":"56772","type":"Feature","properties":{"_pk_label":"PK 220+600","_voie":"LGV1"},"geometry":{"type":"Point","coordinates":[0.054513638999999885,45.50350796000001]}},{"id":"56792","type":"Feature","properties":{"_pk_label":"PK 220+700","_voie":"LGV1"},"geometry":{"type":"Point","coordinates":[0.05456140800000018,45.50260785000001]}},{"id":"56812","type":"Feature","properties":{"_pk_label":"PK 220+800","_voie":"LGV1"},"geometry":{"type":"Point","coordinates":[0.054589089000000514,45.501707210000006]}},{"id":"56832","type":"Feature","properties":{"_pk_label":"PK 220+900","_voie":"LGV1"},"geometry":{"type":"Point","coordinates":[0.054596139000000876,45.50080648000001]}},{"id":"56872","type":"Feature","properties":{"_pk_label":"PK 221+100","_voie":"LGV1"},"geometry":{"type":"Point","coordinates":[0.05454898100000086,45.49900531000001]}},{"id":"56892","type":"Feature","properties":{"_pk_label":"PK 221+200","_voie":"LGV1"},"geometry":{"type":"Point","coordinates":[0.05449474700000042,45.49810531999999]}},{"id":"56912","type":"Feature","properties":{"_pk_label":"PK 221+300","_voie":"LGV1"},"geometry":{"type":"Point","coordinates":[0.054419975000000155,45.497206040000016]}},{"id":"56932","type":"Feature","properties":{"_pk_label":"PK 221+400","_voie":"LGV1"},"geometry":{"type":"Point","coordinates":[0.05432478300000084,45.496307769999994]}},{"id":"56952","type":"Feature","properties":{"_pk_label":"PK 221+500","_voie":"LGV1"},"geometry":{"type":"Point","coordinates":[0.05420915799999967,45.49541067]}},{"id":"56972","type":"Feature","properties":{"_pk_label":"PK 221+600","_voie":"LGV1"},"geometry":{"type":"Point","coordinates":[0.05407308900000017,45.49451500999999]}},{"id":"56992","type":"Feature","properties":{"_pk_label":"PK 221+700","_voie":"LGV1"},"geometry":{"type":"Point","coordinates":[0.05391669199999999,45.49362099]}},{"id":"57012","type":"Feature","properties":{"_pk_label":"PK 221+800","_voie":"LGV1"},"geometry":{"type":"Point","coordinates":[0.05373996400000015,45.49272876999999]}},{"id":"57032","type":"Feature","properties":{"_pk_label":"PK 221+900","_voie":"LGV1"},"geometry":{"type":"Point","coordinates":[0.053543011000000404,45.49183872999998]}},{"id":"57072","type":"Feature","properties":{"_pk_label":"PK 222+100","_voie":"LGV1"},"geometry":{"type":"Point","coordinates":[0.05308853100000085,45.49006578999999]}},{"id":"57092","type":"Feature","properties":{"_pk_label":"PK 222+200","_voie":"LGV1"},"geometry":{"type":"Point","coordinates":[0.052831106000000044,45.48918343]}},{"id":"57112","type":"Feature","properties":{"_pk_label":"PK 222+300","_voie":"LGV1"},"geometry":{"type":"Point","coordinates":[0.052553672,45.48830407]}},{"id":"57132","type":"Feature","properties":{"_pk_label":"PK 222+400","_voie":"LGV1"},"geometry":{"type":"Point","coordinates":[0.05225622199999982,45.48742787]}},{"id":"57152","type":"Feature","properties":{"_pk_label":"PK 222+500","_voie":"LGV1"},"geometry":{"type":"Point","coordinates":[0.05193899399999984,45.48655521]}},{"id":"57172","type":"Feature","properties":{"_pk_label":"PK 222+600","_voie":"LGV1"},"geometry":{"type":"Point","coordinates":[0.051601856000001466,45.48568616999998]}},{"id":"57192","type":"Feature","properties":{"_pk_label":"PK 222+700","_voie":"LGV1"},"geometry":{"type":"Point","coordinates":[0.05124505000000062,45.484821020000005]}},{"id":"57212","type":"Feature","properties":{"_pk_label":"PK 222+800","_voie":"LGV1"},"geometry":{"type":"Point","coordinates":[0.05086856100000088,45.48396004]}},{"id":"57232","type":"Feature","properties":{"_pk_label":"PK 222+900","_voie":"LGV1"},"geometry":{"type":"Point","coordinates":[0.050472639000000465,45.48310341999998]}},{"id":"57272","type":"Feature","properties":{"_pk_label":"PK 223+100","_voie":"LGV1"},"geometry":{"type":"Point","coordinates":[0.0496225810000006,45.48140404]}},{"id":"57292","type":"Feature","properties":{"_pk_label":"PK 223+200","_voie":"LGV1"},"geometry":{"type":"Point","coordinates":[0.04916867800000059,45.48056175]}},{"id":"57312","type":"Feature","properties":{"_pk_label":"PK 223+300","_voie":"LGV1"},"geometry":{"type":"Point","coordinates":[0.04869568099999948,45.47972472]}},{"id":"57332","type":"Feature","properties":{"_pk_label":"PK 223+400","_voie":"LGV1"},"geometry":{"type":"Point","coordinates":[0.0482038359999995,45.478893039999996]}},{"id":"57352","type":"Feature","properties":{"_pk_label":"PK 223+500","_voie":"LGV1"},"geometry":{"type":"Point","coordinates":[0.047693005999999934,45.478067089999996]}},{"id":"57372","type":"Feature","properties":{"_pk_label":"PK 223+600","_voie":"LGV1"},"geometry":{"type":"Point","coordinates":[0.047163564000000296,45.47724694]}},{"id":"57392","type":"Feature","properties":{"_pk_label":"PK 223+700","_voie":"LGV1"},"geometry":{"type":"Point","coordinates":[0.04661549999999993,45.47643279]}},{"id":"57412","type":"Feature","properties":{"_pk_label":"PK 223+800","_voie":"LGV1"},"geometry":{"type":"Point","coordinates":[0.04604905800000109,45.475625009999995]}},{"id":"57432","type":"Feature","properties":{"_pk_label":"PK 223+900","_voie":"LGV1"},"geometry":{"type":"Point","coordinates":[0.04546422800000115,45.474823669999985]}},{"id":"57472","type":"Feature","properties":{"_pk_label":"PK 224+100","_voie":"LGV1"},"geometry":{"type":"Point","coordinates":[0.04424052200000145,45.473241189999996]}},{"id":"57492","type":"Feature","properties":{"_pk_label":"PK 224+200","_voie":"LGV1"},"geometry":{"type":"Point","coordinates":[0.043604094000000766,45.47245974999999]}},{"id":"57512","type":"Feature","properties":{"_pk_label":"PK 224+300","_voie":"LGV1"},"geometry":{"type":"Point","coordinates":[0.04295695000000084,45.47168271000001]}},{"id":"57532","type":"Feature","properties":{"_pk_label":"PK 224+400","_voie":"LGV1"},"geometry":{"type":"Point","coordinates":[0.042304450000000285,45.47090795999999]}},{"id":"57552","type":"Feature","properties":{"_pk_label":"PK 224+500","_voie":"LGV1"},"geometry":{"type":"Point","coordinates":[0.04165091100000048,45.47013380999999]}},{"id":"57572","type":"Feature","properties":{"_pk_label":"PK 224+600","_voie":"LGV1"},"geometry":{"type":"Point","coordinates":[0.04099739400000077,45.46935956000001]}},{"id":"57592","type":"Feature","properties":{"_pk_label":"PK 224+700","_voie":"LGV1"},"geometry":{"type":"Point","coordinates":[0.040343892000000256,45.46858540000001]}},{"id":"57612","type":"Feature","properties":{"_pk_label":"PK 224+800","_voie":"LGV1"},"geometry":{"type":"Point","coordinates":[0.03969041399999983,45.46781113999999]}},{"id":"57632","type":"Feature","properties":{"_pk_label":"PK 224+900","_voie":"LGV1"},"geometry":{"type":"Point","coordinates":[0.03903694700000063,45.46703696999999]}},{"id":"57673","type":"Feature","properties":{"_pk_label":"PK 225+100","_voie":"LGV1"},"geometry":{"type":"Point","coordinates":[0.037730994000001086,45.465488109999995]}},{"id":"57693","type":"Feature","properties":{"_pk_label":"PK 225+200","_voie":"LGV1"},"geometry":{"type":"Point","coordinates":[0.03708412200000027,45.464711390000005]}},{"id":"57713","type":"Feature","properties":{"_pk_label":"PK 225+300","_voie":"LGV1"},"geometry":{"type":"Point","coordinates":[0.0364478689999998,45.46393037]}},{"id":"57733","type":"Feature","properties":{"_pk_label":"PK 225+400","_voie":"LGV1"},"geometry":{"type":"Point","coordinates":[0.035824714000000105,45.46314417999999]}},{"id":"57753","type":"Feature","properties":{"_pk_label":"PK 225+500","_voie":"LGV1"},"geometry":{"type":"Point","coordinates":[0.03521517799999949,45.46235268000003]}},{"id":"57774","type":"Feature","properties":{"_pk_label":"PK 225+600","_voie":"LGV1"},"geometry":{"type":"Point","coordinates":[0.03461911400000057,45.46155621]}},{"id":"57794","type":"Feature","properties":{"_pk_label":"PK 225+700","_voie":"LGV1"},"geometry":{"type":"Point","coordinates":[0.03403470300000031,45.46075527]}},{"id":"57814","type":"Feature","properties":{"_pk_label":"PK 225+800","_voie":"LGV1"},"geometry":{"type":"Point","coordinates":[0.033457094000000596,45.45995188999999]}},{"id":"57834","type":"Feature","properties":{"_pk_label":"PK 225+900","_voie":"LGV1"},"geometry":{"type":"Point","coordinates":[0.032881203000000685,45.459147829999985]}},{"id":"57874","type":"Feature","properties":{"_pk_label":"PK 226+100","_voie":"LGV1"},"geometry":{"type":"Point","coordinates":[0.03172948300000081,45.45753954]}},{"id":"57894","type":"Feature","properties":{"_pk_label":"PK 226+200","_voie":"LGV1"},"geometry":{"type":"Point","coordinates":[0.031153644000000983,45.456735469999984]}},{"id":"57914","type":"Feature","properties":{"_pk_label":"PK 226+300","_voie":"LGV1"},"geometry":{"type":"Point","coordinates":[0.03057795300000035,45.45593131999999]}},{"id":"57934","type":"Feature","properties":{"_pk_label":"PK 226+400","_voie":"LGV1"},"geometry":{"type":"Point","coordinates":[0.030002147000000274,45.455127250000004]}},{"id":"57954","type":"Feature","properties":{"_pk_label":"PK 226+500","_voie":"LGV1"},"geometry":{"type":"Point","coordinates":[0.029426360999999533,45.45432308]}},{"id":"57974","type":"Feature","properties":{"_pk_label":"PK 226+600","_voie":"LGV1"},"geometry":{"type":"Point","coordinates":[0.02885059200000035,45.45351892]}},{"id":"57994","type":"Feature","properties":{"_pk_label":"PK 226+700","_voie":"LGV1"},"geometry":{"type":"Point","coordinates":[0.028274836000000397,45.452714840000006]}},{"id":"58014","type":"Feature","properties":{"_pk_label":"PK 226+800","_voie":"LGV1"},"geometry":{"type":"Point","coordinates":[0.027699100000001763,45.45191066999999]}},{"id":"58034","type":"Feature","properties":{"_pk_label":"PK 226+900","_voie":"LGV1"},"geometry":{"type":"Point","coordinates":[0.02712337800000095,45.451106579999994]}},{"id":"58074","type":"Feature","properties":{"_pk_label":"PK 227+100","_voie":"LGV1"},"geometry":{"type":"Point","coordinates":[0.025972116999999833,45.449498229999996]}},{"id":"58094","type":"Feature","properties":{"_pk_label":"PK 227+200","_voie":"LGV1"},"geometry":{"type":"Point","coordinates":[0.025396444000000146,45.448694140000015]}},{"id":"58114","type":"Feature","properties":{"_pk_label":"PK 227+300","_voie":"LGV1"},"geometry":{"type":"Point","coordinates":[0.024820791999999973,45.44788995]}},{"id":"58134","type":"Feature","properties":{"_pk_label":"PK 227+400","_voie":"LGV1"},"geometry":{"type":"Point","coordinates":[0.02424515600000078,45.44708575999999]}},{"id":"58154","type":"Feature","properties":{"_pk_label":"PK 227+500","_voie":"LGV1"},"geometry":{"type":"Point","coordinates":[0.02366953300000002,45.44628166]}},{"id":"58174","type":"Feature","properties":{"_pk_label":"PK 227+600","_voie":"LGV1"},"geometry":{"type":"Point","coordinates":[0.023093931000000366,45.44547747]}},{"id":"58194","type":"Feature","properties":{"_pk_label":"PK 227+700","_voie":"LGV1"},"geometry":{"type":"Point","coordinates":[0.022518342000000337,45.44467336000001]}},{"id":"58214","type":"Feature","properties":{"_pk_label":"PK 227+800","_voie":"LGV1"},"geometry":{"type":"Point","coordinates":[0.021942772000000648,45.44386915999999]}},{"id":"58234","type":"Feature","properties":{"_pk_label":"PK 227+900","_voie":"LGV1"},"geometry":{"type":"Point","coordinates":[0.021367218999999736,45.443064960000015]}},{"id":"58274","type":"Feature","properties":{"_pk_label":"PK 228+100","_voie":"LGV1"},"geometry":{"type":"Point","coordinates":[0.020216288999999502,45.44145664000002]}},{"id":"58294","type":"Feature","properties":{"_pk_label":"PK 228+200","_voie":"LGV1"},"geometry":{"type":"Point","coordinates":[0.019640780999999767,45.44065252]}},{"id":"58314","type":"Feature","properties":{"_pk_label":"PK 228+300","_voie":"LGV1"},"geometry":{"type":"Point","coordinates":[0.0190652970000009,45.439848299999994]}},{"id":"58334","type":"Feature","properties":{"_pk_label":"PK 228+400","_voie":"LGV1"},"geometry":{"type":"Point","coordinates":[0.01848982800000004,45.43904409000001]}},{"id":"58354","type":"Feature","properties":{"_pk_label":"PK 228+500","_voie":"LGV1"},"geometry":{"type":"Point","coordinates":[0.017914368999999843,45.43823996]}},{"id":"58374","type":"Feature","properties":{"_pk_label":"PK 228+600","_voie":"LGV1"},"geometry":{"type":"Point","coordinates":[0.01733893600000009,45.43743572999998]}},{"id":"58394","type":"Feature","properties":{"_pk_label":"PK 228+700","_voie":"LGV1"},"geometry":{"type":"Point","coordinates":[0.01676351699999935,45.436631510000005]}},{"id":"58414","type":"Feature","properties":{"_pk_label":"PK 228+800","_voie":"LGV1"},"geometry":{"type":"Point","coordinates":[0.016188235999999523,45.43582737000001]}},{"id":"58434","type":"Feature","properties":{"_pk_label":"PK 228+900","_voie":"LGV1"},"geometry":{"type":"Point","coordinates":[0.015612853000000284,45.435023140000006]}},{"id":"58474","type":"Feature","properties":{"_pk_label":"PK 229+100","_voie":"LGV1"},"geometry":{"type":"Point","coordinates":[0.014462125000000495,45.43341476]}},{"id":"58494","type":"Feature","properties":{"_pk_label":"PK 229+200","_voie":"LGV1"},"geometry":{"type":"Point","coordinates":[0.013886789000000024,45.432610520000004]}},{"id":"58514","type":"Feature","properties":{"_pk_label":"PK 229+300","_voie":"LGV1"},"geometry":{"type":"Point","coordinates":[0.013311467000000953,45.431806370000004]}},{"id":"58534","type":"Feature","properties":{"_pk_label":"PK 229+400","_voie":"LGV1"},"geometry":{"type":"Point","coordinates":[0.012736164000001028,45.43100211999999]}},{"id":"58554","type":"Feature","properties":{"_pk_label":"PK 229+500","_voie":"LGV1"},"geometry":{"type":"Point","coordinates":[0.012160872000000357,45.430197959999994]}},{"id":"58574","type":"Feature","properties":{"_pk_label":"PK 229+600","_voie":"LGV1"},"geometry":{"type":"Point","coordinates":[0.011585606000000925,45.42939371]}},{"id":"58594","type":"Feature","properties":{"_pk_label":"PK 229+700","_voie":"LGV1"},"geometry":{"type":"Point","coordinates":[0.01101048100000018,45.428589460000005]}},{"id":"58614","type":"Feature","properties":{"_pk_label":"PK 229+800","_voie":"LGV1"},"geometry":{"type":"Point","coordinates":[0.010435239000000025,45.427785289999996]}},{"id":"58634","type":"Feature","properties":{"_pk_label":"PK 229+900","_voie":"LGV1"},"geometry":{"type":"Point","coordinates":[0.009860019000000766,45.42698102999999]}},{"id":"58674","type":"Feature","properties":{"_pk_label":"PK 230+100","_voie":"LGV1"},"geometry":{"type":"Point","coordinates":[0.008709628000000191,45.42537259]}},{"id":"58694","type":"Feature","properties":{"_pk_label":"PK 230+200","_voie":"LGV1"},"geometry":{"type":"Point","coordinates":[0.008134457999999857,45.42456832999999]}},{"id":"58714","type":"Feature","properties":{"_pk_label":"PK 230+300","_voie":"LGV1"},"geometry":{"type":"Point","coordinates":[0.0075593000000013484,45.42376414]}},{"id":"58734","type":"Feature","properties":{"_pk_label":"PK 230+400","_voie":"LGV1"},"geometry":{"type":"Point","coordinates":[0.006984164000000156,45.42295986999999]}},{"id":"58754","type":"Feature","properties":{"_pk_label":"PK 230+500","_voie":"LGV1"},"geometry":{"type":"Point","coordinates":[0.006408781000001315,45.42215577]}},{"id":"58774","type":"Feature","properties":{"_pk_label":"PK 230+600","_voie":"LGV1"},"geometry":{"type":"Point","coordinates":[0.005829250000000189,45.4213529]}},{"id":"58794","type":"Feature","properties":{"_pk_label":"PK 230+700","_voie":"LGV1"},"geometry":{"type":"Point","coordinates":[0.005241514000000225,45.42055306]}},{"id":"58814","type":"Feature","properties":{"_pk_label":"PK 230+800","_voie":"LGV1"},"geometry":{"type":"Point","coordinates":[0.004644661000000648,45.41975648000001]}},{"id":"58834","type":"Feature","properties":{"_pk_label":"PK 230+900","_voie":"LGV1"},"geometry":{"type":"Point","coordinates":[0.004038939000000884,45.41896334999999]}},{"id":"58874","type":"Feature","properties":{"_pk_label":"PK 231+100","_voie":"LGV1"},"geometry":{"type":"Point","coordinates":[0.0028008919999999464,45.41738729]}},{"id":"58894","type":"Feature","properties":{"_pk_label":"PK 231+200","_voie":"LGV1"},"geometry":{"type":"Point","coordinates":[0.0021731330000009617,45.41660276]}},{"id":"58914","type":"Feature","properties":{"_pk_label":"PK 231+300","_voie":"LGV1"},"geometry":{"type":"Point","coordinates":[0.001544864000000931,45.415818560000005]}},{"id":"58934","type":"Feature","properties":{"_pk_label":"PK 231+400","_voie":"LGV1"},"geometry":{"type":"Point","coordinates":[0.0009164889999999497,45.41503428]}},{"id":"58954","type":"Feature","properties":{"_pk_label":"PK 231+500","_voie":"LGV1"},"geometry":{"type":"Point","coordinates":[0.0002882530000008635,45.414250079999995]}},{"id":"58974","type":"Feature","properties":{"_pk_label":"PK 231+600","_voie":"LGV1"},"geometry":{"type":"Point","coordinates":[-0.0003399639999986788,45.413465880000004]}},{"id":"58994","type":"Feature","properties":{"_pk_label":"PK 231+700","_voie":"LGV1"},"geometry":{"type":"Point","coordinates":[-0.0009682920000000976,45.412681670000005]}},{"id":"59014","type":"Feature","properties":{"_pk_label":"PK 231+800","_voie":"LGV1"},"geometry":{"type":"Point","coordinates":[-0.0015964689999989888,45.411897379999985]}},{"id":"59034","type":"Feature","properties":{"_pk_label":"PK 231+900","_voie":"LGV1"},"geometry":{"type":"Point","coordinates":[-0.002224760999999702,45.41111316]}},{"id":"59074","type":"Feature","properties":{"_pk_label":"PK 232+100","_voie":"LGV1"},"geometry":{"type":"Point","coordinates":[-0.003481030999999417,45.40954463999998]}},{"id":"59094","type":"Feature","properties":{"_pk_label":"PK 232+200","_voie":"LGV1"},"geometry":{"type":"Point","coordinates":[-0.004109268999999271,45.408760409999985]}},{"id":"59114","type":"Feature","properties":{"_pk_label":"PK 232+300","_voie":"LGV1"},"geometry":{"type":"Point","coordinates":[-0.004737363999999272,45.40797619]}},{"id":"59134","type":"Feature","properties":{"_pk_label":"PK 232+400","_voie":"LGV1"},"geometry":{"type":"Point","coordinates":[-0.005365563999998846,45.40719186999998]}},{"id":"59154","type":"Feature","properties":{"_pk_label":"PK 232+500","_voie":"LGV1"},"geometry":{"type":"Point","coordinates":[-0.005993621999999547,45.40640764000001]}},{"id":"59174","type":"Feature","properties":{"_pk_label":"PK 232+600","_voie":"LGV1"},"geometry":{"type":"Point","coordinates":[-0.0066216609999991145,45.405623399999996]}},{"id":"59194","type":"Feature","properties":{"_pk_label":"PK 232+700","_voie":"LGV1"},"geometry":{"type":"Point","coordinates":[-0.007249805999998439,45.40483907]}},{"id":"59214","type":"Feature","properties":{"_pk_label":"PK 232+800","_voie":"LGV1"},"geometry":{"type":"Point","coordinates":[-0.007877810999999658,45.40405482999999]}},{"id":"59234","type":"Feature","properties":{"_pk_label":"PK 232+900","_voie":"LGV1"},"geometry":{"type":"Point","coordinates":[-0.008505928000000157,45.40327057999999]}},{"id":"59274","type":"Feature","properties":{"_pk_label":"PK 233+100","_voie":"LGV1"},"geometry":{"type":"Point","coordinates":[-0.00976184199999992,45.40170199]}},{"id":"59294","type":"Feature","properties":{"_pk_label":"PK 233+200","_voie":"LGV1"},"geometry":{"type":"Point","coordinates":[-0.010389905999999349,45.40091773]}},{"id":"59314","type":"Feature","properties":{"_pk_label":"PK 233+300","_voie":"LGV1"},"geometry":{"type":"Point","coordinates":[-0.011017816999999057,45.40013337999999]}},{"id":"59334","type":"Feature","properties":{"_pk_label":"PK 233+400","_voie":"LGV1"},"geometry":{"type":"Point","coordinates":[-0.011645456000000064,45.399349040000004]}},{"id":"59354","type":"Feature","properties":{"_pk_label":"PK 233+500","_voie":"LGV1"},"geometry":{"type":"Point","coordinates":[-0.012269027999998685,45.398563179999975]}},{"id":"59374","type":"Feature","properties":{"_pk_label":"PK 233+600","_voie":"LGV1"},"geometry":{"type":"Point","coordinates":[-0.012883438999999483,45.397773770000015]}},{"id":"59394","type":"Feature","properties":{"_pk_label":"PK 233+700","_voie":"LGV1"},"geometry":{"type":"Point","coordinates":[-0.013484777999999151,45.39697948999999]}},{"id":"59414","type":"Feature","properties":{"_pk_label":"PK 233+800","_voie":"LGV1"},"geometry":{"type":"Point","coordinates":[-0.014072530999999482,45.39618024999999]}},{"id":"59434","type":"Feature","properties":{"_pk_label":"PK 233+900","_voie":"LGV1"},"geometry":{"type":"Point","coordinates":[-0.014646688999999604,45.39537597]}},{"id":"59474","type":"Feature","properties":{"_pk_label":"PK 234+100","_voie":"LGV1"},"geometry":{"type":"Point","coordinates":[-0.015753521999998726,45.39375328999999]}},{"id":"59494","type":"Feature","properties":{"_pk_label":"PK 234+200","_voie":"LGV1"},"geometry":{"type":"Point","coordinates":[-0.016286206000000192,45.39293505999999]}},{"id":"59514","type":"Feature","properties":{"_pk_label":"PK 234+300","_voie":"LGV1"},"geometry":{"type":"Point","coordinates":[-0.01680481899999914,45.392112349999984]}},{"id":"59534","type":"Feature","properties":{"_pk_label":"PK 234+400","_voie":"LGV1"},"geometry":{"type":"Point","coordinates":[-0.01730937199999921,45.39128533000002]}},{"id":"59554","type":"Feature","properties":{"_pk_label":"PK 234+500","_voie":"LGV1"},"geometry":{"type":"Point","coordinates":[-0.017799739000000113,45.390454090000006]}},{"id":"59574","type":"Feature","properties":{"_pk_label":"PK 234+600","_voie":"LGV1"},"geometry":{"type":"Point","coordinates":[-0.01827592799999856,45.38961873]}},{"id":"59594","type":"Feature","properties":{"_pk_label":"PK 234+700","_voie":"LGV1"},"geometry":{"type":"Point","coordinates":[-0.01873795000000017,45.38877942000001]}},{"id":"59614","type":"Feature","properties":{"_pk_label":"PK 234+800","_voie":"LGV1"},"geometry":{"type":"Point","coordinates":[-0.019185555999999365,45.38793626]}},{"id":"59634","type":"Feature","properties":{"_pk_label":"PK 234+900","_voie":"LGV1"},"geometry":{"type":"Point","coordinates":[-0.019618624999999175,45.387089440000004]}},{"id":"59674","type":"Feature","properties":{"_pk_label":"PK 235+100","_voie":"LGV1"},"geometry":{"type":"Point","coordinates":[-0.020441552999999,45.385384960000025]}},{"id":"59694","type":"Feature","properties":{"_pk_label":"PK 235+200","_voie":"LGV1"},"geometry":{"type":"Point","coordinates":[-0.02083117799999979,45.384527679999984]}},{"id":"59714","type":"Feature","properties":{"_pk_label":"PK 235+300","_voie":"LGV1"},"geometry":{"type":"Point","coordinates":[-0.02120616099999964,45.38366709999998]}},{"id":"59734","type":"Feature","properties":{"_pk_label":"PK 235+400","_voie":"LGV1"},"geometry":{"type":"Point","coordinates":[-0.021566516999999733,45.38280348000001]}},{"id":"59754","type":"Feature","properties":{"_pk_label":"PK 235+500","_voie":"LGV1"},"geometry":{"type":"Point","coordinates":[-0.021911993999999907,45.381936839999995]}},{"id":"59774","type":"Feature","properties":{"_pk_label":"PK 235+600","_voie":"LGV1"},"geometry":{"type":"Point","coordinates":[-0.022242724999999748,45.38106727000001]}},{"id":"59794","type":"Feature","properties":{"_pk_label":"PK 235+700","_voie":"LGV1"},"geometry":{"type":"Point","coordinates":[-0.022558593999998842,45.380195029999996]}},{"id":"59814","type":"Feature","properties":{"_pk_label":"PK 235+800","_voie":"LGV1"},"geometry":{"type":"Point","coordinates":[-0.02285961099999904,45.37932021999998]}},{"id":"59834","type":"Feature","properties":{"_pk_label":"PK 235+900","_voie":"LGV1"},"geometry":{"type":"Point","coordinates":[-0.023145780999999283,45.37844292]}},{"id":"59874","type":"Feature","properties":{"_pk_label":"PK 236+100","_voie":"LGV1"},"geometry":{"type":"Point","coordinates":[-0.02367295299999904,45.37668125]}},{"id":"59894","type":"Feature","properties":{"_pk_label":"PK 236+200","_voie":"LGV1"},"geometry":{"type":"Point","coordinates":[-0.02391410799999907,45.37579723999999]}},{"id":"59914","type":"Feature","properties":{"_pk_label":"PK 236+300","_voie":"LGV1"},"geometry":{"type":"Point","coordinates":[-0.024140058000000013,45.37491119999999]}},{"id":"59934","type":"Feature","properties":{"_pk_label":"PK 236+400","_voie":"LGV1"},"geometry":{"type":"Point","coordinates":[-0.024350949999999285,45.37402341000001]}},{"id":"59954","type":"Feature","properties":{"_pk_label":"PK 236+500","_voie":"LGV1"},"geometry":{"type":"Point","coordinates":[-0.02454664999999989,45.37313385999998]}},{"id":"59974","type":"Feature","properties":{"_pk_label":"PK 236+600","_voie":"LGV1"},"geometry":{"type":"Point","coordinates":[-0.024727297000000148,45.37224265000002]}},{"id":"59994","type":"Feature","properties":{"_pk_label":"PK 236+700","_voie":"LGV1"},"geometry":{"type":"Point","coordinates":[-0.024892646999999782,45.37135005]}},{"id":"60014","type":"Feature","properties":{"_pk_label":"PK 236+800","_voie":"LGV1"},"geometry":{"type":"Point","coordinates":[-0.025042832999999973,45.37045606]}},{"id":"60034","type":"Feature","properties":{"_pk_label":"PK 236+900","_voie":"LGV1"},"geometry":{"type":"Point","coordinates":[-0.025177738999998714,45.36956094000001]}},{"id":"60074","type":"Feature","properties":{"_pk_label":"PK 237+100","_voie":"LGV1"},"geometry":{"type":"Point","coordinates":[-0.02540185599999923,45.36776753000001]}},{"id":"60094","type":"Feature","properties":{"_pk_label":"PK 237+200","_voie":"LGV1"},"geometry":{"type":"Point","coordinates":[-0.02549108099999962,45.36686951]}},{"id":"60115","type":"Feature","properties":{"_pk_label":"PK 237+300","_voie":"LGV1"},"geometry":{"type":"Point","coordinates":[-0.025564927999999886,45.36597081999998]}},{"id":"60135","type":"Feature","properties":{"_pk_label":"PK 237+400","_voie":"LGV1"},"geometry":{"type":"Point","coordinates":[-0.025624677999999186,45.36507151999998]}},{"id":"60155","type":"Feature","properties":{"_pk_label":"PK 237+500","_voie":"LGV1"},"geometry":{"type":"Point","coordinates":[-0.025675846999999967,45.36417191]}},{"id":"60175","type":"Feature","properties":{"_pk_label":"PK 237+600","_voie":"LGV1"},"geometry":{"type":"Point","coordinates":[-0.025723932999998957,45.36327211]}},{"id":"60195","type":"Feature","properties":{"_pk_label":"PK 237+700","_voie":"LGV1"},"geometry":{"type":"Point","coordinates":[-0.025772018999999532,45.36237231999999]}},{"id":"60215","type":"Feature","properties":{"_pk_label":"PK 237+800","_voie":"LGV1"},"geometry":{"type":"Point","coordinates":[-0.025820102999998946,45.36147252000001]}},{"id":"60235","type":"Feature","properties":{"_pk_label":"PK 237+900","_voie":"LGV1"},"geometry":{"type":"Point","coordinates":[-0.025868052999999773,45.36057264000001]}},{"id":"60275","type":"Feature","properties":{"_pk_label":"PK 238+100","_voie":"LGV1"},"geometry":{"type":"Point","coordinates":[-0.02596421399999889,45.35877304999998]}},{"id":"60295","type":"Feature","properties":{"_pk_label":"PK 238+200","_voie":"LGV1"},"geometry":{"type":"Point","coordinates":[-0.026012291999999576,45.357873249999976]}},{"id":"60315","type":"Feature","properties":{"_pk_label":"PK 238+300","_voie":"LGV1"},"geometry":{"type":"Point","coordinates":[-0.026060241999999213,45.356973459999985]}},{"id":"60335","type":"Feature","properties":{"_pk_label":"PK 238+400","_voie":"LGV1"},"geometry":{"type":"Point","coordinates":[-0.026108317000000138,45.35607366]}},{"id":"60355","type":"Feature","properties":{"_pk_label":"PK 238+500","_voie":"LGV1"},"geometry":{"type":"Point","coordinates":[-0.026156386000000746,45.355173779999994]}},{"id":"60376","type":"Feature","properties":{"_pk_label":"PK 238+600","_voie":"LGV1"},"geometry":{"type":"Point","coordinates":[-0.026204582999999622,45.35427398]}},{"id":"60396","type":"Feature","properties":{"_pk_label":"PK 238+700","_voie":"LGV1"},"geometry":{"type":"Point","coordinates":[-0.026256488999999765,45.353374169999995]}},{"id":"60416","type":"Feature","properties":{"_pk_label":"PK 238+800","_voie":"LGV1"},"geometry":{"type":"Point","coordinates":[-0.026317985999999866,45.35247455999999]}},{"id":"60437","type":"Feature","properties":{"_pk_label":"PK 238+900","_voie":"LGV1"},"geometry":{"type":"Point","coordinates":[-0.026394593999999525,45.35157551999999]}},{"id":"60477","type":"Feature","properties":{"_pk_label":"PK 239+100","_voie":"LGV1"},"geometry":{"type":"Point","coordinates":[-0.02660135599999945,45.349779969999986]}},{"id":"60497","type":"Feature","properties":{"_pk_label":"PK 239+200","_voie":"LGV1"},"geometry":{"type":"Point","coordinates":[-0.02673153899999952,45.34888399]}},{"id":"60517","type":"Feature","properties":{"_pk_label":"PK 239+300","_voie":"LGV1"},"geometry":{"type":"Point","coordinates":[-0.02687942499999865,45.34798933999999]}},{"id":"60537","type":"Feature","properties":{"_pk_label":"PK 239+400","_voie":"LGV1"},"geometry":{"type":"Point","coordinates":[-0.027045024999998876,45.34709619]}},{"id":"60557","type":"Feature","properties":{"_pk_label":"PK 239+500","_voie":"LGV1"},"geometry":{"type":"Point","coordinates":[-0.027228346999999292,45.346204809999996]}},{"id":"60577","type":"Feature","properties":{"_pk_label":"PK 239+600","_voie":"LGV1"},"geometry":{"type":"Point","coordinates":[-0.027429274999999486,45.345315289999995]}},{"id":"60597","type":"Feature","properties":{"_pk_label":"PK 239+700","_voie":"LGV1"},"geometry":{"type":"Point","coordinates":[-0.027647938999999285,45.34442782999999]}},{"id":"60617","type":"Feature","properties":{"_pk_label":"PK 239+800","_voie":"LGV1"},"geometry":{"type":"Point","coordinates":[-0.027884102999999102,45.343542680000006]}},{"id":"60637","type":"Feature","properties":{"_pk_label":"PK 239+900","_voie":"LGV1"},"geometry":{"type":"Point","coordinates":[-0.028137893999999403,45.34265993]}},{"id":"60677","type":"Feature","properties":{"_pk_label":"PK 240+100","_voie":"LGV1"},"geometry":{"type":"Point","coordinates":[-0.02869775799999864,45.34090231]}},{"id":"60697","type":"Feature","properties":{"_pk_label":"PK 240+200","_voie":"LGV1"},"geometry":{"type":"Point","coordinates":[-0.0290038499999999,45.34002779]}},{"id":"60717","type":"Feature","properties":{"_pk_label":"PK 240+300","_voie":"LGV1"},"geometry":{"type":"Point","coordinates":[-0.029327227999999705,45.33915650000001]}},{"id":"60737","type":"Feature","properties":{"_pk_label":"PK 240+400","_voie":"LGV1"},"geometry":{"type":"Point","coordinates":[-0.029667888999999087,45.33828834]}},{"id":"60757","type":"Feature","properties":{"_pk_label":"PK 240+500","_voie":"LGV1"},"geometry":{"type":"Point","coordinates":[-0.030025724999999108,45.33742377]}},{"id":"60777","type":"Feature","properties":{"_pk_label":"PK 240+600","_voie":"LGV1"},"geometry":{"type":"Point","coordinates":[-0.030400607999999912,45.336562709999995]}},{"id":"60797","type":"Feature","properties":{"_pk_label":"PK 240+700","_voie":"LGV1"},"geometry":{"type":"Point","coordinates":[-0.030792680999999763,45.33570550000002]}},{"id":"60817","type":"Feature","properties":{"_pk_label":"PK 240+800","_voie":"LGV1"},"geometry":{"type":"Point","coordinates":[-0.031201560999999278,45.33485215999998]}},{"id":"60837","type":"Feature","properties":{"_pk_label":"PK 240+900","_voie":"LGV1"},"geometry":{"type":"Point","coordinates":[-0.03162739199999928,45.33400295]}},{"id":"60877","type":"Feature","properties":{"_pk_label":"PK 241+100","_voie":"LGV1"},"geometry":{"type":"Point","coordinates":[-0.0325294279999999,45.33231768000002]}},{"id":"60897","type":"Feature","properties":{"_pk_label":"PK 241+200","_voie":"LGV1"},"geometry":{"type":"Point","coordinates":[-0.03300538899999985,45.331481879999984]}},{"id":"60917","type":"Feature","properties":{"_pk_label":"PK 241+300","_voie":"LGV1"},"geometry":{"type":"Point","coordinates":[-0.03349781700000008,45.33065078]}},{"id":"60937","type":"Feature","properties":{"_pk_label":"PK 241+400","_voie":"LGV1"},"geometry":{"type":"Point","coordinates":[-0.03400673099999895,45.32982471999998]}},{"id":"60957","type":"Feature","properties":{"_pk_label":"PK 241+500","_voie":"LGV1"},"geometry":{"type":"Point","coordinates":[-0.03453200000000042,45.32900372000001]}},{"id":"60977","type":"Feature","properties":{"_pk_label":"PK 241+600","_voie":"LGV1"},"geometry":{"type":"Point","coordinates":[-0.03507351399999882,45.32818803]}},{"id":"60997","type":"Feature","properties":{"_pk_label":"PK 241+700","_voie":"LGV1"},"geometry":{"type":"Point","coordinates":[-0.035631141999999706,45.32737767999999]}},{"id":"61017","type":"Feature","properties":{"_pk_label":"PK 241+800","_voie":"LGV1"},"geometry":{"type":"Point","coordinates":[-0.036204649999999484,45.32657301]}},{"id":"61037","type":"Feature","properties":{"_pk_label":"PK 241+900","_voie":"LGV1"},"geometry":{"type":"Point","coordinates":[-0.03679416100000026,45.325774039999985]}},{"id":"61077","type":"Feature","properties":{"_pk_label":"PK 242+100","_voie":"LGV1"},"geometry":{"type":"Point","coordinates":[-0.03802047800000019,45.324193910000005]}},{"id":"61097","type":"Feature","properties":{"_pk_label":"PK 242+200","_voie":"LGV1"},"geometry":{"type":"Point","coordinates":[-0.03865691899999931,45.323413110000004]}},{"id":"61117","type":"Feature","properties":{"_pk_label":"PK 242+300","_voie":"LGV1"},"geometry":{"type":"Point","coordinates":[-0.039308881,45.322638559999994]}},{"id":"61137","type":"Feature","properties":{"_pk_label":"PK 242+400","_voie":"LGV1"},"geometry":{"type":"Point","coordinates":[-0.039976005999998745,45.32187061999999]}},{"id":"61157","type":"Feature","properties":{"_pk_label":"PK 242+500","_voie":"LGV1"},"geometry":{"type":"Point","coordinates":[-0.04065841899999963,45.32110938000001]}},{"id":"61177","type":"Feature","properties":{"_pk_label":"PK 242+600","_voie":"LGV1"},"geometry":{"type":"Point","coordinates":[-0.04135574399999979,45.320354849999994]}},{"id":"61197","type":"Feature","properties":{"_pk_label":"PK 242+700","_voie":"LGV1"},"geometry":{"type":"Point","coordinates":[-0.042067991999999284,45.319607299999994]}},{"id":"61217","type":"Feature","properties":{"_pk_label":"PK 242+800","_voie":"LGV1"},"geometry":{"type":"Point","coordinates":[-0.042795047000000065,45.318866910000004]}},{"id":"61237","type":"Feature","properties":{"_pk_label":"PK 242+900","_voie":"LGV1"},"geometry":{"type":"Point","coordinates":[-0.04353561099999904,45.31813335]}},{"id":"61277","type":"Feature","properties":{"_pk_label":"PK 243+100","_voie":"LGV1"},"geometry":{"type":"Point","coordinates":[-0.045040332999999974,45.31667837999999]}},{"id":"61297","type":"Feature","properties":{"_pk_label":"PK 243+200","_voie":"LGV1"},"geometry":{"type":"Point","coordinates":[-0.04579569700000054,45.31595260999999]}},{"id":"61317","type":"Feature","properties":{"_pk_label":"PK 243+300","_voie":"LGV1"},"geometry":{"type":"Point","coordinates":[-0.04655090799999939,45.31522674]}},{"id":"61337","type":"Feature","properties":{"_pk_label":"PK 243+400","_voie":"LGV1"},"geometry":{"type":"Point","coordinates":[-0.047306232999999094,45.314500960000004]}},{"id":"61357","type":"Feature","properties":{"_pk_label":"PK 243+500","_voie":"LGV1"},"geometry":{"type":"Point","coordinates":[-0.04806153300000012,45.31377508]}},{"id":"61377","type":"Feature","properties":{"_pk_label":"PK 243+600","_voie":"LGV1"},"geometry":{"type":"Point","coordinates":[-0.04881669199999889,45.31304928999999]}},{"id":"61397","type":"Feature","properties":{"_pk_label":"PK 243+700","_voie":"LGV1"},"geometry":{"type":"Point","coordinates":[-0.049571949999999296,45.31232339999999]}},{"id":"61417","type":"Feature","properties":{"_pk_label":"PK 243+800","_voie":"LGV1"},"geometry":{"type":"Point","coordinates":[-0.05032706400000006,45.31159751]}},{"id":"61437","type":"Feature","properties":{"_pk_label":"PK 243+900","_voie":"LGV1"},"geometry":{"type":"Point","coordinates":[-0.05108228900000032,45.3108717]}},{"id":"61477","type":"Feature","properties":{"_pk_label":"PK 244+100","_voie":"LGV1"},"geometry":{"type":"Point","coordinates":[-0.05259255000000041,45.309419979999994]}},{"id":"61497","type":"Feature","properties":{"_pk_label":"PK 244+200","_voie":"LGV1"},"geometry":{"type":"Point","coordinates":[-0.05334797799999931,45.308694239999994]}},{"id":"61517","type":"Feature","properties":{"_pk_label":"PK 244+300","_voie":"LGV1"},"geometry":{"type":"Point","coordinates":[-0.054107318999999904,45.30797037]}},{"id":"61537","type":"Feature","properties":{"_pk_label":"PK 244+400","_voie":"LGV1"},"geometry":{"type":"Point","coordinates":[-0.05487492499999971,45.307250860000025]}},{"id":"61557","type":"Feature","properties":{"_pk_label":"PK 244+500","_voie":"LGV1"},"geometry":{"type":"Point","coordinates":[-0.05565368899999953,45.30653725999999]}},{"id":"61577","type":"Feature","properties":{"_pk_label":"PK 244+600","_voie":"LGV1"},"geometry":{"type":"Point","coordinates":[-0.056443368999999445,45.305829759999995]}},{"id":"61597","type":"Feature","properties":{"_pk_label":"PK 244+700","_voie":"LGV1"},"geometry":{"type":"Point","coordinates":[-0.05724408900000017,45.30512834000002]}},{"id":"61617","type":"Feature","properties":{"_pk_label":"PK 244+800","_voie":"LGV1"},"geometry":{"type":"Point","coordinates":[-0.05805573599999867,45.304433290000006]}},{"id":"61637","type":"Feature","properties":{"_pk_label":"PK 244+900","_voie":"LGV1"},"geometry":{"type":"Point","coordinates":[-0.05887805000000005,45.30374452000001]}},{"id":"61677","type":"Feature","properties":{"_pk_label":"PK 245+100","_voie":"LGV1"},"geometry":{"type":"Point","coordinates":[-0.06055458300000041,45.302386270000014]}},{"id":"61697","type":"Feature","properties":{"_pk_label":"PK 245+200","_voie":"LGV1"},"geometry":{"type":"Point","coordinates":[-0.061408683000000415,45.30171697]}},{"id":"61717","type":"Feature","properties":{"_pk_label":"PK 245+300","_voie":"LGV1"},"geometry":{"type":"Point","coordinates":[-0.06227309199999939,45.30105441]}},{"id":"61737","type":"Feature","properties":{"_pk_label":"PK 245+400","_voie":"LGV1"},"geometry":{"type":"Point","coordinates":[-0.06314767799999954,45.30039851000001]}},{"id":"61757","type":"Feature","properties":{"_pk_label":"PK 245+500","_voie":"LGV1"},"geometry":{"type":"Point","coordinates":[-0.06403245000000052,45.29974943]}},{"id":"61777","type":"Feature","properties":{"_pk_label":"PK 245+600","_voie":"LGV1"},"geometry":{"type":"Point","coordinates":[-0.06492728899999979,45.299107289999995]}},{"id":"61797","type":"Feature","properties":{"_pk_label":"PK 245+700","_voie":"LGV1"},"geometry":{"type":"Point","coordinates":[-0.06583206899999904,45.29847216000001]}},{"id":"61817","type":"Feature","properties":{"_pk_label":"PK 245+800","_voie":"LGV1"},"geometry":{"type":"Point","coordinates":[-0.06674666399999958,45.297844049999995]}},{"id":"61837","type":"Feature","properties":{"_pk_label":"PK 245+900","_voie":"LGV1"},"geometry":{"type":"Point","coordinates":[-0.06767095000000033,45.29722306000001]}},{"id":"61878","type":"Feature","properties":{"_pk_label":"PK 246+100","_voie":"LGV1"},"geometry":{"type":"Point","coordinates":[-0.06954809999999972,45.29600261999999]}},{"id":"61898","type":"Feature","properties":{"_pk_label":"PK 246+200","_voie":"LGV1"},"geometry":{"type":"Point","coordinates":[-0.0704980559999992,45.29540135999999]}},{"id":"61918","type":"Feature","properties":{"_pk_label":"PK 246+300","_voie":"LGV1"},"geometry":{"type":"Point","coordinates":[-0.07145067499999938,45.29480244]}},{"id":"61938","type":"Feature","properties":{"_pk_label":"PK 246+400","_voie":"LGV1"},"geometry":{"type":"Point","coordinates":[-0.07240340299999909,45.29420360999999]}},{"id":"61958","type":"Feature","properties":{"_pk_label":"PK 246+500","_voie":"LGV1"},"geometry":{"type":"Point","coordinates":[-0.07335624399999986,45.29360485]}},{"id":"61978","type":"Feature","properties":{"_pk_label":"PK 246+600","_voie":"LGV1"},"geometry":{"type":"Point","coordinates":[-0.07430893299999951,45.293005999999984]}},{"id":"61998","type":"Feature","properties":{"_pk_label":"PK 246+700","_voie":"LGV1"},"geometry":{"type":"Point","coordinates":[-0.07526173599999998,45.292407229999995]}},{"id":"62018","type":"Feature","properties":{"_pk_label":"PK 246+800","_voie":"LGV1"},"geometry":{"type":"Point","coordinates":[-0.07621438899999931,45.29180845000001]}},{"id":"62038","type":"Feature","properties":{"_pk_label":"PK 246+900","_voie":"LGV1"},"geometry":{"type":"Point","coordinates":[-0.07716714399999926,45.29120956999999]}},{"id":"62078","type":"Feature","properties":{"_pk_label":"PK 247+100","_voie":"LGV1"},"geometry":{"type":"Point","coordinates":[-0.07907247499999898,45.290011979999996]}},{"id":"62098","type":"Feature","properties":{"_pk_label":"PK 247+200","_voie":"LGV1"},"geometry":{"type":"Point","coordinates":[-0.08002503899999933,45.28941308000001]}},{"id":"62118","type":"Feature","properties":{"_pk_label":"PK 247+300","_voie":"LGV1"},"geometry":{"type":"Point","coordinates":[-0.08097771899999928,45.288814259999995]}},{"id":"62138","type":"Feature","properties":{"_pk_label":"PK 247+400","_voie":"LGV1"},"geometry":{"type":"Point","coordinates":[-0.08193024400000035,45.28821534000001]}},{"id":"62158","type":"Feature","properties":{"_pk_label":"PK 247+500","_voie":"LGV1"},"geometry":{"type":"Point","coordinates":[-0.0828828809999995,45.28761649999999]}},{"id":"62178","type":"Feature","properties":{"_pk_label":"PK 247+600","_voie":"LGV1"},"geometry":{"type":"Point","coordinates":[-0.08383536899999967,45.28701766]}},{"id":"62198","type":"Feature","properties":{"_pk_label":"PK 247+700","_voie":"LGV1"},"geometry":{"type":"Point","coordinates":[-0.08478796099999884,45.28641872]}},{"id":"62218","type":"Feature","properties":{"_pk_label":"PK 247+800","_voie":"LGV1"},"geometry":{"type":"Point","coordinates":[-0.08574040799999978,45.28581985999999]}},{"id":"62238","type":"Feature","properties":{"_pk_label":"PK 247+900","_voie":"LGV1"},"geometry":{"type":"Point","coordinates":[-0.08669296399999943,45.28522099]}},{"id":"62278","type":"Feature","properties":{"_pk_label":"PK 248+100","_voie":"LGV1"},"geometry":{"type":"Point","coordinates":[-0.08859788099999999,45.28402314]}},{"id":"62298","type":"Feature","properties":{"_pk_label":"PK 248+200","_voie":"LGV1"},"geometry":{"type":"Point","coordinates":[-0.08955036899999937,45.283424159999996]}},{"id":"62318","type":"Feature","properties":{"_pk_label":"PK 248+300","_voie":"LGV1"},"geometry":{"type":"Point","coordinates":[-0.09050271699999905,45.28282526]}},{"id":"62338","type":"Feature","properties":{"_pk_label":"PK 248+400","_voie":"LGV1"},"geometry":{"type":"Point","coordinates":[-0.09145516899999892,45.282226349999995]}},{"id":"62358","type":"Feature","properties":{"_pk_label":"PK 248+500","_voie":"LGV1"},"geometry":{"type":"Point","coordinates":[-0.09240667500000006,45.28162683000001]}},{"id":"62378","type":"Feature","properties":{"_pk_label":"PK 248+600","_voie":"LGV1"},"geometry":{"type":"Point","coordinates":[-0.09335522499999829,45.28102504000001]}},{"id":"62398","type":"Feature","properties":{"_pk_label":"PK 248+700","_voie":"LGV1"},"geometry":{"type":"Point","coordinates":[-0.09430028299999968,45.28042045000001]}},{"id":"62418","type":"Feature","properties":{"_pk_label":"PK 248+800","_voie":"LGV1"},"geometry":{"type":"Point","coordinates":[-0.09524224699999921,45.27981342000001]}},{"id":"62439","type":"Feature","properties":{"_pk_label":"PK 248+900","_voie":"LGV1"},"geometry":{"type":"Point","coordinates":[-0.09618299199999995,45.279205420000004]}},{"id":"62479","type":"Feature","properties":{"_pk_label":"PK 249+100","_voie":"LGV1"},"geometry":{"type":"Point","coordinates":[-0.09806454699999995,45.27798948]}},{"id":"62499","type":"Feature","properties":{"_pk_label":"PK 249+200","_voie":"LGV1"},"geometry":{"type":"Point","coordinates":[-0.09900523099999971,45.27738146]}},{"id":"62519","type":"Feature","properties":{"_pk_label":"PK 249+300","_voie":"LGV1"},"geometry":{"type":"Point","coordinates":[-0.09994588899999825,45.27677343]}},{"id":"62539","type":"Feature","properties":{"_pk_label":"PK 249+400","_voie":"LGV1"},"geometry":{"type":"Point","coordinates":[-0.10088666400000017,45.27616548000001]}},{"id":"62559","type":"Feature","properties":{"_pk_label":"PK 249+500","_voie":"LGV1"},"geometry":{"type":"Point","coordinates":[-0.10182728299999982,45.27555742999999]}},{"id":"62579","type":"Feature","properties":{"_pk_label":"PK 249+600","_voie":"LGV1"},"geometry":{"type":"Point","coordinates":[-0.10276788300000073,45.274949379999995]}},{"id":"62599","type":"Feature","properties":{"_pk_label":"PK 249+700","_voie":"LGV1"},"geometry":{"type":"Point","coordinates":[-0.10370859399999953,45.274341400000004]}},{"id":"62619","type":"Feature","properties":{"_pk_label":"PK 249+800","_voie":"LGV1"},"geometry":{"type":"Point","coordinates":[-0.1046491529999996,45.27373333]}},{"id":"62639","type":"Feature","properties":{"_pk_label":"PK 249+900","_voie":"LGV1"},"geometry":{"type":"Point","coordinates":[-0.10558968899999979,45.273125249999985]}},{"id":"62679","type":"Feature","properties":{"_pk_label":"PK 250+100","_voie":"LGV1"},"geometry":{"type":"Point","coordinates":[-0.10747083600000014,45.27190916000001]}},{"id":"62699","type":"Feature","properties":{"_pk_label":"PK 250+200","_voie":"LGV1"},"geometry":{"type":"Point","coordinates":[-0.10841131399999912,45.27130105999999]}},{"id":"62719","type":"Feature","properties":{"_pk_label":"PK 250+300","_voie":"LGV1"},"geometry":{"type":"Point","coordinates":[-0.10935190299999918,45.27069303]}},{"id":"62739","type":"Feature","properties":{"_pk_label":"PK 250+400","_voie":"LGV1"},"geometry":{"type":"Point","coordinates":[-0.11029233599999977,45.27008492]}},{"id":"62759","type":"Feature","properties":{"_pk_label":"PK 250+500","_voie":"LGV1"},"geometry":{"type":"Point","coordinates":[-0.11123275299999938,45.26947678999999]}},{"id":"62779","type":"Feature","properties":{"_pk_label":"PK 250+600","_voie":"LGV1"},"geometry":{"type":"Point","coordinates":[-0.1121732719999992,45.26886866000001]}},{"id":"62799","type":"Feature","properties":{"_pk_label":"PK 250+700","_voie":"LGV1"},"geometry":{"type":"Point","coordinates":[-0.11311365299999929,45.26826061000001]}},{"id":"62819","type":"Feature","properties":{"_pk_label":"PK 250+800","_voie":"LGV1"},"geometry":{"type":"Point","coordinates":[-0.11405400600000017,45.267652459999994]}},{"id":"62839","type":"Feature","properties":{"_pk_label":"PK 250+900","_voie":"LGV1"},"geometry":{"type":"Point","coordinates":[-0.11499446699999998,45.267044300000016]}},{"id":"62879","type":"Feature","properties":{"_pk_label":"PK 251+100","_voie":"LGV1"},"geometry":{"type":"Point","coordinates":[-0.11687507499999907,45.26582805]}},{"id":"62899","type":"Feature","properties":{"_pk_label":"PK 251+200","_voie":"LGV1"},"geometry":{"type":"Point","coordinates":[-0.11781441899999949,45.26521927]}},{"id":"62919","type":"Feature","properties":{"_pk_label":"PK 251+300","_voie":"LGV1"},"geometry":{"type":"Point","coordinates":[-0.11874921399999928,45.26460709]}},{"id":"62939","type":"Feature","properties":{"_pk_label":"PK 251+400","_voie":"LGV1"},"geometry":{"type":"Point","coordinates":[-0.11967506899999925,45.26398829999999]}},{"id":"62959","type":"Feature","properties":{"_pk_label":"PK 251+500","_voie":"LGV1"},"geometry":{"type":"Point","coordinates":[-0.12058774399999875,45.263360049999996]}},{"id":"62979","type":"Feature","properties":{"_pk_label":"PK 251+600","_voie":"LGV1"},"geometry":{"type":"Point","coordinates":[-0.12148524199999959,45.26272095000001]}},{"id":"62999","type":"Feature","properties":{"_pk_label":"PK 251+700","_voie":"LGV1"},"geometry":{"type":"Point","coordinates":[-0.12236719399999979,45.26207119]}},{"id":"63019","type":"Feature","properties":{"_pk_label":"PK 251+800","_voie":"LGV1"},"geometry":{"type":"Point","coordinates":[-0.12323348899999947,45.26141105999999]}},{"id":"63039","type":"Feature","properties":{"_pk_label":"PK 251+900","_voie":"LGV1"},"geometry":{"type":"Point","coordinates":[-0.12408374199999968,45.26074053999999]}},{"id":"63079","type":"Feature","properties":{"_pk_label":"PK 252+100","_voie":"LGV1"},"geometry":{"type":"Point","coordinates":[-0.12573541900000024,45.259369510000006]}},{"id":"63099","type":"Feature","properties":{"_pk_label":"PK 252+200","_voie":"LGV1"},"geometry":{"type":"Point","coordinates":[-0.12653623099999972,45.25866936]}},{"id":"63119","type":"Feature","properties":{"_pk_label":"PK 252+300","_voie":"LGV1"},"geometry":{"type":"Point","coordinates":[-0.12732015599999943,45.25795967000002]}},{"id":"63139","type":"Feature","properties":{"_pk_label":"PK 252+400","_voie":"LGV1"},"geometry":{"type":"Point","coordinates":[-0.12808695299999925,45.25724072999997]}},{"id":"63159","type":"Feature","properties":{"_pk_label":"PK 252+500","_voie":"LGV1"},"geometry":{"type":"Point","coordinates":[-0.12883625299999923,45.25651271999999]}},{"id":"63179","type":"Feature","properties":{"_pk_label":"PK 252+600","_voie":"LGV1"},"geometry":{"type":"Point","coordinates":[-0.1295680669999998,45.25577581999999]}},{"id":"63199","type":"Feature","properties":{"_pk_label":"PK 252+700","_voie":"LGV1"},"geometry":{"type":"Point","coordinates":[-0.13028202499999877,45.255030309999995]}},{"id":"63219","type":"Feature","properties":{"_pk_label":"PK 252+800","_voie":"LGV1"},"geometry":{"type":"Point","coordinates":[-0.130978008,45.25427630000001]}},{"id":"63239","type":"Feature","properties":{"_pk_label":"PK 252+900","_voie":"LGV1"},"geometry":{"type":"Point","coordinates":[-0.13165578099999972,45.253514130000006]}},{"id":"63279","type":"Feature","properties":{"_pk_label":"PK 253+100","_voie":"LGV1"},"geometry":{"type":"Point","coordinates":[-0.13295595799999912,45.25196584000001]}},{"id":"63299","type":"Feature","properties":{"_pk_label":"PK 253+200","_voie":"LGV1"},"geometry":{"type":"Point","coordinates":[-0.13357788599999973,45.25118027999999]}},{"id":"63319","type":"Feature","properties":{"_pk_label":"PK 253+300","_voie":"LGV1"},"geometry":{"type":"Point","coordinates":[-0.13418088600000058,45.25038739]}},{"id":"63339","type":"Feature","properties":{"_pk_label":"PK 253+400","_voie":"LGV1"},"geometry":{"type":"Point","coordinates":[-0.13476653599999935,45.24958795999999]}},{"id":"63359","type":"Feature","properties":{"_pk_label":"PK 253+500","_voie":"LGV1"},"geometry":{"type":"Point","coordinates":[-0.1353397889999992,45.248783919999994]}},{"id":"63379","type":"Feature","properties":{"_pk_label":"PK 253+600","_voie":"LGV1"},"geometry":{"type":"Point","coordinates":[-0.135906117,45.24797728000001]}},{"id":"63399","type":"Feature","properties":{"_pk_label":"PK 253+700","_voie":"LGV1"},"geometry":{"type":"Point","coordinates":[-0.13647060599999963,45.24716996]}},{"id":"63419","type":"Feature","properties":{"_pk_label":"PK 253+800","_voie":"LGV1"},"geometry":{"type":"Point","coordinates":[-0.13703507799999967,45.246362639999994]}},{"id":"63439","type":"Feature","properties":{"_pk_label":"PK 253+900","_voie":"LGV1"},"geometry":{"type":"Point","coordinates":[-0.13759953599999994,45.24555532000001]}},{"id":"63479","type":"Feature","properties":{"_pk_label":"PK 254+100","_voie":"LGV1"},"geometry":{"type":"Point","coordinates":[-0.1387282720000001,45.243940670000015]}},{"id":"63499","type":"Feature","properties":{"_pk_label":"PK 254+200","_voie":"LGV1"},"geometry":{"type":"Point","coordinates":[-0.1392926750000009,45.24313324999999]}},{"id":"63519","type":"Feature","properties":{"_pk_label":"PK 254+300","_voie":"LGV1"},"geometry":{"type":"Point","coordinates":[-0.13985706700000006,45.24232592]}},{"id":"63539","type":"Feature","properties":{"_pk_label":"PK 254+400","_voie":"LGV1"},"geometry":{"type":"Point","coordinates":[-0.14042143899999948,45.24151857999999]}},{"id":"63559","type":"Feature","properties":{"_pk_label":"PK 254+500","_voie":"LGV1"},"geometry":{"type":"Point","coordinates":[-0.14098579999999966,45.24071124]}},{"id":"63579","type":"Feature","properties":{"_pk_label":"PK 254+600","_voie":"LGV1"},"geometry":{"type":"Point","coordinates":[-0.1415501419999995,45.2399039]}},{"id":"63599","type":"Feature","properties":{"_pk_label":"PK 254+700","_voie":"LGV1"},"geometry":{"type":"Point","coordinates":[-0.14211433899999948,45.23909655999999]}},{"id":"63619","type":"Feature","properties":{"_pk_label":"PK 254+800","_voie":"LGV1"},"geometry":{"type":"Point","coordinates":[-0.14267865000000035,45.23828921000001]}},{"id":"63639","type":"Feature","properties":{"_pk_label":"PK 254+900","_voie":"LGV1"},"geometry":{"type":"Point","coordinates":[-0.14324293600000013,45.23748178]}},{"id":"63679","type":"Feature","properties":{"_pk_label":"PK 255+100","_voie":"LGV1"},"geometry":{"type":"Point","coordinates":[-0.14437147499999997,45.235867070000005]}},{"id":"63699","type":"Feature","properties":{"_pk_label":"PK 255+200","_voie":"LGV1"},"geometry":{"type":"Point","coordinates":[-0.14493571699999958,45.23505971000001]}},{"id":"63719","type":"Feature","properties":{"_pk_label":"PK 255+300","_voie":"LGV1"},"geometry":{"type":"Point","coordinates":[-0.14549994399999877,45.23425235]}},{"id":"63739","type":"Feature","properties":{"_pk_label":"PK 255+400","_voie":"LGV1"},"geometry":{"type":"Point","coordinates":[-0.14606403099999948,45.23344499]}},{"id":"63759","type":"Feature","properties":{"_pk_label":"PK 255+500","_voie":"LGV1"},"geometry":{"type":"Point","coordinates":[-0.14662822499999972,45.23263763]}},{"id":"63779","type":"Feature","properties":{"_pk_label":"PK 255+600","_voie":"LGV1"},"geometry":{"type":"Point","coordinates":[-0.1471924030000002,45.23183026000001]}},{"id":"63799","type":"Feature","properties":{"_pk_label":"PK 255+700","_voie":"LGV1"},"geometry":{"type":"Point","coordinates":[-0.14775656100000015,45.23102280000001]}},{"id":"63819","type":"Feature","properties":{"_pk_label":"PK 255+800","_voie":"LGV1"},"geometry":{"type":"Point","coordinates":[-0.14832070799999963,45.23021543000001]}},{"id":"63839","type":"Feature","properties":{"_pk_label":"PK 255+900","_voie":"LGV1"},"geometry":{"type":"Point","coordinates":[-0.1488848359999992,45.22940804999999]}},{"id":"63879","type":"Feature","properties":{"_pk_label":"PK 256+100","_voie":"LGV1"},"geometry":{"type":"Point","coordinates":[-0.15001291900000002,45.22779329]}},{"id":"63899","type":"Feature","properties":{"_pk_label":"PK 256+200","_voie":"LGV1"},"geometry":{"type":"Point","coordinates":[-0.15057699999999882,45.22698591000001]}},{"id":"63919","type":"Feature","properties":{"_pk_label":"PK 256+300","_voie":"LGV1"},"geometry":{"type":"Point","coordinates":[-0.1511410669999998,45.226178520000005]}},{"id":"63939","type":"Feature","properties":{"_pk_label":"PK 256+400","_voie":"LGV1"},"geometry":{"type":"Point","coordinates":[-0.15170692799999955,45.225371620000004]}},{"id":"63959","type":"Feature","properties":{"_pk_label":"PK 256+500","_voie":"LGV1"},"geometry":{"type":"Point","coordinates":[-0.1522795329999994,45.224567050000005]}},{"id":"63979","type":"Feature","properties":{"_pk_label":"PK 256+600","_voie":"LGV1"},"geometry":{"type":"Point","coordinates":[-0.1528640970000002,45.22376673999999]}},{"id":"63999","type":"Feature","properties":{"_pk_label":"PK 256+700","_voie":"LGV1"},"geometry":{"type":"Point","coordinates":[-0.15346531099999977,45.22297252999999]}},{"id":"64019","type":"Feature","properties":{"_pk_label":"PK 256+800","_voie":"LGV1"},"geometry":{"type":"Point","coordinates":[-0.1540843669999987,45.22218519]}},{"id":"64039","type":"Feature","properties":{"_pk_label":"PK 256+900","_voie":"LGV1"},"geometry":{"type":"Point","coordinates":[-0.1547212720000007,45.22140493000001]}},{"id":"64079","type":"Feature","properties":{"_pk_label":"PK 257+100","_voie":"LGV1"},"geometry":{"type":"Point","coordinates":[-0.15604753900000032,45.21986651000001]}},{"id":"64099","type":"Feature","properties":{"_pk_label":"PK 257+200","_voie":"LGV1"},"geometry":{"type":"Point","coordinates":[-0.15673654200000023,45.21910882000002]}},{"id":"64119","type":"Feature","properties":{"_pk_label":"PK 257+300","_voie":"LGV1"},"geometry":{"type":"Point","coordinates":[-0.15744267199999906,45.218358929999994]}},{"id":"64139","type":"Feature","properties":{"_pk_label":"PK 257+400","_voie":"LGV1"},"geometry":{"type":"Point","coordinates":[-0.15816556100000018,45.217617120000014]}},{"id":"64159","type":"Feature","properties":{"_pk_label":"PK 257+500","_voie":"LGV1"},"geometry":{"type":"Point","coordinates":[-0.15890522499999982,45.21688366]}},{"id":"64179","type":"Feature","properties":{"_pk_label":"PK 257+600","_voie":"LGV1"},"geometry":{"type":"Point","coordinates":[-0.15966128099999977,45.21615857]}},{"id":"64199","type":"Feature","properties":{"_pk_label":"PK 257+700","_voie":"LGV1"},"geometry":{"type":"Point","coordinates":[-0.16043374199999963,45.2154421]}},{"id":"64219","type":"Feature","properties":{"_pk_label":"PK 257+800","_voie":"LGV1"},"geometry":{"type":"Point","coordinates":[-0.16122223900000066,45.21473446000002]}},{"id":"64239","type":"Feature","properties":{"_pk_label":"PK 257+900","_voie":"LGV1"},"geometry":{"type":"Point","coordinates":[-0.1620266579999996,45.214035919999986]}},{"id":"64279","type":"Feature","properties":{"_pk_label":"PK 258+100","_voie":"LGV1"},"geometry":{"type":"Point","coordinates":[-0.16368238899999854,45.2126664]}},{"id":"64299","type":"Feature","properties":{"_pk_label":"PK 258+200","_voie":"LGV1"},"geometry":{"type":"Point","coordinates":[-0.1645332109999988,45.21199580999999]}},{"id":"64319","type":"Feature","properties":{"_pk_label":"PK 258+300","_voie":"LGV1"},"geometry":{"type":"Point","coordinates":[-0.16539909699999944,45.211334969999996]}},{"id":"64339","type":"Feature","properties":{"_pk_label":"PK 258+400","_voie":"LGV1"},"geometry":{"type":"Point","coordinates":[-0.16627980799999917,45.21068406]}},{"id":"64359","type":"Feature","properties":{"_pk_label":"PK 258+500","_voie":"LGV1"},"geometry":{"type":"Point","coordinates":[-0.16717508599999906,45.210043090000006]}},{"id":"64379","type":"Feature","properties":{"_pk_label":"PK 258+600","_voie":"LGV1"},"geometry":{"type":"Point","coordinates":[-0.16808481899999902,45.20941234]}},{"id":"64399","type":"Feature","properties":{"_pk_label":"PK 258+700","_voie":"LGV1"},"geometry":{"type":"Point","coordinates":[-0.1690086390000009,45.20879199999998]}},{"id":"64419","type":"Feature","properties":{"_pk_label":"PK 258+800","_voie":"LGV1"},"geometry":{"type":"Point","coordinates":[-0.16994641699999907,45.20818214999999]}},{"id":"64439","type":"Feature","properties":{"_pk_label":"PK 258+900","_voie":"LGV1"},"geometry":{"type":"Point","coordinates":[-0.17089778299999892,45.20758290999999]}},{"id":"64479","type":"Feature","properties":{"_pk_label":"PK 259+100","_voie":"LGV1"},"geometry":{"type":"Point","coordinates":[-0.17284056099999995,45.20641722999999]}},{"id":"64499","type":"Feature","properties":{"_pk_label":"PK 259+200","_voie":"LGV1"},"geometry":{"type":"Point","coordinates":[-0.17383147799999926,45.20585098000002]}},{"id":"64519","type":"Feature","properties":{"_pk_label":"PK 259+300","_voie":"LGV1"},"geometry":{"type":"Point","coordinates":[-0.17483512200000018,45.205295990000025]}},{"id":"64539","type":"Feature","properties":{"_pk_label":"PK 259+400","_voie":"LGV1"},"geometry":{"type":"Point","coordinates":[-0.1758511310000001,45.20475245000001]}},{"id":"64559","type":"Feature","properties":{"_pk_label":"PK 259+500","_voie":"LGV1"},"geometry":{"type":"Point","coordinates":[-0.17687924399999913,45.20422043999999]}},{"id":"64579","type":"Feature","properties":{"_pk_label":"PK 259+600","_voie":"LGV1"},"geometry":{"type":"Point","coordinates":[-0.17791935000000017,45.20370008]}},{"id":"64599","type":"Feature","properties":{"_pk_label":"PK 259+700","_voie":"LGV1"},"geometry":{"type":"Point","coordinates":[-0.17897094999999869,45.20319161999999]}},{"id":"64619","type":"Feature","properties":{"_pk_label":"PK 259+800","_voie":"LGV1"},"geometry":{"type":"Point","coordinates":[-0.1800339189999997,45.20269509000001]}},{"id":"64639","type":"Feature","properties":{"_pk_label":"PK 259+900","_voie":"LGV1"},"geometry":{"type":"Point","coordinates":[-0.18110813299999975,45.20221058]}},{"id":"64679","type":"Feature","properties":{"_pk_label":"PK 260+100","_voie":"LGV1"},"geometry":{"type":"Point","coordinates":[-0.18328843599999906,45.20127835999998]}},{"id":"64699","type":"Feature","properties":{"_pk_label":"PK 260+200","_voie":"LGV1"},"geometry":{"type":"Point","coordinates":[-0.18439415300000095,45.20083086]}},{"id":"64719","type":"Feature","properties":{"_pk_label":"PK 260+300","_voie":"LGV1"},"geometry":{"type":"Point","coordinates":[-0.1855097439999996,45.20039584999999]}},{"id":"64739","type":"Feature","properties":{"_pk_label":"PK 260+400","_voie":"LGV1"},"geometry":{"type":"Point","coordinates":[-0.18663509399999906,45.19997353000001]}},{"id":"64759","type":"Feature","properties":{"_pk_label":"PK 260+500","_voie":"LGV1"},"geometry":{"type":"Point","coordinates":[-0.18776983099999928,45.19956409000001]}},{"id":"64779","type":"Feature","properties":{"_pk_label":"PK 260+600","_voie":"LGV1"},"geometry":{"type":"Point","coordinates":[-0.18891368899999905,45.19916734999999]}},{"id":"64799","type":"Feature","properties":{"_pk_label":"PK 260+700","_voie":"LGV1"},"geometry":{"type":"Point","coordinates":[-0.19006520300000052,45.19878219000001]}},{"id":"64819","type":"Feature","properties":{"_pk_label":"PK 260+800","_voie":"LGV1"},"geometry":{"type":"Point","coordinates":[-0.19122174199999975,45.19840488999999]}},{"id":"64839","type":"Feature","properties":{"_pk_label":"PK 260+900","_voie":"LGV1"},"geometry":{"type":"Point","coordinates":[-0.192380922,45.19803174]}},{"id":"64879","type":"Feature","properties":{"_pk_label":"PK 261+100","_voie":"LGV1"},"geometry":{"type":"Point","coordinates":[-0.19469996900000056,45.197286999999996]}},{"id":"64899","type":"Feature","properties":{"_pk_label":"PK 261+200","_voie":"LGV1"},"geometry":{"type":"Point","coordinates":[-0.19585953299999959,45.196914609999986]}},{"id":"64919","type":"Feature","properties":{"_pk_label":"PK 261+300","_voie":"LGV1"},"geometry":{"type":"Point","coordinates":[-0.19701895599999955,45.19654221]}},{"id":"64939","type":"Feature","properties":{"_pk_label":"PK 261+400","_voie":"LGV1"},"geometry":{"type":"Point","coordinates":[-0.1981784860000002,45.196169800000014]}},{"id":"64959","type":"Feature","properties":{"_pk_label":"PK 261+500","_voie":"LGV1"},"geometry":{"type":"Point","coordinates":[-0.1993378780000008,45.19579738]}},{"id":"64979","type":"Feature","properties":{"_pk_label":"PK 261+600","_voie":"LGV1"},"geometry":{"type":"Point","coordinates":[-0.2004973779999995,45.195424939999995]}},{"id":"64999","type":"Feature","properties":{"_pk_label":"PK 261+700","_voie":"LGV1"},"geometry":{"type":"Point","coordinates":[-0.20165686699999935,45.195052489999995]}},{"id":"65019","type":"Feature","properties":{"_pk_label":"PK 261+800","_voie":"LGV1"},"geometry":{"type":"Point","coordinates":[-0.2028162079999996,45.19468003]}},{"id":"65039","type":"Feature","properties":{"_pk_label":"PK 261+900","_voie":"LGV1"},"geometry":{"type":"Point","coordinates":[-0.20397566400000008,45.19430755999999]}},{"id":"65079","type":"Feature","properties":{"_pk_label":"PK 262+100","_voie":"LGV1"},"geometry":{"type":"Point","coordinates":[-0.20629440300000004,45.193562580000005]}},{"id":"65099","type":"Feature","properties":{"_pk_label":"PK 262+200","_voie":"LGV1"},"geometry":{"type":"Point","coordinates":[-0.20745368299999933,45.19319007]}},{"id":"65119","type":"Feature","properties":{"_pk_label":"PK 262+300","_voie":"LGV1"},"geometry":{"type":"Point","coordinates":[-0.20861307799999967,45.19281755000001]}},{"id":"65139","type":"Feature","properties":{"_pk_label":"PK 262+400","_voie":"LGV1"},"geometry":{"type":"Point","coordinates":[-0.20977245599999883,45.19244502]}},{"id":"65159","type":"Feature","properties":{"_pk_label":"PK 262+500","_voie":"LGV1"},"geometry":{"type":"Point","coordinates":[-0.2109316919999995,45.192072480000014]}},{"id":"65179","type":"Feature","properties":{"_pk_label":"PK 262+600","_voie":"LGV1"},"geometry":{"type":"Point","coordinates":[-0.21209104199999987,45.19170000999999]}},{"id":"65199","type":"Feature","properties":{"_pk_label":"PK 262+700","_voie":"LGV1"},"geometry":{"type":"Point","coordinates":[-0.21325024699999956,45.191327439999995]}},{"id":"65219","type":"Feature","properties":{"_pk_label":"PK 262+800","_voie":"LGV1"},"geometry":{"type":"Point","coordinates":[-0.21440956399999897,45.19095486]}},{"id":"65239","type":"Feature","properties":{"_pk_label":"PK 262+900","_voie":"LGV1"},"geometry":{"type":"Point","coordinates":[-0.21556886399999997,45.19058227]}},{"id":"65279","type":"Feature","properties":{"_pk_label":"PK 263+100","_voie":"LGV1"},"geometry":{"type":"Point","coordinates":[-0.21788729199999957,45.189837049999994]}},{"id":"65299","type":"Feature","properties":{"_pk_label":"PK 263+200","_voie":"LGV1"},"geometry":{"type":"Point","coordinates":[-0.21904641900000035,45.18946442999999]}},{"id":"65319","type":"Feature","properties":{"_pk_label":"PK 263+300","_voie":"LGV1"},"geometry":{"type":"Point","coordinates":[-0.2202056580000004,45.189091779999984]}},{"id":"65339","type":"Feature","properties":{"_pk_label":"PK 263+400","_voie":"LGV1"},"geometry":{"type":"Point","coordinates":[-0.22136475599999977,45.18871913]}},{"id":"65359","type":"Feature","properties":{"_pk_label":"PK 263+500","_voie":"LGV1"},"geometry":{"type":"Point","coordinates":[-0.22252396099999908,45.18834647]}},{"id":"65379","type":"Feature","properties":{"_pk_label":"PK 263+600","_voie":"LGV1"},"geometry":{"type":"Point","coordinates":[-0.22368315599999974,45.18797379]}},{"id":"65399","type":"Feature","properties":{"_pk_label":"PK 263+700","_voie":"LGV1"},"geometry":{"type":"Point","coordinates":[-0.22484220599999938,45.18760111]}},{"id":"65419","type":"Feature","properties":{"_pk_label":"PK 263+800","_voie":"LGV1"},"geometry":{"type":"Point","coordinates":[-0.22600136699999968,45.18722841]}},{"id":"65439","type":"Feature","properties":{"_pk_label":"PK 263+900","_voie":"LGV1"},"geometry":{"type":"Point","coordinates":[-0.22716038599999994,45.18685569]}},{"id":"65479","type":"Feature","properties":{"_pk_label":"PK 264+100","_voie":"LGV1"},"geometry":{"type":"Point","coordinates":[-0.22947863099999902,45.186110230000004]}},{"id":"65499","type":"Feature","properties":{"_pk_label":"PK 264+200","_voie":"LGV1"},"geometry":{"type":"Point","coordinates":[-0.2306376029999993,45.18573749000001]}},{"id":"65519","type":"Feature","properties":{"_pk_label":"PK 264+300","_voie":"LGV1"},"geometry":{"type":"Point","coordinates":[-0.23179668599999828,45.18536472999999]}},{"id":"65539","type":"Feature","properties":{"_pk_label":"PK 264+400","_voie":"LGV1"},"geometry":{"type":"Point","coordinates":[-0.23295562799999978,45.18499195999997]}},{"id":"65559","type":"Feature","properties":{"_pk_label":"PK 264+500","_voie":"LGV1"},"geometry":{"type":"Point","coordinates":[-0.23411468099999955,45.18461917]}},{"id":"65579","type":"Feature","properties":{"_pk_label":"PK 264+600","_voie":"LGV1"},"geometry":{"type":"Point","coordinates":[-0.23527359199999967,45.18424638000002]}},{"id":"65599","type":"Feature","properties":{"_pk_label":"PK 264+700","_voie":"LGV1"},"geometry":{"type":"Point","coordinates":[-0.23643261399999968,45.18387357]}},{"id":"65619","type":"Feature","properties":{"_pk_label":"PK 264+800","_voie":"LGV1"},"geometry":{"type":"Point","coordinates":[-0.2375916219999999,45.18350075000001]}},{"id":"65639","type":"Feature","properties":{"_pk_label":"PK 264+900","_voie":"LGV1"},"geometry":{"type":"Point","coordinates":[-0.23875048599999965,45.18312791999999]}},{"id":"65679","type":"Feature","properties":{"_pk_label":"PK 265+100","_voie":"LGV1"},"geometry":{"type":"Point","coordinates":[-0.24106829400000046,45.18238221999999]}},{"id":"65699","type":"Feature","properties":{"_pk_label":"PK 265+200","_voie":"LGV1"},"geometry":{"type":"Point","coordinates":[-0.24222723899999932,45.18200935]}},{"id":"65719","type":"Feature","properties":{"_pk_label":"PK 265+300","_voie":"LGV1"},"geometry":{"type":"Point","coordinates":[-0.24338616699999943,45.18163646999999]}},{"id":"65739","type":"Feature","properties":{"_pk_label":"PK 265+400","_voie":"LGV1"},"geometry":{"type":"Point","coordinates":[-0.244544956,45.18126358000001]}},{"id":"65759","type":"Feature","properties":{"_pk_label":"PK 265+500","_voie":"LGV1"},"geometry":{"type":"Point","coordinates":[-0.24570260799999827,45.18088900000001]}},{"id":"65779","type":"Feature","properties":{"_pk_label":"PK 265+600","_voie":"LGV1"},"geometry":{"type":"Point","coordinates":[-0.24685663099999977,45.180509189999995]}},{"id":"65799","type":"Feature","properties":{"_pk_label":"PK 265+700","_voie":"LGV1"},"geometry":{"type":"Point","coordinates":[-0.24800450799999899,45.18012036]}},{"id":"65819","type":"Feature","properties":{"_pk_label":"PK 265+800","_voie":"LGV1"},"geometry":{"type":"Point","coordinates":[-0.24914388299999962,45.17971932999999]}},{"id":"65839","type":"Feature","properties":{"_pk_label":"PK 265+900","_voie":"LGV1"},"geometry":{"type":"Point","coordinates":[-0.25027395799999935,45.17930539999999]}},{"id":"65879","type":"Feature","properties":{"_pk_label":"PK 266+100","_voie":"LGV1"},"geometry":{"type":"Point","coordinates":[-0.2525053309999998,45.178439409999996]}},{"id":"65899","type":"Feature","properties":{"_pk_label":"PK 266+200","_voie":"LGV1"},"geometry":{"type":"Point","coordinates":[-0.2536060059999996,45.17798755]}},{"id":"65919","type":"Feature","properties":{"_pk_label":"PK 266+300","_voie":"LGV1"},"geometry":{"type":"Point","coordinates":[-0.25469626100000015,45.17752337000001]}},{"id":"65939","type":"Feature","properties":{"_pk_label":"PK 266+400","_voie":"LGV1"},"geometry":{"type":"Point","coordinates":[-0.2557758389999999,45.17704687000001]}},{"id":"65959","type":"Feature","properties":{"_pk_label":"PK 266+500","_voie":"LGV1"},"geometry":{"type":"Point","coordinates":[-0.2568444969999996,45.17655816]}},{"id":"65979","type":"Feature","properties":{"_pk_label":"PK 266+600","_voie":"LGV1"},"geometry":{"type":"Point","coordinates":[-0.25790198299999956,45.17605740999999]}},{"id":"65999","type":"Feature","properties":{"_pk_label":"PK 266+700","_voie":"LGV1"},"geometry":{"type":"Point","coordinates":[-0.25894806100000006,45.17554481999999]}},{"id":"66019","type":"Feature","properties":{"_pk_label":"PK 266+800","_voie":"LGV1"},"geometry":{"type":"Point","coordinates":[-0.2599822139999996,45.1750204]}},{"id":"66039","type":"Feature","properties":{"_pk_label":"PK 266+900","_voie":"LGV1"},"geometry":{"type":"Point","coordinates":[-0.261004456,45.17448433]}},{"id":"66079","type":"Feature","properties":{"_pk_label":"PK 267+100","_voie":"LGV1"},"geometry":{"type":"Point","coordinates":[-0.2630118329999997,45.17337774]}},{"id":"66099","type":"Feature","properties":{"_pk_label":"PK 267+200","_voie":"LGV1"},"geometry":{"type":"Point","coordinates":[-0.26399648100000056,45.172807599999985]}},{"id":"66119","type":"Feature","properties":{"_pk_label":"PK 267+300","_voie":"LGV1"},"geometry":{"type":"Point","coordinates":[-0.26496809399999965,45.17222629999999]}},{"id":"66139","type":"Feature","properties":{"_pk_label":"PK 267+400","_voie":"LGV1"},"geometry":{"type":"Point","coordinates":[-0.2659263189999991,45.1716342]}},{"id":"66159","type":"Feature","properties":{"_pk_label":"PK 267+500","_voie":"LGV1"},"geometry":{"type":"Point","coordinates":[-0.2668711469999996,45.171031219999996]}},{"id":"66179","type":"Feature","properties":{"_pk_label":"PK 267+600","_voie":"LGV1"},"geometry":{"type":"Point","coordinates":[-0.26780208299999975,45.17041765000001]}},{"id":"66199","type":"Feature","properties":{"_pk_label":"PK 267+700","_voie":"LGV1"},"geometry":{"type":"Point","coordinates":[-0.26871901099999873,45.16979356999999]}},{"id":"66219","type":"Feature","properties":{"_pk_label":"PK 267+800","_voie":"LGV1"},"geometry":{"type":"Point","coordinates":[-0.26962181100000054,45.169159270000016]}},{"id":"66239","type":"Feature","properties":{"_pk_label":"PK 267+900","_voie":"LGV1"},"geometry":{"type":"Point","coordinates":[-0.2705099809999996,45.16851475000001]}},{"id":"66279","type":"Feature","properties":{"_pk_label":"PK 268+100","_voie":"LGV1"},"geometry":{"type":"Point","coordinates":[-0.27224209699999946,45.167195989999996]}},{"id":"66299","type":"Feature","properties":{"_pk_label":"PK 268+200","_voie":"LGV1"},"geometry":{"type":"Point","coordinates":[-0.2730855559999998,45.16652212000001]}},{"id":"66319","type":"Feature","properties":{"_pk_label":"PK 268+300","_voie":"LGV1"},"geometry":{"type":"Point","coordinates":[-0.27391352799999974,45.16583870000001]}},{"id":"66339","type":"Feature","properties":{"_pk_label":"PK 268+400","_voie":"LGV1"},"geometry":{"type":"Point","coordinates":[-0.27472603599999906,45.16514608]}},{"id":"66359","type":"Feature","properties":{"_pk_label":"PK 268+500","_voie":"LGV1"},"geometry":{"type":"Point","coordinates":[-0.27552269999999945,45.16444426999998]}},{"id":"66379","type":"Feature","properties":{"_pk_label":"PK 268+600","_voie":"LGV1"},"geometry":{"type":"Point","coordinates":[-0.2763034079999996,45.16373355999999]}},{"id":"66399","type":"Feature","properties":{"_pk_label":"PK 268+700","_voie":"LGV1"},"geometry":{"type":"Point","coordinates":[-0.277067914,45.16301413]}},{"id":"66419","type":"Feature","properties":{"_pk_label":"PK 268+800","_voie":"LGV1"},"geometry":{"type":"Point","coordinates":[-0.2778159749999991,45.16228606999999]}},{"id":"66439","type":"Feature","properties":{"_pk_label":"PK 268+900","_voie":"LGV1"},"geometry":{"type":"Point","coordinates":[-0.2785477329999992,45.16154974000001]}},{"id":"66479","type":"Feature","properties":{"_pk_label":"PK 269+100","_voie":"LGV1"},"geometry":{"type":"Point","coordinates":[-0.2799753689999994,45.160059199999985]}},{"id":"66500","type":"Feature","properties":{"_pk_label":"PK 269+200","_voie":"LGV1"},"geometry":{"type":"Point","coordinates":[-0.28068083100000013,45.15930983999999]}},{"id":"66520","type":"Feature","properties":{"_pk_label":"PK 269+300","_voie":"LGV1"},"geometry":{"type":"Point","coordinates":[-0.2813858809999993,45.15856030999999]}},{"id":"66540","type":"Feature","properties":{"_pk_label":"PK 269+400","_voie":"LGV1"},"geometry":{"type":"Point","coordinates":[-0.2820909059999993,45.15781067999998]}},{"id":"66560","type":"Feature","properties":{"_pk_label":"PK 269+500","_voie":"LGV1"},"geometry":{"type":"Point","coordinates":[-0.2827960419999997,45.15706104999999]}},{"id":"66580","type":"Feature","properties":{"_pk_label":"PK 269+600","_voie":"LGV1"},"geometry":{"type":"Point","coordinates":[-0.283501032999999,45.15631151]}},{"id":"66600","type":"Feature","properties":{"_pk_label":"PK 269+700","_voie":"LGV1"},"geometry":{"type":"Point","coordinates":[-0.2842060029999989,45.15556186999999]}},{"id":"66620","type":"Feature","properties":{"_pk_label":"PK 269+800","_voie":"LGV1"},"geometry":{"type":"Point","coordinates":[-0.284911081,45.15481223000001]}},{"id":"66640","type":"Feature","properties":{"_pk_label":"PK 269+900","_voie":"LGV1"},"geometry":{"type":"Point","coordinates":[-0.28561601899999944,45.154062669999995]}},{"id":"66680","type":"Feature","properties":{"_pk_label":"PK 270+100","_voie":"LGV1"},"geometry":{"type":"Point","coordinates":[-0.2870258250000005,45.15256335999999]}},{"id":"66700","type":"Feature","properties":{"_pk_label":"PK 270+200","_voie":"LGV1"},"geometry":{"type":"Point","coordinates":[-0.28773082499999997,45.151813700000005]}},{"id":"66720","type":"Feature","properties":{"_pk_label":"PK 270+300","_voie":"LGV1"},"geometry":{"type":"Point","coordinates":[-0.28843646699999903,45.15106437]}},{"id":"66740","type":"Feature","properties":{"_pk_label":"PK 270+400","_voie":"LGV1"},"geometry":{"type":"Point","coordinates":[-0.28914692799999947,45.15031724]}},{"id":"66760","type":"Feature","properties":{"_pk_label":"PK 270+500","_voie":"LGV1"},"geometry":{"type":"Point","coordinates":[-0.2898670609999993,45.1495746]}},{"id":"66780","type":"Feature","properties":{"_pk_label":"PK 270+600","_voie":"LGV1"},"geometry":{"type":"Point","coordinates":[-0.2906014719999999,45.148839009999996]}},{"id":"66800","type":"Feature","properties":{"_pk_label":"PK 270+700","_voie":"LGV1"},"geometry":{"type":"Point","coordinates":[-0.29135239699999954,45.148111660000005]}},{"id":"66820","type":"Feature","properties":{"_pk_label":"PK 270+800","_voie":"LGV1"},"geometry":{"type":"Point","coordinates":[-0.29211960599999975,45.14739303000001]}},{"id":"66840","type":"Feature","properties":{"_pk_label":"PK 270+900","_voie":"LGV1"},"geometry":{"type":"Point","coordinates":[-0.2929029719999997,45.146683100000004]}},{"id":"66880","type":"Feature","properties":{"_pk_label":"PK 271+100","_voie":"LGV1"},"geometry":{"type":"Point","coordinates":[-0.29451733899999927,45.14529021]}},{"id":"66900","type":"Feature","properties":{"_pk_label":"PK 271+200","_voie":"LGV1"},"geometry":{"type":"Point","coordinates":[-0.2953478559999999,45.144607709999995]}},{"id":"66920","type":"Feature","properties":{"_pk_label":"PK 271+300","_voie":"LGV1"},"geometry":{"type":"Point","coordinates":[-0.29619368100000004,45.14393465999999]}},{"id":"66940","type":"Feature","properties":{"_pk_label":"PK 271+400","_voie":"LGV1"},"geometry":{"type":"Point","coordinates":[-0.2970545720000001,45.14327125999999]}},{"id":"66960","type":"Feature","properties":{"_pk_label":"PK 271+500","_voie":"LGV1"},"geometry":{"type":"Point","coordinates":[-0.29793041399999837,45.14261768]}},{"id":"66980","type":"Feature","properties":{"_pk_label":"PK 271+600","_voie":"LGV1"},"geometry":{"type":"Point","coordinates":[-0.29882083299999984,45.14197411]}},{"id":"67000","type":"Feature","properties":{"_pk_label":"PK 271+700","_voie":"LGV1"},"geometry":{"type":"Point","coordinates":[-0.2997257139999991,45.14134073999999]}},{"id":"67020","type":"Feature","properties":{"_pk_label":"PK 271+800","_voie":"LGV1"},"geometry":{"type":"Point","coordinates":[-0.3006446829999997,45.140717679999995]}},{"id":"67040","type":"Feature","properties":{"_pk_label":"PK 271+900","_voie":"LGV1"},"geometry":{"type":"Point","coordinates":[-0.30157761399999927,45.140105]}},{"id":"67080","type":"Feature","properties":{"_pk_label":"PK 272+100","_voie":"LGV1"},"geometry":{"type":"Point","coordinates":[-0.303484541999999,45.13891183999999]}},{"id":"67100","type":"Feature","properties":{"_pk_label":"PK 272+200","_voie":"LGV1"},"geometry":{"type":"Point","coordinates":[-0.30445791700000047,45.13833164999999]}},{"id":"67120","type":"Feature","properties":{"_pk_label":"PK 272+300","_voie":"LGV1"},"geometry":{"type":"Point","coordinates":[-0.30544427199999913,45.13776241999999]}},{"id":"67140","type":"Feature","properties":{"_pk_label":"PK 272+400","_voie":"LGV1"},"geometry":{"type":"Point","coordinates":[-0.30644337499999974,45.13720450999998]}},{"id":"67160","type":"Feature","properties":{"_pk_label":"PK 272+500","_voie":"LGV1"},"geometry":{"type":"Point","coordinates":[-0.30745484200000106,45.13665795000003]}},{"id":"67180","type":"Feature","properties":{"_pk_label":"PK 272+600","_voie":"LGV1"},"geometry":{"type":"Point","coordinates":[-0.308478561,45.13612289999999]}},{"id":"67200","type":"Feature","properties":{"_pk_label":"PK 272+700","_voie":"LGV1"},"geometry":{"type":"Point","coordinates":[-0.3095142859999989,45.13559957]}},{"id":"67220","type":"Feature","properties":{"_pk_label":"PK 272+800","_voie":"LGV1"},"geometry":{"type":"Point","coordinates":[-0.3105616359999993,45.13508795999999]}},{"id":"67240","type":"Feature","properties":{"_pk_label":"PK 272+900","_voie":"LGV1"},"geometry":{"type":"Point","coordinates":[-0.3116204939999985,45.13458824999999]}},{"id":"67280","type":"Feature","properties":{"_pk_label":"PK 273+100","_voie":"LGV1"},"geometry":{"type":"Point","coordinates":[-0.3137711249999996,45.13362513]}},{"id":"67300","type":"Feature","properties":{"_pk_label":"PK 273+200","_voie":"LGV1"},"geometry":{"type":"Point","coordinates":[-0.31486198299999935,45.133161390000005]}},{"id":"67320","type":"Feature","properties":{"_pk_label":"PK 273+300","_voie":"LGV1"},"geometry":{"type":"Point","coordinates":[-0.3159599689999992,45.13270644]}},{"id":"67340","type":"Feature","properties":{"_pk_label":"PK 273+400","_voie":"LGV1"},"geometry":{"type":"Point","coordinates":[-0.31706219400000024,45.13225675999999]}},{"id":"67360","type":"Feature","properties":{"_pk_label":"PK 273+500","_voie":"LGV1"},"geometry":{"type":"Point","coordinates":[-0.3181655220000001,45.13180873999999]}},{"id":"67380","type":"Feature","properties":{"_pk_label":"PK 273+600","_voie":"LGV1"},"geometry":{"type":"Point","coordinates":[-0.31926896400000043,45.13136080000001]}},{"id":"67400","type":"Feature","properties":{"_pk_label":"PK 273+700","_voie":"LGV1"},"geometry":{"type":"Point","coordinates":[-0.3203723830000008,45.13091276000002]}},{"id":"67420","type":"Feature","properties":{"_pk_label":"PK 273+800","_voie":"LGV1"},"geometry":{"type":"Point","coordinates":[-0.3214757920000002,45.130464800000006]}},{"id":"67440","type":"Feature","properties":{"_pk_label":"PK 273+900","_voie":"LGV1"},"geometry":{"type":"Point","coordinates":[-0.3225791810000002,45.13001683000001]}},{"id":"67480","type":"Feature","properties":{"_pk_label":"PK 274+100","_voie":"LGV1"},"geometry":{"type":"Point","coordinates":[-0.3247858999999985,45.129120760000006]}},{"id":"67500","type":"Feature","properties":{"_pk_label":"PK 274+200","_voie":"LGV1"},"geometry":{"type":"Point","coordinates":[-0.32588923600000025,45.12867275000001]}},{"id":"67520","type":"Feature","properties":{"_pk_label":"PK 274+300","_voie":"LGV1"},"geometry":{"type":"Point","coordinates":[-0.3269925499999991,45.12822464]}},{"id":"67540","type":"Feature","properties":{"_pk_label":"PK 274+400","_voie":"LGV1"},"geometry":{"type":"Point","coordinates":[-0.32809585000000013,45.12777662000001]}},{"id":"67560","type":"Feature","properties":{"_pk_label":"PK 274+500","_voie":"LGV1"},"geometry":{"type":"Point","coordinates":[-0.3291989939999993,45.127328399999996]}},{"id":"67580","type":"Feature","properties":{"_pk_label":"PK 274+600","_voie":"LGV1"},"geometry":{"type":"Point","coordinates":[-0.3303000809999991,45.12687798999999]}},{"id":"67600","type":"Feature","properties":{"_pk_label":"PK 274+700","_voie":"LGV1"},"geometry":{"type":"Point","coordinates":[-0.3313962169999997,45.12642166999999]}},{"id":"67620","type":"Feature","properties":{"_pk_label":"PK 274+800","_voie":"LGV1"},"geometry":{"type":"Point","coordinates":[-0.33248426399999914,45.12595593999999]}},{"id":"67640","type":"Feature","properties":{"_pk_label":"PK 274+900","_voie":"LGV1"},"geometry":{"type":"Point","coordinates":[-0.33356190299999955,45.12547824999999]}},{"id":"67680","type":"Feature","properties":{"_pk_label":"PK 275+100","_voie":"LGV1"},"geometry":{"type":"Point","coordinates":[-0.3356840219999998,45.12448653000001]}},{"id":"67700","type":"Feature","properties":{"_pk_label":"PK 275+200","_voie":"LGV1"},"geometry":{"type":"Point","coordinates":[-0.3367278859999993,45.123972780000024]}},{"id":"67720","type":"Feature","properties":{"_pk_label":"PK 275+300","_voie":"LGV1"},"geometry":{"type":"Point","coordinates":[-0.3377600810000003,45.12344729000001]}},{"id":"67740","type":"Feature","properties":{"_pk_label":"PK 275+400","_voie":"LGV1"},"geometry":{"type":"Point","coordinates":[-0.3387802310000004,45.12291016999999]}},{"id":"67760","type":"Feature","properties":{"_pk_label":"PK 275+500","_voie":"LGV1"},"geometry":{"type":"Point","coordinates":[-0.3397880889999995,45.12236150999999]}},{"id":"67780","type":"Feature","properties":{"_pk_label":"PK 275+600","_voie":"LGV1"},"geometry":{"type":"Point","coordinates":[-0.34078340800000007,45.121801510000004]}},{"id":"67800","type":"Feature","properties":{"_pk_label":"PK 275+700","_voie":"LGV1"},"geometry":{"type":"Point","coordinates":[-0.34176581899999925,45.12123025000002]}},{"id":"67820","type":"Feature","properties":{"_pk_label":"PK 275+800","_voie":"LGV1"},"geometry":{"type":"Point","coordinates":[-0.3427353249999992,45.12064792999999]}},{"id":"67840","type":"Feature","properties":{"_pk_label":"PK 275+900","_voie":"LGV1"},"geometry":{"type":"Point","coordinates":[-0.34369143299999927,45.12005473]}},{"id":"67880","type":"Feature","properties":{"_pk_label":"PK 276+100","_voie":"LGV1"},"geometry":{"type":"Point","coordinates":[-0.34556284699999923,45.11883628]}},{"id":"67900","type":"Feature","properties":{"_pk_label":"PK 276+200","_voie":"LGV1"},"geometry":{"type":"Point","coordinates":[-0.346477656,45.11821123000003]}},{"id":"67920","type":"Feature","properties":{"_pk_label":"PK 276+300","_voie":"LGV1"},"geometry":{"type":"Point","coordinates":[-0.347378085999999,45.11757595999999]}},{"id":"67940","type":"Feature","properties":{"_pk_label":"PK 276+400","_voie":"LGV1"},"geometry":{"type":"Point","coordinates":[-0.34826413599999934,45.116930489999994]}},{"id":"67960","type":"Feature","properties":{"_pk_label":"PK 276+500","_voie":"LGV1"},"geometry":{"type":"Point","coordinates":[-0.34913544399999974,45.11627508]}},{"id":"67980","type":"Feature","properties":{"_pk_label":"PK 276+600","_voie":"LGV1"},"geometry":{"type":"Point","coordinates":[-0.34999189199999897,45.11560992999999]}},{"id":"68000","type":"Feature","properties":{"_pk_label":"PK 276+700","_voie":"LGV1"},"geometry":{"type":"Point","coordinates":[-0.35083297499999927,45.11493514]}},{"id":"68020","type":"Feature","properties":{"_pk_label":"PK 276+800","_voie":"LGV1"},"geometry":{"type":"Point","coordinates":[-0.3516588309999992,45.11425079999998]}},{"id":"68040","type":"Feature","properties":{"_pk_label":"PK 276+900","_voie":"LGV1"},"geometry":{"type":"Point","coordinates":[-0.3524690969999991,45.11355727999999]}},{"id":"68080","type":"Feature","properties":{"_pk_label":"PK 277+100","_voie":"LGV1"},"geometry":{"type":"Point","coordinates":[-0.3540419999999999,45.11214318]}},{"id":"68100","type":"Feature","properties":{"_pk_label":"PK 277+200","_voie":"LGV1"},"geometry":{"type":"Point","coordinates":[-0.35480427199999875,45.11142286999999]}},{"id":"68120","type":"Feature","properties":{"_pk_label":"PK 277+300","_voie":"LGV1"},"geometry":{"type":"Point","coordinates":[-0.3555501029999998,45.11069404999999]}},{"id":"68140","type":"Feature","properties":{"_pk_label":"PK 277+400","_voie":"LGV1"},"geometry":{"type":"Point","coordinates":[-0.3562793809999985,45.10995687999999]}},{"id":"68160","type":"Feature","properties":{"_pk_label":"PK 277+500","_voie":"LGV1"},"geometry":{"type":"Point","coordinates":[-0.35699184999999917,45.109211479999985]}},{"id":"68180","type":"Feature","properties":{"_pk_label":"PK 277+600","_voie":"LGV1"},"geometry":{"type":"Point","coordinates":[-0.35768741399999954,45.10845819000001]}},{"id":"68200","type":"Feature","properties":{"_pk_label":"PK 277+700","_voie":"LGV1"},"geometry":{"type":"Point","coordinates":[-0.35836581399999967,45.107697040000005]}},{"id":"68220","type":"Feature","properties":{"_pk_label":"PK 277+800","_voie":"LGV1"},"geometry":{"type":"Point","coordinates":[-0.35902693900000054,45.10692830000001]}},{"id":"68240","type":"Feature","properties":{"_pk_label":"PK 277+900","_voie":"LGV1"},"geometry":{"type":"Point","coordinates":[-0.359670681,45.10615223000001]}},{"id":"68280","type":"Feature","properties":{"_pk_label":"PK 278+100","_voie":"LGV1"},"geometry":{"type":"Point","coordinates":[-0.36090567800000006,45.104578869999976]}},{"id":"68300","type":"Feature","properties":{"_pk_label":"PK 278+200","_voie":"LGV1"},"geometry":{"type":"Point","coordinates":[-0.3615020359999994,45.10378384999999]}},{"id":"68320","type":"Feature","properties":{"_pk_label":"PK 278+300","_voie":"LGV1"},"geometry":{"type":"Point","coordinates":[-0.36209081699999895,45.102985909999994]}},{"id":"68341","type":"Feature","properties":{"_pk_label":"PK 278+400","_voie":"LGV1"},"geometry":{"type":"Point","coordinates":[-0.3626771059999996,45.10218694999999]}},{"id":"68361","type":"Feature","properties":{"_pk_label":"PK 278+500","_voie":"LGV1"},"geometry":{"type":"Point","coordinates":[-0.36326324999999926,45.10138800000001]}},{"id":"68381","type":"Feature","properties":{"_pk_label":"PK 278+600","_voie":"LGV1"},"geometry":{"type":"Point","coordinates":[-0.36384937499999975,45.100589039999996]}},{"id":"68401","type":"Feature","properties":{"_pk_label":"PK 278+700","_voie":"LGV1"},"geometry":{"type":"Point","coordinates":[-0.364435608,45.099789980000004]}},{"id":"68421","type":"Feature","properties":{"_pk_label":"PK 278+800","_voie":"LGV1"},"geometry":{"type":"Point","coordinates":[-0.36502169999999917,45.09899102000001]}},{"id":"68441","type":"Feature","properties":{"_pk_label":"PK 278+900","_voie":"LGV1"},"geometry":{"type":"Point","coordinates":[-0.3656077779999997,45.09819206]}},{"id":"68481","type":"Feature","properties":{"_pk_label":"PK 279+100","_voie":"LGV1"},"geometry":{"type":"Point","coordinates":[-0.36678000300000047,45.09659402]}},{"id":"68501","type":"Feature","properties":{"_pk_label":"PK 279+200","_voie":"LGV1"},"geometry":{"type":"Point","coordinates":[-0.36736602799999796,45.09579503999997]}},{"id":"68521","type":"Feature","properties":{"_pk_label":"PK 279+300","_voie":"LGV1"},"geometry":{"type":"Point","coordinates":[-0.36795216699999944,45.09499605999999]}},{"id":"68541","type":"Feature","properties":{"_pk_label":"PK 279+400","_voie":"LGV1"},"geometry":{"type":"Point","coordinates":[-0.3685406189999993,45.094197820000005]}},{"id":"68561","type":"Feature","properties":{"_pk_label":"PK 279+500","_voie":"LGV1"},"geometry":{"type":"Point","coordinates":[-0.36913349199999945,45.09340132999999]}},{"id":"68581","type":"Feature","properties":{"_pk_label":"PK 279+600","_voie":"LGV1"},"geometry":{"type":"Point","coordinates":[-0.3697308919999998,45.09260641000001]}},{"id":"68601","type":"Feature","properties":{"_pk_label":"PK 279+700","_voie":"LGV1"},"geometry":{"type":"Point","coordinates":[-0.37033270799999957,45.09181325000001]}},{"id":"68621","type":"Feature","properties":{"_pk_label":"PK 279+800","_voie":"LGV1"},"geometry":{"type":"Point","coordinates":[-0.37093893299999986,45.091021759999975]}},{"id":"68641","type":"Feature","properties":{"_pk_label":"PK 279+900","_voie":"LGV1"},"geometry":{"type":"Point","coordinates":[-0.3715496999999995,45.090232009999994]}},{"id":"68681","type":"Feature","properties":{"_pk_label":"PK 280+100","_voie":"LGV1"},"geometry":{"type":"Point","coordinates":[-0.3727844689999995,45.08865769999999]}},{"id":"68701","type":"Feature","properties":{"_pk_label":"PK 280+200","_voie":"LGV1"},"geometry":{"type":"Point","coordinates":[-0.37340848099999935,45.08787321999999]}},{"id":"68721","type":"Feature","properties":{"_pk_label":"PK 280+300","_voie":"LGV1"},"geometry":{"type":"Point","coordinates":[-0.37403690299999987,45.08709048999999]}},{"id":"68741","type":"Feature","properties":{"_pk_label":"PK 280+400","_voie":"LGV1"},"geometry":{"type":"Point","coordinates":[-0.3746697419999981,45.086309529999994]}},{"id":"68761","type":"Feature","properties":{"_pk_label":"PK 280+500","_voie":"LGV1"},"geometry":{"type":"Point","coordinates":[-0.3753068690000002,45.08553041]}},{"id":"68781","type":"Feature","properties":{"_pk_label":"PK 280+600","_voie":"LGV1"},"geometry":{"type":"Point","coordinates":[-0.37594854200000005,45.084753039999995]}},{"id":"68801","type":"Feature","properties":{"_pk_label":"PK 280+700","_voie":"LGV1"},"geometry":{"type":"Point","coordinates":[-0.3765945029999995,45.083977510000004]}},{"id":"68821","type":"Feature","properties":{"_pk_label":"PK 280+800","_voie":"LGV1"},"geometry":{"type":"Point","coordinates":[-0.3772447529999995,45.08320375000002]}},{"id":"68841","type":"Feature","properties":{"_pk_label":"PK 280+900","_voie":"LGV1"},"geometry":{"type":"Point","coordinates":[-0.3778994249999989,45.082431929999984]}},{"id":"68881","type":"Feature","properties":{"_pk_label":"PK 281+100","_voie":"LGV1"},"geometry":{"type":"Point","coordinates":[-0.3792216469999994,45.080893810000006]}},{"id":"68901","type":"Feature","properties":{"_pk_label":"PK 281+200","_voie":"LGV1"},"geometry":{"type":"Point","coordinates":[-0.3798893249999992,45.08012761000002]}},{"id":"68921","type":"Feature","properties":{"_pk_label":"PK 281+300","_voie":"LGV1"},"geometry":{"type":"Point","coordinates":[-0.38056116899999987,45.079363269999995]}},{"id":"68941","type":"Feature","properties":{"_pk_label":"PK 281+400","_voie":"LGV1"},"geometry":{"type":"Point","coordinates":[-0.3812374329999995,45.07860077000001]}},{"id":"68961","type":"Feature","properties":{"_pk_label":"PK 281+500","_voie":"LGV1"},"geometry":{"type":"Point","coordinates":[-0.38191734699999946,45.07784003999999]}},{"id":"68962","type":"Feature","properties":{"_pk_label":"PK 281+500","_voie":"LGV1"},"geometry":{"type":"Point","coordinates":[-0.38191794999999945,45.07783948000001]}},{"id":"68982","type":"Feature","properties":{"_pk_label":"PK 281+600","_voie":"LGV1"},"geometry":{"type":"Point","coordinates":[-0.3825980309999993,45.077079739999995]}},{"id":"69002","type":"Feature","properties":{"_pk_label":"PK 281+700","_voie":"LGV1"},"geometry":{"type":"Point","coordinates":[-0.3832788219999983,45.07631942999999]}},{"id":"69022","type":"Feature","properties":{"_pk_label":"PK 281+800","_voie":"LGV1"},"geometry":{"type":"Point","coordinates":[-0.3839594639999999,45.07555903]}},{"id":"69042","type":"Feature","properties":{"_pk_label":"PK 281+900","_voie":"LGV1"},"geometry":{"type":"Point","coordinates":[-0.3846400940000001,45.07479872]}},{"id":"69082","type":"Feature","properties":{"_pk_label":"PK 282+100","_voie":"LGV1"},"geometry":{"type":"Point","coordinates":[-0.38599816099999973,45.07327673]}},{"id":"69102","type":"Feature","properties":{"_pk_label":"PK 282+200","_voie":"LGV1"},"geometry":{"type":"Point","coordinates":[-0.38666776899999966,45.07251178]}},{"id":"69122","type":"Feature","properties":{"_pk_label":"PK 282+300","_voie":"LGV1"},"geometry":{"type":"Point","coordinates":[-0.38732390799999883,45.07174102]}},{"id":"69142","type":"Feature","properties":{"_pk_label":"PK 282+400","_voie":"LGV1"},"geometry":{"type":"Point","coordinates":[-0.3879624169999998,45.070962949999995]}},{"id":"69162","type":"Feature","properties":{"_pk_label":"PK 282+500","_voie":"LGV1"},"geometry":{"type":"Point","coordinates":[-0.38858213899999966,45.07017734]}},{"id":"69182","type":"Feature","properties":{"_pk_label":"PK 282+600","_voie":"LGV1"},"geometry":{"type":"Point","coordinates":[-0.38918295299999944,45.069384359999994]}},{"id":"69202","type":"Feature","properties":{"_pk_label":"PK 282+700","_voie":"LGV1"},"geometry":{"type":"Point","coordinates":[-0.38976462800000017,45.06858431000002]}},{"id":"69222","type":"Feature","properties":{"_pk_label":"PK 282+800","_voie":"LGV1"},"geometry":{"type":"Point","coordinates":[-0.39032717499999947,45.06777735000001]}},{"id":"69242","type":"Feature","properties":{"_pk_label":"PK 282+900","_voie":"LGV1"},"geometry":{"type":"Point","coordinates":[-0.3908702250000005,45.06696377999998]}},{"id":"69282","type":"Feature","properties":{"_pk_label":"PK 283+100","_voie":"LGV1"},"geometry":{"type":"Point","coordinates":[-0.39190838299999975,45.06532059000001]}},{"id":"69302","type":"Feature","properties":{"_pk_label":"PK 283+200","_voie":"LGV1"},"geometry":{"type":"Point","coordinates":[-0.39241414399999897,45.06449472]}},{"id":"69322","type":"Feature","properties":{"_pk_label":"PK 283+300","_voie":"LGV1"},"geometry":{"type":"Point","coordinates":[-0.39291807199999973,45.063668179999986]}},{"id":"69342","type":"Feature","properties":{"_pk_label":"PK 283+400","_voie":"LGV1"},"geometry":{"type":"Point","coordinates":[-0.39342198299999975,45.06284163]}},{"id":"69362","type":"Feature","properties":{"_pk_label":"PK 283+500","_voie":"LGV1"},"geometry":{"type":"Point","coordinates":[-0.39392588099999937,45.062015079999995]}},{"id":"69382","type":"Feature","properties":{"_pk_label":"PK 283+600","_voie":"LGV1"},"geometry":{"type":"Point","coordinates":[-0.3944297610000004,45.06118853]}},{"id":"69402","type":"Feature","properties":{"_pk_label":"PK 283+700","_voie":"LGV1"},"geometry":{"type":"Point","coordinates":[-0.39493362799999937,45.06036198]}},{"id":"69422","type":"Feature","properties":{"_pk_label":"PK 283+800","_voie":"LGV1"},"geometry":{"type":"Point","coordinates":[-0.39543735299999916,45.05953543]}},{"id":"69442","type":"Feature","properties":{"_pk_label":"PK 283+900","_voie":"LGV1"},"geometry":{"type":"Point","coordinates":[-0.39594118899999836,45.05870887999998]}},{"id":"69482","type":"Feature","properties":{"_pk_label":"PK 284+100","_voie":"LGV1"},"geometry":{"type":"Point","coordinates":[-0.3969488189999994,45.05705576000001]}},{"id":"69502","type":"Feature","properties":{"_pk_label":"PK 284+200","_voie":"LGV1"},"geometry":{"type":"Point","coordinates":[-0.39745261100000007,45.05622919000001]}},{"id":"69522","type":"Feature","properties":{"_pk_label":"PK 284+300","_voie":"LGV1"},"geometry":{"type":"Point","coordinates":[-0.3979563890000001,45.05540263000001]}},{"id":"69542","type":"Feature","properties":{"_pk_label":"PK 284+400","_voie":"LGV1"},"geometry":{"type":"Point","coordinates":[-0.3984601499999985,45.054576059999995]}},{"id":"69562","type":"Feature","properties":{"_pk_label":"PK 284+500","_voie":"LGV1"},"geometry":{"type":"Point","coordinates":[-0.3989638999999993,45.053749489999994]}},{"id":"69582","type":"Feature","properties":{"_pk_label":"PK 284+600","_voie":"LGV1"},"geometry":{"type":"Point","coordinates":[-0.39946763099999943,45.05292293000001]}},{"id":"69602","type":"Feature","properties":{"_pk_label":"PK 284+700","_voie":"LGV1"},"geometry":{"type":"Point","coordinates":[-0.3999712219999998,45.05209636]}},{"id":"69622","type":"Feature","properties":{"_pk_label":"PK 284+800","_voie":"LGV1"},"geometry":{"type":"Point","coordinates":[-0.4004749249999998,45.05126978]}},{"id":"69642","type":"Feature","properties":{"_pk_label":"PK 284+900","_voie":"LGV1"},"geometry":{"type":"Point","coordinates":[-0.4009786139999993,45.05044320000001]}},{"id":"69682","type":"Feature","properties":{"_pk_label":"PK 285+100","_voie":"LGV1"},"geometry":{"type":"Point","coordinates":[-0.40198594999999954,45.04879013]}},{"id":"69702","type":"Feature","properties":{"_pk_label":"PK 285+200","_voie":"LGV1"},"geometry":{"type":"Point","coordinates":[-0.4024895940000002,45.047963550000006]}},{"id":"69722","type":"Feature","properties":{"_pk_label":"PK 285+300","_voie":"LGV1"},"geometry":{"type":"Point","coordinates":[-0.40299322199999943,45.04713696]}},{"id":"69742","type":"Feature","properties":{"_pk_label":"PK 285+400","_voie":"LGV1"},"geometry":{"type":"Point","coordinates":[-0.4034968360000001,45.04631038]}},{"id":"69762","type":"Feature","properties":{"_pk_label":"PK 285+500","_voie":"LGV1"},"geometry":{"type":"Point","coordinates":[-0.4040023719999998,45.045484269999996]}},{"id":"69782","type":"Feature","properties":{"_pk_label":"PK 285+600","_voie":"LGV1"},"geometry":{"type":"Point","coordinates":[-0.4045144999999993,45.044660209999996]}},{"id":"69802","type":"Feature","properties":{"_pk_label":"PK 285+700","_voie":"LGV1"},"geometry":{"type":"Point","coordinates":[-0.4050346439999987,45.04383861]}},{"id":"69822","type":"Feature","properties":{"_pk_label":"PK 285+800","_voie":"LGV1"},"geometry":{"type":"Point","coordinates":[-0.4055629469999997,45.04301972999999]}},{"id":"69842","type":"Feature","properties":{"_pk_label":"PK 285+900","_voie":"LGV1"},"geometry":{"type":"Point","coordinates":[-0.4060992720000002,45.042203390000005]}},{"id":"69882","type":"Feature","properties":{"_pk_label":"PK 286+100","_voie":"LGV1"},"geometry":{"type":"Point","coordinates":[-0.4071935499999993,45.04057807]}},{"id":"69902","type":"Feature","properties":{"_pk_label":"PK 286+200","_voie":"LGV1"},"geometry":{"type":"Point","coordinates":[-0.4077445059999983,45.03976685999999]}},{"id":"69922","type":"Feature","properties":{"_pk_label":"PK 286+300","_voie":"LGV1"},"geometry":{"type":"Point","coordinates":[-0.4082954419999991,45.03895565]}},{"id":"69942","type":"Feature","properties":{"_pk_label":"PK 286+400","_voie":"LGV1"},"geometry":{"type":"Point","coordinates":[-0.40884635800000063,45.038144349999996]}},{"id":"69962","type":"Feature","properties":{"_pk_label":"PK 286+500","_voie":"LGV1"},"geometry":{"type":"Point","coordinates":[-0.40939726699999884,45.03733314]}},{"id":"69982","type":"Feature","properties":{"_pk_label":"PK 286+600","_voie":"LGV1"},"geometry":{"type":"Point","coordinates":[-0.409948282999999,45.036521920000006]}},{"id":"70002","type":"Feature","properties":{"_pk_label":"PK 286+700","_voie":"LGV1"},"geometry":{"type":"Point","coordinates":[-0.4104991499999994,45.03571061]}},{"id":"70022","type":"Feature","properties":{"_pk_label":"PK 286+800","_voie":"LGV1"},"geometry":{"type":"Point","coordinates":[-0.4110500079999993,45.03489938999999]}},{"id":"70042","type":"Feature","properties":{"_pk_label":"PK 286+900","_voie":"LGV1"},"geometry":{"type":"Point","coordinates":[-0.4116008529999992,45.034088170000004]}},{"id":"70082","type":"Feature","properties":{"_pk_label":"PK 287+100","_voie":"LGV1"},"geometry":{"type":"Point","coordinates":[-0.4126987279999991,45.03246448]}},{"id":"70102","type":"Feature","properties":{"_pk_label":"PK 287+200","_voie":"LGV1"},"geometry":{"type":"Point","coordinates":[-0.4132331970000001,45.031648159999996]}},{"id":"70122","type":"Feature","properties":{"_pk_label":"PK 287+300","_voie":"LGV1"},"geometry":{"type":"Point","coordinates":[-0.41374574699999944,45.03082485000001]}},{"id":"70142","type":"Feature","properties":{"_pk_label":"PK 287+400","_voie":"LGV1"},"geometry":{"type":"Point","coordinates":[-0.4142300610000002,45.02999312999999]}},{"id":"70162","type":"Feature","properties":{"_pk_label":"PK 287+500","_voie":"LGV1"},"geometry":{"type":"Point","coordinates":[-0.41468539399999993,45.02915318]}},{"id":"70182","type":"Feature","properties":{"_pk_label":"PK 287+600","_voie":"LGV1"},"geometry":{"type":"Point","coordinates":[-0.41511178099999996,45.02830565]}},{"id":"70202","type":"Feature","properties":{"_pk_label":"PK 287+700","_voie":"LGV1"},"geometry":{"type":"Point","coordinates":[-0.41550861400000016,45.02745092000001]}},{"id":"70222","type":"Feature","properties":{"_pk_label":"PK 287+800","_voie":"LGV1"},"geometry":{"type":"Point","coordinates":[-0.4158759310000005,45.02658960999999]}},{"id":"70242","type":"Feature","properties":{"_pk_label":"PK 287+900","_voie":"LGV1"},"geometry":{"type":"Point","coordinates":[-0.41621337200000047,45.02572210000002]}},{"id":"70282","type":"Feature","properties":{"_pk_label":"PK 288+100","_voie":"LGV1"},"geometry":{"type":"Point","coordinates":[-0.4167981609999992,45.02397091000001]}},{"id":"70302","type":"Feature","properties":{"_pk_label":"PK 288+200","_voie":"LGV1"},"geometry":{"type":"Point","coordinates":[-0.41705056399999924,45.02308888000002]}},{"id":"70322","type":"Feature","properties":{"_pk_label":"PK 288+300","_voie":"LGV1"},"geometry":{"type":"Point","coordinates":[-0.41728705599999977,45.02220445]}},{"id":"70342","type":"Feature","properties":{"_pk_label":"PK 288+400","_voie":"LGV1"},"geometry":{"type":"Point","coordinates":[-0.417517121999999,45.02131896]}},{"id":"70362","type":"Feature","properties":{"_pk_label":"PK 288+500","_voie":"LGV1"},"geometry":{"type":"Point","coordinates":[-0.4177466719999994,45.020433489999995]}},{"id":"70382","type":"Feature","properties":{"_pk_label":"PK 288+600","_voie":"LGV1"},"geometry":{"type":"Point","coordinates":[-0.417976211,45.01954793000002]}},{"id":"70402","type":"Feature","properties":{"_pk_label":"PK 288+700","_voie":"LGV1"},"geometry":{"type":"Point","coordinates":[-0.41820574199999916,45.01866236]}},{"id":"70422","type":"Feature","properties":{"_pk_label":"PK 288+800","_voie":"LGV1"},"geometry":{"type":"Point","coordinates":[-0.4184351389999998,45.0177768]}},{"id":"70442","type":"Feature","properties":{"_pk_label":"PK 288+900","_voie":"LGV1"},"geometry":{"type":"Point","coordinates":[-0.41866478299999804,45.016891229999985]}},{"id":"70482","type":"Feature","properties":{"_pk_label":"PK 289+100","_voie":"LGV1"},"geometry":{"type":"Point","coordinates":[-0.419142605999999,45.015122320000025]}},{"id":"70502","type":"Feature","properties":{"_pk_label":"PK 289+200","_voie":"LGV1"},"geometry":{"type":"Point","coordinates":[-0.41941053099999914,45.01424187999999]}},{"id":"70522","type":"Feature","properties":{"_pk_label":"PK 289+300","_voie":"LGV1"},"geometry":{"type":"Point","coordinates":[-0.4197079559999987,45.013366119999986]}},{"id":"70542","type":"Feature","properties":{"_pk_label":"PK 289+400","_voie":"LGV1"},"geometry":{"type":"Point","coordinates":[-0.4200354309999993,45.01249574999999]}},{"id":"70562","type":"Feature","properties":{"_pk_label":"PK 289+500","_voie":"LGV1"},"geometry":{"type":"Point","coordinates":[-0.4203928579999991,45.0116313]}},{"id":"70582","type":"Feature","properties":{"_pk_label":"PK 289+600","_voie":"LGV1"},"geometry":{"type":"Point","coordinates":[-0.4207800249999998,45.01077342]}},{"id":"70603","type":"Feature","properties":{"_pk_label":"PK 289+700","_voie":"LGV1"},"geometry":{"type":"Point","coordinates":[-0.4211956689999987,45.009922229999994]}},{"id":"70623","type":"Feature","properties":{"_pk_label":"PK 289+800","_voie":"LGV1"},"geometry":{"type":"Point","coordinates":[-0.4216320860000005,45.00907653000001]}},{"id":"70643","type":"Feature","properties":{"_pk_label":"PK 289+900","_voie":"LGV1"},"geometry":{"type":"Point","coordinates":[-0.4220797329999998,45.00823391000001]}},{"id":"70684","type":"Feature","properties":{"_pk_label":"PK 290+100","_voie":"LGV1"},"geometry":{"type":"Point","coordinates":[-0.4229690779999999,45.00654756999999]}},{"id":"70704","type":"Feature","properties":{"_pk_label":"PK 290+200","_voie":"LGV1"},"geometry":{"type":"Point","coordinates":[-0.4233914109999991,45.00569887]}},{"id":"70725","type":"Feature","properties":{"_pk_label":"PK 290+300","_voie":"LGV1"},"geometry":{"type":"Point","coordinates":[-0.4237867999999982,45.00484388]}},{"id":"70745","type":"Feature","properties":{"_pk_label":"PK 290+400","_voie":"LGV1"},"geometry":{"type":"Point","coordinates":[-0.4241525440000001,45.00398213999999]}},{"id":"70765","type":"Feature","properties":{"_pk_label":"PK 290+500","_voie":"LGV1"},"geometry":{"type":"Point","coordinates":[-0.42448844200000013,45.00311437]}},{"id":"70785","type":"Feature","properties":{"_pk_label":"PK 290+600","_voie":"LGV1"},"geometry":{"type":"Point","coordinates":[-0.42479426099999934,45.00224104]}},{"id":"70805","type":"Feature","properties":{"_pk_label":"PK 290+700","_voie":"LGV1"},"geometry":{"type":"Point","coordinates":[-0.4250699109999993,45.00136268999999]}},{"id":"70825","type":"Feature","properties":{"_pk_label":"PK 290+800","_voie":"LGV1"},"geometry":{"type":"Point","coordinates":[-0.4253151689999992,45.000479789999986]}},{"id":"70845","type":"Feature","properties":{"_pk_label":"PK 290+900","_voie":"LGV1"},"geometry":{"type":"Point","coordinates":[-0.42552981699999975,44.999592859999986]}},{"id":"70885","type":"Feature","properties":{"_pk_label":"PK 291+100","_voie":"LGV1"},"geometry":{"type":"Point","coordinates":[-0.4258670360000008,44.99780923000001]}},{"id":"70905","type":"Feature","properties":{"_pk_label":"PK 291+200","_voie":"LGV1"},"geometry":{"type":"Point","coordinates":[-0.4259894219999997,44.99691352000001]}},{"id":"70925","type":"Feature","properties":{"_pk_label":"PK 291+300","_voie":"LGV1"},"geometry":{"type":"Point","coordinates":[-0.4260809499999981,44.99601596999999]}},{"id":"70945","type":"Feature","properties":{"_pk_label":"PK 291+400","_voie":"LGV1"},"geometry":{"type":"Point","coordinates":[-0.4261450889999994,44.995117090000015]}},{"id":"70965","type":"Feature","properties":{"_pk_label":"PK 291+500","_voie":"LGV1"},"geometry":{"type":"Point","coordinates":[-0.4261919059999999,44.99421749]}},{"id":"70985","type":"Feature","properties":{"_pk_label":"PK 291+600","_voie":"LGV1"},"geometry":{"type":"Point","coordinates":[-0.4262313359999992,44.99331757999998]}},{"id":"71005","type":"Feature","properties":{"_pk_label":"PK 291+700","_voie":"LGV1"},"geometry":{"type":"Point","coordinates":[-0.42627026099999915,44.992417689999996]}},{"id":"71025","type":"Feature","properties":{"_pk_label":"PK 291+800","_voie":"LGV1"},"geometry":{"type":"Point","coordinates":[-0.4263091749999999,44.99151770000001]}},{"id":"71045","type":"Feature","properties":{"_pk_label":"PK 291+900","_voie":"LGV1"},"geometry":{"type":"Point","coordinates":[-0.42634822200000017,44.9906178]}},{"id":"71085","type":"Feature","properties":{"_pk_label":"PK 292+100","_voie":"LGV1"},"geometry":{"type":"Point","coordinates":[-0.42644866699999895,44.98881803]}},{"id":"71105","type":"Feature","properties":{"_pk_label":"PK 292+200","_voie":"LGV1"},"geometry":{"type":"Point","coordinates":[-0.4265301889999996,44.98791917]}},{"id":"71125","type":"Feature","properties":{"_pk_label":"PK 292+300","_voie":"LGV1"},"geometry":{"type":"Point","coordinates":[-0.4266424109999998,44.98702188]}},{"id":"71145","type":"Feature","properties":{"_pk_label":"PK 292+400","_voie":"LGV1"},"geometry":{"type":"Point","coordinates":[-0.426785369,44.98612680000001]}},{"id":"71165","type":"Feature","properties":{"_pk_label":"PK 292+500","_voie":"LGV1"},"geometry":{"type":"Point","coordinates":[-0.4269592249999994,44.98523445999999]}},{"id":"71185","type":"Feature","properties":{"_pk_label":"PK 292+600","_voie":"LGV1"},"geometry":{"type":"Point","coordinates":[-0.42716375,44.98434541]}},{"id":"71205","type":"Feature","properties":{"_pk_label":"PK 292+700","_voie":"LGV1"},"geometry":{"type":"Point","coordinates":[-0.4273989829999995,44.98346019]}},{"id":"71225","type":"Feature","properties":{"_pk_label":"PK 292+800","_voie":"LGV1"},"geometry":{"type":"Point","coordinates":[-0.4276645719999991,44.982579359999995]}},{"id":"71245","type":"Feature","properties":{"_pk_label":"PK 292+900","_voie":"LGV1"},"geometry":{"type":"Point","coordinates":[-0.42796054199999983,44.981703350000004]}},{"id":"71285","type":"Feature","properties":{"_pk_label":"PK 293+100","_voie":"LGV1"},"geometry":{"type":"Point","coordinates":[-0.4286424939999992,44.97996811000001]}},{"id":"71305","type":"Feature","properties":{"_pk_label":"PK 293+200","_voie":"LGV1"},"geometry":{"type":"Point","coordinates":[-0.4290281530000004,44.97910989]}},{"id":"71325","type":"Feature","properties":{"_pk_label":"PK 293+300","_voie":"LGV1"},"geometry":{"type":"Point","coordinates":[-0.42944317499999907,44.97825859]}},{"id":"71345","type":"Feature","properties":{"_pk_label":"PK 293+400","_voie":"LGV1"},"geometry":{"type":"Point","coordinates":[-0.4298875939999995,44.977414769999996]}},{"id":"71365","type":"Feature","properties":{"_pk_label":"PK 293+500","_voie":"LGV1"},"geometry":{"type":"Point","coordinates":[-0.43036080600000026,44.97657898]}},{"id":"71385","type":"Feature","properties":{"_pk_label":"PK 293+600","_voie":"LGV1"},"geometry":{"type":"Point","coordinates":[-0.4308621859999989,44.97575142]}},{"id":"71405","type":"Feature","properties":{"_pk_label":"PK 293+700","_voie":"LGV1"},"geometry":{"type":"Point","coordinates":[-0.43138492799999983,44.97493085999999]}},{"id":"71425","type":"Feature","properties":{"_pk_label":"PK 293+800","_voie":"LGV1"},"geometry":{"type":"Point","coordinates":[-0.4319195809999999,44.97411425]}},{"id":"71445","type":"Feature","properties":{"_pk_label":"PK 293+900","_voie":"LGV1"},"geometry":{"type":"Point","coordinates":[-0.43245746399999996,44.97329881]}},{"id":"71485","type":"Feature","properties":{"_pk_label":"PK 294+100","_voie":"LGV1"},"geometry":{"type":"Point","coordinates":[-0.43353305299999867,44.97166791]}},{"id":"71505","type":"Feature","properties":{"_pk_label":"PK 294+200","_voie":"LGV1"},"geometry":{"type":"Point","coordinates":[-0.4340707610000005,44.97085246]}},{"id":"71525","type":"Feature","properties":{"_pk_label":"PK 294+300","_voie":"LGV1"},"geometry":{"type":"Point","coordinates":[-0.434608581,44.970037010000006]}},{"id":"71546","type":"Feature","properties":{"_pk_label":"PK 294+400","_voie":"LGV1"},"geometry":{"type":"Point","coordinates":[-0.43514755300000063,44.969221960000006]}},{"id":"71566","type":"Feature","properties":{"_pk_label":"PK 294+500","_voie":"LGV1"},"geometry":{"type":"Point","coordinates":[-0.4356947939999996,44.96840954000001]}},{"id":"71586","type":"Feature","properties":{"_pk_label":"PK 294+600","_voie":"LGV1"},"geometry":{"type":"Point","coordinates":[-0.4362592560000002,44.96760280999998]}},{"id":"71607","type":"Feature","properties":{"_pk_label":"PK 294+700","_voie":"LGV1"},"geometry":{"type":"Point","coordinates":[-0.436848753,44.96680511999999]}},{"id":"71627","type":"Feature","properties":{"_pk_label":"PK 294+800","_voie":"LGV1"},"geometry":{"type":"Point","coordinates":[-0.4374655419999992,44.96601793999999]}},{"id":"71647","type":"Feature","properties":{"_pk_label":"PK 294+900","_voie":"LGV1"},"geometry":{"type":"Point","coordinates":[-0.43810926099999997,44.96524173000001]}},{"id":"71687","type":"Feature","properties":{"_pk_label":"PK 295+100","_voie":"LGV1"},"geometry":{"type":"Point","coordinates":[-0.4394759560000009,44.96372388000001]}},{"id":"71707","type":"Feature","properties":{"_pk_label":"PK 295+200","_voie":"LGV1"},"geometry":{"type":"Point","coordinates":[-0.4401980999999996,44.96298326000001]}},{"id":"71727","type":"Feature","properties":{"_pk_label":"PK 295+300","_voie":"LGV1"},"geometry":{"type":"Point","coordinates":[-0.4409456329999986,44.96225535999999]}},{"id":"71747","type":"Feature","properties":{"_pk_label":"PK 295+400","_voie":"LGV1"},"geometry":{"type":"Point","coordinates":[-0.44171716699999974,44.96154033]}},{"id":"71767","type":"Feature","properties":{"_pk_label":"PK 295+500","_voie":"LGV1"},"geometry":{"type":"Point","coordinates":[-0.44250695599999995,44.960835540000005]}},{"id":"71787","type":"Feature","properties":{"_pk_label":"PK 295+600","_voie":"LGV1"},"geometry":{"type":"Point","coordinates":[-0.443306344,44.96013648]}},{"id":"71807","type":"Feature","properties":{"_pk_label":"PK 295+700","_voie":"LGV1"},"geometry":{"type":"Point","coordinates":[-0.44410809200000034,44.959438970000015]}},{"id":"71827","type":"Feature","properties":{"_pk_label":"PK 295+800","_voie":"LGV1"},"geometry":{"type":"Point","coordinates":[-0.44490993899999953,44.95874135999998]}},{"id":"71847","type":"Feature","properties":{"_pk_label":"PK 295+900","_voie":"LGV1"},"geometry":{"type":"Point","coordinates":[-0.4457116469999992,44.95804382999999]}},{"id":"71887","type":"Feature","properties":{"_pk_label":"PK 296+100","_voie":"LGV1"},"geometry":{"type":"Point","coordinates":[-0.4473151249999993,44.95664867999999]}},{"id":"71907","type":"Feature","properties":{"_pk_label":"PK 296+200","_voie":"LGV1"},"geometry":{"type":"Point","coordinates":[-0.4481168939999996,44.95595104]}},{"id":"71927","type":"Feature","properties":{"_pk_label":"PK 296+300","_voie":"LGV1"},"geometry":{"type":"Point","coordinates":[-0.44891852199999993,44.955253490000004]}},{"id":"71947","type":"Feature","properties":{"_pk_label":"PK 296+400","_voie":"LGV1"},"geometry":{"type":"Point","coordinates":[-0.44972025599999965,44.954555940000006]}},{"id":"71967","type":"Feature","properties":{"_pk_label":"PK 296+500","_voie":"LGV1"},"geometry":{"type":"Point","coordinates":[-0.45052183899999965,44.95385829000002]}},{"id":"71987","type":"Feature","properties":{"_pk_label":"PK 296+600","_voie":"LGV1"},"geometry":{"type":"Point","coordinates":[-0.4513235329999995,44.95316071999999]}},{"id":"72007","type":"Feature","properties":{"_pk_label":"PK 296+700","_voie":"LGV1"},"geometry":{"type":"Point","coordinates":[-0.4521250779999992,44.95246305999999]}},{"id":"72027","type":"Feature","properties":{"_pk_label":"PK 296+800","_voie":"LGV1"},"geometry":{"type":"Point","coordinates":[-0.4529267309999994,44.95176548999999]}},{"id":"72047","type":"Feature","properties":{"_pk_label":"PK 296+900","_voie":"LGV1"},"geometry":{"type":"Point","coordinates":[-0.4537282329999991,44.95106781]}},{"id":"72087","type":"Feature","properties":{"_pk_label":"PK 297+100","_voie":"LGV1"},"geometry":{"type":"Point","coordinates":[-0.4553313190000002,44.949672629999995]}},{"id":"72107","type":"Feature","properties":{"_pk_label":"PK 297+200","_voie":"LGV1"},"geometry":{"type":"Point","coordinates":[-0.4561328889999997,44.948974940000014]}},{"id":"72127","type":"Feature","properties":{"_pk_label":"PK 297+300","_voie":"LGV1"},"geometry":{"type":"Point","coordinates":[-0.45693444199999933,44.94827734]}},{"id":"72147","type":"Feature","properties":{"_pk_label":"PK 297+400","_voie":"LGV1"},"geometry":{"type":"Point","coordinates":[-0.4577358470000001,44.94757964]}},{"id":"72167","type":"Feature","properties":{"_pk_label":"PK 297+500","_voie":"LGV1"},"geometry":{"type":"Point","coordinates":[-0.4585373610000004,44.946882020000004]}},{"id":"72187","type":"Feature","properties":{"_pk_label":"PK 297+600","_voie":"LGV1"},"geometry":{"type":"Point","coordinates":[-0.4593387309999991,44.94618439999998]}},{"id":"72207","type":"Feature","properties":{"_pk_label":"PK 297+700","_voie":"LGV1"},"geometry":{"type":"Point","coordinates":[-0.46014019999999944,44.945486680000016]}},{"id":"72227","type":"Feature","properties":{"_pk_label":"PK 297+800","_voie":"LGV1"},"geometry":{"type":"Point","coordinates":[-0.4609415279999995,44.94478905]}},{"id":"72247","type":"Feature","properties":{"_pk_label":"PK 297+900","_voie":"LGV1"},"geometry":{"type":"Point","coordinates":[-0.46174295799999937,44.94409131999999]}},{"id":"72287","type":"Feature","properties":{"_pk_label":"PK 298+100","_voie":"LGV1"},"geometry":{"type":"Point","coordinates":[-0.4633456389999993,44.94269593999999]}},{"id":"72307","type":"Feature","properties":{"_pk_label":"PK 298+200","_voie":"LGV1"},"geometry":{"type":"Point","coordinates":[-0.4641468859999995,44.94199828]}},{"id":"72327","type":"Feature","properties":{"_pk_label":"PK 298+300","_voie":"LGV1"},"geometry":{"type":"Point","coordinates":[-0.46494824199999957,44.94130061999999]}},{"id":"72347","type":"Feature","properties":{"_pk_label":"PK 298+400","_voie":"LGV1"},"geometry":{"type":"Point","coordinates":[-0.4657494469999991,44.94060286]}},{"id":"72367","type":"Feature","properties":{"_pk_label":"PK 298+500","_voie":"LGV1"},"geometry":{"type":"Point","coordinates":[-0.46655076399999945,44.93990519]}},{"id":"72387","type":"Feature","properties":{"_pk_label":"PK 298+600","_voie":"LGV1"},"geometry":{"type":"Point","coordinates":[-0.4673519249999988,44.93920741999999]}},{"id":"72407","type":"Feature","properties":{"_pk_label":"PK 298+700","_voie":"LGV1"},"geometry":{"type":"Point","coordinates":[-0.468153858,44.93851008]}},{"id":"72427","type":"Feature","properties":{"_pk_label":"PK 298+800","_voie":"LGV1"},"geometry":{"type":"Point","coordinates":[-0.46897915299999937,44.93782560999998]}},{"id":"72447","type":"Feature","properties":{"_pk_label":"PK 298+900","_voie":"LGV1"},"geometry":{"type":"Point","coordinates":[-0.4698681219999994,44.93718213]}},{"id":"72487","type":"Feature","properties":{"_pk_label":"PK 299+100","_voie":"LGV1"},"geometry":{"type":"Point","coordinates":[-0.47185101099999865,44.93605843999999]}},{"id":"72507","type":"Feature","properties":{"_pk_label":"PK 299+200","_voie":"LGV1"},"geometry":{"type":"Point","coordinates":[-0.4729318169999989,44.935585759999995]}},{"id":"72527","type":"Feature","properties":{"_pk_label":"PK 299+300","_voie":"LGV1"},"geometry":{"type":"Point","coordinates":[-0.474062992,44.93517674]}},{"id":"72547","type":"Feature","properties":{"_pk_label":"PK 299+400","_voie":"LGV1"},"geometry":{"type":"Point","coordinates":[-0.47523514699999936,44.934831410000015]}},{"id":"72567","type":"Feature","properties":{"_pk_label":"PK 299+500","_voie":"LGV1"},"geometry":{"type":"Point","coordinates":[-0.4764251719999996,44.93452075000001]}},{"id":"72587","type":"Feature","properties":{"_pk_label":"PK 299+600","_voie":"LGV1"},"geometry":{"type":"Point","coordinates":[-0.47761652500000024,44.934213270000015]}},{"id":"72607","type":"Feature","properties":{"_pk_label":"PK 299+700","_voie":"LGV1"},"geometry":{"type":"Point","coordinates":[-0.4788078579999999,44.933905689999996]}},{"id":"72627","type":"Feature","properties":{"_pk_label":"PK 299+800","_voie":"LGV1"},"geometry":{"type":"Point","coordinates":[-0.47999919199999974,44.93359803]}},{"id":"72647","type":"Feature","properties":{"_pk_label":"PK 299+900","_voie":"LGV1"},"geometry":{"type":"Point","coordinates":[-0.4811905249999994,44.93329036]}},{"id":"72687","type":"Feature","properties":{"_pk_label":"PK 300+100","_voie":"LGV1"},"geometry":{"type":"Point","coordinates":[-0.4835731919999994,44.932675029999984]}},{"id":"72707","type":"Feature","properties":{"_pk_label":"PK 300+200","_voie":"LGV1"},"geometry":{"type":"Point","coordinates":[-0.4847645250000002,44.93236735999998]}},{"id":"72727","type":"Feature","properties":{"_pk_label":"PK 300+300","_voie":"LGV1"},"geometry":{"type":"Point","coordinates":[-0.48595585799999835,44.93205969]}},{"id":"72747","type":"Feature","properties":{"_pk_label":"PK 300+400","_voie":"LGV1"},"geometry":{"type":"Point","coordinates":[-0.4871471919999994,44.93175202999999]}},{"id":"72767","type":"Feature","properties":{"_pk_label":"PK 300+500","_voie":"LGV1"},"geometry":{"type":"Point","coordinates":[-0.4883385249999991,44.93144436]}},{"id":"72787","type":"Feature","properties":{"_pk_label":"PK 300+600","_voie":"LGV1"},"geometry":{"type":"Point","coordinates":[-0.48952985799999954,44.931136689999995]}},{"id":"72807","type":"Feature","properties":{"_pk_label":"PK 300+700","_voie":"LGV1"},"geometry":{"type":"Point","coordinates":[-0.4907211919999986,44.93082902999999]}},{"id":"72827","type":"Feature","properties":{"_pk_label":"PK 300+800","_voie":"LGV1"},"geometry":{"type":"Point","coordinates":[-0.49191252499999943,44.93052136]}},{"id":"72847","type":"Feature","properties":{"_pk_label":"PK 300+900","_voie":"LGV1"},"geometry":{"type":"Point","coordinates":[-0.49310385799999995,44.93021369]}},{"id":"72903","type":"Feature","properties":{"_pk_label":"PK 0+100","_voie":"LGV2"},"geometry":{"type":"Point","coordinates":[0.7494072719999991,47.336523570000004]}},{"id":"72923","type":"Feature","properties":{"_pk_label":"PK 0+200","_voie":"LGV2"},"geometry":{"type":"Point","coordinates":[0.7485702720000006,47.33582563999998]}},{"id":"72943","type":"Feature","properties":{"_pk_label":"PK 0+300","_voie":"LGV2"},"geometry":{"type":"Point","coordinates":[0.7477419360000016,47.33512322]}},{"id":"72963","type":"Feature","properties":{"_pk_label":"PK 0+400","_voie":"LGV2"},"geometry":{"type":"Point","coordinates":[0.7469145250000002,47.33442035000001]}},{"id":"72983","type":"Feature","properties":{"_pk_label":"PK 0+500","_voie":"LGV2"},"geometry":{"type":"Point","coordinates":[0.7460871530000002,47.33371747000001]}},{"id":"73003","type":"Feature","properties":{"_pk_label":"PK 0+600","_voie":"LGV2"},"geometry":{"type":"Point","coordinates":[0.745259786000001,47.333014589999976]}},{"id":"73023","type":"Feature","properties":{"_pk_label":"PK 0+700","_voie":"LGV2"},"geometry":{"type":"Point","coordinates":[0.7444324420000009,47.3323117]}},{"id":"73043","type":"Feature","properties":{"_pk_label":"PK 0+800","_voie":"LGV2"},"geometry":{"type":"Point","coordinates":[0.7436051170000004,47.33160880999999]}},{"id":"73063","type":"Feature","properties":{"_pk_label":"PK 0+900","_voie":"LGV2"},"geometry":{"type":"Point","coordinates":[0.7427778279999998,47.33090591]}},{"id":"73103","type":"Feature","properties":{"_pk_label":"PK 1+100","_voie":"LGV2"},"geometry":{"type":"Point","coordinates":[0.7411232920000012,47.329500089999996]}},{"id":"73123","type":"Feature","properties":{"_pk_label":"PK 1+200","_voie":"LGV2"},"geometry":{"type":"Point","coordinates":[0.7402960560000005,47.32879718000002]}},{"id":"73143","type":"Feature","properties":{"_pk_label":"PK 1+300","_voie":"LGV2"},"geometry":{"type":"Point","coordinates":[0.7394690310000003,47.32809412]}},{"id":"73163","type":"Feature","properties":{"_pk_label":"PK 1+400","_voie":"LGV2"},"geometry":{"type":"Point","coordinates":[0.7386478419999998,47.32738766000001]}},{"id":"73183","type":"Feature","properties":{"_pk_label":"PK 1+500","_voie":"LGV2"},"geometry":{"type":"Point","coordinates":[0.7378440780000008,47.326671759999996]}},{"id":"73203","type":"Feature","properties":{"_pk_label":"PK 1+600","_voie":"LGV2"},"geometry":{"type":"Point","coordinates":[0.7370640920000009,47.32594377999997]}},{"id":"73223","type":"Feature","properties":{"_pk_label":"PK 1+700","_voie":"LGV2"},"geometry":{"type":"Point","coordinates":[0.7363085190000006,47.32520400000001]}},{"id":"73243","type":"Feature","properties":{"_pk_label":"PK 1+800","_voie":"LGV2"},"geometry":{"type":"Point","coordinates":[0.7355777419999997,47.32445279000002]}},{"id":"73263","type":"Feature","properties":{"_pk_label":"PK 1+900","_voie":"LGV2"},"geometry":{"type":"Point","coordinates":[0.73487215,47.32369054]}},{"id":"73303","type":"Feature","properties":{"_pk_label":"PK 2+100","_voie":"LGV2"},"geometry":{"type":"Point","coordinates":[0.7335226970000006,47.32214094000001]}},{"id":"73323","type":"Feature","properties":{"_pk_label":"PK 2+200","_voie":"LGV2"},"geometry":{"type":"Point","coordinates":[0.7328574970000006,47.32136258999999]}},{"id":"73343","type":"Feature","properties":{"_pk_label":"PK 2+300","_voie":"LGV2"},"geometry":{"type":"Point","coordinates":[0.7321923060000003,47.320584239999995]}},{"id":"73363","type":"Feature","properties":{"_pk_label":"PK 2+400","_voie":"LGV2"},"geometry":{"type":"Point","coordinates":[0.7315271470000012,47.31980589]}},{"id":"73383","type":"Feature","properties":{"_pk_label":"PK 2+500","_voie":"LGV2"},"geometry":{"type":"Point","coordinates":[0.730862008000001,47.31902753000001]}},{"id":"73403","type":"Feature","properties":{"_pk_label":"PK 2+600","_voie":"LGV2"},"geometry":{"type":"Point","coordinates":[0.7301961969999999,47.318249499999986]}},{"id":"73423","type":"Feature","properties":{"_pk_label":"PK 2+700","_voie":"LGV2"},"geometry":{"type":"Point","coordinates":[0.729521422000001,47.317475329999986]}},{"id":"73443","type":"Feature","properties":{"_pk_label":"PK 2+800","_voie":"LGV2"},"geometry":{"type":"Point","coordinates":[0.7288247390000013,47.31671048]}},{"id":"73463","type":"Feature","properties":{"_pk_label":"PK 2+900","_voie":"LGV2"},"geometry":{"type":"Point","coordinates":[0.7280961639999997,47.315959639999996]}},{"id":"73503","type":"Feature","properties":{"_pk_label":"PK 3+100","_voie":"LGV2"},"geometry":{"type":"Point","coordinates":[0.7265406919999996,47.314504539999994]}},{"id":"73523","type":"Feature","properties":{"_pk_label":"PK 3+200","_voie":"LGV2"},"geometry":{"type":"Point","coordinates":[0.7257152080000006,47.31380162]}},{"id":"73543","type":"Feature","properties":{"_pk_label":"PK 3+300","_voie":"LGV2"},"geometry":{"type":"Point","coordinates":[0.7248588920000004,47.313115970000005]}},{"id":"73563","type":"Feature","properties":{"_pk_label":"PK 3+400","_voie":"LGV2"},"geometry":{"type":"Point","coordinates":[0.7239725279999991,47.31244823999999]}},{"id":"73583","type":"Feature","properties":{"_pk_label":"PK 3+500","_voie":"LGV2"},"geometry":{"type":"Point","coordinates":[0.7230569190000007,47.311799009999994]}},{"id":"73603","type":"Feature","properties":{"_pk_label":"PK 3+600","_voie":"LGV2"},"geometry":{"type":"Point","coordinates":[0.7221129140000008,47.31116887999999]}},{"id":"73623","type":"Feature","properties":{"_pk_label":"PK 3+700","_voie":"LGV2"},"geometry":{"type":"Point","coordinates":[0.7211413690000008,47.31055843999998]}},{"id":"73643","type":"Feature","properties":{"_pk_label":"PK 3+800","_voie":"LGV2"},"geometry":{"type":"Point","coordinates":[0.7201431690000009,47.309968229999996]}},{"id":"73663","type":"Feature","properties":{"_pk_label":"PK 3+900","_voie":"LGV2"},"geometry":{"type":"Point","coordinates":[0.7191192140000009,47.30939878999999]}},{"id":"73703","type":"Feature","properties":{"_pk_label":"PK 4+100","_voie":"LGV2"},"geometry":{"type":"Point","coordinates":[0.7169978530000006,47.30832431000001]}},{"id":"73723","type":"Feature","properties":{"_pk_label":"PK 4+200","_voie":"LGV2"},"geometry":{"type":"Point","coordinates":[0.7159023640000002,47.307820230000004]}},{"id":"73743","type":"Feature","properties":{"_pk_label":"PK 4+300","_voie":"LGV2"},"geometry":{"type":"Point","coordinates":[0.7147850080000002,47.3073389]}},{"id":"73763","type":"Feature","properties":{"_pk_label":"PK 4+400","_voie":"LGV2"},"geometry":{"type":"Point","coordinates":[0.7136468110000007,47.306880729999996]}},{"id":"73783","type":"Feature","properties":{"_pk_label":"PK 4+500","_voie":"LGV2"},"geometry":{"type":"Point","coordinates":[0.7124903220000008,47.30644392999997]}},{"id":"73803","type":"Feature","properties":{"_pk_label":"PK 4+600","_voie":"LGV2"},"geometry":{"type":"Point","coordinates":[0.7113226580000005,47.30602059999999]}},{"id":"73823","type":"Feature","properties":{"_pk_label":"PK 4+700","_voie":"LGV2"},"geometry":{"type":"Point","coordinates":[0.7101510720000009,47.305601859999996]}},{"id":"73843","type":"Feature","properties":{"_pk_label":"PK 4+800","_voie":"LGV2"},"geometry":{"type":"Point","coordinates":[0.7089793500000007,47.30518325999999]}},{"id":"73863","type":"Feature","properties":{"_pk_label":"PK 4+900","_voie":"LGV2"},"geometry":{"type":"Point","coordinates":[0.7078076330000006,47.304764660000004]}},{"id":"73903","type":"Feature","properties":{"_pk_label":"PK 5+100","_voie":"LGV2"},"geometry":{"type":"Point","coordinates":[0.7054743110000007,47.30391358]}},{"id":"73923","type":"Feature","properties":{"_pk_label":"PK 5+200","_voie":"LGV2"},"geometry":{"type":"Point","coordinates":[0.7043262139999997,47.30346468999999]}},{"id":"73943","type":"Feature","properties":{"_pk_label":"PK 5+300","_voie":"LGV2"},"geometry":{"type":"Point","coordinates":[0.7031982670000002,47.30299268]}},{"id":"73963","type":"Feature","properties":{"_pk_label":"PK 5+400","_voie":"LGV2"},"geometry":{"type":"Point","coordinates":[0.7020918060000008,47.30249770000002]}},{"id":"73983","type":"Feature","properties":{"_pk_label":"PK 5+500","_voie":"LGV2"},"geometry":{"type":"Point","coordinates":[0.7010078719999999,47.301980190000016]}},{"id":"74003","type":"Feature","properties":{"_pk_label":"PK 5+600","_voie":"LGV2"},"geometry":{"type":"Point","coordinates":[0.699947447000001,47.301440630000016]}},{"id":"74023","type":"Feature","properties":{"_pk_label":"PK 5+700","_voie":"LGV2"},"geometry":{"type":"Point","coordinates":[0.698911483,47.30087950999999]}},{"id":"74043","type":"Feature","properties":{"_pk_label":"PK 5+800","_voie":"LGV2"},"geometry":{"type":"Point","coordinates":[0.6979009470000002,47.300297330000014]}},{"id":"74063","type":"Feature","properties":{"_pk_label":"PK 5+900","_voie":"LGV2"},"geometry":{"type":"Point","coordinates":[0.696916747,47.29969464999999]}},{"id":"74103","type":"Feature","properties":{"_pk_label":"PK 6+100","_voie":"LGV2"},"geometry":{"type":"Point","coordinates":[0.6950309440000005,47.29842997000001]}},{"id":"74123","type":"Feature","properties":{"_pk_label":"PK 6+200","_voie":"LGV2"},"geometry":{"type":"Point","coordinates":[0.6941295530000002,47.297770180000015]}},{"id":"74143","type":"Feature","properties":{"_pk_label":"PK 6+300","_voie":"LGV2"},"geometry":{"type":"Point","coordinates":[0.6932529330000006,47.29709516]}},{"id":"74163","type":"Feature","properties":{"_pk_label":"PK 6+400","_voie":"LGV2"},"geometry":{"type":"Point","coordinates":[0.6924014329999999,47.29640542]}},{"id":"74183","type":"Feature","properties":{"_pk_label":"PK 6+500","_voie":"LGV2"},"geometry":{"type":"Point","coordinates":[0.691575547,47.295701419999986]}},{"id":"74203","type":"Feature","properties":{"_pk_label":"PK 6+600","_voie":"LGV2"},"geometry":{"type":"Point","coordinates":[0.690775814,47.29498359]}},{"id":"74223","type":"Feature","properties":{"_pk_label":"PK 6+700","_voie":"LGV2"},"geometry":{"type":"Point","coordinates":[0.6900027310000014,47.29425237000001]}},{"id":"74243","type":"Feature","properties":{"_pk_label":"PK 6+800","_voie":"LGV2"},"geometry":{"type":"Point","coordinates":[0.6892567640000002,47.29350822999999]}},{"id":"74263","type":"Feature","properties":{"_pk_label":"PK 6+900","_voie":"LGV2"},"geometry":{"type":"Point","coordinates":[0.6885384000000009,47.292751630000005]}},{"id":"74303","type":"Feature","properties":{"_pk_label":"PK 7+100","_voie":"LGV2"},"geometry":{"type":"Point","coordinates":[0.6871862439999997,47.291202959999985]}},{"id":"74323","type":"Feature","properties":{"_pk_label":"PK 7+200","_voie":"LGV2"},"geometry":{"type":"Point","coordinates":[0.686553281,47.29041186]}},{"id":"74343","type":"Feature","properties":{"_pk_label":"PK 7+300","_voie":"LGV2"},"geometry":{"type":"Point","coordinates":[0.6859496080000014,47.289610229999994]}},{"id":"74363","type":"Feature","properties":{"_pk_label":"PK 7+400","_voie":"LGV2"},"geometry":{"type":"Point","coordinates":[0.685375583,47.288798580000005]}},{"id":"74383","type":"Feature","properties":{"_pk_label":"PK 7+500","_voie":"LGV2"},"geometry":{"type":"Point","coordinates":[0.6848315829999995,47.287977420000004]}},{"id":"74403","type":"Feature","properties":{"_pk_label":"PK 7+600","_voie":"LGV2"},"geometry":{"type":"Point","coordinates":[0.6843179310000004,47.28714727]}},{"id":"74423","type":"Feature","properties":{"_pk_label":"PK 7+700","_voie":"LGV2"},"geometry":{"type":"Point","coordinates":[0.6838326860000005,47.286309339999995]}},{"id":"74443","type":"Feature","properties":{"_pk_label":"PK 7+800","_voie":"LGV2"},"geometry":{"type":"Point","coordinates":[0.6833670360000007,47.28546645]}},{"id":"74463","type":"Feature","properties":{"_pk_label":"PK 7+900","_voie":"LGV2"},"geometry":{"type":"Point","coordinates":[0.6829107330000006,47.28462137000001]}},{"id":"74503","type":"Feature","properties":{"_pk_label":"PK 8+100","_voie":"LGV2"},"geometry":{"type":"Point","coordinates":[0.6820006920000004,47.282930719999996]}},{"id":"74523","type":"Feature","properties":{"_pk_label":"PK 8+200","_voie":"LGV2"},"geometry":{"type":"Point","coordinates":[0.681545700000001,47.28208539999999]}},{"id":"74543","type":"Feature","properties":{"_pk_label":"PK 8+300","_voie":"LGV2"},"geometry":{"type":"Point","coordinates":[0.6810907080000012,47.28124006]}},{"id":"74563","type":"Feature","properties":{"_pk_label":"PK 8+400","_voie":"LGV2"},"geometry":{"type":"Point","coordinates":[0.6806357310000011,47.28039474999999]}},{"id":"74583","type":"Feature","properties":{"_pk_label":"PK 8+500","_voie":"LGV2"},"geometry":{"type":"Point","coordinates":[0.6801776720000005,47.27955032]}},{"id":"74603","type":"Feature","properties":{"_pk_label":"PK 8+600","_voie":"LGV2"},"geometry":{"type":"Point","coordinates":[0.6797067330000005,47.278709380000016]}},{"id":"74623","type":"Feature","properties":{"_pk_label":"PK 8+700","_voie":"LGV2"},"geometry":{"type":"Point","coordinates":[0.6792147030000009,47.27787414]}},{"id":"74643","type":"Feature","properties":{"_pk_label":"PK 8+800","_voie":"LGV2"},"geometry":{"type":"Point","coordinates":[0.6787004560000008,47.27704510999999]}},{"id":"74663","type":"Feature","properties":{"_pk_label":"PK 8+900","_voie":"LGV2"},"geometry":{"type":"Point","coordinates":[0.6781641580000005,47.27622258]}},{"id":"74703","type":"Feature","properties":{"_pk_label":"PK 9+100","_voie":"LGV2"},"geometry":{"type":"Point","coordinates":[0.6770272219999997,47.274597670000006]}},{"id":"74723","type":"Feature","properties":{"_pk_label":"PK 9+200","_voie":"LGV2"},"geometry":{"type":"Point","coordinates":[0.6764356720000017,47.273792619999995]}},{"id":"74743","type":"Feature","properties":{"_pk_label":"PK 9+300","_voie":"LGV2"},"geometry":{"type":"Point","coordinates":[0.6758408830000004,47.272988530000006]}},{"id":"74763","type":"Feature","properties":{"_pk_label":"PK 9+400","_voie":"LGV2"},"geometry":{"type":"Point","coordinates":[0.6752460860000005,47.27218442999999]}},{"id":"74783","type":"Feature","properties":{"_pk_label":"PK 9+500","_voie":"LGV2"},"geometry":{"type":"Point","coordinates":[0.6746513060000005,47.27138033999999]}},{"id":"74803","type":"Feature","properties":{"_pk_label":"PK 9+600","_voie":"LGV2"},"geometry":{"type":"Point","coordinates":[0.6740567310000002,47.27057615]}},{"id":"74823","type":"Feature","properties":{"_pk_label":"PK 9+700","_voie":"LGV2"},"geometry":{"type":"Point","coordinates":[0.6734664390000002,47.269770380000004]}},{"id":"74843","type":"Feature","properties":{"_pk_label":"PK 9+800","_voie":"LGV2"},"geometry":{"type":"Point","coordinates":[0.672888161000001,47.26896044000001]}},{"id":"74863","type":"Feature","properties":{"_pk_label":"PK 9+900","_voie":"LGV2"},"geometry":{"type":"Point","coordinates":[0.672329175000001,47.26814415999998]}},{"id":"74903","type":"Feature","properties":{"_pk_label":"PK 10+100","_voie":"LGV2"},"geometry":{"type":"Point","coordinates":[0.6712763940000008,47.26649171999999]}},{"id":"74923","type":"Feature","properties":{"_pk_label":"PK 10+200","_voie":"LGV2"},"geometry":{"type":"Point","coordinates":[0.6707829419999998,47.265656100000015]}},{"id":"74943","type":"Feature","properties":{"_pk_label":"PK 10+300","_voie":"LGV2"},"geometry":{"type":"Point","coordinates":[0.6703116610000005,47.26481457]}},{"id":"74963","type":"Feature","properties":{"_pk_label":"PK 10+400","_voie":"LGV2"},"geometry":{"type":"Point","coordinates":[0.6698626919999997,47.26396740000002]}},{"id":"74983","type":"Feature","properties":{"_pk_label":"PK 10+500","_voie":"LGV2"},"geometry":{"type":"Point","coordinates":[0.669436211000001,47.26311488000001]}},{"id":"75003","type":"Feature","properties":{"_pk_label":"PK 10+600","_voie":"LGV2"},"geometry":{"type":"Point","coordinates":[0.6690323220000004,47.26225725999999]}},{"id":"75023","type":"Feature","properties":{"_pk_label":"PK 10+700","_voie":"LGV2"},"geometry":{"type":"Point","coordinates":[0.6686511750000013,47.261394839999994]}},{"id":"75043","type":"Feature","properties":{"_pk_label":"PK 10+800","_voie":"LGV2"},"geometry":{"type":"Point","coordinates":[0.6682928830000007,47.2605279]}},{"id":"75063","type":"Feature","properties":{"_pk_label":"PK 10+900","_voie":"LGV2"},"geometry":{"type":"Point","coordinates":[0.6679575690000003,47.25965671]}},{"id":"75103","type":"Feature","properties":{"_pk_label":"PK 11+100","_voie":"LGV2"},"geometry":{"type":"Point","coordinates":[0.6673559749999999,47.257902760000015]}},{"id":"75123","type":"Feature","properties":{"_pk_label":"PK 11+200","_voie":"LGV2"},"geometry":{"type":"Point","coordinates":[0.6670847499999999,47.25702143]}},{"id":"75143","type":"Feature","properties":{"_pk_label":"PK 11+300","_voie":"LGV2"},"geometry":{"type":"Point","coordinates":[0.6668232310000013,47.256138879999995]}},{"id":"75163","type":"Feature","properties":{"_pk_label":"PK 11+400","_voie":"LGV2"},"geometry":{"type":"Point","coordinates":[0.6665637940000007,47.25525612]}},{"id":"75183","type":"Feature","properties":{"_pk_label":"PK 11+500","_voie":"LGV2"},"geometry":{"type":"Point","coordinates":[0.6663043640000001,47.25437335999999]}},{"id":"75203","type":"Feature","properties":{"_pk_label":"PK 11+600","_voie":"LGV2"},"geometry":{"type":"Point","coordinates":[0.6660449310000003,47.25349058999999]}},{"id":"75223","type":"Feature","properties":{"_pk_label":"PK 11+700","_voie":"LGV2"},"geometry":{"type":"Point","coordinates":[0.6657855170000004,47.25260783999999]}},{"id":"75243","type":"Feature","properties":{"_pk_label":"PK 11+800","_voie":"LGV2"},"geometry":{"type":"Point","coordinates":[0.6655261140000002,47.25172508000001]}},{"id":"75263","type":"Feature","properties":{"_pk_label":"PK 11+900","_voie":"LGV2"},"geometry":{"type":"Point","coordinates":[0.6652667189999998,47.25084230999999]}},{"id":"75303","type":"Feature","properties":{"_pk_label":"PK 12+100","_voie":"LGV2"},"geometry":{"type":"Point","coordinates":[0.6647479390000001,47.249076790000004]}},{"id":"75323","type":"Feature","properties":{"_pk_label":"PK 12+200","_voie":"LGV2"},"geometry":{"type":"Point","coordinates":[0.6644885690000004,47.24819403000001]}},{"id":"75343","type":"Feature","properties":{"_pk_label":"PK 12+300","_voie":"LGV2"},"geometry":{"type":"Point","coordinates":[0.6642292080000007,47.24731126]}},{"id":"75363","type":"Feature","properties":{"_pk_label":"PK 12+400","_voie":"LGV2"},"geometry":{"type":"Point","coordinates":[0.6639698440000014,47.24642848999999]}},{"id":"75383","type":"Feature","properties":{"_pk_label":"PK 12+500","_voie":"LGV2"},"geometry":{"type":"Point","coordinates":[0.6637104970000007,47.245545729999996]}},{"id":"75403","type":"Feature","properties":{"_pk_label":"PK 12+600","_voie":"LGV2"},"geometry":{"type":"Point","coordinates":[0.6634511640000004,47.24466295999999]}},{"id":"75423","type":"Feature","properties":{"_pk_label":"PK 12+700","_voie":"LGV2"},"geometry":{"type":"Point","coordinates":[0.6631918219999998,47.24378019000001]}},{"id":"75443","type":"Feature","properties":{"_pk_label":"PK 12+800","_voie":"LGV2"},"geometry":{"type":"Point","coordinates":[0.6629325030000008,47.24289743]}},{"id":"75463","type":"Feature","properties":{"_pk_label":"PK 12+900","_voie":"LGV2"},"geometry":{"type":"Point","coordinates":[0.6626731940000001,47.24201465000001]}},{"id":"75503","type":"Feature","properties":{"_pk_label":"PK 13+100","_voie":"LGV2"},"geometry":{"type":"Point","coordinates":[0.6621574889999999,47.240248620000024]}},{"id":"75523","type":"Feature","properties":{"_pk_label":"PK 13+200","_voie":"LGV2"},"geometry":{"type":"Point","coordinates":[0.6619096110000001,47.239364139999985]}},{"id":"75543","type":"Feature","properties":{"_pk_label":"PK 13+300","_voie":"LGV2"},"geometry":{"type":"Point","coordinates":[0.6616763999999998,47.23847773000001]}},{"id":"75563","type":"Feature","properties":{"_pk_label":"PK 13+400","_voie":"LGV2"},"geometry":{"type":"Point","coordinates":[0.6614618189999999,47.23758913]}},{"id":"75583","type":"Feature","properties":{"_pk_label":"PK 13+500","_voie":"LGV2"},"geometry":{"type":"Point","coordinates":[0.6612662310000005,47.23669848000001]}},{"id":"75603","type":"Feature","properties":{"_pk_label":"PK 13+600","_voie":"LGV2"},"geometry":{"type":"Point","coordinates":[0.6610896919999999,47.23580599]}},{"id":"75623","type":"Feature","properties":{"_pk_label":"PK 13+700","_voie":"LGV2"},"geometry":{"type":"Point","coordinates":[0.6609322330000009,47.23491185]}},{"id":"75643","type":"Feature","properties":{"_pk_label":"PK 13+800","_voie":"LGV2"},"geometry":{"type":"Point","coordinates":[0.660793897000001,47.234016239999995]}},{"id":"75663","type":"Feature","properties":{"_pk_label":"PK 13+900","_voie":"LGV2"},"geometry":{"type":"Point","coordinates":[0.6606747030000006,47.23311936]}},{"id":"75704","type":"Feature","properties":{"_pk_label":"PK 14+100","_voie":"LGV2"},"geometry":{"type":"Point","coordinates":[0.6604920810000007,47.23132266000002]}},{"id":"75724","type":"Feature","properties":{"_pk_label":"PK 14+200","_voie":"LGV2"},"geometry":{"type":"Point","coordinates":[0.6604212940000007,47.23042355999999]}},{"id":"75744","type":"Feature","properties":{"_pk_label":"PK 14+300","_voie":"LGV2"},"geometry":{"type":"Point","coordinates":[0.6603561890000001,47.22952434999999]}},{"id":"75764","type":"Feature","properties":{"_pk_label":"PK 14+400","_voie":"LGV2"},"geometry":{"type":"Point","coordinates":[0.6602918780000003,47.22862513999999]}},{"id":"75784","type":"Feature","properties":{"_pk_label":"PK 14+500","_voie":"LGV2"},"geometry":{"type":"Point","coordinates":[0.6602275690000006,47.22772595]}},{"id":"75804","type":"Feature","properties":{"_pk_label":"PK 14+600","_voie":"LGV2"},"geometry":{"type":"Point","coordinates":[0.660163261000001,47.22682673999999]}},{"id":"75824","type":"Feature","properties":{"_pk_label":"PK 14+700","_voie":"LGV2"},"geometry":{"type":"Point","coordinates":[0.6600989580000011,47.22592753999999]}},{"id":"75844","type":"Feature","properties":{"_pk_label":"PK 14+800","_voie":"LGV2"},"geometry":{"type":"Point","coordinates":[0.6600346560000002,47.22502834000001]}},{"id":"75864","type":"Feature","properties":{"_pk_label":"PK 14+900","_voie":"LGV2"},"geometry":{"type":"Point","coordinates":[0.6599699690000004,47.22412917999999]}},{"id":"75904","type":"Feature","properties":{"_pk_label":"PK 15+100","_voie":"LGV2"},"geometry":{"type":"Point","coordinates":[0.6598210610000004,47.222331849999996]}},{"id":"75925","type":"Feature","properties":{"_pk_label":"PK 15+200","_voie":"LGV2"},"geometry":{"type":"Point","coordinates":[0.6597247970000004,47.22143427000002]}},{"id":"75945","type":"Feature","properties":{"_pk_label":"PK 15+300","_voie":"LGV2"},"geometry":{"type":"Point","coordinates":[0.6596094390000002,47.220537740000005]}},{"id":"75965","type":"Feature","properties":{"_pk_label":"PK 15+400","_voie":"LGV2"},"geometry":{"type":"Point","coordinates":[0.6594749690000004,47.219642449999995]}},{"id":"75985","type":"Feature","properties":{"_pk_label":"PK 15+500","_voie":"LGV2"},"geometry":{"type":"Point","coordinates":[0.6593228000000002,47.21874842]}},{"id":"76005","type":"Feature","properties":{"_pk_label":"PK 15+600","_voie":"LGV2"},"geometry":{"type":"Point","coordinates":[0.6591583690000002,47.217855289999996]}},{"id":"76025","type":"Feature","properties":{"_pk_label":"PK 15+700","_voie":"LGV2"},"geometry":{"type":"Point","coordinates":[0.6589877780000006,47.21696260000001]}},{"id":"76045","type":"Feature","properties":{"_pk_label":"PK 15+800","_voie":"LGV2"},"geometry":{"type":"Point","coordinates":[0.6588161469999999,47.216069960000006]}},{"id":"76065","type":"Feature","properties":{"_pk_label":"PK 15+900","_voie":"LGV2"},"geometry":{"type":"Point","coordinates":[0.6586445190000002,47.21517731999999]}},{"id":"76105","type":"Feature","properties":{"_pk_label":"PK 16+100","_voie":"LGV2"},"geometry":{"type":"Point","coordinates":[0.6583012860000003,47.213392030000016]}},{"id":"76125","type":"Feature","properties":{"_pk_label":"PK 16+200","_voie":"LGV2"},"geometry":{"type":"Point","coordinates":[0.6581296780000007,47.21249938]}},{"id":"76145","type":"Feature","properties":{"_pk_label":"PK 16+300","_voie":"LGV2"},"geometry":{"type":"Point","coordinates":[0.6579580720000002,47.21160673999999]}},{"id":"76165","type":"Feature","properties":{"_pk_label":"PK 16+400","_voie":"LGV2"},"geometry":{"type":"Point","coordinates":[0.657786475,47.210714089999996]}},{"id":"76185","type":"Feature","properties":{"_pk_label":"PK 16+500","_voie":"LGV2"},"geometry":{"type":"Point","coordinates":[0.6576148970000003,47.20982145]}},{"id":"76205","type":"Feature","properties":{"_pk_label":"PK 16+600","_voie":"LGV2"},"geometry":{"type":"Point","coordinates":[0.6574433110000009,47.2089288]}},{"id":"76225","type":"Feature","properties":{"_pk_label":"PK 16+700","_voie":"LGV2"},"geometry":{"type":"Point","coordinates":[0.6572717310000005,47.20803615]}},{"id":"76245","type":"Feature","properties":{"_pk_label":"PK 16+800","_voie":"LGV2"},"geometry":{"type":"Point","coordinates":[0.6571001559999998,47.20714350000001]}},{"id":"76265","type":"Feature","properties":{"_pk_label":"PK 16+900","_voie":"LGV2"},"geometry":{"type":"Point","coordinates":[0.6569285860000001,47.20625084999998]}},{"id":"76305","type":"Feature","properties":{"_pk_label":"PK 17+100","_voie":"LGV2"},"geometry":{"type":"Point","coordinates":[0.6565912420000002,47.204464900000005]}},{"id":"76325","type":"Feature","properties":{"_pk_label":"PK 17+200","_voie":"LGV2"},"geometry":{"type":"Point","coordinates":[0.6564358690000008,47.203570660000004]}},{"id":"76345","type":"Feature","properties":{"_pk_label":"PK 17+300","_voie":"LGV2"},"geometry":{"type":"Point","coordinates":[0.6562972500000005,47.20267507]}},{"id":"76365","type":"Feature","properties":{"_pk_label":"PK 17+400","_voie":"LGV2"},"geometry":{"type":"Point","coordinates":[0.656177725,47.201778190000006]}},{"id":"76385","type":"Feature","properties":{"_pk_label":"PK 17+500","_voie":"LGV2"},"geometry":{"type":"Point","coordinates":[0.6560773560000006,47.20088023999999]}},{"id":"76405","type":"Feature","properties":{"_pk_label":"PK 17+600","_voie":"LGV2"},"geometry":{"type":"Point","coordinates":[0.6559961560000004,47.19998137999999]}},{"id":"76425","type":"Feature","properties":{"_pk_label":"PK 17+700","_voie":"LGV2"},"geometry":{"type":"Point","coordinates":[0.6559341610000002,47.19908181000001]}},{"id":"76445","type":"Feature","properties":{"_pk_label":"PK 17+800","_voie":"LGV2"},"geometry":{"type":"Point","coordinates":[0.655891367,47.19818172]}},{"id":"76465","type":"Feature","properties":{"_pk_label":"PK 17+900","_voie":"LGV2"},"geometry":{"type":"Point","coordinates":[0.6558677890000003,47.19728128999999]}},{"id":"76505","type":"Feature","properties":{"_pk_label":"PK 18+100","_voie":"LGV2"},"geometry":{"type":"Point","coordinates":[0.6558782809999995,47.195480230000015]}},{"id":"76525","type":"Feature","properties":{"_pk_label":"PK 18+200","_voie":"LGV2"},"geometry":{"type":"Point","coordinates":[0.6559123500000011,47.19457996999999]}},{"id":"76545","type":"Feature","properties":{"_pk_label":"PK 18+300","_voie":"LGV2"},"geometry":{"type":"Point","coordinates":[0.6559656220000006,47.19368013999999]}},{"id":"76565","type":"Feature","properties":{"_pk_label":"PK 18+400","_voie":"LGV2"},"geometry":{"type":"Point","coordinates":[0.6560380890000009,47.19278093]}},{"id":"76585","type":"Feature","properties":{"_pk_label":"PK 18+500","_voie":"LGV2"},"geometry":{"type":"Point","coordinates":[0.6561297330000013,47.191882529999994]}},{"id":"76605","type":"Feature","properties":{"_pk_label":"PK 18+600","_voie":"LGV2"},"geometry":{"type":"Point","coordinates":[0.656240528,47.190985139999995]}},{"id":"76625","type":"Feature","properties":{"_pk_label":"PK 18+700","_voie":"LGV2"},"geometry":{"type":"Point","coordinates":[0.6563704640000004,47.19008894]}},{"id":"76645","type":"Feature","properties":{"_pk_label":"PK 18+800","_voie":"LGV2"},"geometry":{"type":"Point","coordinates":[0.6565194919999999,47.18919412000001]}},{"id":"76665","type":"Feature","properties":{"_pk_label":"PK 18+900","_voie":"LGV2"},"geometry":{"type":"Point","coordinates":[0.6566876060000008,47.188300880000014]}},{"id":"76705","type":"Feature","properties":{"_pk_label":"PK 19+100","_voie":"LGV2"},"geometry":{"type":"Point","coordinates":[0.6570808779999997,47.18651986000002]}},{"id":"76725","type":"Feature","properties":{"_pk_label":"PK 19+200","_voie":"LGV2"},"geometry":{"type":"Point","coordinates":[0.657305964,47.18563246]}},{"id":"76745","type":"Feature","properties":{"_pk_label":"PK 19+300","_voie":"LGV2"},"geometry":{"type":"Point","coordinates":[0.6575499529999999,47.18474738]}},{"id":"76765","type":"Feature","properties":{"_pk_label":"PK 19+400","_voie":"LGV2"},"geometry":{"type":"Point","coordinates":[0.6578127940000005,47.183864830000005]}},{"id":"76785","type":"Feature","properties":{"_pk_label":"PK 19+500","_voie":"LGV2"},"geometry":{"type":"Point","coordinates":[0.6580944140000002,47.18298496]}},{"id":"76805","type":"Feature","properties":{"_pk_label":"PK 19+600","_voie":"LGV2"},"geometry":{"type":"Point","coordinates":[0.6583947780000016,47.18210799]}},{"id":"76825","type":"Feature","properties":{"_pk_label":"PK 19+700","_voie":"LGV2"},"geometry":{"type":"Point","coordinates":[0.6587137970000009,47.18123408000001]}},{"id":"76845","type":"Feature","properties":{"_pk_label":"PK 19+800","_voie":"LGV2"},"geometry":{"type":"Point","coordinates":[0.6590514220000004,47.18036343000001]}},{"id":"76865","type":"Feature","properties":{"_pk_label":"PK 19+900","_voie":"LGV2"},"geometry":{"type":"Point","coordinates":[0.6594075780000009,47.17949621000001]}},{"id":"76905","type":"Feature","properties":{"_pk_label":"PK 20+100","_voie":"LGV2"},"geometry":{"type":"Point","coordinates":[0.6601751470000002,47.177772840000024]}},{"id":"76925","type":"Feature","properties":{"_pk_label":"PK 20+200","_voie":"LGV2"},"geometry":{"type":"Point","coordinates":[0.6605864110000002,47.17691702999999]}},{"id":"76945","type":"Feature","properties":{"_pk_label":"PK 20+300","_voie":"LGV2"},"geometry":{"type":"Point","coordinates":[0.6610158670000009,47.176065400000006]}},{"id":"76965","type":"Feature","properties":{"_pk_label":"PK 20+400","_voie":"LGV2"},"geometry":{"type":"Point","coordinates":[0.6614634390000002,47.17521812000001]}},{"id":"76985","type":"Feature","properties":{"_pk_label":"PK 20+500","_voie":"LGV2"},"geometry":{"type":"Point","coordinates":[0.6619290030000003,47.17437535999999]}},{"id":"77005","type":"Feature","properties":{"_pk_label":"PK 20+600","_voie":"LGV2"},"geometry":{"type":"Point","coordinates":[0.6624124969999995,47.1735373]}},{"id":"77025","type":"Feature","properties":{"_pk_label":"PK 20+700","_voie":"LGV2"},"geometry":{"type":"Point","coordinates":[0.6629137920000003,47.17270413999999]}},{"id":"77045","type":"Feature","properties":{"_pk_label":"PK 20+800","_voie":"LGV2"},"geometry":{"type":"Point","coordinates":[0.6634327890000008,47.17187601999999]}},{"id":"77065","type":"Feature","properties":{"_pk_label":"PK 20+900","_voie":"LGV2"},"geometry":{"type":"Point","coordinates":[0.6639693360000003,47.171053119999996]}},{"id":"77105","type":"Feature","properties":{"_pk_label":"PK 21+100","_voie":"LGV2"},"geometry":{"type":"Point","coordinates":[0.6650824919999999,47.16942004000001]}},{"id":"77125","type":"Feature","properties":{"_pk_label":"PK 21+200","_voie":"LGV2"},"geometry":{"type":"Point","coordinates":[0.6656480690000003,47.16860654]}},{"id":"77145","type":"Feature","properties":{"_pk_label":"PK 21+300","_voie":"LGV2"},"geometry":{"type":"Point","coordinates":[0.666214036000001,47.167793190000005]}},{"id":"77165","type":"Feature","properties":{"_pk_label":"PK 21+400","_voie":"LGV2"},"geometry":{"type":"Point","coordinates":[0.6667799720000003,47.166979819999995]}},{"id":"77185","type":"Feature","properties":{"_pk_label":"PK 21+500","_voie":"LGV2"},"geometry":{"type":"Point","coordinates":[0.6673459030000011,47.16616646]}},{"id":"77205","type":"Feature","properties":{"_pk_label":"PK 21+600","_voie":"LGV2"},"geometry":{"type":"Point","coordinates":[0.6679118030000005,47.16535310000001]}},{"id":"77225","type":"Feature","properties":{"_pk_label":"PK 21+700","_voie":"LGV2"},"geometry":{"type":"Point","coordinates":[0.6684776890000009,47.164539729999994]}},{"id":"77245","type":"Feature","properties":{"_pk_label":"PK 21+800","_voie":"LGV2"},"geometry":{"type":"Point","coordinates":[0.669043569000001,47.16372636000001]}},{"id":"77265","type":"Feature","properties":{"_pk_label":"PK 21+900","_voie":"LGV2"},"geometry":{"type":"Point","coordinates":[0.6696094190000003,47.16291299000001]}},{"id":"77305","type":"Feature","properties":{"_pk_label":"PK 22+100","_voie":"LGV2"},"geometry":{"type":"Point","coordinates":[0.6707410810000006,47.16128623]}},{"id":"77325","type":"Feature","properties":{"_pk_label":"PK 22+200","_voie":"LGV2"},"geometry":{"type":"Point","coordinates":[0.6713068919999998,47.160472850000005]}},{"id":"77345","type":"Feature","properties":{"_pk_label":"PK 22+300","_voie":"LGV2"},"geometry":{"type":"Point","coordinates":[0.6718726720000012,47.15965945999999]}},{"id":"77365","type":"Feature","properties":{"_pk_label":"PK 22+400","_voie":"LGV2"},"geometry":{"type":"Point","coordinates":[0.6724379170000006,47.15884592999999]}},{"id":"77385","type":"Feature","properties":{"_pk_label":"PK 22+500","_voie":"LGV2"},"geometry":{"type":"Point","coordinates":[0.6729985110000006,47.15803102999998]}},{"id":"77405","type":"Feature","properties":{"_pk_label":"PK 22+600","_voie":"LGV2"},"geometry":{"type":"Point","coordinates":[0.6735489030000009,47.157212990000005]}},{"id":"77426","type":"Feature","properties":{"_pk_label":"PK 22+700","_voie":"LGV2"},"geometry":{"type":"Point","coordinates":[0.6740837250000005,47.156390249999994]}},{"id":"77446","type":"Feature","properties":{"_pk_label":"PK 22+800","_voie":"LGV2"},"geometry":{"type":"Point","coordinates":[0.6746009690000003,47.15556231]}},{"id":"77466","type":"Feature","properties":{"_pk_label":"PK 22+900","_voie":"LGV2"},"geometry":{"type":"Point","coordinates":[0.6751004750000009,47.154729319999994]}},{"id":"77506","type":"Feature","properties":{"_pk_label":"PK 23+100","_voie":"LGV2"},"geometry":{"type":"Point","coordinates":[0.6760459110000003,47.15304889]}},{"id":"77526","type":"Feature","properties":{"_pk_label":"PK 23+200","_voie":"LGV2"},"geometry":{"type":"Point","coordinates":[0.6764916440000004,47.15220183000002]}},{"id":"77546","type":"Feature","properties":{"_pk_label":"PK 23+300","_voie":"LGV2"},"geometry":{"type":"Point","coordinates":[0.6769192390000004,47.15135040999999]}},{"id":"77566","type":"Feature","properties":{"_pk_label":"PK 23+400","_voie":"LGV2"},"geometry":{"type":"Point","coordinates":[0.6773286360000007,47.15049486]}},{"id":"77586","type":"Feature","properties":{"_pk_label":"PK 23+500","_voie":"LGV2"},"geometry":{"type":"Point","coordinates":[0.6777197310000007,47.149635329999995]}},{"id":"77606","type":"Feature","properties":{"_pk_label":"PK 23+600","_voie":"LGV2"},"geometry":{"type":"Point","coordinates":[0.6780924420000011,47.14877200000001]}},{"id":"77626","type":"Feature","properties":{"_pk_label":"PK 23+700","_voie":"LGV2"},"geometry":{"type":"Point","coordinates":[0.6784466970000013,47.14790507]}},{"id":"77646","type":"Feature","properties":{"_pk_label":"PK 23+800","_voie":"LGV2"},"geometry":{"type":"Point","coordinates":[0.6787824310000008,47.147034710000014]}},{"id":"77666","type":"Feature","properties":{"_pk_label":"PK 23+900","_voie":"LGV2"},"geometry":{"type":"Point","coordinates":[0.6790995500000008,47.14616110999999]}},{"id":"77706","type":"Feature","properties":{"_pk_label":"PK 24+100","_voie":"LGV2"},"geometry":{"type":"Point","coordinates":[0.6796777310000003,47.14440494]}},{"id":"77726","type":"Feature","properties":{"_pk_label":"PK 24+200","_voie":"LGV2"},"geometry":{"type":"Point","coordinates":[0.6799386749999994,47.14352273]}},{"id":"77746","type":"Feature","properties":{"_pk_label":"PK 24+300","_voie":"LGV2"},"geometry":{"type":"Point","coordinates":[0.6801807640000007,47.14263801999999]}},{"id":"77766","type":"Feature","properties":{"_pk_label":"PK 24+400","_voie":"LGV2"},"geometry":{"type":"Point","coordinates":[0.6804039720000006,47.14175101]}},{"id":"77786","type":"Feature","properties":{"_pk_label":"PK 24+500","_voie":"LGV2"},"geometry":{"type":"Point","coordinates":[0.6806082309999992,47.140861870000016]}},{"id":"77806","type":"Feature","properties":{"_pk_label":"PK 24+600","_voie":"LGV2"},"geometry":{"type":"Point","coordinates":[0.6807935190000008,47.13997080000001]}},{"id":"77826","type":"Feature","properties":{"_pk_label":"PK 24+700","_voie":"LGV2"},"geometry":{"type":"Point","coordinates":[0.6809597750000002,47.139077979999996]}},{"id":"77846","type":"Feature","properties":{"_pk_label":"PK 24+800","_voie":"LGV2"},"geometry":{"type":"Point","coordinates":[0.6811069810000006,47.13818360999999]}},{"id":"77866","type":"Feature","properties":{"_pk_label":"PK 24+900","_voie":"LGV2"},"geometry":{"type":"Point","coordinates":[0.6812351000000003,47.137287879999995]}},{"id":"77906","type":"Feature","properties":{"_pk_label":"PK 25+100","_voie":"LGV2"},"geometry":{"type":"Point","coordinates":[0.6814339999999993,47.135493060000016]}},{"id":"77926","type":"Feature","properties":{"_pk_label":"PK 25+200","_voie":"LGV2"},"geometry":{"type":"Point","coordinates":[0.6815047280000003,47.13459436]}},{"id":"77946","type":"Feature","properties":{"_pk_label":"PK 25+300","_voie":"LGV2"},"geometry":{"type":"Point","coordinates":[0.6815562889999998,47.133695049999986]}},{"id":"77966","type":"Feature","properties":{"_pk_label":"PK 25+400","_voie":"LGV2"},"geometry":{"type":"Point","coordinates":[0.6815886750000002,47.13279532999999]}},{"id":"77986","type":"Feature","properties":{"_pk_label":"PK 25+500","_voie":"LGV2"},"geometry":{"type":"Point","coordinates":[0.6816018810000003,47.13189538]}},{"id":"78006","type":"Feature","properties":{"_pk_label":"PK 25+600","_voie":"LGV2"},"geometry":{"type":"Point","coordinates":[0.681595911,47.130995389999995]}},{"id":"78026","type":"Feature","properties":{"_pk_label":"PK 25+700","_voie":"LGV2"},"geometry":{"type":"Point","coordinates":[0.6815707580000004,47.130095559999994]}},{"id":"78046","type":"Feature","properties":{"_pk_label":"PK 25+800","_voie":"LGV2"},"geometry":{"type":"Point","coordinates":[0.681526428,47.12919606999999]}},{"id":"78066","type":"Feature","properties":{"_pk_label":"PK 25+900","_voie":"LGV2"},"geometry":{"type":"Point","coordinates":[0.6814629419999999,47.12829712]}},{"id":"78106","type":"Feature","properties":{"_pk_label":"PK 26+100","_voie":"LGV2"},"geometry":{"type":"Point","coordinates":[0.6812785310000005,47.12650158]}},{"id":"78126","type":"Feature","properties":{"_pk_label":"PK 26+200","_voie":"LGV2"},"geometry":{"type":"Point","coordinates":[0.681157647,47.12560536]}},{"id":"78146","type":"Feature","properties":{"_pk_label":"PK 26+300","_voie":"LGV2"},"geometry":{"type":"Point","coordinates":[0.6810176810000006,47.124710449999995]}},{"id":"78166","type":"Feature","properties":{"_pk_label":"PK 26+400","_voie":"LGV2"},"geometry":{"type":"Point","coordinates":[0.6808586670000002,47.12381701999999]}},{"id":"78186","type":"Feature","properties":{"_pk_label":"PK 26+500","_voie":"LGV2"},"geometry":{"type":"Point","coordinates":[0.6806806360000007,47.12292526000001]}},{"id":"78206","type":"Feature","properties":{"_pk_label":"PK 26+600","_voie":"LGV2"},"geometry":{"type":"Point","coordinates":[0.6804836360000003,47.12203537]}},{"id":"78226","type":"Feature","properties":{"_pk_label":"PK 26+700","_voie":"LGV2"},"geometry":{"type":"Point","coordinates":[0.6802676860000003,47.121147519999994]}},{"id":"78246","type":"Feature","properties":{"_pk_label":"PK 26+800","_voie":"LGV2"},"geometry":{"type":"Point","coordinates":[0.6800328530000005,47.120261909999996]}},{"id":"78266","type":"Feature","properties":{"_pk_label":"PK 26+900","_voie":"LGV2"},"geometry":{"type":"Point","coordinates":[0.6797791889999995,47.11937873000002]}},{"id":"78306","type":"Feature","properties":{"_pk_label":"PK 27+100","_voie":"LGV2"},"geometry":{"type":"Point","coordinates":[0.679215553,47.11762037]}},{"id":"78326","type":"Feature","properties":{"_pk_label":"PK 27+200","_voie":"LGV2"},"geometry":{"type":"Point","coordinates":[0.6789057140000004,47.11674557999999]}},{"id":"78346","type":"Feature","properties":{"_pk_label":"PK 27+300","_voie":"LGV2"},"geometry":{"type":"Point","coordinates":[0.6785772750000005,47.11587395]}},{"id":"78366","type":"Feature","properties":{"_pk_label":"PK 27+400","_voie":"LGV2"},"geometry":{"type":"Point","coordinates":[0.6782303110000001,47.11500567000001]}},{"id":"78386","type":"Feature","properties":{"_pk_label":"PK 27+500","_voie":"LGV2"},"geometry":{"type":"Point","coordinates":[0.677864894000001,47.11414094]}},{"id":"78406","type":"Feature","properties":{"_pk_label":"PK 27+600","_voie":"LGV2"},"geometry":{"type":"Point","coordinates":[0.6774811060000006,47.11327990999999]}},{"id":"78426","type":"Feature","properties":{"_pk_label":"PK 27+700","_voie":"LGV2"},"geometry":{"type":"Point","coordinates":[0.6770790220000013,47.11242278000001]}},{"id":"78446","type":"Feature","properties":{"_pk_label":"PK 27+800","_voie":"LGV2"},"geometry":{"type":"Point","coordinates":[0.676658739000001,47.11156975]}},{"id":"78466","type":"Feature","properties":{"_pk_label":"PK 27+900","_voie":"LGV2"},"geometry":{"type":"Point","coordinates":[0.6762203310000012,47.11072097000001]}},{"id":"78506","type":"Feature","properties":{"_pk_label":"PK 28+100","_voie":"LGV2"},"geometry":{"type":"Point","coordinates":[0.6752895560000006,47.109036909999986]}},{"id":"78526","type":"Feature","properties":{"_pk_label":"PK 28+200","_voie":"LGV2"},"geometry":{"type":"Point","coordinates":[0.6747973860000005,47.10820199000002]}},{"id":"78546","type":"Feature","properties":{"_pk_label":"PK 28+300","_voie":"LGV2"},"geometry":{"type":"Point","coordinates":[0.6742874860000011,47.107372049999995]}},{"id":"78566","type":"Feature","properties":{"_pk_label":"PK 28+400","_voie":"LGV2"},"geometry":{"type":"Point","coordinates":[0.6737599779999999,47.106547240000005]}},{"id":"78586","type":"Feature","properties":{"_pk_label":"PK 28+500","_voie":"LGV2"},"geometry":{"type":"Point","coordinates":[0.673214975,47.10572776999999]}},{"id":"78606","type":"Feature","properties":{"_pk_label":"PK 28+600","_voie":"LGV2"},"geometry":{"type":"Point","coordinates":[0.672652589,47.10491379]}},{"id":"78626","type":"Feature","properties":{"_pk_label":"PK 28+700","_voie":"LGV2"},"geometry":{"type":"Point","coordinates":[0.6720729440000004,47.10410548]}},{"id":"78646","type":"Feature","properties":{"_pk_label":"PK 28+800","_voie":"LGV2"},"geometry":{"type":"Point","coordinates":[0.6714761560000005,47.103303010000005]}},{"id":"78666","type":"Feature","properties":{"_pk_label":"PK 28+900","_voie":"LGV2"},"geometry":{"type":"Point","coordinates":[0.6708623440000006,47.10250653999999]}},{"id":"78706","type":"Feature","properties":{"_pk_label":"PK 29+100","_voie":"LGV2"},"geometry":{"type":"Point","coordinates":[0.6695842250000003,47.100932300000004]}},{"id":"78726","type":"Feature","properties":{"_pk_label":"PK 29+200","_voie":"LGV2"},"geometry":{"type":"Point","coordinates":[0.668920181000001,47.100154869999976]}},{"id":"78746","type":"Feature","properties":{"_pk_label":"PK 29+300","_voie":"LGV2"},"geometry":{"type":"Point","coordinates":[0.6682396690000008,47.09938410999999]}},{"id":"78766","type":"Feature","properties":{"_pk_label":"PK 29+400","_voie":"LGV2"},"geometry":{"type":"Point","coordinates":[0.6675428309999994,47.09862019000001]}},{"id":"78786","type":"Feature","properties":{"_pk_label":"PK 29+500","_voie":"LGV2"},"geometry":{"type":"Point","coordinates":[0.6668298000000004,47.097863260000004]}},{"id":"78806","type":"Feature","properties":{"_pk_label":"PK 29+600","_voie":"LGV2"},"geometry":{"type":"Point","coordinates":[0.6661007580000008,47.09711349]}},{"id":"78826","type":"Feature","properties":{"_pk_label":"PK 29+700","_voie":"LGV2"},"geometry":{"type":"Point","coordinates":[0.6653558420000008,47.09637103]}},{"id":"78846","type":"Feature","properties":{"_pk_label":"PK 29+800","_voie":"LGV2"},"geometry":{"type":"Point","coordinates":[0.6645952030000003,47.09563604]}},{"id":"78866","type":"Feature","properties":{"_pk_label":"PK 29+900","_voie":"LGV2"},"geometry":{"type":"Point","coordinates":[0.6638190219999994,47.094908690000004]}},{"id":"78906","type":"Feature","properties":{"_pk_label":"PK 30+100","_voie":"LGV2"},"geometry":{"type":"Point","coordinates":[0.6622206500000014,47.09347746999998]}},{"id":"78926","type":"Feature","properties":{"_pk_label":"PK 30+200","_voie":"LGV2"},"geometry":{"type":"Point","coordinates":[0.6613988030000002,47.09277391000001]}},{"id":"78946","type":"Feature","properties":{"_pk_label":"PK 30+300","_voie":"LGV2"},"geometry":{"type":"Point","coordinates":[0.6605620860000004,47.092078589999986]}},{"id":"78966","type":"Feature","properties":{"_pk_label":"PK 30+400","_voie":"LGV2"},"geometry":{"type":"Point","coordinates":[0.6597106640000003,47.09139164]}},{"id":"78986","type":"Feature","properties":{"_pk_label":"PK 30+500","_voie":"LGV2"},"geometry":{"type":"Point","coordinates":[0.6588447309999997,47.09071321999999]}},{"id":"79006","type":"Feature","properties":{"_pk_label":"PK 30+600","_voie":"LGV2"},"geometry":{"type":"Point","coordinates":[0.6579644610000003,47.09004345999999]}},{"id":"79026","type":"Feature","properties":{"_pk_label":"PK 30+700","_voie":"LGV2"},"geometry":{"type":"Point","coordinates":[0.6570700359999998,47.08938251000002]}},{"id":"79046","type":"Feature","properties":{"_pk_label":"PK 30+800","_voie":"LGV2"},"geometry":{"type":"Point","coordinates":[0.6561616610000005,47.08873049999999]}},{"id":"79066","type":"Feature","properties":{"_pk_label":"PK 30+900","_voie":"LGV2"},"geometry":{"type":"Point","coordinates":[0.6552395140000008,47.08808759]}},{"id":"79106","type":"Feature","properties":{"_pk_label":"PK 31+100","_voie":"LGV2"},"geometry":{"type":"Point","coordinates":[0.653354697,47.08682955999999]}},{"id":"79126","type":"Feature","properties":{"_pk_label":"PK 31+200","_voie":"LGV2"},"geometry":{"type":"Point","coordinates":[0.6523924390000001,47.0862147]}},{"id":"79146","type":"Feature","properties":{"_pk_label":"PK 31+300","_voie":"LGV2"},"geometry":{"type":"Point","coordinates":[0.651417203000001,47.08560946]}},{"id":"79166","type":"Feature","properties":{"_pk_label":"PK 31+400","_voie":"LGV2"},"geometry":{"type":"Point","coordinates":[0.6504291940000005,47.08501396999999]}},{"id":"79186","type":"Feature","properties":{"_pk_label":"PK 31+500","_voie":"LGV2"},"geometry":{"type":"Point","coordinates":[0.6494286440000002,47.084428339999995]}},{"id":"79206","type":"Feature","properties":{"_pk_label":"PK 31+600","_voie":"LGV2"},"geometry":{"type":"Point","coordinates":[0.6484157470000004,47.08385272000001]}},{"id":"79226","type":"Feature","properties":{"_pk_label":"PK 31+700","_voie":"LGV2"},"geometry":{"type":"Point","coordinates":[0.6473907189999999,47.083287199999994]}},{"id":"79246","type":"Feature","properties":{"_pk_label":"PK 31+800","_voie":"LGV2"},"geometry":{"type":"Point","coordinates":[0.6463537970000003,47.08273191999999]}},{"id":"79266","type":"Feature","properties":{"_pk_label":"PK 31+900","_voie":"LGV2"},"geometry":{"type":"Point","coordinates":[0.6453051670000005,47.08218699]}},{"id":"79306","type":"Feature","properties":{"_pk_label":"PK 32+100","_voie":"LGV2"},"geometry":{"type":"Point","coordinates":[0.643178231,47.081124040000006]}},{"id":"79326","type":"Feature","properties":{"_pk_label":"PK 32+200","_voie":"LGV2"},"geometry":{"type":"Point","coordinates":[0.642106719,47.08059990000001]}},{"id":"79346","type":"Feature","properties":{"_pk_label":"PK 32+300","_voie":"LGV2"},"geometry":{"type":"Point","coordinates":[0.6410343000000001,47.080076530000014]}},{"id":"79366","type":"Feature","properties":{"_pk_label":"PK 32+400","_voie":"LGV2"},"geometry":{"type":"Point","coordinates":[0.6399619139999999,47.07955314999998]}},{"id":"79386","type":"Feature","properties":{"_pk_label":"PK 32+500","_voie":"LGV2"},"geometry":{"type":"Point","coordinates":[0.6388895470000001,47.079029760000005]}},{"id":"79406","type":"Feature","properties":{"_pk_label":"PK 32+600","_voie":"LGV2"},"geometry":{"type":"Point","coordinates":[0.6378171890000008,47.07850636]}},{"id":"79426","type":"Feature","properties":{"_pk_label":"PK 32+700","_voie":"LGV2"},"geometry":{"type":"Point","coordinates":[0.6367448670000005,47.07798294999999]}},{"id":"79446","type":"Feature","properties":{"_pk_label":"PK 32+800","_voie":"LGV2"},"geometry":{"type":"Point","coordinates":[0.6356725639999999,47.07745952999999]}},{"id":"79466","type":"Feature","properties":{"_pk_label":"PK 32+900","_voie":"LGV2"},"geometry":{"type":"Point","coordinates":[0.6346002670000007,47.07693609999999]}},{"id":"79506","type":"Feature","properties":{"_pk_label":"PK 33+100","_voie":"LGV2"},"geometry":{"type":"Point","coordinates":[0.6324557640000006,47.075889209999985]}},{"id":"79526","type":"Feature","properties":{"_pk_label":"PK 33+200","_voie":"LGV2"},"geometry":{"type":"Point","coordinates":[0.6313835440000002,47.07536575000001]}},{"id":"79546","type":"Feature","properties":{"_pk_label":"PK 33+300","_voie":"LGV2"},"geometry":{"type":"Point","coordinates":[0.6303113330000006,47.07484227999999]}},{"id":"79567","type":"Feature","properties":{"_pk_label":"PK 33+400","_voie":"LGV2"},"geometry":{"type":"Point","coordinates":[0.6292392940000003,47.07431863]}},{"id":"79587","type":"Feature","properties":{"_pk_label":"PK 33+500","_voie":"LGV2"},"geometry":{"type":"Point","coordinates":[0.6281695110000014,47.07379268999999]}},{"id":"79607","type":"Feature","properties":{"_pk_label":"PK 33+600","_voie":"LGV2"},"geometry":{"type":"Point","coordinates":[0.6271055750000001,47.07326108999999]}},{"id":"79627","type":"Feature","properties":{"_pk_label":"PK 33+700","_voie":"LGV2"},"geometry":{"type":"Point","coordinates":[0.6260507330000001,47.07272103]}},{"id":"79647","type":"Feature","properties":{"_pk_label":"PK 33+800","_voie":"LGV2"},"geometry":{"type":"Point","coordinates":[0.6250058670000004,47.07217201000001]}},{"id":"79667","type":"Feature","properties":{"_pk_label":"PK 33+900","_voie":"LGV2"},"geometry":{"type":"Point","coordinates":[0.6239711530000006,47.07161409]}},{"id":"79707","type":"Feature","properties":{"_pk_label":"PK 34+100","_voie":"LGV2"},"geometry":{"type":"Point","coordinates":[0.621932811000001,47.07047194]}},{"id":"79727","type":"Feature","properties":{"_pk_label":"PK 34+200","_voie":"LGV2"},"geometry":{"type":"Point","coordinates":[0.6209295060000004,47.06988788]}},{"id":"79747","type":"Feature","properties":{"_pk_label":"PK 34+300","_voie":"LGV2"},"geometry":{"type":"Point","coordinates":[0.6199369859999999,47.0692953]}},{"id":"79767","type":"Feature","properties":{"_pk_label":"PK 34+400","_voie":"LGV2"},"geometry":{"type":"Point","coordinates":[0.6189554060000013,47.06869428000002]}},{"id":"79787","type":"Feature","properties":{"_pk_label":"PK 34+500","_voie":"LGV2"},"geometry":{"type":"Point","coordinates":[0.6179849190000009,47.06808491]}},{"id":"79807","type":"Feature","properties":{"_pk_label":"PK 34+600","_voie":"LGV2"},"geometry":{"type":"Point","coordinates":[0.6170256690000004,47.06746729]}},{"id":"79827","type":"Feature","properties":{"_pk_label":"PK 34+700","_voie":"LGV2"},"geometry":{"type":"Point","coordinates":[0.6160778360000007,47.06684151]}},{"id":"79847","type":"Feature","properties":{"_pk_label":"PK 34+800","_voie":"LGV2"},"geometry":{"type":"Point","coordinates":[0.6151415310000014,47.06620769]}},{"id":"79868","type":"Feature","properties":{"_pk_label":"PK 34+900","_voie":"LGV2"},"geometry":{"type":"Point","coordinates":[0.614216636,47.065566139999994]}},{"id":"79908","type":"Feature","properties":{"_pk_label":"PK 35+100","_voie":"LGV2"},"geometry":{"type":"Point","coordinates":[0.6123883970000001,47.06426909000001]}},{"id":"79928","type":"Feature","properties":{"_pk_label":"PK 35+200","_voie":"LGV2"},"geometry":{"type":"Point","coordinates":[0.6114770939999999,47.06361883999998]}},{"id":"79948","type":"Feature","properties":{"_pk_label":"PK 35+300","_voie":"LGV2"},"geometry":{"type":"Point","coordinates":[0.6105658280000006,47.06296859]}},{"id":"79968","type":"Feature","properties":{"_pk_label":"PK 35+400","_voie":"LGV2"},"geometry":{"type":"Point","coordinates":[0.6096545690000003,47.06231833]}},{"id":"79988","type":"Feature","properties":{"_pk_label":"PK 35+500","_voie":"LGV2"},"geometry":{"type":"Point","coordinates":[0.6087433469999999,47.06166805]}},{"id":"80008","type":"Feature","properties":{"_pk_label":"PK 35+600","_voie":"LGV2"},"geometry":{"type":"Point","coordinates":[0.6078321330000003,47.06101777999999]}},{"id":"80028","type":"Feature","properties":{"_pk_label":"PK 35+700","_voie":"LGV2"},"geometry":{"type":"Point","coordinates":[0.6069209529999998,47.06036749]}},{"id":"80048","type":"Feature","properties":{"_pk_label":"PK 35+800","_voie":"LGV2"},"geometry":{"type":"Point","coordinates":[0.6060097830000004,47.05971721000001]}},{"id":"80068","type":"Feature","properties":{"_pk_label":"PK 35+900","_voie":"LGV2"},"geometry":{"type":"Point","coordinates":[0.6050986470000009,47.05906689999999]}},{"id":"80108","type":"Feature","properties":{"_pk_label":"PK 36+100","_voie":"LGV2"},"geometry":{"type":"Point","coordinates":[0.6032764310000005,47.05776629]}},{"id":"80128","type":"Feature","properties":{"_pk_label":"PK 36+200","_voie":"LGV2"},"geometry":{"type":"Point","coordinates":[0.6023653469999999,47.05711596000001]}},{"id":"80148","type":"Feature","properties":{"_pk_label":"PK 36+300","_voie":"LGV2"},"geometry":{"type":"Point","coordinates":[0.601454300000001,47.05646563]}},{"id":"80168","type":"Feature","properties":{"_pk_label":"PK 36+400","_voie":"LGV2"},"geometry":{"type":"Point","coordinates":[0.6005432610000004,47.05581529999999]}},{"id":"80188","type":"Feature","properties":{"_pk_label":"PK 36+500","_voie":"LGV2"},"geometry":{"type":"Point","coordinates":[0.5996322580000005,47.055164950000005]}},{"id":"80208","type":"Feature","properties":{"_pk_label":"PK 36+600","_voie":"LGV2"},"geometry":{"type":"Point","coordinates":[0.5987212640000008,47.05451460999999]}},{"id":"80228","type":"Feature","properties":{"_pk_label":"PK 36+700","_voie":"LGV2"},"geometry":{"type":"Point","coordinates":[0.5978103060000008,47.05386424999999]}},{"id":"80248","type":"Feature","properties":{"_pk_label":"PK 36+800","_voie":"LGV2"},"geometry":{"type":"Point","coordinates":[0.5968993530000003,47.05321388]}},{"id":"80268","type":"Feature","properties":{"_pk_label":"PK 36+900","_voie":"LGV2"},"geometry":{"type":"Point","coordinates":[0.595988439000001,47.05256350999999]}},{"id":"80308","type":"Feature","properties":{"_pk_label":"PK 37+100","_voie":"LGV2"},"geometry":{"type":"Point","coordinates":[0.5941666610000006,47.05126273999999]}},{"id":"80328","type":"Feature","properties":{"_pk_label":"PK 37+200","_voie":"LGV2"},"geometry":{"type":"Point","coordinates":[0.5932557969999998,47.05061235000001]}},{"id":"80348","type":"Feature","properties":{"_pk_label":"PK 37+300","_voie":"LGV2"},"geometry":{"type":"Point","coordinates":[0.5923449690000009,47.04996194000002]}},{"id":"80368","type":"Feature","properties":{"_pk_label":"PK 37+400","_voie":"LGV2"},"geometry":{"type":"Point","coordinates":[0.5914341500000005,47.04931154000001]}},{"id":"80388","type":"Feature","properties":{"_pk_label":"PK 37+500","_voie":"LGV2"},"geometry":{"type":"Point","coordinates":[0.5905233670000001,47.04866112]}},{"id":"80408","type":"Feature","properties":{"_pk_label":"PK 37+600","_voie":"LGV2"},"geometry":{"type":"Point","coordinates":[0.5896127139999998,47.048010610000006]}},{"id":"80428","type":"Feature","properties":{"_pk_label":"PK 37+700","_voie":"LGV2"},"geometry":{"type":"Point","coordinates":[0.5887045330000003,47.04735836]}},{"id":"80448","type":"Feature","properties":{"_pk_label":"PK 37+800","_voie":"LGV2"},"geometry":{"type":"Point","coordinates":[0.5878032440000005,47.04670154]}},{"id":"80468","type":"Feature","properties":{"_pk_label":"PK 37+900","_voie":"LGV2"},"geometry":{"type":"Point","coordinates":[0.5869133640000003,47.04603740000001]}},{"id":"80508","type":"Feature","properties":{"_pk_label":"PK 38+100","_voie":"LGV2"},"geometry":{"type":"Point","coordinates":[0.5851762190000012,47.044683060000004]}},{"id":"80528","type":"Feature","properties":{"_pk_label":"PK 38+200","_voie":"LGV2"},"geometry":{"type":"Point","coordinates":[0.5843294749999993,47.04399306]}},{"id":"80548","type":"Feature","properties":{"_pk_label":"PK 38+300","_voie":"LGV2"},"geometry":{"type":"Point","coordinates":[0.5834975310000003,47.043294720000006]}},{"id":"80568","type":"Feature","properties":{"_pk_label":"PK 38+400","_voie":"LGV2"},"geometry":{"type":"Point","coordinates":[0.5826805440000006,47.04258816999999]}},{"id":"80588","type":"Feature","properties":{"_pk_label":"PK 38+500","_voie":"LGV2"},"geometry":{"type":"Point","coordinates":[0.5818787030000006,47.04187356]}},{"id":"80608","type":"Feature","properties":{"_pk_label":"PK 38+600","_voie":"LGV2"},"geometry":{"type":"Point","coordinates":[0.5810921750000004,47.04115106]}},{"id":"80628","type":"Feature","properties":{"_pk_label":"PK 38+700","_voie":"LGV2"},"geometry":{"type":"Point","coordinates":[0.5803211309999999,47.04042079999999]}},{"id":"80648","type":"Feature","properties":{"_pk_label":"PK 38+800","_voie":"LGV2"},"geometry":{"type":"Point","coordinates":[0.5795657170000005,47.03968295999999]}},{"id":"80668","type":"Feature","properties":{"_pk_label":"PK 38+900","_voie":"LGV2"},"geometry":{"type":"Point","coordinates":[0.5788261000000008,47.03893767]}},{"id":"80708","type":"Feature","properties":{"_pk_label":"PK 39+100","_voie":"LGV2"},"geometry":{"type":"Point","coordinates":[0.5773949000000003,47.03742540999999]}},{"id":"80728","type":"Feature","properties":{"_pk_label":"PK 39+200","_voie":"LGV2"},"geometry":{"type":"Point","coordinates":[0.5767036030000005,47.03665877]}},{"id":"80748","type":"Feature","properties":{"_pk_label":"PK 39+300","_voie":"LGV2"},"geometry":{"type":"Point","coordinates":[0.5760287170000005,47.035885319999984]}},{"id":"80768","type":"Feature","properties":{"_pk_label":"PK 39+400","_voie":"LGV2"},"geometry":{"type":"Point","coordinates":[0.5753703810000009,47.03510524]}},{"id":"80788","type":"Feature","properties":{"_pk_label":"PK 39+500","_voie":"LGV2"},"geometry":{"type":"Point","coordinates":[0.5747287170000008,47.03431868999999]}},{"id":"80808","type":"Feature","properties":{"_pk_label":"PK 39+600","_voie":"LGV2"},"geometry":{"type":"Point","coordinates":[0.574103875000001,47.03352585]}},{"id":"80828","type":"Feature","properties":{"_pk_label":"PK 39+700","_voie":"LGV2"},"geometry":{"type":"Point","coordinates":[0.5734959920000006,47.032726870000005]}},{"id":"80848","type":"Feature","properties":{"_pk_label":"PK 39+800","_voie":"LGV2"},"geometry":{"type":"Point","coordinates":[0.5729051810000007,47.031921919999995]}},{"id":"80868","type":"Feature","properties":{"_pk_label":"PK 39+900","_voie":"LGV2"},"geometry":{"type":"Point","coordinates":[0.572331575000001,47.03111117999999]}},{"id":"80908","type":"Feature","properties":{"_pk_label":"PK 40+100","_voie":"LGV2"},"geometry":{"type":"Point","coordinates":[0.5712362639999997,47.02947309]}},{"id":"80928","type":"Feature","properties":{"_pk_label":"PK 40+200","_voie":"LGV2"},"geometry":{"type":"Point","coordinates":[0.5707114500000002,47.02864716]}},{"id":"80948","type":"Feature","properties":{"_pk_label":"PK 40+300","_voie":"LGV2"},"geometry":{"type":"Point","coordinates":[0.5701953390000004,47.02781877000002]}},{"id":"80968","type":"Feature","properties":{"_pk_label":"PK 40+400","_voie":"LGV2"},"geometry":{"type":"Point","coordinates":[0.5696823749999995,47.02698955999998]}},{"id":"80988","type":"Feature","properties":{"_pk_label":"PK 40+500","_voie":"LGV2"},"geometry":{"type":"Point","coordinates":[0.5691695610000006,47.026160309999995]}},{"id":"81008","type":"Feature","properties":{"_pk_label":"PK 40+600","_voie":"LGV2"},"geometry":{"type":"Point","coordinates":[0.5686567750000004,47.02533108]}},{"id":"81028","type":"Feature","properties":{"_pk_label":"PK 40+700","_voie":"LGV2"},"geometry":{"type":"Point","coordinates":[0.5681440060000004,47.02450182999999]}},{"id":"81048","type":"Feature","properties":{"_pk_label":"PK 40+800","_voie":"LGV2"},"geometry":{"type":"Point","coordinates":[0.567631250000001,47.02367258]}},{"id":"81068","type":"Feature","properties":{"_pk_label":"PK 40+900","_voie":"LGV2"},"geometry":{"type":"Point","coordinates":[0.5671185110000004,47.02284333]}},{"id":"81108","type":"Feature","properties":{"_pk_label":"PK 41+100","_voie":"LGV2"},"geometry":{"type":"Point","coordinates":[0.5660930830000006,47.02118482]}},{"id":"81128","type":"Feature","properties":{"_pk_label":"PK 41+200","_voie":"LGV2"},"geometry":{"type":"Point","coordinates":[0.565580392000001,47.020355559999985]}},{"id":"81148","type":"Feature","properties":{"_pk_label":"PK 41+300","_voie":"LGV2"},"geometry":{"type":"Point","coordinates":[0.5650677170000008,47.0195263]}},{"id":"81168","type":"Feature","properties":{"_pk_label":"PK 41+400","_voie":"LGV2"},"geometry":{"type":"Point","coordinates":[0.564555056,47.01869704]}},{"id":"81188","type":"Feature","properties":{"_pk_label":"PK 41+500","_voie":"LGV2"},"geometry":{"type":"Point","coordinates":[0.5640424000000009,47.01786778000002]}},{"id":"81208","type":"Feature","properties":{"_pk_label":"PK 41+600","_voie":"LGV2"},"geometry":{"type":"Point","coordinates":[0.5635297720000007,47.017038499999984]}},{"id":"81228","type":"Feature","properties":{"_pk_label":"PK 41+700","_voie":"LGV2"},"geometry":{"type":"Point","coordinates":[0.5630171580000002,47.016209230000015]}},{"id":"81248","type":"Feature","properties":{"_pk_label":"PK 41+800","_voie":"LGV2"},"geometry":{"type":"Point","coordinates":[0.5625045610000005,47.01537995999998]}},{"id":"81268","type":"Feature","properties":{"_pk_label":"PK 41+900","_voie":"LGV2"},"geometry":{"type":"Point","coordinates":[0.5619919809999999,47.014550680000006]}},{"id":"81308","type":"Feature","properties":{"_pk_label":"PK 42+100","_voie":"LGV2"},"geometry":{"type":"Point","coordinates":[0.5609668670000006,47.01289213]}},{"id":"81328","type":"Feature","properties":{"_pk_label":"PK 42+200","_voie":"LGV2"},"geometry":{"type":"Point","coordinates":[0.5604540639999994,47.01206294]}},{"id":"81348","type":"Feature","properties":{"_pk_label":"PK 42+300","_voie":"LGV2"},"geometry":{"type":"Point","coordinates":[0.5599374170000012,47.01123497999999]}},{"id":"81368","type":"Feature","properties":{"_pk_label":"PK 42+400","_voie":"LGV2"},"geometry":{"type":"Point","coordinates":[0.5594111310000002,47.01040997999999]}},{"id":"81388","type":"Feature","properties":{"_pk_label":"PK 42+500","_voie":"LGV2"},"geometry":{"type":"Point","coordinates":[0.5588694360000005,47.00958976]}},{"id":"81408","type":"Feature","properties":{"_pk_label":"PK 42+600","_voie":"LGV2"},"geometry":{"type":"Point","coordinates":[0.5583081000000009,47.008775799999995]}},{"id":"81428","type":"Feature","properties":{"_pk_label":"PK 42+700","_voie":"LGV2"},"geometry":{"type":"Point","coordinates":[0.5577266920000004,47.007968450000014]}},{"id":"81448","type":"Feature","properties":{"_pk_label":"PK 42+800","_voie":"LGV2"},"geometry":{"type":"Point","coordinates":[0.5571253940000003,47.00716796]}},{"id":"81468","type":"Feature","properties":{"_pk_label":"PK 42+900","_voie":"LGV2"},"geometry":{"type":"Point","coordinates":[0.5565043610000009,47.00637454999999]}},{"id":"81508","type":"Feature","properties":{"_pk_label":"PK 43+100","_voie":"LGV2"},"geometry":{"type":"Point","coordinates":[0.5552038109999999,47.00480989000001]}},{"id":"81528","type":"Feature","properties":{"_pk_label":"PK 43+200","_voie":"LGV2"},"geometry":{"type":"Point","coordinates":[0.5545246859999999,47.00403908]}},{"id":"81548","type":"Feature","properties":{"_pk_label":"PK 43+300","_voie":"LGV2"},"geometry":{"type":"Point","coordinates":[0.5538265860000009,47.003276259999986]}},{"id":"81568","type":"Feature","properties":{"_pk_label":"PK 43+400","_voie":"LGV2"},"geometry":{"type":"Point","coordinates":[0.553109703,47.00252163000001]}},{"id":"81588","type":"Feature","properties":{"_pk_label":"PK 43+500","_voie":"LGV2"},"geometry":{"type":"Point","coordinates":[0.5523742440000012,47.001775429999995]}},{"id":"81608","type":"Feature","properties":{"_pk_label":"PK 43+600","_voie":"LGV2"},"geometry":{"type":"Point","coordinates":[0.5516204190000004,47.00103784000001]}},{"id":"81628","type":"Feature","properties":{"_pk_label":"PK 43+700","_voie":"LGV2"},"geometry":{"type":"Point","coordinates":[0.5508484640000003,47.000309099999996]}},{"id":"81648","type":"Feature","properties":{"_pk_label":"PK 43+800","_voie":"LGV2"},"geometry":{"type":"Point","coordinates":[0.5500585780000005,46.99958942]}},{"id":"81668","type":"Feature","properties":{"_pk_label":"PK 43+900","_voie":"LGV2"},"geometry":{"type":"Point","coordinates":[0.5492509940000004,46.998878979999986]}},{"id":"81708","type":"Feature","properties":{"_pk_label":"PK 44+100","_voie":"LGV2"},"geometry":{"type":"Point","coordinates":[0.5475836940000008,46.99748669999999]}},{"id":"81728","type":"Feature","properties":{"_pk_label":"PK 44+200","_voie":"LGV2"},"geometry":{"type":"Point","coordinates":[0.5467244440000002,46.99680524]}},{"id":"81748","type":"Feature","properties":{"_pk_label":"PK 44+300","_voie":"LGV2"},"geometry":{"type":"Point","coordinates":[0.5458484640000006,46.996133840000006]}},{"id":"81768","type":"Feature","properties":{"_pk_label":"PK 44+400","_voie":"LGV2"},"geometry":{"type":"Point","coordinates":[0.5449571560000003,46.99547187]}},{"id":"81788","type":"Feature","properties":{"_pk_label":"PK 44+500","_voie":"LGV2"},"geometry":{"type":"Point","coordinates":[0.5440548830000003,46.99481674]}},{"id":"81808","type":"Feature","properties":{"_pk_label":"PK 44+600","_voie":"LGV2"},"geometry":{"type":"Point","coordinates":[0.5431463560000007,46.99416555]}},{"id":"81828","type":"Feature","properties":{"_pk_label":"PK 44+700","_voie":"LGV2"},"geometry":{"type":"Point","coordinates":[0.5422360110000006,46.993515439999996]}},{"id":"81848","type":"Feature","properties":{"_pk_label":"PK 44+800","_voie":"LGV2"},"geometry":{"type":"Point","coordinates":[0.5413256470000003,46.992865359999996]}},{"id":"81868","type":"Feature","properties":{"_pk_label":"PK 44+900","_voie":"LGV2"},"geometry":{"type":"Point","coordinates":[0.5404153060000002,46.99221526]}},{"id":"81908","type":"Feature","properties":{"_pk_label":"PK 45+100","_voie":"LGV2"},"geometry":{"type":"Point","coordinates":[0.5385946890000005,46.99091503999998]}},{"id":"81928","type":"Feature","properties":{"_pk_label":"PK 45+200","_voie":"LGV2"},"geometry":{"type":"Point","coordinates":[0.5376844139999999,46.990264909999986]}},{"id":"81948","type":"Feature","properties":{"_pk_label":"PK 45+300","_voie":"LGV2"},"geometry":{"type":"Point","coordinates":[0.5367739559999992,46.98961495999999]}},{"id":"81968","type":"Feature","properties":{"_pk_label":"PK 45+400","_voie":"LGV2"},"geometry":{"type":"Point","coordinates":[0.5358605670000006,46.98896705000001]}},{"id":"81988","type":"Feature","properties":{"_pk_label":"PK 45+500","_voie":"LGV2"},"geometry":{"type":"Point","coordinates":[0.5349399190000004,46.98832412]}},{"id":"82008","type":"Feature","properties":{"_pk_label":"PK 45+600","_voie":"LGV2"},"geometry":{"type":"Point","coordinates":[0.534008408000001,46.987688629999994]}},{"id":"82028","type":"Feature","properties":{"_pk_label":"PK 45+700","_voie":"LGV2"},"geometry":{"type":"Point","coordinates":[0.5330653890000004,46.98706114999999]}},{"id":"82048","type":"Feature","properties":{"_pk_label":"PK 45+800","_voie":"LGV2"},"geometry":{"type":"Point","coordinates":[0.5321109919999997,46.98644179]}},{"id":"82068","type":"Feature","properties":{"_pk_label":"PK 45+900","_voie":"LGV2"},"geometry":{"type":"Point","coordinates":[0.5311453810000004,46.985830629999995]}},{"id":"82108","type":"Feature","properties":{"_pk_label":"PK 46+100","_voie":"LGV2"},"geometry":{"type":"Point","coordinates":[0.5291811190000001,46.984633290000005]}},{"id":"82128","type":"Feature","properties":{"_pk_label":"PK 46+200","_voie":"LGV2"},"geometry":{"type":"Point","coordinates":[0.5281827779999999,46.9840473]}},{"id":"82148","type":"Feature","properties":{"_pk_label":"PK 46+300","_voie":"LGV2"},"geometry":{"type":"Point","coordinates":[0.5271738220000002,46.98346989]}},{"id":"82168","type":"Feature","properties":{"_pk_label":"PK 46+400","_voie":"LGV2"},"geometry":{"type":"Point","coordinates":[0.5261544250000008,46.98290114999998]}},{"id":"82188","type":"Feature","properties":{"_pk_label":"PK 46+500","_voie":"LGV2"},"geometry":{"type":"Point","coordinates":[0.5251247470000012,46.98234115999998]}},{"id":"82208","type":"Feature","properties":{"_pk_label":"PK 46+600","_voie":"LGV2"},"geometry":{"type":"Point","coordinates":[0.5240849330000003,46.98179001]}},{"id":"82228","type":"Feature","properties":{"_pk_label":"PK 46+700","_voie":"LGV2"},"geometry":{"type":"Point","coordinates":[0.5230351579999999,46.98124779999999]}},{"id":"82248","type":"Feature","properties":{"_pk_label":"PK 46+800","_voie":"LGV2"},"geometry":{"type":"Point","coordinates":[0.5219755830000006,46.98071458999999]}},{"id":"82268","type":"Feature","properties":{"_pk_label":"PK 46+900","_voie":"LGV2"},"geometry":{"type":"Point","coordinates":[0.5209063720000002,46.98019049]}},{"id":"82308","type":"Feature","properties":{"_pk_label":"PK 47+100","_voie":"LGV2"},"geometry":{"type":"Point","coordinates":[0.5187397190000006,46.97916985999999]}},{"id":"82328","type":"Feature","properties":{"_pk_label":"PK 47+200","_voie":"LGV2"},"geometry":{"type":"Point","coordinates":[0.517643669,46.9786723]}},{"id":"82348","type":"Feature","properties":{"_pk_label":"PK 47+300","_voie":"LGV2"},"geometry":{"type":"Point","coordinates":[0.5165427560000002,46.97817962]}},{"id":"82368","type":"Feature","properties":{"_pk_label":"PK 47+400","_voie":"LGV2"},"geometry":{"type":"Point","coordinates":[0.5154402640000013,46.97768847999999]}},{"id":"82388","type":"Feature","properties":{"_pk_label":"PK 47+500","_voie":"LGV2"},"geometry":{"type":"Point","coordinates":[0.5143377250000005,46.97719735]}},{"id":"82408","type":"Feature","properties":{"_pk_label":"PK 47+600","_voie":"LGV2"},"geometry":{"type":"Point","coordinates":[0.5132352189999999,46.976706220000004]}},{"id":"82428","type":"Feature","properties":{"_pk_label":"PK 47+700","_voie":"LGV2"},"geometry":{"type":"Point","coordinates":[0.5121327329999994,46.97621507]}},{"id":"82448","type":"Feature","properties":{"_pk_label":"PK 47+800","_voie":"LGV2"},"geometry":{"type":"Point","coordinates":[0.5110302669999998,46.97572392]}},{"id":"82468","type":"Feature","properties":{"_pk_label":"PK 47+900","_voie":"LGV2"},"geometry":{"type":"Point","coordinates":[0.5099278220000009,46.975232749999996]}},{"id":"82508","type":"Feature","properties":{"_pk_label":"PK 48+100","_voie":"LGV2"},"geometry":{"type":"Point","coordinates":[0.507722992000001,46.974250389999995]}},{"id":"82528","type":"Feature","properties":{"_pk_label":"PK 48+200","_voie":"LGV2"},"geometry":{"type":"Point","coordinates":[0.5066206060000011,46.97375918999998]}},{"id":"82548","type":"Feature","properties":{"_pk_label":"PK 48+300","_voie":"LGV2"},"geometry":{"type":"Point","coordinates":[0.505518228,46.973267979999996]}},{"id":"82568","type":"Feature","properties":{"_pk_label":"PK 48+400","_voie":"LGV2"},"geometry":{"type":"Point","coordinates":[0.5044158830000005,46.97277676]}},{"id":"82588","type":"Feature","properties":{"_pk_label":"PK 48+500","_voie":"LGV2"},"geometry":{"type":"Point","coordinates":[0.5033135580000008,46.97228552999998]}},{"id":"82608","type":"Feature","properties":{"_pk_label":"PK 48+600","_voie":"LGV2"},"geometry":{"type":"Point","coordinates":[0.5022112530000008,46.97179428999999]}},{"id":"82628","type":"Feature","properties":{"_pk_label":"PK 48+700","_voie":"LGV2"},"geometry":{"type":"Point","coordinates":[0.5011089670000012,46.97130304000001]}},{"id":"82648","type":"Feature","properties":{"_pk_label":"PK 48+800","_voie":"LGV2"},"geometry":{"type":"Point","coordinates":[0.5000067030000004,46.97081177999999]}},{"id":"82668","type":"Feature","properties":{"_pk_label":"PK 48+900","_voie":"LGV2"},"geometry":{"type":"Point","coordinates":[0.4989044579999996,46.97032048]}},{"id":"82708","type":"Feature","properties":{"_pk_label":"PK 49+100","_voie":"LGV2"},"geometry":{"type":"Point","coordinates":[0.49670665800000124,46.96933055000001]}},{"id":"82728","type":"Feature","properties":{"_pk_label":"PK 49+200","_voie":"LGV2"},"geometry":{"type":"Point","coordinates":[0.49561772200000015,46.96882513]}},{"id":"82748","type":"Feature","properties":{"_pk_label":"PK 49+300","_voie":"LGV2"},"geometry":{"type":"Point","coordinates":[0.49453933299999914,46.96830918]}},{"id":"82768","type":"Feature","properties":{"_pk_label":"PK 49+400","_voie":"LGV2"},"geometry":{"type":"Point","coordinates":[0.4934720390000004,46.96778255000001]}},{"id":"82788","type":"Feature","properties":{"_pk_label":"PK 49+500","_voie":"LGV2"},"geometry":{"type":"Point","coordinates":[0.4924160610000008,46.96724533999998]}},{"id":"82808","type":"Feature","properties":{"_pk_label":"PK 49+600","_voie":"LGV2"},"geometry":{"type":"Point","coordinates":[0.4913716310000002,46.966697659999994]}},{"id":"82828","type":"Feature","properties":{"_pk_label":"PK 49+700","_voie":"LGV2"},"geometry":{"type":"Point","coordinates":[0.49033897800000065,46.96613961999999]}},{"id":"82848","type":"Feature","properties":{"_pk_label":"PK 49+800","_voie":"LGV2"},"geometry":{"type":"Point","coordinates":[0.4893182940000002,46.96557135999999]}},{"id":"82868","type":"Feature","properties":{"_pk_label":"PK 49+900","_voie":"LGV2"},"geometry":{"type":"Point","coordinates":[0.488309825,46.96499298000001]}},{"id":"82908","type":"Feature","properties":{"_pk_label":"PK 50+100","_voie":"LGV2"},"geometry":{"type":"Point","coordinates":[0.48633035600000135,46.96380639]}},{"id":"82928","type":"Feature","properties":{"_pk_label":"PK 50+200","_voie":"LGV2"},"geometry":{"type":"Point","coordinates":[0.485359764000001,46.96319841999999]}},{"id":"82948","type":"Feature","properties":{"_pk_label":"PK 50+300","_voie":"LGV2"},"geometry":{"type":"Point","coordinates":[0.4844022190000003,46.96258085000001]}},{"id":"82968","type":"Feature","properties":{"_pk_label":"PK 50+400","_voie":"LGV2"},"geometry":{"type":"Point","coordinates":[0.4834579109999999,46.96195379]}},{"id":"82988","type":"Feature","properties":{"_pk_label":"PK 50+500","_voie":"LGV2"},"geometry":{"type":"Point","coordinates":[0.4825270500000009,46.96131739]}},{"id":"83008","type":"Feature","properties":{"_pk_label":"PK 50+600","_voie":"LGV2"},"geometry":{"type":"Point","coordinates":[0.4816098330000001,46.96067178]}},{"id":"83028","type":"Feature","properties":{"_pk_label":"PK 50+700","_voie":"LGV2"},"geometry":{"type":"Point","coordinates":[0.4807064580000007,46.96001709999999]}},{"id":"83048","type":"Feature","properties":{"_pk_label":"PK 50+800","_voie":"LGV2"},"geometry":{"type":"Point","coordinates":[0.47981708300000064,46.95935349999999]}},{"id":"83068","type":"Feature","properties":{"_pk_label":"PK 50+900","_voie":"LGV2"},"geometry":{"type":"Point","coordinates":[0.47894063900000017,46.95868197]}},{"id":"83108","type":"Feature","properties":{"_pk_label":"PK 51+100","_voie":"LGV2"},"geometry":{"type":"Point","coordinates":[0.47720975800000054,46.957325989999994]}},{"id":"83128","type":"Feature","properties":{"_pk_label":"PK 51+200","_voie":"LGV2"},"geometry":{"type":"Point","coordinates":[0.4763470920000008,46.95664647]}},{"id":"83148","type":"Feature","properties":{"_pk_label":"PK 51+300","_voie":"LGV2"},"geometry":{"type":"Point","coordinates":[0.47548444700000103,46.955966939999996]}},{"id":"83168","type":"Feature","properties":{"_pk_label":"PK 51+400","_voie":"LGV2"},"geometry":{"type":"Point","coordinates":[0.4746218249999999,46.955287399999996]}},{"id":"83188","type":"Feature","properties":{"_pk_label":"PK 51+500","_voie":"LGV2"},"geometry":{"type":"Point","coordinates":[0.47375922199999954,46.95460786]}},{"id":"83208","type":"Feature","properties":{"_pk_label":"PK 51+600","_voie":"LGV2"},"geometry":{"type":"Point","coordinates":[0.4728966309999994,46.95392831]}},{"id":"83229","type":"Feature","properties":{"_pk_label":"PK 51+700","_voie":"LGV2"},"geometry":{"type":"Point","coordinates":[0.4720342750000002,46.95324861]}},{"id":"83249","type":"Feature","properties":{"_pk_label":"PK 51+800","_voie":"LGV2"},"geometry":{"type":"Point","coordinates":[0.4711749000000003,46.952567030000004]}},{"id":"83269","type":"Feature","properties":{"_pk_label":"PK 51+900","_voie":"LGV2"},"geometry":{"type":"Point","coordinates":[0.47032316700000065,46.951880849999995]}},{"id":"83309","type":"Feature","properties":{"_pk_label":"PK 52+100","_voie":"LGV2"},"geometry":{"type":"Point","coordinates":[0.4686590080000013,46.950485929999985]}},{"id":"83329","type":"Feature","properties":{"_pk_label":"PK 52+200","_voie":"LGV2"},"geometry":{"type":"Point","coordinates":[0.46784931400000046,46.94977619]}},{"id":"83349","type":"Feature","properties":{"_pk_label":"PK 52+300","_voie":"LGV2"},"geometry":{"type":"Point","coordinates":[0.4670548000000004,46.94905846]}},{"id":"83369","type":"Feature","properties":{"_pk_label":"PK 52+400","_voie":"LGV2"},"geometry":{"type":"Point","coordinates":[0.46627563300000024,46.948332889999996]}},{"id":"83389","type":"Feature","properties":{"_pk_label":"PK 52+500","_voie":"LGV2"},"geometry":{"type":"Point","coordinates":[0.46551198599999993,46.947599619999984]}},{"id":"83409","type":"Feature","properties":{"_pk_label":"PK 52+600","_voie":"LGV2"},"geometry":{"type":"Point","coordinates":[0.46476401399999984,46.946858830000004]}},{"id":"83429","type":"Feature","properties":{"_pk_label":"PK 52+700","_voie":"LGV2"},"geometry":{"type":"Point","coordinates":[0.4640318750000003,46.94611065]}},{"id":"83449","type":"Feature","properties":{"_pk_label":"PK 52+800","_voie":"LGV2"},"geometry":{"type":"Point","coordinates":[0.46331571900000046,46.945355259999985]}},{"id":"83469","type":"Feature","properties":{"_pk_label":"PK 52+900","_voie":"LGV2"},"geometry":{"type":"Point","coordinates":[0.46261570300000115,46.94459280999999]}},{"id":"83509","type":"Feature","properties":{"_pk_label":"PK 53+100","_voie":"LGV2"},"geometry":{"type":"Point","coordinates":[0.4612646830000005,46.94304738]}},{"id":"83529","type":"Feature","properties":{"_pk_label":"PK 53+200","_voie":"LGV2"},"geometry":{"type":"Point","coordinates":[0.46061395800000077,46.94226474]}},{"id":"83549","type":"Feature","properties":{"_pk_label":"PK 53+300","_voie":"LGV2"},"geometry":{"type":"Point","coordinates":[0.45997993900000106,46.94147568]}},{"id":"83569","type":"Feature","properties":{"_pk_label":"PK 53+400","_voie":"LGV2"},"geometry":{"type":"Point","coordinates":[0.45936276400000114,46.940680390000004]}},{"id":"83589","type":"Feature","properties":{"_pk_label":"PK 53+500","_voie":"LGV2"},"geometry":{"type":"Point","coordinates":[0.4587625720000004,46.939879039999994]}},{"id":"83609","type":"Feature","properties":{"_pk_label":"PK 53+600","_voie":"LGV2"},"geometry":{"type":"Point","coordinates":[0.4581794670000004,46.93907179]}},{"id":"83629","type":"Feature","properties":{"_pk_label":"PK 53+700","_voie":"LGV2"},"geometry":{"type":"Point","coordinates":[0.4576135889999995,46.93825881000001]}},{"id":"83649","type":"Feature","properties":{"_pk_label":"PK 53+800","_voie":"LGV2"},"geometry":{"type":"Point","coordinates":[0.4570650499999998,46.937440269999996]}},{"id":"83669","type":"Feature","properties":{"_pk_label":"PK 53+900","_voie":"LGV2"},"geometry":{"type":"Point","coordinates":[0.4565339669999999,46.93661636]}},{"id":"83709","type":"Feature","properties":{"_pk_label":"PK 54+100","_voie":"LGV2"},"geometry":{"type":"Point","coordinates":[0.45552420000000016,46.934953230000005]}},{"id":"83729","type":"Feature","properties":{"_pk_label":"PK 54+200","_voie":"LGV2"},"geometry":{"type":"Point","coordinates":[0.4550413920000009,46.93411561999999]}},{"id":"83749","type":"Feature","properties":{"_pk_label":"PK 54+300","_voie":"LGV2"},"geometry":{"type":"Point","coordinates":[0.45456636899999975,46.93327604000002]}},{"id":"83770","type":"Feature","properties":{"_pk_label":"PK 54+400","_voie":"LGV2"},"geometry":{"type":"Point","coordinates":[0.45409367500000114,46.932435909999995]}},{"id":"83790","type":"Feature","properties":{"_pk_label":"PK 54+500","_voie":"LGV2"},"geometry":{"type":"Point","coordinates":[0.45362103600000114,46.93159577]}},{"id":"83810","type":"Feature","properties":{"_pk_label":"PK 54+600","_voie":"LGV2"},"geometry":{"type":"Point","coordinates":[0.45314841100000053,46.930755639999994]}},{"id":"83830","type":"Feature","properties":{"_pk_label":"PK 54+700","_voie":"LGV2"},"geometry":{"type":"Point","coordinates":[0.452674800000001,46.92991582]}},{"id":"83850","type":"Feature","properties":{"_pk_label":"PK 54+800","_voie":"LGV2"},"geometry":{"type":"Point","coordinates":[0.4521953779999996,46.92907765999999]}},{"id":"83870","type":"Feature","properties":{"_pk_label":"PK 54+900","_voie":"LGV2"},"geometry":{"type":"Point","coordinates":[0.4517044720000014,46.928242729999994]}},{"id":"83910","type":"Feature","properties":{"_pk_label":"PK 55+100","_voie":"LGV2"},"geometry":{"type":"Point","coordinates":[0.45067230300000083,46.926587360000006]}},{"id":"83930","type":"Feature","properties":{"_pk_label":"PK 55+200","_voie":"LGV2"},"geometry":{"type":"Point","coordinates":[0.45012998600000037,46.92576757]}},{"id":"83950","type":"Feature","properties":{"_pk_label":"PK 55+300","_voie":"LGV2"},"geometry":{"type":"Point","coordinates":[0.4495703470000003,46.924953249999994]}},{"id":"83970","type":"Feature","properties":{"_pk_label":"PK 55+400","_voie":"LGV2"},"geometry":{"type":"Point","coordinates":[0.44899349400000066,46.9241446]}},{"id":"83990","type":"Feature","properties":{"_pk_label":"PK 55+500","_voie":"LGV2"},"geometry":{"type":"Point","coordinates":[0.4483995560000012,46.92334177999998]}},{"id":"84010","type":"Feature","properties":{"_pk_label":"PK 55+600","_voie":"LGV2"},"geometry":{"type":"Point","coordinates":[0.4477886530000006,46.92254496]}},{"id":"84030","type":"Feature","properties":{"_pk_label":"PK 55+700","_voie":"LGV2"},"geometry":{"type":"Point","coordinates":[0.44716090800000063,46.921754310000004]}},{"id":"84050","type":"Feature","properties":{"_pk_label":"PK 55+800","_voie":"LGV2"},"geometry":{"type":"Point","coordinates":[0.4465164750000004,46.92096999]}},{"id":"84070","type":"Feature","properties":{"_pk_label":"PK 55+900","_voie":"LGV2"},"geometry":{"type":"Point","coordinates":[0.44585547800000097,46.920192179999994]}},{"id":"84110","type":"Feature","properties":{"_pk_label":"PK 56+100","_voie":"LGV2"},"geometry":{"type":"Point","coordinates":[0.44448496700000045,46.91865640000001]}},{"id":"84130","type":"Feature","properties":{"_pk_label":"PK 56+200","_voie":"LGV2"},"geometry":{"type":"Point","coordinates":[0.44378032500000136,46.91789662999998]}},{"id":"84150","type":"Feature","properties":{"_pk_label":"PK 56+300","_voie":"LGV2"},"geometry":{"type":"Point","coordinates":[0.443069375000001,46.91713952]}},{"id":"84170","type":"Feature","properties":{"_pk_label":"PK 56+400","_voie":"LGV2"},"geometry":{"type":"Point","coordinates":[0.44235686099999993,46.91638302]}},{"id":"84190","type":"Feature","properties":{"_pk_label":"PK 56+500","_voie":"LGV2"},"geometry":{"type":"Point","coordinates":[0.4416443560000005,46.91562650999999]}},{"id":"84210","type":"Feature","properties":{"_pk_label":"PK 56+600","_voie":"LGV2"},"geometry":{"type":"Point","coordinates":[0.44093188100000036,46.914870009999994]}},{"id":"84231","type":"Feature","properties":{"_pk_label":"PK 56+700","_voie":"LGV2"},"geometry":{"type":"Point","coordinates":[0.4402196310000013,46.91411337999998]}},{"id":"84251","type":"Feature","properties":{"_pk_label":"PK 56+800","_voie":"LGV2"},"geometry":{"type":"Point","coordinates":[0.4395107080000007,46.91335518]}},{"id":"84271","type":"Feature","properties":{"_pk_label":"PK 56+900","_voie":"LGV2"},"geometry":{"type":"Point","coordinates":[0.43881025600000056,46.91259320000001]}},{"id":"84311","type":"Feature","properties":{"_pk_label":"PK 57+100","_voie":"LGV2"},"geometry":{"type":"Point","coordinates":[0.43745253599999995,46.91105086000001]}},{"id":"84331","type":"Feature","properties":{"_pk_label":"PK 57+200","_voie":"LGV2"},"geometry":{"type":"Point","coordinates":[0.4367979170000001,46.910269889999995]}},{"id":"84351","type":"Feature","properties":{"_pk_label":"PK 57+300","_voie":"LGV2"},"geometry":{"type":"Point","coordinates":[0.4361596669999998,46.90948259000002]}},{"id":"84371","type":"Feature","properties":{"_pk_label":"PK 57+400","_voie":"LGV2"},"geometry":{"type":"Point","coordinates":[0.43553791100000083,46.908689110000005]}},{"id":"84391","type":"Feature","properties":{"_pk_label":"PK 57+500","_voie":"LGV2"},"geometry":{"type":"Point","coordinates":[0.434932769,46.907889620000006]}},{"id":"84411","type":"Feature","properties":{"_pk_label":"PK 57+600","_voie":"LGV2"},"geometry":{"type":"Point","coordinates":[0.4343443809999997,46.90708428]}},{"id":"84431","type":"Feature","properties":{"_pk_label":"PK 57+700","_voie":"LGV2"},"geometry":{"type":"Point","coordinates":[0.43377285300000057,46.90627326999999]}},{"id":"84451","type":"Feature","properties":{"_pk_label":"PK 57+800","_voie":"LGV2"},"geometry":{"type":"Point","coordinates":[0.4332170249999999,46.90545720999999]}},{"id":"84471","type":"Feature","properties":{"_pk_label":"PK 57+900","_voie":"LGV2"},"geometry":{"type":"Point","coordinates":[0.43267206100000055,46.904637819999984]}},{"id":"84511","type":"Feature","properties":{"_pk_label":"PK 58+100","_voie":"LGV2"},"geometry":{"type":"Point","coordinates":[0.4315935310000001,46.90299576]}},{"id":"84531","type":"Feature","properties":{"_pk_label":"PK 58+200","_voie":"LGV2"},"geometry":{"type":"Point","coordinates":[0.4310546920000007,46.902174630000005]}},{"id":"84551","type":"Feature","properties":{"_pk_label":"PK 58+300","_voie":"LGV2"},"geometry":{"type":"Point","coordinates":[0.43051586699999983,46.90135349]}},{"id":"84571","type":"Feature","properties":{"_pk_label":"PK 58+400","_voie":"LGV2"},"geometry":{"type":"Point","coordinates":[0.4299770439999998,46.90053233999999]}},{"id":"84591","type":"Feature","properties":{"_pk_label":"PK 58+500","_voie":"LGV2"},"geometry":{"type":"Point","coordinates":[0.4294382530000009,46.899711200000006]}},{"id":"84611","type":"Feature","properties":{"_pk_label":"PK 58+600","_voie":"LGV2"},"geometry":{"type":"Point","coordinates":[0.4288994779999998,46.89889005]}},{"id":"84631","type":"Feature","properties":{"_pk_label":"PK 58+700","_voie":"LGV2"},"geometry":{"type":"Point","coordinates":[0.4283607190000009,46.89806890999999]}},{"id":"84651","type":"Feature","properties":{"_pk_label":"PK 58+800","_voie":"LGV2"},"geometry":{"type":"Point","coordinates":[0.4278219640000007,46.897247759999985]}},{"id":"84671","type":"Feature","properties":{"_pk_label":"PK 58+900","_voie":"LGV2"},"geometry":{"type":"Point","coordinates":[0.42728323599999996,46.896426600000005]}},{"id":"84711","type":"Feature","properties":{"_pk_label":"PK 59+100","_voie":"LGV2"},"geometry":{"type":"Point","coordinates":[0.426205833,46.89478429]}},{"id":"84731","type":"Feature","properties":{"_pk_label":"PK 59+200","_voie":"LGV2"},"geometry":{"type":"Point","coordinates":[0.4256671420000009,46.89396312]}},{"id":"84751","type":"Feature","properties":{"_pk_label":"PK 59+300","_voie":"LGV2"},"geometry":{"type":"Point","coordinates":[0.4251284830000006,46.893141959999994]}},{"id":"84771","type":"Feature","properties":{"_pk_label":"PK 59+400","_voie":"LGV2"},"geometry":{"type":"Point","coordinates":[0.42458983600000016,46.89232079000001]}},{"id":"84791","type":"Feature","properties":{"_pk_label":"PK 59+500","_voie":"LGV2"},"geometry":{"type":"Point","coordinates":[0.42405119399999985,46.89149961999999]}},{"id":"84811","type":"Feature","properties":{"_pk_label":"PK 59+600","_voie":"LGV2"},"geometry":{"type":"Point","coordinates":[0.42351258300000055,46.890678449999996]}},{"id":"84831","type":"Feature","properties":{"_pk_label":"PK 59+700","_voie":"LGV2"},"geometry":{"type":"Point","coordinates":[0.42297398899999994,46.88985726999999]}},{"id":"84851","type":"Feature","properties":{"_pk_label":"PK 59+800","_voie":"LGV2"},"geometry":{"type":"Point","coordinates":[0.42243540800000023,46.889036090000005]}},{"id":"84871","type":"Feature","properties":{"_pk_label":"PK 59+900","_voie":"LGV2"},"geometry":{"type":"Point","coordinates":[0.4218968330000004,46.88821490999999]}},{"id":"84911","type":"Feature","properties":{"_pk_label":"PK 60+100","_voie":"LGV2"},"geometry":{"type":"Point","coordinates":[0.42081975599999993,46.886572539999996]}},{"id":"84931","type":"Feature","properties":{"_pk_label":"PK 60+200","_voie":"LGV2"},"geometry":{"type":"Point","coordinates":[0.4202812420000003,46.88575135]}},{"id":"84951","type":"Feature","properties":{"_pk_label":"PK 60+300","_voie":"LGV2"},"geometry":{"type":"Point","coordinates":[0.41974273300000037,46.88493015000001]}},{"id":"84971","type":"Feature","properties":{"_pk_label":"PK 60+400","_voie":"LGV2"},"geometry":{"type":"Point","coordinates":[0.4192042500000013,46.88410896999999]}},{"id":"84991","type":"Feature","properties":{"_pk_label":"PK 60+500","_voie":"LGV2"},"geometry":{"type":"Point","coordinates":[0.41866578600000015,46.88328777000002]}},{"id":"85011","type":"Feature","properties":{"_pk_label":"PK 60+600","_voie":"LGV2"},"geometry":{"type":"Point","coordinates":[0.41812732500000116,46.88246656]}},{"id":"85031","type":"Feature","properties":{"_pk_label":"PK 60+700","_voie":"LGV2"},"geometry":{"type":"Point","coordinates":[0.417588892000001,46.88164535999999]}},{"id":"85051","type":"Feature","properties":{"_pk_label":"PK 60+800","_voie":"LGV2"},"geometry":{"type":"Point","coordinates":[0.41705047500000064,46.88082415999998]}},{"id":"85071","type":"Feature","properties":{"_pk_label":"PK 60+900","_voie":"LGV2"},"geometry":{"type":"Point","coordinates":[0.4165120780000008,46.88000294999997]}},{"id":"85111","type":"Feature","properties":{"_pk_label":"PK 61+100","_voie":"LGV2"},"geometry":{"type":"Point","coordinates":[0.41543531399999983,46.87836052000001]}},{"id":"85131","type":"Feature","properties":{"_pk_label":"PK 61+200","_voie":"LGV2"},"geometry":{"type":"Point","coordinates":[0.414896964,46.87753931000001]}},{"id":"85151","type":"Feature","properties":{"_pk_label":"PK 61+300","_voie":"LGV2"},"geometry":{"type":"Point","coordinates":[0.4143586280000003,46.87671809]}},{"id":"85171","type":"Feature","properties":{"_pk_label":"PK 61+400","_voie":"LGV2"},"geometry":{"type":"Point","coordinates":[0.41382029699999995,46.87589685999999]}},{"id":"85191","type":"Feature","properties":{"_pk_label":"PK 61+500","_voie":"LGV2"},"geometry":{"type":"Point","coordinates":[0.4132819970000002,46.87507564000001]}},{"id":"85211","type":"Feature","properties":{"_pk_label":"PK 61+600","_voie":"LGV2"},"geometry":{"type":"Point","coordinates":[0.4127437110000002,46.87425441999999]}},{"id":"85231","type":"Feature","properties":{"_pk_label":"PK 61+700","_voie":"LGV2"},"geometry":{"type":"Point","coordinates":[0.4122054420000006,46.873433189999986]}},{"id":"85251","type":"Feature","properties":{"_pk_label":"PK 61+800","_voie":"LGV2"},"geometry":{"type":"Point","coordinates":[0.41166717800000074,46.87261195000001]}},{"id":"85271","type":"Feature","properties":{"_pk_label":"PK 61+900","_voie":"LGV2"},"geometry":{"type":"Point","coordinates":[0.4111289420000001,46.871790710000006]}},{"id":"85311","type":"Feature","properties":{"_pk_label":"PK 62+100","_voie":"LGV2"},"geometry":{"type":"Point","coordinates":[0.41005250300000057,46.87014824]}},{"id":"85331","type":"Feature","properties":{"_pk_label":"PK 62+200","_voie":"LGV2"},"geometry":{"type":"Point","coordinates":[0.40951431700000085,46.86932699]}},{"id":"85351","type":"Feature","properties":{"_pk_label":"PK 62+300","_voie":"LGV2"},"geometry":{"type":"Point","coordinates":[0.4089761440000011,46.86850573999999]}},{"id":"85371","type":"Feature","properties":{"_pk_label":"PK 62+400","_voie":"LGV2"},"geometry":{"type":"Point","coordinates":[0.4084379920000013,46.867684489999995]}},{"id":"85391","type":"Feature","properties":{"_pk_label":"PK 62+500","_voie":"LGV2"},"geometry":{"type":"Point","coordinates":[0.40789983900000015,46.86686325000001]}},{"id":"85411","type":"Feature","properties":{"_pk_label":"PK 62+600","_voie":"LGV2"},"geometry":{"type":"Point","coordinates":[0.40736171700000073,46.86604198999999]}},{"id":"85431","type":"Feature","properties":{"_pk_label":"PK 62+700","_voie":"LGV2"},"geometry":{"type":"Point","coordinates":[0.406823611,46.865220730000004]}},{"id":"85451","type":"Feature","properties":{"_pk_label":"PK 62+800","_voie":"LGV2"},"geometry":{"type":"Point","coordinates":[0.4062855220000003,46.86439947]}},{"id":"85471","type":"Feature","properties":{"_pk_label":"PK 62+900","_voie":"LGV2"},"geometry":{"type":"Point","coordinates":[0.4057474360000008,46.863578219999994]}},{"id":"85511","type":"Feature","properties":{"_pk_label":"PK 63+100","_voie":"LGV2"},"geometry":{"type":"Point","coordinates":[0.4046711530000007,46.86193575999998]}},{"id":"85531","type":"Feature","properties":{"_pk_label":"PK 63+200","_voie":"LGV2"},"geometry":{"type":"Point","coordinates":[0.4041296420000009,46.86111568000002]}},{"id":"85552","type":"Feature","properties":{"_pk_label":"PK 63+300","_voie":"LGV2"},"geometry":{"type":"Point","coordinates":[0.40357941100000105,46.86029843]}},{"id":"85572","type":"Feature","properties":{"_pk_label":"PK 63+400","_voie":"LGV2"},"geometry":{"type":"Point","coordinates":[0.4030174719999999,46.85948496]}},{"id":"85592","type":"Feature","properties":{"_pk_label":"PK 63+500","_voie":"LGV2"},"geometry":{"type":"Point","coordinates":[0.4024437139999995,46.858675389999995]}},{"id":"85612","type":"Feature","properties":{"_pk_label":"PK 63+600","_voie":"LGV2"},"geometry":{"type":"Point","coordinates":[0.40185821100000096,46.857869779999994]}},{"id":"85632","type":"Feature","properties":{"_pk_label":"PK 63+700","_voie":"LGV2"},"geometry":{"type":"Point","coordinates":[0.4012614170000012,46.85706805]}},{"id":"85652","type":"Feature","properties":{"_pk_label":"PK 63+800","_voie":"LGV2"},"geometry":{"type":"Point","coordinates":[0.400657164,46.85626886]}},{"id":"85672","type":"Feature","properties":{"_pk_label":"PK 63+900","_voie":"LGV2"},"geometry":{"type":"Point","coordinates":[0.40005067500000085,46.85547036999999]}},{"id":"85712","type":"Feature","properties":{"_pk_label":"PK 64+100","_voie":"LGV2"},"geometry":{"type":"Point","coordinates":[0.39883764400000077,46.853873420000006]}},{"id":"85732","type":"Feature","properties":{"_pk_label":"PK 64+200","_voie":"LGV2"},"geometry":{"type":"Point","coordinates":[0.3982312920000004,46.853074879999994]}},{"id":"85752","type":"Feature","properties":{"_pk_label":"PK 64+300","_voie":"LGV2"},"geometry":{"type":"Point","coordinates":[0.3976278860000011,46.85227518999999]}},{"id":"85772","type":"Feature","properties":{"_pk_label":"PK 64+400","_voie":"LGV2"},"geometry":{"type":"Point","coordinates":[0.39703280000000046,46.85147247999999]}},{"id":"85792","type":"Feature","properties":{"_pk_label":"PK 64+500","_voie":"LGV2"},"geometry":{"type":"Point","coordinates":[0.3964514720000008,46.85066493999999]}},{"id":"85812","type":"Feature","properties":{"_pk_label":"PK 64+600","_voie":"LGV2"},"geometry":{"type":"Point","coordinates":[0.39588713899999983,46.84985172999999]}},{"id":"85832","type":"Feature","properties":{"_pk_label":"PK 64+700","_voie":"LGV2"},"geometry":{"type":"Point","coordinates":[0.3953401309999995,46.849032980000004]}},{"id":"85852","type":"Feature","properties":{"_pk_label":"PK 64+800","_voie":"LGV2"},"geometry":{"type":"Point","coordinates":[0.39481054700000057,46.84820885999999]}},{"id":"85872","type":"Feature","properties":{"_pk_label":"PK 64+900","_voie":"LGV2"},"geometry":{"type":"Point","coordinates":[0.39429852500000084,46.84737952]}},{"id":"85912","type":"Feature","properties":{"_pk_label":"PK 65+100","_voie":"LGV2"},"geometry":{"type":"Point","coordinates":[0.39332750800000005,46.84570597]}},{"id":"85932","type":"Feature","properties":{"_pk_label":"PK 65+200","_voie":"LGV2"},"geometry":{"type":"Point","coordinates":[0.3928687359999998,46.844862099999986]}},{"id":"85952","type":"Feature","properties":{"_pk_label":"PK 65+300","_voie":"LGV2"},"geometry":{"type":"Point","coordinates":[0.39242790600000027,46.84401374]}},{"id":"85972","type":"Feature","properties":{"_pk_label":"PK 65+400","_voie":"LGV2"},"geometry":{"type":"Point","coordinates":[0.39200513900000095,46.84316107]}},{"id":"85992","type":"Feature","properties":{"_pk_label":"PK 65+500","_voie":"LGV2"},"geometry":{"type":"Point","coordinates":[0.39160049200000074,46.84230425999999]}},{"id":"86012","type":"Feature","properties":{"_pk_label":"PK 65+600","_voie":"LGV2"},"geometry":{"type":"Point","coordinates":[0.39121406100000045,46.84144351]}},{"id":"86032","type":"Feature","properties":{"_pk_label":"PK 65+700","_voie":"LGV2"},"geometry":{"type":"Point","coordinates":[0.3908459280000009,46.84057898999998]}},{"id":"86052","type":"Feature","properties":{"_pk_label":"PK 65+800","_voie":"LGV2"},"geometry":{"type":"Point","coordinates":[0.39049617799999997,46.839710880000005]}},{"id":"86072","type":"Feature","properties":{"_pk_label":"PK 65+900","_voie":"LGV2"},"geometry":{"type":"Point","coordinates":[0.3901648750000003,46.83883937999999]}},{"id":"86112","type":"Feature","properties":{"_pk_label":"PK 66+100","_voie":"LGV2"},"geometry":{"type":"Point","coordinates":[0.38955788100000066,46.83708690999999]}},{"id":"86132","type":"Feature","properties":{"_pk_label":"PK 66+200","_voie":"LGV2"},"geometry":{"type":"Point","coordinates":[0.38928231400000096,46.83620632000002]}},{"id":"86152","type":"Feature","properties":{"_pk_label":"PK 66+300","_voie":"LGV2"},"geometry":{"type":"Point","coordinates":[0.3890254610000004,46.83532306]}},{"id":"86172","type":"Feature","properties":{"_pk_label":"PK 66+400","_voie":"LGV2"},"geometry":{"type":"Point","coordinates":[0.38878734699999956,46.834437340000015]}},{"id":"86192","type":"Feature","properties":{"_pk_label":"PK 66+500","_voie":"LGV2"},"geometry":{"type":"Point","coordinates":[0.38856806100000063,46.83354933]}},{"id":"86212","type":"Feature","properties":{"_pk_label":"PK 66+600","_voie":"LGV2"},"geometry":{"type":"Point","coordinates":[0.3883676110000003,46.83265923]}},{"id":"86232","type":"Feature","properties":{"_pk_label":"PK 66+700","_voie":"LGV2"},"geometry":{"type":"Point","coordinates":[0.38818604700000076,46.83176722000002]}},{"id":"86252","type":"Feature","properties":{"_pk_label":"PK 66+800","_voie":"LGV2"},"geometry":{"type":"Point","coordinates":[0.38802343300000025,46.83087349000001]}},{"id":"86272","type":"Feature","properties":{"_pk_label":"PK 66+900","_voie":"LGV2"},"geometry":{"type":"Point","coordinates":[0.3878797610000005,46.82997823]}},{"id":"86312","type":"Feature","properties":{"_pk_label":"PK 67+100","_voie":"LGV2"},"geometry":{"type":"Point","coordinates":[0.3876494330000004,46.82818388]}},{"id":"86332","type":"Feature","properties":{"_pk_label":"PK 67+200","_voie":"LGV2"},"geometry":{"type":"Point","coordinates":[0.3875628279999995,46.82728518]}},{"id":"86352","type":"Feature","properties":{"_pk_label":"PK 67+300","_voie":"LGV2"},"geometry":{"type":"Point","coordinates":[0.38749526400000067,46.82638570999999]}},{"id":"86372","type":"Feature","properties":{"_pk_label":"PK 67+400","_voie":"LGV2"},"geometry":{"type":"Point","coordinates":[0.3874467780000007,46.82548564]}},{"id":"86392","type":"Feature","properties":{"_pk_label":"PK 67+500","_voie":"LGV2"},"geometry":{"type":"Point","coordinates":[0.38741738100000134,46.824585199999994]}},{"id":"86412","type":"Feature","properties":{"_pk_label":"PK 67+600","_voie":"LGV2"},"geometry":{"type":"Point","coordinates":[0.3874070500000011,46.82368455]}},{"id":"86432","type":"Feature","properties":{"_pk_label":"PK 67+700","_voie":"LGV2"},"geometry":{"type":"Point","coordinates":[0.3874144920000005,46.82278395000001]}},{"id":"86452","type":"Feature","properties":{"_pk_label":"PK 67+800","_voie":"LGV2"},"geometry":{"type":"Point","coordinates":[0.38743431100000036,46.82188352]}},{"id":"86472","type":"Feature","properties":{"_pk_label":"PK 67+900","_voie":"LGV2"},"geometry":{"type":"Point","coordinates":[0.3874604219999993,46.820983259999984]}},{"id":"86512","type":"Feature","properties":{"_pk_label":"PK 68+100","_voie":"LGV2"},"geometry":{"type":"Point","coordinates":[0.38751485000000024,46.81918288000002]}},{"id":"86532","type":"Feature","properties":{"_pk_label":"PK 68+200","_voie":"LGV2"},"geometry":{"type":"Point","coordinates":[0.38754205800000086,46.81828268000001]}},{"id":"86552","type":"Feature","properties":{"_pk_label":"PK 68+300","_voie":"LGV2"},"geometry":{"type":"Point","coordinates":[0.3875692779999997,46.81738249]}},{"id":"86572","type":"Feature","properties":{"_pk_label":"PK 68+400","_voie":"LGV2"},"geometry":{"type":"Point","coordinates":[0.3875964830000005,46.81648229000001]}},{"id":"86592","type":"Feature","properties":{"_pk_label":"PK 68+500","_voie":"LGV2"},"geometry":{"type":"Point","coordinates":[0.3876236889999999,46.81558209999999]}},{"id":"86612","type":"Feature","properties":{"_pk_label":"PK 68+600","_voie":"LGV2"},"geometry":{"type":"Point","coordinates":[0.3876509060000009,46.81468191]}},{"id":"86632","type":"Feature","properties":{"_pk_label":"PK 68+700","_voie":"LGV2"},"geometry":{"type":"Point","coordinates":[0.387678108,46.81378170999999]}},{"id":"86652","type":"Feature","properties":{"_pk_label":"PK 68+800","_voie":"LGV2"},"geometry":{"type":"Point","coordinates":[0.3877053080000003,46.81288152]}},{"id":"86672","type":"Feature","properties":{"_pk_label":"PK 68+900","_voie":"LGV2"},"geometry":{"type":"Point","coordinates":[0.3877325220000012,46.811981329999995]}},{"id":"86712","type":"Feature","properties":{"_pk_label":"PK 69+100","_voie":"LGV2"},"geometry":{"type":"Point","coordinates":[0.38778692200000014,46.81018094000001]}},{"id":"86732","type":"Feature","properties":{"_pk_label":"PK 69+200","_voie":"LGV2"},"geometry":{"type":"Point","coordinates":[0.3878141330000005,46.80928074]}},{"id":"86752","type":"Feature","properties":{"_pk_label":"PK 69+300","_voie":"LGV2"},"geometry":{"type":"Point","coordinates":[0.3878413310000004,46.808380539999995]}},{"id":"86772","type":"Feature","properties":{"_pk_label":"PK 69+400","_voie":"LGV2"},"geometry":{"type":"Point","coordinates":[0.38786852800000055,46.80748035]}},{"id":"86792","type":"Feature","properties":{"_pk_label":"PK 69+500","_voie":"LGV2"},"geometry":{"type":"Point","coordinates":[0.3878957359999999,46.80658015000001]}},{"id":"86812","type":"Feature","properties":{"_pk_label":"PK 69+600","_voie":"LGV2"},"geometry":{"type":"Point","coordinates":[0.38792293100000125,46.80567996]}},{"id":"86832","type":"Feature","properties":{"_pk_label":"PK 69+700","_voie":"LGV2"},"geometry":{"type":"Point","coordinates":[0.3879501250000012,46.80477975]}},{"id":"86852","type":"Feature","properties":{"_pk_label":"PK 69+800","_voie":"LGV2"},"geometry":{"type":"Point","coordinates":[0.38797733100000065,46.80387956]}},{"id":"86872","type":"Feature","properties":{"_pk_label":"PK 69+900","_voie":"LGV2"},"geometry":{"type":"Point","coordinates":[0.388004522,46.802979369999996]}},{"id":"86912","type":"Feature","properties":{"_pk_label":"PK 70+100","_voie":"LGV2"},"geometry":{"type":"Point","coordinates":[0.3880589170000009,46.80117897]}},{"id":"86932","type":"Feature","properties":{"_pk_label":"PK 70+200","_voie":"LGV2"},"geometry":{"type":"Point","coordinates":[0.3880861060000003,46.80027876]}},{"id":"86952","type":"Feature","properties":{"_pk_label":"PK 70+300","_voie":"LGV2"},"geometry":{"type":"Point","coordinates":[0.38811329399999955,46.79937856999999]}},{"id":"86972","type":"Feature","properties":{"_pk_label":"PK 70+400","_voie":"LGV2"},"geometry":{"type":"Point","coordinates":[0.38814049399999984,46.798478380000006]}},{"id":"86993","type":"Feature","properties":{"_pk_label":"PK 70+500","_voie":"LGV2"},"geometry":{"type":"Point","coordinates":[0.3881677720000003,46.79757815999999]}},{"id":"87013","type":"Feature","properties":{"_pk_label":"PK 70+600","_voie":"LGV2"},"geometry":{"type":"Point","coordinates":[0.3881980030000007,46.79667791999999]}},{"id":"87033","type":"Feature","properties":{"_pk_label":"PK 70+700","_voie":"LGV2"},"geometry":{"type":"Point","coordinates":[0.3882366779999993,46.79577777000002]}},{"id":"87053","type":"Feature","properties":{"_pk_label":"PK 70+800","_voie":"LGV2"},"geometry":{"type":"Point","coordinates":[0.38828583300000147,46.79487785]}},{"id":"87073","type":"Feature","properties":{"_pk_label":"PK 70+900","_voie":"LGV2"},"geometry":{"type":"Point","coordinates":[0.3883454670000007,46.79397822999999]}},{"id":"87113","type":"Feature","properties":{"_pk_label":"PK 71+100","_voie":"LGV2"},"geometry":{"type":"Point","coordinates":[0.38849613900000074,46.79218010999998]}},{"id":"87133","type":"Feature","properties":{"_pk_label":"PK 71+200","_voie":"LGV2"},"geometry":{"type":"Point","coordinates":[0.3885871720000005,46.79128173000001]}},{"id":"87153","type":"Feature","properties":{"_pk_label":"PK 71+300","_voie":"LGV2"},"geometry":{"type":"Point","coordinates":[0.3886886720000007,46.79038388]}},{"id":"87173","type":"Feature","properties":{"_pk_label":"PK 71+400","_voie":"LGV2"},"geometry":{"type":"Point","coordinates":[0.38880061900000074,46.78948662]}},{"id":"87193","type":"Feature","properties":{"_pk_label":"PK 71+500","_voie":"LGV2"},"geometry":{"type":"Point","coordinates":[0.38892301099999954,46.78858998999999]}},{"id":"87213","type":"Feature","properties":{"_pk_label":"PK 71+600","_voie":"LGV2"},"geometry":{"type":"Point","coordinates":[0.3890558310000007,46.78769408000001]}},{"id":"87233","type":"Feature","properties":{"_pk_label":"PK 71+700","_voie":"LGV2"},"geometry":{"type":"Point","coordinates":[0.38919908900000083,46.78679890999999]}},{"id":"87253","type":"Feature","properties":{"_pk_label":"PK 71+800","_voie":"LGV2"},"geometry":{"type":"Point","coordinates":[0.3893527580000002,46.78590456]}},{"id":"87273","type":"Feature","properties":{"_pk_label":"PK 71+900","_voie":"LGV2"},"geometry":{"type":"Point","coordinates":[0.389516819,46.78501107999999]}},{"id":"87313","type":"Feature","properties":{"_pk_label":"PK 72+100","_voie":"LGV2"},"geometry":{"type":"Point","coordinates":[0.3898761439999999,46.78322698000001]}},{"id":"87333","type":"Feature","properties":{"_pk_label":"PK 72+200","_voie":"LGV2"},"geometry":{"type":"Point","coordinates":[0.3900713640000007,46.78233647]}},{"id":"87354","type":"Feature","properties":{"_pk_label":"PK 72+300","_voie":"LGV2"},"geometry":{"type":"Point","coordinates":[0.3902768190000002,46.78144705]}},{"id":"87374","type":"Feature","properties":{"_pk_label":"PK 72+400","_voie":"LGV2"},"geometry":{"type":"Point","coordinates":[0.3904894390000007,46.78055851]}},{"id":"87394","type":"Feature","properties":{"_pk_label":"PK 72+500","_voie":"LGV2"},"geometry":{"type":"Point","coordinates":[0.3907038060000009,46.77967023999999]}},{"id":"87414","type":"Feature","properties":{"_pk_label":"PK 72+600","_voie":"LGV2"},"geometry":{"type":"Point","coordinates":[0.3909181940000009,46.77878197]}},{"id":"87434","type":"Feature","properties":{"_pk_label":"PK 72+700","_voie":"LGV2"},"geometry":{"type":"Point","coordinates":[0.391132564,46.7778937]}},{"id":"87454","type":"Feature","properties":{"_pk_label":"PK 72+800","_voie":"LGV2"},"geometry":{"type":"Point","coordinates":[0.39134692200000043,46.777005429999996]}},{"id":"87474","type":"Feature","properties":{"_pk_label":"PK 72+900","_voie":"LGV2"},"geometry":{"type":"Point","coordinates":[0.39156129200000034,46.77611715999999]}},{"id":"87514","type":"Feature","properties":{"_pk_label":"PK 73+100","_voie":"LGV2"},"geometry":{"type":"Point","coordinates":[0.39198997800000046,46.77434059999999]}},{"id":"87534","type":"Feature","properties":{"_pk_label":"PK 73+200","_voie":"LGV2"},"geometry":{"type":"Point","coordinates":[0.39220431100000147,46.77345233999999]}},{"id":"87554","type":"Feature","properties":{"_pk_label":"PK 73+300","_voie":"LGV2"},"geometry":{"type":"Point","coordinates":[0.39241865000000115,46.77256406]}},{"id":"87575","type":"Feature","properties":{"_pk_label":"PK 73+400","_voie":"LGV2"},"geometry":{"type":"Point","coordinates":[0.39263296899999994,46.771675779999995]}},{"id":"87595","type":"Feature","properties":{"_pk_label":"PK 73+500","_voie":"LGV2"},"geometry":{"type":"Point","coordinates":[0.3928461170000005,46.77078742999999]}},{"id":"87615","type":"Feature","properties":{"_pk_label":"PK 73+600","_voie":"LGV2"},"geometry":{"type":"Point","coordinates":[0.39305291700000067,46.76989846000001]}},{"id":"87635","type":"Feature","properties":{"_pk_label":"PK 73+700","_voie":"LGV2"},"geometry":{"type":"Point","coordinates":[0.3932473250000009,46.76900827]}},{"id":"87655","type":"Feature","properties":{"_pk_label":"PK 73+800","_voie":"LGV2"},"geometry":{"type":"Point","coordinates":[0.39342409200000084,46.76811641]}},{"id":"87675","type":"Feature","properties":{"_pk_label":"PK 73+900","_voie":"LGV2"},"geometry":{"type":"Point","coordinates":[0.3935819640000011,46.76722287999999]}},{"id":"87715","type":"Feature","properties":{"_pk_label":"PK 74+100","_voie":"LGV2"},"geometry":{"type":"Point","coordinates":[0.3938408560000009,46.76543154]}},{"id":"87736","type":"Feature","properties":{"_pk_label":"PK 74+200","_voie":"LGV2"},"geometry":{"type":"Point","coordinates":[0.39394184200000093,46.76453412000001]}},{"id":"87756","type":"Feature","properties":{"_pk_label":"PK 74+300","_voie":"LGV2"},"geometry":{"type":"Point","coordinates":[0.3940255530000012,46.76363579000001]}},{"id":"87776","type":"Feature","properties":{"_pk_label":"PK 74+400","_voie":"LGV2"},"geometry":{"type":"Point","coordinates":[0.3940975419999996,46.76273688999999]}},{"id":"87796","type":"Feature","properties":{"_pk_label":"PK 74+500","_voie":"LGV2"},"geometry":{"type":"Point","coordinates":[0.3941639060000008,46.761837679999985]}},{"id":"87816","type":"Feature","properties":{"_pk_label":"PK 74+600","_voie":"LGV2"},"geometry":{"type":"Point","coordinates":[0.3942294690000015,46.760938419999995]}},{"id":"87836","type":"Feature","properties":{"_pk_label":"PK 74+700","_voie":"LGV2"},"geometry":{"type":"Point","coordinates":[0.3942950190000014,46.76003913999999]}},{"id":"87856","type":"Feature","properties":{"_pk_label":"PK 74+800","_voie":"LGV2"},"geometry":{"type":"Point","coordinates":[0.39436058099999993,46.75913987]}},{"id":"87876","type":"Feature","properties":{"_pk_label":"PK 74+900","_voie":"LGV2"},"geometry":{"type":"Point","coordinates":[0.39442552199999953,46.75824060000001]}},{"id":"87916","type":"Feature","properties":{"_pk_label":"PK 75+100","_voie":"LGV2"},"geometry":{"type":"Point","coordinates":[0.3945338390000002,46.75644171000001]}},{"id":"87936","type":"Feature","properties":{"_pk_label":"PK 75+200","_voie":"LGV2"},"geometry":{"type":"Point","coordinates":[0.39456538900000127,46.75554187999999]}},{"id":"87956","type":"Feature","properties":{"_pk_label":"PK 75+300","_voie":"LGV2"},"geometry":{"type":"Point","coordinates":[0.39457793100000044,46.754641819999996]}},{"id":"87976","type":"Feature","properties":{"_pk_label":"PK 75+400","_voie":"LGV2"},"geometry":{"type":"Point","coordinates":[0.394571414000001,46.753741719999994]}},{"id":"87996","type":"Feature","properties":{"_pk_label":"PK 75+500","_voie":"LGV2"},"geometry":{"type":"Point","coordinates":[0.3945458440000009,46.75284179999999]}},{"id":"88016","type":"Feature","properties":{"_pk_label":"PK 75+600","_voie":"LGV2"},"geometry":{"type":"Point","coordinates":[0.3945012420000001,46.75194221999999]}},{"id":"88036","type":"Feature","properties":{"_pk_label":"PK 75+700","_voie":"LGV2"},"geometry":{"type":"Point","coordinates":[0.39443760799999966,46.75104318000001]}},{"id":"88056","type":"Feature","properties":{"_pk_label":"PK 75+800","_voie":"LGV2"},"geometry":{"type":"Point","coordinates":[0.3943549610000009,46.750144879999986]}},{"id":"88076","type":"Feature","properties":{"_pk_label":"PK 75+900","_voie":"LGV2"},"geometry":{"type":"Point","coordinates":[0.39425331099999955,46.74924748999999]}},{"id":"88116","type":"Feature","properties":{"_pk_label":"PK 76+100","_voie":"LGV2"},"geometry":{"type":"Point","coordinates":[0.39399311100000034,46.74745624999999]}},{"id":"88136","type":"Feature","properties":{"_pk_label":"PK 76+200","_voie":"LGV2"},"geometry":{"type":"Point","coordinates":[0.3938346250000008,46.74656276]}},{"id":"88156","type":"Feature","properties":{"_pk_label":"PK 76+300","_voie":"LGV2"},"geometry":{"type":"Point","coordinates":[0.39365725800000106,46.745670950000004]}},{"id":"88176","type":"Feature","properties":{"_pk_label":"PK 76+400","_voie":"LGV2"},"geometry":{"type":"Point","coordinates":[0.3934610390000009,46.74478102]}},{"id":"88196","type":"Feature","properties":{"_pk_label":"PK 76+500","_voie":"LGV2"},"geometry":{"type":"Point","coordinates":[0.3932460140000006,46.74389313]}},{"id":"88216","type":"Feature","properties":{"_pk_label":"PK 76+600","_voie":"LGV2"},"geometry":{"type":"Point","coordinates":[0.393012239,46.743007500000004]}},{"id":"88236","type":"Feature","properties":{"_pk_label":"PK 76+700","_voie":"LGV2"},"geometry":{"type":"Point","coordinates":[0.3927597609999996,46.74212428000002]}},{"id":"88256","type":"Feature","properties":{"_pk_label":"PK 76+800","_voie":"LGV2"},"geometry":{"type":"Point","coordinates":[0.3924886330000005,46.74124369]}},{"id":"88276","type":"Feature","properties":{"_pk_label":"PK 76+900","_voie":"LGV2"},"geometry":{"type":"Point","coordinates":[0.3921989030000011,46.74036591]}},{"id":"88316","type":"Feature","properties":{"_pk_label":"PK 77+100","_voie":"LGV2"},"geometry":{"type":"Point","coordinates":[0.39156392800000084,46.73861948]}},{"id":"88336","type":"Feature","properties":{"_pk_label":"PK 77+200","_voie":"LGV2"},"geometry":{"type":"Point","coordinates":[0.39121881400000075,46.737751210000006]}},{"id":"88356","type":"Feature","properties":{"_pk_label":"PK 77+300","_voie":"LGV2"},"geometry":{"type":"Point","coordinates":[0.39085536400000037,46.73688649000002]}},{"id":"88376","type":"Feature","properties":{"_pk_label":"PK 77+400","_voie":"LGV2"},"geometry":{"type":"Point","coordinates":[0.3904736889999997,46.73602547999999]}},{"id":"88396","type":"Feature","properties":{"_pk_label":"PK 77+500","_voie":"LGV2"},"geometry":{"type":"Point","coordinates":[0.39007384700000103,46.735168389999984]}},{"id":"88416","type":"Feature","properties":{"_pk_label":"PK 77+600","_voie":"LGV2"},"geometry":{"type":"Point","coordinates":[0.38965592500000074,46.73431537999999]}},{"id":"88436","type":"Feature","properties":{"_pk_label":"PK 77+700","_voie":"LGV2"},"geometry":{"type":"Point","coordinates":[0.3892200139999996,46.73346664000001]}},{"id":"88456","type":"Feature","properties":{"_pk_label":"PK 77+800","_voie":"LGV2"},"geometry":{"type":"Point","coordinates":[0.38876620299999953,46.73262235]}},{"id":"88476","type":"Feature","properties":{"_pk_label":"PK 77+900","_voie":"LGV2"},"geometry":{"type":"Point","coordinates":[0.3882946140000005,46.73178268000001]}},{"id":"88516","type":"Feature","properties":{"_pk_label":"PK 78+100","_voie":"LGV2"},"geometry":{"type":"Point","coordinates":[0.38729841900000067,46.73011793000001]}},{"id":"88536","type":"Feature","properties":{"_pk_label":"PK 78+200","_voie":"LGV2"},"geometry":{"type":"Point","coordinates":[0.38677403300000096,46.729293199999994]}},{"id":"88556","type":"Feature","properties":{"_pk_label":"PK 78+300","_voie":"LGV2"},"geometry":{"type":"Point","coordinates":[0.3862323110000014,46.72847378999999]}},{"id":"88576","type":"Feature","properties":{"_pk_label":"PK 78+400","_voie":"LGV2"},"geometry":{"type":"Point","coordinates":[0.38567529700000014,46.727659159999995]}},{"id":"88596","type":"Feature","properties":{"_pk_label":"PK 78+500","_voie":"LGV2"},"geometry":{"type":"Point","coordinates":[0.3851082390000013,46.7268477]}},{"id":"88616","type":"Feature","properties":{"_pk_label":"PK 78+600","_voie":"LGV2"},"geometry":{"type":"Point","coordinates":[0.3845366780000008,46.726037639999994]}},{"id":"88636","type":"Feature","properties":{"_pk_label":"PK 78+700","_voie":"LGV2"},"geometry":{"type":"Point","coordinates":[0.3839646309999997,46.72522769999999]}},{"id":"88656","type":"Feature","properties":{"_pk_label":"PK 78+800","_voie":"LGV2"},"geometry":{"type":"Point","coordinates":[0.38339259700000067,46.724417769999995]}},{"id":"88676","type":"Feature","properties":{"_pk_label":"PK 78+900","_voie":"LGV2"},"geometry":{"type":"Point","coordinates":[0.3828205690000007,46.72360783]}},{"id":"88716","type":"Feature","properties":{"_pk_label":"PK 79+100","_voie":"LGV2"},"geometry":{"type":"Point","coordinates":[0.38167659200000037,46.72198795]}},{"id":"88736","type":"Feature","properties":{"_pk_label":"PK 79+200","_voie":"LGV2"},"geometry":{"type":"Point","coordinates":[0.3811046280000008,46.72117801]}},{"id":"88756","type":"Feature","properties":{"_pk_label":"PK 79+300","_voie":"LGV2"},"geometry":{"type":"Point","coordinates":[0.3805326690000005,46.72036804999999]}},{"id":"88776","type":"Feature","properties":{"_pk_label":"PK 79+400","_voie":"LGV2"},"geometry":{"type":"Point","coordinates":[0.37996074200000135,46.719558099999986]}},{"id":"88796","type":"Feature","properties":{"_pk_label":"PK 79+500","_voie":"LGV2"},"geometry":{"type":"Point","coordinates":[0.3793888280000003,46.718748149999996]}},{"id":"88816","type":"Feature","properties":{"_pk_label":"PK 79+600","_voie":"LGV2"},"geometry":{"type":"Point","coordinates":[0.37881693300000036,46.71793819]}},{"id":"88836","type":"Feature","properties":{"_pk_label":"PK 79+700","_voie":"LGV2"},"geometry":{"type":"Point","coordinates":[0.37824504200000114,46.71712822999999]}},{"id":"88856","type":"Feature","properties":{"_pk_label":"PK 79+800","_voie":"LGV2"},"geometry":{"type":"Point","coordinates":[0.37767318100000075,46.71631827000001]}},{"id":"88876","type":"Feature","properties":{"_pk_label":"PK 79+900","_voie":"LGV2"},"geometry":{"type":"Point","coordinates":[0.37710133599999973,46.715508289999995]}},{"id":"88917","type":"Feature","properties":{"_pk_label":"PK 80+100","_voie":"LGV2"},"geometry":{"type":"Point","coordinates":[0.37595779400000046,46.713888309999994]}},{"id":"88937","type":"Feature","properties":{"_pk_label":"PK 80+200","_voie":"LGV2"},"geometry":{"type":"Point","coordinates":[0.3753889219999995,46.713077260000006]}},{"id":"88957","type":"Feature","properties":{"_pk_label":"PK 80+300","_voie":"LGV2"},"geometry":{"type":"Point","coordinates":[0.37482824400000053,46.71226341]}},{"id":"88977","type":"Feature","properties":{"_pk_label":"PK 80+400","_voie":"LGV2"},"geometry":{"type":"Point","coordinates":[0.3742813170000009,46.711445059999996]}},{"id":"88997","type":"Feature","properties":{"_pk_label":"PK 80+500","_voie":"LGV2"},"geometry":{"type":"Point","coordinates":[0.3737515189999997,46.71062137]}},{"id":"89017","type":"Feature","properties":{"_pk_label":"PK 80+600","_voie":"LGV2"},"geometry":{"type":"Point","coordinates":[0.37323922800000026,46.709792459999996]}},{"id":"89038","type":"Feature","properties":{"_pk_label":"PK 80+700","_voie":"LGV2"},"geometry":{"type":"Point","coordinates":[0.37274444200000056,46.70895856]}},{"id":"89058","type":"Feature","properties":{"_pk_label":"PK 80+800","_voie":"LGV2"},"geometry":{"type":"Point","coordinates":[0.37226468100000076,46.70812059]}},{"id":"89078","type":"Feature","properties":{"_pk_label":"PK 80+900","_voie":"LGV2"},"geometry":{"type":"Point","coordinates":[0.3717944670000011,46.70728016999999]}},{"id":"89118","type":"Feature","properties":{"_pk_label":"PK 81+100","_voie":"LGV2"},"geometry":{"type":"Point","coordinates":[0.37086215600000033,46.70559739]}},{"id":"89138","type":"Feature","properties":{"_pk_label":"PK 81+200","_voie":"LGV2"},"geometry":{"type":"Point","coordinates":[0.3703961610000018,46.70475597999999]}},{"id":"89158","type":"Feature","properties":{"_pk_label":"PK 81+300","_voie":"LGV2"},"geometry":{"type":"Point","coordinates":[0.36993019400000093,46.70391456]}},{"id":"89178","type":"Feature","properties":{"_pk_label":"PK 81+400","_voie":"LGV2"},"geometry":{"type":"Point","coordinates":[0.369464228000001,46.70307314]}},{"id":"89198","type":"Feature","properties":{"_pk_label":"PK 81+500","_voie":"LGV2"},"geometry":{"type":"Point","coordinates":[0.3689982890000006,46.702231730000015]}},{"id":"89218","type":"Feature","properties":{"_pk_label":"PK 81+600","_voie":"LGV2"},"geometry":{"type":"Point","coordinates":[0.3685323500000009,46.7013903]}},{"id":"89238","type":"Feature","properties":{"_pk_label":"PK 81+700","_voie":"LGV2"},"geometry":{"type":"Point","coordinates":[0.3680664390000001,46.70054887]}},{"id":"89258","type":"Feature","properties":{"_pk_label":"PK 81+800","_voie":"LGV2"},"geometry":{"type":"Point","coordinates":[0.3676005309999998,46.69970743999999]}},{"id":"89278","type":"Feature","properties":{"_pk_label":"PK 81+900","_voie":"LGV2"},"geometry":{"type":"Point","coordinates":[0.36713465000000134,46.69886601]}},{"id":"89318","type":"Feature","properties":{"_pk_label":"PK 82+100","_voie":"LGV2"},"geometry":{"type":"Point","coordinates":[0.36620291699999946,46.69718314]}},{"id":"89338","type":"Feature","properties":{"_pk_label":"PK 82+200","_voie":"LGV2"},"geometry":{"type":"Point","coordinates":[0.36573706700000114,46.696341710000006]}},{"id":"89358","type":"Feature","properties":{"_pk_label":"PK 82+300","_voie":"LGV2"},"geometry":{"type":"Point","coordinates":[0.3652712440000007,46.69550026999999]}},{"id":"89378","type":"Feature","properties":{"_pk_label":"PK 82+400","_voie":"LGV2"},"geometry":{"type":"Point","coordinates":[0.36480542200000043,46.694658829999995]}},{"id":"89398","type":"Feature","properties":{"_pk_label":"PK 82+500","_voie":"LGV2"},"geometry":{"type":"Point","coordinates":[0.36433962500000006,46.69381739]}},{"id":"89418","type":"Feature","properties":{"_pk_label":"PK 82+600","_voie":"LGV2"},"geometry":{"type":"Point","coordinates":[0.3638738330000006,46.69297594]}},{"id":"89438","type":"Feature","properties":{"_pk_label":"PK 82+700","_voie":"LGV2"},"geometry":{"type":"Point","coordinates":[0.363408067,46.69213448999999]}},{"id":"89458","type":"Feature","properties":{"_pk_label":"PK 82+800","_voie":"LGV2"},"geometry":{"type":"Point","coordinates":[0.3629423030000009,46.69129304]}},{"id":"89478","type":"Feature","properties":{"_pk_label":"PK 82+900","_voie":"LGV2"},"geometry":{"type":"Point","coordinates":[0.3624765669999995,46.69045159999999]}},{"id":"89519","type":"Feature","properties":{"_pk_label":"PK 83+100","_voie":"LGV2"},"geometry":{"type":"Point","coordinates":[0.36154578600000065,46.68876848]}},{"id":"89539","type":"Feature","properties":{"_pk_label":"PK 83+200","_voie":"LGV2"},"geometry":{"type":"Point","coordinates":[0.36108584199999993,46.687925379999996]}},{"id":"89559","type":"Feature","properties":{"_pk_label":"PK 83+300","_voie":"LGV2"},"geometry":{"type":"Point","coordinates":[0.360636719,46.68707943]}},{"id":"89579","type":"Feature","properties":{"_pk_label":"PK 83+400","_voie":"LGV2"},"geometry":{"type":"Point","coordinates":[0.3602037809999998,46.68622942999998]}},{"id":"89599","type":"Feature","properties":{"_pk_label":"PK 83+500","_voie":"LGV2"},"geometry":{"type":"Point","coordinates":[0.3597888640000007,46.685375179999994]}},{"id":"89619","type":"Feature","properties":{"_pk_label":"PK 83+600","_voie":"LGV2"},"geometry":{"type":"Point","coordinates":[0.3593920390000004,46.68451688]}},{"id":"89639","type":"Feature","properties":{"_pk_label":"PK 83+700","_voie":"LGV2"},"geometry":{"type":"Point","coordinates":[0.35901343100000055,46.68365467999999]}},{"id":"89659","type":"Feature","properties":{"_pk_label":"PK 83+800","_voie":"LGV2"},"geometry":{"type":"Point","coordinates":[0.358653081,46.6827888]}},{"id":"89679","type":"Feature","properties":{"_pk_label":"PK 83+900","_voie":"LGV2"},"geometry":{"type":"Point","coordinates":[0.35831108100000064,46.68191939]}},{"id":"89719","type":"Feature","properties":{"_pk_label":"PK 84+100","_voie":"LGV2"},"geometry":{"type":"Point","coordinates":[0.3576824249999997,46.68017076000001]}},{"id":"89739","type":"Feature","properties":{"_pk_label":"PK 84+200","_voie":"LGV2"},"geometry":{"type":"Point","coordinates":[0.35739589400000055,46.679291909999996]}},{"id":"89759","type":"Feature","properties":{"_pk_label":"PK 84+300","_voie":"LGV2"},"geometry":{"type":"Point","coordinates":[0.35712796400000063,46.678410279999994]}},{"id":"89779","type":"Feature","properties":{"_pk_label":"PK 84+400","_voie":"LGV2"},"geometry":{"type":"Point","coordinates":[0.3568787169999996,46.67752606000002]}},{"id":"89799","type":"Feature","properties":{"_pk_label":"PK 84+500","_voie":"LGV2"},"geometry":{"type":"Point","coordinates":[0.35664818100000073,46.676639449999996]}},{"id":"89819","type":"Feature","properties":{"_pk_label":"PK 84+600","_voie":"LGV2"},"geometry":{"type":"Point","coordinates":[0.3564364110000006,46.67575061000001]}},{"id":"89839","type":"Feature","properties":{"_pk_label":"PK 84+700","_voie":"LGV2"},"geometry":{"type":"Point","coordinates":[0.35624346400000034,46.67485974999999]}},{"id":"89859","type":"Feature","properties":{"_pk_label":"PK 84+800","_voie":"LGV2"},"geometry":{"type":"Point","coordinates":[0.356069358,46.67396705999999]}},{"id":"89879","type":"Feature","properties":{"_pk_label":"PK 84+900","_voie":"LGV2"},"geometry":{"type":"Point","coordinates":[0.35591414400000027,46.67307271000002]}},{"id":"89919","type":"Feature","properties":{"_pk_label":"PK 85+100","_voie":"LGV2"},"geometry":{"type":"Point","coordinates":[0.3556542830000006,46.671280379999985]}},{"id":"89939","type":"Feature","properties":{"_pk_label":"PK 85+200","_voie":"LGV2"},"geometry":{"type":"Point","coordinates":[0.35553915799999947,46.67038338000001]}},{"id":"89959","type":"Feature","properties":{"_pk_label":"PK 85+300","_voie":"LGV2"},"geometry":{"type":"Point","coordinates":[0.3554261440000005,46.66948632]}},{"id":"89979","type":"Feature","properties":{"_pk_label":"PK 85+400","_voie":"LGV2"},"geometry":{"type":"Point","coordinates":[0.3553131640000011,46.66858926999999]}},{"id":"89999","type":"Feature","properties":{"_pk_label":"PK 85+500","_voie":"LGV2"},"geometry":{"type":"Point","coordinates":[0.35520018299999995,46.66769220999999]}},{"id":"90019","type":"Feature","properties":{"_pk_label":"PK 85+600","_voie":"LGV2"},"geometry":{"type":"Point","coordinates":[0.35508720800000065,46.666795150000006]}},{"id":"90039","type":"Feature","properties":{"_pk_label":"PK 85+700","_voie":"LGV2"},"geometry":{"type":"Point","coordinates":[0.35497423599999994,46.66589810000001]}},{"id":"90059","type":"Feature","properties":{"_pk_label":"PK 85+800","_voie":"LGV2"},"geometry":{"type":"Point","coordinates":[0.35486126900000137,46.665001039999986]}},{"id":"90079","type":"Feature","properties":{"_pk_label":"PK 85+900","_voie":"LGV2"},"geometry":{"type":"Point","coordinates":[0.3547483059999995,46.66410399]}},{"id":"90119","type":"Feature","properties":{"_pk_label":"PK 86+100","_voie":"LGV2"},"geometry":{"type":"Point","coordinates":[0.35452238600000097,46.662309879999995]}},{"id":"90139","type":"Feature","properties":{"_pk_label":"PK 86+200","_voie":"LGV2"},"geometry":{"type":"Point","coordinates":[0.35440944700000077,46.66141281000001]}},{"id":"90159","type":"Feature","properties":{"_pk_label":"PK 86+300","_voie":"LGV2"},"geometry":{"type":"Point","coordinates":[0.35429649999999996,46.66051576000002]}},{"id":"90180","type":"Feature","properties":{"_pk_label":"PK 86+400","_voie":"LGV2"},"geometry":{"type":"Point","coordinates":[0.3541832780000002,46.65961874]}},{"id":"90200","type":"Feature","properties":{"_pk_label":"PK 86+500","_voie":"LGV2"},"geometry":{"type":"Point","coordinates":[0.3540660639999997,46.658722050000016]}},{"id":"90220","type":"Feature","properties":{"_pk_label":"PK 86+600","_voie":"LGV2"},"geometry":{"type":"Point","coordinates":[0.35393883600000114,46.65782611000001]}},{"id":"90240","type":"Feature","properties":{"_pk_label":"PK 86+700","_voie":"LGV2"},"geometry":{"type":"Point","coordinates":[0.3537957060000009,46.65693138999998]}},{"id":"90260","type":"Feature","properties":{"_pk_label":"PK 86+800","_voie":"LGV2"},"geometry":{"type":"Point","coordinates":[0.3536338079999998,46.65603819999998]}},{"id":"90280","type":"Feature","properties":{"_pk_label":"PK 86+900","_voie":"LGV2"},"geometry":{"type":"Point","coordinates":[0.35345305800000076,46.65514671999999]}},{"id":"90320","type":"Feature","properties":{"_pk_label":"PK 87+100","_voie":"LGV2"},"geometry":{"type":"Point","coordinates":[0.3530352780000009,46.65336965]}},{"id":"90340","type":"Feature","properties":{"_pk_label":"PK 87+200","_voie":"LGV2"},"geometry":{"type":"Point","coordinates":[0.352801303000001,46.65248397]}},{"id":"90360","type":"Feature","properties":{"_pk_label":"PK 87+300","_voie":"LGV2"},"geometry":{"type":"Point","coordinates":[0.3525574250000007,46.65159946000001]}},{"id":"90381","type":"Feature","properties":{"_pk_label":"PK 87+400","_voie":"LGV2"},"geometry":{"type":"Point","coordinates":[0.35230961100000036,46.65071537]}},{"id":"90401","type":"Feature","properties":{"_pk_label":"PK 87+500","_voie":"LGV2"},"geometry":{"type":"Point","coordinates":[0.35206151700000027,46.64983131]}},{"id":"90421","type":"Feature","properties":{"_pk_label":"PK 87+600","_voie":"LGV2"},"geometry":{"type":"Point","coordinates":[0.3518134420000001,46.648947240000005]}},{"id":"90441","type":"Feature","properties":{"_pk_label":"PK 87+700","_voie":"LGV2"},"geometry":{"type":"Point","coordinates":[0.35156536100000124,46.64806316]}},{"id":"90461","type":"Feature","properties":{"_pk_label":"PK 87+800","_voie":"LGV2"},"geometry":{"type":"Point","coordinates":[0.3513173060000004,46.6471791]}},{"id":"90481","type":"Feature","properties":{"_pk_label":"PK 87+900","_voie":"LGV2"},"geometry":{"type":"Point","coordinates":[0.35106924200000106,46.64629503]}},{"id":"90521","type":"Feature","properties":{"_pk_label":"PK 88+100","_voie":"LGV2"},"geometry":{"type":"Point","coordinates":[0.35056975000000107,46.644527449999984]}},{"id":"90541","type":"Feature","properties":{"_pk_label":"PK 88+200","_voie":"LGV2"},"geometry":{"type":"Point","coordinates":[0.350309453000001,46.643645250000006]}},{"id":"90561","type":"Feature","properties":{"_pk_label":"PK 88+300","_voie":"LGV2"},"geometry":{"type":"Point","coordinates":[0.3500342750000014,46.64276529]}},{"id":"90581","type":"Feature","properties":{"_pk_label":"PK 88+400","_voie":"LGV2"},"geometry":{"type":"Point","coordinates":[0.34974078600000025,46.64188816]}},{"id":"90601","type":"Feature","properties":{"_pk_label":"PK 88+500","_voie":"LGV2"},"geometry":{"type":"Point","coordinates":[0.3494288060000004,46.64101404999999]}},{"id":"90621","type":"Feature","properties":{"_pk_label":"PK 88+600","_voie":"LGV2"},"geometry":{"type":"Point","coordinates":[0.3490984170000011,46.640143159999994]}},{"id":"90641","type":"Feature","properties":{"_pk_label":"PK 88+700","_voie":"LGV2"},"geometry":{"type":"Point","coordinates":[0.3487496810000007,46.63927569000002]}},{"id":"90661","type":"Feature","properties":{"_pk_label":"PK 88+800","_voie":"LGV2"},"geometry":{"type":"Point","coordinates":[0.34838267500000003,46.638411790000006]}},{"id":"90681","type":"Feature","properties":{"_pk_label":"PK 88+900","_voie":"LGV2"},"geometry":{"type":"Point","coordinates":[0.34799747499999995,46.637551650000006]}},{"id":"90721","type":"Feature","properties":{"_pk_label":"PK 89+100","_voie":"LGV2"},"geometry":{"type":"Point","coordinates":[0.3471728330000007,46.635843410000014]}},{"id":"90741","type":"Feature","properties":{"_pk_label":"PK 89+200","_voie":"LGV2"},"geometry":{"type":"Point","coordinates":[0.34673356900000024,46.63499567]}},{"id":"90761","type":"Feature","properties":{"_pk_label":"PK 89+300","_voie":"LGV2"},"geometry":{"type":"Point","coordinates":[0.34627645800000034,46.63415240999999]}},{"id":"90781","type":"Feature","properties":{"_pk_label":"PK 89+400","_voie":"LGV2"},"geometry":{"type":"Point","coordinates":[0.34580160800000065,46.63331382999999]}},{"id":"90801","type":"Feature","properties":{"_pk_label":"PK 89+500","_voie":"LGV2"},"geometry":{"type":"Point","coordinates":[0.34530911400000014,46.632480079999986]}},{"id":"90821","type":"Feature","properties":{"_pk_label":"PK 89+600","_voie":"LGV2"},"geometry":{"type":"Point","coordinates":[0.34479908600000003,46.63165135000001]}},{"id":"90841","type":"Feature","properties":{"_pk_label":"PK 89+700","_voie":"LGV2"},"geometry":{"type":"Point","coordinates":[0.34427163600000044,46.63082782999999]}},{"id":"90861","type":"Feature","properties":{"_pk_label":"PK 89+800","_voie":"LGV2"},"geometry":{"type":"Point","coordinates":[0.34372686100000066,46.63000966000001]}},{"id":"90881","type":"Feature","properties":{"_pk_label":"PK 89+900","_voie":"LGV2"},"geometry":{"type":"Point","coordinates":[0.3431648940000003,46.62919704]}},{"id":"90921","type":"Feature","properties":{"_pk_label":"PK 90+100","_voie":"LGV2"},"geometry":{"type":"Point","coordinates":[0.34198982800000044,46.62758912000002]}},{"id":"90941","type":"Feature","properties":{"_pk_label":"PK 90+200","_voie":"LGV2"},"geometry":{"type":"Point","coordinates":[0.3413769890000014,46.62679416]}},{"id":"90961","type":"Feature","properties":{"_pk_label":"PK 90+300","_voie":"LGV2"},"geometry":{"type":"Point","coordinates":[0.34074743600000007,46.62600541000001]}},{"id":"90981","type":"Feature","properties":{"_pk_label":"PK 90+400","_voie":"LGV2"},"geometry":{"type":"Point","coordinates":[0.3401013359999999,46.62522306000001]}},{"id":"91001","type":"Feature","properties":{"_pk_label":"PK 90+500","_voie":"LGV2"},"geometry":{"type":"Point","coordinates":[0.33943879700000074,46.624447249999996]}},{"id":"91021","type":"Feature","properties":{"_pk_label":"PK 90+600","_voie":"LGV2"},"geometry":{"type":"Point","coordinates":[0.338759969,46.62367817]}},{"id":"91041","type":"Feature","properties":{"_pk_label":"PK 90+700","_voie":"LGV2"},"geometry":{"type":"Point","coordinates":[0.3380649890000005,46.62291596000001]}},{"id":"91061","type":"Feature","properties":{"_pk_label":"PK 90+800","_voie":"LGV2"},"geometry":{"type":"Point","coordinates":[0.33735402800000047,46.622160789999995]}},{"id":"91081","type":"Feature","properties":{"_pk_label":"PK 90+900","_voie":"LGV2"},"geometry":{"type":"Point","coordinates":[0.33662720300000054,46.62141282]}},{"id":"91121","type":"Feature","properties":{"_pk_label":"PK 91+100","_voie":"LGV2"},"geometry":{"type":"Point","coordinates":[0.3351266470000009,46.61993912]}},{"id":"91141","type":"Feature","properties":{"_pk_label":"PK 91+200","_voie":"LGV2"},"geometry":{"type":"Point","coordinates":[0.334353219,46.61921369000001]}},{"id":"91161","type":"Feature","properties":{"_pk_label":"PK 91+300","_voie":"LGV2"},"geometry":{"type":"Point","coordinates":[0.33356458900000097,46.618496089999994]}},{"id":"91181","type":"Feature","properties":{"_pk_label":"PK 91+400","_voie":"LGV2"},"geometry":{"type":"Point","coordinates":[0.33276091699999966,46.61778646999998]}},{"id":"91201","type":"Feature","properties":{"_pk_label":"PK 91+500","_voie":"LGV2"},"geometry":{"type":"Point","coordinates":[0.33194236700000135,46.61708496000001]}},{"id":"91221","type":"Feature","properties":{"_pk_label":"PK 91+600","_voie":"LGV2"},"geometry":{"type":"Point","coordinates":[0.3311096140000004,46.6163914]}},{"id":"91241","type":"Feature","properties":{"_pk_label":"PK 91+700","_voie":"LGV2"},"geometry":{"type":"Point","coordinates":[0.33026630000000023,46.615703799999984]}},{"id":"91261","type":"Feature","properties":{"_pk_label":"PK 91+800","_voie":"LGV2"},"geometry":{"type":"Point","coordinates":[0.3294171310000005,46.61501949999998]}},{"id":"91281","type":"Feature","properties":{"_pk_label":"PK 91+900","_voie":"LGV2"},"geometry":{"type":"Point","coordinates":[0.32856646700000086,46.614336009999995]}},{"id":"91321","type":"Feature","properties":{"_pk_label":"PK 92+100","_voie":"LGV2"},"geometry":{"type":"Point","coordinates":[0.32686517200000104,46.61296902]}},{"id":"91341","type":"Feature","properties":{"_pk_label":"PK 92+200","_voie":"LGV2"},"geometry":{"type":"Point","coordinates":[0.32601455800000034,46.61228551]}},{"id":"91361","type":"Feature","properties":{"_pk_label":"PK 92+300","_voie":"LGV2"},"geometry":{"type":"Point","coordinates":[0.3251639530000001,46.61160199999999]}},{"id":"91381","type":"Feature","properties":{"_pk_label":"PK 92+400","_voie":"LGV2"},"geometry":{"type":"Point","coordinates":[0.32431338300000045,46.61091848]}},{"id":"91401","type":"Feature","properties":{"_pk_label":"PK 92+500","_voie":"LGV2"},"geometry":{"type":"Point","coordinates":[0.32346283300000045,46.61023496000001]}},{"id":"91421","type":"Feature","properties":{"_pk_label":"PK 92+600","_voie":"LGV2"},"geometry":{"type":"Point","coordinates":[0.32261230300000027,46.60955142000002]}},{"id":"91441","type":"Feature","properties":{"_pk_label":"PK 92+700","_voie":"LGV2"},"geometry":{"type":"Point","coordinates":[0.32176179700000046,46.608867889999985]}},{"id":"91461","type":"Feature","properties":{"_pk_label":"PK 92+800","_voie":"LGV2"},"geometry":{"type":"Point","coordinates":[0.32091129700000065,46.608184339999994]}},{"id":"91481","type":"Feature","properties":{"_pk_label":"PK 92+900","_voie":"LGV2"},"geometry":{"type":"Point","coordinates":[0.3200608330000007,46.60750079000001]}},{"id":"91521","type":"Feature","properties":{"_pk_label":"PK 93+100","_voie":"LGV2"},"geometry":{"type":"Point","coordinates":[0.3183599690000004,46.60613366999999]}},{"id":"91541","type":"Feature","properties":{"_pk_label":"PK 93+200","_voie":"LGV2"},"geometry":{"type":"Point","coordinates":[0.3175095690000004,46.60545009999999]}},{"id":"91561","type":"Feature","properties":{"_pk_label":"PK 93+300","_voie":"LGV2"},"geometry":{"type":"Point","coordinates":[0.31665917500000107,46.604766529999985]}},{"id":"91581","type":"Feature","properties":{"_pk_label":"PK 93+400","_voie":"LGV2"},"geometry":{"type":"Point","coordinates":[0.3158088190000009,46.60408294]}},{"id":"91601","type":"Feature","properties":{"_pk_label":"PK 93+500","_voie":"LGV2"},"geometry":{"type":"Point","coordinates":[0.31495848300000084,46.603399339999996]}},{"id":"91621","type":"Feature","properties":{"_pk_label":"PK 93+600","_voie":"LGV2"},"geometry":{"type":"Point","coordinates":[0.3141081670000005,46.602715749999994]}},{"id":"91641","type":"Feature","properties":{"_pk_label":"PK 93+700","_voie":"LGV2"},"geometry":{"type":"Point","coordinates":[0.3132578750000006,46.60203215000002]}},{"id":"91661","type":"Feature","properties":{"_pk_label":"PK 93+800","_voie":"LGV2"},"geometry":{"type":"Point","coordinates":[0.31240758900000026,46.60134854]}},{"id":"91681","type":"Feature","properties":{"_pk_label":"PK 93+900","_voie":"LGV2"},"geometry":{"type":"Point","coordinates":[0.3115573390000002,46.60066492999999]}},{"id":"91721","type":"Feature","properties":{"_pk_label":"PK 94+100","_voie":"LGV2"},"geometry":{"type":"Point","coordinates":[0.3098568999999999,46.59929768000001]}},{"id":"91741","type":"Feature","properties":{"_pk_label":"PK 94+200","_voie":"LGV2"},"geometry":{"type":"Point","coordinates":[0.3090067139999998,46.59861405000001]}},{"id":"91761","type":"Feature","properties":{"_pk_label":"PK 94+300","_voie":"LGV2"},"geometry":{"type":"Point","coordinates":[0.30815653600000154,46.5979304]}},{"id":"91781","type":"Feature","properties":{"_pk_label":"PK 94+400","_voie":"LGV2"},"geometry":{"type":"Point","coordinates":[0.30730639200000043,46.59724676]}},{"id":"91801","type":"Feature","properties":{"_pk_label":"PK 94+500","_voie":"LGV2"},"geometry":{"type":"Point","coordinates":[0.3064562690000009,46.59656309999999]}},{"id":"91821","type":"Feature","properties":{"_pk_label":"PK 94+600","_voie":"LGV2"},"geometry":{"type":"Point","coordinates":[0.3056061670000012,46.59587945]}},{"id":"91841","type":"Feature","properties":{"_pk_label":"PK 94+700","_voie":"LGV2"},"geometry":{"type":"Point","coordinates":[0.3047561280000005,46.59519574]}},{"id":"91861","type":"Feature","properties":{"_pk_label":"PK 94+800","_voie":"LGV2"},"geometry":{"type":"Point","coordinates":[0.3039081360000009,46.59451074]}},{"id":"91881","type":"Feature","properties":{"_pk_label":"PK 94+900","_voie":"LGV2"},"geometry":{"type":"Point","coordinates":[0.3030666719999996,46.59382179000001]}},{"id":"91922","type":"Feature","properties":{"_pk_label":"PK 95+100","_voie":"LGV2"},"geometry":{"type":"Point","coordinates":[0.30142073300000044,46.59242267999999]}},{"id":"91942","type":"Feature","properties":{"_pk_label":"PK 95+200","_voie":"LGV2"},"geometry":{"type":"Point","coordinates":[0.30061995799999947,46.59171096000001]}},{"id":"91962","type":"Feature","properties":{"_pk_label":"PK 95+300","_voie":"LGV2"},"geometry":{"type":"Point","coordinates":[0.2998343000000004,46.59099127]}},{"id":"91982","type":"Feature","properties":{"_pk_label":"PK 95+400","_voie":"LGV2"},"geometry":{"type":"Point","coordinates":[0.29906393600000014,46.59026377]}},{"id":"92002","type":"Feature","properties":{"_pk_label":"PK 95+500","_voie":"LGV2"},"geometry":{"type":"Point","coordinates":[0.29830902800000175,46.58952862]}},{"id":"92022","type":"Feature","properties":{"_pk_label":"PK 95+600","_voie":"LGV2"},"geometry":{"type":"Point","coordinates":[0.2975697220000008,46.58878598]}},{"id":"92042","type":"Feature","properties":{"_pk_label":"PK 95+700","_voie":"LGV2"},"geometry":{"type":"Point","coordinates":[0.296846197,46.58803599000001]}},{"id":"92062","type":"Feature","properties":{"_pk_label":"PK 95+800","_voie":"LGV2"},"geometry":{"type":"Point","coordinates":[0.29613857200000093,46.58727882999999]}},{"id":"92082","type":"Feature","properties":{"_pk_label":"PK 95+900","_voie":"LGV2"},"geometry":{"type":"Point","coordinates":[0.2954467690000007,46.586514779999995]}},{"id":"92122","type":"Feature","properties":{"_pk_label":"PK 96+100","_voie":"LGV2"},"geometry":{"type":"Point","coordinates":[0.2940961500000012,46.584973039999994]}},{"id":"92142","type":"Feature","properties":{"_pk_label":"PK 96+200","_voie":"LGV2"},"geometry":{"type":"Point","coordinates":[0.2934271440000007,46.58419970999999]}},{"id":"92162","type":"Feature","properties":{"_pk_label":"PK 96+300","_voie":"LGV2"},"geometry":{"type":"Point","coordinates":[0.2927582530000012,46.583426349999996]}},{"id":"92182","type":"Feature","properties":{"_pk_label":"PK 96+400","_voie":"LGV2"},"geometry":{"type":"Point","coordinates":[0.2920893779999999,46.58265298]}},{"id":"92202","type":"Feature","properties":{"_pk_label":"PK 96+500","_voie":"LGV2"},"geometry":{"type":"Point","coordinates":[0.2914205250000007,46.581879610000016]}},{"id":"92222","type":"Feature","properties":{"_pk_label":"PK 96+600","_voie":"LGV2"},"geometry":{"type":"Point","coordinates":[0.2907516889999995,46.58110624]}},{"id":"92242","type":"Feature","properties":{"_pk_label":"PK 96+700","_voie":"LGV2"},"geometry":{"type":"Point","coordinates":[0.29008149400000055,46.58033350000001]}},{"id":"92262","type":"Feature","properties":{"_pk_label":"PK 96+800","_voie":"LGV2"},"geometry":{"type":"Point","coordinates":[0.28940576400000084,46.57956314]}},{"id":"92282","type":"Feature","properties":{"_pk_label":"PK 96+900","_voie":"LGV2"},"geometry":{"type":"Point","coordinates":[0.28872310000000034,46.57879568999999]}},{"id":"92322","type":"Feature","properties":{"_pk_label":"PK 97+100","_voie":"LGV2"},"geometry":{"type":"Point","coordinates":[0.2873370060000003,46.577269689999994]}},{"id":"92342","type":"Feature","properties":{"_pk_label":"PK 97+200","_voie":"LGV2"},"geometry":{"type":"Point","coordinates":[0.28663363600000064,46.576511200000006]}},{"id":"92362","type":"Feature","properties":{"_pk_label":"PK 97+300","_voie":"LGV2"},"geometry":{"type":"Point","coordinates":[0.2859234330000011,46.57575573999999]}},{"id":"92382","type":"Feature","properties":{"_pk_label":"PK 97+400","_voie":"LGV2"},"geometry":{"type":"Point","coordinates":[0.28520641900000016,46.57500335999999]}},{"id":"92402","type":"Feature","properties":{"_pk_label":"PK 97+500","_voie":"LGV2"},"geometry":{"type":"Point","coordinates":[0.2844826190000012,46.57425408]}},{"id":"92422","type":"Feature","properties":{"_pk_label":"PK 97+600","_voie":"LGV2"},"geometry":{"type":"Point","coordinates":[0.2837520580000002,46.57350792999999]}},{"id":"92442","type":"Feature","properties":{"_pk_label":"PK 97+700","_voie":"LGV2"},"geometry":{"type":"Point","coordinates":[0.2830147639999999,46.57276494]}},{"id":"92462","type":"Feature","properties":{"_pk_label":"PK 97+800","_voie":"LGV2"},"geometry":{"type":"Point","coordinates":[0.28227078300000086,46.57202513]}},{"id":"92482","type":"Feature","properties":{"_pk_label":"PK 97+900","_voie":"LGV2"},"geometry":{"type":"Point","coordinates":[0.2815201440000005,46.571288519999996]}},{"id":"92522","type":"Feature","properties":{"_pk_label":"PK 98+100","_voie":"LGV2"},"geometry":{"type":"Point","coordinates":[0.28000844400000063,46.56982017]}},{"id":"92542","type":"Feature","properties":{"_pk_label":"PK 98+200","_voie":"LGV2"},"geometry":{"type":"Point","coordinates":[0.27925216900000027,46.56908616]}},{"id":"92562","type":"Feature","properties":{"_pk_label":"PK 98+300","_voie":"LGV2"},"geometry":{"type":"Point","coordinates":[0.27849592800000106,46.56835216000001]}},{"id":"92582","type":"Feature","properties":{"_pk_label":"PK 98+400","_voie":"LGV2"},"geometry":{"type":"Point","coordinates":[0.27773969400000037,46.567618149999994]}},{"id":"92602","type":"Feature","properties":{"_pk_label":"PK 98+500","_voie":"LGV2"},"geometry":{"type":"Point","coordinates":[0.27698349700000136,46.56688414]}},{"id":"92622","type":"Feature","properties":{"_pk_label":"PK 98+600","_voie":"LGV2"},"geometry":{"type":"Point","coordinates":[0.2762273030000005,46.56615011999999]}},{"id":"92642","type":"Feature","properties":{"_pk_label":"PK 98+700","_voie":"LGV2"},"geometry":{"type":"Point","coordinates":[0.27547114400000056,46.565416100000014]}},{"id":"92662","type":"Feature","properties":{"_pk_label":"PK 98+800","_voie":"LGV2"},"geometry":{"type":"Point","coordinates":[0.2747149920000011,46.56468207000001]}},{"id":"92682","type":"Feature","properties":{"_pk_label":"PK 98+900","_voie":"LGV2"},"geometry":{"type":"Point","coordinates":[0.27395887499999944,46.56394804]}},{"id":"92722","type":"Feature","properties":{"_pk_label":"PK 99+100","_voie":"LGV2"},"geometry":{"type":"Point","coordinates":[0.2724466860000004,46.56247995999998]}},{"id":"92742","type":"Feature","properties":{"_pk_label":"PK 99+200","_voie":"LGV2"},"geometry":{"type":"Point","coordinates":[0.27169061699999963,46.561745900000005]}},{"id":"92762","type":"Feature","properties":{"_pk_label":"PK 99+300","_voie":"LGV2"},"geometry":{"type":"Point","coordinates":[0.27093457800000087,46.56101183999999]}},{"id":"92782","type":"Feature","properties":{"_pk_label":"PK 99+400","_voie":"LGV2"},"geometry":{"type":"Point","coordinates":[0.2701785500000009,46.560277789999994]}},{"id":"92802","type":"Feature","properties":{"_pk_label":"PK 99+500","_voie":"LGV2"},"geometry":{"type":"Point","coordinates":[0.2694225530000004,46.55954372]}},{"id":"92822","type":"Feature","properties":{"_pk_label":"PK 99+600","_voie":"LGV2"},"geometry":{"type":"Point","coordinates":[0.2686665640000001,46.55880964999999]}},{"id":"92842","type":"Feature","properties":{"_pk_label":"PK 99+700","_voie":"LGV2"},"geometry":{"type":"Point","coordinates":[0.2679106080000008,46.55807558000001]}},{"id":"92862","type":"Feature","properties":{"_pk_label":"PK 99+800","_voie":"LGV2"},"geometry":{"type":"Point","coordinates":[0.2671546610000008,46.557341499999986]}},{"id":"92882","type":"Feature","properties":{"_pk_label":"PK 99+900","_voie":"LGV2"},"geometry":{"type":"Point","coordinates":[0.2663987470000017,46.556607419999985]}},{"id":"92922","type":"Feature","properties":{"_pk_label":"PK 100+100","_voie":"LGV2"},"geometry":{"type":"Point","coordinates":[0.2648869640000004,46.55513923]}},{"id":"92942","type":"Feature","properties":{"_pk_label":"PK 100+200","_voie":"LGV2"},"geometry":{"type":"Point","coordinates":[0.26413109700000126,46.554405130000006]}},{"id":"92962","type":"Feature","properties":{"_pk_label":"PK 100+300","_voie":"LGV2"},"geometry":{"type":"Point","coordinates":[0.2633752670000014,46.55367102]}},{"id":"92982","type":"Feature","properties":{"_pk_label":"PK 100+400","_voie":"LGV2"},"geometry":{"type":"Point","coordinates":[0.2626194390000012,46.552936910000014]}},{"id":"93002","type":"Feature","properties":{"_pk_label":"PK 100+500","_voie":"LGV2"},"geometry":{"type":"Point","coordinates":[0.26186364700000003,46.55220279999999]}},{"id":"93022","type":"Feature","properties":{"_pk_label":"PK 100+600","_voie":"LGV2"},"geometry":{"type":"Point","coordinates":[0.2611078639999998,46.55146868000001]}},{"id":"93042","type":"Feature","properties":{"_pk_label":"PK 100+700","_voie":"LGV2"},"geometry":{"type":"Point","coordinates":[0.2603521110000011,46.550734549999994]}},{"id":"93062","type":"Feature","properties":{"_pk_label":"PK 100+800","_voie":"LGV2"},"geometry":{"type":"Point","coordinates":[0.25959636700000216,46.55000041999998]}},{"id":"93082","type":"Feature","properties":{"_pk_label":"PK 100+900","_voie":"LGV2"},"geometry":{"type":"Point","coordinates":[0.2588406560000001,46.549266290000006]}},{"id":"93122","type":"Feature","properties":{"_pk_label":"PK 101+100","_voie":"LGV2"},"geometry":{"type":"Point","coordinates":[0.25732928300000074,46.54779799999999]}},{"id":"93142","type":"Feature","properties":{"_pk_label":"PK 101+200","_voie":"LGV2"},"geometry":{"type":"Point","coordinates":[0.2565737000000002,46.54706379999998]}},{"id":"93162","type":"Feature","properties":{"_pk_label":"PK 101+300","_voie":"LGV2"},"geometry":{"type":"Point","coordinates":[0.2558205530000004,46.54632831000001]}},{"id":"93182","type":"Feature","properties":{"_pk_label":"PK 101+400","_voie":"LGV2"},"geometry":{"type":"Point","coordinates":[0.25507470000000126,46.54558919]}},{"id":"93202","type":"Feature","properties":{"_pk_label":"PK 101+500","_voie":"LGV2"},"geometry":{"type":"Point","coordinates":[0.2543410330000014,46.5448442]}},{"id":"93222","type":"Feature","properties":{"_pk_label":"PK 101+600","_voie":"LGV2"},"geometry":{"type":"Point","coordinates":[0.25362178600000024,46.544092550000016]}},{"id":"93242","type":"Feature","properties":{"_pk_label":"PK 101+700","_voie":"LGV2"},"geometry":{"type":"Point","coordinates":[0.25291713600000126,46.543334329999986]}},{"id":"93262","type":"Feature","properties":{"_pk_label":"PK 101+800","_voie":"LGV2"},"geometry":{"type":"Point","coordinates":[0.252227231,46.54256971]}},{"id":"93282","type":"Feature","properties":{"_pk_label":"PK 101+900","_voie":"LGV2"},"geometry":{"type":"Point","coordinates":[0.25155218099999943,46.54179879000001]}},{"id":"93322","type":"Feature","properties":{"_pk_label":"PK 102+100","_voie":"LGV2"},"geometry":{"type":"Point","coordinates":[0.25024711899999996,46.54023867000001]}},{"id":"93342","type":"Feature","properties":{"_pk_label":"PK 102+200","_voie":"LGV2"},"geometry":{"type":"Point","coordinates":[0.2496173390000007,46.53944973]}},{"id":"93362","type":"Feature","properties":{"_pk_label":"PK 102+300","_voie":"LGV2"},"geometry":{"type":"Point","coordinates":[0.24900288100000034,46.53865506]}},{"id":"93382","type":"Feature","properties":{"_pk_label":"PK 102+400","_voie":"LGV2"},"geometry":{"type":"Point","coordinates":[0.24840384200000012,46.53785482000001]}},{"id":"93402","type":"Feature","properties":{"_pk_label":"PK 102+500","_voie":"LGV2"},"geometry":{"type":"Point","coordinates":[0.24782034400000044,46.53704913]}},{"id":"93422","type":"Feature","properties":{"_pk_label":"PK 102+600","_voie":"LGV2"},"geometry":{"type":"Point","coordinates":[0.24725247500000164,46.53623814]}},{"id":"93442","type":"Feature","properties":{"_pk_label":"PK 102+700","_voie":"LGV2"},"geometry":{"type":"Point","coordinates":[0.24670035300000134,46.53542199000001]}},{"id":"93462","type":"Feature","properties":{"_pk_label":"PK 102+800","_voie":"LGV2"},"geometry":{"type":"Point","coordinates":[0.24616404999999977,46.53460083]}},{"id":"93482","type":"Feature","properties":{"_pk_label":"PK 102+900","_voie":"LGV2"},"geometry":{"type":"Point","coordinates":[0.24564368900000025,46.53377481]}},{"id":"93522","type":"Feature","properties":{"_pk_label":"PK 103+100","_voie":"LGV2"},"geometry":{"type":"Point","coordinates":[0.24464940300000143,46.53210931]}},{"id":"93542","type":"Feature","properties":{"_pk_label":"PK 103+200","_voie":"LGV2"},"geometry":{"type":"Point","coordinates":[0.24416875600000051,46.531272079999994]}},{"id":"93562","type":"Feature","properties":{"_pk_label":"PK 103+300","_voie":"LGV2"},"geometry":{"type":"Point","coordinates":[0.24369179699999977,46.53043394]}},{"id":"93582","type":"Feature","properties":{"_pk_label":"PK 103+400","_voie":"LGV2"},"geometry":{"type":"Point","coordinates":[0.2432151030000004,46.52959575]}},{"id":"93602","type":"Feature","properties":{"_pk_label":"PK 103+500","_voie":"LGV2"},"geometry":{"type":"Point","coordinates":[0.24273842500000004,46.52875756000001]}},{"id":"93622","type":"Feature","properties":{"_pk_label":"PK 103+600","_voie":"LGV2"},"geometry":{"type":"Point","coordinates":[0.24226176100000027,46.52791936]}},{"id":"93642","type":"Feature","properties":{"_pk_label":"PK 103+700","_voie":"LGV2"},"geometry":{"type":"Point","coordinates":[0.24178511400000086,46.52708117]}},{"id":"93662","type":"Feature","properties":{"_pk_label":"PK 103+800","_voie":"LGV2"},"geometry":{"type":"Point","coordinates":[0.24130849199999935,46.52624297]}},{"id":"93682","type":"Feature","properties":{"_pk_label":"PK 103+900","_voie":"LGV2"},"geometry":{"type":"Point","coordinates":[0.24083187200000097,46.52540477]}},{"id":"93722","type":"Feature","properties":{"_pk_label":"PK 104+100","_voie":"LGV2"},"geometry":{"type":"Point","coordinates":[0.2398786780000008,46.52372835999999]}},{"id":"93742","type":"Feature","properties":{"_pk_label":"PK 104+200","_voie":"LGV2"},"geometry":{"type":"Point","coordinates":[0.23940210300000003,46.522890159999996]}},{"id":"93762","type":"Feature","properties":{"_pk_label":"PK 104+300","_voie":"LGV2"},"geometry":{"type":"Point","coordinates":[0.23892554200000027,46.52205195]}},{"id":"93782","type":"Feature","properties":{"_pk_label":"PK 104+400","_voie":"LGV2"},"geometry":{"type":"Point","coordinates":[0.2384489940000001,46.52121373999999]}},{"id":"93802","type":"Feature","properties":{"_pk_label":"PK 104+500","_voie":"LGV2"},"geometry":{"type":"Point","coordinates":[0.2379724640000013,46.52037552]}},{"id":"93822","type":"Feature","properties":{"_pk_label":"PK 104+600","_voie":"LGV2"},"geometry":{"type":"Point","coordinates":[0.23749594700000054,46.51953730999998]}},{"id":"93842","type":"Feature","properties":{"_pk_label":"PK 104+700","_voie":"LGV2"},"geometry":{"type":"Point","coordinates":[0.23701944400000077,46.51869909]}},{"id":"93862","type":"Feature","properties":{"_pk_label":"PK 104+800","_voie":"LGV2"},"geometry":{"type":"Point","coordinates":[0.2365429580000002,46.51786087999999]}},{"id":"93882","type":"Feature","properties":{"_pk_label":"PK 104+900","_voie":"LGV2"},"geometry":{"type":"Point","coordinates":[0.23606649700000026,46.51702266]}},{"id":"93922","type":"Feature","properties":{"_pk_label":"PK 105+100","_voie":"LGV2"},"geometry":{"type":"Point","coordinates":[0.2351135970000001,46.5153462]}},{"id":"93942","type":"Feature","properties":{"_pk_label":"PK 105+200","_voie":"LGV2"},"geometry":{"type":"Point","coordinates":[0.23463716700000073,46.51450797999999]}},{"id":"93962","type":"Feature","properties":{"_pk_label":"PK 105+300","_voie":"LGV2"},"geometry":{"type":"Point","coordinates":[0.23416075300000036,46.51366974]}},{"id":"93982","type":"Feature","properties":{"_pk_label":"PK 105+400","_voie":"LGV2"},"geometry":{"type":"Point","coordinates":[0.2336843530000006,46.512831519999985]}},{"id":"94002","type":"Feature","properties":{"_pk_label":"PK 105+500","_voie":"LGV2"},"geometry":{"type":"Point","coordinates":[0.23320796899999982,46.51199328]}},{"id":"94022","type":"Feature","properties":{"_pk_label":"PK 105+600","_voie":"LGV2"},"geometry":{"type":"Point","coordinates":[0.23273159999999984,46.51115503999999]}},{"id":"94042","type":"Feature","properties":{"_pk_label":"PK 105+700","_voie":"LGV2"},"geometry":{"type":"Point","coordinates":[0.23225524399999986,46.51031679999999]}},{"id":"94062","type":"Feature","properties":{"_pk_label":"PK 105+800","_voie":"LGV2"},"geometry":{"type":"Point","coordinates":[0.2317789030000003,46.50947856]}},{"id":"94082","type":"Feature","properties":{"_pk_label":"PK 105+900","_voie":"LGV2"},"geometry":{"type":"Point","coordinates":[0.23130257500000076,46.50864033000001]}},{"id":"94122","type":"Feature","properties":{"_pk_label":"PK 106+100","_voie":"LGV2"},"geometry":{"type":"Point","coordinates":[0.23034998099999962,46.50696383000001]}},{"id":"94142","type":"Feature","properties":{"_pk_label":"PK 106+200","_voie":"LGV2"},"geometry":{"type":"Point","coordinates":[0.2298736970000003,46.50612558]}},{"id":"94162","type":"Feature","properties":{"_pk_label":"PK 106+300","_voie":"LGV2"},"geometry":{"type":"Point","coordinates":[0.22939743099999949,46.50528733000001]}},{"id":"94182","type":"Feature","properties":{"_pk_label":"PK 106+400","_voie":"LGV2"},"geometry":{"type":"Point","coordinates":[0.22892117799999992,46.504449079999986]}},{"id":"94202","type":"Feature","properties":{"_pk_label":"PK 106+500","_voie":"LGV2"},"geometry":{"type":"Point","coordinates":[0.22844493900000057,46.50361082999999]}},{"id":"94222","type":"Feature","properties":{"_pk_label":"PK 106+600","_voie":"LGV2"},"geometry":{"type":"Point","coordinates":[0.22796871400000102,46.50277255999999]}},{"id":"94242","type":"Feature","properties":{"_pk_label":"PK 106+700","_voie":"LGV2"},"geometry":{"type":"Point","coordinates":[0.22749250599999984,46.50193431000001]}},{"id":"94262","type":"Feature","properties":{"_pk_label":"PK 106+800","_voie":"LGV2"},"geometry":{"type":"Point","coordinates":[0.2270163109999999,46.501096039999986]}},{"id":"94282","type":"Feature","properties":{"_pk_label":"PK 106+900","_voie":"LGV2"},"geometry":{"type":"Point","coordinates":[0.22654013100000073,46.50025778000001]}},{"id":"94322","type":"Feature","properties":{"_pk_label":"PK 107+100","_voie":"LGV2"},"geometry":{"type":"Point","coordinates":[0.2255878140000008,46.49858125]}},{"id":"94342","type":"Feature","properties":{"_pk_label":"PK 107+200","_voie":"LGV2"},"geometry":{"type":"Point","coordinates":[0.22511169200000086,46.497742980000005]}},{"id":"94362","type":"Feature","properties":{"_pk_label":"PK 107+300","_voie":"LGV2"},"geometry":{"type":"Point","coordinates":[0.22463557200000048,46.49690471]}},{"id":"94382","type":"Feature","properties":{"_pk_label":"PK 107+400","_voie":"LGV2"},"geometry":{"type":"Point","coordinates":[0.22415946400000034,46.496066429999985]}},{"id":"94402","type":"Feature","properties":{"_pk_label":"PK 107+500","_voie":"LGV2"},"geometry":{"type":"Point","coordinates":[0.22368337200000118,46.49522815999999]}},{"id":"94422","type":"Feature","properties":{"_pk_label":"PK 107+600","_voie":"LGV2"},"geometry":{"type":"Point","coordinates":[0.22320729400000144,46.49438987999999]}},{"id":"94442","type":"Feature","properties":{"_pk_label":"PK 107+700","_voie":"LGV2"},"geometry":{"type":"Point","coordinates":[0.22273123300000086,46.493551599999996]}},{"id":"94462","type":"Feature","properties":{"_pk_label":"PK 107+800","_voie":"LGV2"},"geometry":{"type":"Point","coordinates":[0.22225518300000072,46.49271331999999]}},{"id":"94482","type":"Feature","properties":{"_pk_label":"PK 107+900","_voie":"LGV2"},"geometry":{"type":"Point","coordinates":[0.22177915000000176,46.491875029999996]}},{"id":"94522","type":"Feature","properties":{"_pk_label":"PK 108+100","_voie":"LGV2"},"geometry":{"type":"Point","coordinates":[0.22082712800000043,46.49019846]}},{"id":"94542","type":"Feature","properties":{"_pk_label":"PK 108+200","_voie":"LGV2"},"geometry":{"type":"Point","coordinates":[0.22035113900000047,46.48936016]}},{"id":"94562","type":"Feature","properties":{"_pk_label":"PK 108+300","_voie":"LGV2"},"geometry":{"type":"Point","coordinates":[0.21987516399999993,46.48852187000001]}},{"id":"94582","type":"Feature","properties":{"_pk_label":"PK 108+400","_voie":"LGV2"},"geometry":{"type":"Point","coordinates":[0.21939921400000043,46.48768358]}},{"id":"94602","type":"Feature","properties":{"_pk_label":"PK 108+500","_voie":"LGV2"},"geometry":{"type":"Point","coordinates":[0.21892326900000147,46.48684527999999]}},{"id":"94622","type":"Feature","properties":{"_pk_label":"PK 108+600","_voie":"LGV2"},"geometry":{"type":"Point","coordinates":[0.2184473390000009,46.48600699]}},{"id":"94642","type":"Feature","properties":{"_pk_label":"PK 108+700","_voie":"LGV2"},"geometry":{"type":"Point","coordinates":[0.21797142200000075,46.48516868]}},{"id":"94663","type":"Feature","properties":{"_pk_label":"PK 108+800","_voie":"LGV2"},"geometry":{"type":"Point","coordinates":[0.2174961830000006,46.48433015999999]}},{"id":"94683","type":"Feature","properties":{"_pk_label":"PK 108+900","_voie":"LGV2"},"geometry":{"type":"Point","coordinates":[0.21702604400000053,46.48349015999999]}},{"id":"94723","type":"Feature","properties":{"_pk_label":"PK 109+100","_voie":"LGV2"},"geometry":{"type":"Point","coordinates":[0.21611873100000117,46.481801440000005]}},{"id":"94743","type":"Feature","properties":{"_pk_label":"PK 109+200","_voie":"LGV2"},"geometry":{"type":"Point","coordinates":[0.21568346099999958,46.48095246]}},{"id":"94763","type":"Feature","properties":{"_pk_label":"PK 109+300","_voie":"LGV2"},"geometry":{"type":"Point","coordinates":[0.21526052500000112,46.48010051999999]}},{"id":"94783","type":"Feature","properties":{"_pk_label":"PK 109+400","_voie":"LGV2"},"geometry":{"type":"Point","coordinates":[0.214849956,46.479245690000006]}},{"id":"94803","type":"Feature","properties":{"_pk_label":"PK 109+500","_voie":"LGV2"},"geometry":{"type":"Point","coordinates":[0.21445179200000092,46.47838807000002]}},{"id":"94823","type":"Feature","properties":{"_pk_label":"PK 109+600","_voie":"LGV2"},"geometry":{"type":"Point","coordinates":[0.2140660750000013,46.47752774]}},{"id":"94843","type":"Feature","properties":{"_pk_label":"PK 109+700","_voie":"LGV2"},"geometry":{"type":"Point","coordinates":[0.213692844,46.47666478]}},{"id":"94863","type":"Feature","properties":{"_pk_label":"PK 109+800","_voie":"LGV2"},"geometry":{"type":"Point","coordinates":[0.21333213100000056,46.47579929]}},{"id":"94883","type":"Feature","properties":{"_pk_label":"PK 109+900","_voie":"LGV2"},"geometry":{"type":"Point","coordinates":[0.21298396900000074,46.47493135000001]}},{"id":"94923","type":"Feature","properties":{"_pk_label":"PK 110+100","_voie":"LGV2"},"geometry":{"type":"Point","coordinates":[0.21232546699999957,46.473188470000004]}},{"id":"94943","type":"Feature","properties":{"_pk_label":"PK 110+200","_voie":"LGV2"},"geometry":{"type":"Point","coordinates":[0.21201518100000022,46.472313710000016]}},{"id":"94963","type":"Feature","properties":{"_pk_label":"PK 110+300","_voie":"LGV2"},"geometry":{"type":"Point","coordinates":[0.21171758300000043,46.47143684]}},{"id":"94983","type":"Feature","properties":{"_pk_label":"PK 110+400","_voie":"LGV2"},"geometry":{"type":"Point","coordinates":[0.21143270800000036,46.47055795000001]}},{"id":"95003","type":"Feature","properties":{"_pk_label":"PK 110+500","_voie":"LGV2"},"geometry":{"type":"Point","coordinates":[0.21116056400000066,46.469677139999995]}},{"id":"95023","type":"Feature","properties":{"_pk_label":"PK 110+600","_voie":"LGV2"},"geometry":{"type":"Point","coordinates":[0.21090119700000032,46.468794499999994]}},{"id":"95043","type":"Feature","properties":{"_pk_label":"PK 110+700","_voie":"LGV2"},"geometry":{"type":"Point","coordinates":[0.21065461700000077,46.46791011]}},{"id":"95063","type":"Feature","properties":{"_pk_label":"PK 110+800","_voie":"LGV2"},"geometry":{"type":"Point","coordinates":[0.21042086900000084,46.46702406]}},{"id":"95083","type":"Feature","properties":{"_pk_label":"PK 110+900","_voie":"LGV2"},"geometry":{"type":"Point","coordinates":[0.21019994699999942,46.466136430000006]}},{"id":"95123","type":"Feature","properties":{"_pk_label":"PK 111+100","_voie":"LGV2"},"geometry":{"type":"Point","coordinates":[0.20979673899999945,46.46435681999999]}},{"id":"95143","type":"Feature","properties":{"_pk_label":"PK 111+200","_voie":"LGV2"},"geometry":{"type":"Point","coordinates":[0.20961448100000052,46.463465019999994]}},{"id":"95163","type":"Feature","properties":{"_pk_label":"PK 111+300","_voie":"LGV2"},"geometry":{"type":"Point","coordinates":[0.20944513100000017,46.46257200000001]}},{"id":"95183","type":"Feature","properties":{"_pk_label":"PK 111+400","_voie":"LGV2"},"geometry":{"type":"Point","coordinates":[0.2092887280000001,46.461677859999995]}},{"id":"95203","type":"Feature","properties":{"_pk_label":"PK 111+500","_voie":"LGV2"},"geometry":{"type":"Point","coordinates":[0.20914527800000093,46.46078267999999]}},{"id":"95223","type":"Feature","properties":{"_pk_label":"PK 111+600","_voie":"LGV2"},"geometry":{"type":"Point","coordinates":[0.20901478899999984,46.45988653999999]}},{"id":"95243","type":"Feature","properties":{"_pk_label":"PK 111+700","_voie":"LGV2"},"geometry":{"type":"Point","coordinates":[0.2088972669999999,46.45898956]}},{"id":"95263","type":"Feature","properties":{"_pk_label":"PK 111+800","_voie":"LGV2"},"geometry":{"type":"Point","coordinates":[0.2087927500000006,46.45809181000001]}},{"id":"95283","type":"Feature","properties":{"_pk_label":"PK 111+900","_voie":"LGV2"},"geometry":{"type":"Point","coordinates":[0.2087012280000001,46.457193379999985]}},{"id":"95323","type":"Feature","properties":{"_pk_label":"PK 112+100","_voie":"LGV2"},"geometry":{"type":"Point","coordinates":[0.2085572080000011,46.45539483999998]}},{"id":"95343","type":"Feature","properties":{"_pk_label":"PK 112+200","_voie":"LGV2"},"geometry":{"type":"Point","coordinates":[0.2085047280000004,46.454494909999994]}},{"id":"95363","type":"Feature","properties":{"_pk_label":"PK 112+300","_voie":"LGV2"},"geometry":{"type":"Point","coordinates":[0.2084652750000004,46.453594669999994]}},{"id":"95384","type":"Feature","properties":{"_pk_label":"PK 112+400","_voie":"LGV2"},"geometry":{"type":"Point","coordinates":[0.20843881700000041,46.452694210000004]}},{"id":"95404","type":"Feature","properties":{"_pk_label":"PK 112+500","_voie":"LGV2"},"geometry":{"type":"Point","coordinates":[0.208423211000001,46.45179369000002]}},{"id":"95424","type":"Feature","properties":{"_pk_label":"PK 112+600","_voie":"LGV2"},"geometry":{"type":"Point","coordinates":[0.20841271100000042,46.450893230000005]}},{"id":"95444","type":"Feature","properties":{"_pk_label":"PK 112+700","_voie":"LGV2"},"geometry":{"type":"Point","coordinates":[0.2084028250000003,46.44999279]}},{"id":"95464","type":"Feature","properties":{"_pk_label":"PK 112+800","_voie":"LGV2"},"geometry":{"type":"Point","coordinates":[0.20839292200000137,46.44909237]}},{"id":"95484","type":"Feature","properties":{"_pk_label":"PK 112+900","_voie":"LGV2"},"geometry":{"type":"Point","coordinates":[0.20838302199999983,46.44819194]}},{"id":"95524","type":"Feature","properties":{"_pk_label":"PK 113+100","_voie":"LGV2"},"geometry":{"type":"Point","coordinates":[0.20836323600000056,46.446391070000004]}},{"id":"95544","type":"Feature","properties":{"_pk_label":"PK 113+200","_voie":"LGV2"},"geometry":{"type":"Point","coordinates":[0.20835335300000057,46.44549064]}},{"id":"95564","type":"Feature","properties":{"_pk_label":"PK 113+300","_voie":"LGV2"},"geometry":{"type":"Point","coordinates":[0.20834345300000104,46.44459021]}},{"id":"95584","type":"Feature","properties":{"_pk_label":"PK 113+400","_voie":"LGV2"},"geometry":{"type":"Point","coordinates":[0.2083335670000013,46.44368978000001]}},{"id":"95604","type":"Feature","properties":{"_pk_label":"PK 113+500","_voie":"LGV2"},"geometry":{"type":"Point","coordinates":[0.20832366900000093,46.442789340000004]}},{"id":"95624","type":"Feature","properties":{"_pk_label":"PK 113+600","_voie":"LGV2"},"geometry":{"type":"Point","coordinates":[0.2083137830000012,46.44188891000002]}},{"id":"95644","type":"Feature","properties":{"_pk_label":"PK 113+700","_voie":"LGV2"},"geometry":{"type":"Point","coordinates":[0.20830388599999983,46.44098848]}},{"id":"95664","type":"Feature","properties":{"_pk_label":"PK 113+800","_voie":"LGV2"},"geometry":{"type":"Point","coordinates":[0.20829400299999984,46.44008804999999]}},{"id":"95684","type":"Feature","properties":{"_pk_label":"PK 113+900","_voie":"LGV2"},"geometry":{"type":"Point","coordinates":[0.20828410599999966,46.43918760999999]}},{"id":"95724","type":"Feature","properties":{"_pk_label":"PK 114+100","_voie":"LGV2"},"geometry":{"type":"Point","coordinates":[0.20826245800000015,46.43738683]}},{"id":"95744","type":"Feature","properties":{"_pk_label":"PK 114+200","_voie":"LGV2"},"geometry":{"type":"Point","coordinates":[0.2082432330000006,46.43648664]}},{"id":"95764","type":"Feature","properties":{"_pk_label":"PK 114+300","_voie":"LGV2"},"geometry":{"type":"Point","coordinates":[0.2082117860000008,46.43558663999999]}},{"id":"95784","type":"Feature","properties":{"_pk_label":"PK 114+400","_voie":"LGV2"},"geometry":{"type":"Point","coordinates":[0.2081673060000007,46.43468692]}},{"id":"95804","type":"Feature","properties":{"_pk_label":"PK 114+500","_voie":"LGV2"},"geometry":{"type":"Point","coordinates":[0.208109817,46.43378753999999]}},{"id":"95824","type":"Feature","properties":{"_pk_label":"PK 114+600","_voie":"LGV2"},"geometry":{"type":"Point","coordinates":[0.20803933100000094,46.43288861]}},{"id":"95844","type":"Feature","properties":{"_pk_label":"PK 114+700","_voie":"LGV2"},"geometry":{"type":"Point","coordinates":[0.2079558500000003,46.43199021]}},{"id":"95864","type":"Feature","properties":{"_pk_label":"PK 114+800","_voie":"LGV2"},"geometry":{"type":"Point","coordinates":[0.2078593890000001,46.431092430000014]}},{"id":"95884","type":"Feature","properties":{"_pk_label":"PK 114+900","_voie":"LGV2"},"geometry":{"type":"Point","coordinates":[0.2077499390000002,46.43019537000001]}},{"id":"95924","type":"Feature","properties":{"_pk_label":"PK 115+100","_voie":"LGV2"},"geometry":{"type":"Point","coordinates":[0.207492175000001,46.42840372]}},{"id":"95944","type":"Feature","properties":{"_pk_label":"PK 115+200","_voie":"LGV2"},"geometry":{"type":"Point","coordinates":[0.2073438750000007,46.427509329999964]}},{"id":"95964","type":"Feature","properties":{"_pk_label":"PK 115+300","_voie":"LGV2"},"geometry":{"type":"Point","coordinates":[0.2071826640000013,46.426615999999996]}},{"id":"95984","type":"Feature","properties":{"_pk_label":"PK 115+400","_voie":"LGV2"},"geometry":{"type":"Point","coordinates":[0.2070085390000002,46.425723839999996]}},{"id":"96004","type":"Feature","properties":{"_pk_label":"PK 115+500","_voie":"LGV2"},"geometry":{"type":"Point","coordinates":[0.20682152199999954,46.424832910000006]}},{"id":"96024","type":"Feature","properties":{"_pk_label":"PK 115+600","_voie":"LGV2"},"geometry":{"type":"Point","coordinates":[0.20662164700000119,46.42394334]}},{"id":"96044","type":"Feature","properties":{"_pk_label":"PK 115+700","_voie":"LGV2"},"geometry":{"type":"Point","coordinates":[0.20640892500000044,46.42305518999999]}},{"id":"96064","type":"Feature","properties":{"_pk_label":"PK 115+800","_voie":"LGV2"},"geometry":{"type":"Point","coordinates":[0.20618337500000164,46.42216854]}},{"id":"96084","type":"Feature","properties":{"_pk_label":"PK 115+900","_voie":"LGV2"},"geometry":{"type":"Point","coordinates":[0.20594502200000103,46.42128351]}},{"id":"96124","type":"Feature","properties":{"_pk_label":"PK 116+100","_voie":"LGV2"},"geometry":{"type":"Point","coordinates":[0.2054300060000017,46.41951859999999]}},{"id":"96144","type":"Feature","properties":{"_pk_label":"PK 116+200","_voie":"LGV2"},"geometry":{"type":"Point","coordinates":[0.2051533999999996,46.41863890999999]}},{"id":"96164","type":"Feature","properties":{"_pk_label":"PK 116+300","_voie":"LGV2"},"geometry":{"type":"Point","coordinates":[0.20486410299999974,46.41776117000001]}},{"id":"96184","type":"Feature","properties":{"_pk_label":"PK 116+400","_voie":"LGV2"},"geometry":{"type":"Point","coordinates":[0.20456212800000098,46.41688546999998]}},{"id":"96204","type":"Feature","properties":{"_pk_label":"PK 116+500","_voie":"LGV2"},"geometry":{"type":"Point","coordinates":[0.20424751900000032,46.41601191]}},{"id":"96224","type":"Feature","properties":{"_pk_label":"PK 116+600","_voie":"LGV2"},"geometry":{"type":"Point","coordinates":[0.20392030000000025,46.41514056]}},{"id":"96244","type":"Feature","properties":{"_pk_label":"PK 116+700","_voie":"LGV2"},"geometry":{"type":"Point","coordinates":[0.2035805190000013,46.41427151999999]}},{"id":"96264","type":"Feature","properties":{"_pk_label":"PK 116+800","_voie":"LGV2"},"geometry":{"type":"Point","coordinates":[0.20322819999999991,46.41340488]}},{"id":"96284","type":"Feature","properties":{"_pk_label":"PK 116+900","_voie":"LGV2"},"geometry":{"type":"Point","coordinates":[0.2028633889999995,46.41254071]}},{"id":"96324","type":"Feature","properties":{"_pk_label":"PK 117+100","_voie":"LGV2"},"geometry":{"type":"Point","coordinates":[0.20209639400000037,46.41082015]}},{"id":"96345","type":"Feature","properties":{"_pk_label":"PK 117+200","_voie":"LGV2"},"geometry":{"type":"Point","coordinates":[0.2016944940000002,46.409963870000006]}},{"id":"96365","type":"Feature","properties":{"_pk_label":"PK 117+300","_voie":"LGV2"},"geometry":{"type":"Point","coordinates":[0.2012837390000004,46.40910950999998]}},{"id":"96385","type":"Feature","properties":{"_pk_label":"PK 117+400","_voie":"LGV2"},"geometry":{"type":"Point","coordinates":[0.20086976100000034,46.408255810000014]}},{"id":"96405","type":"Feature","properties":{"_pk_label":"PK 117+500","_voie":"LGV2"},"geometry":{"type":"Point","coordinates":[0.2004556500000003,46.40740212]}},{"id":"96425","type":"Feature","properties":{"_pk_label":"PK 117+600","_voie":"LGV2"},"geometry":{"type":"Point","coordinates":[0.20004153900000105,46.40654844000001]}},{"id":"96445","type":"Feature","properties":{"_pk_label":"PK 117+700","_voie":"LGV2"},"geometry":{"type":"Point","coordinates":[0.1996274419999996,46.40569475000001]}},{"id":"96465","type":"Feature","properties":{"_pk_label":"PK 117+800","_voie":"LGV2"},"geometry":{"type":"Point","coordinates":[0.19921335799999978,46.40484107000001]}},{"id":"96485","type":"Feature","properties":{"_pk_label":"PK 117+900","_voie":"LGV2"},"geometry":{"type":"Point","coordinates":[0.1987992859999998,46.403987380000004]}},{"id":"96525","type":"Feature","properties":{"_pk_label":"PK 118+100","_voie":"LGV2"},"geometry":{"type":"Point","coordinates":[0.1979711810000015,46.40227999999998]}},{"id":"96545","type":"Feature","properties":{"_pk_label":"PK 118+200","_voie":"LGV2"},"geometry":{"type":"Point","coordinates":[0.1975571610000004,46.401426300000004]}},{"id":"96565","type":"Feature","properties":{"_pk_label":"PK 118+300","_voie":"LGV2"},"geometry":{"type":"Point","coordinates":[0.1971431420000007,46.4005726]}},{"id":"96585","type":"Feature","properties":{"_pk_label":"PK 118+400","_voie":"LGV2"},"geometry":{"type":"Point","coordinates":[0.19672913300000125,46.399718910000004]}},{"id":"96605","type":"Feature","properties":{"_pk_label":"PK 118+500","_voie":"LGV2"},"geometry":{"type":"Point","coordinates":[0.1963151390000006,46.398865210000004]}},{"id":"96625","type":"Feature","properties":{"_pk_label":"PK 118+600","_voie":"LGV2"},"geometry":{"type":"Point","coordinates":[0.19590115800000038,46.39801151000002]}},{"id":"96645","type":"Feature","properties":{"_pk_label":"PK 118+700","_voie":"LGV2"},"geometry":{"type":"Point","coordinates":[0.1954871890000012,46.397157809999996]}},{"id":"96665","type":"Feature","properties":{"_pk_label":"PK 118+800","_voie":"LGV2"},"geometry":{"type":"Point","coordinates":[0.19507323300000043,46.396304109999996]}},{"id":"96685","type":"Feature","properties":{"_pk_label":"PK 118+900","_voie":"LGV2"},"geometry":{"type":"Point","coordinates":[0.19465929200000046,46.39545040000001]}},{"id":"96725","type":"Feature","properties":{"_pk_label":"PK 119+100","_voie":"LGV2"},"geometry":{"type":"Point","coordinates":[0.19382187799999998,46.393745470000006]}},{"id":"96745","type":"Feature","properties":{"_pk_label":"PK 119+200","_voie":"LGV2"},"geometry":{"type":"Point","coordinates":[0.19338752500000123,46.39289691]}},{"id":"96765","type":"Feature","properties":{"_pk_label":"PK 119+300","_voie":"LGV2"},"geometry":{"type":"Point","coordinates":[0.1929362580000013,46.392052639999996]}},{"id":"96785","type":"Feature","properties":{"_pk_label":"PK 119+400","_voie":"LGV2"},"geometry":{"type":"Point","coordinates":[0.1924673060000005,46.39121298999999]}},{"id":"96805","type":"Feature","properties":{"_pk_label":"PK 119+500","_voie":"LGV2"},"geometry":{"type":"Point","coordinates":[0.19198076100000114,46.39037816]}},{"id":"96825","type":"Feature","properties":{"_pk_label":"PK 119+600","_voie":"LGV2"},"geometry":{"type":"Point","coordinates":[0.19147673600000026,46.3895483]}},{"id":"96845","type":"Feature","properties":{"_pk_label":"PK 119+700","_voie":"LGV2"},"geometry":{"type":"Point","coordinates":[0.1909553359999995,46.38872361000001]}},{"id":"96865","type":"Feature","properties":{"_pk_label":"PK 119+800","_voie":"LGV2"},"geometry":{"type":"Point","coordinates":[0.1904166859999997,46.38790423999999]}},{"id":"96885","type":"Feature","properties":{"_pk_label":"PK 119+900","_voie":"LGV2"},"geometry":{"type":"Point","coordinates":[0.1898608690000007,46.387090380000004]}},{"id":"96925","type":"Feature","properties":{"_pk_label":"PK 120+100","_voie":"LGV2"},"geometry":{"type":"Point","coordinates":[0.1886982809999997,46.385479880000005]}},{"id":"96945","type":"Feature","properties":{"_pk_label":"PK 120+200","_voie":"LGV2"},"geometry":{"type":"Point","coordinates":[0.18809174200000045,46.38468354999999]}},{"id":"96965","type":"Feature","properties":{"_pk_label":"PK 120+300","_voie":"LGV2"},"geometry":{"type":"Point","coordinates":[0.18746856099999992,46.38389342999999]}},{"id":"96985","type":"Feature","properties":{"_pk_label":"PK 120+400","_voie":"LGV2"},"geometry":{"type":"Point","coordinates":[0.18682884700000038,46.383109660000024]}},{"id":"97005","type":"Feature","properties":{"_pk_label":"PK 120+500","_voie":"LGV2"},"geometry":{"type":"Point","coordinates":[0.18617275000000022,46.3823324]}},{"id":"97025","type":"Feature","properties":{"_pk_label":"PK 120+600","_voie":"LGV2"},"geometry":{"type":"Point","coordinates":[0.18550040599999998,46.38156182]}},{"id":"97045","type":"Feature","properties":{"_pk_label":"PK 120+700","_voie":"LGV2"},"geometry":{"type":"Point","coordinates":[0.18481196100000086,46.38079808]}},{"id":"97065","type":"Feature","properties":{"_pk_label":"PK 120+800","_voie":"LGV2"},"geometry":{"type":"Point","coordinates":[0.1841088060000013,46.38004073]}},{"id":"97085","type":"Feature","properties":{"_pk_label":"PK 120+900","_voie":"LGV2"},"geometry":{"type":"Point","coordinates":[0.18339560299999982,46.37928777]}},{"id":"97125","type":"Feature","properties":{"_pk_label":"PK 121+100","_voie":"LGV2"},"geometry":{"type":"Point","coordinates":[0.18195853300000053,46.37778644]}},{"id":"97145","type":"Feature","properties":{"_pk_label":"PK 121+200","_voie":"LGV2"},"geometry":{"type":"Point","coordinates":[0.1812396390000004,46.37703593]}},{"id":"97165","type":"Feature","properties":{"_pk_label":"PK 121+300","_voie":"LGV2"},"geometry":{"type":"Point","coordinates":[0.18052076100000003,46.37628541000001]}},{"id":"97185","type":"Feature","properties":{"_pk_label":"PK 121+400","_voie":"LGV2"},"geometry":{"type":"Point","coordinates":[0.17980190599999993,46.37553488]}},{"id":"97205","type":"Feature","properties":{"_pk_label":"PK 121+500","_voie":"LGV2"},"geometry":{"type":"Point","coordinates":[0.17908306700000082,46.37478435999999]}},{"id":"97225","type":"Feature","properties":{"_pk_label":"PK 121+600","_voie":"LGV2"},"geometry":{"type":"Point","coordinates":[0.17836424999999984,46.37403382]}},{"id":"97245","type":"Feature","properties":{"_pk_label":"PK 121+700","_voie":"LGV2"},"geometry":{"type":"Point","coordinates":[0.17764545300000015,46.37328329]}},{"id":"97265","type":"Feature","properties":{"_pk_label":"PK 121+800","_voie":"LGV2"},"geometry":{"type":"Point","coordinates":[0.17692667500000003,46.37253274]}},{"id":"97285","type":"Feature","properties":{"_pk_label":"PK 121+900","_voie":"LGV2"},"geometry":{"type":"Point","coordinates":[0.1762079170000004,46.37178218999998]}},{"id":"97325","type":"Feature","properties":{"_pk_label":"PK 122+100","_voie":"LGV2"},"geometry":{"type":"Point","coordinates":[0.17477046100000038,46.370281080000005]}},{"id":"97345","type":"Feature","properties":{"_pk_label":"PK 122+200","_voie":"LGV2"},"geometry":{"type":"Point","coordinates":[0.17405176099999958,46.36953053000001]}},{"id":"97365","type":"Feature","properties":{"_pk_label":"PK 122+300","_voie":"LGV2"},"geometry":{"type":"Point","coordinates":[0.17333308300000128,46.36877996]}},{"id":"97385","type":"Feature","properties":{"_pk_label":"PK 122+400","_voie":"LGV2"},"geometry":{"type":"Point","coordinates":[0.17261442499999993,46.368029390000025]}},{"id":"97405","type":"Feature","properties":{"_pk_label":"PK 122+500","_voie":"LGV2"},"geometry":{"type":"Point","coordinates":[0.17189578299999994,46.36727881]}},{"id":"97425","type":"Feature","properties":{"_pk_label":"PK 122+600","_voie":"LGV2"},"geometry":{"type":"Point","coordinates":[0.17117716400000024,46.36652824000001]}},{"id":"97446","type":"Feature","properties":{"_pk_label":"PK 122+700","_voie":"LGV2"},"geometry":{"type":"Point","coordinates":[0.1704587810000013,46.36577752999999]}},{"id":"97466","type":"Feature","properties":{"_pk_label":"PK 122+800","_voie":"LGV2"},"geometry":{"type":"Point","coordinates":[0.16974367199999982,46.36502523000001]}},{"id":"97486","type":"Feature","properties":{"_pk_label":"PK 122+900","_voie":"LGV2"},"geometry":{"type":"Point","coordinates":[0.16903543600000087,46.36426977999998]}},{"id":"97526","type":"Feature","properties":{"_pk_label":"PK 123+100","_voie":"LGV2"},"geometry":{"type":"Point","coordinates":[0.16764091100000025,46.362749169999994]}},{"id":"97546","type":"Feature","properties":{"_pk_label":"PK 123+200","_voie":"LGV2"},"geometry":{"type":"Point","coordinates":[0.16695469700000093,46.361984070000005]}},{"id":"97566","type":"Feature","properties":{"_pk_label":"PK 123+300","_voie":"LGV2"},"geometry":{"type":"Point","coordinates":[0.16627588900000034,46.36121580000001]}},{"id":"97586","type":"Feature","properties":{"_pk_label":"PK 123+400","_voie":"LGV2"},"geometry":{"type":"Point","coordinates":[0.16560450800000037,46.36044441999999]}},{"id":"97606","type":"Feature","properties":{"_pk_label":"PK 123+500","_voie":"LGV2"},"geometry":{"type":"Point","coordinates":[0.16494058300000083,46.359669949999976]}},{"id":"97626","type":"Feature","properties":{"_pk_label":"PK 123+600","_voie":"LGV2"},"geometry":{"type":"Point","coordinates":[0.16428416399999987,46.358892440000005]}},{"id":"97646","type":"Feature","properties":{"_pk_label":"PK 123+700","_voie":"LGV2"},"geometry":{"type":"Point","coordinates":[0.16363524400000093,46.3581119]}},{"id":"97666","type":"Feature","properties":{"_pk_label":"PK 123+800","_voie":"LGV2"},"geometry":{"type":"Point","coordinates":[0.16299388899999956,46.35732838999999]}},{"id":"97686","type":"Feature","properties":{"_pk_label":"PK 123+900","_voie":"LGV2"},"geometry":{"type":"Point","coordinates":[0.16236011100000036,46.35654192999999]}},{"id":"97726","type":"Feature","properties":{"_pk_label":"PK 124+100","_voie":"LGV2"},"geometry":{"type":"Point","coordinates":[0.1611153780000005,46.354960299999995]}},{"id":"97746","type":"Feature","properties":{"_pk_label":"PK 124+200","_voie":"LGV2"},"geometry":{"type":"Point","coordinates":[0.1605044970000004,46.35416521]}},{"id":"97766","type":"Feature","properties":{"_pk_label":"PK 124+300","_voie":"LGV2"},"geometry":{"type":"Point","coordinates":[0.15990128900000042,46.35336731000002]}},{"id":"97786","type":"Feature","properties":{"_pk_label":"PK 124+400","_voie":"LGV2"},"geometry":{"type":"Point","coordinates":[0.1593058030000004,46.352566650000014]}},{"id":"97806","type":"Feature","properties":{"_pk_label":"PK 124+500","_voie":"LGV2"},"geometry":{"type":"Point","coordinates":[0.15871805000000047,46.35176324]}},{"id":"97826","type":"Feature","properties":{"_pk_label":"PK 124+600","_voie":"LGV2"},"geometry":{"type":"Point","coordinates":[0.15813807799999957,46.35095715]}},{"id":"97846","type":"Feature","properties":{"_pk_label":"PK 124+700","_voie":"LGV2"},"geometry":{"type":"Point","coordinates":[0.157565875000001,46.35014839]}},{"id":"97866","type":"Feature","properties":{"_pk_label":"PK 124+800","_voie":"LGV2"},"geometry":{"type":"Point","coordinates":[0.15700150300000038,46.34933699]}},{"id":"97886","type":"Feature","properties":{"_pk_label":"PK 124+900","_voie":"LGV2"},"geometry":{"type":"Point","coordinates":[0.15644497200000115,46.34852302]}},{"id":"97926","type":"Feature","properties":{"_pk_label":"PK 125+100","_voie":"LGV2"},"geometry":{"type":"Point","coordinates":[0.15535551400000036,46.34688744]}},{"id":"97946","type":"Feature","properties":{"_pk_label":"PK 125+200","_voie":"LGV2"},"geometry":{"type":"Point","coordinates":[0.15482265000000092,46.34606590999999]}},{"id":"97966","type":"Feature","properties":{"_pk_label":"PK 125+300","_voie":"LGV2"},"geometry":{"type":"Point","coordinates":[0.1542977080000012,46.345241929999986]}},{"id":"97986","type":"Feature","properties":{"_pk_label":"PK 125+400","_voie":"LGV2"},"geometry":{"type":"Point","coordinates":[0.15378074200000003,46.344415549999994]}},{"id":"98006","type":"Feature","properties":{"_pk_label":"PK 125+500","_voie":"LGV2"},"geometry":{"type":"Point","coordinates":[0.15327174700000123,46.34358679999998]}},{"id":"98026","type":"Feature","properties":{"_pk_label":"PK 125+600","_voie":"LGV2"},"geometry":{"type":"Point","coordinates":[0.15277075800000023,46.34275571999999]}},{"id":"98046","type":"Feature","properties":{"_pk_label":"PK 125+700","_voie":"LGV2"},"geometry":{"type":"Point","coordinates":[0.15227780600000035,46.34192233000002]}},{"id":"98066","type":"Feature","properties":{"_pk_label":"PK 125+800","_voie":"LGV2"},"geometry":{"type":"Point","coordinates":[0.15179289200000015,46.34108668]}},{"id":"98086","type":"Feature","properties":{"_pk_label":"PK 125+900","_voie":"LGV2"},"geometry":{"type":"Point","coordinates":[0.15131604699999984,46.34024882]}},{"id":"98126","type":"Feature","properties":{"_pk_label":"PK 126+100","_voie":"LGV2"},"geometry":{"type":"Point","coordinates":[0.15038665000000173,46.33856657999999]}},{"id":"98146","type":"Feature","properties":{"_pk_label":"PK 126+200","_voie":"LGV2"},"geometry":{"type":"Point","coordinates":[0.14993413299999964,46.33772227]}},{"id":"98166","type":"Feature","properties":{"_pk_label":"PK 126+300","_voie":"LGV2"},"geometry":{"type":"Point","coordinates":[0.14948977799999996,46.33687587999998]}},{"id":"98186","type":"Feature","properties":{"_pk_label":"PK 126+400","_voie":"LGV2"},"geometry":{"type":"Point","coordinates":[0.14905358300000032,46.33602745999999]}},{"id":"98206","type":"Feature","properties":{"_pk_label":"PK 126+500","_voie":"LGV2"},"geometry":{"type":"Point","coordinates":[0.1486255830000001,46.33517705999999]}},{"id":"98226","type":"Feature","properties":{"_pk_label":"PK 126+600","_voie":"LGV2"},"geometry":{"type":"Point","coordinates":[0.14820578900000084,46.33432467999999]}},{"id":"98246","type":"Feature","properties":{"_pk_label":"PK 126+700","_voie":"LGV2"},"geometry":{"type":"Point","coordinates":[0.14779421400000065,46.333470389999995]}},{"id":"98266","type":"Feature","properties":{"_pk_label":"PK 126+800","_voie":"LGV2"},"geometry":{"type":"Point","coordinates":[0.14739089200000022,46.33261421]}},{"id":"98286","type":"Feature","properties":{"_pk_label":"PK 126+900","_voie":"LGV2"},"geometry":{"type":"Point","coordinates":[0.1469958360000008,46.33175619000001]}},{"id":"98326","type":"Feature","properties":{"_pk_label":"PK 127+100","_voie":"LGV2"},"geometry":{"type":"Point","coordinates":[0.14623056100000065,46.33003475999998]}},{"id":"98346","type":"Feature","properties":{"_pk_label":"PK 127+200","_voie":"LGV2"},"geometry":{"type":"Point","coordinates":[0.14586037500000046,46.32917144000002]}},{"id":"98366","type":"Feature","properties":{"_pk_label":"PK 127+300","_voie":"LGV2"},"geometry":{"type":"Point","coordinates":[0.14549853599999957,46.32830642]}},{"id":"98387","type":"Feature","properties":{"_pk_label":"PK 127+400","_voie":"LGV2"},"geometry":{"type":"Point","coordinates":[0.1451449080000006,46.32743977999999]}},{"id":"98407","type":"Feature","properties":{"_pk_label":"PK 127+500","_voie":"LGV2"},"geometry":{"type":"Point","coordinates":[0.1447966220000005,46.3265722]}},{"id":"98427","type":"Feature","properties":{"_pk_label":"PK 127+600","_voie":"LGV2"},"geometry":{"type":"Point","coordinates":[0.1444491220000013,46.325704499999986]}},{"id":"98447","type":"Feature","properties":{"_pk_label":"PK 127+700","_voie":"LGV2"},"geometry":{"type":"Point","coordinates":[0.14410164700000072,46.3248368]}},{"id":"98467","type":"Feature","properties":{"_pk_label":"PK 127+800","_voie":"LGV2"},"geometry":{"type":"Point","coordinates":[0.14375416700000085,46.32396910999999]}},{"id":"98487","type":"Feature","properties":{"_pk_label":"PK 127+900","_voie":"LGV2"},"geometry":{"type":"Point","coordinates":[0.14340670000000097,46.3231014]}},{"id":"98527","type":"Feature","properties":{"_pk_label":"PK 128+100","_voie":"LGV2"},"geometry":{"type":"Point","coordinates":[0.14271180800000066,46.32136599999999]}},{"id":"98547","type":"Feature","properties":{"_pk_label":"PK 128+200","_voie":"LGV2"},"geometry":{"type":"Point","coordinates":[0.1423643860000004,46.32049828999999]}},{"id":"98567","type":"Feature","properties":{"_pk_label":"PK 128+300","_voie":"LGV2"},"geometry":{"type":"Point","coordinates":[0.1420169640000009,46.31963059]}},{"id":"98587","type":"Feature","properties":{"_pk_label":"PK 128+400","_voie":"LGV2"},"geometry":{"type":"Point","coordinates":[0.1416695500000013,46.31876289000001]}},{"id":"98607","type":"Feature","properties":{"_pk_label":"PK 128+500","_voie":"LGV2"},"geometry":{"type":"Point","coordinates":[0.1413221610000004,46.31789518]}},{"id":"98627","type":"Feature","properties":{"_pk_label":"PK 128+600","_voie":"LGV2"},"geometry":{"type":"Point","coordinates":[0.1409747690000005,46.31702748]}},{"id":"98647","type":"Feature","properties":{"_pk_label":"PK 128+700","_voie":"LGV2"},"geometry":{"type":"Point","coordinates":[0.14062740300000065,46.31615976]}},{"id":"98667","type":"Feature","properties":{"_pk_label":"PK 128+800","_voie":"LGV2"},"geometry":{"type":"Point","coordinates":[0.14028003600000025,46.31529205999998]}},{"id":"98687","type":"Feature","properties":{"_pk_label":"PK 128+900","_voie":"LGV2"},"geometry":{"type":"Point","coordinates":[0.1399326779999999,46.314424339999995]}},{"id":"98727","type":"Feature","properties":{"_pk_label":"PK 129+100","_voie":"LGV2"},"geometry":{"type":"Point","coordinates":[0.1392381000000005,46.31268888999998]}},{"id":"98747","type":"Feature","properties":{"_pk_label":"PK 129+200","_voie":"LGV2"},"geometry":{"type":"Point","coordinates":[0.1388936970000005,46.31182052]}},{"id":"98767","type":"Feature","properties":{"_pk_label":"PK 129+300","_voie":"LGV2"},"geometry":{"type":"Point","coordinates":[0.13855780600000053,46.310950460000015]}},{"id":"98787","type":"Feature","properties":{"_pk_label":"PK 129+400","_voie":"LGV2"},"geometry":{"type":"Point","coordinates":[0.13823418600000045,46.310078159999975]}},{"id":"98807","type":"Feature","properties":{"_pk_label":"PK 129+500","_voie":"LGV2"},"geometry":{"type":"Point","coordinates":[0.13792317500000037,46.30920365]}},{"id":"98827","type":"Feature","properties":{"_pk_label":"PK 129+600","_voie":"LGV2"},"geometry":{"type":"Point","coordinates":[0.1376248190000013,46.30832704]}},{"id":"98847","type":"Feature","properties":{"_pk_label":"PK 129+700","_voie":"LGV2"},"geometry":{"type":"Point","coordinates":[0.1373391250000006,46.307448390000005]}},{"id":"98867","type":"Feature","properties":{"_pk_label":"PK 129+800","_voie":"LGV2"},"geometry":{"type":"Point","coordinates":[0.13706612799999993,46.30656780999999]}},{"id":"98887","type":"Feature","properties":{"_pk_label":"PK 129+900","_voie":"LGV2"},"geometry":{"type":"Point","coordinates":[0.13680587500000005,46.305685389999994]}},{"id":"98927","type":"Feature","properties":{"_pk_label":"PK 130+100","_voie":"LGV2"},"geometry":{"type":"Point","coordinates":[0.13632364200000074,46.30391534]}},{"id":"98947","type":"Feature","properties":{"_pk_label":"PK 130+200","_voie":"LGV2"},"geometry":{"type":"Point","coordinates":[0.13610171699999996,46.30302789]}},{"id":"98967","type":"Feature","properties":{"_pk_label":"PK 130+300","_voie":"LGV2"},"geometry":{"type":"Point","coordinates":[0.13589260600000022,46.30213894999999]}},{"id":"98987","type":"Feature","properties":{"_pk_label":"PK 130+400","_voie":"LGV2"},"geometry":{"type":"Point","coordinates":[0.13569633900000075,46.30124861000002]}},{"id":"99007","type":"Feature","properties":{"_pk_label":"PK 130+500","_voie":"LGV2"},"geometry":{"type":"Point","coordinates":[0.13551294400000033,46.300356949999994]}},{"id":"99027","type":"Feature","properties":{"_pk_label":"PK 130+600","_voie":"LGV2"},"geometry":{"type":"Point","coordinates":[0.13534242199999993,46.29946406]}},{"id":"99047","type":"Feature","properties":{"_pk_label":"PK 130+700","_voie":"LGV2"},"geometry":{"type":"Point","coordinates":[0.13518479700000088,46.29857004000001]}},{"id":"99067","type":"Feature","properties":{"_pk_label":"PK 130+800","_voie":"LGV2"},"geometry":{"type":"Point","coordinates":[0.13504008900000047,46.29767497999998]}},{"id":"99087","type":"Feature","properties":{"_pk_label":"PK 130+900","_voie":"LGV2"},"geometry":{"type":"Point","coordinates":[0.13490830600000098,46.296778939999996]}},{"id":"99127","type":"Feature","properties":{"_pk_label":"PK 131+100","_voie":"LGV2"},"geometry":{"type":"Point","coordinates":[0.13468354200000068,46.294984369999995]}},{"id":"99147","type":"Feature","properties":{"_pk_label":"PK 131+200","_voie":"LGV2"},"geometry":{"type":"Point","coordinates":[0.1345906030000009,46.294086]}},{"id":"99167","type":"Feature","properties":{"_pk_label":"PK 131+300","_voie":"LGV2"},"geometry":{"type":"Point","coordinates":[0.13451062200000058,46.29318702999999]}},{"id":"99187","type":"Feature","properties":{"_pk_label":"PK 131+400","_voie":"LGV2"},"geometry":{"type":"Point","coordinates":[0.13444362799999995,46.292287560000005]}},{"id":"99207","type":"Feature","properties":{"_pk_label":"PK 131+500","_voie":"LGV2"},"geometry":{"type":"Point","coordinates":[0.13438960600000022,46.29138766000001]}},{"id":"99227","type":"Feature","properties":{"_pk_label":"PK 131+600","_voie":"LGV2"},"geometry":{"type":"Point","coordinates":[0.13434857200000078,46.29048743999999]}},{"id":"99247","type":"Feature","properties":{"_pk_label":"PK 131+700","_voie":"LGV2"},"geometry":{"type":"Point","coordinates":[0.1343205140000002,46.289586969999995]}},{"id":"99267","type":"Feature","properties":{"_pk_label":"PK 131+800","_voie":"LGV2"},"geometry":{"type":"Point","coordinates":[0.13430546100000063,46.28868636000001]}},{"id":"99287","type":"Feature","properties":{"_pk_label":"PK 131+900","_voie":"LGV2"},"geometry":{"type":"Point","coordinates":[0.13430339700000074,46.28778569]}},{"id":"99327","type":"Feature","properties":{"_pk_label":"PK 132+100","_voie":"LGV2"},"geometry":{"type":"Point","coordinates":[0.1343382499999998,46.285984510000006]}},{"id":"99347","type":"Feature","properties":{"_pk_label":"PK 132+200","_voie":"LGV2"},"geometry":{"type":"Point","coordinates":[0.13437515800000063,46.28508419999999]}},{"id":"99367","type":"Feature","properties":{"_pk_label":"PK 132+300","_voie":"LGV2"},"geometry":{"type":"Point","coordinates":[0.1344250440000007,46.2841842]}},{"id":"99387","type":"Feature","properties":{"_pk_label":"PK 132+400","_voie":"LGV2"},"geometry":{"type":"Point","coordinates":[0.1344879060000008,46.28328458]}},{"id":"99407","type":"Feature","properties":{"_pk_label":"PK 132+500","_voie":"LGV2"},"geometry":{"type":"Point","coordinates":[0.13456373600000027,46.28238542999999]}},{"id":"99427","type":"Feature","properties":{"_pk_label":"PK 132+600","_voie":"LGV2"},"geometry":{"type":"Point","coordinates":[0.1346525310000009,46.28148686999999]}},{"id":"99447","type":"Feature","properties":{"_pk_label":"PK 132+700","_voie":"LGV2"},"geometry":{"type":"Point","coordinates":[0.13475428300000086,46.280588949999995]}},{"id":"99467","type":"Feature","properties":{"_pk_label":"PK 132+800","_voie":"LGV2"},"geometry":{"type":"Point","coordinates":[0.13486897500000133,46.279691799999995]}},{"id":"99487","type":"Feature","properties":{"_pk_label":"PK 132+900","_voie":"LGV2"},"geometry":{"type":"Point","coordinates":[0.1349965890000006,46.27879548]}},{"id":"99527","type":"Feature","properties":{"_pk_label":"PK 133+100","_voie":"LGV2"},"geometry":{"type":"Point","coordinates":[0.13529056100000136,46.277005720000005]}},{"id":"99547","type":"Feature","properties":{"_pk_label":"PK 133+200","_voie":"LGV2"},"geometry":{"type":"Point","coordinates":[0.13545688300000097,46.27611246]}},{"id":"99567","type":"Feature","properties":{"_pk_label":"PK 133+300","_voie":"LGV2"},"geometry":{"type":"Point","coordinates":[0.1356360779999994,46.27522040000002]}},{"id":"99587","type":"Feature","properties":{"_pk_label":"PK 133+400","_voie":"LGV2"},"geometry":{"type":"Point","coordinates":[0.1358281170000017,46.27432962]}},{"id":"99607","type":"Feature","properties":{"_pk_label":"PK 133+500","_voie":"LGV2"},"geometry":{"type":"Point","coordinates":[0.1360324500000001,46.27344019000001]}},{"id":"99627","type":"Feature","properties":{"_pk_label":"PK 133+600","_voie":"LGV2"},"geometry":{"type":"Point","coordinates":[0.13624475300000075,46.272551750000005]}},{"id":"99647","type":"Feature","properties":{"_pk_label":"PK 133+700","_voie":"LGV2"},"geometry":{"type":"Point","coordinates":[0.1364593220000009,46.27166363999998]}},{"id":"99667","type":"Feature","properties":{"_pk_label":"PK 133+800","_voie":"LGV2"},"geometry":{"type":"Point","coordinates":[0.13667391900000073,46.27077553999999]}},{"id":"99687","type":"Feature","properties":{"_pk_label":"PK 133+900","_voie":"LGV2"},"geometry":{"type":"Point","coordinates":[0.13688851100000038,46.269887450000006]}},{"id":"99727","type":"Feature","properties":{"_pk_label":"PK 134+100","_voie":"LGV2"},"geometry":{"type":"Point","coordinates":[0.13731767200000022,46.268111259999976]}},{"id":"99747","type":"Feature","properties":{"_pk_label":"PK 134+200","_voie":"LGV2"},"geometry":{"type":"Point","coordinates":[0.13753224199999942,46.26722315999999]}},{"id":"99767","type":"Feature","properties":{"_pk_label":"PK 134+300","_voie":"LGV2"},"geometry":{"type":"Point","coordinates":[0.13774680600000064,46.266335059999996]}},{"id":"99787","type":"Feature","properties":{"_pk_label":"PK 134+400","_voie":"LGV2"},"geometry":{"type":"Point","coordinates":[0.13796136100000062,46.265446969999985]}},{"id":"99807","type":"Feature","properties":{"_pk_label":"PK 134+500","_voie":"LGV2"},"geometry":{"type":"Point","coordinates":[0.13817591100000085,46.264558869999995]}},{"id":"99827","type":"Feature","properties":{"_pk_label":"PK 134+600","_voie":"LGV2"},"geometry":{"type":"Point","coordinates":[0.13839046700000102,46.26367075999999]}},{"id":"99847","type":"Feature","properties":{"_pk_label":"PK 134+700","_voie":"LGV2"},"geometry":{"type":"Point","coordinates":[0.13860500300000142,46.262782669999986]}},{"id":"99867","type":"Feature","properties":{"_pk_label":"PK 134+800","_voie":"LGV2"},"geometry":{"type":"Point","coordinates":[0.13881953100000077,46.261894569999995]}},{"id":"99887","type":"Feature","properties":{"_pk_label":"PK 134+900","_voie":"LGV2"},"geometry":{"type":"Point","coordinates":[0.1390340530000006,46.26100647]}},{"id":"99928","type":"Feature","properties":{"_pk_label":"PK 135+100","_voie":"LGV2"},"geometry":{"type":"Point","coordinates":[0.13945751700000064,46.259229770000005]}},{"id":"99948","type":"Feature","properties":{"_pk_label":"PK 135+200","_voie":"LGV2"},"geometry":{"type":"Point","coordinates":[0.13965864399999994,46.2583403]}},{"id":"99968","type":"Feature","properties":{"_pk_label":"PK 135+300","_voie":"LGV2"},"geometry":{"type":"Point","coordinates":[0.1398512110000006,46.25744992999999]}},{"id":"99988","type":"Feature","properties":{"_pk_label":"PK 135+400","_voie":"LGV2"},"geometry":{"type":"Point","coordinates":[0.14003521899999968,46.25655866999999]}},{"id":"100008","type":"Feature","properties":{"_pk_label":"PK 135+500","_voie":"LGV2"},"geometry":{"type":"Point","coordinates":[0.14021063900000094,46.2556666]}},{"id":"100028","type":"Feature","properties":{"_pk_label":"PK 135+600","_voie":"LGV2"},"geometry":{"type":"Point","coordinates":[0.14037748300000102,46.25477372]}},{"id":"100048","type":"Feature","properties":{"_pk_label":"PK 135+700","_voie":"LGV2"},"geometry":{"type":"Point","coordinates":[0.14053573600000033,46.253880099999996]}},{"id":"100068","type":"Feature","properties":{"_pk_label":"PK 135+800","_voie":"LGV2"},"geometry":{"type":"Point","coordinates":[0.14068539700000107,46.25298576]}},{"id":"100088","type":"Feature","properties":{"_pk_label":"PK 135+900","_voie":"LGV2"},"geometry":{"type":"Point","coordinates":[0.14082646099999993,46.25209074999999]}},{"id":"100128","type":"Feature","properties":{"_pk_label":"PK 136+100","_voie":"LGV2"},"geometry":{"type":"Point","coordinates":[0.14108273900000096,46.25029887]}},{"id":"100148","type":"Feature","properties":{"_pk_label":"PK 136+200","_voie":"LGV2"},"geometry":{"type":"Point","coordinates":[0.14119794400000105,46.24940208999999]}},{"id":"100168","type":"Feature","properties":{"_pk_label":"PK 136+300","_voie":"LGV2"},"geometry":{"type":"Point","coordinates":[0.14130453600000029,46.24850477999999]}},{"id":"100188","type":"Feature","properties":{"_pk_label":"PK 136+400","_voie":"LGV2"},"geometry":{"type":"Point","coordinates":[0.14140250000000062,46.24760701]}},{"id":"100208","type":"Feature","properties":{"_pk_label":"PK 136+500","_voie":"LGV2"},"geometry":{"type":"Point","coordinates":[0.14149183300000076,46.24670879999999]}},{"id":"100228","type":"Feature","properties":{"_pk_label":"PK 136+600","_voie":"LGV2"},"geometry":{"type":"Point","coordinates":[0.14157252200000062,46.245810199999994]}},{"id":"100248","type":"Feature","properties":{"_pk_label":"PK 136+700","_voie":"LGV2"},"geometry":{"type":"Point","coordinates":[0.1416445780000007,46.24491124000001]}},{"id":"100268","type":"Feature","properties":{"_pk_label":"PK 136+800","_voie":"LGV2"},"geometry":{"type":"Point","coordinates":[0.1417079830000004,46.244011979999996]}},{"id":"100288","type":"Feature","properties":{"_pk_label":"PK 136+900","_voie":"LGV2"},"geometry":{"type":"Point","coordinates":[0.1417627530000007,46.24311243999999]}},{"id":"100328","type":"Feature","properties":{"_pk_label":"PK 137+100","_voie":"LGV2"},"geometry":{"type":"Point","coordinates":[0.1418463580000001,46.24131269999999]}},{"id":"100348","type":"Feature","properties":{"_pk_label":"PK 137+200","_voie":"LGV2"},"geometry":{"type":"Point","coordinates":[0.14187518100000085,46.240412580000005]}},{"id":"100368","type":"Feature","properties":{"_pk_label":"PK 137+300","_voie":"LGV2"},"geometry":{"type":"Point","coordinates":[0.1418953579999998,46.23951234000002]}},{"id":"100388","type":"Feature","properties":{"_pk_label":"PK 137+400","_voie":"LGV2"},"geometry":{"type":"Point","coordinates":[0.14190687800000049,46.23861204]}},{"id":"100408","type":"Feature","properties":{"_pk_label":"PK 137+500","_voie":"LGV2"},"geometry":{"type":"Point","coordinates":[0.14190975300000033,46.237711690000005]}},{"id":"100428","type":"Feature","properties":{"_pk_label":"PK 137+600","_voie":"LGV2"},"geometry":{"type":"Point","coordinates":[0.14190398900000084,46.23681135999999]}},{"id":"100448","type":"Feature","properties":{"_pk_label":"PK 137+700","_voie":"LGV2"},"geometry":{"type":"Point","coordinates":[0.14188956100000016,46.23591107000001]}},{"id":"100468","type":"Feature","properties":{"_pk_label":"PK 137+800","_voie":"LGV2"},"geometry":{"type":"Point","coordinates":[0.14186648300000174,46.23501087]}},{"id":"100488","type":"Feature","properties":{"_pk_label":"PK 137+900","_voie":"LGV2"},"geometry":{"type":"Point","coordinates":[0.141834764,46.23411079000001]}},{"id":"100528","type":"Feature","properties":{"_pk_label":"PK 138+100","_voie":"LGV2"},"geometry":{"type":"Point","coordinates":[0.14174539700000074,46.23231118]}},{"id":"100548","type":"Feature","properties":{"_pk_label":"PK 138+200","_voie":"LGV2"},"geometry":{"type":"Point","coordinates":[0.1416877440000007,46.23141173]}},{"id":"100568","type":"Feature","properties":{"_pk_label":"PK 138+300","_voie":"LGV2"},"geometry":{"type":"Point","coordinates":[0.14162147200000022,46.230512559999994]}},{"id":"100588","type":"Feature","properties":{"_pk_label":"PK 138+400","_voie":"LGV2"},"geometry":{"type":"Point","coordinates":[0.1415465500000004,46.229613719999996]}},{"id":"100608","type":"Feature","properties":{"_pk_label":"PK 138+500","_voie":"LGV2"},"geometry":{"type":"Point","coordinates":[0.14146300299999987,46.228715239999985]}},{"id":"100628","type":"Feature","properties":{"_pk_label":"PK 138+600","_voie":"LGV2"},"geometry":{"type":"Point","coordinates":[0.14137083099999984,46.22781717000001]}},{"id":"100648","type":"Feature","properties":{"_pk_label":"PK 138+700","_voie":"LGV2"},"geometry":{"type":"Point","coordinates":[0.14127002800000074,46.22691954]}},{"id":"100668","type":"Feature","properties":{"_pk_label":"PK 138+800","_voie":"LGV2"},"geometry":{"type":"Point","coordinates":[0.1411606250000004,46.226022409999985]}},{"id":"100688","type":"Feature","properties":{"_pk_label":"PK 138+900","_voie":"LGV2"},"geometry":{"type":"Point","coordinates":[0.14104259999999952,46.2251258]}},{"id":"100728","type":"Feature","properties":{"_pk_label":"PK 139+100","_voie":"LGV2"},"geometry":{"type":"Point","coordinates":[0.14078074400000126,46.223334310000006]}},{"id":"100748","type":"Feature","properties":{"_pk_label":"PK 139+200","_voie":"LGV2"},"geometry":{"type":"Point","coordinates":[0.14063691900000064,46.22243953]}},{"id":"100768","type":"Feature","properties":{"_pk_label":"PK 139+300","_voie":"LGV2"},"geometry":{"type":"Point","coordinates":[0.14048451100000112,46.221545419999984]}},{"id":"100788","type":"Feature","properties":{"_pk_label":"PK 139+400","_voie":"LGV2"},"geometry":{"type":"Point","coordinates":[0.14032352500000045,46.22065202999999]}},{"id":"100808","type":"Feature","properties":{"_pk_label":"PK 139+500","_voie":"LGV2"},"geometry":{"type":"Point","coordinates":[0.14015396399999996,46.21975941000001]}},{"id":"100828","type":"Feature","properties":{"_pk_label":"PK 139+600","_voie":"LGV2"},"geometry":{"type":"Point","coordinates":[0.13997583900000016,46.21886759000001]}},{"id":"100848","type":"Feature","properties":{"_pk_label":"PK 139+700","_voie":"LGV2"},"geometry":{"type":"Point","coordinates":[0.1397891719999999,46.217976619999995]}},{"id":"100868","type":"Feature","properties":{"_pk_label":"PK 139+800","_voie":"LGV2"},"geometry":{"type":"Point","coordinates":[0.13959395000000038,46.217086539999976]}},{"id":"100888","type":"Feature","properties":{"_pk_label":"PK 139+900","_voie":"LGV2"},"geometry":{"type":"Point","coordinates":[0.13939018299999986,46.21619737000002]}},{"id":"100928","type":"Feature","properties":{"_pk_label":"PK 140+100","_voie":"LGV2"},"geometry":{"type":"Point","coordinates":[0.1389570890000006,46.21442196]}},{"id":"100948","type":"Feature","properties":{"_pk_label":"PK 140+200","_voie":"LGV2"},"geometry":{"type":"Point","coordinates":[0.1387277720000005,46.213535809999996]}},{"id":"100968","type":"Feature","properties":{"_pk_label":"PK 140+300","_voie":"LGV2"},"geometry":{"type":"Point","coordinates":[0.13848995600000077,46.21265073]}},{"id":"100988","type":"Feature","properties":{"_pk_label":"PK 140+400","_voie":"LGV2"},"geometry":{"type":"Point","coordinates":[0.13824366400000013,46.21176676]}},{"id":"101008","type":"Feature","properties":{"_pk_label":"PK 140+500","_voie":"LGV2"},"geometry":{"type":"Point","coordinates":[0.13798888300000092,46.21088396]}},{"id":"101028","type":"Feature","properties":{"_pk_label":"PK 140+600","_voie":"LGV2"},"geometry":{"type":"Point","coordinates":[0.13772565000000084,46.21000235999999]}},{"id":"101048","type":"Feature","properties":{"_pk_label":"PK 140+700","_voie":"LGV2"},"geometry":{"type":"Point","coordinates":[0.13745396699999946,46.20912199]}},{"id":"101068","type":"Feature","properties":{"_pk_label":"PK 140+800","_voie":"LGV2"},"geometry":{"type":"Point","coordinates":[0.1371738390000009,46.20824290000002]}},{"id":"101088","type":"Feature","properties":{"_pk_label":"PK 140+900","_voie":"LGV2"},"geometry":{"type":"Point","coordinates":[0.1368855810000003,46.20736506]}},{"id":"101128","type":"Feature","properties":{"_pk_label":"PK 141+100","_voie":"LGV2"},"geometry":{"type":"Point","coordinates":[0.1362998810000002,46.205610629999995]}},{"id":"101148","type":"Feature","properties":{"_pk_label":"PK 141+200","_voie":"LGV2"},"geometry":{"type":"Point","coordinates":[0.13600684200000093,46.204733430000005]}},{"id":"101168","type":"Feature","properties":{"_pk_label":"PK 141+300","_voie":"LGV2"},"geometry":{"type":"Point","coordinates":[0.13571381100000035,46.20385624]}},{"id":"101188","type":"Feature","properties":{"_pk_label":"PK 141+400","_voie":"LGV2"},"geometry":{"type":"Point","coordinates":[0.13542089699999957,46.202979009999986]}},{"id":"101208","type":"Feature","properties":{"_pk_label":"PK 141+500","_voie":"LGV2"},"geometry":{"type":"Point","coordinates":[0.1351309390000013,46.20210122999999]}},{"id":"101228","type":"Feature","properties":{"_pk_label":"PK 141+600","_voie":"LGV2"},"geometry":{"type":"Point","coordinates":[0.13484973900000097,46.20122198]}},{"id":"101248","type":"Feature","properties":{"_pk_label":"PK 141+700","_voie":"LGV2"},"geometry":{"type":"Point","coordinates":[0.13458313299999944,46.200340460000014]}},{"id":"101268","type":"Feature","properties":{"_pk_label":"PK 141+800","_voie":"LGV2"},"geometry":{"type":"Point","coordinates":[0.13433451400000068,46.19945638999999]}},{"id":"101288","type":"Feature","properties":{"_pk_label":"PK 141+900","_voie":"LGV2"},"geometry":{"type":"Point","coordinates":[0.13410410000000095,46.19856995000001]}},{"id":"101328","type":"Feature","properties":{"_pk_label":"PK 142+100","_voie":"LGV2"},"geometry":{"type":"Point","coordinates":[0.13369813299999955,46.19679065]}},{"id":"101348","type":"Feature","properties":{"_pk_label":"PK 142+200","_voie":"LGV2"},"geometry":{"type":"Point","coordinates":[0.133522647,46.19589817000001]}},{"id":"101368","type":"Feature","properties":{"_pk_label":"PK 142+300","_voie":"LGV2"},"geometry":{"type":"Point","coordinates":[0.13336555000000053,46.19500402999999]}},{"id":"101388","type":"Feature","properties":{"_pk_label":"PK 142+400","_voie":"LGV2"},"geometry":{"type":"Point","coordinates":[0.13322686700000105,46.19410842999999]}},{"id":"101408","type":"Feature","properties":{"_pk_label":"PK 142+500","_voie":"LGV2"},"geometry":{"type":"Point","coordinates":[0.13310661699999987,46.193211549999994]}},{"id":"101428","type":"Feature","properties":{"_pk_label":"PK 142+600","_voie":"LGV2"},"geometry":{"type":"Point","coordinates":[0.13300483900000068,46.19231356]}},{"id":"101448","type":"Feature","properties":{"_pk_label":"PK 142+700","_voie":"LGV2"},"geometry":{"type":"Point","coordinates":[0.13292155000000064,46.191414650000006]}},{"id":"101468","type":"Feature","properties":{"_pk_label":"PK 142+800","_voie":"LGV2"},"geometry":{"type":"Point","coordinates":[0.13285675300000027,46.19051501000001]}},{"id":"101488","type":"Feature","properties":{"_pk_label":"PK 142+900","_voie":"LGV2"},"geometry":{"type":"Point","coordinates":[0.13281047500000068,46.18961481000001]}},{"id":"101528","type":"Feature","properties":{"_pk_label":"PK 143+100","_voie":"LGV2"},"geometry":{"type":"Point","coordinates":[0.13277348300000097,46.18781352]}},{"id":"101548","type":"Feature","properties":{"_pk_label":"PK 143+200","_voie":"LGV2"},"geometry":{"type":"Point","coordinates":[0.13278253100000093,46.186912789999994]}},{"id":"101568","type":"Feature","properties":{"_pk_label":"PK 143+300","_voie":"LGV2"},"geometry":{"type":"Point","coordinates":[0.13280617500000044,46.18601228000002]}},{"id":"101588","type":"Feature","properties":{"_pk_label":"PK 143+400","_voie":"LGV2"},"geometry":{"type":"Point","coordinates":[0.13283844400000028,46.185111979999995]}},{"id":"101608","type":"Feature","properties":{"_pk_label":"PK 143+500","_voie":"LGV2"},"geometry":{"type":"Point","coordinates":[0.1328734470000001,46.184211819999994]}},{"id":"101628","type":"Feature","properties":{"_pk_label":"PK 143+600","_voie":"LGV2"},"geometry":{"type":"Point","coordinates":[0.1329085359999995,46.183311669999995]}},{"id":"101648","type":"Feature","properties":{"_pk_label":"PK 143+700","_voie":"LGV2"},"geometry":{"type":"Point","coordinates":[0.13294362499999973,46.182411509999994]}},{"id":"101668","type":"Feature","properties":{"_pk_label":"PK 143+800","_voie":"LGV2"},"geometry":{"type":"Point","coordinates":[0.132978711000001,46.18151135000001]}},{"id":"101688","type":"Feature","properties":{"_pk_label":"PK 143+900","_voie":"LGV2"},"geometry":{"type":"Point","coordinates":[0.1330137859999994,46.18061118999999]}},{"id":"101728","type":"Feature","properties":{"_pk_label":"PK 144+100","_voie":"LGV2"},"geometry":{"type":"Point","coordinates":[0.13308395600000117,46.178810889999994]}},{"id":"101748","type":"Feature","properties":{"_pk_label":"PK 144+200","_voie":"LGV2"},"geometry":{"type":"Point","coordinates":[0.1331190360000009,46.17791073]}},{"id":"101768","type":"Feature","properties":{"_pk_label":"PK 144+300","_voie":"LGV2"},"geometry":{"type":"Point","coordinates":[0.1331541060000008,46.17701058]}},{"id":"101788","type":"Feature","properties":{"_pk_label":"PK 144+400","_voie":"LGV2"},"geometry":{"type":"Point","coordinates":[0.13318918600000013,46.176110430000016]}},{"id":"101808","type":"Feature","properties":{"_pk_label":"PK 144+500","_voie":"LGV2"},"geometry":{"type":"Point","coordinates":[0.13322426700000126,46.175210269999994]}},{"id":"101829","type":"Feature","properties":{"_pk_label":"PK 144+600","_voie":"LGV2"},"geometry":{"type":"Point","coordinates":[0.13325934400000045,46.174310110000015]}},{"id":"101849","type":"Feature","properties":{"_pk_label":"PK 144+700","_voie":"LGV2"},"geometry":{"type":"Point","coordinates":[0.13329308300000067,46.17340999]}},{"id":"101869","type":"Feature","properties":{"_pk_label":"PK 144+800","_voie":"LGV2"},"geometry":{"type":"Point","coordinates":[0.1333212720000005,46.17250982000001]}},{"id":"101889","type":"Feature","properties":{"_pk_label":"PK 144+900","_voie":"LGV2"},"geometry":{"type":"Point","coordinates":[0.13334298099999978,46.17160955999999]}},{"id":"101929","type":"Feature","properties":{"_pk_label":"PK 145+100","_voie":"LGV2"},"geometry":{"type":"Point","coordinates":[0.1333669640000001,46.16980887999999]}},{"id":"101949","type":"Feature","properties":{"_pk_label":"PK 145+200","_voie":"LGV2"},"geometry":{"type":"Point","coordinates":[0.13336923300000017,46.16890850000002]}},{"id":"101969","type":"Feature","properties":{"_pk_label":"PK 145+300","_voie":"LGV2"},"geometry":{"type":"Point","coordinates":[0.13336502200000014,46.168008109999995]}},{"id":"101989","type":"Feature","properties":{"_pk_label":"PK 145+400","_voie":"LGV2"},"geometry":{"type":"Point","coordinates":[0.13335438899999996,46.16710776]}},{"id":"102010","type":"Feature","properties":{"_pk_label":"PK 145+500","_voie":"LGV2"},"geometry":{"type":"Point","coordinates":[0.13333975000000078,46.16620736]}},{"id":"102030","type":"Feature","properties":{"_pk_label":"PK 145+600","_voie":"LGV2"},"geometry":{"type":"Point","coordinates":[0.1333247640000005,46.16530693000001]}},{"id":"102050","type":"Feature","properties":{"_pk_label":"PK 145+700","_voie":"LGV2"},"geometry":{"type":"Point","coordinates":[0.1333097890000007,46.164406500000005]}},{"id":"102070","type":"Feature","properties":{"_pk_label":"PK 145+800","_voie":"LGV2"},"geometry":{"type":"Point","coordinates":[0.13329480300000043,46.163506070000004]}},{"id":"102090","type":"Feature","properties":{"_pk_label":"PK 145+900","_voie":"LGV2"},"geometry":{"type":"Point","coordinates":[0.13327983100000038,46.16260565000002]}},{"id":"102130","type":"Feature","properties":{"_pk_label":"PK 146+100","_voie":"LGV2"},"geometry":{"type":"Point","coordinates":[0.13324987500000043,46.16080480000001]}},{"id":"102150","type":"Feature","properties":{"_pk_label":"PK 146+200","_voie":"LGV2"},"geometry":{"type":"Point","coordinates":[0.13323489200000074,46.159904379999986]}},{"id":"102170","type":"Feature","properties":{"_pk_label":"PK 146+300","_voie":"LGV2"},"geometry":{"type":"Point","coordinates":[0.1332199190000001,46.15900394999999]}},{"id":"102190","type":"Feature","properties":{"_pk_label":"PK 146+400","_voie":"LGV2"},"geometry":{"type":"Point","coordinates":[0.1332049360000012,46.158103530000005]}},{"id":"102211","type":"Feature","properties":{"_pk_label":"PK 146+500","_voie":"LGV2"},"geometry":{"type":"Point","coordinates":[0.13318952500000053,46.15720312999999]}},{"id":"102231","type":"Feature","properties":{"_pk_label":"PK 146+600","_voie":"LGV2"},"geometry":{"type":"Point","coordinates":[0.13316955600000033,46.15630287]}},{"id":"102251","type":"Feature","properties":{"_pk_label":"PK 146+700","_voie":"LGV2"},"geometry":{"type":"Point","coordinates":[0.133139189000001,46.15540282999999]}},{"id":"102271","type":"Feature","properties":{"_pk_label":"PK 146+800","_voie":"LGV2"},"geometry":{"type":"Point","coordinates":[0.1330959470000004,46.15450304999998]}},{"id":"102291","type":"Feature","properties":{"_pk_label":"PK 146+900","_voie":"LGV2"},"geometry":{"type":"Point","coordinates":[0.13303975000000093,46.153603610000005]}},{"id":"102331","type":"Feature","properties":{"_pk_label":"PK 147+100","_voie":"LGV2"},"geometry":{"type":"Point","coordinates":[0.13288855800000005,46.15180613999999]}},{"id":"102351","type":"Feature","properties":{"_pk_label":"PK 147+200","_voie":"LGV2"},"geometry":{"type":"Point","coordinates":[0.13279358300000116,46.15090829]}},{"id":"102371","type":"Feature","properties":{"_pk_label":"PK 147+300","_voie":"LGV2"},"geometry":{"type":"Point","coordinates":[0.1326856890000005,46.15001113999999]}},{"id":"102372","type":"Feature","properties":{"_pk_label":"PK 147+300","_voie":"LGV2"},"geometry":{"type":"Point","coordinates":[0.1326853940000003,46.15000881999999]}},{"id":"102392","type":"Feature","properties":{"_pk_label":"PK 147+400","_voie":"LGV2"},"geometry":{"type":"Point","coordinates":[0.13256589699999988,46.14911467000001]}},{"id":"102412","type":"Feature","properties":{"_pk_label":"PK 147+500","_voie":"LGV2"},"geometry":{"type":"Point","coordinates":[0.1324391940000008,46.14821855999999]}},{"id":"102432","type":"Feature","properties":{"_pk_label":"PK 147+600","_voie":"LGV2"},"geometry":{"type":"Point","coordinates":[0.13231101400000123,46.14732248999999]}},{"id":"102452","type":"Feature","properties":{"_pk_label":"PK 147+700","_voie":"LGV2"},"geometry":{"type":"Point","coordinates":[0.13218282800000136,46.146426430000005]}},{"id":"102472","type":"Feature","properties":{"_pk_label":"PK 147+800","_voie":"LGV2"},"geometry":{"type":"Point","coordinates":[0.13205464400000066,46.145530349999994]}},{"id":"102492","type":"Feature","properties":{"_pk_label":"PK 147+900","_voie":"LGV2"},"geometry":{"type":"Point","coordinates":[0.1319264500000013,46.144634289999985]}},{"id":"102532","type":"Feature","properties":{"_pk_label":"PK 148+100","_voie":"LGV2"},"geometry":{"type":"Point","coordinates":[0.13167010600000076,46.14284215]}},{"id":"102552","type":"Feature","properties":{"_pk_label":"PK 148+200","_voie":"LGV2"},"geometry":{"type":"Point","coordinates":[0.13154193900000083,46.141946080000004]}},{"id":"102572","type":"Feature","properties":{"_pk_label":"PK 148+300","_voie":"LGV2"},"geometry":{"type":"Point","coordinates":[0.13141377500000068,46.14105001]}},{"id":"102592","type":"Feature","properties":{"_pk_label":"PK 148+400","_voie":"LGV2"},"geometry":{"type":"Point","coordinates":[0.1312856170000004,46.14015394000001]}},{"id":"102612","type":"Feature","properties":{"_pk_label":"PK 148+500","_voie":"LGV2"},"geometry":{"type":"Point","coordinates":[0.13115746400000108,46.139257879999995]}},{"id":"102632","type":"Feature","properties":{"_pk_label":"PK 148+600","_voie":"LGV2"},"geometry":{"type":"Point","coordinates":[0.13102931399999873,46.13836180000001]}},{"id":"102652","type":"Feature","properties":{"_pk_label":"PK 148+700","_voie":"LGV2"},"geometry":{"type":"Point","coordinates":[0.13090116699999974,46.13746573000002]}},{"id":"102672","type":"Feature","properties":{"_pk_label":"PK 148+800","_voie":"LGV2"},"geometry":{"type":"Point","coordinates":[0.13077302500000004,46.13656966000002]}},{"id":"102692","type":"Feature","properties":{"_pk_label":"PK 148+900","_voie":"LGV2"},"geometry":{"type":"Point","coordinates":[0.13064488899999951,46.13567359]}},{"id":"102732","type":"Feature","properties":{"_pk_label":"PK 149+100","_voie":"LGV2"},"geometry":{"type":"Point","coordinates":[0.1303886249999999,46.13388144999998]}},{"id":"102752","type":"Feature","properties":{"_pk_label":"PK 149+200","_voie":"LGV2"},"geometry":{"type":"Point","coordinates":[0.13026050000000097,46.132985379999994]}},{"id":"102772","type":"Feature","properties":{"_pk_label":"PK 149+300","_voie":"LGV2"},"geometry":{"type":"Point","coordinates":[0.13013238100000038,46.1320893]}},{"id":"102792","type":"Feature","properties":{"_pk_label":"PK 149+400","_voie":"LGV2"},"geometry":{"type":"Point","coordinates":[0.13000426400000017,46.131193239999995]}},{"id":"102812","type":"Feature","properties":{"_pk_label":"PK 149+500","_voie":"LGV2"},"geometry":{"type":"Point","coordinates":[0.12987615000000013,46.13029715999999]}},{"id":"102832","type":"Feature","properties":{"_pk_label":"PK 149+600","_voie":"LGV2"},"geometry":{"type":"Point","coordinates":[0.12974803100000035,46.12940108999999]}},{"id":"102852","type":"Feature","properties":{"_pk_label":"PK 149+700","_voie":"LGV2"},"geometry":{"type":"Point","coordinates":[0.1296199250000002,46.12850502000001]}},{"id":"102872","type":"Feature","properties":{"_pk_label":"PK 149+800","_voie":"LGV2"},"geometry":{"type":"Point","coordinates":[0.12949182500000073,46.12760893999999]}},{"id":"102892","type":"Feature","properties":{"_pk_label":"PK 149+900","_voie":"LGV2"},"geometry":{"type":"Point","coordinates":[0.129363731,46.126712879999985]}},{"id":"102932","type":"Feature","properties":{"_pk_label":"PK 150+100","_voie":"LGV2"},"geometry":{"type":"Point","coordinates":[0.12910755000000065,46.12492073]}},{"id":"102952","type":"Feature","properties":{"_pk_label":"PK 150+200","_voie":"LGV2"},"geometry":{"type":"Point","coordinates":[0.12897946900000115,46.124024649999996]}},{"id":"102972","type":"Feature","properties":{"_pk_label":"PK 150+300","_voie":"LGV2"},"geometry":{"type":"Point","coordinates":[0.12885138900000065,46.12312858000001]}},{"id":"102992","type":"Feature","properties":{"_pk_label":"PK 150+400","_voie":"LGV2"},"geometry":{"type":"Point","coordinates":[0.12872331400000106,46.12223250999998]}},{"id":"103012","type":"Feature","properties":{"_pk_label":"PK 150+500","_voie":"LGV2"},"geometry":{"type":"Point","coordinates":[0.12859524400000039,46.121336430000014]}},{"id":"103032","type":"Feature","properties":{"_pk_label":"PK 150+600","_voie":"LGV2"},"geometry":{"type":"Point","coordinates":[0.1284671780000013,46.120440359999996]}},{"id":"103052","type":"Feature","properties":{"_pk_label":"PK 150+700","_voie":"LGV2"},"geometry":{"type":"Point","coordinates":[0.12833911400000136,46.11954428999999]}},{"id":"103072","type":"Feature","properties":{"_pk_label":"PK 150+800","_voie":"LGV2"},"geometry":{"type":"Point","coordinates":[0.12821105600000093,46.11864821000001]}},{"id":"103092","type":"Feature","properties":{"_pk_label":"PK 150+900","_voie":"LGV2"},"geometry":{"type":"Point","coordinates":[0.1280835810000004,46.117756189999994]}},{"id":"103093","type":"Feature","properties":{"_pk_label":"PK 150+900","_voie":"LGV2"},"geometry":{"type":"Point","coordinates":[0.12808300300000025,46.11775213999999]}},{"id":"103133","type":"Feature","properties":{"_pk_label":"PK 151+100","_voie":"LGV2"},"geometry":{"type":"Point","coordinates":[0.12783496700000097,46.11595926]}},{"id":"103153","type":"Feature","properties":{"_pk_label":"PK 151+200","_voie":"LGV2"},"geometry":{"type":"Point","coordinates":[0.1277253970000003,46.115061800000014]}},{"id":"103173","type":"Feature","properties":{"_pk_label":"PK 151+300","_voie":"LGV2"},"geometry":{"type":"Point","coordinates":[0.12762873300000105,46.11416361999999]}},{"id":"103193","type":"Feature","properties":{"_pk_label":"PK 151+400","_voie":"LGV2"},"geometry":{"type":"Point","coordinates":[0.1275449969999997,46.11326483]}},{"id":"103213","type":"Feature","properties":{"_pk_label":"PK 151+500","_voie":"LGV2"},"geometry":{"type":"Point","coordinates":[0.12747349200000072,46.11236553999999]}},{"id":"103233","type":"Feature","properties":{"_pk_label":"PK 151+600","_voie":"LGV2"},"geometry":{"type":"Point","coordinates":[0.1274095420000002,46.111466079999985]}},{"id":"103254","type":"Feature","properties":{"_pk_label":"PK 151+700","_voie":"LGV2"},"geometry":{"type":"Point","coordinates":[0.1273475470000013,46.11056663]}},{"id":"103274","type":"Feature","properties":{"_pk_label":"PK 151+800","_voie":"LGV2"},"geometry":{"type":"Point","coordinates":[0.12728556900000076,46.109667169999994]}},{"id":"103294","type":"Feature","properties":{"_pk_label":"PK 151+900","_voie":"LGV2"},"geometry":{"type":"Point","coordinates":[0.12722357800000178,46.10876772]}},{"id":"103335","type":"Feature","properties":{"_pk_label":"PK 152+100","_voie":"LGV2"},"geometry":{"type":"Point","coordinates":[0.12708901699999975,46.10696940999999]}},{"id":"103355","type":"Feature","properties":{"_pk_label":"PK 152+200","_voie":"LGV2"},"geometry":{"type":"Point","coordinates":[0.12700606900000047,46.10607098]}},{"id":"103375","type":"Feature","properties":{"_pk_label":"PK 152+300","_voie":"LGV2"},"geometry":{"type":"Point","coordinates":[0.1269102059999997,46.10517317000001]}},{"id":"103395","type":"Feature","properties":{"_pk_label":"PK 152+400","_voie":"LGV2"},"geometry":{"type":"Point","coordinates":[0.12680145600000067,46.10427606999999]}},{"id":"103415","type":"Feature","properties":{"_pk_label":"PK 152+500","_voie":"LGV2"},"geometry":{"type":"Point","coordinates":[0.12667981699999942,46.10337977000002]}},{"id":"103435","type":"Feature","properties":{"_pk_label":"PK 152+600","_voie":"LGV2"},"geometry":{"type":"Point","coordinates":[0.12654530000000036,46.10248436]}},{"id":"103455","type":"Feature","properties":{"_pk_label":"PK 152+700","_voie":"LGV2"},"geometry":{"type":"Point","coordinates":[0.12639935800000116,46.10158976]}},{"id":"103475","type":"Feature","properties":{"_pk_label":"PK 152+800","_voie":"LGV2"},"geometry":{"type":"Point","coordinates":[0.12624736400000158,46.10069554999998]}},{"id":"103495","type":"Feature","properties":{"_pk_label":"PK 152+900","_voie":"LGV2"},"geometry":{"type":"Point","coordinates":[0.12609433599999972,46.09980137000003]}},{"id":"103535","type":"Feature","properties":{"_pk_label":"PK 153+100","_voie":"LGV2"},"geometry":{"type":"Point","coordinates":[0.1257882830000001,46.09801303]}},{"id":"103555","type":"Feature","properties":{"_pk_label":"PK 153+200","_voie":"LGV2"},"geometry":{"type":"Point","coordinates":[0.12563591100000052,46.09711876]}},{"id":"103575","type":"Feature","properties":{"_pk_label":"PK 153+300","_voie":"LGV2"},"geometry":{"type":"Point","coordinates":[0.12548868600000018,46.09622398999998]}},{"id":"103595","type":"Feature","properties":{"_pk_label":"PK 153+400","_voie":"LGV2"},"geometry":{"type":"Point","coordinates":[0.125352639,46.09532827000001]}},{"id":"103616","type":"Feature","properties":{"_pk_label":"PK 153+500","_voie":"LGV2"},"geometry":{"type":"Point","coordinates":[0.12523329400000027,46.09443132999999]}},{"id":"103636","type":"Feature","properties":{"_pk_label":"PK 153+600","_voie":"LGV2"},"geometry":{"type":"Point","coordinates":[0.12513236100000136,46.09353329999998]}},{"id":"103656","type":"Feature","properties":{"_pk_label":"PK 153+700","_voie":"LGV2"},"geometry":{"type":"Point","coordinates":[0.1250498810000009,46.09263436]}},{"id":"103676","type":"Feature","properties":{"_pk_label":"PK 153+800","_voie":"LGV2"},"geometry":{"type":"Point","coordinates":[0.12498586100000017,46.09173469000002]}},{"id":"103696","type":"Feature","properties":{"_pk_label":"PK 153+900","_voie":"LGV2"},"geometry":{"type":"Point","coordinates":[0.12494033900000026,46.09083446999999]}},{"id":"103736","type":"Feature","properties":{"_pk_label":"PK 154+100","_voie":"LGV2"},"geometry":{"type":"Point","coordinates":[0.12490475000000005,46.08903313999999]}},{"id":"103756","type":"Feature","properties":{"_pk_label":"PK 154+200","_voie":"LGV2"},"geometry":{"type":"Point","coordinates":[0.12491468599999991,46.088132400000006]}},{"id":"103776","type":"Feature","properties":{"_pk_label":"PK 154+300","_voie":"LGV2"},"geometry":{"type":"Point","coordinates":[0.12494313099999983,46.08723185000001]}},{"id":"103796","type":"Feature","properties":{"_pk_label":"PK 154+400","_voie":"LGV2"},"geometry":{"type":"Point","coordinates":[0.1249900500000005,46.08633167]}},{"id":"103816","type":"Feature","properties":{"_pk_label":"PK 154+500","_voie":"LGV2"},"geometry":{"type":"Point","coordinates":[0.12505544200000054,46.08543205]}},{"id":"103836","type":"Feature","properties":{"_pk_label":"PK 154+600","_voie":"LGV2"},"geometry":{"type":"Point","coordinates":[0.1251392970000009,46.08453316999999]}},{"id":"103856","type":"Feature","properties":{"_pk_label":"PK 154+700","_voie":"LGV2"},"geometry":{"type":"Point","coordinates":[0.1252401580000008,46.083635199999996]}},{"id":"103876","type":"Feature","properties":{"_pk_label":"PK 154+800","_voie":"LGV2"},"geometry":{"type":"Point","coordinates":[0.125352667,46.08273798]}},{"id":"103896","type":"Feature","properties":{"_pk_label":"PK 154+900","_voie":"LGV2"},"geometry":{"type":"Point","coordinates":[0.12547078299999986,46.081841209999986]}},{"id":"103936","type":"Feature","properties":{"_pk_label":"PK 155+100","_voie":"LGV2"},"geometry":{"type":"Point","coordinates":[0.125708639000001,46.08004784999999]}},{"id":"103956","type":"Feature","properties":{"_pk_label":"PK 155+200","_voie":"LGV2"},"geometry":{"type":"Point","coordinates":[0.1258275530000016,46.07915116999998]}},{"id":"103976","type":"Feature","properties":{"_pk_label":"PK 155+300","_voie":"LGV2"},"geometry":{"type":"Point","coordinates":[0.1259464640000008,46.07825448999999]}},{"id":"103996","type":"Feature","properties":{"_pk_label":"PK 155+400","_voie":"LGV2"},"geometry":{"type":"Point","coordinates":[0.1260653830000003,46.077357809999995]}},{"id":"104016","type":"Feature","properties":{"_pk_label":"PK 155+500","_voie":"LGV2"},"geometry":{"type":"Point","coordinates":[0.1261842890000006,46.07646113]}},{"id":"104036","type":"Feature","properties":{"_pk_label":"PK 155+600","_voie":"LGV2"},"geometry":{"type":"Point","coordinates":[0.12630318899999976,46.07556444999999]}},{"id":"104056","type":"Feature","properties":{"_pk_label":"PK 155+700","_voie":"LGV2"},"geometry":{"type":"Point","coordinates":[0.12642209700000043,46.074667770000005]}},{"id":"104076","type":"Feature","properties":{"_pk_label":"PK 155+800","_voie":"LGV2"},"geometry":{"type":"Point","coordinates":[0.1265409890000001,46.073771090000015]}},{"id":"104096","type":"Feature","properties":{"_pk_label":"PK 155+900","_voie":"LGV2"},"geometry":{"type":"Point","coordinates":[0.12665987499999987,46.07287440999999]}},{"id":"104136","type":"Feature","properties":{"_pk_label":"PK 156+100","_voie":"LGV2"},"geometry":{"type":"Point","coordinates":[0.12689676099999983,46.07108104000001]}},{"id":"104156","type":"Feature","properties":{"_pk_label":"PK 156+200","_voie":"LGV2"},"geometry":{"type":"Point","coordinates":[0.12700911399999998,46.07018408]}},{"id":"104176","type":"Feature","properties":{"_pk_label":"PK 156+300","_voie":"LGV2"},"geometry":{"type":"Point","coordinates":[0.12711296899999988,46.06928663]}},{"id":"104196","type":"Feature","properties":{"_pk_label":"PK 156+400","_voie":"LGV2"},"geometry":{"type":"Point","coordinates":[0.12720821400000026,46.06838872000001]}},{"id":"104216","type":"Feature","properties":{"_pk_label":"PK 156+500","_voie":"LGV2"},"geometry":{"type":"Point","coordinates":[0.12729486700000012,46.06749039]}},{"id":"104236","type":"Feature","properties":{"_pk_label":"PK 156+600","_voie":"LGV2"},"geometry":{"type":"Point","coordinates":[0.12737290000000015,46.066591680000016]}},{"id":"104256","type":"Feature","properties":{"_pk_label":"PK 156+700","_voie":"LGV2"},"geometry":{"type":"Point","coordinates":[0.12744231699999997,46.06569262]}},{"id":"104276","type":"Feature","properties":{"_pk_label":"PK 156+800","_voie":"LGV2"},"geometry":{"type":"Point","coordinates":[0.12750312500000005,46.06479326]}},{"id":"104296","type":"Feature","properties":{"_pk_label":"PK 156+900","_voie":"LGV2"},"geometry":{"type":"Point","coordinates":[0.127555325000001,46.06389364]}},{"id":"104336","type":"Feature","properties":{"_pk_label":"PK 157+100","_voie":"LGV2"},"geometry":{"type":"Point","coordinates":[0.1276338610000008,46.06209377]}},{"id":"104356","type":"Feature","properties":{"_pk_label":"PK 157+200","_voie":"LGV2"},"geometry":{"type":"Point","coordinates":[0.12766018300000062,46.061193599999996]}},{"id":"104376","type":"Feature","properties":{"_pk_label":"PK 157+300","_voie":"LGV2"},"geometry":{"type":"Point","coordinates":[0.12767790300000084,46.060293339999994]}},{"id":"104396","type":"Feature","properties":{"_pk_label":"PK 157+400","_voie":"LGV2"},"geometry":{"type":"Point","coordinates":[0.12768699200000044,46.059393000000014]}},{"id":"104416","type":"Feature","properties":{"_pk_label":"PK 157+500","_voie":"LGV2"},"geometry":{"type":"Point","coordinates":[0.12768746100000025,46.05849264999999]}},{"id":"104436","type":"Feature","properties":{"_pk_label":"PK 157+600","_voie":"LGV2"},"geometry":{"type":"Point","coordinates":[0.12767930799999952,46.057592310000004]}},{"id":"104456","type":"Feature","properties":{"_pk_label":"PK 157+700","_voie":"LGV2"},"geometry":{"type":"Point","coordinates":[0.12766253300000063,46.056692029999994]}},{"id":"104476","type":"Feature","properties":{"_pk_label":"PK 157+800","_voie":"LGV2"},"geometry":{"type":"Point","coordinates":[0.1276371470000008,46.055791850000006]}},{"id":"104496","type":"Feature","properties":{"_pk_label":"PK 157+900","_voie":"LGV2"},"geometry":{"type":"Point","coordinates":[0.12760313300000017,46.054891809999994]}},{"id":"104536","type":"Feature","properties":{"_pk_label":"PK 158+100","_voie":"LGV2"},"geometry":{"type":"Point","coordinates":[0.12750926100000087,46.05309230000001]}},{"id":"104556","type":"Feature","properties":{"_pk_label":"PK 158+200","_voie":"LGV2"},"geometry":{"type":"Point","coordinates":[0.12744940000000007,46.05219291]}},{"id":"104576","type":"Feature","properties":{"_pk_label":"PK 158+300","_voie":"LGV2"},"geometry":{"type":"Point","coordinates":[0.1273811249999995,46.05129378999999]}},{"id":"104596","type":"Feature","properties":{"_pk_label":"PK 158+400","_voie":"LGV2"},"geometry":{"type":"Point","coordinates":[0.12730771100000113,46.05039479]}},{"id":"104616","type":"Feature","properties":{"_pk_label":"PK 158+500","_voie":"LGV2"},"geometry":{"type":"Point","coordinates":[0.12723367799999982,46.04949578]}},{"id":"104636","type":"Feature","properties":{"_pk_label":"PK 158+600","_voie":"LGV2"},"geometry":{"type":"Point","coordinates":[0.12715963300000024,46.04859675999999]}},{"id":"104656","type":"Feature","properties":{"_pk_label":"PK 158+700","_voie":"LGV2"},"geometry":{"type":"Point","coordinates":[0.12708560600000082,46.04769774]}},{"id":"104676","type":"Feature","properties":{"_pk_label":"PK 158+800","_voie":"LGV2"},"geometry":{"type":"Point","coordinates":[0.12701156700000077,46.04679873999999]}},{"id":"104696","type":"Feature","properties":{"_pk_label":"PK 158+900","_voie":"LGV2"},"geometry":{"type":"Point","coordinates":[0.1269375280000003,46.04589971999999]}},{"id":"104736","type":"Feature","properties":{"_pk_label":"PK 159+100","_voie":"LGV2"},"geometry":{"type":"Point","coordinates":[0.12678947500000126,46.04410169]}},{"id":"104756","type":"Feature","properties":{"_pk_label":"PK 159+200","_voie":"LGV2"},"geometry":{"type":"Point","coordinates":[0.1267154580000005,46.04320268000001]}},{"id":"104776","type":"Feature","properties":{"_pk_label":"PK 159+300","_voie":"LGV2"},"geometry":{"type":"Point","coordinates":[0.12664143300000066,46.042303660000016]}},{"id":"104796","type":"Feature","properties":{"_pk_label":"PK 159+400","_voie":"LGV2"},"geometry":{"type":"Point","coordinates":[0.12656740799999963,46.041404650000004]}},{"id":"104816","type":"Feature","properties":{"_pk_label":"PK 159+500","_voie":"LGV2"},"geometry":{"type":"Point","coordinates":[0.12649340000000095,46.040505630000006]}},{"id":"104836","type":"Feature","properties":{"_pk_label":"PK 159+600","_voie":"LGV2"},"geometry":{"type":"Point","coordinates":[0.12641938100000022,46.03960661]}},{"id":"104856","type":"Feature","properties":{"_pk_label":"PK 159+700","_voie":"LGV2"},"geometry":{"type":"Point","coordinates":[0.12634537500000112,46.03870761]}},{"id":"104876","type":"Feature","properties":{"_pk_label":"PK 159+800","_voie":"LGV2"},"geometry":{"type":"Point","coordinates":[0.12627136100000172,46.03780859]}},{"id":"104896","type":"Feature","properties":{"_pk_label":"PK 159+900","_voie":"LGV2"},"geometry":{"type":"Point","coordinates":[0.12619734699999993,46.03690956999999]}},{"id":"104936","type":"Feature","properties":{"_pk_label":"PK 160+100","_voie":"LGV2"},"geometry":{"type":"Point","coordinates":[0.126049342000001,46.035111539999996]}},{"id":"104956","type":"Feature","properties":{"_pk_label":"PK 160+200","_voie":"LGV2"},"geometry":{"type":"Point","coordinates":[0.12597533900000008,46.03421252]}},{"id":"104976","type":"Feature","properties":{"_pk_label":"PK 160+300","_voie":"LGV2"},"geometry":{"type":"Point","coordinates":[0.12590134700000077,46.03331350999999]}},{"id":"104996","type":"Feature","properties":{"_pk_label":"PK 160+400","_voie":"LGV2"},"geometry":{"type":"Point","coordinates":[0.1258273470000008,46.032414489999994]}},{"id":"105016","type":"Feature","properties":{"_pk_label":"PK 160+500","_voie":"LGV2"},"geometry":{"type":"Point","coordinates":[0.1257533639999996,46.03151548000001]}},{"id":"105036","type":"Feature","properties":{"_pk_label":"PK 160+600","_voie":"LGV2"},"geometry":{"type":"Point","coordinates":[0.12567936700000135,46.03061647]}},{"id":"105056","type":"Feature","properties":{"_pk_label":"PK 160+700","_voie":"LGV2"},"geometry":{"type":"Point","coordinates":[0.12560537500000127,46.02971745]}},{"id":"105076","type":"Feature","properties":{"_pk_label":"PK 160+800","_voie":"LGV2"},"geometry":{"type":"Point","coordinates":[0.12553139700000018,46.02881843]}},{"id":"105096","type":"Feature","properties":{"_pk_label":"PK 160+900","_voie":"LGV2"},"geometry":{"type":"Point","coordinates":[0.12545740800000144,46.027919409999996]}},{"id":"105136","type":"Feature","properties":{"_pk_label":"PK 161+100","_voie":"LGV2"},"geometry":{"type":"Point","coordinates":[0.12530945300000107,46.02612138]}},{"id":"105156","type":"Feature","properties":{"_pk_label":"PK 161+200","_voie":"LGV2"},"geometry":{"type":"Point","coordinates":[0.12523546900000085,46.025222359999994]}},{"id":"105176","type":"Feature","properties":{"_pk_label":"PK 161+300","_voie":"LGV2"},"geometry":{"type":"Point","coordinates":[0.12516150600000217,46.024323360000004]}},{"id":"105196","type":"Feature","properties":{"_pk_label":"PK 161+400","_voie":"LGV2"},"geometry":{"type":"Point","coordinates":[0.12508752800000028,46.02342433999999]}},{"id":"105216","type":"Feature","properties":{"_pk_label":"PK 161+500","_voie":"LGV2"},"geometry":{"type":"Point","coordinates":[0.12501355600000072,46.022525319999986]}},{"id":"105236","type":"Feature","properties":{"_pk_label":"PK 161+600","_voie":"LGV2"},"geometry":{"type":"Point","coordinates":[0.12493959700000117,46.02162631000001]}},{"id":"105256","type":"Feature","properties":{"_pk_label":"PK 161+700","_voie":"LGV2"},"geometry":{"type":"Point","coordinates":[0.12486562800000175,46.02072728999999]}},{"id":"105276","type":"Feature","properties":{"_pk_label":"PK 161+800","_voie":"LGV2"},"geometry":{"type":"Point","coordinates":[0.12479167500000014,46.019828269999984]}},{"id":"105296","type":"Feature","properties":{"_pk_label":"PK 161+900","_voie":"LGV2"},"geometry":{"type":"Point","coordinates":[0.12471771100000205,46.01892926000001]}},{"id":"105336","type":"Feature","properties":{"_pk_label":"PK 162+100","_voie":"LGV2"},"geometry":{"type":"Point","coordinates":[0.12456980300000044,46.01713122000001]}},{"id":"105356","type":"Feature","properties":{"_pk_label":"PK 162+200","_voie":"LGV2"},"geometry":{"type":"Point","coordinates":[0.1244958440000001,46.01623221]}},{"id":"105376","type":"Feature","properties":{"_pk_label":"PK 162+300","_voie":"LGV2"},"geometry":{"type":"Point","coordinates":[0.1244219030000003,46.01533319000001]}},{"id":"105396","type":"Feature","properties":{"_pk_label":"PK 162+400","_voie":"LGV2"},"geometry":{"type":"Point","coordinates":[0.12434795300000084,46.014434169999994]}},{"id":"105416","type":"Feature","properties":{"_pk_label":"PK 162+500","_voie":"LGV2"},"geometry":{"type":"Point","coordinates":[0.12427400300000017,46.01353516]}},{"id":"105436","type":"Feature","properties":{"_pk_label":"PK 162+600","_voie":"LGV2"},"geometry":{"type":"Point","coordinates":[0.1242000690000005,46.012636140000005]}},{"id":"105456","type":"Feature","properties":{"_pk_label":"PK 162+700","_voie":"LGV2"},"geometry":{"type":"Point","coordinates":[0.12412612200000038,46.01173712]}},{"id":"105476","type":"Feature","properties":{"_pk_label":"PK 162+800","_voie":"LGV2"},"geometry":{"type":"Point","coordinates":[0.1240521809999994,46.0108381]}},{"id":"105496","type":"Feature","properties":{"_pk_label":"PK 162+900","_voie":"LGV2"},"geometry":{"type":"Point","coordinates":[0.12397825300000123,46.009939089999996]}},{"id":"105536","type":"Feature","properties":{"_pk_label":"PK 163+100","_voie":"LGV2"},"geometry":{"type":"Point","coordinates":[0.12383039400000034,46.00814103999999]}},{"id":"105556","type":"Feature","properties":{"_pk_label":"PK 163+200","_voie":"LGV2"},"geometry":{"type":"Point","coordinates":[0.12375646100000044,46.007242029999986]}},{"id":"105576","type":"Feature","properties":{"_pk_label":"PK 163+300","_voie":"LGV2"},"geometry":{"type":"Point","coordinates":[0.1236825310000007,46.00634301000001]}},{"id":"105596","type":"Feature","properties":{"_pk_label":"PK 163+400","_voie":"LGV2"},"geometry":{"type":"Point","coordinates":[0.12360861699999995,46.00544399]}},{"id":"105616","type":"Feature","properties":{"_pk_label":"PK 163+500","_voie":"LGV2"},"geometry":{"type":"Point","coordinates":[0.12353469199999915,46.00454498]}},{"id":"105636","type":"Feature","properties":{"_pk_label":"PK 163+600","_voie":"LGV2"},"geometry":{"type":"Point","coordinates":[0.12346078100000014,46.003645959999986]}},{"id":"105656","type":"Feature","properties":{"_pk_label":"PK 163+700","_voie":"LGV2"},"geometry":{"type":"Point","coordinates":[0.12338686100000026,46.00274694]}},{"id":"105676","type":"Feature","properties":{"_pk_label":"PK 163+800","_voie":"LGV2"},"geometry":{"type":"Point","coordinates":[0.12331294200000098,46.00184792999998]}},{"id":"105696","type":"Feature","properties":{"_pk_label":"PK 163+900","_voie":"LGV2"},"geometry":{"type":"Point","coordinates":[0.12323903900000067,46.00094891000001]}},{"id":"105736","type":"Feature","properties":{"_pk_label":"PK 164+100","_voie":"LGV2"},"geometry":{"type":"Point","coordinates":[0.12309121700000028,45.99915088000001]}},{"id":"105756","type":"Feature","properties":{"_pk_label":"PK 164+200","_voie":"LGV2"},"geometry":{"type":"Point","coordinates":[0.1230173190000005,45.99825186000002]}},{"id":"105776","type":"Feature","properties":{"_pk_label":"PK 164+300","_voie":"LGV2"},"geometry":{"type":"Point","coordinates":[0.12294341400000101,45.99735283]}},{"id":"105796","type":"Feature","properties":{"_pk_label":"PK 164+400","_voie":"LGV2"},"geometry":{"type":"Point","coordinates":[0.12286952200000156,45.99645381999999]}},{"id":"105816","type":"Feature","properties":{"_pk_label":"PK 164+500","_voie":"LGV2"},"geometry":{"type":"Point","coordinates":[0.12279562200000022,45.9955548]}},{"id":"105836","type":"Feature","properties":{"_pk_label":"PK 164+600","_voie":"LGV2"},"geometry":{"type":"Point","coordinates":[0.12272172200000048,45.994655779999995]}},{"id":"105856","type":"Feature","properties":{"_pk_label":"PK 164+700","_voie":"LGV2"},"geometry":{"type":"Point","coordinates":[0.1226478390000003,45.99375676999999]}},{"id":"105876","type":"Feature","properties":{"_pk_label":"PK 164+800","_voie":"LGV2"},"geometry":{"type":"Point","coordinates":[0.1225739719999995,45.992857740000005]}},{"id":"105896","type":"Feature","properties":{"_pk_label":"PK 164+900","_voie":"LGV2"},"geometry":{"type":"Point","coordinates":[0.1225021310000003,45.991958569999994]}},{"id":"105937","type":"Feature","properties":{"_pk_label":"PK 165+100","_voie":"LGV2"},"geometry":{"type":"Point","coordinates":[0.12238123100000038,45.990159300000016]}},{"id":"105957","type":"Feature","properties":{"_pk_label":"PK 165+200","_voie":"LGV2"},"geometry":{"type":"Point","coordinates":[0.12233367800000033,45.989259280000006]}},{"id":"105977","type":"Feature","properties":{"_pk_label":"PK 165+300","_voie":"LGV2"},"geometry":{"type":"Point","coordinates":[0.12229474700000084,45.98835907000001]}},{"id":"105997","type":"Feature","properties":{"_pk_label":"PK 165+400","_voie":"LGV2"},"geometry":{"type":"Point","coordinates":[0.12226443600000114,45.98745868999998]}},{"id":"106017","type":"Feature","properties":{"_pk_label":"PK 165+500","_voie":"LGV2"},"geometry":{"type":"Point","coordinates":[0.12224272800000124,45.98655818999999]}},{"id":"106037","type":"Feature","properties":{"_pk_label":"PK 165+600","_voie":"LGV2"},"geometry":{"type":"Point","coordinates":[0.12222962200000057,45.985657610000004]}},{"id":"106057","type":"Feature","properties":{"_pk_label":"PK 165+700","_voie":"LGV2"},"geometry":{"type":"Point","coordinates":[0.12222508599999997,45.98475699]}},{"id":"106077","type":"Feature","properties":{"_pk_label":"PK 165+800","_voie":"LGV2"},"geometry":{"type":"Point","coordinates":[0.12222653300000164,45.983856460000005]}},{"id":"106097","type":"Feature","properties":{"_pk_label":"PK 165+900","_voie":"LGV2"},"geometry":{"type":"Point","coordinates":[0.12222907500000102,45.98295597]}},{"id":"106137","type":"Feature","properties":{"_pk_label":"PK 166+100","_voie":"LGV2"},"geometry":{"type":"Point","coordinates":[0.12223415799999998,45.98115498]}},{"id":"106157","type":"Feature","properties":{"_pk_label":"PK 166+200","_voie":"LGV2"},"geometry":{"type":"Point","coordinates":[0.12223669999999977,45.98025449000001]}},{"id":"106177","type":"Feature","properties":{"_pk_label":"PK 166+300","_voie":"LGV2"},"geometry":{"type":"Point","coordinates":[0.12223923100000068,45.97935400000001]}},{"id":"106197","type":"Feature","properties":{"_pk_label":"PK 166+400","_voie":"LGV2"},"geometry":{"type":"Point","coordinates":[0.12224177199999987,45.97845351]}},{"id":"106217","type":"Feature","properties":{"_pk_label":"PK 166+500","_voie":"LGV2"},"geometry":{"type":"Point","coordinates":[0.12224431400000005,45.977553019999995]}},{"id":"106237","type":"Feature","properties":{"_pk_label":"PK 166+600","_voie":"LGV2"},"geometry":{"type":"Point","coordinates":[0.12224685300000046,45.976652529999996]}},{"id":"106257","type":"Feature","properties":{"_pk_label":"PK 166+700","_voie":"LGV2"},"geometry":{"type":"Point","coordinates":[0.12224939400000004,45.97575204000001]}},{"id":"106277","type":"Feature","properties":{"_pk_label":"PK 166+800","_voie":"LGV2"},"geometry":{"type":"Point","coordinates":[0.12225193600000062,45.97485153999999]}},{"id":"106297","type":"Feature","properties":{"_pk_label":"PK 166+900","_voie":"LGV2"},"geometry":{"type":"Point","coordinates":[0.12225447800000039,45.97395106]}},{"id":"106337","type":"Feature","properties":{"_pk_label":"PK 167+100","_voie":"LGV2"},"geometry":{"type":"Point","coordinates":[0.12226284700000059,45.97214997999998]}},{"id":"106357","type":"Feature","properties":{"_pk_label":"PK 167+200","_voie":"LGV2"},"geometry":{"type":"Point","coordinates":[0.12227635300000021,45.97124940999999]}},{"id":"106377","type":"Feature","properties":{"_pk_label":"PK 167+300","_voie":"LGV2"},"geometry":{"type":"Point","coordinates":[0.12229846900000015,45.97034890999999]}},{"id":"106397","type":"Feature","properties":{"_pk_label":"PK 167+400","_voie":"LGV2"},"geometry":{"type":"Point","coordinates":[0.12232918900000088,45.969448539999995]}},{"id":"106417","type":"Feature","properties":{"_pk_label":"PK 167+500","_voie":"LGV2"},"geometry":{"type":"Point","coordinates":[0.12236851700000077,45.96854833]}},{"id":"106437","type":"Feature","properties":{"_pk_label":"PK 167+600","_voie":"LGV2"},"geometry":{"type":"Point","coordinates":[0.12241645000000004,45.967648329999996]}},{"id":"106457","type":"Feature","properties":{"_pk_label":"PK 167+700","_voie":"LGV2"},"geometry":{"type":"Point","coordinates":[0.12247297800000002,45.96674856]}},{"id":"106477","type":"Feature","properties":{"_pk_label":"PK 167+800","_voie":"LGV2"},"geometry":{"type":"Point","coordinates":[0.12253810600000045,45.96584907999999]}},{"id":"106497","type":"Feature","properties":{"_pk_label":"PK 167+900","_voie":"LGV2"},"geometry":{"type":"Point","coordinates":[0.12261183299999957,45.96494992000002]}},{"id":"106537","type":"Feature","properties":{"_pk_label":"PK 168+100","_voie":"LGV2"},"geometry":{"type":"Point","coordinates":[0.12278084399999993,45.96315266000001]}},{"id":"106557","type":"Feature","properties":{"_pk_label":"PK 168+200","_voie":"LGV2"},"geometry":{"type":"Point","coordinates":[0.12286828900000096,45.962254230000006]}},{"id":"106577","type":"Feature","properties":{"_pk_label":"PK 168+300","_voie":"LGV2"},"geometry":{"type":"Point","coordinates":[0.12295572800000128,45.9613558]}},{"id":"106597","type":"Feature","properties":{"_pk_label":"PK 168+400","_voie":"LGV2"},"geometry":{"type":"Point","coordinates":[0.12304316400000065,45.960457379999994]}},{"id":"106617","type":"Feature","properties":{"_pk_label":"PK 168+500","_voie":"LGV2"},"geometry":{"type":"Point","coordinates":[0.12313061400000022,45.959558949999995]}},{"id":"106637","type":"Feature","properties":{"_pk_label":"PK 168+600","_voie":"LGV2"},"geometry":{"type":"Point","coordinates":[0.12321804400000165,45.958660529999996]}},{"id":"106657","type":"Feature","properties":{"_pk_label":"PK 168+700","_voie":"LGV2"},"geometry":{"type":"Point","coordinates":[0.12330547200000073,45.95776209999998]}},{"id":"106677","type":"Feature","properties":{"_pk_label":"PK 168+800","_voie":"LGV2"},"geometry":{"type":"Point","coordinates":[0.12339289700000004,45.95686366999998]}},{"id":"106697","type":"Feature","properties":{"_pk_label":"PK 168+900","_voie":"LGV2"},"geometry":{"type":"Point","coordinates":[0.12348032200000096,45.95596525]}},{"id":"106737","type":"Feature","properties":{"_pk_label":"PK 169+100","_voie":"LGV2"},"geometry":{"type":"Point","coordinates":[0.12365517200000038,45.95416840000001]}},{"id":"106757","type":"Feature","properties":{"_pk_label":"PK 169+200","_voie":"LGV2"},"geometry":{"type":"Point","coordinates":[0.12374258600000004,45.95326997]}},{"id":"106777","type":"Feature","properties":{"_pk_label":"PK 169+300","_voie":"LGV2"},"geometry":{"type":"Point","coordinates":[0.12382999700000075,45.95237155]}},{"id":"106797","type":"Feature","properties":{"_pk_label":"PK 169+400","_voie":"LGV2"},"geometry":{"type":"Point","coordinates":[0.1239174190000007,45.95147312000002]}},{"id":"106817","type":"Feature","properties":{"_pk_label":"PK 169+500","_voie":"LGV2"},"geometry":{"type":"Point","coordinates":[0.12400482500000047,45.95057469]}},{"id":"106837","type":"Feature","properties":{"_pk_label":"PK 169+600","_voie":"LGV2"},"geometry":{"type":"Point","coordinates":[0.12409222800000008,45.94967626]}},{"id":"106857","type":"Feature","properties":{"_pk_label":"PK 169+700","_voie":"LGV2"},"geometry":{"type":"Point","coordinates":[0.12417962799999994,45.94877783999999]}},{"id":"106877","type":"Feature","properties":{"_pk_label":"PK 169+800","_voie":"LGV2"},"geometry":{"type":"Point","coordinates":[0.12426703900000025,45.94787940999999]}},{"id":"106897","type":"Feature","properties":{"_pk_label":"PK 169+900","_voie":"LGV2"},"geometry":{"type":"Point","coordinates":[0.12435443300000097,45.94698098999999]}},{"id":"106937","type":"Feature","properties":{"_pk_label":"PK 170+100","_voie":"LGV2"},"geometry":{"type":"Point","coordinates":[0.12452921400000033,45.945184139999995]}},{"id":"106957","type":"Feature","properties":{"_pk_label":"PK 170+200","_voie":"LGV2"},"geometry":{"type":"Point","coordinates":[0.12461659699999983,45.94428571]}},{"id":"106977","type":"Feature","properties":{"_pk_label":"PK 170+300","_voie":"LGV2"},"geometry":{"type":"Point","coordinates":[0.12470399400000111,45.94338727999999]}},{"id":"106997","type":"Feature","properties":{"_pk_label":"PK 170+400","_voie":"LGV2"},"geometry":{"type":"Point","coordinates":[0.12479137500000102,45.94248884999999]}},{"id":"107017","type":"Feature","properties":{"_pk_label":"PK 170+500","_voie":"LGV2"},"geometry":{"type":"Point","coordinates":[0.12487875299999958,45.94159043]}},{"id":"107037","type":"Feature","properties":{"_pk_label":"PK 170+600","_voie":"LGV2"},"geometry":{"type":"Point","coordinates":[0.12496612800000077,45.940692]}},{"id":"107057","type":"Feature","properties":{"_pk_label":"PK 170+700","_voie":"LGV2"},"geometry":{"type":"Point","coordinates":[0.12505351099999987,45.93979357]}},{"id":"107077","type":"Feature","properties":{"_pk_label":"PK 170+800","_voie":"LGV2"},"geometry":{"type":"Point","coordinates":[0.1251408810000005,45.93889514]}},{"id":"107097","type":"Feature","properties":{"_pk_label":"PK 170+900","_voie":"LGV2"},"geometry":{"type":"Point","coordinates":[0.12522824400000068,45.93799672]}},{"id":"107137","type":"Feature","properties":{"_pk_label":"PK 171+100","_voie":"LGV2"},"geometry":{"type":"Point","coordinates":[0.12540298100000025,45.93619986999998]}},{"id":"107157","type":"Feature","properties":{"_pk_label":"PK 171+200","_voie":"LGV2"},"geometry":{"type":"Point","coordinates":[0.12549033900000026,45.935301439999996]}},{"id":"107177","type":"Feature","properties":{"_pk_label":"PK 171+300","_voie":"LGV2"},"geometry":{"type":"Point","coordinates":[0.12557769400000013,45.934403010000004]}},{"id":"107197","type":"Feature","properties":{"_pk_label":"PK 171+400","_voie":"LGV2"},"geometry":{"type":"Point","coordinates":[0.12566504399999986,45.93350457999999]}},{"id":"107217","type":"Feature","properties":{"_pk_label":"PK 171+500","_voie":"LGV2"},"geometry":{"type":"Point","coordinates":[0.1257523940000004,45.93260615]}},{"id":"107237","type":"Feature","properties":{"_pk_label":"PK 171+600","_voie":"LGV2"},"geometry":{"type":"Point","coordinates":[0.1258397530000006,45.93170773]}},{"id":"107257","type":"Feature","properties":{"_pk_label":"PK 171+700","_voie":"LGV2"},"geometry":{"type":"Point","coordinates":[0.12592709700000043,45.93080929]}},{"id":"107277","type":"Feature","properties":{"_pk_label":"PK 171+800","_voie":"LGV2"},"geometry":{"type":"Point","coordinates":[0.1260144360000005,45.92991087]}},{"id":"107297","type":"Feature","properties":{"_pk_label":"PK 171+900","_voie":"LGV2"},"geometry":{"type":"Point","coordinates":[0.1261017750000002,45.929012450000016]}},{"id":"107337","type":"Feature","properties":{"_pk_label":"PK 172+100","_voie":"LGV2"},"geometry":{"type":"Point","coordinates":[0.12627645299999996,45.92721559]}},{"id":"107357","type":"Feature","properties":{"_pk_label":"PK 172+200","_voie":"LGV2"},"geometry":{"type":"Point","coordinates":[0.12636378300000037,45.926317159999996]}},{"id":"107377","type":"Feature","properties":{"_pk_label":"PK 172+300","_voie":"LGV2"},"geometry":{"type":"Point","coordinates":[0.12645110800000064,45.92541872999999]}},{"id":"107397","type":"Feature","properties":{"_pk_label":"PK 172+400","_voie":"LGV2"},"geometry":{"type":"Point","coordinates":[0.12653844400000017,45.92452029999999]}},{"id":"107417","type":"Feature","properties":{"_pk_label":"PK 172+500","_voie":"LGV2"},"geometry":{"type":"Point","coordinates":[0.1266257640000003,45.92362187000002]}},{"id":"107437","type":"Feature","properties":{"_pk_label":"PK 172+600","_voie":"LGV2"},"geometry":{"type":"Point","coordinates":[0.12671308300000067,45.92272343999999]}},{"id":"107457","type":"Feature","properties":{"_pk_label":"PK 172+700","_voie":"LGV2"},"geometry":{"type":"Point","coordinates":[0.12680039700000048,45.921825009999985]}},{"id":"107477","type":"Feature","properties":{"_pk_label":"PK 172+800","_voie":"LGV2"},"geometry":{"type":"Point","coordinates":[0.12688770800000135,45.92092659]}},{"id":"107497","type":"Feature","properties":{"_pk_label":"PK 172+900","_voie":"LGV2"},"geometry":{"type":"Point","coordinates":[0.12697503100000046,45.92002815999998]}},{"id":"107537","type":"Feature","properties":{"_pk_label":"PK 173+100","_voie":"LGV2"},"geometry":{"type":"Point","coordinates":[0.12714963900000037,45.91823130999999]}},{"id":"107557","type":"Feature","properties":{"_pk_label":"PK 173+200","_voie":"LGV2"},"geometry":{"type":"Point","coordinates":[0.12723693900000038,45.91733287999999]}},{"id":"107577","type":"Feature","properties":{"_pk_label":"PK 173+300","_voie":"LGV2"},"geometry":{"type":"Point","coordinates":[0.12732424999999967,45.91643445000001]}},{"id":"107597","type":"Feature","properties":{"_pk_label":"PK 173+400","_voie":"LGV2"},"geometry":{"type":"Point","coordinates":[0.12741154400000054,45.91553601999998]}},{"id":"107617","type":"Feature","properties":{"_pk_label":"PK 173+500","_voie":"LGV2"},"geometry":{"type":"Point","coordinates":[0.12749883599999987,45.91463759]}},{"id":"107637","type":"Feature","properties":{"_pk_label":"PK 173+600","_voie":"LGV2"},"geometry":{"type":"Point","coordinates":[0.12758612499999944,45.91373916]}},{"id":"107657","type":"Feature","properties":{"_pk_label":"PK 173+700","_voie":"LGV2"},"geometry":{"type":"Point","coordinates":[0.12767342500000106,45.91284072999999]}},{"id":"107677","type":"Feature","properties":{"_pk_label":"PK 173+800","_voie":"LGV2"},"geometry":{"type":"Point","coordinates":[0.1277607080000003,45.91194229999999]}},{"id":"107697","type":"Feature","properties":{"_pk_label":"PK 173+900","_voie":"LGV2"},"geometry":{"type":"Point","coordinates":[0.12784798900000038,45.911043869999986]}},{"id":"107737","type":"Feature","properties":{"_pk_label":"PK 174+100","_voie":"LGV2"},"geometry":{"type":"Point","coordinates":[0.12802254199999966,45.909247019999995]}},{"id":"107757","type":"Feature","properties":{"_pk_label":"PK 174+200","_voie":"LGV2"},"geometry":{"type":"Point","coordinates":[0.1281098249999997,45.90834859]}},{"id":"107777","type":"Feature","properties":{"_pk_label":"PK 174+300","_voie":"LGV2"},"geometry":{"type":"Point","coordinates":[0.12819684999999967,45.907450159999996]}},{"id":"107797","type":"Feature","properties":{"_pk_label":"PK 174+400","_voie":"LGV2"},"geometry":{"type":"Point","coordinates":[0.12828005600000064,45.90655165]}},{"id":"107817","type":"Feature","properties":{"_pk_label":"PK 174+500","_voie":"LGV2"},"geometry":{"type":"Point","coordinates":[0.12835348900000054,45.905652829999994]}},{"id":"107837","type":"Feature","properties":{"_pk_label":"PK 174+600","_voie":"LGV2"},"geometry":{"type":"Point","coordinates":[0.1284112890000004,45.904753530000015]}},{"id":"107857","type":"Feature","properties":{"_pk_label":"PK 174+700","_voie":"LGV2"},"geometry":{"type":"Point","coordinates":[0.1284504610000004,45.90385375000001]}},{"id":"107877","type":"Feature","properties":{"_pk_label":"PK 174+800","_voie":"LGV2"},"geometry":{"type":"Point","coordinates":[0.12847088100000026,45.90295368000001]}},{"id":"107897","type":"Feature","properties":{"_pk_label":"PK 174+900","_voie":"LGV2"},"geometry":{"type":"Point","coordinates":[0.12847254200000063,45.90205349]}},{"id":"107937","type":"Feature","properties":{"_pk_label":"PK 175+100","_voie":"LGV2"},"geometry":{"type":"Point","coordinates":[0.12841961700000057,45.900253529999986]}},{"id":"107957","type":"Feature","properties":{"_pk_label":"PK 175+200","_voie":"LGV2"},"geometry":{"type":"Point","coordinates":[0.12836504200000018,45.899354149999986]}},{"id":"107977","type":"Feature","properties":{"_pk_label":"PK 175+300","_voie":"LGV2"},"geometry":{"type":"Point","coordinates":[0.12829173299999938,45.898455420000005]}},{"id":"107997","type":"Feature","properties":{"_pk_label":"PK 175+400","_voie":"LGV2"},"geometry":{"type":"Point","coordinates":[0.12819971100000047,45.89755752]}},{"id":"108017","type":"Feature","properties":{"_pk_label":"PK 175+500","_voie":"LGV2"},"geometry":{"type":"Point","coordinates":[0.12808900300000092,45.896660659999995]}},{"id":"108037","type":"Feature","properties":{"_pk_label":"PK 175+600","_voie":"LGV2"},"geometry":{"type":"Point","coordinates":[0.12795962200000072,45.89576501999999]}},{"id":"108057","type":"Feature","properties":{"_pk_label":"PK 175+700","_voie":"LGV2"},"geometry":{"type":"Point","coordinates":[0.12781160600000097,45.89487076999998]}},{"id":"108077","type":"Feature","properties":{"_pk_label":"PK 175+800","_voie":"LGV2"},"geometry":{"type":"Point","coordinates":[0.12764499200000015,45.89397813999998]}},{"id":"108097","type":"Feature","properties":{"_pk_label":"PK 175+900","_voie":"LGV2"},"geometry":{"type":"Point","coordinates":[0.12745979700000026,45.89308728]}},{"id":"108137","type":"Feature","properties":{"_pk_label":"PK 176+100","_voie":"LGV2"},"geometry":{"type":"Point","coordinates":[0.12703386400000083,45.89131168000001]}},{"id":"108157","type":"Feature","properties":{"_pk_label":"PK 176+200","_voie":"LGV2"},"geometry":{"type":"Point","coordinates":[0.12679321100000077,45.89042732000001]}},{"id":"108177","type":"Feature","properties":{"_pk_label":"PK 176+300","_voie":"LGV2"},"geometry":{"type":"Point","coordinates":[0.12653417500000053,45.88954549]}},{"id":"108197","type":"Feature","properties":{"_pk_label":"PK 176+400","_voie":"LGV2"},"geometry":{"type":"Point","coordinates":[0.12625681100000072,45.88866639000001]}},{"id":"108217","type":"Feature","properties":{"_pk_label":"PK 176+500","_voie":"LGV2"},"geometry":{"type":"Point","coordinates":[0.12596116100000002,45.887790190000004]}},{"id":"108237","type":"Feature","properties":{"_pk_label":"PK 176+600","_voie":"LGV2"},"geometry":{"type":"Point","coordinates":[0.12564732200000006,45.8869171]}},{"id":"108257","type":"Feature","properties":{"_pk_label":"PK 176+700","_voie":"LGV2"},"geometry":{"type":"Point","coordinates":[0.1253153360000011,45.886047279999985]}},{"id":"108277","type":"Feature","properties":{"_pk_label":"PK 176+800","_voie":"LGV2"},"geometry":{"type":"Point","coordinates":[0.12496526900000067,45.88518091]}},{"id":"108297","type":"Feature","properties":{"_pk_label":"PK 176+900","_voie":"LGV2"},"geometry":{"type":"Point","coordinates":[0.12459721899999979,45.88431820000002]}},{"id":"108338","type":"Feature","properties":{"_pk_label":"PK 177+100","_voie":"LGV2"},"geometry":{"type":"Point","coordinates":[0.12380743600000027,45.88260445]}},{"id":"108358","type":"Feature","properties":{"_pk_label":"PK 177+200","_voie":"LGV2"},"geometry":{"type":"Point","coordinates":[0.12338730800000078,45.88175335]}},{"id":"108378","type":"Feature","properties":{"_pk_label":"PK 177+300","_voie":"LGV2"},"geometry":{"type":"Point","coordinates":[0.12295600299999895,45.880904880000024]}},{"id":"108398","type":"Feature","properties":{"_pk_label":"PK 177+400","_voie":"LGV2"},"geometry":{"type":"Point","coordinates":[0.12251919700000023,45.88005769]}},{"id":"108418","type":"Feature","properties":{"_pk_label":"PK 177+500","_voie":"LGV2"},"geometry":{"type":"Point","coordinates":[0.12208153100000084,45.87921067000001]}},{"id":"108438","type":"Feature","properties":{"_pk_label":"PK 177+600","_voie":"LGV2"},"geometry":{"type":"Point","coordinates":[0.12164389200000088,45.87836364999998]}},{"id":"108458","type":"Feature","properties":{"_pk_label":"PK 177+700","_voie":"LGV2"},"geometry":{"type":"Point","coordinates":[0.12120625300000132,45.87751662999998]}},{"id":"108478","type":"Feature","properties":{"_pk_label":"PK 177+800","_voie":"LGV2"},"geometry":{"type":"Point","coordinates":[0.12076862800000038,45.87666959]}},{"id":"108498","type":"Feature","properties":{"_pk_label":"PK 177+900","_voie":"LGV2"},"geometry":{"type":"Point","coordinates":[0.12033102800000009,45.87582256]}},{"id":"108538","type":"Feature","properties":{"_pk_label":"PK 178+100","_voie":"LGV2"},"geometry":{"type":"Point","coordinates":[0.11945584400000048,45.87412851]}},{"id":"108558","type":"Feature","properties":{"_pk_label":"PK 178+200","_voie":"LGV2"},"geometry":{"type":"Point","coordinates":[0.11901827500000077,45.873281469999995]}},{"id":"108578","type":"Feature","properties":{"_pk_label":"PK 178+300","_voie":"LGV2"},"geometry":{"type":"Point","coordinates":[0.11858072800000076,45.872434440000006]}},{"id":"108598","type":"Feature","properties":{"_pk_label":"PK 178+400","_voie":"LGV2"},"geometry":{"type":"Point","coordinates":[0.11814318300000072,45.87158741]}},{"id":"108618","type":"Feature","properties":{"_pk_label":"PK 178+500","_voie":"LGV2"},"geometry":{"type":"Point","coordinates":[0.11770565300000027,45.87074036]}},{"id":"108638","type":"Feature","properties":{"_pk_label":"PK 178+600","_voie":"LGV2"},"geometry":{"type":"Point","coordinates":[0.11726815000000046,45.86989332000001]}},{"id":"108658","type":"Feature","properties":{"_pk_label":"PK 178+700","_voie":"LGV2"},"geometry":{"type":"Point","coordinates":[0.11683064400000129,45.869046289999986]}},{"id":"108678","type":"Feature","properties":{"_pk_label":"PK 178+800","_voie":"LGV2"},"geometry":{"type":"Point","coordinates":[0.11639315300000092,45.86819924]}},{"id":"108698","type":"Feature","properties":{"_pk_label":"PK 178+900","_voie":"LGV2"},"geometry":{"type":"Point","coordinates":[0.11595568900000078,45.86735219000001]}},{"id":"108738","type":"Feature","properties":{"_pk_label":"PK 179+100","_voie":"LGV2"},"geometry":{"type":"Point","coordinates":[0.1150807750000003,45.865658100000005]}},{"id":"108758","type":"Feature","properties":{"_pk_label":"PK 179+200","_voie":"LGV2"},"geometry":{"type":"Point","coordinates":[0.11464335000000102,45.86481105]}},{"id":"108778","type":"Feature","properties":{"_pk_label":"PK 179+300","_voie":"LGV2"},"geometry":{"type":"Point","coordinates":[0.1142059280000003,45.863963999999996]}},{"id":"108798","type":"Feature","properties":{"_pk_label":"PK 179+400","_voie":"LGV2"},"geometry":{"type":"Point","coordinates":[0.11376851699999965,45.86311694]}},{"id":"108818","type":"Feature","properties":{"_pk_label":"PK 179+500","_voie":"LGV2"},"geometry":{"type":"Point","coordinates":[0.1133311330000016,45.86226988999999]}},{"id":"108838","type":"Feature","properties":{"_pk_label":"PK 179+600","_voie":"LGV2"},"geometry":{"type":"Point","coordinates":[0.11289375000000017,45.86142283000002]}},{"id":"108858","type":"Feature","properties":{"_pk_label":"PK 179+700","_voie":"LGV2"},"geometry":{"type":"Point","coordinates":[0.11245638100000013,45.86057576999999]}},{"id":"108878","type":"Feature","properties":{"_pk_label":"PK 179+800","_voie":"LGV2"},"geometry":{"type":"Point","coordinates":[0.11201902199999995,45.859728710000006]}},{"id":"108898","type":"Feature","properties":{"_pk_label":"PK 179+900","_voie":"LGV2"},"geometry":{"type":"Point","coordinates":[0.11158169200000079,45.85888166]}},{"id":"108938","type":"Feature","properties":{"_pk_label":"PK 180+100","_voie":"LGV2"},"geometry":{"type":"Point","coordinates":[0.11070704700000045,45.85718751999999]}},{"id":"108958","type":"Feature","properties":{"_pk_label":"PK 180+200","_voie":"LGV2"},"geometry":{"type":"Point","coordinates":[0.1102708970000008,45.85634011]}},{"id":"108978","type":"Feature","properties":{"_pk_label":"PK 180+300","_voie":"LGV2"},"geometry":{"type":"Point","coordinates":[0.10984079200000102,45.855491089999994]}},{"id":"108998","type":"Feature","properties":{"_pk_label":"PK 180+400","_voie":"LGV2"},"geometry":{"type":"Point","coordinates":[0.10942244400000048,45.85463912]}},{"id":"109018","type":"Feature","properties":{"_pk_label":"PK 180+500","_voie":"LGV2"},"geometry":{"type":"Point","coordinates":[0.1090206310000009,45.853783220000004]}},{"id":"109038","type":"Feature","properties":{"_pk_label":"PK 180+600","_voie":"LGV2"},"geometry":{"type":"Point","coordinates":[0.10863637800000092,45.852923399999995]}},{"id":"109058","type":"Feature","properties":{"_pk_label":"PK 180+700","_voie":"LGV2"},"geometry":{"type":"Point","coordinates":[0.10826963600000142,45.85205985999999]}},{"id":"109078","type":"Feature","properties":{"_pk_label":"PK 180+800","_voie":"LGV2"},"geometry":{"type":"Point","coordinates":[0.10791769700000008,45.85119339999998]}},{"id":"109098","type":"Feature","properties":{"_pk_label":"PK 180+900","_voie":"LGV2"},"geometry":{"type":"Point","coordinates":[0.10757493300000075,45.850325240000004]}},{"id":"109138","type":"Feature","properties":{"_pk_label":"PK 181+100","_voie":"LGV2"},"geometry":{"type":"Point","coordinates":[0.1068965170000008,45.848587769999995]}},{"id":"109158","type":"Feature","properties":{"_pk_label":"PK 181+200","_voie":"LGV2"},"geometry":{"type":"Point","coordinates":[0.10655742800000002,45.84771902]}},{"id":"109178","type":"Feature","properties":{"_pk_label":"PK 181+300","_voie":"LGV2"},"geometry":{"type":"Point","coordinates":[0.10621833599999908,45.84685026000001]}},{"id":"109198","type":"Feature","properties":{"_pk_label":"PK 181+400","_voie":"LGV2"},"geometry":{"type":"Point","coordinates":[0.10587926899999958,45.84598151]}},{"id":"109218","type":"Feature","properties":{"_pk_label":"PK 181+500","_voie":"LGV2"},"geometry":{"type":"Point","coordinates":[0.10554020000000092,45.84511275000001]}},{"id":"109238","type":"Feature","properties":{"_pk_label":"PK 181+600","_voie":"LGV2"},"geometry":{"type":"Point","coordinates":[0.1052011420000003,45.84424399999999]}},{"id":"109258","type":"Feature","properties":{"_pk_label":"PK 181+700","_voie":"LGV2"},"geometry":{"type":"Point","coordinates":[0.10486210600000019,45.84337525000001]}},{"id":"109278","type":"Feature","properties":{"_pk_label":"PK 181+800","_voie":"LGV2"},"geometry":{"type":"Point","coordinates":[0.10452306700000033,45.84250649000001]}},{"id":"109298","type":"Feature","properties":{"_pk_label":"PK 181+900","_voie":"LGV2"},"geometry":{"type":"Point","coordinates":[0.10418432799999996,45.841637659999996]}},{"id":"109338","type":"Feature","properties":{"_pk_label":"PK 182+100","_voie":"LGV2"},"geometry":{"type":"Point","coordinates":[0.10352332499999983,45.839896669999995]}},{"id":"109358","type":"Feature","properties":{"_pk_label":"PK 182+200","_voie":"LGV2"},"geometry":{"type":"Point","coordinates":[0.10320722500000049,45.83902353999999]}},{"id":"109378","type":"Feature","properties":{"_pk_label":"PK 182+300","_voie":"LGV2"},"geometry":{"type":"Point","coordinates":[0.10290113899999995,45.838148660000016]}},{"id":"109398","type":"Feature","properties":{"_pk_label":"PK 182+400","_voie":"LGV2"},"geometry":{"type":"Point","coordinates":[0.10260507500000007,45.83727211000001]}},{"id":"109418","type":"Feature","properties":{"_pk_label":"PK 182+500","_voie":"LGV2"},"geometry":{"type":"Point","coordinates":[0.10231748600000055,45.836394240000004]}},{"id":"109438","type":"Feature","properties":{"_pk_label":"PK 182+600","_voie":"LGV2"},"geometry":{"type":"Point","coordinates":[0.10203315000000053,45.83551595]}},{"id":"109458","type":"Feature","properties":{"_pk_label":"PK 182+700","_voie":"LGV2"},"geometry":{"type":"Point","coordinates":[0.10174897500000012,45.83463764]}},{"id":"109478","type":"Feature","properties":{"_pk_label":"PK 182+800","_voie":"LGV2"},"geometry":{"type":"Point","coordinates":[0.1014648140000003,45.83375932999998]}},{"id":"109498","type":"Feature","properties":{"_pk_label":"PK 182+900","_voie":"LGV2"},"geometry":{"type":"Point","coordinates":[0.10118065800000023,45.83288101000001]}},{"id":"109538","type":"Feature","properties":{"_pk_label":"PK 183+100","_voie":"LGV2"},"geometry":{"type":"Point","coordinates":[0.10061239200000024,45.831124389999985]}},{"id":"109558","type":"Feature","properties":{"_pk_label":"PK 183+200","_voie":"LGV2"},"geometry":{"type":"Point","coordinates":[0.10032826400000137,45.830246079999995]}},{"id":"109578","type":"Feature","properties":{"_pk_label":"PK 183+300","_voie":"LGV2"},"geometry":{"type":"Point","coordinates":[0.10004414700000097,45.82936777]}},{"id":"109598","type":"Feature","properties":{"_pk_label":"PK 183+400","_voie":"LGV2"},"geometry":{"type":"Point","coordinates":[0.09976003900000024,45.82848944999999]}},{"id":"109618","type":"Feature","properties":{"_pk_label":"PK 183+500","_voie":"LGV2"},"geometry":{"type":"Point","coordinates":[0.099475939000001,45.82761114]}},{"id":"109638","type":"Feature","properties":{"_pk_label":"PK 183+600","_voie":"LGV2"},"geometry":{"type":"Point","coordinates":[0.09919184700000046,45.82673282]}},{"id":"109658","type":"Feature","properties":{"_pk_label":"PK 183+700","_voie":"LGV2"},"geometry":{"type":"Point","coordinates":[0.09890776400000038,45.82585450999999]}},{"id":"109678","type":"Feature","properties":{"_pk_label":"PK 183+800","_voie":"LGV2"},"geometry":{"type":"Point","coordinates":[0.09862369200000036,45.82497619]}},{"id":"109698","type":"Feature","properties":{"_pk_label":"PK 183+900","_voie":"LGV2"},"geometry":{"type":"Point","coordinates":[0.09833962799999944,45.82409786000001]}},{"id":"109738","type":"Feature","properties":{"_pk_label":"PK 184+100","_voie":"LGV2"},"geometry":{"type":"Point","coordinates":[0.09777152800000039,45.822341230000006]}},{"id":"109758","type":"Feature","properties":{"_pk_label":"PK 184+200","_voie":"LGV2"},"geometry":{"type":"Point","coordinates":[0.09748750600000008,45.82146291]}},{"id":"109778","type":"Feature","properties":{"_pk_label":"PK 184+300","_voie":"LGV2"},"geometry":{"type":"Point","coordinates":[0.09720347800000145,45.820584589999996]}},{"id":"109798","type":"Feature","properties":{"_pk_label":"PK 184+400","_voie":"LGV2"},"geometry":{"type":"Point","coordinates":[0.09691945800000074,45.81970626000001]}},{"id":"109818","type":"Feature","properties":{"_pk_label":"PK 184+500","_voie":"LGV2"},"geometry":{"type":"Point","coordinates":[0.09663545000000064,45.818827949999985]}},{"id":"109838","type":"Feature","properties":{"_pk_label":"PK 184+600","_voie":"LGV2"},"geometry":{"type":"Point","coordinates":[0.09635145000000044,45.81794962000001]}},{"id":"109858","type":"Feature","properties":{"_pk_label":"PK 184+700","_voie":"LGV2"},"geometry":{"type":"Point","coordinates":[0.09606745800000172,45.81707129999999]}},{"id":"109878","type":"Feature","properties":{"_pk_label":"PK 184+800","_voie":"LGV2"},"geometry":{"type":"Point","coordinates":[0.0957834749999999,45.816192980000004]}},{"id":"109898","type":"Feature","properties":{"_pk_label":"PK 184+900","_voie":"LGV2"},"geometry":{"type":"Point","coordinates":[0.09549950300000011,45.81531465000001]}},{"id":"109938","type":"Feature","properties":{"_pk_label":"PK 185+100","_voie":"LGV2"},"geometry":{"type":"Point","coordinates":[0.09493158299999982,45.813558]}},{"id":"109958","type":"Feature","properties":{"_pk_label":"PK 185+200","_voie":"LGV2"},"geometry":{"type":"Point","coordinates":[0.09464763600000069,45.812679669999994]}},{"id":"109978","type":"Feature","properties":{"_pk_label":"PK 185+300","_voie":"LGV2"},"geometry":{"type":"Point","coordinates":[0.09436371399999943,45.81180134000001]}},{"id":"109998","type":"Feature","properties":{"_pk_label":"PK 185+400","_voie":"LGV2"},"geometry":{"type":"Point","coordinates":[0.09407977200000084,45.81092302]}},{"id":"110018","type":"Feature","properties":{"_pk_label":"PK 185+500","_voie":"LGV2"},"geometry":{"type":"Point","coordinates":[0.09379431699999985,45.810045]}},{"id":"110038","type":"Feature","properties":{"_pk_label":"PK 185+600","_voie":"LGV2"},"geometry":{"type":"Point","coordinates":[0.09350205300000022,45.80916818000001]}},{"id":"110058","type":"Feature","properties":{"_pk_label":"PK 185+700","_voie":"LGV2"},"geometry":{"type":"Point","coordinates":[0.09319716100000021,45.80829355]}},{"id":"110078","type":"Feature","properties":{"_pk_label":"PK 185+800","_voie":"LGV2"},"geometry":{"type":"Point","coordinates":[0.09287425000000064,45.80742218999999]}},{"id":"110098","type":"Feature","properties":{"_pk_label":"PK 185+900","_voie":"LGV2"},"geometry":{"type":"Point","coordinates":[0.09253146400000041,45.80655454]}},{"id":"110138","type":"Feature","properties":{"_pk_label":"PK 186+100","_voie":"LGV2"},"geometry":{"type":"Point","coordinates":[0.09178660000000081,45.80483130999998]}},{"id":"110158","type":"Feature","properties":{"_pk_label":"PK 186+200","_voie":"LGV2"},"geometry":{"type":"Point","coordinates":[0.09138472199999914,45.80397616000001]}},{"id":"110178","type":"Feature","properties":{"_pk_label":"PK 186+300","_voie":"LGV2"},"geometry":{"type":"Point","coordinates":[0.09096333900000132,45.803125609999995]}},{"id":"110198","type":"Feature","properties":{"_pk_label":"PK 186+400","_voie":"LGV2"},"geometry":{"type":"Point","coordinates":[0.09052256900000102,45.80227989000001]}},{"id":"110218","type":"Feature","properties":{"_pk_label":"PK 186+500","_voie":"LGV2"},"geometry":{"type":"Point","coordinates":[0.09006251900000053,45.80143921]}},{"id":"110238","type":"Feature","properties":{"_pk_label":"PK 186+600","_voie":"LGV2"},"geometry":{"type":"Point","coordinates":[0.08958331900000012,45.80060378]}},{"id":"110258","type":"Feature","properties":{"_pk_label":"PK 186+700","_voie":"LGV2"},"geometry":{"type":"Point","coordinates":[0.08908508599999877,45.79977382]}},{"id":"110278","type":"Feature","properties":{"_pk_label":"PK 186+800","_voie":"LGV2"},"geometry":{"type":"Point","coordinates":[0.0885679420000012,45.79894952999999]}},{"id":"110298","type":"Feature","properties":{"_pk_label":"PK 186+900","_voie":"LGV2"},"geometry":{"type":"Point","coordinates":[0.08803202800000014,45.79813114000002]}},{"id":"110338","type":"Feature","properties":{"_pk_label":"PK 187+100","_voie":"LGV2"},"geometry":{"type":"Point","coordinates":[0.08690443300000063,45.796512860000014]}},{"id":"110358","type":"Feature","properties":{"_pk_label":"PK 187+200","_voie":"LGV2"},"geometry":{"type":"Point","coordinates":[0.08631305000000054,45.79571339]}},{"id":"110378","type":"Feature","properties":{"_pk_label":"PK 187+300","_voie":"LGV2"},"geometry":{"type":"Point","coordinates":[0.08570346399999983,45.794920639999994]}},{"id":"110398","type":"Feature","properties":{"_pk_label":"PK 187+400","_voie":"LGV2"},"geometry":{"type":"Point","coordinates":[0.08507585600000098,45.79413480000001]}},{"id":"110418","type":"Feature","properties":{"_pk_label":"PK 187+500","_voie":"LGV2"},"geometry":{"type":"Point","coordinates":[0.08443035799999984,45.79335608999999]}},{"id":"110438","type":"Feature","properties":{"_pk_label":"PK 187+600","_voie":"LGV2"},"geometry":{"type":"Point","coordinates":[0.08376716699999992,45.79258470000001]}},{"id":"110458","type":"Feature","properties":{"_pk_label":"PK 187+700","_voie":"LGV2"},"geometry":{"type":"Point","coordinates":[0.08308642500000085,45.791820830000006]}},{"id":"110478","type":"Feature","properties":{"_pk_label":"PK 187+800","_voie":"LGV2"},"geometry":{"type":"Point","coordinates":[0.08238831700000156,45.79106466]}},{"id":"110498","type":"Feature","properties":{"_pk_label":"PK 187+900","_voie":"LGV2"},"geometry":{"type":"Point","coordinates":[0.0816730280000013,45.7903164]}},{"id":"110538","type":"Feature","properties":{"_pk_label":"PK 188+100","_voie":"LGV2"},"geometry":{"type":"Point","coordinates":[0.0801916330000008,45.788844369999985]}},{"id":"110559","type":"Feature","properties":{"_pk_label":"PK 188+200","_voie":"LGV2"},"geometry":{"type":"Point","coordinates":[0.07942606899999959,45.78812085999999]}},{"id":"110579","type":"Feature","properties":{"_pk_label":"PK 188+300","_voie":"LGV2"},"geometry":{"type":"Point","coordinates":[0.07864691100000072,45.78740438]}},{"id":"110599","type":"Feature","properties":{"_pk_label":"PK 188+400","_voie":"LGV2"},"geometry":{"type":"Point","coordinates":[0.07785899200000022,45.78669249]}},{"id":"110619","type":"Feature","properties":{"_pk_label":"PK 188+500","_voie":"LGV2"},"geometry":{"type":"Point","coordinates":[0.07706708299999968,45.785982649999994]}},{"id":"110639","type":"Feature","properties":{"_pk_label":"PK 188+600","_voie":"LGV2"},"geometry":{"type":"Point","coordinates":[0.07627471700000073,45.78527303]}},{"id":"110659","type":"Feature","properties":{"_pk_label":"PK 188+700","_voie":"LGV2"},"geometry":{"type":"Point","coordinates":[0.07548237200000131,45.78456340999998]}},{"id":"110679","type":"Feature","properties":{"_pk_label":"PK 188+800","_voie":"LGV2"},"geometry":{"type":"Point","coordinates":[0.07469004700000083,45.78385377]}},{"id":"110700","type":"Feature","properties":{"_pk_label":"PK 188+900","_voie":"LGV2"},"geometry":{"type":"Point","coordinates":[0.07389774200000086,45.78314413999999]}},{"id":"110740","type":"Feature","properties":{"_pk_label":"PK 189+100","_voie":"LGV2"},"geometry":{"type":"Point","coordinates":[0.07232089999999994,45.78172038]}},{"id":"110760","type":"Feature","properties":{"_pk_label":"PK 189+200","_voie":"LGV2"},"geometry":{"type":"Point","coordinates":[0.07154544400000105,45.781001399999994]}},{"id":"110780","type":"Feature","properties":{"_pk_label":"PK 189+300","_voie":"LGV2"},"geometry":{"type":"Point","coordinates":[0.07078472500000044,45.78027468]}},{"id":"110800","type":"Feature","properties":{"_pk_label":"PK 189+400","_voie":"LGV2"},"geometry":{"type":"Point","coordinates":[0.070040275,45.77953976]}},{"id":"110820","type":"Feature","properties":{"_pk_label":"PK 189+500","_voie":"LGV2"},"geometry":{"type":"Point","coordinates":[0.06931229200000065,45.77879682000001]}},{"id":"110840","type":"Feature","properties":{"_pk_label":"PK 189+600","_voie":"LGV2"},"geometry":{"type":"Point","coordinates":[0.06860094400000051,45.77804603000001]}},{"id":"110860","type":"Feature","properties":{"_pk_label":"PK 189+700","_voie":"LGV2"},"geometry":{"type":"Point","coordinates":[0.06790639200000037,45.77728758999999]}},{"id":"110880","type":"Feature","properties":{"_pk_label":"PK 189+800","_voie":"LGV2"},"geometry":{"type":"Point","coordinates":[0.06722881400000062,45.776521660000014]}},{"id":"110900","type":"Feature","properties":{"_pk_label":"PK 189+900","_voie":"LGV2"},"geometry":{"type":"Point","coordinates":[0.06656836900000049,45.77574846000001]}},{"id":"110940","type":"Feature","properties":{"_pk_label":"PK 190+100","_voie":"LGV2"},"geometry":{"type":"Point","coordinates":[0.06529952500000084,45.77418090999997]}},{"id":"110960","type":"Feature","properties":{"_pk_label":"PK 190+200","_voie":"LGV2"},"geometry":{"type":"Point","coordinates":[0.06469143600000073,45.77338696000001]}},{"id":"110980","type":"Feature","properties":{"_pk_label":"PK 190+300","_voie":"LGV2"},"geometry":{"type":"Point","coordinates":[0.06410109700000043,45.772586479999994]}},{"id":"111000","type":"Feature","properties":{"_pk_label":"PK 190+400","_voie":"LGV2"},"geometry":{"type":"Point","coordinates":[0.06352863299999964,45.771779680000016]}},{"id":"111020","type":"Feature","properties":{"_pk_label":"PK 190+500","_voie":"LGV2"},"geometry":{"type":"Point","coordinates":[0.06297422200000072,45.77096671999999]}},{"id":"111040","type":"Feature","properties":{"_pk_label":"PK 190+600","_voie":"LGV2"},"geometry":{"type":"Point","coordinates":[0.06243796099999977,45.77014781999999]}},{"id":"111060","type":"Feature","properties":{"_pk_label":"PK 190+700","_voie":"LGV2"},"geometry":{"type":"Point","coordinates":[0.06191998300000037,45.76932318000001]}},{"id":"111080","type":"Feature","properties":{"_pk_label":"PK 190+800","_voie":"LGV2"},"geometry":{"type":"Point","coordinates":[0.06142043300000036,45.76849298999999]}},{"id":"111100","type":"Feature","properties":{"_pk_label":"PK 190+900","_voie":"LGV2"},"geometry":{"type":"Point","coordinates":[0.06093942800000072,45.76765746]}},{"id":"111140","type":"Feature","properties":{"_pk_label":"PK 191+100","_voie":"LGV2"},"geometry":{"type":"Point","coordinates":[0.060033464000000404,45.7659712]}},{"id":"111160","type":"Feature","properties":{"_pk_label":"PK 191+200","_voie":"LGV2"},"geometry":{"type":"Point","coordinates":[0.059608741999999895,45.765120859999996]}},{"id":"111180","type":"Feature","properties":{"_pk_label":"PK 191+300","_voie":"LGV2"},"geometry":{"type":"Point","coordinates":[0.059202994000000515,45.764266]}},{"id":"111200","type":"Feature","properties":{"_pk_label":"PK 191+400","_voie":"LGV2"},"geometry":{"type":"Point","coordinates":[0.05881631100000045,45.763406829999994]}},{"id":"111220","type":"Feature","properties":{"_pk_label":"PK 191+500","_voie":"LGV2"},"geometry":{"type":"Point","coordinates":[0.058448797000000656,45.76254353000001]}},{"id":"111240","type":"Feature","properties":{"_pk_label":"PK 191+600","_voie":"LGV2"},"geometry":{"type":"Point","coordinates":[0.05810053099999988,45.76167635]}},{"id":"111260","type":"Feature","properties":{"_pk_label":"PK 191+700","_voie":"LGV2"},"geometry":{"type":"Point","coordinates":[0.05777160000000031,45.76080547999999]}},{"id":"111280","type":"Feature","properties":{"_pk_label":"PK 191+800","_voie":"LGV2"},"geometry":{"type":"Point","coordinates":[0.057462089000000216,45.75993111999999]}},{"id":"111300","type":"Feature","properties":{"_pk_label":"PK 191+900","_voie":"LGV2"},"geometry":{"type":"Point","coordinates":[0.057172058000001164,45.759053500000014]}},{"id":"111340","type":"Feature","properties":{"_pk_label":"PK 192+100","_voie":"LGV2"},"geometry":{"type":"Point","coordinates":[0.05665073900000108,45.75728930999999]}},{"id":"111360","type":"Feature","properties":{"_pk_label":"PK 192+200","_voie":"LGV2"},"geometry":{"type":"Point","coordinates":[0.056419581000000676,45.75640316]}},{"id":"111380","type":"Feature","properties":{"_pk_label":"PK 192+300","_voie":"LGV2"},"geometry":{"type":"Point","coordinates":[0.05620815000000095,45.75551461]}},{"id":"111400","type":"Feature","properties":{"_pk_label":"PK 192+400","_voie":"LGV2"},"geometry":{"type":"Point","coordinates":[0.056016503000000134,45.754623859999995]}},{"id":"111420","type":"Feature","properties":{"_pk_label":"PK 192+500","_voie":"LGV2"},"geometry":{"type":"Point","coordinates":[0.055844697000001636,45.75373114]}},{"id":"111440","type":"Feature","properties":{"_pk_label":"PK 192+600","_voie":"LGV2"},"geometry":{"type":"Point","coordinates":[0.055692764000000644,45.75283663999998]}},{"id":"111460","type":"Feature","properties":{"_pk_label":"PK 192+700","_voie":"LGV2"},"geometry":{"type":"Point","coordinates":[0.055560741999999434,45.75194059]}},{"id":"111480","type":"Feature","properties":{"_pk_label":"PK 192+800","_voie":"LGV2"},"geometry":{"type":"Point","coordinates":[0.05544866899999947,45.75104323000001]}},{"id":"111500","type":"Feature","properties":{"_pk_label":"PK 192+900","_voie":"LGV2"},"geometry":{"type":"Point","coordinates":[0.055356547000000735,45.75014474999998]}},{"id":"111540","type":"Feature","properties":{"_pk_label":"PK 193+100","_voie":"LGV2"},"geometry":{"type":"Point","coordinates":[0.05523230300000076,45.74834530999999]}},{"id":"111560","type":"Feature","properties":{"_pk_label":"PK 193+200","_voie":"LGV2"},"geometry":{"type":"Point","coordinates":[0.055200183000000694,45.74744480000001]}},{"id":"111580","type":"Feature","properties":{"_pk_label":"PK 193+300","_voie":"LGV2"},"geometry":{"type":"Point","coordinates":[0.05518810600000021,45.74654404]}},{"id":"111600","type":"Feature","properties":{"_pk_label":"PK 193+400","_voie":"LGV2"},"geometry":{"type":"Point","coordinates":[0.05519604400000048,45.74564326]}},{"id":"111620","type":"Feature","properties":{"_pk_label":"PK 193+500","_voie":"LGV2"},"geometry":{"type":"Point","coordinates":[0.05522401100000052,45.74474268]}},{"id":"111640","type":"Feature","properties":{"_pk_label":"PK 193+600","_voie":"LGV2"},"geometry":{"type":"Point","coordinates":[0.05527199200000073,45.74384250999999]}},{"id":"111660","type":"Feature","properties":{"_pk_label":"PK 193+700","_voie":"LGV2"},"geometry":{"type":"Point","coordinates":[0.05533997799999984,45.74294299]}},{"id":"111680","type":"Feature","properties":{"_pk_label":"PK 193+800","_voie":"LGV2"},"geometry":{"type":"Point","coordinates":[0.05542793899999985,45.7420443]}},{"id":"111700","type":"Feature","properties":{"_pk_label":"PK 193+900","_voie":"LGV2"},"geometry":{"type":"Point","coordinates":[0.055535866999999677,45.74114668]}},{"id":"111740","type":"Feature","properties":{"_pk_label":"PK 194+100","_voie":"LGV2"},"geometry":{"type":"Point","coordinates":[0.05581149200000055,45.73935552000001]}},{"id":"111760","type":"Feature","properties":{"_pk_label":"PK 194+200","_voie":"LGV2"},"geometry":{"type":"Point","coordinates":[0.05597912500000049,45.73846239999999]}},{"id":"111780","type":"Feature","properties":{"_pk_label":"PK 194+300","_voie":"LGV2"},"geometry":{"type":"Point","coordinates":[0.05616656900000036,45.73757122000001]}},{"id":"111800","type":"Feature","properties":{"_pk_label":"PK 194+400","_voie":"LGV2"},"geometry":{"type":"Point","coordinates":[0.05637380299999986,45.736682189999996]}},{"id":"111820","type":"Feature","properties":{"_pk_label":"PK 194+500","_voie":"LGV2"},"geometry":{"type":"Point","coordinates":[0.05660076900000096,45.73579553]}},{"id":"111840","type":"Feature","properties":{"_pk_label":"PK 194+600","_voie":"LGV2"},"geometry":{"type":"Point","coordinates":[0.056847397000000244,45.73491145]}},{"id":"111860","type":"Feature","properties":{"_pk_label":"PK 194+700","_voie":"LGV2"},"geometry":{"type":"Point","coordinates":[0.0571126360000006,45.73403006]}},{"id":"111880","type":"Feature","properties":{"_pk_label":"PK 194+800","_voie":"LGV2"},"geometry":{"type":"Point","coordinates":[0.05739149200000127,45.73315083]}},{"id":"111900","type":"Feature","properties":{"_pk_label":"PK 194+900","_voie":"LGV2"},"geometry":{"type":"Point","coordinates":[0.0576780670000006,45.732272910000006]}},{"id":"111940","type":"Feature","properties":{"_pk_label":"PK 195+100","_voie":"LGV2"},"geometry":{"type":"Point","coordinates":[0.058255583000001374,45.73051793]}},{"id":"111960","type":"Feature","properties":{"_pk_label":"PK 195+200","_voie":"LGV2"},"geometry":{"type":"Point","coordinates":[0.05854434700000029,45.729640440000004]}},{"id":"111980","type":"Feature","properties":{"_pk_label":"PK 195+300","_voie":"LGV2"},"geometry":{"type":"Point","coordinates":[0.058833103000000504,45.72876295999998]}},{"id":"112000","type":"Feature","properties":{"_pk_label":"PK 195+400","_voie":"LGV2"},"geometry":{"type":"Point","coordinates":[0.059121847000000484,45.72788547]}},{"id":"112020","type":"Feature","properties":{"_pk_label":"PK 195+500","_voie":"LGV2"},"geometry":{"type":"Point","coordinates":[0.059410572000000925,45.72700798999999]}},{"id":"112040","type":"Feature","properties":{"_pk_label":"PK 195+600","_voie":"LGV2"},"geometry":{"type":"Point","coordinates":[0.05969929999999993,45.726130489999996]}},{"id":"112060","type":"Feature","properties":{"_pk_label":"PK 195+700","_voie":"LGV2"},"geometry":{"type":"Point","coordinates":[0.059988017000000074,45.72525301]}},{"id":"112080","type":"Feature","properties":{"_pk_label":"PK 195+800","_voie":"LGV2"},"geometry":{"type":"Point","coordinates":[0.060276724999999746,45.72437551000001]}},{"id":"112100","type":"Feature","properties":{"_pk_label":"PK 195+900","_voie":"LGV2"},"geometry":{"type":"Point","coordinates":[0.060565425000000325,45.72349803000002]}},{"id":"112140","type":"Feature","properties":{"_pk_label":"PK 196+100","_voie":"LGV2"},"geometry":{"type":"Point","coordinates":[0.06114278300000046,45.72174304000001]}},{"id":"112160","type":"Feature","properties":{"_pk_label":"PK 196+200","_voie":"LGV2"},"geometry":{"type":"Point","coordinates":[0.061431456,45.720865559999986]}},{"id":"112180","type":"Feature","properties":{"_pk_label":"PK 196+300","_voie":"LGV2"},"geometry":{"type":"Point","coordinates":[0.061720119000000885,45.71998806]}},{"id":"112200","type":"Feature","properties":{"_pk_label":"PK 196+400","_voie":"LGV2"},"geometry":{"type":"Point","coordinates":[0.06200877200000031,45.71911057]}},{"id":"112220","type":"Feature","properties":{"_pk_label":"PK 196+500","_voie":"LGV2"},"geometry":{"type":"Point","coordinates":[0.06229741899999942,45.71823307]}},{"id":"112240","type":"Feature","properties":{"_pk_label":"PK 196+600","_voie":"LGV2"},"geometry":{"type":"Point","coordinates":[0.06258604200000004,45.717355580000024]}},{"id":"112260","type":"Feature","properties":{"_pk_label":"PK 196+700","_voie":"LGV2"},"geometry":{"type":"Point","coordinates":[0.06287466699999984,45.71647808000001]}},{"id":"112280","type":"Feature","properties":{"_pk_label":"PK 196+800","_voie":"LGV2"},"geometry":{"type":"Point","coordinates":[0.06316328300000036,45.71560059000001]}},{"id":"112300","type":"Feature","properties":{"_pk_label":"PK 196+900","_voie":"LGV2"},"geometry":{"type":"Point","coordinates":[0.0634518919999996,45.71472308999999]}},{"id":"112340","type":"Feature","properties":{"_pk_label":"PK 197+100","_voie":"LGV2"},"geometry":{"type":"Point","coordinates":[0.06402906700000041,45.71296809999999]}},{"id":"112360","type":"Feature","properties":{"_pk_label":"PK 197+200","_voie":"LGV2"},"geometry":{"type":"Point","coordinates":[0.06431764999999998,45.71209059000001]}},{"id":"112380","type":"Feature","properties":{"_pk_label":"PK 197+300","_voie":"LGV2"},"geometry":{"type":"Point","coordinates":[0.06460621899999974,45.7112131]}},{"id":"112400","type":"Feature","properties":{"_pk_label":"PK 197+400","_voie":"LGV2"},"geometry":{"type":"Point","coordinates":[0.06489478300000058,45.710335590000014]}},{"id":"112420","type":"Feature","properties":{"_pk_label":"PK 197+500","_voie":"LGV2"},"geometry":{"type":"Point","coordinates":[0.06518333600000095,45.70945808999999]}},{"id":"112440","type":"Feature","properties":{"_pk_label":"PK 197+600","_voie":"LGV2"},"geometry":{"type":"Point","coordinates":[0.06547188100000065,45.70858058999999]}},{"id":"112460","type":"Feature","properties":{"_pk_label":"PK 197+700","_voie":"LGV2"},"geometry":{"type":"Point","coordinates":[0.06576040300000045,45.707703089999995]}},{"id":"112480","type":"Feature","properties":{"_pk_label":"PK 197+800","_voie":"LGV2"},"geometry":{"type":"Point","coordinates":[0.06604892800000081,45.706825580000014]}},{"id":"112500","type":"Feature","properties":{"_pk_label":"PK 197+900","_voie":"LGV2"},"geometry":{"type":"Point","coordinates":[0.0663374440000003,45.705948079999985]}},{"id":"112540","type":"Feature","properties":{"_pk_label":"PK 198+100","_voie":"LGV2"},"geometry":{"type":"Point","coordinates":[0.06691445000000003,45.70419307000001]}},{"id":"112560","type":"Feature","properties":{"_pk_label":"PK 198+200","_voie":"LGV2"},"geometry":{"type":"Point","coordinates":[0.06720292500000068,45.70331557]}},{"id":"112580","type":"Feature","properties":{"_pk_label":"PK 198+300","_voie":"LGV2"},"geometry":{"type":"Point","coordinates":[0.06749140600000084,45.70243805999999]}},{"id":"112600","type":"Feature","properties":{"_pk_label":"PK 198+400","_voie":"LGV2"},"geometry":{"type":"Point","coordinates":[0.06777987499999957,45.701560560000004]}},{"id":"112620","type":"Feature","properties":{"_pk_label":"PK 198+500","_voie":"LGV2"},"geometry":{"type":"Point","coordinates":[0.06806833900000016,45.70068304000002]}},{"id":"112640","type":"Feature","properties":{"_pk_label":"PK 198+600","_voie":"LGV2"},"geometry":{"type":"Point","coordinates":[0.06835678899999935,45.69980554000001]}},{"id":"112660","type":"Feature","properties":{"_pk_label":"PK 198+700","_voie":"LGV2"},"geometry":{"type":"Point","coordinates":[0.06864523300000021,45.69892802999998]}},{"id":"112680","type":"Feature","properties":{"_pk_label":"PK 198+800","_voie":"LGV2"},"geometry":{"type":"Point","coordinates":[0.06893365599999997,45.69805052000001]}},{"id":"112700","type":"Feature","properties":{"_pk_label":"PK 198+900","_voie":"LGV2"},"geometry":{"type":"Point","coordinates":[0.0692220809999997,45.69717301000001]}},{"id":"112740","type":"Feature","properties":{"_pk_label":"PK 199+100","_voie":"LGV2"},"geometry":{"type":"Point","coordinates":[0.06979890300000072,45.695417989999996]}},{"id":"112760","type":"Feature","properties":{"_pk_label":"PK 199+200","_voie":"LGV2"},"geometry":{"type":"Point","coordinates":[0.07008730000000082,45.69454047]}},{"id":"112780","type":"Feature","properties":{"_pk_label":"PK 199+300","_voie":"LGV2"},"geometry":{"type":"Point","coordinates":[0.07037567499999925,45.693662960000005]}},{"id":"112800","type":"Feature","properties":{"_pk_label":"PK 199+400","_voie":"LGV2"},"geometry":{"type":"Point","coordinates":[0.07066405599999996,45.69278544]}},{"id":"112820","type":"Feature","properties":{"_pk_label":"PK 199+500","_voie":"LGV2"},"geometry":{"type":"Point","coordinates":[0.07095242500000006,45.69190792999999]}},{"id":"112840","type":"Feature","properties":{"_pk_label":"PK 199+600","_voie":"LGV2"},"geometry":{"type":"Point","coordinates":[0.07124078600000025,45.69103041000001]}},{"id":"112860","type":"Feature","properties":{"_pk_label":"PK 199+700","_voie":"LGV2"},"geometry":{"type":"Point","coordinates":[0.07152913900000016,45.6901529]}},{"id":"112880","type":"Feature","properties":{"_pk_label":"PK 199+800","_voie":"LGV2"},"geometry":{"type":"Point","coordinates":[0.07181748100000121,45.68927538999999]}},{"id":"112900","type":"Feature","properties":{"_pk_label":"PK 199+900","_voie":"LGV2"},"geometry":{"type":"Point","coordinates":[0.07210580000000077,45.68839785999998]}},{"id":"112940","type":"Feature","properties":{"_pk_label":"PK 200+100","_voie":"LGV2"},"geometry":{"type":"Point","coordinates":[0.07268213300000027,45.68664279999999]}},{"id":"112960","type":"Feature","properties":{"_pk_label":"PK 200+200","_voie":"LGV2"},"geometry":{"type":"Point","coordinates":[0.07296608600000092,45.68576470000001]}},{"id":"112980","type":"Feature","properties":{"_pk_label":"PK 200+300","_voie":"LGV2"},"geometry":{"type":"Point","coordinates":[0.07324018100000025,45.68488515999999]}},{"id":"113001","type":"Feature","properties":{"_pk_label":"PK 200+400","_voie":"LGV2"},"geometry":{"type":"Point","coordinates":[0.07349855800000088,45.684003389999994]}},{"id":"113021","type":"Feature","properties":{"_pk_label":"PK 200+500","_voie":"LGV2"},"geometry":{"type":"Point","coordinates":[0.07373715800000032,45.68311890999999]}},{"id":"113041","type":"Feature","properties":{"_pk_label":"PK 200+600","_voie":"LGV2"},"geometry":{"type":"Point","coordinates":[0.07395554700000086,45.68223186999999]}},{"id":"113061","type":"Feature","properties":{"_pk_label":"PK 200+700","_voie":"LGV2"},"geometry":{"type":"Point","coordinates":[0.07415363900000128,45.68134248999999]}},{"id":"113081","type":"Feature","properties":{"_pk_label":"PK 200+800","_voie":"LGV2"},"geometry":{"type":"Point","coordinates":[0.07433140800000074,45.68045101]}},{"id":"113101","type":"Feature","properties":{"_pk_label":"PK 200+900","_voie":"LGV2"},"geometry":{"type":"Point","coordinates":[0.07448880599999991,45.67955765]}},{"id":"113141","type":"Feature","properties":{"_pk_label":"PK 201+100","_voie":"LGV2"},"geometry":{"type":"Point","coordinates":[0.07474229999999965,45.67776619]}},{"id":"113161","type":"Feature","properties":{"_pk_label":"PK 201+200","_voie":"LGV2"},"geometry":{"type":"Point","coordinates":[0.07483835000000007,45.67686857]}},{"id":"113181","type":"Feature","properties":{"_pk_label":"PK 201+300","_voie":"LGV2"},"geometry":{"type":"Point","coordinates":[0.07491390600000006,45.675969980000005]}},{"id":"113201","type":"Feature","properties":{"_pk_label":"PK 201+400","_voie":"LGV2"},"geometry":{"type":"Point","coordinates":[0.07496893099999992,45.67507065000001]}},{"id":"113221","type":"Feature","properties":{"_pk_label":"PK 201+500","_voie":"LGV2"},"geometry":{"type":"Point","coordinates":[0.0750034140000008,45.67417083]}},{"id":"113241","type":"Feature","properties":{"_pk_label":"PK 201+600","_voie":"LGV2"},"geometry":{"type":"Point","coordinates":[0.07501737200000066,45.67327072999999]}},{"id":"113261","type":"Feature","properties":{"_pk_label":"PK 201+700","_voie":"LGV2"},"geometry":{"type":"Point","coordinates":[0.07501077800000008,45.6723706]}},{"id":"113281","type":"Feature","properties":{"_pk_label":"PK 201+800","_voie":"LGV2"},"geometry":{"type":"Point","coordinates":[0.07498363600000062,45.67147065]}},{"id":"113301","type":"Feature","properties":{"_pk_label":"PK 201+900","_voie":"LGV2"},"geometry":{"type":"Point","coordinates":[0.07493596900000052,45.67057112]}},{"id":"113341","type":"Feature","properties":{"_pk_label":"PK 202+100","_voie":"LGV2"},"geometry":{"type":"Point","coordinates":[0.07477909400000084,45.668774240000005]}},{"id":"113361","type":"Feature","properties":{"_pk_label":"PK 202+200","_voie":"LGV2"},"geometry":{"type":"Point","coordinates":[0.07466992500000053,45.66787736]}},{"id":"113381","type":"Feature","properties":{"_pk_label":"PK 202+300","_voie":"LGV2"},"geometry":{"type":"Point","coordinates":[0.074540319,45.66698179999999]}},{"id":"113401","type":"Feature","properties":{"_pk_label":"PK 202+400","_voie":"LGV2"},"geometry":{"type":"Point","coordinates":[0.07439027500000027,45.66608782]}},{"id":"113421","type":"Feature","properties":{"_pk_label":"PK 202+500","_voie":"LGV2"},"geometry":{"type":"Point","coordinates":[0.07421987500000102,45.665195629999985]}},{"id":"113441","type":"Feature","properties":{"_pk_label":"PK 202+600","_voie":"LGV2"},"geometry":{"type":"Point","coordinates":[0.07402992200000073,45.66430534000001]}},{"id":"113461","type":"Feature","properties":{"_pk_label":"PK 202+700","_voie":"LGV2"},"geometry":{"type":"Point","coordinates":[0.0738251940000003,45.663416579999996]}},{"id":"113481","type":"Feature","properties":{"_pk_label":"PK 202+800","_voie":"LGV2"},"geometry":{"type":"Point","coordinates":[0.07361158299999988,45.66252873999999]}},{"id":"113502","type":"Feature","properties":{"_pk_label":"PK 202+900","_voie":"LGV2"},"geometry":{"type":"Point","coordinates":[0.07339490299999986,45.66164118]}},{"id":"113542","type":"Feature","properties":{"_pk_label":"PK 203+100","_voie":"LGV2"},"geometry":{"type":"Point","coordinates":[0.07296131899999966,45.65986605999999]}},{"id":"113562","type":"Feature","properties":{"_pk_label":"PK 203+200","_voie":"LGV2"},"geometry":{"type":"Point","coordinates":[0.07274453299999949,45.658978489999996]}},{"id":"113582","type":"Feature","properties":{"_pk_label":"PK 203+300","_voie":"LGV2"},"geometry":{"type":"Point","coordinates":[0.07252776700000062,45.65809093999999]}},{"id":"113602","type":"Feature","properties":{"_pk_label":"PK 203+400","_voie":"LGV2"},"geometry":{"type":"Point","coordinates":[0.07231099400000127,45.65720337999999]}},{"id":"113622","type":"Feature","properties":{"_pk_label":"PK 203+500","_voie":"LGV2"},"geometry":{"type":"Point","coordinates":[0.07209423900000086,45.656315819999996]}},{"id":"113642","type":"Feature","properties":{"_pk_label":"PK 203+600","_voie":"LGV2"},"geometry":{"type":"Point","coordinates":[0.0718774810000003,45.65542825999998]}},{"id":"113662","type":"Feature","properties":{"_pk_label":"PK 203+700","_voie":"LGV2"},"geometry":{"type":"Point","coordinates":[0.07166075599999949,45.65454069]}},{"id":"113682","type":"Feature","properties":{"_pk_label":"PK 203+800","_voie":"LGV2"},"geometry":{"type":"Point","coordinates":[0.07144606900000051,45.65365280999999]}},{"id":"113702","type":"Feature","properties":{"_pk_label":"PK 203+900","_voie":"LGV2"},"geometry":{"type":"Point","coordinates":[0.0712391670000001,45.65276392]}},{"id":"113742","type":"Feature","properties":{"_pk_label":"PK 204+100","_voie":"LGV2"},"geometry":{"type":"Point","coordinates":[0.07087289200000084,45.65098082000001]}},{"id":"113762","type":"Feature","properties":{"_pk_label":"PK 204+200","_voie":"LGV2"},"geometry":{"type":"Point","coordinates":[0.07072116699999981,45.650086310000006]}},{"id":"113782","type":"Feature","properties":{"_pk_label":"PK 204+300","_voie":"LGV2"},"geometry":{"type":"Point","coordinates":[0.07059109400000063,45.64919013999998]}},{"id":"113802","type":"Feature","properties":{"_pk_label":"PK 204+400","_voie":"LGV2"},"geometry":{"type":"Point","coordinates":[0.07048269999999918,45.648292539999986]}},{"id":"113822","type":"Feature","properties":{"_pk_label":"PK 204+500","_voie":"LGV2"},"geometry":{"type":"Point","coordinates":[0.07039600600000089,45.64739378000001]}},{"id":"113842","type":"Feature","properties":{"_pk_label":"PK 204+600","_voie":"LGV2"},"geometry":{"type":"Point","coordinates":[0.07033104699999956,45.646494119999986]}},{"id":"113862","type":"Feature","properties":{"_pk_label":"PK 204+700","_voie":"LGV2"},"geometry":{"type":"Point","coordinates":[0.07028783600000037,45.64559381]}},{"id":"113882","type":"Feature","properties":{"_pk_label":"PK 204+800","_voie":"LGV2"},"geometry":{"type":"Point","coordinates":[0.07026639999999917,45.64469313000001]}},{"id":"113902","type":"Feature","properties":{"_pk_label":"PK 204+900","_voie":"LGV2"},"geometry":{"type":"Point","coordinates":[0.0702657000000003,45.64379236]}},{"id":"113942","type":"Feature","properties":{"_pk_label":"PK 205+100","_voie":"LGV2"},"geometry":{"type":"Point","coordinates":[0.07030481900000082,45.64199133000002]}},{"id":"113962","type":"Feature","properties":{"_pk_label":"PK 205+200","_voie":"LGV2"},"geometry":{"type":"Point","coordinates":[0.07033233100000046,45.64109103]}},{"id":"113982","type":"Feature","properties":{"_pk_label":"PK 205+300","_voie":"LGV2"},"geometry":{"type":"Point","coordinates":[0.07035996900000038,45.64019076999999]}},{"id":"114002","type":"Feature","properties":{"_pk_label":"PK 205+400","_voie":"LGV2"},"geometry":{"type":"Point","coordinates":[0.07038760600000091,45.63929049]}},{"id":"114022","type":"Feature","properties":{"_pk_label":"PK 205+500","_voie":"LGV2"},"geometry":{"type":"Point","coordinates":[0.07041524200000046,45.63839022]}},{"id":"114042","type":"Feature","properties":{"_pk_label":"PK 205+600","_voie":"LGV2"},"geometry":{"type":"Point","coordinates":[0.0704428780000008,45.637489949999996]}},{"id":"114062","type":"Feature","properties":{"_pk_label":"PK 205+700","_voie":"LGV2"},"geometry":{"type":"Point","coordinates":[0.07047052500000041,45.63658967999999]}},{"id":"114082","type":"Feature","properties":{"_pk_label":"PK 205+800","_voie":"LGV2"},"geometry":{"type":"Point","coordinates":[0.0704981580000006,45.635689400000004]}},{"id":"114102","type":"Feature","properties":{"_pk_label":"PK 205+900","_voie":"LGV2"},"geometry":{"type":"Point","coordinates":[0.07052579200000057,45.63478913]}},{"id":"114142","type":"Feature","properties":{"_pk_label":"PK 206+100","_voie":"LGV2"},"geometry":{"type":"Point","coordinates":[0.07058098899999969,45.63298859]}},{"id":"114162","type":"Feature","properties":{"_pk_label":"PK 206+200","_voie":"LGV2"},"geometry":{"type":"Point","coordinates":[0.07060598300000082,45.632088369999984]}},{"id":"114182","type":"Feature","properties":{"_pk_label":"PK 206+300","_voie":"LGV2"},"geometry":{"type":"Point","coordinates":[0.07062261699999985,45.63118815000001]}},{"id":"114202","type":"Feature","properties":{"_pk_label":"PK 206+400","_voie":"LGV2"},"geometry":{"type":"Point","coordinates":[0.0706249250000004,45.630287949999996]}},{"id":"114222","type":"Feature","properties":{"_pk_label":"PK 206+500","_voie":"LGV2"},"geometry":{"type":"Point","coordinates":[0.07060782200000078,45.629387880000024]}},{"id":"114242","type":"Feature","properties":{"_pk_label":"PK 206+600","_voie":"LGV2"},"geometry":{"type":"Point","coordinates":[0.07057019200000017,45.62848812999998]}},{"id":"114262","type":"Feature","properties":{"_pk_label":"PK 206+700","_voie":"LGV2"},"geometry":{"type":"Point","coordinates":[0.07051205000000056,45.627588900000006]}},{"id":"114282","type":"Feature","properties":{"_pk_label":"PK 206+800","_voie":"LGV2"},"geometry":{"type":"Point","coordinates":[0.07043340800000021,45.62669044999999]}},{"id":"114302","type":"Feature","properties":{"_pk_label":"PK 206+900","_voie":"LGV2"},"geometry":{"type":"Point","coordinates":[0.07033430000000064,45.62579299]}},{"id":"114342","type":"Feature","properties":{"_pk_label":"PK 207+100","_voie":"LGV2"},"geometry":{"type":"Point","coordinates":[0.07007476700000095,45.62400198999998]}},{"id":"114362","type":"Feature","properties":{"_pk_label":"PK 207+200","_voie":"LGV2"},"geometry":{"type":"Point","coordinates":[0.06991441100000009,45.62310891]}},{"id":"114382","type":"Feature","properties":{"_pk_label":"PK 207+300","_voie":"LGV2"},"geometry":{"type":"Point","coordinates":[0.06973375800000071,45.622217729999996]}},{"id":"114402","type":"Feature","properties":{"_pk_label":"PK 207+400","_voie":"LGV2"},"geometry":{"type":"Point","coordinates":[0.06953510599999993,45.62132836000001]}},{"id":"114422","type":"Feature","properties":{"_pk_label":"PK 207+500","_voie":"LGV2"},"geometry":{"type":"Point","coordinates":[0.06932411100000026,45.620440280000004]}},{"id":"114442","type":"Feature","properties":{"_pk_label":"PK 207+600","_voie":"LGV2"},"geometry":{"type":"Point","coordinates":[0.0691066920000005,45.61955288000001]}},{"id":"114462","type":"Feature","properties":{"_pk_label":"PK 207+700","_voie":"LGV2"},"geometry":{"type":"Point","coordinates":[0.06888800600000139,45.61866558]}},{"id":"114482","type":"Feature","properties":{"_pk_label":"PK 207+800","_voie":"LGV2"},"geometry":{"type":"Point","coordinates":[0.06866932500000043,45.617778269999995]}},{"id":"114502","type":"Feature","properties":{"_pk_label":"PK 207+900","_voie":"LGV2"},"geometry":{"type":"Point","coordinates":[0.06845065300000114,45.61689096]}},{"id":"114542","type":"Feature","properties":{"_pk_label":"PK 208+100","_voie":"LGV2"},"geometry":{"type":"Point","coordinates":[0.06801332800000091,45.615116339999986]}},{"id":"114562","type":"Feature","properties":{"_pk_label":"PK 208+200","_voie":"LGV2"},"geometry":{"type":"Point","coordinates":[0.06779468900000137,45.61422903999999]}},{"id":"114582","type":"Feature","properties":{"_pk_label":"PK 208+300","_voie":"LGV2"},"geometry":{"type":"Point","coordinates":[0.06757604200000074,45.61334173]}},{"id":"114602","type":"Feature","properties":{"_pk_label":"PK 208+400","_voie":"LGV2"},"geometry":{"type":"Point","coordinates":[0.0673587250000008,45.6124542]}},{"id":"114622","type":"Feature","properties":{"_pk_label":"PK 208+500","_voie":"LGV2"},"geometry":{"type":"Point","coordinates":[0.06714794699999999,45.611565799999994]}},{"id":"114642","type":"Feature","properties":{"_pk_label":"PK 208+600","_voie":"LGV2"},"geometry":{"type":"Point","coordinates":[0.06694961700000158,45.61067590999999]}},{"id":"114662","type":"Feature","properties":{"_pk_label":"PK 208+700","_voie":"LGV2"},"geometry":{"type":"Point","coordinates":[0.06676937200000066,45.609784039999994]}},{"id":"114682","type":"Feature","properties":{"_pk_label":"PK 208+800","_voie":"LGV2"},"geometry":{"type":"Point","coordinates":[0.0666094560000002,45.60889026000001]}},{"id":"114702","type":"Feature","properties":{"_pk_label":"PK 208+900","_voie":"LGV2"},"geometry":{"type":"Point","coordinates":[0.06646994200000024,45.607994820000016]}},{"id":"114742","type":"Feature","properties":{"_pk_label":"PK 209+100","_voie":"LGV2"},"geometry":{"type":"Point","coordinates":[0.06625224700000104,45.60619977999999]}},{"id":"114762","type":"Feature","properties":{"_pk_label":"PK 209+200","_voie":"LGV2"},"geometry":{"type":"Point","coordinates":[0.06617411399999996,45.605300660000005]}},{"id":"114782","type":"Feature","properties":{"_pk_label":"PK 209+300","_voie":"LGV2"},"geometry":{"type":"Point","coordinates":[0.06611648900000071,45.604400779999985]}},{"id":"114802","type":"Feature","properties":{"_pk_label":"PK 209+400","_voie":"LGV2"},"geometry":{"type":"Point","coordinates":[0.06607935600000034,45.603500370000006]}},{"id":"114822","type":"Feature","properties":{"_pk_label":"PK 209+500","_voie":"LGV2"},"geometry":{"type":"Point","coordinates":[0.0660605280000008,45.602599739999995]}},{"id":"114842","type":"Feature","properties":{"_pk_label":"PK 209+600","_voie":"LGV2"},"geometry":{"type":"Point","coordinates":[0.06605431700000002,45.601699129999986]}},{"id":"114862","type":"Feature","properties":{"_pk_label":"PK 209+700","_voie":"LGV2"},"geometry":{"type":"Point","coordinates":[0.06605476699999989,45.60079859]}},{"id":"114882","type":"Feature","properties":{"_pk_label":"PK 209+800","_voie":"LGV2"},"geometry":{"type":"Point","coordinates":[0.06605656099999985,45.599898110000005]}},{"id":"114902","type":"Feature","properties":{"_pk_label":"PK 209+900","_voie":"LGV2"},"geometry":{"type":"Point","coordinates":[0.06605836699999965,45.59899764]}},{"id":"114942","type":"Feature","properties":{"_pk_label":"PK 210+100","_voie":"LGV2"},"geometry":{"type":"Point","coordinates":[0.06606196900000058,45.59719668999998]}},{"id":"114962","type":"Feature","properties":{"_pk_label":"PK 210+200","_voie":"LGV2"},"geometry":{"type":"Point","coordinates":[0.06606377500000157,45.59629621]}},{"id":"114982","type":"Feature","properties":{"_pk_label":"PK 210+300","_voie":"LGV2"},"geometry":{"type":"Point","coordinates":[0.06606556900000113,45.59539572999999]}},{"id":"115002","type":"Feature","properties":{"_pk_label":"PK 210+400","_voie":"LGV2"},"geometry":{"type":"Point","coordinates":[0.06606737500000093,45.594495249999994]}},{"id":"115022","type":"Feature","properties":{"_pk_label":"PK 210+500","_voie":"LGV2"},"geometry":{"type":"Point","coordinates":[0.06606914400000025,45.59359477999999]}},{"id":"115042","type":"Feature","properties":{"_pk_label":"PK 210+600","_voie":"LGV2"},"geometry":{"type":"Point","coordinates":[0.06606866100000022,45.59269439]}},{"id":"115062","type":"Feature","properties":{"_pk_label":"PK 210+700","_voie":"LGV2"},"geometry":{"type":"Point","coordinates":[0.06606022800000129,45.5917941]}},{"id":"115082","type":"Feature","properties":{"_pk_label":"PK 210+800","_voie":"LGV2"},"geometry":{"type":"Point","coordinates":[0.06603953100000022,45.590893949999995]}},{"id":"115102","type":"Feature","properties":{"_pk_label":"PK 210+900","_voie":"LGV2"},"geometry":{"type":"Point","coordinates":[0.06600600300000094,45.58999399]}},{"id":"115142","type":"Feature","properties":{"_pk_label":"PK 211+100","_voie":"LGV2"},"geometry":{"type":"Point","coordinates":[0.06590055599999992,45.58819498]}},{"id":"115162","type":"Feature","properties":{"_pk_label":"PK 211+200","_voie":"LGV2"},"geometry":{"type":"Point","coordinates":[0.06583095600000119,45.58729596]}},{"id":"115183","type":"Feature","properties":{"_pk_label":"PK 211+300","_voie":"LGV2"},"geometry":{"type":"Point","coordinates":[0.06575654400000082,45.58639703000001]}},{"id":"115203","type":"Feature","properties":{"_pk_label":"PK 211+400","_voie":"LGV2"},"geometry":{"type":"Point","coordinates":[0.06568161899999964,45.58549809000001]}},{"id":"115223","type":"Feature","properties":{"_pk_label":"PK 211+500","_voie":"LGV2"},"geometry":{"type":"Point","coordinates":[0.06560671100000082,45.584599159999996]}},{"id":"115243","type":"Feature","properties":{"_pk_label":"PK 211+600","_voie":"LGV2"},"geometry":{"type":"Point","coordinates":[0.06553179200000075,45.58370022000001]}},{"id":"115263","type":"Feature","properties":{"_pk_label":"PK 211+700","_voie":"LGV2"},"geometry":{"type":"Point","coordinates":[0.06545687800000041,45.582801280000005]}},{"id":"115283","type":"Feature","properties":{"_pk_label":"PK 211+800","_voie":"LGV2"},"geometry":{"type":"Point","coordinates":[0.06538196400000088,45.58190234]}},{"id":"115303","type":"Feature","properties":{"_pk_label":"PK 211+900","_voie":"LGV2"},"geometry":{"type":"Point","coordinates":[0.06530706400000036,45.581003409999994]}},{"id":"115343","type":"Feature","properties":{"_pk_label":"PK 212+100","_voie":"LGV2"},"geometry":{"type":"Point","coordinates":[0.06515724700000093,45.57920553000002]}},{"id":"115363","type":"Feature","properties":{"_pk_label":"PK 212+200","_voie":"LGV2"},"geometry":{"type":"Point","coordinates":[0.06508234399999986,45.57830659000001]}},{"id":"115383","type":"Feature","properties":{"_pk_label":"PK 212+300","_voie":"LGV2"},"geometry":{"type":"Point","coordinates":[0.06500745600000116,45.57740765999999]}},{"id":"115403","type":"Feature","properties":{"_pk_label":"PK 212+400","_voie":"LGV2"},"geometry":{"type":"Point","coordinates":[0.06493255600000024,45.576508710000006]}},{"id":"115423","type":"Feature","properties":{"_pk_label":"PK 212+500","_voie":"LGV2"},"geometry":{"type":"Point","coordinates":[0.06485765800000048,45.57560978]}},{"id":"115443","type":"Feature","properties":{"_pk_label":"PK 212+600","_voie":"LGV2"},"geometry":{"type":"Point","coordinates":[0.06478276400000108,45.574710839999995]}},{"id":"115463","type":"Feature","properties":{"_pk_label":"PK 212+700","_voie":"LGV2"},"geometry":{"type":"Point","coordinates":[0.06470787199999965,45.57381190000001]}},{"id":"115483","type":"Feature","properties":{"_pk_label":"PK 212+800","_voie":"LGV2"},"geometry":{"type":"Point","coordinates":[0.06463299700000097,45.57291295999999]}},{"id":"115503","type":"Feature","properties":{"_pk_label":"PK 212+900","_voie":"LGV2"},"geometry":{"type":"Point","coordinates":[0.0645581080000001,45.572014030000005]}},{"id":"115543","type":"Feature","properties":{"_pk_label":"PK 213+100","_voie":"LGV2"},"geometry":{"type":"Point","coordinates":[0.06440834200000059,45.570216149999986]}},{"id":"115563","type":"Feature","properties":{"_pk_label":"PK 213+200","_voie":"LGV2"},"geometry":{"type":"Point","coordinates":[0.06433347500000021,45.56931720999999]}},{"id":"115583","type":"Feature","properties":{"_pk_label":"PK 213+300","_voie":"LGV2"},"geometry":{"type":"Point","coordinates":[0.06425859700000058,45.56841828]}},{"id":"115603","type":"Feature","properties":{"_pk_label":"PK 213+400","_voie":"LGV2"},"geometry":{"type":"Point","coordinates":[0.06418372200000032,45.56751934000001]}},{"id":"115623","type":"Feature","properties":{"_pk_label":"PK 213+500","_voie":"LGV2"},"geometry":{"type":"Point","coordinates":[0.06410885000000101,45.5666204]}},{"id":"115643","type":"Feature","properties":{"_pk_label":"PK 213+600","_voie":"LGV2"},"geometry":{"type":"Point","coordinates":[0.06403399200000032,45.56572146]}},{"id":"115663","type":"Feature","properties":{"_pk_label":"PK 213+700","_voie":"LGV2"},"geometry":{"type":"Point","coordinates":[0.06395912500000074,45.56482253]}},{"id":"115683","type":"Feature","properties":{"_pk_label":"PK 213+800","_voie":"LGV2"},"geometry":{"type":"Point","coordinates":[0.06388425799999997,45.56392359]}},{"id":"115703","type":"Feature","properties":{"_pk_label":"PK 213+900","_voie":"LGV2"},"geometry":{"type":"Point","coordinates":[0.06380939400000016,45.56302466]}},{"id":"115743","type":"Feature","properties":{"_pk_label":"PK 214+100","_voie":"LGV2"},"geometry":{"type":"Point","coordinates":[0.063659689,45.56122678000002]}},{"id":"115763","type":"Feature","properties":{"_pk_label":"PK 214+200","_voie":"LGV2"},"geometry":{"type":"Point","coordinates":[0.06358483300000009,45.56032784000001]}},{"id":"115783","type":"Feature","properties":{"_pk_label":"PK 214+300","_voie":"LGV2"},"geometry":{"type":"Point","coordinates":[0.0635099810000013,45.55942891000001]}},{"id":"115803","type":"Feature","properties":{"_pk_label":"PK 214+400","_voie":"LGV2"},"geometry":{"type":"Point","coordinates":[0.06343513100000049,45.55852996999999]}},{"id":"115823","type":"Feature","properties":{"_pk_label":"PK 214+500","_voie":"LGV2"},"geometry":{"type":"Point","coordinates":[0.06335872200000033,45.557631160000014]}},{"id":"115843","type":"Feature","properties":{"_pk_label":"PK 214+600","_voie":"LGV2"},"geometry":{"type":"Point","coordinates":[0.06327538300000056,45.55673274999999]}},{"id":"115863","type":"Feature","properties":{"_pk_label":"PK 214+700","_voie":"LGV2"},"geometry":{"type":"Point","coordinates":[0.06317915599999994,45.55583508]}},{"id":"115883","type":"Feature","properties":{"_pk_label":"PK 214+800","_voie":"LGV2"},"geometry":{"type":"Point","coordinates":[0.06306447800000087,45.55493855000002]}},{"id":"115903","type":"Feature","properties":{"_pk_label":"PK 214+900","_voie":"LGV2"},"geometry":{"type":"Point","coordinates":[0.06292942499999994,45.55404341999999]}},{"id":"115943","type":"Feature","properties":{"_pk_label":"PK 215+100","_voie":"LGV2"},"geometry":{"type":"Point","coordinates":[0.0625982670000013,45.55225829999999]}},{"id":"115963","type":"Feature","properties":{"_pk_label":"PK 215+200","_voie":"LGV2"},"geometry":{"type":"Point","coordinates":[0.06240225600000074,45.55136875999999]}},{"id":"115983","type":"Feature","properties":{"_pk_label":"PK 215+300","_voie":"LGV2"},"geometry":{"type":"Point","coordinates":[0.06218600600000045,45.55048152999999]}},{"id":"116003","type":"Feature","properties":{"_pk_label":"PK 215+400","_voie":"LGV2"},"geometry":{"type":"Point","coordinates":[0.061949594000000024,45.54959685000003]}},{"id":"116023","type":"Feature","properties":{"_pk_label":"PK 215+500","_voie":"LGV2"},"geometry":{"type":"Point","coordinates":[0.06169307499999968,45.54871494000002]}},{"id":"116043","type":"Feature","properties":{"_pk_label":"PK 215+600","_voie":"LGV2"},"geometry":{"type":"Point","coordinates":[0.06141652499999999,45.54783602999999]}},{"id":"116063","type":"Feature","properties":{"_pk_label":"PK 215+700","_voie":"LGV2"},"geometry":{"type":"Point","coordinates":[0.06112150600000128,45.54696462999999]}},{"id":"116064","type":"Feature","properties":{"_pk_label":"PK 215+700","_voie":"LGV2"},"geometry":{"type":"Point","coordinates":[0.06111998900000015,45.546960340000005]}},{"id":"116084","type":"Feature","properties":{"_pk_label":"PK 215+800","_voie":"LGV2"},"geometry":{"type":"Point","coordinates":[0.06080453100000047,45.54608786000001]}},{"id":"116104","type":"Feature","properties":{"_pk_label":"PK 215+900","_voie":"LGV2"},"geometry":{"type":"Point","coordinates":[0.06047502199999998,45.54521785]}},{"id":"116144","type":"Feature","properties":{"_pk_label":"PK 216+100","_voie":"LGV2"},"geometry":{"type":"Point","coordinates":[0.059796855999999836,45.543481199999995]}},{"id":"116164","type":"Feature","properties":{"_pk_label":"PK 216+200","_voie":"LGV2"},"geometry":{"type":"Point","coordinates":[0.05945637799999977,45.5426131]}},{"id":"116184","type":"Feature","properties":{"_pk_label":"PK 216+300","_voie":"LGV2"},"geometry":{"type":"Point","coordinates":[0.059115911000000944,45.54174499]}},{"id":"116204","type":"Feature","properties":{"_pk_label":"PK 216+400","_voie":"LGV2"},"geometry":{"type":"Point","coordinates":[0.05877545600000156,45.54087687999999]}},{"id":"116224","type":"Feature","properties":{"_pk_label":"PK 216+500","_voie":"LGV2"},"geometry":{"type":"Point","coordinates":[0.05843501100000084,45.54000877]}},{"id":"116244","type":"Feature","properties":{"_pk_label":"PK 216+600","_voie":"LGV2"},"geometry":{"type":"Point","coordinates":[0.05809457800000036,45.53914066000001]}},{"id":"116264","type":"Feature","properties":{"_pk_label":"PK 216+700","_voie":"LGV2"},"geometry":{"type":"Point","coordinates":[0.057754153000000176,45.538272549999995]}},{"id":"116284","type":"Feature","properties":{"_pk_label":"PK 216+800","_voie":"LGV2"},"geometry":{"type":"Point","coordinates":[0.05741373900000083,45.537404440000024]}},{"id":"116304","type":"Feature","properties":{"_pk_label":"PK 216+900","_voie":"LGV2"},"geometry":{"type":"Point","coordinates":[0.057073339000000105,45.53653632]}},{"id":"116345","type":"Feature","properties":{"_pk_label":"PK 217+100","_voie":"LGV2"},"geometry":{"type":"Point","coordinates":[0.05639336900000093,45.53479988999999]}},{"id":"116365","type":"Feature","properties":{"_pk_label":"PK 217+200","_voie":"LGV2"},"geometry":{"type":"Point","coordinates":[0.05605923900000079,45.53393044]}},{"id":"116385","type":"Feature","properties":{"_pk_label":"PK 217+300","_voie":"LGV2"},"geometry":{"type":"Point","coordinates":[0.05573634700000156,45.53305879999999]}},{"id":"116405","type":"Feature","properties":{"_pk_label":"PK 217+400","_voie":"LGV2"},"geometry":{"type":"Point","coordinates":[0.055430389000000475,45.53218407]}},{"id":"116425","type":"Feature","properties":{"_pk_label":"PK 217+500","_voie":"LGV2"},"geometry":{"type":"Point","coordinates":[0.05514428300000056,45.53130601]}},{"id":"116445","type":"Feature","properties":{"_pk_label":"PK 217+600","_voie":"LGV2"},"geometry":{"type":"Point","coordinates":[0.05487822500000075,45.53042485999999]}},{"id":"116465","type":"Feature","properties":{"_pk_label":"PK 217+700","_voie":"LGV2"},"geometry":{"type":"Point","coordinates":[0.05463225000000038,45.52954082000001]}},{"id":"116485","type":"Feature","properties":{"_pk_label":"PK 217+800","_voie":"LGV2"},"geometry":{"type":"Point","coordinates":[0.054406447000001225,45.52865412999999]}},{"id":"116505","type":"Feature","properties":{"_pk_label":"PK 217+900","_voie":"LGV2"},"geometry":{"type":"Point","coordinates":[0.05420086100000048,45.52776500000001]}},{"id":"116545","type":"Feature","properties":{"_pk_label":"PK 218+100","_voie":"LGV2"},"geometry":{"type":"Point","coordinates":[0.0538505470000008,45.52598039]}},{"id":"116565","type":"Feature","properties":{"_pk_label":"PK 218+200","_voie":"LGV2"},"geometry":{"type":"Point","coordinates":[0.053705903000000714,45.525085369999985]}},{"id":"116585","type":"Feature","properties":{"_pk_label":"PK 218+300","_voie":"LGV2"},"geometry":{"type":"Point","coordinates":[0.053581657999999366,45.52418883000001]}},{"id":"116605","type":"Feature","properties":{"_pk_label":"PK 218+400","_voie":"LGV2"},"geometry":{"type":"Point","coordinates":[0.05347784700000085,45.52329100000001]}},{"id":"116625","type":"Feature","properties":{"_pk_label":"PK 218+500","_voie":"LGV2"},"geometry":{"type":"Point","coordinates":[0.05339447500000093,45.52239213000001]}},{"id":"116645","type":"Feature","properties":{"_pk_label":"PK 218+600","_voie":"LGV2"},"geometry":{"type":"Point","coordinates":[0.05333158100000126,45.52149242999999]}},{"id":"116665","type":"Feature","properties":{"_pk_label":"PK 218+700","_voie":"LGV2"},"geometry":{"type":"Point","coordinates":[0.05328916700000022,45.52059214]}},{"id":"116685","type":"Feature","properties":{"_pk_label":"PK 218+800","_voie":"LGV2"},"geometry":{"type":"Point","coordinates":[0.05326725600000009,45.51969149]}},{"id":"116705","type":"Feature","properties":{"_pk_label":"PK 218+900","_voie":"LGV2"},"geometry":{"type":"Point","coordinates":[0.05326584700000028,45.51879070999999]}},{"id":"116746","type":"Feature","properties":{"_pk_label":"PK 219+100","_voie":"LGV2"},"geometry":{"type":"Point","coordinates":[0.05332449200000003,45.51698968000001]}},{"id":"116766","type":"Feature","properties":{"_pk_label":"PK 219+200","_voie":"LGV2"},"geometry":{"type":"Point","coordinates":[0.05338240300000057,45.51608988000001]}},{"id":"116786","type":"Feature","properties":{"_pk_label":"PK 219+300","_voie":"LGV2"},"geometry":{"type":"Point","coordinates":[0.053453033000000864,45.51519062999999]}},{"id":"116806","type":"Feature","properties":{"_pk_label":"PK 219+400","_voie":"LGV2"},"geometry":{"type":"Point","coordinates":[0.05353041100000044,45.51429174]}},{"id":"116826","type":"Feature","properties":{"_pk_label":"PK 219+500","_voie":"LGV2"},"geometry":{"type":"Point","coordinates":[0.05360921700000095,45.513392979999985]}},{"id":"116846","type":"Feature","properties":{"_pk_label":"PK 219+600","_voie":"LGV2"},"geometry":{"type":"Point","coordinates":[0.05368801900000033,45.51249421999999]}},{"id":"116866","type":"Feature","properties":{"_pk_label":"PK 219+700","_voie":"LGV2"},"geometry":{"type":"Point","coordinates":[0.05376681700000095,45.511595459999995]}},{"id":"116886","type":"Feature","properties":{"_pk_label":"PK 219+800","_voie":"LGV2"},"geometry":{"type":"Point","coordinates":[0.0538456140000006,45.5106967]}},{"id":"116906","type":"Feature","properties":{"_pk_label":"PK 219+900","_voie":"LGV2"},"geometry":{"type":"Point","coordinates":[0.05392442200000108,45.50979792999998]}},{"id":"116946","type":"Feature","properties":{"_pk_label":"PK 220+100","_voie":"LGV2"},"geometry":{"type":"Point","coordinates":[0.054082003000000746,45.508000409999994]}},{"id":"116966","type":"Feature","properties":{"_pk_label":"PK 220+200","_voie":"LGV2"},"geometry":{"type":"Point","coordinates":[0.05416078899999994,45.50710164000001]}},{"id":"116986","type":"Feature","properties":{"_pk_label":"PK 220+300","_voie":"LGV2"},"geometry":{"type":"Point","coordinates":[0.05423957200000057,45.506202890000004]}},{"id":"117006","type":"Feature","properties":{"_pk_label":"PK 220+400","_voie":"LGV2"},"geometry":{"type":"Point","coordinates":[0.054317994000000716,45.50530413]}},{"id":"117026","type":"Feature","properties":{"_pk_label":"PK 220+500","_voie":"LGV2"},"geometry":{"type":"Point","coordinates":[0.054392139000000526,45.504405289999994]}},{"id":"117046","type":"Feature","properties":{"_pk_label":"PK 220+600","_voie":"LGV2"},"geometry":{"type":"Point","coordinates":[0.05445604399999983,45.50350615999998]}},{"id":"117066","type":"Feature","properties":{"_pk_label":"PK 220+700","_voie":"LGV2"},"geometry":{"type":"Point","coordinates":[0.05450378300000093,45.502606629999995]}},{"id":"117086","type":"Feature","properties":{"_pk_label":"PK 220+800","_voie":"LGV2"},"geometry":{"type":"Point","coordinates":[0.05453142500000159,45.5017067]}},{"id":"117106","type":"Feature","properties":{"_pk_label":"PK 220+900","_voie":"LGV2"},"geometry":{"type":"Point","coordinates":[0.054538575000001,45.500806579999995]}},{"id":"117146","type":"Feature","properties":{"_pk_label":"PK 221+100","_voie":"LGV2"},"geometry":{"type":"Point","coordinates":[0.05449145300000009,45.49900668000001]}},{"id":"117166","type":"Feature","properties":{"_pk_label":"PK 221+200","_voie":"LGV2"},"geometry":{"type":"Point","coordinates":[0.054437197000000756,45.498107360000006]}},{"id":"117186","type":"Feature","properties":{"_pk_label":"PK 221+300","_voie":"LGV2"},"geometry":{"type":"Point","coordinates":[0.05436248100000092,45.497208760000014]}},{"id":"117206","type":"Feature","properties":{"_pk_label":"PK 221+400","_voie":"LGV2"},"geometry":{"type":"Point","coordinates":[0.05426733100000064,45.49631112]}},{"id":"117226","type":"Feature","properties":{"_pk_label":"PK 221+500","_voie":"LGV2"},"geometry":{"type":"Point","coordinates":[0.05415177499999993,45.49541466]}},{"id":"117246","type":"Feature","properties":{"_pk_label":"PK 221+600","_voie":"LGV2"},"geometry":{"type":"Point","coordinates":[0.05401585300000063,45.49451961]}},{"id":"117266","type":"Feature","properties":{"_pk_label":"PK 221+700","_voie":"LGV2"},"geometry":{"type":"Point","coordinates":[0.05385958099999975,45.49362622000001]}},{"id":"117286","type":"Feature","properties":{"_pk_label":"PK 221+800","_voie":"LGV2"},"geometry":{"type":"Point","coordinates":[0.05368301900000004,45.49273469]}},{"id":"117306","type":"Feature","properties":{"_pk_label":"PK 221+900","_voie":"LGV2"},"geometry":{"type":"Point","coordinates":[0.053486202999999836,45.491845260000005]}},{"id":"117346","type":"Feature","properties":{"_pk_label":"PK 222+100","_voie":"LGV2"},"geometry":{"type":"Point","coordinates":[0.05303201400000011,45.49007362999999]}},{"id":"117366","type":"Feature","properties":{"_pk_label":"PK 222+200","_voie":"LGV2"},"geometry":{"type":"Point","coordinates":[0.05277477500000038,45.489191880000014]}},{"id":"117386","type":"Feature","properties":{"_pk_label":"PK 222+300","_voie":"LGV2"},"geometry":{"type":"Point","coordinates":[0.05249751400000058,45.488313119999994]}},{"id":"117406","type":"Feature","properties":{"_pk_label":"PK 222+400","_voie":"LGV2"},"geometry":{"type":"Point","coordinates":[0.05220031100000082,45.487437589999985]}},{"id":"117426","type":"Feature","properties":{"_pk_label":"PK 222+500","_voie":"LGV2"},"geometry":{"type":"Point","coordinates":[0.0518832330000008,45.486565529999986]}},{"id":"117446","type":"Feature","properties":{"_pk_label":"PK 222+600","_voie":"LGV2"},"geometry":{"type":"Point","coordinates":[0.051546381000000537,45.485697139999985]}},{"id":"117466","type":"Feature","properties":{"_pk_label":"PK 222+700","_voie":"LGV2"},"geometry":{"type":"Point","coordinates":[0.05118983300000018,45.484832659999995]}},{"id":"117486","type":"Feature","properties":{"_pk_label":"PK 222+800","_voie":"LGV2"},"geometry":{"type":"Point","coordinates":[0.050813675000000134,45.483972300000005]}},{"id":"117506","type":"Feature","properties":{"_pk_label":"PK 222+900","_voie":"LGV2"},"geometry":{"type":"Point","coordinates":[0.0504180030000011,45.48311627999998]}},{"id":"117546","type":"Feature","properties":{"_pk_label":"PK 223+100","_voie":"LGV2"},"geometry":{"type":"Point","coordinates":[0.04956854399999969,45.481418139999995]}},{"id":"117566","type":"Feature","properties":{"_pk_label":"PK 223+200","_voie":"LGV2"},"geometry":{"type":"Point","coordinates":[0.04911499399999986,45.48057646]}},{"id":"117586","type":"Feature","properties":{"_pk_label":"PK 223+300","_voie":"LGV2"},"geometry":{"type":"Point","coordinates":[0.048642350000000535,45.479739979999984]}},{"id":"117606","type":"Feature","properties":{"_pk_label":"PK 223+400","_voie":"LGV2"},"geometry":{"type":"Point","coordinates":[0.04815076900000017,45.478908940000004]}},{"id":"117626","type":"Feature","properties":{"_pk_label":"PK 223+500","_voie":"LGV2"},"geometry":{"type":"Point","coordinates":[0.04764037200000169,45.47808353]}},{"id":"117646","type":"Feature","properties":{"_pk_label":"PK 223+600","_voie":"LGV2"},"geometry":{"type":"Point","coordinates":[0.047111282999999865,45.47726396]}},{"id":"117666","type":"Feature","properties":{"_pk_label":"PK 223+700","_voie":"LGV2"},"geometry":{"type":"Point","coordinates":[0.0465636220000002,45.476450459999995]}},{"id":"117686","type":"Feature","properties":{"_pk_label":"PK 223+800","_voie":"LGV2"},"geometry":{"type":"Point","coordinates":[0.04599756100000038,45.475643209999994]}},{"id":"117706","type":"Feature","properties":{"_pk_label":"PK 223+900","_voie":"LGV2"},"geometry":{"type":"Point","coordinates":[0.04541322799999987,45.474842450000004]}},{"id":"117746","type":"Feature","properties":{"_pk_label":"PK 224+100","_voie":"LGV2"},"geometry":{"type":"Point","coordinates":[0.0441903939999999,45.473261120000004]}},{"id":"117766","type":"Feature","properties":{"_pk_label":"PK 224+200","_voie":"LGV2"},"geometry":{"type":"Point","coordinates":[0.043554244000000214,45.47248006000001]}},{"id":"117786","type":"Feature","properties":{"_pk_label":"PK 224+300","_voie":"LGV2"},"geometry":{"type":"Point","coordinates":[0.0429073419999998,45.47170328000001]}},{"id":"117806","type":"Feature","properties":{"_pk_label":"PK 224+400","_voie":"LGV2"},"geometry":{"type":"Point","coordinates":[0.04225488299999968,45.47092868]}},{"id":"117826","type":"Feature","properties":{"_pk_label":"PK 224+500","_voie":"LGV2"},"geometry":{"type":"Point","coordinates":[0.04160135000000019,45.47015448]}},{"id":"117846","type":"Feature","properties":{"_pk_label":"PK 224+600","_voie":"LGV2"},"geometry":{"type":"Point","coordinates":[0.04094781899999988,45.469380260000015]}},{"id":"117866","type":"Feature","properties":{"_pk_label":"PK 224+700","_voie":"LGV2"},"geometry":{"type":"Point","coordinates":[0.04029431900000053,45.46860606000001]}},{"id":"117886","type":"Feature","properties":{"_pk_label":"PK 224+800","_voie":"LGV2"},"geometry":{"type":"Point","coordinates":[0.03964083900000092,45.46783184000001]}},{"id":"117906","type":"Feature","properties":{"_pk_label":"PK 224+900","_voie":"LGV2"},"geometry":{"type":"Point","coordinates":[0.03898737500000109,45.46705761999999]}},{"id":"117947","type":"Feature","properties":{"_pk_label":"PK 225+100","_voie":"LGV2"},"geometry":{"type":"Point","coordinates":[0.03768146400000058,45.46550871]}},{"id":"117967","type":"Feature","properties":{"_pk_label":"PK 225+200","_voie":"LGV2"},"geometry":{"type":"Point","coordinates":[0.0370343390000002,45.46473170000001]}},{"id":"117987","type":"Feature","properties":{"_pk_label":"PK 225+300","_voie":"LGV2"},"geometry":{"type":"Point","coordinates":[0.03639769400000106,45.463950329999996]}},{"id":"118007","type":"Feature","properties":{"_pk_label":"PK 225+400","_voie":"LGV2"},"geometry":{"type":"Point","coordinates":[0.03577429699999987,45.46316367999999]}},{"id":"118027","type":"Feature","properties":{"_pk_label":"PK 225+500","_voie":"LGV2"},"geometry":{"type":"Point","coordinates":[0.035164383000000805,45.46237182000001]}},{"id":"118048","type":"Feature","properties":{"_pk_label":"PK 225+600","_voie":"LGV2"},"geometry":{"type":"Point","coordinates":[0.03456800000000043,45.46157487]}},{"id":"118068","type":"Feature","properties":{"_pk_label":"PK 225+700","_voie":"LGV2"},"geometry":{"type":"Point","coordinates":[0.033983422000000256,45.46077368]}},{"id":"118088","type":"Feature","properties":{"_pk_label":"PK 225+800","_voie":"LGV2"},"geometry":{"type":"Point","coordinates":[0.03340568100000113,45.459970149999975]}},{"id":"118108","type":"Feature","properties":{"_pk_label":"PK 225+900","_voie":"LGV2"},"geometry":{"type":"Point","coordinates":[0.03282979399999997,45.459166049999986]}},{"id":"118148","type":"Feature","properties":{"_pk_label":"PK 226+100","_voie":"LGV2"},"geometry":{"type":"Point","coordinates":[0.03167811100000059,45.45755781]}},{"id":"118168","type":"Feature","properties":{"_pk_label":"PK 226+200","_voie":"LGV2"},"geometry":{"type":"Point","coordinates":[0.031102286000000576,45.45675368999999]}},{"id":"118188","type":"Feature","properties":{"_pk_label":"PK 226+300","_voie":"LGV2"},"geometry":{"type":"Point","coordinates":[0.03052648100000029,45.455949569999994]}},{"id":"118208","type":"Feature","properties":{"_pk_label":"PK 226+400","_voie":"LGV2"},"geometry":{"type":"Point","coordinates":[0.029950689000000027,45.45514545000001]}},{"id":"118228","type":"Feature","properties":{"_pk_label":"PK 226+500","_voie":"LGV2"},"geometry":{"type":"Point","coordinates":[0.029374914000000134,45.454341320000005]}},{"id":"118248","type":"Feature","properties":{"_pk_label":"PK 226+600","_voie":"LGV2"},"geometry":{"type":"Point","coordinates":[0.02879916900000023,45.45353719000001]}},{"id":"118268","type":"Feature","properties":{"_pk_label":"PK 226+700","_voie":"LGV2"},"geometry":{"type":"Point","coordinates":[0.028223431000000427,45.452733050000006]}},{"id":"118288","type":"Feature","properties":{"_pk_label":"PK 226+800","_voie":"LGV2"},"geometry":{"type":"Point","coordinates":[0.02764770600000025,45.45192891]}},{"id":"118308","type":"Feature","properties":{"_pk_label":"PK 226+900","_voie":"LGV2"},"geometry":{"type":"Point","coordinates":[0.02707200000000002,45.451124779999994]}},{"id":"118348","type":"Feature","properties":{"_pk_label":"PK 227+100","_voie":"LGV2"},"geometry":{"type":"Point","coordinates":[0.025920636000000094,45.44951648999999]}},{"id":"118368","type":"Feature","properties":{"_pk_label":"PK 227+200","_voie":"LGV2"},"geometry":{"type":"Point","coordinates":[0.02534499200000061,45.44871234]}},{"id":"118388","type":"Feature","properties":{"_pk_label":"PK 227+300","_voie":"LGV2"},"geometry":{"type":"Point","coordinates":[0.024769349999999513,45.44790819000001]}},{"id":"118408","type":"Feature","properties":{"_pk_label":"PK 227+400","_voie":"LGV2"},"geometry":{"type":"Point","coordinates":[0.024193728000001323,45.44710403000002]}},{"id":"118428","type":"Feature","properties":{"_pk_label":"PK 227+500","_voie":"LGV2"},"geometry":{"type":"Point","coordinates":[0.023618118999999972,45.44629988000001]}},{"id":"118448","type":"Feature","properties":{"_pk_label":"PK 227+600","_voie":"LGV2"},"geometry":{"type":"Point","coordinates":[0.023042528000001165,45.44549572000001]}},{"id":"118468","type":"Feature","properties":{"_pk_label":"PK 227+700","_voie":"LGV2"},"geometry":{"type":"Point","coordinates":[0.022466967000000358,45.44469156]}},{"id":"118488","type":"Feature","properties":{"_pk_label":"PK 227+800","_voie":"LGV2"},"geometry":{"type":"Point","coordinates":[0.021891411000000482,45.44388740000001]}},{"id":"118508","type":"Feature","properties":{"_pk_label":"PK 227+900","_voie":"LGV2"},"geometry":{"type":"Point","coordinates":[0.02131586900000121,45.443083229999985]}},{"id":"118548","type":"Feature","properties":{"_pk_label":"PK 228+100","_voie":"LGV2"},"geometry":{"type":"Point","coordinates":[0.02016483900000034,45.44147488]}},{"id":"118568","type":"Feature","properties":{"_pk_label":"PK 228+200","_voie":"LGV2"},"geometry":{"type":"Point","coordinates":[0.019589360999999802,45.4406707]}},{"id":"118588","type":"Feature","properties":{"_pk_label":"PK 228+300","_voie":"LGV2"},"geometry":{"type":"Point","coordinates":[0.019013886000000615,45.43986652999999]}},{"id":"118608","type":"Feature","properties":{"_pk_label":"PK 228+400","_voie":"LGV2"},"geometry":{"type":"Point","coordinates":[0.018438431000001556,45.43906233999999]}},{"id":"118628","type":"Feature","properties":{"_pk_label":"PK 228+500","_voie":"LGV2"},"geometry":{"type":"Point","coordinates":[0.01786298900000053,45.43825816]}},{"id":"118648","type":"Feature","properties":{"_pk_label":"PK 228+600","_voie":"LGV2"},"geometry":{"type":"Point","coordinates":[0.01728756399999987,45.43745397000001]}},{"id":"118668","type":"Feature","properties":{"_pk_label":"PK 228+700","_voie":"LGV2"},"geometry":{"type":"Point","coordinates":[0.016712169000000398,45.43664978]}},{"id":"118688","type":"Feature","properties":{"_pk_label":"PK 228+800","_voie":"LGV2"},"geometry":{"type":"Point","coordinates":[0.016136780999999833,45.435845579999985]}},{"id":"118708","type":"Feature","properties":{"_pk_label":"PK 228+900","_voie":"LGV2"},"geometry":{"type":"Point","coordinates":[0.015561406000000883,45.435041389999995]}},{"id":"118748","type":"Feature","properties":{"_pk_label":"PK 229+100","_voie":"LGV2"},"geometry":{"type":"Point","coordinates":[0.014410708000000291,45.43343299]}},{"id":"118768","type":"Feature","properties":{"_pk_label":"PK 229+200","_voie":"LGV2"},"geometry":{"type":"Point","coordinates":[0.013835394000000714,45.43262879]}},{"id":"118788","type":"Feature","properties":{"_pk_label":"PK 229+300","_voie":"LGV2"},"geometry":{"type":"Point","coordinates":[0.013260088999999623,45.43182458]}},{"id":"118808","type":"Feature","properties":{"_pk_label":"PK 229+400","_voie":"LGV2"},"geometry":{"type":"Point","coordinates":[0.012684797000000145,45.43102037000001]}},{"id":"118828","type":"Feature","properties":{"_pk_label":"PK 229+500","_voie":"LGV2"},"geometry":{"type":"Point","coordinates":[0.012109521999999841,45.43021615000001]}},{"id":"118848","type":"Feature","properties":{"_pk_label":"PK 229+600","_voie":"LGV2"},"geometry":{"type":"Point","coordinates":[0.011534267000001253,45.42941192999999]}},{"id":"118868","type":"Feature","properties":{"_pk_label":"PK 229+700","_voie":"LGV2"},"geometry":{"type":"Point","coordinates":[0.010959038999999718,45.42860771]}},{"id":"118888","type":"Feature","properties":{"_pk_label":"PK 229+800","_voie":"LGV2"},"geometry":{"type":"Point","coordinates":[0.010383814000000723,45.42780349]}},{"id":"118908","type":"Feature","properties":{"_pk_label":"PK 229+900","_voie":"LGV2"},"geometry":{"type":"Point","coordinates":[0.009808606000001302,45.426999269999996]}},{"id":"118948","type":"Feature","properties":{"_pk_label":"PK 230+100","_voie":"LGV2"},"geometry":{"type":"Point","coordinates":[0.008658239000000005,45.42539080999998]}},{"id":"118968","type":"Feature","properties":{"_pk_label":"PK 230+200","_voie":"LGV2"},"geometry":{"type":"Point","coordinates":[0.008083093999999928,45.42458657]}},{"id":"118988","type":"Feature","properties":{"_pk_label":"PK 230+300","_voie":"LGV2"},"geometry":{"type":"Point","coordinates":[0.0075079560000003535,45.42378234]}},{"id":"119008","type":"Feature","properties":{"_pk_label":"PK 230+400","_voie":"LGV2"},"geometry":{"type":"Point","coordinates":[0.006932831000000404,45.4229781]}},{"id":"119028","type":"Feature","properties":{"_pk_label":"PK 230+500","_voie":"LGV2"},"geometry":{"type":"Point","coordinates":[0.006357380999999884,45.42217401]}},{"id":"119048","type":"Feature","properties":{"_pk_label":"PK 230+600","_voie":"LGV2"},"geometry":{"type":"Point","coordinates":[0.005778069000000367,45.4213714]}},{"id":"119068","type":"Feature","properties":{"_pk_label":"PK 230+700","_voie":"LGV2"},"geometry":{"type":"Point","coordinates":[0.005190522000000428,45.42057181999999]}},{"id":"119088","type":"Feature","properties":{"_pk_label":"PK 230+800","_voie":"LGV2"},"geometry":{"type":"Point","coordinates":[0.00459394699999987,45.419775570000006]}},{"id":"119108","type":"Feature","properties":{"_pk_label":"PK 230+900","_voie":"LGV2"},"geometry":{"type":"Point","coordinates":[0.003988350000000998,45.41898271]}},{"id":"119148","type":"Feature","properties":{"_pk_label":"PK 231+100","_voie":"LGV2"},"geometry":{"type":"Point","coordinates":[0.0027507560000016797,45.417407110000006]}},{"id":"119168","type":"Feature","properties":{"_pk_label":"PK 231+200","_voie":"LGV2"},"geometry":{"type":"Point","coordinates":[0.0021230560000013,45.416622679999996]}},{"id":"119188","type":"Feature","properties":{"_pk_label":"PK 231+300","_voie":"LGV2"},"geometry":{"type":"Point","coordinates":[0.0014947360000001704,45.41583845999999]}},{"id":"119208","type":"Feature","properties":{"_pk_label":"PK 231+400","_voie":"LGV2"},"geometry":{"type":"Point","coordinates":[0.0008664329999998046,45.41505423]}},{"id":"119228","type":"Feature","properties":{"_pk_label":"PK 231+500","_voie":"LGV2"},"geometry":{"type":"Point","coordinates":[0.00023815000000036076,45.41427001000001]}},{"id":"119248","type":"Feature","properties":{"_pk_label":"PK 231+600","_voie":"LGV2"},"geometry":{"type":"Point","coordinates":[-0.00039011700000009486,45.41348578]}},{"id":"119268","type":"Feature","properties":{"_pk_label":"PK 231+700","_voie":"LGV2"},"geometry":{"type":"Point","coordinates":[-0.0010183669999997867,45.41270153999999]}},{"id":"119288","type":"Feature","properties":{"_pk_label":"PK 231+800","_voie":"LGV2"},"geometry":{"type":"Point","coordinates":[-0.0016465969999997494,45.41191731]}},{"id":"119308","type":"Feature","properties":{"_pk_label":"PK 231+900","_voie":"LGV2"},"geometry":{"type":"Point","coordinates":[-0.0022748079999997703,45.411133060000004]}},{"id":"119348","type":"Feature","properties":{"_pk_label":"PK 232+100","_voie":"LGV2"},"geometry":{"type":"Point","coordinates":[-0.003531182999999455,45.40956457000001]}},{"id":"119368","type":"Feature","properties":{"_pk_label":"PK 232+200","_voie":"LGV2"},"geometry":{"type":"Point","coordinates":[-0.004159343999999755,45.408780319999984]}},{"id":"119388","type":"Feature","properties":{"_pk_label":"PK 232+300","_voie":"LGV2"},"geometry":{"type":"Point","coordinates":[-0.004787485999999717,45.40799605999998]}},{"id":"119408","type":"Feature","properties":{"_pk_label":"PK 232+400","_voie":"LGV2"},"geometry":{"type":"Point","coordinates":[-0.005415610999999709,45.40721179999999]}},{"id":"119428","type":"Feature","properties":{"_pk_label":"PK 232+500","_voie":"LGV2"},"geometry":{"type":"Point","coordinates":[-0.006043717000000556,45.40642754]}},{"id":"119448","type":"Feature","properties":{"_pk_label":"PK 232+600","_voie":"LGV2"},"geometry":{"type":"Point","coordinates":[-0.006671807999999021,45.405643280000014]}},{"id":"119468","type":"Feature","properties":{"_pk_label":"PK 232+700","_voie":"LGV2"},"geometry":{"type":"Point","coordinates":[-0.0072998779999995595,45.404859009999996]}},{"id":"119488","type":"Feature","properties":{"_pk_label":"PK 232+800","_voie":"LGV2"},"geometry":{"type":"Point","coordinates":[-0.007927932999999308,45.40407473]}},{"id":"119508","type":"Feature","properties":{"_pk_label":"PK 232+900","_voie":"LGV2"},"geometry":{"type":"Point","coordinates":[-0.008555968999998716,45.40329046000001]}},{"id":"119548","type":"Feature","properties":{"_pk_label":"PK 233+100","_voie":"LGV2"},"geometry":{"type":"Point","coordinates":[-0.009811988999999828,45.40172189999999]}},{"id":"119568","type":"Feature","properties":{"_pk_label":"PK 233+200","_voie":"LGV2"},"geometry":{"type":"Point","coordinates":[-0.01043997199999896,45.400937619999986]}},{"id":"119588","type":"Feature","properties":{"_pk_label":"PK 233+300","_voie":"LGV2"},"geometry":{"type":"Point","coordinates":[-0.011067935999999343,45.40015331999999]}},{"id":"119608","type":"Feature","properties":{"_pk_label":"PK 233+400","_voie":"LGV2"},"geometry":{"type":"Point","coordinates":[-0.011695555999999215,45.399368869999996]}},{"id":"119628","type":"Feature","properties":{"_pk_label":"PK 233+500","_voie":"LGV2"},"geometry":{"type":"Point","coordinates":[-0.012319307999999774,45.398582780000005]}},{"id":"119648","type":"Feature","properties":{"_pk_label":"PK 233+600","_voie":"LGV2"},"geometry":{"type":"Point","coordinates":[-0.012934007999998845,45.39779308000001]}},{"id":"119668","type":"Feature","properties":{"_pk_label":"PK 233+700","_voie":"LGV2"},"geometry":{"type":"Point","coordinates":[-0.013535707999999392,45.39699838]}},{"id":"119688","type":"Feature","properties":{"_pk_label":"PK 233+800","_voie":"LGV2"},"geometry":{"type":"Point","coordinates":[-0.014123805999999225,45.39619864]}},{"id":"119708","type":"Feature","properties":{"_pk_label":"PK 233+900","_voie":"LGV2"},"geometry":{"type":"Point","coordinates":[-0.014698239000000194,45.39539399000001]}},{"id":"119748","type":"Feature","properties":{"_pk_label":"PK 234+100","_voie":"LGV2"},"geometry":{"type":"Point","coordinates":[-0.01580569999999837,45.393770409999995]}},{"id":"119768","type":"Feature","properties":{"_pk_label":"PK 234+200","_voie":"LGV2"},"geometry":{"type":"Point","coordinates":[-0.016338599999999294,45.3929517]}},{"id":"119788","type":"Feature","properties":{"_pk_label":"PK 234+300","_voie":"LGV2"},"geometry":{"type":"Point","coordinates":[-0.01685749399999941,45.39212855999999]}},{"id":"119808","type":"Feature","properties":{"_pk_label":"PK 234+400","_voie":"LGV2"},"geometry":{"type":"Point","coordinates":[-0.017362313999999244,45.391301070000004]}},{"id":"119828","type":"Feature","properties":{"_pk_label":"PK 234+500","_voie":"LGV2"},"geometry":{"type":"Point","coordinates":[-0.01785298899999995,45.39046938000003]}},{"id":"119848","type":"Feature","properties":{"_pk_label":"PK 234+600","_voie":"LGV2"},"geometry":{"type":"Point","coordinates":[-0.018329463999999695,45.38963359000001]}},{"id":"119868","type":"Feature","properties":{"_pk_label":"PK 234+700","_voie":"LGV2"},"geometry":{"type":"Point","coordinates":[-0.01879163899999943,45.388793850000006]}},{"id":"119888","type":"Feature","properties":{"_pk_label":"PK 234+800","_voie":"LGV2"},"geometry":{"type":"Point","coordinates":[-0.019239474999999884,45.387950239999995]}},{"id":"119908","type":"Feature","properties":{"_pk_label":"PK 234+900","_voie":"LGV2"},"geometry":{"type":"Point","coordinates":[-0.019672900000000045,45.38710291]}},{"id":"119948","type":"Feature","properties":{"_pk_label":"PK 235+100","_voie":"LGV2"},"geometry":{"type":"Point","coordinates":[-0.020496252999999083,45.38539755999999]}},{"id":"119968","type":"Feature","properties":{"_pk_label":"PK 235+200","_voie":"LGV2"},"geometry":{"type":"Point","coordinates":[-0.02088607800000035,45.384539780000004]}},{"id":"119988","type":"Feature","properties":{"_pk_label":"PK 235+300","_voie":"LGV2"},"geometry":{"type":"Point","coordinates":[-0.021261255999999746,45.383678769999996]}},{"id":"120008","type":"Feature","properties":{"_pk_label":"PK 235+400","_voie":"LGV2"},"geometry":{"type":"Point","coordinates":[-0.0216217250000001,45.38281463999999]}},{"id":"120028","type":"Feature","properties":{"_pk_label":"PK 235+500","_voie":"LGV2"},"geometry":{"type":"Point","coordinates":[-0.02196744400000057,45.38194753000001]}},{"id":"120048","type":"Feature","properties":{"_pk_label":"PK 235+600","_voie":"LGV2"},"geometry":{"type":"Point","coordinates":[-0.02229836900000057,45.38107754999999]}},{"id":"120068","type":"Feature","properties":{"_pk_label":"PK 235+700","_voie":"LGV2"},"geometry":{"type":"Point","coordinates":[-0.022614430999999637,45.38020483999999]}},{"id":"120088","type":"Feature","properties":{"_pk_label":"PK 235+800","_voie":"LGV2"},"geometry":{"type":"Point","coordinates":[-0.022915607999999657,45.37932951999999]}},{"id":"120108","type":"Feature","properties":{"_pk_label":"PK 235+900","_voie":"LGV2"},"geometry":{"type":"Point","coordinates":[-0.023201863999998733,45.37845170999999]}},{"id":"120148","type":"Feature","properties":{"_pk_label":"PK 236+100","_voie":"LGV2"},"geometry":{"type":"Point","coordinates":[-0.023729371999999506,45.37668914999999]}},{"id":"120168","type":"Feature","properties":{"_pk_label":"PK 236+200","_voie":"LGV2"},"geometry":{"type":"Point","coordinates":[-0.02397057800000024,45.37580465]}},{"id":"120188","type":"Feature","properties":{"_pk_label":"PK 236+300","_voie":"LGV2"},"geometry":{"type":"Point","coordinates":[-0.02419669399999933,45.374918179999995]}},{"id":"120208","type":"Feature","properties":{"_pk_label":"PK 236+400","_voie":"LGV2"},"geometry":{"type":"Point","coordinates":[-0.024407693999999525,45.37402984999999]}},{"id":"120228","type":"Feature","properties":{"_pk_label":"PK 236+500","_voie":"LGV2"},"geometry":{"type":"Point","coordinates":[-0.024603546999999053,45.37313981]}},{"id":"120248","type":"Feature","properties":{"_pk_label":"PK 236+600","_voie":"LGV2"},"geometry":{"type":"Point","coordinates":[-0.02478423300000057,45.37224817]}},{"id":"120268","type":"Feature","properties":{"_pk_label":"PK 236+700","_voie":"LGV2"},"geometry":{"type":"Point","coordinates":[-0.024949707999999904,45.37135505999999]}},{"id":"120288","type":"Feature","properties":{"_pk_label":"PK 236+800","_voie":"LGV2"},"geometry":{"type":"Point","coordinates":[-0.02509997199999944,45.37046062]}},{"id":"120308","type":"Feature","properties":{"_pk_label":"PK 236+900","_voie":"LGV2"},"geometry":{"type":"Point","coordinates":[-0.02523498899999966,45.36956498]}},{"id":"120348","type":"Feature","properties":{"_pk_label":"PK 237+100","_voie":"LGV2"},"geometry":{"type":"Point","coordinates":[-0.02545921399999911,45.367770580000006]}},{"id":"120368","type":"Feature","properties":{"_pk_label":"PK 237+200","_voie":"LGV2"},"geometry":{"type":"Point","coordinates":[-0.025548388999998985,45.3668721]}},{"id":"120389","type":"Feature","properties":{"_pk_label":"PK 237+300","_voie":"LGV2"},"geometry":{"type":"Point","coordinates":[-0.02562227499999932,45.36597292]}},{"id":"120409","type":"Feature","properties":{"_pk_label":"PK 237+400","_voie":"LGV2"},"geometry":{"type":"Point","coordinates":[-0.025682143999999196,45.36507327]}},{"id":"120429","type":"Feature","properties":{"_pk_label":"PK 237+500","_voie":"LGV2"},"geometry":{"type":"Point","coordinates":[-0.025733260999999487,45.36417346]}},{"id":"120449","type":"Feature","properties":{"_pk_label":"PK 237+600","_voie":"LGV2"},"geometry":{"type":"Point","coordinates":[-0.0257814109999988,45.36327363]}},{"id":"120469","type":"Feature","properties":{"_pk_label":"PK 237+700","_voie":"LGV2"},"geometry":{"type":"Point","coordinates":[-0.025829469000000153,45.36237383000002]}},{"id":"120489","type":"Feature","properties":{"_pk_label":"PK 237+800","_voie":"LGV2"},"geometry":{"type":"Point","coordinates":[-0.025877513999999498,45.36147401000001]}},{"id":"120509","type":"Feature","properties":{"_pk_label":"PK 237+900","_voie":"LGV2"},"geometry":{"type":"Point","coordinates":[-0.025925555999998684,45.3605742]}},{"id":"120549","type":"Feature","properties":{"_pk_label":"PK 238+100","_voie":"LGV2"},"geometry":{"type":"Point","coordinates":[-0.026021635999999095,45.35877459000001]}},{"id":"120569","type":"Feature","properties":{"_pk_label":"PK 238+200","_voie":"LGV2"},"geometry":{"type":"Point","coordinates":[-0.02606967500000011,45.35787477]}},{"id":"120589","type":"Feature","properties":{"_pk_label":"PK 238+300","_voie":"LGV2"},"geometry":{"type":"Point","coordinates":[-0.026117721999998633,45.35697496]}},{"id":"120609","type":"Feature","properties":{"_pk_label":"PK 238+400","_voie":"LGV2"},"geometry":{"type":"Point","coordinates":[-0.026165758000000684,45.35607515]}},{"id":"120629","type":"Feature","properties":{"_pk_label":"PK 238+500","_voie":"LGV2"},"geometry":{"type":"Point","coordinates":[-0.026213791999998386,45.35517534]}},{"id":"120650","type":"Feature","properties":{"_pk_label":"PK 238+600","_voie":"LGV2"},"geometry":{"type":"Point","coordinates":[-0.026262041999999923,45.35427554999999]}},{"id":"120670","type":"Feature","properties":{"_pk_label":"PK 238+700","_voie":"LGV2"},"geometry":{"type":"Point","coordinates":[-0.026313916999998698,45.353375949999986]}},{"id":"120690","type":"Feature","properties":{"_pk_label":"PK 238+800","_voie":"LGV2"},"geometry":{"type":"Point","coordinates":[-0.026375321999999247,45.35247675]}},{"id":"120711","type":"Feature","properties":{"_pk_label":"PK 238+900","_voie":"LGV2"},"geometry":{"type":"Point","coordinates":[-0.02645196900000017,45.35157821000001]}},{"id":"120751","type":"Feature","properties":{"_pk_label":"PK 239+100","_voie":"LGV2"},"geometry":{"type":"Point","coordinates":[-0.026658617000000447,45.349783850000016]}},{"id":"120771","type":"Feature","properties":{"_pk_label":"PK 239+200","_voie":"LGV2"},"geometry":{"type":"Point","coordinates":[-0.026788633000000193,45.34888838]}},{"id":"120791","type":"Feature","properties":{"_pk_label":"PK 239+300","_voie":"LGV2"},"geometry":{"type":"Point","coordinates":[-0.02693639399999962,45.34799428]}},{"id":"120811","type":"Feature","properties":{"_pk_label":"PK 239+400","_voie":"LGV2"},"geometry":{"type":"Point","coordinates":[-0.02710191099999998,45.34710170999998]}},{"id":"120831","type":"Feature","properties":{"_pk_label":"PK 239+500","_voie":"LGV2"},"geometry":{"type":"Point","coordinates":[-0.027285108000000297,45.34621088]}},{"id":"120851","type":"Feature","properties":{"_pk_label":"PK 239+600","_voie":"LGV2"},"geometry":{"type":"Point","coordinates":[-0.027485978000000084,45.34532194]}},{"id":"120871","type":"Feature","properties":{"_pk_label":"PK 239+700","_voie":"LGV2"},"geometry":{"type":"Point","coordinates":[-0.02770445599999922,45.34443506999999]}},{"id":"120891","type":"Feature","properties":{"_pk_label":"PK 239+800","_voie":"LGV2"},"geometry":{"type":"Point","coordinates":[-0.027940530999999647,45.34355044000001]}},{"id":"120911","type":"Feature","properties":{"_pk_label":"PK 239+900","_voie":"LGV2"},"geometry":{"type":"Point","coordinates":[-0.02819412199999868,45.34266822999999]}},{"id":"120951","type":"Feature","properties":{"_pk_label":"PK 240+100","_voie":"LGV2"},"geometry":{"type":"Point","coordinates":[-0.028753689000000547,45.34091175000001]}},{"id":"120971","type":"Feature","properties":{"_pk_label":"PK 240+200","_voie":"LGV2"},"geometry":{"type":"Point","coordinates":[-0.029059555999999886,45.34003781999999]}},{"id":"120991","type":"Feature","properties":{"_pk_label":"PK 240+300","_voie":"LGV2"},"geometry":{"type":"Point","coordinates":[-0.029382741999999504,45.339166999999996]}},{"id":"121011","type":"Feature","properties":{"_pk_label":"PK 240+400","_voie":"LGV2"},"geometry":{"type":"Point","coordinates":[-0.029723152999999884,45.33829944999999]}},{"id":"121031","type":"Feature","properties":{"_pk_label":"PK 240+500","_voie":"LGV2"},"geometry":{"type":"Point","coordinates":[-0.03008075800000005,45.33743536000001]}},{"id":"121051","type":"Feature","properties":{"_pk_label":"PK 240+600","_voie":"LGV2"},"geometry":{"type":"Point","coordinates":[-0.03045545600000038,45.33657486]}},{"id":"121071","type":"Feature","properties":{"_pk_label":"PK 240+700","_voie":"LGV2"},"geometry":{"type":"Point","coordinates":[-0.030847196999999955,45.33571815999999]}},{"id":"121091","type":"Feature","properties":{"_pk_label":"PK 240+800","_voie":"LGV2"},"geometry":{"type":"Point","coordinates":[-0.031255881000000534,45.33486541]}},{"id":"121111","type":"Feature","properties":{"_pk_label":"PK 240+900","_voie":"LGV2"},"geometry":{"type":"Point","coordinates":[-0.03168144699999955,45.33401677]}},{"id":"121151","type":"Feature","properties":{"_pk_label":"PK 241+100","_voie":"LGV2"},"geometry":{"type":"Point","coordinates":[-0.03258284399999988,45.33233251]}},{"id":"121171","type":"Feature","properties":{"_pk_label":"PK 241+200","_voie":"LGV2"},"geometry":{"type":"Point","coordinates":[-0.03305850300000073,45.331497219999996]}},{"id":"121191","type":"Feature","properties":{"_pk_label":"PK 241+300","_voie":"LGV2"},"geometry":{"type":"Point","coordinates":[-0.03355068099999998,45.33066671]}},{"id":"121211","type":"Feature","properties":{"_pk_label":"PK 241+400","_voie":"LGV2"},"geometry":{"type":"Point","coordinates":[-0.03405928600000005,45.329841130000005]}},{"id":"121231","type":"Feature","properties":{"_pk_label":"PK 241+500","_voie":"LGV2"},"geometry":{"type":"Point","coordinates":[-0.03458420299999952,45.32902065999999]}},{"id":"121251","type":"Feature","properties":{"_pk_label":"PK 241+600","_voie":"LGV2"},"geometry":{"type":"Point","coordinates":[-0.0351253439999996,45.328205440000005]}},{"id":"121271","type":"Feature","properties":{"_pk_label":"PK 241+700","_voie":"LGV2"},"geometry":{"type":"Point","coordinates":[-0.035682594000000435,45.32739566]}},{"id":"121291","type":"Feature","properties":{"_pk_label":"PK 241+800","_voie":"LGV2"},"geometry":{"type":"Point","coordinates":[-0.0362558310000001,45.32659144]}},{"id":"121311","type":"Feature","properties":{"_pk_label":"PK 241+900","_voie":"LGV2"},"geometry":{"type":"Point","coordinates":[-0.036844974999999294,45.32579296]}},{"id":"121351","type":"Feature","properties":{"_pk_label":"PK 242+100","_voie":"LGV2"},"geometry":{"type":"Point","coordinates":[-0.03807042799999979,45.32421384999999]}},{"id":"121371","type":"Feature","properties":{"_pk_label":"PK 242+200","_voie":"LGV2"},"geometry":{"type":"Point","coordinates":[-0.03870652199999983,45.323433520000016]}},{"id":"121391","type":"Feature","properties":{"_pk_label":"PK 242+300","_voie":"LGV2"},"geometry":{"type":"Point","coordinates":[-0.03935801699999948,45.32265954]}},{"id":"121411","type":"Feature","properties":{"_pk_label":"PK 242+400","_voie":"LGV2"},"geometry":{"type":"Point","coordinates":[-0.040024781000000134,45.32189207]}},{"id":"121431","type":"Feature","properties":{"_pk_label":"PK 242+500","_voie":"LGV2"},"geometry":{"type":"Point","coordinates":[-0.0407066969999988,45.321131249999986]}},{"id":"121451","type":"Feature","properties":{"_pk_label":"PK 242+600","_voie":"LGV2"},"geometry":{"type":"Point","coordinates":[-0.04140362799999993,45.32037723999999]}},{"id":"121471","type":"Feature","properties":{"_pk_label":"PK 242+700","_voie":"LGV2"},"geometry":{"type":"Point","coordinates":[-0.04211542799999952,45.31963017999998]}},{"id":"121491","type":"Feature","properties":{"_pk_label":"PK 242+800","_voie":"LGV2"},"geometry":{"type":"Point","coordinates":[-0.0428419690000001,45.31889021]}},{"id":"121511","type":"Feature","properties":{"_pk_label":"PK 242+900","_voie":"LGV2"},"geometry":{"type":"Point","coordinates":[-0.043582244000000006,45.31815700999999]}},{"id":"121551","type":"Feature","properties":{"_pk_label":"PK 243+100","_voie":"LGV2"},"geometry":{"type":"Point","coordinates":[-0.04508666700000002,45.31670239000002]}},{"id":"121571","type":"Feature","properties":{"_pk_label":"PK 243+200","_voie":"LGV2"},"geometry":{"type":"Point","coordinates":[-0.04584197799999991,45.31597657]}},{"id":"121591","type":"Feature","properties":{"_pk_label":"PK 243+300","_voie":"LGV2"},"geometry":{"type":"Point","coordinates":[-0.04659725599999965,45.31525074]}},{"id":"121611","type":"Feature","properties":{"_pk_label":"PK 243+400","_voie":"LGV2"},"geometry":{"type":"Point","coordinates":[-0.04735252499999931,45.314524909999996]}},{"id":"121631","type":"Feature","properties":{"_pk_label":"PK 243+500","_voie":"LGV2"},"geometry":{"type":"Point","coordinates":[-0.04810776400000057,45.31379907]}},{"id":"121651","type":"Feature","properties":{"_pk_label":"PK 243+600","_voie":"LGV2"},"geometry":{"type":"Point","coordinates":[-0.04886299399999857,45.31307322999999]}},{"id":"121671","type":"Feature","properties":{"_pk_label":"PK 243+700","_voie":"LGV2"},"geometry":{"type":"Point","coordinates":[-0.049618206,45.312347380000006]}},{"id":"121691","type":"Feature","properties":{"_pk_label":"PK 243+800","_voie":"LGV2"},"geometry":{"type":"Point","coordinates":[-0.050373382999999716,45.31162152999999]}},{"id":"121711","type":"Feature","properties":{"_pk_label":"PK 243+900","_voie":"LGV2"},"geometry":{"type":"Point","coordinates":[-0.05112855599999988,45.310895670000015]}},{"id":"121751","type":"Feature","properties":{"_pk_label":"PK 244+100","_voie":"LGV2"},"geometry":{"type":"Point","coordinates":[-0.05263882799999883,45.30944393999999]}},{"id":"121771","type":"Feature","properties":{"_pk_label":"PK 244+200","_voie":"LGV2"},"geometry":{"type":"Point","coordinates":[-0.05339428599999931,45.30871829]}},{"id":"121791","type":"Feature","properties":{"_pk_label":"PK 244+300","_voie":"LGV2"},"geometry":{"type":"Point","coordinates":[-0.05415333099999914,45.30799462000001]}},{"id":"121811","type":"Feature","properties":{"_pk_label":"PK 244+400","_voie":"LGV2"},"geometry":{"type":"Point","coordinates":[-0.054920674999999315,45.30727544]}},{"id":"121831","type":"Feature","properties":{"_pk_label":"PK 244+500","_voie":"LGV2"},"geometry":{"type":"Point","coordinates":[-0.0556989859999995,45.306562179999986]}},{"id":"121851","type":"Feature","properties":{"_pk_label":"PK 244+600","_voie":"LGV2"},"geometry":{"type":"Point","coordinates":[-0.056488335999999514,45.305854990000014]}},{"id":"121871","type":"Feature","properties":{"_pk_label":"PK 244+700","_voie":"LGV2"},"geometry":{"type":"Point","coordinates":[-0.05728865600000009,45.30515396999999]}},{"id":"121891","type":"Feature","properties":{"_pk_label":"PK 244+800","_voie":"LGV2"},"geometry":{"type":"Point","coordinates":[-0.05809981899999918,45.304459200000004]}},{"id":"121911","type":"Feature","properties":{"_pk_label":"PK 244+900","_voie":"LGV2"},"geometry":{"type":"Point","coordinates":[-0.05892175800000026,45.303770760000006]}},{"id":"121951","type":"Feature","properties":{"_pk_label":"PK 245+100","_voie":"LGV2"},"geometry":{"type":"Point","coordinates":[-0.060597500000000006,45.30241321]}},{"id":"121971","type":"Feature","properties":{"_pk_label":"PK 245+200","_voie":"LGV2"},"geometry":{"type":"Point","coordinates":[-0.061451105999999145,45.30174426000001]}},{"id":"121991","type":"Feature","properties":{"_pk_label":"PK 245+300","_voie":"LGV2"},"geometry":{"type":"Point","coordinates":[-0.062315071999999944,45.301081980000006]}},{"id":"122011","type":"Feature","properties":{"_pk_label":"PK 245+400","_voie":"LGV2"},"geometry":{"type":"Point","coordinates":[-0.06318929399999905,45.300426439999995]}},{"id":"122031","type":"Feature","properties":{"_pk_label":"PK 245+500","_voie":"LGV2"},"geometry":{"type":"Point","coordinates":[-0.06407365299999868,45.299777709999994]}},{"id":"122051","type":"Feature","properties":{"_pk_label":"PK 245+600","_voie":"LGV2"},"geometry":{"type":"Point","coordinates":[-0.06496804699999979,45.29913588]}},{"id":"122071","type":"Feature","properties":{"_pk_label":"PK 245+700","_voie":"LGV2"},"geometry":{"type":"Point","coordinates":[-0.06587236899999968,45.29850102999998]}},{"id":"122091","type":"Feature","properties":{"_pk_label":"PK 245+800","_voie":"LGV2"},"geometry":{"type":"Point","coordinates":[-0.0667865109999998,45.297873229999986]}},{"id":"122111","type":"Feature","properties":{"_pk_label":"PK 245+900","_voie":"LGV2"},"geometry":{"type":"Point","coordinates":[-0.0677103669999988,45.29725255]}},{"id":"122152","type":"Feature","properties":{"_pk_label":"PK 246+100","_voie":"LGV2"},"geometry":{"type":"Point","coordinates":[-0.06958659399999977,45.29603273]}},{"id":"122172","type":"Feature","properties":{"_pk_label":"PK 246+200","_voie":"LGV2"},"geometry":{"type":"Point","coordinates":[-0.07053623900000007,45.295431609999994]}},{"id":"122192","type":"Feature","properties":{"_pk_label":"PK 246+300","_voie":"LGV2"},"geometry":{"type":"Point","coordinates":[-0.07148879199999916,45.29483265999999]}},{"id":"122212","type":"Feature","properties":{"_pk_label":"PK 246+400","_voie":"LGV2"},"geometry":{"type":"Point","coordinates":[-0.07244158899999933,45.29423387999999]}},{"id":"122232","type":"Feature","properties":{"_pk_label":"PK 246+500","_voie":"LGV2"},"geometry":{"type":"Point","coordinates":[-0.0733943779999992,45.293635089999995]}},{"id":"122252","type":"Feature","properties":{"_pk_label":"PK 246+600","_voie":"LGV2"},"geometry":{"type":"Point","coordinates":[-0.07434713299999915,45.29303629999999]}},{"id":"122272","type":"Feature","properties":{"_pk_label":"PK 246+700","_voie":"LGV2"},"geometry":{"type":"Point","coordinates":[-0.07529986699999996,45.29243749]}},{"id":"122292","type":"Feature","properties":{"_pk_label":"PK 246+800","_voie":"LGV2"},"geometry":{"type":"Point","coordinates":[-0.07625258299999985,45.29183867999999]}},{"id":"122312","type":"Feature","properties":{"_pk_label":"PK 246+900","_voie":"LGV2"},"geometry":{"type":"Point","coordinates":[-0.07720528899999866,45.29123985999999]}},{"id":"122352","type":"Feature","properties":{"_pk_label":"PK 247+100","_voie":"LGV2"},"geometry":{"type":"Point","coordinates":[-0.07911061699999902,45.29004218999999]}},{"id":"122372","type":"Feature","properties":{"_pk_label":"PK 247+200","_voie":"LGV2"},"geometry":{"type":"Point","coordinates":[-0.08006324999999902,45.28944334999999]}},{"id":"122392","type":"Feature","properties":{"_pk_label":"PK 247+300","_voie":"LGV2"},"geometry":{"type":"Point","coordinates":[-0.08101587499999913,45.288844499999996]}},{"id":"122412","type":"Feature","properties":{"_pk_label":"PK 247+400","_voie":"LGV2"},"geometry":{"type":"Point","coordinates":[-0.08196846699999909,45.288245640000014]}},{"id":"122432","type":"Feature","properties":{"_pk_label":"PK 247+500","_voie":"LGV2"},"geometry":{"type":"Point","coordinates":[-0.08292103899999932,45.28764676]}},{"id":"122452","type":"Feature","properties":{"_pk_label":"PK 247+600","_voie":"LGV2"},"geometry":{"type":"Point","coordinates":[-0.08387359199999961,45.28704788999999]}},{"id":"122472","type":"Feature","properties":{"_pk_label":"PK 247+700","_voie":"LGV2"},"geometry":{"type":"Point","coordinates":[-0.08482613300000007,45.286449010000005]}},{"id":"122492","type":"Feature","properties":{"_pk_label":"PK 247+800","_voie":"LGV2"},"geometry":{"type":"Point","coordinates":[-0.08577864400000013,45.28585011000001]}},{"id":"122512","type":"Feature","properties":{"_pk_label":"PK 247+900","_voie":"LGV2"},"geometry":{"type":"Point","coordinates":[-0.08673113300000089,45.28525121000001]}},{"id":"122552","type":"Feature","properties":{"_pk_label":"PK 248+100","_voie":"LGV2"},"geometry":{"type":"Point","coordinates":[-0.08863606399999926,45.28405338]}},{"id":"122572","type":"Feature","properties":{"_pk_label":"PK 248+200","_voie":"LGV2"},"geometry":{"type":"Point","coordinates":[-0.08958849199999985,45.28345446000001]}},{"id":"122592","type":"Feature","properties":{"_pk_label":"PK 248+300","_voie":"LGV2"},"geometry":{"type":"Point","coordinates":[-0.09054089999999913,45.28285552]}},{"id":"122612","type":"Feature","properties":{"_pk_label":"PK 248+400","_voie":"LGV2"},"geometry":{"type":"Point","coordinates":[-0.09149328900000045,45.282256589999996]}},{"id":"122632","type":"Feature","properties":{"_pk_label":"PK 248+500","_voie":"LGV2"},"geometry":{"type":"Point","coordinates":[-0.09244499699999886,45.28165704]}},{"id":"122652","type":"Feature","properties":{"_pk_label":"PK 248+600","_voie":"LGV2"},"geometry":{"type":"Point","coordinates":[-0.09339370599999991,45.281055079999994]}},{"id":"122672","type":"Feature","properties":{"_pk_label":"PK 248+700","_voie":"LGV2"},"geometry":{"type":"Point","coordinates":[-0.09433896399999897,45.28045043999999]}},{"id":"122692","type":"Feature","properties":{"_pk_label":"PK 248+800","_voie":"LGV2"},"geometry":{"type":"Point","coordinates":[-0.09528094699999885,45.27984329000001]}},{"id":"122713","type":"Feature","properties":{"_pk_label":"PK 248+900","_voie":"LGV2"},"geometry":{"type":"Point","coordinates":[-0.09622174399999928,45.27923532999999]}},{"id":"122753","type":"Feature","properties":{"_pk_label":"PK 249+100","_voie":"LGV2"},"geometry":{"type":"Point","coordinates":[-0.09810324699999957,45.27801935]}},{"id":"122773","type":"Feature","properties":{"_pk_label":"PK 249+200","_voie":"LGV2"},"geometry":{"type":"Point","coordinates":[-0.09904396899999963,45.277411359999995]}},{"id":"122793","type":"Feature","properties":{"_pk_label":"PK 249+300","_voie":"LGV2"},"geometry":{"type":"Point","coordinates":[-0.09998468300000019,45.27680335]}},{"id":"122813","type":"Feature","properties":{"_pk_label":"PK 249+400","_voie":"LGV2"},"geometry":{"type":"Point","coordinates":[-0.1009253640000002,45.27619534]}},{"id":"122833","type":"Feature","properties":{"_pk_label":"PK 249+500","_voie":"LGV2"},"geometry":{"type":"Point","coordinates":[-0.10186602199999913,45.27558732]}},{"id":"122853","type":"Feature","properties":{"_pk_label":"PK 249+600","_voie":"LGV2"},"geometry":{"type":"Point","coordinates":[-0.10280667499999872,45.27497929]}},{"id":"122873","type":"Feature","properties":{"_pk_label":"PK 249+700","_voie":"LGV2"},"geometry":{"type":"Point","coordinates":[-0.10374729399999877,45.274371249999994]}},{"id":"122893","type":"Feature","properties":{"_pk_label":"PK 249+800","_voie":"LGV2"},"geometry":{"type":"Point","coordinates":[-0.10468789199999931,45.273763220000006]}},{"id":"122913","type":"Feature","properties":{"_pk_label":"PK 249+900","_voie":"LGV2"},"geometry":{"type":"Point","coordinates":[-0.10562846899999914,45.273155160000016]}},{"id":"122953","type":"Feature","properties":{"_pk_label":"PK 250+100","_voie":"LGV2"},"geometry":{"type":"Point","coordinates":[-0.1075095779999992,45.27193904]}},{"id":"122973","type":"Feature","properties":{"_pk_label":"PK 250+200","_voie":"LGV2"},"geometry":{"type":"Point","coordinates":[-0.10845009399999926,45.271330959999986]}},{"id":"122993","type":"Feature","properties":{"_pk_label":"PK 250+300","_voie":"LGV2"},"geometry":{"type":"Point","coordinates":[-0.10939058899999901,45.27072288]}},{"id":"123013","type":"Feature","properties":{"_pk_label":"PK 250+400","_voie":"LGV2"},"geometry":{"type":"Point","coordinates":[-0.11033107799999883,45.27011477999999]}},{"id":"123033","type":"Feature","properties":{"_pk_label":"PK 250+500","_voie":"LGV2"},"geometry":{"type":"Point","coordinates":[-0.11127153099999995,45.26950668999999]}},{"id":"123053","type":"Feature","properties":{"_pk_label":"PK 250+600","_voie":"LGV2"},"geometry":{"type":"Point","coordinates":[-0.11221196700000029,45.26889858]}},{"id":"123073","type":"Feature","properties":{"_pk_label":"PK 250+700","_voie":"LGV2"},"geometry":{"type":"Point","coordinates":[-0.11315239200000018,45.26829046]}},{"id":"123093","type":"Feature","properties":{"_pk_label":"PK 250+800","_voie":"LGV2"},"geometry":{"type":"Point","coordinates":[-0.11409278599999911,45.26768233999999]}},{"id":"123113","type":"Feature","properties":{"_pk_label":"PK 250+900","_voie":"LGV2"},"geometry":{"type":"Point","coordinates":[-0.11503315799999954,45.26707422]}},{"id":"123153","type":"Feature","properties":{"_pk_label":"PK 251+100","_voie":"LGV2"},"geometry":{"type":"Point","coordinates":[-0.1169138559999994,45.26585793]}},{"id":"123173","type":"Feature","properties":{"_pk_label":"PK 251+200","_voie":"LGV2"},"geometry":{"type":"Point","coordinates":[-0.11785334699999962,45.26524906]}},{"id":"123193","type":"Feature","properties":{"_pk_label":"PK 251+300","_voie":"LGV2"},"geometry":{"type":"Point","coordinates":[-0.11878839699999934,45.26463666]}},{"id":"123213","type":"Feature","properties":{"_pk_label":"PK 251+400","_voie":"LGV2"},"geometry":{"type":"Point","coordinates":[-0.11971473299999975,45.264017560000006]}},{"id":"123233","type":"Feature","properties":{"_pk_label":"PK 251+500","_voie":"LGV2"},"geometry":{"type":"Point","coordinates":[-0.12062809399999991,45.263388810000016]}},{"id":"123253","type":"Feature","properties":{"_pk_label":"PK 251+600","_voie":"LGV2"},"geometry":{"type":"Point","coordinates":[-0.12152626900000012,45.262749240000005]}},{"id":"123273","type":"Feature","properties":{"_pk_label":"PK 251+700","_voie":"LGV2"},"geometry":{"type":"Point","coordinates":[-0.12240894699999845,45.26209901000001]}},{"id":"123293","type":"Feature","properties":{"_pk_label":"PK 251+800","_voie":"LGV2"},"geometry":{"type":"Point","coordinates":[-0.12327588599999975,45.261438300000016]}},{"id":"123313","type":"Feature","properties":{"_pk_label":"PK 251+900","_voie":"LGV2"},"geometry":{"type":"Point","coordinates":[-0.1241268109999996,45.2607673]}},{"id":"123353","type":"Feature","properties":{"_pk_label":"PK 252+100","_voie":"LGV2"},"geometry":{"type":"Point","coordinates":[-0.12577968300000048,45.25939522000001]}},{"id":"123373","type":"Feature","properties":{"_pk_label":"PK 252+200","_voie":"LGV2"},"geometry":{"type":"Point","coordinates":[-0.12658115299999978,45.25869453]}},{"id":"123393","type":"Feature","properties":{"_pk_label":"PK 252+300","_voie":"LGV2"},"geometry":{"type":"Point","coordinates":[-0.12736568599999842,45.25798434]}},{"id":"123413","type":"Feature","properties":{"_pk_label":"PK 252+400","_voie":"LGV2"},"geometry":{"type":"Point","coordinates":[-0.12813303899999948,45.25726485999999]}},{"id":"123433","type":"Feature","properties":{"_pk_label":"PK 252+500","_voie":"LGV2"},"geometry":{"type":"Point","coordinates":[-0.1288829829999991,45.25653628999999]}},{"id":"123453","type":"Feature","properties":{"_pk_label":"PK 252+600","_voie":"LGV2"},"geometry":{"type":"Point","coordinates":[-0.12961533899999866,45.25579884]}},{"id":"123473","type":"Feature","properties":{"_pk_label":"PK 252+700","_voie":"LGV2"},"geometry":{"type":"Point","coordinates":[-0.13032986399999852,45.25505272999998]}},{"id":"123493","type":"Feature","properties":{"_pk_label":"PK 252+800","_voie":"LGV2"},"geometry":{"type":"Point","coordinates":[-0.13102635300000046,45.254298160000005]}},{"id":"123513","type":"Feature","properties":{"_pk_label":"PK 252+900","_voie":"LGV2"},"geometry":{"type":"Point","coordinates":[-0.131704636,45.25353536999999]}},{"id":"123553","type":"Feature","properties":{"_pk_label":"PK 253+100","_voie":"LGV2"},"geometry":{"type":"Point","coordinates":[-0.1330057329999993,45.25198595]}},{"id":"123573","type":"Feature","properties":{"_pk_label":"PK 253+200","_voie":"LGV2"},"geometry":{"type":"Point","coordinates":[-0.13362818899999993,45.25119978]}},{"id":"123593","type":"Feature","properties":{"_pk_label":"PK 253+300","_voie":"LGV2"},"geometry":{"type":"Point","coordinates":[-0.1342316780000003,45.25040627999999]}},{"id":"123613","type":"Feature","properties":{"_pk_label":"PK 253+400","_voie":"LGV2"},"geometry":{"type":"Point","coordinates":[-0.1348176779999991,45.24960633]}},{"id":"123633","type":"Feature","properties":{"_pk_label":"PK 253+500","_voie":"LGV2"},"geometry":{"type":"Point","coordinates":[-0.13539114399999908,45.24880197999999]}},{"id":"123653","type":"Feature","properties":{"_pk_label":"PK 253+600","_voie":"LGV2"},"geometry":{"type":"Point","coordinates":[-0.13595753099999924,45.24799522999999]}},{"id":"123673","type":"Feature","properties":{"_pk_label":"PK 253+700","_voie":"LGV2"},"geometry":{"type":"Point","coordinates":[-0.1365220169999999,45.24718790999998]}},{"id":"123693","type":"Feature","properties":{"_pk_label":"PK 253+800","_voie":"LGV2"},"geometry":{"type":"Point","coordinates":[-0.1370864780000007,45.246380580000015]}},{"id":"123713","type":"Feature","properties":{"_pk_label":"PK 253+900","_voie":"LGV2"},"geometry":{"type":"Point","coordinates":[-0.13765090599999938,45.24557323999998]}},{"id":"123753","type":"Feature","properties":{"_pk_label":"PK 254+100","_voie":"LGV2"},"geometry":{"type":"Point","coordinates":[-0.13877973100000013,45.24395856999999]}},{"id":"123773","type":"Feature","properties":{"_pk_label":"PK 254+200","_voie":"LGV2"},"geometry":{"type":"Point","coordinates":[-0.1393441220000003,45.24315122]}},{"id":"123793","type":"Feature","properties":{"_pk_label":"PK 254+300","_voie":"LGV2"},"geometry":{"type":"Point","coordinates":[-0.13990849999999924,45.24234387999999]}},{"id":"123813","type":"Feature","properties":{"_pk_label":"PK 254+400","_voie":"LGV2"},"geometry":{"type":"Point","coordinates":[-0.14047284699999882,45.241536540000006]}},{"id":"123833","type":"Feature","properties":{"_pk_label":"PK 254+500","_voie":"LGV2"},"geometry":{"type":"Point","coordinates":[-0.1410371919999988,45.24072918000002]}},{"id":"123853","type":"Feature","properties":{"_pk_label":"PK 254+600","_voie":"LGV2"},"geometry":{"type":"Point","coordinates":[-0.141601507999999,45.23992183000001]}},{"id":"123873","type":"Feature","properties":{"_pk_label":"PK 254+700","_voie":"LGV2"},"geometry":{"type":"Point","coordinates":[-0.14216581899999983,45.23911448000001]}},{"id":"123893","type":"Feature","properties":{"_pk_label":"PK 254+800","_voie":"LGV2"},"geometry":{"type":"Point","coordinates":[-0.14273010300000005,45.23830711000001]}},{"id":"123913","type":"Feature","properties":{"_pk_label":"PK 254+900","_voie":"LGV2"},"geometry":{"type":"Point","coordinates":[-0.14329438099999917,45.23749976000001]}},{"id":"123953","type":"Feature","properties":{"_pk_label":"PK 255+100","_voie":"LGV2"},"geometry":{"type":"Point","coordinates":[-0.1444228779999996,45.23588503]}},{"id":"123973","type":"Feature","properties":{"_pk_label":"PK 255+200","_voie":"LGV2"},"geometry":{"type":"Point","coordinates":[-0.14498709699999968,45.235077659999995]}},{"id":"123993","type":"Feature","properties":{"_pk_label":"PK 255+300","_voie":"LGV2"},"geometry":{"type":"Point","coordinates":[-0.14555131099999966,45.234270289999984]}},{"id":"124013","type":"Feature","properties":{"_pk_label":"PK 255+400","_voie":"LGV2"},"geometry":{"type":"Point","coordinates":[-0.14611550799999967,45.23346290999999]}},{"id":"124033","type":"Feature","properties":{"_pk_label":"PK 255+500","_voie":"LGV2"},"geometry":{"type":"Point","coordinates":[-0.1466796750000001,45.23265554]}},{"id":"124053","type":"Feature","properties":{"_pk_label":"PK 255+600","_voie":"LGV2"},"geometry":{"type":"Point","coordinates":[-0.1472438420000001,45.23184815999999]}},{"id":"124073","type":"Feature","properties":{"_pk_label":"PK 255+700","_voie":"LGV2"},"geometry":{"type":"Point","coordinates":[-0.1478079749999994,45.23104077000001]}},{"id":"124093","type":"Feature","properties":{"_pk_label":"PK 255+800","_voie":"LGV2"},"geometry":{"type":"Point","coordinates":[-0.14837210799999986,45.23023338999999]}},{"id":"124113","type":"Feature","properties":{"_pk_label":"PK 255+900","_voie":"LGV2"},"geometry":{"type":"Point","coordinates":[-0.14893621099999876,45.229425999999975]}},{"id":"124153","type":"Feature","properties":{"_pk_label":"PK 256+100","_voie":"LGV2"},"geometry":{"type":"Point","coordinates":[-0.15006438099999944,45.22781122]}},{"id":"124173","type":"Feature","properties":{"_pk_label":"PK 256+200","_voie":"LGV2"},"geometry":{"type":"Point","coordinates":[-0.15062844699999942,45.22700382]}},{"id":"124193","type":"Feature","properties":{"_pk_label":"PK 256+300","_voie":"LGV2"},"geometry":{"type":"Point","coordinates":[-0.15119251099999945,45.22619642999999]}},{"id":"124213","type":"Feature","properties":{"_pk_label":"PK 256+400","_voie":"LGV2"},"geometry":{"type":"Point","coordinates":[-0.15175824199999977,45.22538971000001]}},{"id":"124233","type":"Feature","properties":{"_pk_label":"PK 256+500","_voie":"LGV2"},"geometry":{"type":"Point","coordinates":[-0.15233059699999904,45.22458543]}},{"id":"124253","type":"Feature","properties":{"_pk_label":"PK 256+600","_voie":"LGV2"},"geometry":{"type":"Point","coordinates":[-0.15291482799999895,45.22378553999999]}},{"id":"124273","type":"Feature","properties":{"_pk_label":"PK 256+700","_voie":"LGV2"},"geometry":{"type":"Point","coordinates":[-0.1535156389999994,45.22299188]}},{"id":"124293","type":"Feature","properties":{"_pk_label":"PK 256+800","_voie":"LGV2"},"geometry":{"type":"Point","coordinates":[-0.15413431699999988,45.22220512000001]}},{"id":"124313","type":"Feature","properties":{"_pk_label":"PK 256+900","_voie":"LGV2"},"geometry":{"type":"Point","coordinates":[-0.15477070799999929,45.22142545999999]}},{"id":"124353","type":"Feature","properties":{"_pk_label":"PK 257+100","_voie":"LGV2"},"geometry":{"type":"Point","coordinates":[-0.15609598099999963,45.21988818]}},{"id":"124373","type":"Feature","properties":{"_pk_label":"PK 257+200","_voie":"LGV2"},"geometry":{"type":"Point","coordinates":[-0.15678452800000017,45.219130980000024]}},{"id":"124393","type":"Feature","properties":{"_pk_label":"PK 257+300","_voie":"LGV2"},"geometry":{"type":"Point","coordinates":[-0.15749008899999936,45.218381660000006]}},{"id":"124413","type":"Feature","properties":{"_pk_label":"PK 257+400","_voie":"LGV2"},"geometry":{"type":"Point","coordinates":[-0.15821252499999885,45.21764039999999]}},{"id":"124433","type":"Feature","properties":{"_pk_label":"PK 257+500","_voie":"LGV2"},"geometry":{"type":"Point","coordinates":[-0.1589516169999995,45.21690739999999]}},{"id":"124453","type":"Feature","properties":{"_pk_label":"PK 257+600","_voie":"LGV2"},"geometry":{"type":"Point","coordinates":[-0.15970719199999978,45.21618285000001]}},{"id":"124473","type":"Feature","properties":{"_pk_label":"PK 257+700","_voie":"LGV2"},"geometry":{"type":"Point","coordinates":[-0.16047905799999995,45.21546693999999]}},{"id":"124493","type":"Feature","properties":{"_pk_label":"PK 257+800","_voie":"LGV2"},"geometry":{"type":"Point","coordinates":[-0.16126699999999874,45.214759820000005]}},{"id":"124513","type":"Feature","properties":{"_pk_label":"PK 257+900","_voie":"LGV2"},"geometry":{"type":"Point","coordinates":[-0.16207083100000008,45.21406172]}},{"id":"124553","type":"Feature","properties":{"_pk_label":"PK 258+100","_voie":"LGV2"},"geometry":{"type":"Point","coordinates":[-0.163725331,45.21269319]}},{"id":"124573","type":"Feature","properties":{"_pk_label":"PK 258+200","_voie":"LGV2"},"geometry":{"type":"Point","coordinates":[-0.16457555599999937,45.21202313]}},{"id":"124593","type":"Feature","properties":{"_pk_label":"PK 258+300","_voie":"LGV2"},"geometry":{"type":"Point","coordinates":[-0.16544083299999932,45.21136275999999]}},{"id":"124613","type":"Feature","properties":{"_pk_label":"PK 258+400","_voie":"LGV2"},"geometry":{"type":"Point","coordinates":[-0.16632091699999899,45.21071226000001]}},{"id":"124633","type":"Feature","properties":{"_pk_label":"PK 258+500","_voie":"LGV2"},"geometry":{"type":"Point","coordinates":[-0.16721559999999996,45.21007179]}},{"id":"124653","type":"Feature","properties":{"_pk_label":"PK 258+600","_voie":"LGV2"},"geometry":{"type":"Point","coordinates":[-0.16812464399999913,45.20944151]}},{"id":"124673","type":"Feature","properties":{"_pk_label":"PK 258+700","_voie":"LGV2"},"geometry":{"type":"Point","coordinates":[-0.1690478110000001,45.20882158]}},{"id":"124693","type":"Feature","properties":{"_pk_label":"PK 258+800","_voie":"LGV2"},"geometry":{"type":"Point","coordinates":[-0.1699848749999996,45.208212159999995]}},{"id":"124713","type":"Feature","properties":{"_pk_label":"PK 258+900","_voie":"LGV2"},"geometry":{"type":"Point","coordinates":[-0.17093559399999927,45.20761340999999]}},{"id":"124753","type":"Feature","properties":{"_pk_label":"PK 259+100","_voie":"LGV2"},"geometry":{"type":"Point","coordinates":[-0.17287701699999894,45.206448520000016]}},{"id":"124773","type":"Feature","properties":{"_pk_label":"PK 259+200","_voie":"LGV2"},"geometry":{"type":"Point","coordinates":[-0.17386721399999966,45.20588269]}},{"id":"124793","type":"Feature","properties":{"_pk_label":"PK 259+300","_voie":"LGV2"},"geometry":{"type":"Point","coordinates":[-0.17487006899999874,45.20532811999998]}},{"id":"124813","type":"Feature","properties":{"_pk_label":"PK 259+400","_voie":"LGV2"},"geometry":{"type":"Point","coordinates":[-0.17588534399999944,45.204784939999996]}},{"id":"124833","type":"Feature","properties":{"_pk_label":"PK 259+500","_voie":"LGV2"},"geometry":{"type":"Point","coordinates":[-0.17691274199999962,45.20425330999999]}},{"id":"124853","type":"Feature","properties":{"_pk_label":"PK 259+600","_voie":"LGV2"},"geometry":{"type":"Point","coordinates":[-0.1779520310000004,45.203733369999995]}},{"id":"124873","type":"Feature","properties":{"_pk_label":"PK 259+700","_voie":"LGV2"},"geometry":{"type":"Point","coordinates":[-0.17900293599999897,45.203225229999994]}},{"id":"124893","type":"Feature","properties":{"_pk_label":"PK 259+800","_voie":"LGV2"},"geometry":{"type":"Point","coordinates":[-0.18006519700000043,45.20272903]}},{"id":"124913","type":"Feature","properties":{"_pk_label":"PK 259+900","_voie":"LGV2"},"geometry":{"type":"Point","coordinates":[-0.18113851699999906,45.20224490999999]}},{"id":"124953","type":"Feature","properties":{"_pk_label":"PK 260+100","_voie":"LGV2"},"geometry":{"type":"Point","coordinates":[-0.18331728899999902,45.201313349999985]}},{"id":"124973","type":"Feature","properties":{"_pk_label":"PK 260+200","_voie":"LGV2"},"geometry":{"type":"Point","coordinates":[-0.18442218299999955,45.20086615999999]}},{"id":"124993","type":"Feature","properties":{"_pk_label":"PK 260+300","_voie":"LGV2"},"geometry":{"type":"Point","coordinates":[-0.1855370440000001,45.20043150000002]}},{"id":"125013","type":"Feature","properties":{"_pk_label":"PK 260+400","_voie":"LGV2"},"geometry":{"type":"Point","coordinates":[-0.18666156900000022,45.20000950999999]}},{"id":"125033","type":"Feature","properties":{"_pk_label":"PK 260+500","_voie":"LGV2"},"geometry":{"type":"Point","coordinates":[-0.18779549199999912,45.19960027999999]}},{"id":"125053","type":"Feature","properties":{"_pk_label":"PK 260+600","_voie":"LGV2"},"geometry":{"type":"Point","coordinates":[-0.18893850300000023,45.199203890000014]}},{"id":"125073","type":"Feature","properties":{"_pk_label":"PK 260+700","_voie":"LGV2"},"geometry":{"type":"Point","coordinates":[-0.19008940299999968,45.198818890000005]}},{"id":"125093","type":"Feature","properties":{"_pk_label":"PK 260+800","_voie":"LGV2"},"geometry":{"type":"Point","coordinates":[-0.19124561899999992,45.19844174]}},{"id":"125113","type":"Feature","properties":{"_pk_label":"PK 260+900","_voie":"LGV2"},"geometry":{"type":"Point","coordinates":[-0.1924045999999991,45.19806862999999]}},{"id":"125153","type":"Feature","properties":{"_pk_label":"PK 261+100","_voie":"LGV2"},"geometry":{"type":"Point","coordinates":[-0.1947236720000003,45.1973239]}},{"id":"125173","type":"Feature","properties":{"_pk_label":"PK 261+200","_voie":"LGV2"},"geometry":{"type":"Point","coordinates":[-0.1958831859999996,45.196951510000005]}},{"id":"125193","type":"Feature","properties":{"_pk_label":"PK 261+300","_voie":"LGV2"},"geometry":{"type":"Point","coordinates":[-0.1970426719999981,45.19657910999998]}},{"id":"125213","type":"Feature","properties":{"_pk_label":"PK 261+400","_voie":"LGV2"},"geometry":{"type":"Point","coordinates":[-0.19820215600000018,45.19620671]}},{"id":"125233","type":"Feature","properties":{"_pk_label":"PK 261+500","_voie":"LGV2"},"geometry":{"type":"Point","coordinates":[-0.19936162199999977,45.19583427999999]}},{"id":"125253","type":"Feature","properties":{"_pk_label":"PK 261+600","_voie":"LGV2"},"geometry":{"type":"Point","coordinates":[-0.2005210749999997,45.195461839999986]}},{"id":"125273","type":"Feature","properties":{"_pk_label":"PK 261+700","_voie":"LGV2"},"geometry":{"type":"Point","coordinates":[-0.20168051099999926,45.19508940999999]}},{"id":"125293","type":"Feature","properties":{"_pk_label":"PK 261+800","_voie":"LGV2"},"geometry":{"type":"Point","coordinates":[-0.20283993099999983,45.194716949999986]}},{"id":"125313","type":"Feature","properties":{"_pk_label":"PK 261+900","_voie":"LGV2"},"geometry":{"type":"Point","coordinates":[-0.20399932199999823,45.194344479999984]}},{"id":"125353","type":"Feature","properties":{"_pk_label":"PK 262+100","_voie":"LGV2"},"geometry":{"type":"Point","coordinates":[-0.2063180889999994,45.19359949999998]}},{"id":"125373","type":"Feature","properties":{"_pk_label":"PK 262+200","_voie":"LGV2"},"geometry":{"type":"Point","coordinates":[-0.20747744699999962,45.19322700000001]}},{"id":"125393","type":"Feature","properties":{"_pk_label":"PK 262+300","_voie":"LGV2"},"geometry":{"type":"Point","coordinates":[-0.20863678899999927,45.19285447999998]}},{"id":"125413","type":"Feature","properties":{"_pk_label":"PK 262+400","_voie":"LGV2"},"geometry":{"type":"Point","coordinates":[-0.20979611900000028,45.192481949999994]}},{"id":"125433","type":"Feature","properties":{"_pk_label":"PK 262+500","_voie":"LGV2"},"geometry":{"type":"Point","coordinates":[-0.21095543099999994,45.19210940999999]}},{"id":"125453","type":"Feature","properties":{"_pk_label":"PK 262+600","_voie":"LGV2"},"geometry":{"type":"Point","coordinates":[-0.2121147139999998,45.19173684999999]}},{"id":"125473","type":"Feature","properties":{"_pk_label":"PK 262+700","_voie":"LGV2"},"geometry":{"type":"Point","coordinates":[-0.21327399700000005,45.19136429]}},{"id":"125493","type":"Feature","properties":{"_pk_label":"PK 262+800","_voie":"LGV2"},"geometry":{"type":"Point","coordinates":[-0.21443326399999973,45.190991710000006]}},{"id":"125513","type":"Feature","properties":{"_pk_label":"PK 262+900","_voie":"LGV2"},"geometry":{"type":"Point","coordinates":[-0.21559251400000023,45.190619120000015]}},{"id":"125553","type":"Feature","properties":{"_pk_label":"PK 263+100","_voie":"LGV2"},"geometry":{"type":"Point","coordinates":[-0.21791096899999923,45.18987391000001]}},{"id":"125573","type":"Feature","properties":{"_pk_label":"PK 263+200","_voie":"LGV2"},"geometry":{"type":"Point","coordinates":[-0.21907015799999918,45.189501279999995]}},{"id":"125593","type":"Feature","properties":{"_pk_label":"PK 263+300","_voie":"LGV2"},"geometry":{"type":"Point","coordinates":[-0.22022934699999872,45.18912864]}},{"id":"125613","type":"Feature","properties":{"_pk_label":"PK 263+400","_voie":"LGV2"},"geometry":{"type":"Point","coordinates":[-0.22138852199999923,45.188755999999984]}},{"id":"125633","type":"Feature","properties":{"_pk_label":"PK 263+500","_voie":"LGV2"},"geometry":{"type":"Point","coordinates":[-0.22254768099999878,45.188383339999994]}},{"id":"125653","type":"Feature","properties":{"_pk_label":"PK 263+600","_voie":"LGV2"},"geometry":{"type":"Point","coordinates":[-0.22370682200000055,45.18801065999999]}},{"id":"125673","type":"Feature","properties":{"_pk_label":"PK 263+700","_voie":"LGV2"},"geometry":{"type":"Point","coordinates":[-0.22486594700000018,45.18763797000001]}},{"id":"125693","type":"Feature","properties":{"_pk_label":"PK 263+800","_voie":"LGV2"},"geometry":{"type":"Point","coordinates":[-0.22602506100000053,45.18726527999999]}},{"id":"125713","type":"Feature","properties":{"_pk_label":"PK 263+900","_voie":"LGV2"},"geometry":{"type":"Point","coordinates":[-0.22718414199999992,45.18689256999999]}},{"id":"125753","type":"Feature","properties":{"_pk_label":"PK 264+100","_voie":"LGV2"},"geometry":{"type":"Point","coordinates":[-0.22950228899999953,45.18614712]}},{"id":"125773","type":"Feature","properties":{"_pk_label":"PK 264+200","_voie":"LGV2"},"geometry":{"type":"Point","coordinates":[-0.23066133899999916,45.18577436999999]}},{"id":"125793","type":"Feature","properties":{"_pk_label":"PK 264+300","_voie":"LGV2"},"geometry":{"type":"Point","coordinates":[-0.2318203720000004,45.18540161000001]}},{"id":"125813","type":"Feature","properties":{"_pk_label":"PK 264+400","_voie":"LGV2"},"geometry":{"type":"Point","coordinates":[-0.23297939200000006,45.185028849999995]}},{"id":"125833","type":"Feature","properties":{"_pk_label":"PK 264+500","_voie":"LGV2"},"geometry":{"type":"Point","coordinates":[-0.23413838099999912,45.184656059999995]}},{"id":"125853","type":"Feature","properties":{"_pk_label":"PK 264+600","_voie":"LGV2"},"geometry":{"type":"Point","coordinates":[-0.2352973689999992,45.184283269999995]}},{"id":"125873","type":"Feature","properties":{"_pk_label":"PK 264+700","_voie":"LGV2"},"geometry":{"type":"Point","coordinates":[-0.2364563389999987,45.18391045999999]}},{"id":"125893","type":"Feature","properties":{"_pk_label":"PK 264+800","_voie":"LGV2"},"geometry":{"type":"Point","coordinates":[-0.23761529699999878,45.18353765]}},{"id":"125913","type":"Feature","properties":{"_pk_label":"PK 264+900","_voie":"LGV2"},"geometry":{"type":"Point","coordinates":[-0.23877423899999908,45.18316482]}},{"id":"125953","type":"Feature","properties":{"_pk_label":"PK 265+100","_voie":"LGV2"},"geometry":{"type":"Point","coordinates":[-0.24109207499999913,45.18241912999999]}},{"id":"125973","type":"Feature","properties":{"_pk_label":"PK 265+200","_voie":"LGV2"},"geometry":{"type":"Point","coordinates":[-0.24225095599999966,45.18204625999999]}},{"id":"125993","type":"Feature","properties":{"_pk_label":"PK 265+300","_voie":"LGV2"},"geometry":{"type":"Point","coordinates":[-0.243409836,45.181673380000014]}},{"id":"126013","type":"Feature","properties":{"_pk_label":"PK 265+400","_voie":"LGV2"},"geometry":{"type":"Point","coordinates":[-0.2445686830000006,45.18130045]}},{"id":"126033","type":"Feature","properties":{"_pk_label":"PK 265+500","_voie":"LGV2"},"geometry":{"type":"Point","coordinates":[-0.2457265670000001,45.180925840000015]}},{"id":"126053","type":"Feature","properties":{"_pk_label":"PK 265+600","_voie":"LGV2"},"geometry":{"type":"Point","coordinates":[-0.24688107799999895,45.180545890000005]}},{"id":"126073","type":"Feature","properties":{"_pk_label":"PK 265+700","_voie":"LGV2"},"geometry":{"type":"Point","coordinates":[-0.24802963900000005,45.1801568]}},{"id":"126093","type":"Feature","properties":{"_pk_label":"PK 265+800","_voie":"LGV2"},"geometry":{"type":"Point","coordinates":[-0.24916980300000016,45.17975543999999]}},{"id":"126113","type":"Feature","properties":{"_pk_label":"PK 265+900","_voie":"LGV2"},"geometry":{"type":"Point","coordinates":[-0.2503007139999997,45.17934122999999]}},{"id":"126153","type":"Feature","properties":{"_pk_label":"PK 266+100","_voie":"LGV2"},"geometry":{"type":"Point","coordinates":[-0.2525336440000003,45.178474630000004]}},{"id":"126173","type":"Feature","properties":{"_pk_label":"PK 266+200","_voie":"LGV2"},"geometry":{"type":"Point","coordinates":[-0.2536351059999984,45.178022469999995]}},{"id":"126193","type":"Feature","properties":{"_pk_label":"PK 266+300","_voie":"LGV2"},"geometry":{"type":"Point","coordinates":[-0.2547261779999992,45.177557910000004]}},{"id":"126213","type":"Feature","properties":{"_pk_label":"PK 266+400","_voie":"LGV2"},"geometry":{"type":"Point","coordinates":[-0.2558065779999994,45.17708103999999]}},{"id":"126233","type":"Feature","properties":{"_pk_label":"PK 266+500","_voie":"LGV2"},"geometry":{"type":"Point","coordinates":[-0.25687603100000006,45.17659198999999]}},{"id":"126253","type":"Feature","properties":{"_pk_label":"PK 266+600","_voie":"LGV2"},"geometry":{"type":"Point","coordinates":[-0.257934264,45.17609091]}},{"id":"126273","type":"Feature","properties":{"_pk_label":"PK 266+700","_voie":"LGV2"},"geometry":{"type":"Point","coordinates":[-0.25898101699999954,45.17557789]}},{"id":"126293","type":"Feature","properties":{"_pk_label":"PK 266+800","_voie":"LGV2"},"geometry":{"type":"Point","coordinates":[-0.2600160139999992,45.17505309999999]}},{"id":"126313","type":"Feature","properties":{"_pk_label":"PK 266+900","_voie":"LGV2"},"geometry":{"type":"Point","coordinates":[-0.2610389749999992,45.17451663999999]}},{"id":"126353","type":"Feature","properties":{"_pk_label":"PK 267+100","_voie":"LGV2"},"geometry":{"type":"Point","coordinates":[-0.2630477999999987,45.17340932]}},{"id":"126373","type":"Feature","properties":{"_pk_label":"PK 267+200","_voie":"LGV2"},"geometry":{"type":"Point","coordinates":[-0.2640331330000001,45.172838739999996]}},{"id":"126393","type":"Feature","properties":{"_pk_label":"PK 267+300","_voie":"LGV2"},"geometry":{"type":"Point","coordinates":[-0.26500541699999863,45.17225706999999]}},{"id":"126413","type":"Feature","properties":{"_pk_label":"PK 267+400","_voie":"LGV2"},"geometry":{"type":"Point","coordinates":[-0.2659643999999997,45.171664469999996]}},{"id":"126433","type":"Feature","properties":{"_pk_label":"PK 267+500","_voie":"LGV2"},"geometry":{"type":"Point","coordinates":[-0.2669098419999995,45.17106107]}},{"id":"126453","type":"Feature","properties":{"_pk_label":"PK 267+600","_voie":"LGV2"},"geometry":{"type":"Point","coordinates":[-0.2678414919999999,45.17044705000001]}},{"id":"126473","type":"Feature","properties":{"_pk_label":"PK 267+700","_voie":"LGV2"},"geometry":{"type":"Point","coordinates":[-0.2687591059999995,45.16982255999999]}},{"id":"126493","type":"Feature","properties":{"_pk_label":"PK 267+800","_voie":"LGV2"},"geometry":{"type":"Point","coordinates":[-0.26966246399999977,45.16918776000001]}},{"id":"126513","type":"Feature","properties":{"_pk_label":"PK 267+900","_voie":"LGV2"},"geometry":{"type":"Point","coordinates":[-0.2705513219999995,45.16854281]}},{"id":"126553","type":"Feature","properties":{"_pk_label":"PK 268+100","_voie":"LGV2"},"geometry":{"type":"Point","coordinates":[-0.27228465599999874,45.167223109999995]}},{"id":"126573","type":"Feature","properties":{"_pk_label":"PK 268+200","_voie":"LGV2"},"geometry":{"type":"Point","coordinates":[-0.273128694000001,45.16654870999999]}},{"id":"126593","type":"Feature","properties":{"_pk_label":"PK 268+300","_voie":"LGV2"},"geometry":{"type":"Point","coordinates":[-0.2739573419999989,45.16586484]}},{"id":"126613","type":"Feature","properties":{"_pk_label":"PK 268+400","_voie":"LGV2"},"geometry":{"type":"Point","coordinates":[-0.27477039199999886,45.16517168000001]}},{"id":"126633","type":"Feature","properties":{"_pk_label":"PK 268+500","_voie":"LGV2"},"geometry":{"type":"Point","coordinates":[-0.2755676499999988,45.164469389999994]}},{"id":"126653","type":"Feature","properties":{"_pk_label":"PK 268+600","_voie":"LGV2"},"geometry":{"type":"Point","coordinates":[-0.2763488999999995,45.163758149999985]}},{"id":"126673","type":"Feature","properties":{"_pk_label":"PK 268+700","_voie":"LGV2"},"geometry":{"type":"Point","coordinates":[-0.27711394999999933,45.16303817000001]}},{"id":"126693","type":"Feature","properties":{"_pk_label":"PK 268+800","_voie":"LGV2"},"geometry":{"type":"Point","coordinates":[-0.2778625919999991,45.16230961000001]}},{"id":"126713","type":"Feature","properties":{"_pk_label":"PK 268+900","_voie":"LGV2"},"geometry":{"type":"Point","coordinates":[-0.2785948280000003,45.161572790000015]}},{"id":"126753","type":"Feature","properties":{"_pk_label":"PK 269+100","_voie":"LGV2"},"geometry":{"type":"Point","coordinates":[-0.28002295600000054,45.16008173000001]}},{"id":"126774","type":"Feature","properties":{"_pk_label":"PK 269+200","_voie":"LGV2"},"geometry":{"type":"Point","coordinates":[-0.28072850299999996,45.15933231]}},{"id":"126794","type":"Feature","properties":{"_pk_label":"PK 269+300","_voie":"LGV2"},"geometry":{"type":"Point","coordinates":[-0.2814335859999996,45.15858272000001]}},{"id":"126814","type":"Feature","properties":{"_pk_label":"PK 269+400","_voie":"LGV2"},"geometry":{"type":"Point","coordinates":[-0.2821386419999995,45.15783312999999]}},{"id":"126834","type":"Feature","properties":{"_pk_label":"PK 269+500","_voie":"LGV2"},"geometry":{"type":"Point","coordinates":[-0.2828436859999991,45.15708352000001]}},{"id":"126854","type":"Feature","properties":{"_pk_label":"PK 269+600","_voie":"LGV2"},"geometry":{"type":"Point","coordinates":[-0.2835487139999993,45.15633391]}},{"id":"126874","type":"Feature","properties":{"_pk_label":"PK 269+700","_voie":"LGV2"},"geometry":{"type":"Point","coordinates":[-0.28425372199999904,45.15558429999999]}},{"id":"126894","type":"Feature","properties":{"_pk_label":"PK 269+800","_voie":"LGV2"},"geometry":{"type":"Point","coordinates":[-0.28495871400000017,45.15483469]}},{"id":"126914","type":"Feature","properties":{"_pk_label":"PK 269+900","_voie":"LGV2"},"geometry":{"type":"Point","coordinates":[-0.28566367199999937,45.15408507]}},{"id":"126954","type":"Feature","properties":{"_pk_label":"PK 270+100","_voie":"LGV2"},"geometry":{"type":"Point","coordinates":[-0.28707355599999856,45.15258581999999]}},{"id":"126974","type":"Feature","properties":{"_pk_label":"PK 270+200","_voie":"LGV2"},"geometry":{"type":"Point","coordinates":[-0.2877784720000003,45.151836190000004]}},{"id":"126994","type":"Feature","properties":{"_pk_label":"PK 270+300","_voie":"LGV2"},"geometry":{"type":"Point","coordinates":[-0.28848404999999905,45.15108692999999]}},{"id":"127014","type":"Feature","properties":{"_pk_label":"PK 270+400","_voie":"LGV2"},"geometry":{"type":"Point","coordinates":[-0.289194282999999,45.15033999999999]}},{"id":"127034","type":"Feature","properties":{"_pk_label":"PK 270+500","_voie":"LGV2"},"geometry":{"type":"Point","coordinates":[-0.2899140309999995,45.14959774999999]}},{"id":"127054","type":"Feature","properties":{"_pk_label":"PK 270+600","_voie":"LGV2"},"geometry":{"type":"Point","coordinates":[-0.2906479719999985,45.14886262000001]}},{"id":"127074","type":"Feature","properties":{"_pk_label":"PK 270+700","_voie":"LGV2"},"geometry":{"type":"Point","coordinates":[-0.29139833099999907,45.14813586000001]}},{"id":"127094","type":"Feature","properties":{"_pk_label":"PK 270+800","_voie":"LGV2"},"geometry":{"type":"Point","coordinates":[-0.29216501899999975,45.14741767]}},{"id":"127114","type":"Feature","properties":{"_pk_label":"PK 270+900","_voie":"LGV2"},"geometry":{"type":"Point","coordinates":[-0.2929478189999998,45.146708249999996]}},{"id":"127154","type":"Feature","properties":{"_pk_label":"PK 271+100","_voie":"LGV2"},"geometry":{"type":"Point","coordinates":[-0.29456096099999984,45.14531643000003]}},{"id":"127174","type":"Feature","properties":{"_pk_label":"PK 271+200","_voie":"LGV2"},"geometry":{"type":"Point","coordinates":[-0.29539090599999906,45.1446344]}},{"id":"127194","type":"Feature","properties":{"_pk_label":"PK 271+300","_voie":"LGV2"},"geometry":{"type":"Point","coordinates":[-0.29623613599999954,45.14396184000001]}},{"id":"127214","type":"Feature","properties":{"_pk_label":"PK 271+400","_voie":"LGV2"},"geometry":{"type":"Point","coordinates":[-0.2970964329999993,45.14329891999999]}},{"id":"127234","type":"Feature","properties":{"_pk_label":"PK 271+500","_voie":"LGV2"},"geometry":{"type":"Point","coordinates":[-0.2979716029999995,45.14264583]}},{"id":"127254","type":"Feature","properties":{"_pk_label":"PK 271+600","_voie":"LGV2"},"geometry":{"type":"Point","coordinates":[-0.29886139999999906,45.14200272]}},{"id":"127274","type":"Feature","properties":{"_pk_label":"PK 271+700","_voie":"LGV2"},"geometry":{"type":"Point","coordinates":[-0.29976559199999947,45.14136976999999]}},{"id":"127294","type":"Feature","properties":{"_pk_label":"PK 271+800","_voie":"LGV2"},"geometry":{"type":"Point","coordinates":[-0.30068397499999927,45.140747129999994]}},{"id":"127314","type":"Feature","properties":{"_pk_label":"PK 271+900","_voie":"LGV2"},"geometry":{"type":"Point","coordinates":[-0.301616275,45.14013495999998]}},{"id":"127354","type":"Feature","properties":{"_pk_label":"PK 272+100","_voie":"LGV2"},"geometry":{"type":"Point","coordinates":[-0.3035217610000002,45.13894264000001]}},{"id":"127374","type":"Feature","properties":{"_pk_label":"PK 272+200","_voie":"LGV2"},"geometry":{"type":"Point","coordinates":[-0.30449443299999907,45.13836281]}},{"id":"127394","type":"Feature","properties":{"_pk_label":"PK 272+300","_voie":"LGV2"},"geometry":{"type":"Point","coordinates":[-0.305480077999999,45.13779406]}},{"id":"127414","type":"Feature","properties":{"_pk_label":"PK 272+400","_voie":"LGV2"},"geometry":{"type":"Point","coordinates":[-0.3064784249999995,45.13723653000002]}},{"id":"127434","type":"Feature","properties":{"_pk_label":"PK 272+500","_voie":"LGV2"},"geometry":{"type":"Point","coordinates":[-0.30748924399999966,45.13669037000001]}},{"id":"127454","type":"Feature","properties":{"_pk_label":"PK 272+600","_voie":"LGV2"},"geometry":{"type":"Point","coordinates":[-0.3085122469999999,45.13615572]}},{"id":"127474","type":"Feature","properties":{"_pk_label":"PK 272+700","_voie":"LGV2"},"geometry":{"type":"Point","coordinates":[-0.3095471890000005,45.13563271000001]}},{"id":"127494","type":"Feature","properties":{"_pk_label":"PK 272+800","_voie":"LGV2"},"geometry":{"type":"Point","coordinates":[-0.3105937969999998,45.13512148000001]}},{"id":"127514","type":"Feature","properties":{"_pk_label":"PK 272+900","_voie":"LGV2"},"geometry":{"type":"Point","coordinates":[-0.31165181399999947,45.13462213999999]}},{"id":"127554","type":"Feature","properties":{"_pk_label":"PK 273+100","_voie":"LGV2"},"geometry":{"type":"Point","coordinates":[-0.3138009080000001,45.13365975000001]}},{"id":"127555","type":"Feature","properties":{"_pk_label":"PK 273+100","_voie":"LGV2"},"geometry":{"type":"Point","coordinates":[-0.3138009579999994,45.13365973]}},{"id":"127575","type":"Feature","properties":{"_pk_label":"PK 273+200","_voie":"LGV2"},"geometry":{"type":"Point","coordinates":[-0.3148911080000008,45.13319625000001]}},{"id":"127595","type":"Feature","properties":{"_pk_label":"PK 273+300","_voie":"LGV2"},"geometry":{"type":"Point","coordinates":[-0.3159886970000002,45.132741490000015]}},{"id":"127615","type":"Feature","properties":{"_pk_label":"PK 273+400","_voie":"LGV2"},"geometry":{"type":"Point","coordinates":[-0.3170906609999995,45.13229187000002]}},{"id":"127635","type":"Feature","properties":{"_pk_label":"PK 273+500","_voie":"LGV2"},"geometry":{"type":"Point","coordinates":[-0.3181940529999985,45.131843869999976]}},{"id":"127655","type":"Feature","properties":{"_pk_label":"PK 273+600","_voie":"LGV2"},"geometry":{"type":"Point","coordinates":[-0.3192974809999994,45.13139590000002]}},{"id":"127675","type":"Feature","properties":{"_pk_label":"PK 273+700","_voie":"LGV2"},"geometry":{"type":"Point","coordinates":[-0.3204009059999993,45.13094792]}},{"id":"127695","type":"Feature","properties":{"_pk_label":"PK 273+800","_voie":"LGV2"},"geometry":{"type":"Point","coordinates":[-0.3215042970000001,45.130499930000006]}},{"id":"127715","type":"Feature","properties":{"_pk_label":"PK 273+900","_voie":"LGV2"},"geometry":{"type":"Point","coordinates":[-0.3226076719999995,45.130051940000016]}},{"id":"127755","type":"Feature","properties":{"_pk_label":"PK 274+100","_voie":"LGV2"},"geometry":{"type":"Point","coordinates":[-0.3248143829999995,45.129155909999994]}},{"id":"127775","type":"Feature","properties":{"_pk_label":"PK 274+200","_voie":"LGV2"},"geometry":{"type":"Point","coordinates":[-0.32591770599999886,45.12870788]}},{"id":"127795","type":"Feature","properties":{"_pk_label":"PK 274+300","_voie":"LGV2"},"geometry":{"type":"Point","coordinates":[-0.32702101100000003,45.12825982999998]}},{"id":"127815","type":"Feature","properties":{"_pk_label":"PK 274+400","_voie":"LGV2"},"geometry":{"type":"Point","coordinates":[-0.32812431099999867,45.12781177999999]}},{"id":"127835","type":"Feature","properties":{"_pk_label":"PK 274+500","_voie":"LGV2"},"geometry":{"type":"Point","coordinates":[-0.32922748100000027,45.12736355999999]}},{"id":"127855","type":"Feature","properties":{"_pk_label":"PK 274+600","_voie":"LGV2"},"geometry":{"type":"Point","coordinates":[-0.33032887799999944,45.12691299]}},{"id":"127875","type":"Feature","properties":{"_pk_label":"PK 274+700","_voie":"LGV2"},"geometry":{"type":"Point","coordinates":[-0.33142552199999953,45.12645647]}},{"id":"127895","type":"Feature","properties":{"_pk_label":"PK 274+800","_voie":"LGV2"},"geometry":{"type":"Point","coordinates":[-0.3325142779999999,45.12599043999999]}},{"id":"127915","type":"Feature","properties":{"_pk_label":"PK 274+900","_voie":"LGV2"},"geometry":{"type":"Point","coordinates":[-0.33359266099999973,45.12551242000002]}},{"id":"127955","type":"Feature","properties":{"_pk_label":"PK 275+100","_voie":"LGV2"},"geometry":{"type":"Point","coordinates":[-0.33571626899999957,45.12452001999999]}},{"id":"127975","type":"Feature","properties":{"_pk_label":"PK 275+200","_voie":"LGV2"},"geometry":{"type":"Point","coordinates":[-0.33676095000000006,45.12400590000001]}},{"id":"127995","type":"Feature","properties":{"_pk_label":"PK 275+300","_voie":"LGV2"},"geometry":{"type":"Point","coordinates":[-0.33779386899999925,45.12347998999999]}},{"id":"128015","type":"Feature","properties":{"_pk_label":"PK 275+400","_voie":"LGV2"},"geometry":{"type":"Point","coordinates":[-0.33881473299999965,45.122942439999996]}},{"id":"128035","type":"Feature","properties":{"_pk_label":"PK 275+500","_voie":"LGV2"},"geometry":{"type":"Point","coordinates":[-0.339823319,45.122393399999986]}},{"id":"128055","type":"Feature","properties":{"_pk_label":"PK 275+600","_voie":"LGV2"},"geometry":{"type":"Point","coordinates":[-0.34081933099999895,45.121832989999994]}},{"id":"128075","type":"Feature","properties":{"_pk_label":"PK 275+700","_voie":"LGV2"},"geometry":{"type":"Point","coordinates":[-0.3418025439999992,45.12126136]}},{"id":"128095","type":"Feature","properties":{"_pk_label":"PK 275+800","_voie":"LGV2"},"geometry":{"type":"Point","coordinates":[-0.3427726779999994,45.120678659999996]}},{"id":"128115","type":"Feature","properties":{"_pk_label":"PK 275+900","_voie":"LGV2"},"geometry":{"type":"Point","coordinates":[-0.3437295109999986,45.12008503]}},{"id":"128155","type":"Feature","properties":{"_pk_label":"PK 276+100","_voie":"LGV2"},"geometry":{"type":"Point","coordinates":[-0.3456022559999998,45.11886563]}},{"id":"128175","type":"Feature","properties":{"_pk_label":"PK 276+200","_voie":"LGV2"},"geometry":{"type":"Point","coordinates":[-0.34651768900000013,45.11824016]}},{"id":"128195","type":"Feature","properties":{"_pk_label":"PK 276+300","_voie":"LGV2"},"geometry":{"type":"Point","coordinates":[-0.3474188529999998,45.11760439000001]}},{"id":"128215","type":"Feature","properties":{"_pk_label":"PK 276+400","_voie":"LGV2"},"geometry":{"type":"Point","coordinates":[-0.34830551399999926,45.116958489999995]}},{"id":"128235","type":"Feature","properties":{"_pk_label":"PK 276+500","_voie":"LGV2"},"geometry":{"type":"Point","coordinates":[-0.349177444,45.11630262999999]}},{"id":"128255","type":"Feature","properties":{"_pk_label":"PK 276+600","_voie":"LGV2"},"geometry":{"type":"Point","coordinates":[-0.35003441899999943,45.115636959999996]}},{"id":"128275","type":"Feature","properties":{"_pk_label":"PK 276+700","_voie":"LGV2"},"geometry":{"type":"Point","coordinates":[-0.35087623899999876,45.114961669999985]}},{"id":"128295","type":"Feature","properties":{"_pk_label":"PK 276+800","_voie":"LGV2"},"geometry":{"type":"Point","coordinates":[-0.3517026560000004,45.11427692000001]}},{"id":"128315","type":"Feature","properties":{"_pk_label":"PK 276+900","_voie":"LGV2"},"geometry":{"type":"Point","coordinates":[-0.3525134750000006,45.11358288]}},{"id":"128355","type":"Feature","properties":{"_pk_label":"PK 277+100","_voie":"LGV2"},"geometry":{"type":"Point","coordinates":[-0.35408749400000017,45.11216770000001]}},{"id":"128375","type":"Feature","properties":{"_pk_label":"PK 277+200","_voie":"LGV2"},"geometry":{"type":"Point","coordinates":[-0.35485029700000004,45.11144689999999]}},{"id":"128395","type":"Feature","properties":{"_pk_label":"PK 277+300","_voie":"LGV2"},"geometry":{"type":"Point","coordinates":[-0.3555966830000001,45.11071755]}},{"id":"128415","type":"Feature","properties":{"_pk_label":"PK 277+400","_voie":"LGV2"},"geometry":{"type":"Point","coordinates":[-0.35632648599999983,45.109979839999994]}},{"id":"128435","type":"Feature","properties":{"_pk_label":"PK 277+500","_voie":"LGV2"},"geometry":{"type":"Point","coordinates":[-0.3570395139999991,45.10923393999998]}},{"id":"128455","type":"Feature","properties":{"_pk_label":"PK 277+600","_voie":"LGV2"},"geometry":{"type":"Point","coordinates":[-0.35773556099999987,45.108480060000005]}},{"id":"128475","type":"Feature","properties":{"_pk_label":"PK 277+700","_voie":"LGV2"},"geometry":{"type":"Point","coordinates":[-0.3584144749999994,45.10771839]}},{"id":"128495","type":"Feature","properties":{"_pk_label":"PK 277+800","_voie":"LGV2"},"geometry":{"type":"Point","coordinates":[-0.3590760780000002,45.10694911]}},{"id":"128515","type":"Feature","properties":{"_pk_label":"PK 277+900","_voie":"LGV2"},"geometry":{"type":"Point","coordinates":[-0.3597202059999996,45.10617244]}},{"id":"128555","type":"Feature","properties":{"_pk_label":"PK 278+100","_voie":"LGV2"},"geometry":{"type":"Point","coordinates":[-0.3609561189999996,45.10459804]}},{"id":"128575","type":"Feature","properties":{"_pk_label":"PK 278+200","_voie":"LGV2"},"geometry":{"type":"Point","coordinates":[-0.3615526829999997,45.103802700000024]}},{"id":"128595","type":"Feature","properties":{"_pk_label":"PK 278+300","_voie":"LGV2"},"geometry":{"type":"Point","coordinates":[-0.36214155799999914,45.10300461]}},{"id":"128616","type":"Feature","properties":{"_pk_label":"PK 278+400","_voie":"LGV2"},"geometry":{"type":"Point","coordinates":[-0.3627278469999998,45.102205649999995]}},{"id":"128636","type":"Feature","properties":{"_pk_label":"PK 278+500","_voie":"LGV2"},"geometry":{"type":"Point","coordinates":[-0.36331402499999943,45.101406669999996]}},{"id":"128656","type":"Feature","properties":{"_pk_label":"PK 278+600","_voie":"LGV2"},"geometry":{"type":"Point","coordinates":[-0.363900189,45.10060767999998]}},{"id":"128676","type":"Feature","properties":{"_pk_label":"PK 278+700","_voie":"LGV2"},"geometry":{"type":"Point","coordinates":[-0.3644863469999998,45.09980869]}},{"id":"128696","type":"Feature","properties":{"_pk_label":"PK 278+800","_voie":"LGV2"},"geometry":{"type":"Point","coordinates":[-0.3650724779999991,45.09900969999998]}},{"id":"128716","type":"Feature","properties":{"_pk_label":"PK 278+900","_voie":"LGV2"},"geometry":{"type":"Point","coordinates":[-0.36565858899999976,45.09821070999999]}},{"id":"128756","type":"Feature","properties":{"_pk_label":"PK 279+100","_voie":"LGV2"},"geometry":{"type":"Point","coordinates":[-0.36683076400000003,45.096612709999995]}},{"id":"128776","type":"Feature","properties":{"_pk_label":"PK 279+200","_voie":"LGV2"},"geometry":{"type":"Point","coordinates":[-0.36741682799999914,45.095813709999995]}},{"id":"128796","type":"Feature","properties":{"_pk_label":"PK 279+300","_voie":"LGV2"},"geometry":{"type":"Point","coordinates":[-0.3680029499999995,45.09501474]}},{"id":"128816","type":"Feature","properties":{"_pk_label":"PK 279+400","_voie":"LGV2"},"geometry":{"type":"Point","coordinates":[-0.3685913030000005,45.09421667000001]}},{"id":"128836","type":"Feature","properties":{"_pk_label":"PK 279+500","_voie":"LGV2"},"geometry":{"type":"Point","coordinates":[-0.36918407499999945,45.09342026]}},{"id":"128856","type":"Feature","properties":{"_pk_label":"PK 279+600","_voie":"LGV2"},"geometry":{"type":"Point","coordinates":[-0.3697813330000005,45.09262553]}},{"id":"128876","type":"Feature","properties":{"_pk_label":"PK 279+700","_voie":"LGV2"},"geometry":{"type":"Point","coordinates":[-0.3703830419999991,45.09183249000001]}},{"id":"128896","type":"Feature","properties":{"_pk_label":"PK 279+800","_voie":"LGV2"},"geometry":{"type":"Point","coordinates":[-0.3709892109999994,45.091041159999996]}},{"id":"128916","type":"Feature","properties":{"_pk_label":"PK 279+900","_voie":"LGV2"},"geometry":{"type":"Point","coordinates":[-0.3715998329999992,45.090251560000006]}},{"id":"128956","type":"Feature","properties":{"_pk_label":"PK 280+100","_voie":"LGV2"},"geometry":{"type":"Point","coordinates":[-0.3728343689999998,45.08867756]}},{"id":"128976","type":"Feature","properties":{"_pk_label":"PK 280+200","_voie":"LGV2"},"geometry":{"type":"Point","coordinates":[-0.3734582689999999,45.087893189999996]}},{"id":"128996","type":"Feature","properties":{"_pk_label":"PK 280+300","_voie":"LGV2"},"geometry":{"type":"Point","coordinates":[-0.37408657499999964,45.087110589999995]}},{"id":"129016","type":"Feature","properties":{"_pk_label":"PK 280+400","_voie":"LGV2"},"geometry":{"type":"Point","coordinates":[-0.37471928099999985,45.08632977]}},{"id":"129036","type":"Feature","properties":{"_pk_label":"PK 280+500","_voie":"LGV2"},"geometry":{"type":"Point","coordinates":[-0.375356363999999,45.08555075000001]}},{"id":"129056","type":"Feature","properties":{"_pk_label":"PK 280+600","_voie":"LGV2"},"geometry":{"type":"Point","coordinates":[-0.3759978279999999,45.08477354000001]}},{"id":"129076","type":"Feature","properties":{"_pk_label":"PK 280+700","_voie":"LGV2"},"geometry":{"type":"Point","coordinates":[-0.3766436579999993,45.08399815]}},{"id":"129096","type":"Feature","properties":{"_pk_label":"PK 280+800","_voie":"LGV2"},"geometry":{"type":"Point","coordinates":[-0.3772938310000002,45.0832246]}},{"id":"129116","type":"Feature","properties":{"_pk_label":"PK 280+900","_voie":"LGV2"},"geometry":{"type":"Point","coordinates":[-0.37794835599999976,45.08245288]}},{"id":"129156","type":"Feature","properties":{"_pk_label":"PK 281+100","_voie":"LGV2"},"geometry":{"type":"Point","coordinates":[-0.37927040299999926,45.080915030000014]}},{"id":"129176","type":"Feature","properties":{"_pk_label":"PK 281+200","_voie":"LGV2"},"geometry":{"type":"Point","coordinates":[-0.37993790800000043,45.08014893]}},{"id":"129196","type":"Feature","properties":{"_pk_label":"PK 281+300","_voie":"LGV2"},"geometry":{"type":"Point","coordinates":[-0.380609697,45.07938471999999]}},{"id":"129216","type":"Feature","properties":{"_pk_label":"PK 281+400","_voie":"LGV2"},"geometry":{"type":"Point","coordinates":[-0.3812857939999998,45.078622420000016]}},{"id":"129236","type":"Feature","properties":{"_pk_label":"PK 281+500","_voie":"LGV2"},"geometry":{"type":"Point","coordinates":[-0.3819656610000001,45.07786176]}},{"id":"129237","type":"Feature","properties":{"_pk_label":"PK 281+500","_voie":"LGV2"},"geometry":{"type":"Point","coordinates":[-0.38196618299999985,45.07786116999998]}},{"id":"129257","type":"Feature","properties":{"_pk_label":"PK 281+600","_voie":"LGV2"},"geometry":{"type":"Point","coordinates":[-0.38264638099999987,45.07710142999998]}},{"id":"129277","type":"Feature","properties":{"_pk_label":"PK 281+700","_voie":"LGV2"},"geometry":{"type":"Point","coordinates":[-0.3833270689999993,45.076341109999994]}},{"id":"129297","type":"Feature","properties":{"_pk_label":"PK 281+800","_voie":"LGV2"},"geometry":{"type":"Point","coordinates":[-0.3840077529999995,45.07558078]}},{"id":"129317","type":"Feature","properties":{"_pk_label":"PK 281+900","_voie":"LGV2"},"geometry":{"type":"Point","coordinates":[-0.3846884169999992,45.07482044]}},{"id":"129357","type":"Feature","properties":{"_pk_label":"PK 282+100","_voie":"LGV2"},"geometry":{"type":"Point","coordinates":[-0.3860466779999994,45.07329828000001]}},{"id":"129377","type":"Feature","properties":{"_pk_label":"PK 282+200","_voie":"LGV2"},"geometry":{"type":"Point","coordinates":[-0.3867165169999996,45.07253291999999]}},{"id":"129397","type":"Feature","properties":{"_pk_label":"PK 282+300","_voie":"LGV2"},"geometry":{"type":"Point","coordinates":[-0.38737313599999906,45.07176172]}},{"id":"129417","type":"Feature","properties":{"_pk_label":"PK 282+400","_voie":"LGV2"},"geometry":{"type":"Point","coordinates":[-0.38801205300000047,45.07098303999999]}},{"id":"129437","type":"Feature","properties":{"_pk_label":"PK 282+500","_voie":"LGV2"},"geometry":{"type":"Point","coordinates":[-0.38863223099999933,45.07019679999999]}},{"id":"129457","type":"Feature","properties":{"_pk_label":"PK 282+600","_voie":"LGV2"},"geometry":{"type":"Point","coordinates":[-0.38923350599999984,45.06940322999999]}},{"id":"129477","type":"Feature","properties":{"_pk_label":"PK 282+700","_voie":"LGV2"},"geometry":{"type":"Point","coordinates":[-0.38981568899999963,45.06860253999999]}},{"id":"129497","type":"Feature","properties":{"_pk_label":"PK 282+800","_voie":"LGV2"},"geometry":{"type":"Point","coordinates":[-0.39037861699999954,45.06779495999999]}},{"id":"129517","type":"Feature","properties":{"_pk_label":"PK 282+900","_voie":"LGV2"},"geometry":{"type":"Point","coordinates":[-0.39092216399999885,45.06698076000001]}},{"id":"129557","type":"Feature","properties":{"_pk_label":"PK 283+100","_voie":"LGV2"},"geometry":{"type":"Point","coordinates":[-0.39196082199999965,45.06533683]}},{"id":"129577","type":"Feature","properties":{"_pk_label":"PK 283+200","_voie":"LGV2"},"geometry":{"type":"Point","coordinates":[-0.39246663599999915,45.064510790000014]}},{"id":"129597","type":"Feature","properties":{"_pk_label":"PK 283+300","_voie":"LGV2"},"geometry":{"type":"Point","coordinates":[-0.3929705639999999,45.06368426]}},{"id":"129617","type":"Feature","properties":{"_pk_label":"PK 283+400","_voie":"LGV2"},"geometry":{"type":"Point","coordinates":[-0.39347446099999933,45.062857709999996]}},{"id":"129637","type":"Feature","properties":{"_pk_label":"PK 283+500","_voie":"LGV2"},"geometry":{"type":"Point","coordinates":[-0.3939783440000001,45.06203116999999]}},{"id":"129657","type":"Feature","properties":{"_pk_label":"PK 283+600","_voie":"LGV2"},"geometry":{"type":"Point","coordinates":[-0.3944822109999987,45.06120462]}},{"id":"129677","type":"Feature","properties":{"_pk_label":"PK 283+700","_voie":"LGV2"},"geometry":{"type":"Point","coordinates":[-0.39498606699999966,45.06037806999998]}},{"id":"129697","type":"Feature","properties":{"_pk_label":"PK 283+800","_voie":"LGV2"},"geometry":{"type":"Point","coordinates":[-0.3954898919999997,45.05955151999999]}},{"id":"129717","type":"Feature","properties":{"_pk_label":"PK 283+900","_voie":"LGV2"},"geometry":{"type":"Point","coordinates":[-0.39599371699999963,45.05872496]}},{"id":"129757","type":"Feature","properties":{"_pk_label":"PK 284+100","_voie":"LGV2"},"geometry":{"type":"Point","coordinates":[-0.3970013170000003,45.05707185]}},{"id":"129777","type":"Feature","properties":{"_pk_label":"PK 284+200","_voie":"LGV2"},"geometry":{"type":"Point","coordinates":[-0.3975050969999991,45.05624529]}},{"id":"129797","type":"Feature","properties":{"_pk_label":"PK 284+300","_voie":"LGV2"},"geometry":{"type":"Point","coordinates":[-0.39800884999999925,45.05541873]}},{"id":"129817","type":"Feature","properties":{"_pk_label":"PK 284+400","_voie":"LGV2"},"geometry":{"type":"Point","coordinates":[-0.3985125969999987,45.054592160000006]}},{"id":"129837","type":"Feature","properties":{"_pk_label":"PK 284+500","_voie":"LGV2"},"geometry":{"type":"Point","coordinates":[-0.39901633299999933,45.05376558999998]}},{"id":"129857","type":"Feature","properties":{"_pk_label":"PK 284+600","_voie":"LGV2"},"geometry":{"type":"Point","coordinates":[-0.3995200529999993,45.05293903]}},{"id":"129877","type":"Feature","properties":{"_pk_label":"PK 284+700","_voie":"LGV2"},"geometry":{"type":"Point","coordinates":[-0.4000237559999994,45.052112460000004]}},{"id":"129897","type":"Feature","properties":{"_pk_label":"PK 284+800","_voie":"LGV2"},"geometry":{"type":"Point","coordinates":[-0.4005274329999986,45.05128589]}},{"id":"129917","type":"Feature","properties":{"_pk_label":"PK 284+900","_voie":"LGV2"},"geometry":{"type":"Point","coordinates":[-0.4010311079999994,45.05045930999999]}},{"id":"129957","type":"Feature","properties":{"_pk_label":"PK 285+100","_voie":"LGV2"},"geometry":{"type":"Point","coordinates":[-0.40203841399999884,45.048806159999984]}},{"id":"129977","type":"Feature","properties":{"_pk_label":"PK 285+200","_voie":"LGV2"},"geometry":{"type":"Point","coordinates":[-0.4025420439999997,45.04797958]}},{"id":"129997","type":"Feature","properties":{"_pk_label":"PK 285+300","_voie":"LGV2"},"geometry":{"type":"Point","coordinates":[-0.4030456470000003,45.04715299]}},{"id":"130017","type":"Feature","properties":{"_pk_label":"PK 285+400","_voie":"LGV2"},"geometry":{"type":"Point","coordinates":[-0.403549275,45.04632642]}},{"id":"130037","type":"Feature","properties":{"_pk_label":"PK 285+500","_voie":"LGV2"},"geometry":{"type":"Point","coordinates":[-0.40405473099999956,45.045500479999994]}},{"id":"130057","type":"Feature","properties":{"_pk_label":"PK 285+600","_voie":"LGV2"},"geometry":{"type":"Point","coordinates":[-0.4045666809999999,45.044676649999985]}},{"id":"130077","type":"Feature","properties":{"_pk_label":"PK 285+700","_voie":"LGV2"},"geometry":{"type":"Point","coordinates":[-0.4050867279999997,45.04385536]}},{"id":"130097","type":"Feature","properties":{"_pk_label":"PK 285+800","_voie":"LGV2"},"geometry":{"type":"Point","coordinates":[-0.40561486699999927,45.04303666999999]}},{"id":"130117","type":"Feature","properties":{"_pk_label":"PK 285+900","_voie":"LGV2"},"geometry":{"type":"Point","coordinates":[-0.40615104199999935,45.04222062]}},{"id":"130157","type":"Feature","properties":{"_pk_label":"PK 286+100","_voie":"LGV2"},"geometry":{"type":"Point","coordinates":[-0.4072450219999998,45.040595660000015]}},{"id":"130177","type":"Feature","properties":{"_pk_label":"PK 286+200","_voie":"LGV2"},"geometry":{"type":"Point","coordinates":[-0.4077959889999992,45.03978443]}},{"id":"130197","type":"Feature","properties":{"_pk_label":"PK 286+300","_voie":"LGV2"},"geometry":{"type":"Point","coordinates":[-0.4083469360000001,45.03897319000001]}},{"id":"130217","type":"Feature","properties":{"_pk_label":"PK 286+400","_voie":"LGV2"},"geometry":{"type":"Point","coordinates":[-0.4088978809999994,45.03816195]}},{"id":"130237","type":"Feature","properties":{"_pk_label":"PK 286+500","_voie":"LGV2"},"geometry":{"type":"Point","coordinates":[-0.40944879700000014,45.03735071000002]}},{"id":"130257","type":"Feature","properties":{"_pk_label":"PK 286+600","_voie":"LGV2"},"geometry":{"type":"Point","coordinates":[-0.40999971099999927,45.03653947000001]}},{"id":"130277","type":"Feature","properties":{"_pk_label":"PK 286+700","_voie":"LGV2"},"geometry":{"type":"Point","coordinates":[-0.4105505969999992,45.035728219999996]}},{"id":"130297","type":"Feature","properties":{"_pk_label":"PK 286+800","_voie":"LGV2"},"geometry":{"type":"Point","coordinates":[-0.4111014779999994,45.03491698000001]}},{"id":"130317","type":"Feature","properties":{"_pk_label":"PK 286+900","_voie":"LGV2"},"geometry":{"type":"Point","coordinates":[-0.411652331,45.03410571999999]}},{"id":"130357","type":"Feature","properties":{"_pk_label":"PK 287+100","_voie":"LGV2"},"geometry":{"type":"Point","coordinates":[-0.4127504079999992,45.03248183]}},{"id":"130377","type":"Feature","properties":{"_pk_label":"PK 287+200","_voie":"LGV2"},"geometry":{"type":"Point","coordinates":[-0.41328527200000015,45.0316649]}},{"id":"130397","type":"Feature","properties":{"_pk_label":"PK 287+300","_voie":"LGV2"},"geometry":{"type":"Point","coordinates":[-0.4137982419999986,45.03084078]}},{"id":"130417","type":"Feature","properties":{"_pk_label":"PK 287+400","_voie":"LGV2"},"geometry":{"type":"Point","coordinates":[-0.41428308299999955,45.03000812]}},{"id":"130437","type":"Feature","properties":{"_pk_label":"PK 287+500","_voie":"LGV2"},"geometry":{"type":"Point","coordinates":[-0.4147390329999991,45.02916728]}},{"id":"130457","type":"Feature","properties":{"_pk_label":"PK 287+600","_voie":"LGV2"},"geometry":{"type":"Point","coordinates":[-0.41516580599999986,45.02831878]}},{"id":"130477","type":"Feature","properties":{"_pk_label":"PK 287+700","_voie":"LGV2"},"geometry":{"type":"Point","coordinates":[-0.415563142000001,45.02746313000001]}},{"id":"130497","type":"Feature","properties":{"_pk_label":"PK 287+800","_voie":"LGV2"},"geometry":{"type":"Point","coordinates":[-0.41593082799999964,45.02660083]}},{"id":"130517","type":"Feature","properties":{"_pk_label":"PK 287+900","_voie":"LGV2"},"geometry":{"type":"Point","coordinates":[-0.4162686220000003,45.025732409999996]}},{"id":"130557","type":"Feature","properties":{"_pk_label":"PK 288+100","_voie":"LGV2"},"geometry":{"type":"Point","coordinates":[-0.41685381099999913,45.02397929999999]}},{"id":"130577","type":"Feature","properties":{"_pk_label":"PK 288+200","_voie":"LGV2"},"geometry":{"type":"Point","coordinates":[-0.41710483899999967,45.023096369999976]}},{"id":"130597","type":"Feature","properties":{"_pk_label":"PK 288+300","_voie":"LGV2"},"geometry":{"type":"Point","coordinates":[-0.41733981900000006,45.022211369999994]}},{"id":"130617","type":"Feature","properties":{"_pk_label":"PK 288+400","_voie":"LGV2"},"geometry":{"type":"Point","coordinates":[-0.41756952499999983,45.02132583]}},{"id":"130637","type":"Feature","properties":{"_pk_label":"PK 288+500","_voie":"LGV2"},"geometry":{"type":"Point","coordinates":[-0.41779905799999933,45.02044029000003]}},{"id":"130657","type":"Feature","properties":{"_pk_label":"PK 288+600","_voie":"LGV2"},"geometry":{"type":"Point","coordinates":[-0.4180285969999996,45.01955475000001]}},{"id":"130677","type":"Feature","properties":{"_pk_label":"PK 288+700","_voie":"LGV2"},"geometry":{"type":"Point","coordinates":[-0.4182581170000003,45.01866921]}},{"id":"130697","type":"Feature","properties":{"_pk_label":"PK 288+800","_voie":"LGV2"},"geometry":{"type":"Point","coordinates":[-0.418487642,45.01778366999998]}},{"id":"130717","type":"Feature","properties":{"_pk_label":"PK 288+900","_voie":"LGV2"},"geometry":{"type":"Point","coordinates":[-0.41871717199999936,45.01689812000001]}},{"id":"130757","type":"Feature","properties":{"_pk_label":"PK 289+100","_voie":"LGV2"},"geometry":{"type":"Point","coordinates":[-0.41919486099999936,45.01512995000001]}},{"id":"130777","type":"Feature","properties":{"_pk_label":"PK 289+200","_voie":"LGV2"},"geometry":{"type":"Point","coordinates":[-0.419462475,45.01425026]}},{"id":"130797","type":"Feature","properties":{"_pk_label":"PK 289+300","_voie":"LGV2"},"geometry":{"type":"Point","coordinates":[-0.4197595860000002,45.013375399999994]}},{"id":"130817","type":"Feature","properties":{"_pk_label":"PK 289+400","_voie":"LGV2"},"geometry":{"type":"Point","coordinates":[-0.4200867720000001,45.01250594000001]}},{"id":"130837","type":"Feature","properties":{"_pk_label":"PK 289+500","_voie":"LGV2"},"geometry":{"type":"Point","coordinates":[-0.4204438639999999,45.011642429999995]}},{"id":"130857","type":"Feature","properties":{"_pk_label":"PK 289+600","_voie":"LGV2"},"geometry":{"type":"Point","coordinates":[-0.42083063600000015,45.010785380000016]}},{"id":"130878","type":"Feature","properties":{"_pk_label":"PK 289+700","_voie":"LGV2"},"geometry":{"type":"Point","coordinates":[-0.4212458690000005,45.009935]}},{"id":"130898","type":"Feature","properties":{"_pk_label":"PK 289+800","_voie":"LGV2"},"geometry":{"type":"Point","coordinates":[-0.42168208599999984,45.00908973999999]}},{"id":"130918","type":"Feature","properties":{"_pk_label":"PK 289+900","_voie":"LGV2"},"geometry":{"type":"Point","coordinates":[-0.42212951399999904,45.00824728]}},{"id":"130959","type":"Feature","properties":{"_pk_label":"PK 290+100","_voie":"LGV2"},"geometry":{"type":"Point","coordinates":[-0.42301916900000014,45.006560470000004]}},{"id":"130979","type":"Feature","properties":{"_pk_label":"PK 290+200","_voie":"LGV2"},"geometry":{"type":"Point","coordinates":[-0.42344188600000016,45.00571114]}},{"id":"131000","type":"Feature","properties":{"_pk_label":"PK 290+300","_voie":"LGV2"},"geometry":{"type":"Point","coordinates":[-0.42383767199999883,45.0048552]}},{"id":"131020","type":"Feature","properties":{"_pk_label":"PK 290+400","_voie":"LGV2"},"geometry":{"type":"Point","coordinates":[-0.4242037859999997,45.00399264]}},{"id":"131040","type":"Feature","properties":{"_pk_label":"PK 290+500","_voie":"LGV2"},"geometry":{"type":"Point","coordinates":[-0.42454003100000004,45.003123989999985]}},{"id":"131060","type":"Feature","properties":{"_pk_label":"PK 290+600","_voie":"LGV2"},"geometry":{"type":"Point","coordinates":[-0.42484619999999884,45.002249739999996]}},{"id":"131080","type":"Feature","properties":{"_pk_label":"PK 290+700","_voie":"LGV2"},"geometry":{"type":"Point","coordinates":[-0.42512209700000003,45.001370449999996]}},{"id":"131100","type":"Feature","properties":{"_pk_label":"PK 290+800","_voie":"LGV2"},"geometry":{"type":"Point","coordinates":[-0.4253675669999983,45.000486629999976]}},{"id":"131120","type":"Feature","properties":{"_pk_label":"PK 290+900","_voie":"LGV2"},"geometry":{"type":"Point","coordinates":[-0.4255824639999996,44.99959882]}},{"id":"131160","type":"Feature","properties":{"_pk_label":"PK 291+100","_voie":"LGV2"},"geometry":{"type":"Point","coordinates":[-0.42592004999999944,44.99781332000001]}},{"id":"131180","type":"Feature","properties":{"_pk_label":"PK 291+200","_voie":"LGV2"},"geometry":{"type":"Point","coordinates":[-0.42604254399999925,44.99691671000001]}},{"id":"131200","type":"Feature","properties":{"_pk_label":"PK 291+300","_voie":"LGV2"},"geometry":{"type":"Point","coordinates":[-0.4261341060000004,44.996018240000005]}},{"id":"131220","type":"Feature","properties":{"_pk_label":"PK 291+400","_voie":"LGV2"},"geometry":{"type":"Point","coordinates":[-0.4261983779999997,44.99511869]}},{"id":"131240","type":"Feature","properties":{"_pk_label":"PK 291+500","_voie":"LGV2"},"geometry":{"type":"Point","coordinates":[-0.42624512499999995,44.99421875000001]}},{"id":"131260","type":"Feature","properties":{"_pk_label":"PK 291+600","_voie":"LGV2"},"geometry":{"type":"Point","coordinates":[-0.42628462799999844,44.99331877999999]}},{"id":"131280","type":"Feature","properties":{"_pk_label":"PK 291+700","_voie":"LGV2"},"geometry":{"type":"Point","coordinates":[-0.4263235579999997,44.992418830000005]}},{"id":"131300","type":"Feature","properties":{"_pk_label":"PK 291+800","_voie":"LGV2"},"geometry":{"type":"Point","coordinates":[-0.426362474999999,44.99151888]}},{"id":"131320","type":"Feature","properties":{"_pk_label":"PK 291+900","_voie":"LGV2"},"geometry":{"type":"Point","coordinates":[-0.4264014809999993,44.99061893]}},{"id":"131360","type":"Feature","properties":{"_pk_label":"PK 292+100","_voie":"LGV2"},"geometry":{"type":"Point","coordinates":[-0.42650187499999975,44.98882005999999]}},{"id":"131380","type":"Feature","properties":{"_pk_label":"PK 292+200","_voie":"LGV2"},"geometry":{"type":"Point","coordinates":[-0.42658338300000026,44.98792201]}},{"id":"131400","type":"Feature","properties":{"_pk_label":"PK 292+300","_voie":"LGV2"},"geometry":{"type":"Point","coordinates":[-0.42669538099999943,44.98702563999999]}},{"id":"131420","type":"Feature","properties":{"_pk_label":"PK 292+400","_voie":"LGV2"},"geometry":{"type":"Point","coordinates":[-0.42683825799999936,44.98613148999999]}},{"id":"131440","type":"Feature","properties":{"_pk_label":"PK 292+500","_voie":"LGV2"},"geometry":{"type":"Point","coordinates":[-0.4270119249999991,44.985240080000004]}},{"id":"131460","type":"Feature","properties":{"_pk_label":"PK 292+600","_voie":"LGV2"},"geometry":{"type":"Point","coordinates":[-0.42721629399999944,44.98435195999999]}},{"id":"131480","type":"Feature","properties":{"_pk_label":"PK 292+700","_voie":"LGV2"},"geometry":{"type":"Point","coordinates":[-0.4274512109999992,44.983467649999994]}},{"id":"131500","type":"Feature","properties":{"_pk_label":"PK 292+800","_voie":"LGV2"},"geometry":{"type":"Point","coordinates":[-0.4277165609999987,44.982587689999995]}},{"id":"131520","type":"Feature","properties":{"_pk_label":"PK 292+900","_voie":"LGV2"},"geometry":{"type":"Point","coordinates":[-0.428012167,44.981712609999995]}},{"id":"131560","type":"Feature","properties":{"_pk_label":"PK 293+100","_voie":"LGV2"},"geometry":{"type":"Point","coordinates":[-0.428693427999999,44.97997914000001]}},{"id":"131580","type":"Feature","properties":{"_pk_label":"PK 293+200","_voie":"LGV2"},"geometry":{"type":"Point","coordinates":[-0.4290786689999999,44.979121799999994]}},{"id":"131600","type":"Feature","properties":{"_pk_label":"PK 293+300","_voie":"LGV2"},"geometry":{"type":"Point","coordinates":[-0.4294933529999995,44.97827141]}},{"id":"131620","type":"Feature","properties":{"_pk_label":"PK 293+400","_voie":"LGV2"},"geometry":{"type":"Point","coordinates":[-0.4299372279999998,44.97742848000001]}},{"id":"131640","type":"Feature","properties":{"_pk_label":"PK 293+500","_voie":"LGV2"},"geometry":{"type":"Point","coordinates":[-0.4304100330000003,44.976593509999994]}},{"id":"131660","type":"Feature","properties":{"_pk_label":"PK 293+600","_voie":"LGV2"},"geometry":{"type":"Point","coordinates":[-0.4309108919999991,44.97576677999999]}},{"id":"131680","type":"Feature","properties":{"_pk_label":"PK 293+700","_voie":"LGV2"},"geometry":{"type":"Point","coordinates":[-0.43143334399999916,44.97494663000001]}},{"id":"131700","type":"Feature","properties":{"_pk_label":"PK 293+800","_voie":"LGV2"},"geometry":{"type":"Point","coordinates":[-0.4319678939999996,44.97413024]}},{"id":"131720","type":"Feature","properties":{"_pk_label":"PK 293+900","_voie":"LGV2"},"geometry":{"type":"Point","coordinates":[-0.4325056749999994,44.97331480999999]}},{"id":"131760","type":"Feature","properties":{"_pk_label":"PK 294+100","_voie":"LGV2"},"geometry":{"type":"Point","coordinates":[-0.43358126399999936,44.97168393999999]}},{"id":"131780","type":"Feature","properties":{"_pk_label":"PK 294+200","_voie":"LGV2"},"geometry":{"type":"Point","coordinates":[-0.4341190359999991,44.97086851000002]}},{"id":"131800","type":"Feature","properties":{"_pk_label":"PK 294+300","_voie":"LGV2"},"geometry":{"type":"Point","coordinates":[-0.43465679399999907,44.97005307]}},{"id":"131821","type":"Feature","properties":{"_pk_label":"PK 294+400","_voie":"LGV2"},"geometry":{"type":"Point","coordinates":[-0.43519524999999953,44.96923793]}},{"id":"131841","type":"Feature","properties":{"_pk_label":"PK 294+500","_voie":"LGV2"},"geometry":{"type":"Point","coordinates":[-0.4357412329999996,44.96842547999999]}},{"id":"131861","type":"Feature","properties":{"_pk_label":"PK 294+600","_voie":"LGV2"},"geometry":{"type":"Point","coordinates":[-0.4363045139999993,44.96761918999999]}},{"id":"131882","type":"Feature","properties":{"_pk_label":"PK 294+700","_voie":"LGV2"},"geometry":{"type":"Point","coordinates":[-0.43689341399999865,44.966822279999995]}},{"id":"131902","type":"Feature","properties":{"_pk_label":"PK 294+800","_voie":"LGV2"},"geometry":{"type":"Point","coordinates":[-0.43750958599999845,44.966035839999996]}},{"id":"131922","type":"Feature","properties":{"_pk_label":"PK 294+900","_voie":"LGV2"},"geometry":{"type":"Point","coordinates":[-0.43815266400000014,44.965260340000015]}},{"id":"131962","type":"Feature","properties":{"_pk_label":"PK 295+100","_voie":"LGV2"},"geometry":{"type":"Point","coordinates":[-0.43951801699999976,44.963744009999985]}},{"id":"131982","type":"Feature","properties":{"_pk_label":"PK 295+200","_voie":"LGV2"},"geometry":{"type":"Point","coordinates":[-0.4402394669999991,44.96300409]}},{"id":"132002","type":"Feature","properties":{"_pk_label":"PK 295+300","_voie":"LGV2"},"geometry":{"type":"Point","coordinates":[-0.4409861939999999,44.962276930000016]}},{"id":"132022","type":"Feature","properties":{"_pk_label":"PK 295+400","_voie":"LGV2"},"geometry":{"type":"Point","coordinates":[-0.44175716099999973,44.96156256000001]}},{"id":"132042","type":"Feature","properties":{"_pk_label":"PK 295+500","_voie":"LGV2"},"geometry":{"type":"Point","coordinates":[-0.44254639999999984,44.96085814000001]}},{"id":"132062","type":"Feature","properties":{"_pk_label":"PK 295+600","_voie":"LGV2"},"geometry":{"type":"Point","coordinates":[-0.4433456579999997,44.960159239999996]}},{"id":"132082","type":"Feature","properties":{"_pk_label":"PK 295+700","_voie":"LGV2"},"geometry":{"type":"Point","coordinates":[-0.44414744199999995,44.959461690000005]}},{"id":"132102","type":"Feature","properties":{"_pk_label":"PK 295+800","_voie":"LGV2"},"geometry":{"type":"Point","coordinates":[-0.4449492309999987,44.958764139999985]}},{"id":"132122","type":"Feature","properties":{"_pk_label":"PK 295+900","_voie":"LGV2"},"geometry":{"type":"Point","coordinates":[-0.445750997,44.95806657000001]}},{"id":"132162","type":"Feature","properties":{"_pk_label":"PK 296+100","_voie":"LGV2"},"geometry":{"type":"Point","coordinates":[-0.4473544749999993,44.95667143000001]}},{"id":"132182","type":"Feature","properties":{"_pk_label":"PK 296+200","_voie":"LGV2"},"geometry":{"type":"Point","coordinates":[-0.44815618600000034,44.95597385000001]}},{"id":"132202","type":"Feature","properties":{"_pk_label":"PK 296+300","_voie":"LGV2"},"geometry":{"type":"Point","coordinates":[-0.44895787199999954,44.95527625]}},{"id":"132222","type":"Feature","properties":{"_pk_label":"PK 296+400","_voie":"LGV2"},"geometry":{"type":"Point","coordinates":[-0.4497595420000001,44.954578659999996]}},{"id":"132242","type":"Feature","properties":{"_pk_label":"PK 296+500","_voie":"LGV2"},"geometry":{"type":"Point","coordinates":[-0.45056119200000017,44.953881069999994]}},{"id":"132262","type":"Feature","properties":{"_pk_label":"PK 296+600","_voie":"LGV2"},"geometry":{"type":"Point","coordinates":[-0.45136281899999914,44.95318347]}},{"id":"132282","type":"Feature","properties":{"_pk_label":"PK 296+700","_voie":"LGV2"},"geometry":{"type":"Point","coordinates":[-0.45216443099999815,44.952485859999996]}},{"id":"132302","type":"Feature","properties":{"_pk_label":"PK 296+800","_voie":"LGV2"},"geometry":{"type":"Point","coordinates":[-0.45296601899999944,44.951788240000006]}},{"id":"132322","type":"Feature","properties":{"_pk_label":"PK 296+900","_voie":"LGV2"},"geometry":{"type":"Point","coordinates":[-0.4537675889999998,44.95109062000001]}},{"id":"132362","type":"Feature","properties":{"_pk_label":"PK 297+100","_voie":"LGV2"},"geometry":{"type":"Point","coordinates":[-0.4553706670000002,44.949695359999986]}},{"id":"132382","type":"Feature","properties":{"_pk_label":"PK 297+200","_voie":"LGV2"},"geometry":{"type":"Point","coordinates":[-0.4561721749999998,44.948997729999995]}},{"id":"132402","type":"Feature","properties":{"_pk_label":"PK 297+300","_voie":"LGV2"},"geometry":{"type":"Point","coordinates":[-0.45697367800000005,44.94830008]}},{"id":"132422","type":"Feature","properties":{"_pk_label":"PK 297+400","_voie":"LGV2"},"geometry":{"type":"Point","coordinates":[-0.4577751469999984,44.94760243]}},{"id":"132442","type":"Feature","properties":{"_pk_label":"PK 297+500","_voie":"LGV2"},"geometry":{"type":"Point","coordinates":[-0.45857659699999836,44.946904780000004]}},{"id":"132462","type":"Feature","properties":{"_pk_label":"PK 297+600","_voie":"LGV2"},"geometry":{"type":"Point","coordinates":[-0.4593780279999996,44.94620711999999]}},{"id":"132482","type":"Feature","properties":{"_pk_label":"PK 297+700","_voie":"LGV2"},"geometry":{"type":"Point","coordinates":[-0.4601794359999998,44.945509449999996]}},{"id":"132502","type":"Feature","properties":{"_pk_label":"PK 297+800","_voie":"LGV2"},"geometry":{"type":"Point","coordinates":[-0.460980825,44.944811779999995]}},{"id":"132522","type":"Feature","properties":{"_pk_label":"PK 297+900","_voie":"LGV2"},"geometry":{"type":"Point","coordinates":[-0.4617821939999993,44.94411411]}},{"id":"132562","type":"Feature","properties":{"_pk_label":"PK 298+100","_voie":"LGV2"},"geometry":{"type":"Point","coordinates":[-0.46338487500000003,44.94271873999999]}},{"id":"132582","type":"Feature","properties":{"_pk_label":"PK 298+200","_voie":"LGV2"},"geometry":{"type":"Point","coordinates":[-0.4641861860000001,44.942021040000014]}},{"id":"132602","type":"Feature","properties":{"_pk_label":"PK 298+300","_voie":"LGV2"},"geometry":{"type":"Point","coordinates":[-0.4649874749999997,44.94132333999999]}},{"id":"132622","type":"Feature","properties":{"_pk_label":"PK 298+400","_voie":"LGV2"},"geometry":{"type":"Point","coordinates":[-0.4657887439999992,44.94062564]}},{"id":"132642","type":"Feature","properties":{"_pk_label":"PK 298+500","_voie":"LGV2"},"geometry":{"type":"Point","coordinates":[-0.4665899939999987,44.93992793000001]}},{"id":"132662","type":"Feature","properties":{"_pk_label":"PK 298+600","_voie":"LGV2"},"geometry":{"type":"Point","coordinates":[-0.46739122499999947,44.93923020999999]}},{"id":"132682","type":"Feature","properties":{"_pk_label":"PK 298+700","_voie":"LGV2"},"geometry":{"type":"Point","coordinates":[-0.46819303299999937,44.938532939999995]}},{"id":"132702","type":"Feature","properties":{"_pk_label":"PK 298+800","_voie":"LGV2"},"geometry":{"type":"Point","coordinates":[-0.46901676399999925,44.937849820000004]}},{"id":"132722","type":"Feature","properties":{"_pk_label":"PK 298+900","_voie":"LGV2"},"geometry":{"type":"Point","coordinates":[-0.4699028750000002,44.93720834]}},{"id":"132762","type":"Feature","properties":{"_pk_label":"PK 299+100","_voie":"LGV2"},"geometry":{"type":"Point","coordinates":[-0.47187926699999977,44.93608834]}},{"id":"132782","type":"Feature","properties":{"_pk_label":"PK 299+200","_voie":"LGV2"},"geometry":{"type":"Point","coordinates":[-0.4729566169999991,44.93561719]}},{"id":"132802","type":"Feature","properties":{"_pk_label":"PK 299+300","_voie":"LGV2"},"geometry":{"type":"Point","coordinates":[-0.4740841309999991,44.93520950999999]}},{"id":"132822","type":"Feature","properties":{"_pk_label":"PK 299+400","_voie":"LGV2"},"geometry":{"type":"Point","coordinates":[-0.47525247499999973,44.9348637]}},{"id":"132842","type":"Feature","properties":{"_pk_label":"PK 299+500","_voie":"LGV2"},"geometry":{"type":"Point","coordinates":[-0.4764411189999994,44.93455180999999]}},{"id":"132862","type":"Feature","properties":{"_pk_label":"PK 299+600","_voie":"LGV2"},"geometry":{"type":"Point","coordinates":[-0.4776324580000006,44.93424431]}},{"id":"132882","type":"Feature","properties":{"_pk_label":"PK 299+700","_voie":"LGV2"},"geometry":{"type":"Point","coordinates":[-0.4788237829999984,44.93393678999999]}},{"id":"132902","type":"Feature","properties":{"_pk_label":"PK 299+800","_voie":"LGV2"},"geometry":{"type":"Point","coordinates":[-0.4800140769999992,44.933622599999985]}},{"id":"132922","type":"Feature","properties":{"_pk_label":"PK 299+900","_voie":"LGV2"},"geometry":{"type":"Point","coordinates":[-0.4812052670000002,44.93330893]}},{"id":"132962","type":"Feature","properties":{"_pk_label":"PK 300+100","_voie":"LGV2"},"geometry":{"type":"Point","coordinates":[-0.4836302279999992,44.93274640999999]}},{"id":"132982","type":"Feature","properties":{"_pk_label":"PK 300+200","_voie":"LGV2"},"geometry":{"type":"Point","coordinates":[-0.4848448399999992,44.93247271]}},{"id":"133002","type":"Feature","properties":{"_pk_label":"PK 300+300","_voie":"LGV2"},"geometry":{"type":"Point","coordinates":[-0.48605945199999956,44.93219901000001]}},{"id":"133022","type":"Feature","properties":{"_pk_label":"PK 300+400","_voie":"LGV2"},"geometry":{"type":"Point","coordinates":[-0.48727386100000014,44.931926149999995]}},{"id":"133042","type":"Feature","properties":{"_pk_label":"PK 300+500","_voie":"LGV2"},"geometry":{"type":"Point","coordinates":[-0.4884828389999992,44.931653059999995]}},{"id":"133076","type":"Feature","properties":{"_pk_label":"PK 300+700","_voie":"LGV2"},"geometry":{"type":"Point","coordinates":[-0.49083214599999997,44.93094443999999]}},{"id":"133096","type":"Feature","properties":{"_pk_label":"PK 300+800","_voie":"LGV2"},"geometry":{"type":"Point","coordinates":[-0.49196069299999934,44.930550529999984]}}]}